product_id,1.0,2.0,3.0,4.0,5.0
0000657999,,,,83.0,
0326592458,373.0,,,373.0,373.0
0376792108,,,94.0,,94.0
201575900X,,,,4.0,
2546969870,,,,,23.0
2548464326,1.0,,,,
338746598X,,,,,10.0
3652141474,,,,,86.0
4523698562,,,,7.0,
492545644X,,,,,4.0
5258547418,,,3.0,,
5420314207,,,,,4.0
5428763736,,,,,15.0
5442856355,,,,,30.0
5446424018,,,,,5.0
651024781X,,,,101.0,101.0
6663355899,,,,,44.0
6969698556,173.0,,,,173.0
B000052XQO,,,662.0,662.0,662.0
B00006IC2H,,,,,21.0
B00006IZWR,,,,,2.0
B00006RSKR,,,,32.0,
B00006WNLA,7.0,,,,
B00006WNLC,,,,,6.0
B00006WNOV,,,,3.0,
B00006WNQ8,,,,563.0,563.0
B00006WNQU,,,,13.0,
B00007E833,,,,,12.0
B00008WZ1L,,,,,1837.0
B0000B2E8P,,,,,1.0
B0000C6YPD,,,,,361.0
B0000CNR0E,1353.0,1353.0,1353.0,1353.0,1353.0
B0000CNR0J,1353.0,1353.0,1353.0,1353.0,1353.0
B0000CNR1L,1003.0,1003.0,1003.0,1003.0,1003.0
B0000E1VVK,,11.0,,,
B0000YOKSY,,,,68.0,
B0000ZLEGE,,110.0,,,110.0
B0000ZLEGO,,192.0,192.0,,192.0
B0000ZLESM,164.0,,,,164.0
B0000ZLEX2,785.0,785.0,785.0,785.0,785.0
B0000ZLF2W,192.0,,,,192.0
B0000ZLF40,118.0,118.0,,118.0,118.0
B0000ZLF54,66.0,66.0,66.0,,66.0
B00012K8HM,63.0,63.0,,63.0,63.0
B000142Y2M,,,,,4.0
B000146MB6,,,,,51.0
B00017XJZK,,,,,16.0
B000184YF8,,6.0,6.0,,
B0001GZBBQ,,,,,8.0
B0001GZBC0,,,4.0,,
B0001GZBCA,23.0,23.0,,,23.0
B0001GZBCK,,,,21.0,21.0
B0001Q4K0O,,,1444.0,1444.0,1444.0
B0001TREHC,,,,127.0,127.0
B0001U5RHA,,,,,1.0
B000260JPS,158.0,,,158.0,158.0
B000298VV4,,,5.0,,
B00029UZ1S,,5.0,,,
B0002EZWO8,,,,617.0,617.0
B0002KQHF0,,,,,4.0
B0002PVBK6,,,,,2.0
B0002UL3JA,,,,,4.0
B0002YQDY6,,,,,6.0
B0002Z8KKA,,,,,2.0
B0002ZW970,,,,,365.0
B000668118,,,1.0,,
B00066VO3A,,,,,1.0
B0006B0SRI,,,,,3.0
B0006B0VN4,,,494.0,494.0,494.0
B0006B0VNY,1618.0,1618.0,1618.0,1618.0,1618.0
B0006B0W0G,805.0,805.0,805.0,805.0,805.0
B0006B0W1A,,,,,76.0
B0006GC722,,,152.0,,152.0
B0006GQ6NS,,,24.0,,24.0
B0006GT3H4,63.0,,63.0,63.0,63.0
B0006O4P9M,,,,,43.0
B0006OJACO,,,,246.0,246.0
B0006PPZJ0,,,,,3.0
B0006PQ6MU,,,,,89.0
B0006ZSHJU,,,,,30.0
B0007D9RO0,17.0,,,17.0,17.0
B0007NZPMS,,,,6.0,6.0
B00084IBQI,7.0,,7.0,,
B0009ET8MS,,,656.0,656.0,656.0
B0009OAI86,406.0,406.0,,,406.0
B0009OAIU4,713.0,,,,713.0
B000A2CZ60,,,,26.0,26.0
B000AMBF02,,,,39.0,39.0
B000B794HC,,,346.0,,346.0
B000BDEYTE,5422.0,,5422.0,5422.0,5422.0
B000BGTSKQ,,,6.0,,
B000BO55A0,,,,,2.0
B000BPB3E6,5422.0,5422.0,5422.0,5422.0,5422.0
B000BU8HRW,,,,,2.0
B000BYAE9C,,,,554.0,
B000C1Z6VA,2312.0,,,2312.0,2312.0
B000C230XU,,1982.0,,,1982.0
B000C237HO,2074.0,2074.0,2074.0,2074.0,2074.0
B000CBXEVO,20.0,,,,
B000CCOK6Q,5422.0,5422.0,5422.0,5422.0,5422.0
B000CDQDSS,200.0,,,,200.0
B000CSR5RG,,818.0,818.0,818.0,818.0
B000E8OQS0,,,,,4.0
B000EF80WQ,,,,,4.0
B000EPT8XG,,16.0,,,16.0
B000F1MWO6,,,,,2.0
B000F6V8MI,,45.0,45.0,,45.0
B000F98DYG,94.0,,,,94.0
B000FGJOAQ,,17.0,17.0,,17.0
B000FH91IK,,7.0,,7.0,
B000FJR11C,,,,155.0,155.0
B000FMIRLM,,,,,2.0
B000FQOOT2,,,,,484.0
B000FQVJZO,,,,,209.0
B000FRZDDC,,,,,2.0
B000G27RI0,443.0,443.0,443.0,443.0,443.0
B000G625N8,,,,,1.0
B000GACV88,,,,,11.0
B000GBLJA8,,,,,1.0
B000GD5NAS,,15.0,15.0,15.0,15.0
B000GF5Q4E,16.0,16.0,,,
B000GIOCCI,,1739.0,,1739.0,1739.0
B000GK9JRY,2903.0,2903.0,2903.0,2903.0,2903.0
B000GRHSX4,,,,,3.0
B000GZATY6,2.0,,,,2.0
B000H3EPKG,,,137.0,137.0,137.0
B000H3GEOG,137.0,,137.0,137.0,137.0
B000H7OBEM,,6.0,,,
B000HBI1GC,,,,4.0,
B000HBVARY,,,,,10.0
B000HM9H78,818.0,818.0,818.0,818.0,818.0
B000I8K1OE,11.0,,,,11.0
B000IXCB5Q,,,,,2.0
B000J0KMPO,,,,,35.0
B000J2SEUC,,,,8.0,
B000J3FVXY,2.0,,,,
B000JHYBTU,,,94.0,94.0,94.0
B000JL80RU,,97.0,97.0,97.0,97.0
B000JLIIMW,,,,,2.0
B000JWXY8Y,,,,,2.0
B000K5PWBC,,,,,2.0
B000L57E1M,,,,9.0,9.0
B000LNMK4U,,4.0,,,4.0
B000LO8480,,,,,26.0
B000LO9LOQ,,75.0,,75.0,75.0
B000LO9LPK,,49.0,,49.0,49.0
B000LOBP3G,,,,39.0,39.0
B000LOBP40,30.0,30.0,,,
B000LODAI4,,,,,13.0
B000LRH4CO,,,,2089.0,2089.0
B000M36798,,209.0,209.0,209.0,209.0
B000MF8SIY,,,,35.0,35.0
B000MW6NT8,,,,,5.0
B000NJHRWM,155.0,,,155.0,155.0
B000NUY7JM,,,,,6.0
B000NVFPL0,,,16.0,,
B000NW87AK,108.0,108.0,,,108.0
B000OF4AGG,,,,47.0,47.0
B000OH8MH2,,,,10.0,10.0
B000P6714C,1003.0,,,,1003.0
B000P68CEA,,,1353.0,,
B000P6CB6U,1353.0,,,1353.0,1353.0
B000PEJRFA,,,73.0,73.0,73.0
B000PKKTXS,,13.0,,,13.0
B000PMB6YC,,,,554.0,
B000PU6NT2,,11.0,,11.0,11.0
B000PY28IS,,,,,338.0
B000Q61YUS,,,,,17.0
B000Q94VXC,,,9.0,,9.0
B000QRDGGM,,,,,6.0
B000QU8RAO,,,,,40.0
B000QV0NI2,17.0,17.0,17.0,,17.0
B000QV2I4E,,54.0,,54.0,54.0
B000RB3X92,,,8.0,8.0,8.0
B000RB3XRO,,,,,7.0
B000RB40LM,,,,23.0,23.0
B000RB40ZS,157.0,157.0,157.0,157.0,157.0
B000RB7BW2,,32.0,,32.0,
B000S101U0,,,,,7.0
B000SO80P0,,,,,17.0
B000SO8G6S,,,4.0,,
B000T4DSII,2.0,,,,
B000TBZDCK,,,,,9.0
B000TC194U,,,11.0,11.0,11.0
B000TNMB2I,48.0,48.0,,48.0,48.0
B000TRDWSQ,18.0,18.0,,18.0,
B000U0TSJO,,62.0,,62.0,62.0
B000UQEWYE,,,,32.0,32.0
B000V5M070,,56.0,56.0,56.0,56.0
B000V86MTO,,,,,18.0
B000V87OXW,,52.0,,52.0,52.0
B000V89QW4,,,,,15.0
B000V8BUIM,,,,,3.0
B000VDCNH4,,,7.0,,
B000VIRSQ0,13.0,,13.0,,13.0
B000VPL05I,,,,,6.0
B000VRVZ0G,,362.0,,362.0,362.0
B000VTT19Q,,,,,4.0
B000VUUG62,,,,,3.0
B000VUWUB6,132.0,132.0,132.0,132.0,132.0
B000VUYX9S,3195.0,3195.0,3195.0,3195.0,3195.0
B000VY4S8U,,,,,14.0
B000WD0M08,,,6.0,,
B000WQLS94,,,,220.0,220.0
B000WRZMDQ,286.0,,286.0,286.0,286.0
B000WVVJLG,,,,,19.0
B000WXETTI,,,,,7.0
B000WYCP1G,2.0,,,,2.0
B000WZCI08,101.0,,,101.0,101.0
B000XUR29O,,,,,51.0
B000XZY9A4,,,,41.0,41.0
B000Y00MJU,24.0,,,,
B000Y16V3A,,,,,2.0
B000Y16V3U,,,,,3.0
B000Y8Z2V0,281.0,,,,281.0
B000Y93KM2,,,,4.0,4.0
B000YDO3NI,,,,,4.0
B000ZHAFM6,,,,,3.0
B000ZKT6Q4,26.0,,,,
B000ZOXFTY,,,1.0,,
B001015TTA,,,,,2.0
B0010EG8SS,,,,11.0,11.0
B0010ZOBZ4,,,,14.0,
B0011UJMZW,7.0,,,,
B0011UVONK,,,,,117.0
B0011UYV1M,286.0,286.0,286.0,286.0,286.0
B0011ZISHU,,137.0,,137.0,137.0
B0011ZIXKW,,,,,193.0
B0011ZKAW6,,,,,29.0
B0012AOGZM,,7.0,,,
B0012DFM2A,15.0,,,,
B0012E2I8A,274.0,274.0,274.0,274.0,274.0
B0012E2K38,,,,,273.0
B0012QLSYS,297.0,297.0,297.0,297.0,297.0
B00135RFI6,,,,,7.0
B00136CVWU,,,,2.0,
B0013HEFCS,,,,,2.0
B0013NVUSE,,56.0,,,56.0
B0013Y8ERS,,,,,10.0
B0013Z404S,,,,,22.0
B0014K0FEQ,,,,,99.0
B00150AD2O,,,,,7.0
B00152G2EU,,,,,5.0
B00152J2Q0,,,,,2.0
B0015AK040,661.0,661.0,661.0,661.0,661.0
B0015PJ8GQ,,,25.0,,
B001600T5Y,,,,,31.0
B00167X5VC,,,,,19.0
B00167YPFW,,,,13.0,13.0
B00169K3PQ,,10.0,,,
B00169M1KQ,,,,,21.0
B00169M2MI,,,,,1.0
B001712RIO,,,,,16.0
B00179DM08,103.0,103.0,103.0,,103.0
B0017QFQUA,,,,,14.0
B0017VA7K4,,,,1003.0,
B0017WKH58,,,,,14.0
B0018C37WC,866.0,,866.0,866.0,866.0
B0018C5FF4,,866.0,,,866.0
B0018C5FMM,,866.0,,,
B0018C6XU0,,,,,866.0
B0018C6Y1I,866.0,,866.0,,866.0
B0018C8Q6O,,866.0,,,866.0
B0018CANBA,866.0,866.0,866.0,866.0,866.0
B0018CANC4,,,,,866.0
B0018CANLU,866.0,,,,866.0
B0018ERPCI,,,,,1.0
B0018NBHZK,,,,,2.0
B0018NVMFA,,,,,6.0
B0018OBPBK,,,,116.0,116.0
B00194CBRQ,142.0,142.0,142.0,142.0,142.0
B0019GEY3S,,,,,2.0
B0019L3BPK,,,,10.0,10.0
B0019RTC70,,,,,1.0
B0019TXMOW,,,,,1962.0
B001AAZZ9U,,,,,250.0
B001AESUNE,21.0,,,21.0,21.0
B001ARPSIG,,,,,1.0
B001AT37F0,,,,,6.0
B001AZ36F0,,,,,1.0
B001B0TJCI,99.0,99.0,,99.0,99.0
B001B12T9C,,,7.0,,
B001B185OA,3.0,,,,
B001B185RC,,,,,7.0
B001B1HGHC,152.0,152.0,,152.0,152.0
B001B87SGO,,,,,12.0
B001BAFQOS,4424.0,4424.0,4424.0,4424.0,4424.0
B001BAM7HW,3212.0,3212.0,3212.0,3212.0,3212.0
B001BAOFA4,,,,,2.0
B001BN1WCA,,,,,182.0
B001BOBXXM,,,1.0,,
B001BSJ7P4,25.0,25.0,25.0,25.0,25.0
B001C7C4M2,,,,,17.0
B001CCQ84C,1734.0,1734.0,1734.0,1734.0,1734.0
B001CD3VB4,,13.0,,,13.0
B001CE31N6,,,,,2.0
B001CEMXXA,58.0,58.0,58.0,,58.0
B001CH8MIC,,,2.0,2.0,2.0
B001CH8MKA,,,,2.0,2.0
B001CH9KOM,,,2.0,,2.0
B001CQGQOU,,,,,4.0
B001D1J614,,,66.0,,66.0
B001DGKJHY,,3.0,,,
B001DUUP92,,,,,15.0
B001E6D1C8,1.0,,,,
B001E8GK5Q,,207.0,,,
B001E95MZE,,56.0,,,56.0
B001E9P87G,403.0,403.0,403.0,403.0,403.0
B001ECXDUW,,,,,17.0
B001ED1JQG,191.0,,,191.0,191.0
B001EJOR8M,,,,2.0,
B001EJOROQ,,,,,2.0
B001EJORXM,,,,,2.0
B001EKCG9I,,,,,11.0
B001ELJ8G6,,36.0,36.0,36.0,36.0
B001EQN58S,2.0,,,,
B001ET788S,286.0,286.0,286.0,286.0,286.0
B001ET78L0,1758.0,1758.0,1758.0,1758.0,1758.0
B001F1S7WG,,,,137.0,137.0
B001FSZNK8,144.0,144.0,144.0,144.0,144.0
B001FWXG26,201.0,,,,
B001FYY9H0,,,,,6.0
B001G0EGFS,,,,2.0,
B001G5O08G,291.0,,291.0,291.0,291.0
B001G7JZ9I,,,,,2.0
B001G8HOEU,,,3.0,,
B001GSAJLK,,3.0,,,
B001HBRD0Q,,,,,4.0
B001HQBFX2,,,,83.0,83.0
B001HVA4G6,691.0,,691.0,691.0,691.0
B001J63SX0,,,,,5.0
B001JIJZW6,,,,,3.0
B001JK7OWW,,99.0,99.0,99.0,99.0
B001KNSHJC,123.0,,123.0,123.0,123.0
B001KUOHRG,,,,,28.0
B001LILIRO,,,,,45.0
B001LJZLEE,,,,,30.0
B001LOSEVQ,,288.0,288.0,288.0,288.0
B001LU7TMK,21.0,,,,
B001LU9CFM,,,6.0,,
B001M500OI,,,,31.0,
B001MP0ROG,,,,,2902.0
B001MSEHYE,25.0,25.0,25.0,25.0,25.0
B001MTEFTU,,,,,1.0
B001MTEGBC,1.0,,,,
B001O08XDG,,15.0,,,15.0
B001O8IKVI,,,,,26.0
B001OAKI1Q,,,166.0,,166.0
B001Q3KW4O,,,,23.0,
B001Q94V6S,,,,,6.0
B001QJZMUM,183.0,,183.0,183.0,183.0
B001QVTMW4,2.0,,,,
B001RBJZEI,,,,,149.0
B001RV6HRG,8.0,,,,8.0
B001RVU1BE,,,,78.0,78.0
B001RYQNR2,485.0,,,485.0,485.0
B001RYV1RO,,,,1.0,
B001SBI8XQ,250.0,250.0,250.0,250.0,250.0
B001SH5JVO,,,,,1.0
B001SH7BXI,,,,10.0,10.0
B001SSPJG8,2841.0,,2841.0,,2841.0
B001T5X27I,,,,,1.0
B001TEQ2BC,,,,,2.0
B001TRY6JO,,,8.0,8.0,8.0
B001U2FOSA,987.0,987.0,987.0,987.0,987.0
B001V80YQ0,,,205.0,,
B001VD9R4A,4057.0,4057.0,4057.0,4057.0,4057.0
B001VIVKUE,,,,,15.0
B001VYRONU,,,301.0,301.0,301.0
B002090VIA,,,,11.0,11.0
B0020ML40Q,2.0,,,,
B00218R20A,,,,,4.0
B0023UNB6K,10.0,,,,
B00243GRWQ,,,,,10.0
B0026B6IOI,,,,16.0,16.0
B0026N98Z2,,,,,5.0
B0026ZD0WM,,,467.0,467.0,467.0
B002771NXW,,,117.0,117.0,117.0
B0027HPQHG,179.0,179.0,,179.0,179.0
B0027SB2Q4,445.0,445.0,445.0,445.0,445.0
B00280NBTM,,68.0,,,68.0
B0028N8M2K,151.0,,,151.0,151.0
B002AIRA4Y,,,,,1.0
B002AIWYG8,,,,,2.0
B002AIWYQI,,,2.0,,
B002ASAB68,1347.0,1347.0,1347.0,1347.0,1347.0
B002B2R3IC,97.0,97.0,97.0,97.0,97.0
B002B39WNK,,4.0,,,4.0
B002B4Z0HG,301.0,301.0,301.0,301.0,301.0
B002BSHDLS,,,,,22.0
B002BUBWHM,,,,,89.0
B002C45714,,,,,1.0
B002CRKO4G,,48.0,48.0,48.0,48.0
B002CZNCAQ,,,,211.0,211.0
B002D1W9YE,,,1.0,,
B002DEO1CO,,,,,2.0
B002DHQUTS,47.0,,47.0,,47.0
B002DOA556,,,41.0,41.0,41.0
B002DXVK9W,,51.0,,,51.0
B002E15FIA,,,,,10.0
B002EDGXI4,,,,,6.0
B002EITI3Q,,,65.0,,65.0
B002ESOBT2,,,,,67.0
B002ESQGN6,4.0,,,,
B002ESTV24,13.0,,,,13.0
B002FWCW1G,,12.0,,,12.0
B002G1N8KA,152.0,152.0,152.0,152.0,152.0
B002GZZVLA,,,,,14.0
B002HJ91VQ,,,,,4.0
B002HRQXOQ,97.0,,,,97.0
B002IM0RP6,,85.0,85.0,85.0,85.0
B002INLR7M,,173.0,,173.0,173.0
B002IOSFS0,,,194.0,,
B002JMGHIG,,,,,57.0
B002KIWZOO,95.0,,95.0,,95.0
B002LFGHXQ,113.0,113.0,,113.0,113.0
B002LMVTFK,119.0,119.0,,119.0,119.0
B002M18H8C,3.0,,,,
B002MHGUSU,,,,,1618.0
B002MMZOUU,,,715.0,715.0,715.0
B002MQKULY,,,,,10.0
B002NL82EA,,,,14.0,14.0
B002OEC6S4,,,,268.0,268.0
B002OEC6VQ,,,,,268.0
B002OEC6WU,,,,,22.0
B002OEC70G,,,,,22.0
B002OM0YE4,,,,,4.0
B002ONQV5E,,,,,5.0
B002ONRZK4,,,,,5.0
B002ONYJQ2,,,,,1.0
B002ORZYJO,,,,29.0,29.0
B002OTCU8K,,,,10.0,
B002OTIJZ8,,,,,20.0
B002OTLCE8,,,,,28.0
B002OTP5MS,,,,,5.0
B002PBCFGE,5.0,,,,5.0
B002PNNLB0,4.0,,,,4.0
B002PNNMOG,,,,,5.0
B002PNNOW6,110.0,110.0,110.0,110.0,110.0
B002PNV03G,,12.0,,,12.0
B002QNKPVI,,,7.0,,
B002R17REC,,7.0,,,
B002R64NY4,,,,22.0,22.0
B002R6AMJE,,,,,3.0
B002R6QBEO,,,,,2.0
B002R6WA8U,,,3.0,,3.0
B002SCO7VQ,,,,1.0,
B002SG7JBW,593.0,,,,593.0
B002SG7JC6,593.0,593.0,,,593.0
B002SUCTYK,,,,,12.0
B002T37OR8,334.0,,,,334.0
B002T3CWQ6,317.0,,,,
B002T70Q0Q,,,,80.0,80.0
B002T75W7S,232.0,232.0,,232.0,232.0
B002TCV6GE,2.0,2.0,2.0,2.0,2.0
B002TK1666,,,1.0,,
B002TO83AY,,,,,9.0
B002TYPTZG,,,,,301.0
B002UEBXSC,,,,,2.0
B002ULRAQE,246.0,,246.0,246.0,246.0
B002UX71OI,,,77.0,77.0,77.0
B002VTKXQO,,,,,25.0
B002VZWC94,,,13.0,13.0,13.0
B002VZY7TM,,,10.0,10.0,10.0
B002WJHK1E,1321.0,1321.0,1321.0,1321.0,1321.0
B002WJHK1O,1321.0,,,1321.0,1321.0
B002WJHL04,,,,,1321.0
B002WVEO70,,,,,2.0
B002X9RLZS,48.0,48.0,48.0,48.0,48.0
B002Y0QAKI,29.0,,29.0,29.0,29.0
B002YAT73U,,,,44.0,44.0
B002YLRGQ4,3.0,,3.0,,
B002YX920A,48.0,48.0,48.0,48.0,48.0
B002Z63VBW,,,10.0,,
B002ZIZEY2,,,2.0,,
B002ZVFQP6,,,,35.0,35.0
B0031012WQ,,,,51.0,
B00310135C,,,,,51.0
B00315E6P6,,51.0,,,
B00315E6Q0,,,,,51.0
B00315P1VE,,,,,51.0
B0031A4RYQ,271.0,,,271.0,271.0
B0031A4S6S,43.0,,,,
B0031A6YI8,,,,,271.0
B0031A8IC8,,,,271.0,271.0
B0031AAEV6,,,,,271.0
B0031AAF56,,,,271.0,271.0
B0031ACFK4,,271.0,271.0,271.0,271.0
B0031ACGJ4,,,271.0,271.0,271.0
B0031AL2MG,,121.0,121.0,121.0,121.0
B0031B3QYC,,,,,6.0
B0031DQKFM,44.0,,,44.0,44.0
B0031GY588,,,,230.0,230.0
B0031H78TA,,,,,56.0
B0031H89SO,,,,32.0,32.0
B0031HDZ4M,,,,,4.0
B0031SPJUY,,,,,2.0
B0031STLNA,,,2.0,,
B00331H80S,429.0,429.0,429.0,429.0,429.0
B00332KGB0,,,,,21.0
B00332OOHM,,,,21.0,
B00332QPIS,,,,,21.0
B00332QPOW,,,,,21.0
B0033P9C4Y,,,,,301.0
B0033PCDZY,301.0,,301.0,301.0,301.0
B0033PMXUO,,,,,3.0
B003509EVS,,,95.0,95.0,95.0
B00355AJ76,,,,,30.0
B0035A1LXM,,3.0,,,
B0035KXBDA,,,,,14.0
B0035LZMV8,,,,2.0,
B0036FTF8Y,840.0,,840.0,840.0,840.0
B0036Q7KDU,,840.0,840.0,840.0,840.0
B0036YVYFC,299.0,299.0,299.0,299.0,299.0
B003753C4G,75.0,75.0,,75.0,75.0
B0037M8956,1078.0,,1078.0,,1078.0
B0037SQZEM,,,11.0,11.0,
B0037X78R0,271.0,271.0,271.0,271.0,271.0
B0037XBW0Y,,271.0,271.0,271.0,271.0
B0037XBZ2O,271.0,,271.0,271.0,271.0
B0037XSEE6,,271.0,,,
B0037XUUA2,,,271.0,271.0,271.0
B0037XYTUY,,,271.0,,271.0
B0038D56KK,,,96.0,,
B0038D5EGG,,,361.0,,361.0
B0038O5II4,,,,9.0,
B0038O7EIQ,,97.0,,,97.0
B0038SC6GC,97.0,,97.0,97.0,97.0
B0038XF62S,40.0,40.0,40.0,40.0,40.0
B0039BHC3A,,,,,7.0
B0039H02OU,,,,,19.0
B0039WBLTA,,,,,182.0
B003A4HSW6,,,,,37.0
B003A5EYN6,,,,,8.0
B003A9P6RA,62.0,,62.0,62.0,62.0
B003AKGXDK,,,,271.0,
B003ANXNKS,,,,,5.0
B003AT6EN0,,,,,1.0
B003ATDHIK,,,,,10.0
B003AXJNGQ,157.0,,157.0,,157.0
B003B003BC,,,,,3.0
B003B003C6,,,,,2.0
B003B0NUFI,96.0,,,,96.0
B003B0ZZ9M,55.0,,55.0,,
B003B1ZMQ2,,,,45.0,45.0
B003B4ILSK,,,,45.0,45.0
B003C2JI24,,,,,3.0
B003CMVEIA,,,,,108.0
B003D1NSKC,103.0,,,,103.0
B003D67BQO,,165.0,,165.0,165.0
B003D7DA2M,,,,,6.0
B003D7H53W,,,,49.0,49.0
B003D7H6PO,49.0,,,,
B003D7J5VC,,49.0,,49.0,49.0
B003DI2XSI,,,,3.0,
B003DKXEW0,,,,11.0,11.0
B003DKYICA,,,,,15.0
B003E3JN0S,,,,,1.0
B003E6FE26,3.0,,,,
B003EABGEM,,,,41.0,41.0
B003EMUB5K,717.0,717.0,717.0,717.0,717.0
B003EPNDV6,,89.0,,89.0,89.0
B003EYOXTI,,,35.0,35.0,35.0
B003FFHK3M,318.0,318.0,318.0,318.0,318.0
B003G4858G,,,,,8.0
B003GS6598,,88.0,88.0,88.0,88.0
B003GU09PC,191.0,191.0,,191.0,191.0
B003HN7Z2I,406.0,406.0,406.0,406.0,406.0
B003HU5VHW,,,,,2.0
B003HUESVM,,,,,1.0
B003HZPRR6,,22.0,,,22.0
B003I82QE4,,,7.0,,7.0
B003I86KWS,,,,,2.0
B003IM9MWO,20.0,,20.0,20.0,20.0
B003IOS0Z2,,,,,272.0
B003JKKOWW,,,,5.0,
B003JT7TBC,,,,,2.0
B003JVMYT2,,,,,49.0
B003K1E9TE,,,,,12.0
B003K2GG0I,,,,,13.0
B003KK697A,,8.0,,,
B003KRPZ7S,,,2.0,,
B003LDJPTU,82.0,82.0,,82.0,82.0
B003LLC7CY,,,,,15.0
B003M6ALQ2,,,,1.0,
B003M6AS4C,2168.0,,2168.0,2168.0,2168.0
B003M6AS9W,2168.0,2168.0,2168.0,2168.0,2168.0
B003N185NC,5.0,,,,
B003N185PK,,,11.0,,
B003N185W8,,,,,2.0
B003NLNYCY,,7.0,,,
B003NR4GXE,,,,,66.0
B003O9HBV0,,,481.0,,
B003OEUT8C,,,,,3.0
B003OYMLYW,8.0,8.0,,8.0,
B003Q0XNSM,,,,,2.0
B003QP342C,,,,,8.0
B003RY6ILG,,,31.0,,31.0
B003TT8RDQ,,,,,30.0
B003TTAONW,,,,,9.0
B003TTAX0Q,,,,,28.0
B003TTHGG0,70.0,,,70.0,70.0
B003TUD7CQ,26.0,,26.0,,26.0
B003U4QQWE,96.0,,,,96.0
B003U4SGPY,,,,38.0,38.0
B003U7ABM2,1419.0,,1419.0,1419.0,1419.0
B003UCBGWQ,,,,,3.0
B003USDA0Q,,,,,50.0
B003USG8M8,,93.0,,93.0,93.0
B003USIEP2,69.0,,,,69.0
B003V0UQPK,,,,,60.0
B003V5IDWS,,,,,2.0
B003V7GP6W,,2.0,,,
B003VJT91I,,,,,9.0
B003VXBSA4,,,,,27.0
B003W013K6,,,,,3.0
B003W3EKU8,,,,,27.0
B003W60GIU,,,,,2.0
B003WSRQT0,,,,28.0,
B003X7RIVQ,,,,,14.0
B003X7TN28,,,,,70.0
B003XGX2NA,,88.0,88.0,88.0,88.0
B003XMPFNY,148.0,,148.0,148.0,148.0
B003XWDTC8,,,,,2.0
B003Y2PYPW,,,,,1.0
B003Y2S09E,,,,,2.0
B003Y2VDL6,,,1.0,,
B003Y2X6JI,,,,,2.0
B003Y2X76A,,,,,2.0
B003Y3C2OM,,,,,5.0
B003YAT0LS,301.0,301.0,301.0,301.0,301.0
B003YMR85G,,,,,4.0
B003YQ1V5A,,,,,35.0
B003Z41LTC,,2.0,,,
B003ZEBWKA,,,,121.0,121.0
B003ZHL6I0,,,,,7.0
B003ZTJE1E,,,,,271.0
B003ZVX3F0,,,,,269.0
B003ZVYRBO,,,,,6.0
B003ZW2CZ6,116.0,116.0,,116.0,116.0
B003ZXC0QG,,,123.0,123.0,123.0
B00404RI70,139.0,139.0,139.0,139.0,139.0
B00404XRKC,13.0,,,13.0,13.0
B0040G2BV6,1531.0,,,,
B0040MRTMQ,,13.0,,,13.0
B0040U14A6,,,,1353.0,
B0040VM6KC,,,,,3.0
B0040ZNWDI,,,,,27.0
B0040ZON1I,5422.0,5422.0,5422.0,,5422.0
B0040ZON5Y,5422.0,,,5422.0,5422.0
B004151AMW,,,,,22.0
B00418558O,,,,3.0,
B004185GCY,,,1.0,,
B0041AANJI,,,8.0,8.0,
B0041E7DV0,,,,66.0,66.0
B0041M10IE,86.0,,,,86.0
B00424KM30,693.0,,693.0,693.0,693.0
B00424NYO4,935.0,935.0,935.0,935.0,935.0
B004283D64,575.0,,575.0,575.0,575.0
B0042C1UFQ,,,,,39.0
B0042H6SLW,,,89.0,89.0,89.0
B00435V6U6,,,,8.0,8.0
B0043NYKTC,,,,,1.0
B0043R3EWW,,,,,3.0
B0043RQOTW,215.0,,,,215.0
B004426WVQ,,56.0,56.0,,56.0
B004428TIA,,,56.0,,
B00447UGI6,,34.0,,34.0,34.0
B00448DMSQ,,6.0,,,6.0
B0044UA88Q,,,,,10.0
B0044UN0SG,250.0,250.0,250.0,,250.0
B0044XJL9A,63.0,,,,63.0
B00455EM3M,,,,56.0,
B0045IXNAC,1.0,,,,
B0045VW34G,,,2.0,,
B0045W34AW,,80.0,,80.0,80.0
B00465YAFQ,,,31.0,31.0,
B00466Z5O0,,,,6.0,6.0
B004679G7G,2676.0,,2676.0,2676.0,2676.0
B00467B9LC,2676.0,2676.0,2676.0,2676.0,2676.0
B00474YKG0,530.0,530.0,530.0,530.0,530.0
B0047T6CQG,,,,7.0,
B00480BANE,158.0,158.0,158.0,158.0,158.0
B00480EA8G,,,28.0,,
B00481LHPO,,66.0,,,
B00495ZANY,,,,1.0,
B0049UVHE0,,,,,548.0
B0049UVHGI,,,,548.0,548.0
B0049XJXMK,,,8.0,,
B0049Y42QG,,,,,3.0
B0049YI47O,3.0,,,,
B004ARNNRQ,,,,8.0,
B004BAS4H6,,,,,7.0
B004BDGTM0,259.0,259.0,259.0,259.0,259.0
B004BG3GT6,,,,,1.0
B004BNC80C,,,,47.0,47.0
B004BQIQD2,,,,,287.0
B004BYQKUA,,,,,3.0
B004C0ICUY,,,,86.0,86.0
B004C68802,,,,,103.0
B004C9R8X2,,301.0,301.0,301.0,301.0
B004D0O7U2,31.0,,,,31.0
B004D4MTXK,271.0,271.0,271.0,271.0,271.0
B004D5930G,367.0,367.0,367.0,367.0,367.0
B004DPEE4G,,,,,11.0
B004DPLVJW,,,,,44.0
B004DPMC5O,,9.0,,,9.0
B004EBSHYW,,,,,2.0
B004EHZ7N0,,,,,31.0
B004F0RIXS,1087.0,1087.0,1087.0,1087.0,1087.0
B004FAV712,,,,,2.0
B004FD1GEW,,,,,2.0
B004FGQXLA,76.0,,,,76.0
B004FH4RDA,,,,166.0,166.0
B004FJRQ3G,41.0,,41.0,41.0,41.0
B004FJZHZK,,,,,4.0
B004FKK0Z6,,,,,5.0
B004FOXIH4,,,,5.0,5.0
B004FOZMEQ,,,,,14.0
B004FPNU0I,,,,,2.0
B004FRFV8U,54.0,54.0,54.0,54.0,54.0
B004FRIVI2,,260.0,260.0,260.0,260.0
B004GBAR84,,86.0,,,86.0
B004GBCTQW,,,,13.0,13.0
B004GF56YU,,49.0,,,
B004GFKRIA,,,,,12.0
B004GGFQB2,1541.0,1541.0,1541.0,1541.0,1541.0
B004H2M9EW,54.0,,54.0,54.0,54.0
B004HL0LE8,,,,,1.0
B004HM0PT8,1382.0,1382.0,,1382.0,1382.0
B004HMMJ5G,,,,11.0,11.0
B004HPWIEA,315.0,315.0,315.0,315.0,315.0
B004HZMLQA,,,,8.0,
B004I2H2GQ,,25.0,,,25.0
B004I6GZSS,,,130.0,130.0,130.0
B004I8WMPG,,,,5422.0,5422.0
B004INGJ5U,,2.0,,,
B004IPFBFW,,,,,4.0
B004JOZR2E,,,,,12.0
B004KAXNNW,,,,,13.0
B004KEMD0W,,,,,7.0
B004KKXAHQ,,,,17.0,17.0
B004KTQMUO,79.0,79.0,79.0,79.0,79.0
B004L9M1L2,17.0,17.0,,,17.0
B004LXIY7I,,,4.0,,
B004LXOKYO,,,,,272.0
B004LYAFXI,,,28.0,28.0,28.0
B004MARG9W,,,,,17.0
B004MDM0I6,,,,,11.0
B004N3FF0K,,,,3.0,
B004N5HU10,,,76.0,76.0,76.0
B004NH2Y6Y,,,,189.0,189.0
B004NHC5DG,,96.0,96.0,96.0,96.0
B004NJQJMW,,,,,3.0
B004NJSNCQ,,,,,1.0
B004O34QL8,,,,16.0,16.0
B004O4KO3G,,,,,9.0
B004O4NCGW,,,,,91.0
B004OBZGCI,,,,,3.0
B004ODP0SQ,,,,167.0,167.0
B004P5GDV6,,,366.0,366.0,366.0
B004P5GE38,,,,271.0,271.0
B004P5KEPW,271.0,,271.0,,
B004P5KF1U,,,271.0,,
B004P5KFM4,,,271.0,,271.0
B004P5KG3M,,,,1.0,
B004P5KGBY,,,,1.0,
B004P5LZQY,,,,,271.0
B004P5M8TC,271.0,,,271.0,
B004PD3Z2I,,,,,8.0
B004PJPM4G,,,,,3.0
B004PX35DW,,,,,7.0
B004Q7EDRO,,,,25.0,25.0
B004QKE6XW,,,9.0,,
B004QWPLRK,,,,16.0,
B004QY5PMO,,16.0,,,16.0
B004R5H92Q,3.0,,,,
B004RPEUHI,,,,251.0,251.0
B004RSATUC,12.0,,,,
B004RSL9UQ,,,,,2.0
B004RYM1C0,,,,,40.0
B004SGCIDE,40.0,,40.0,,40.0
B004SKD70I,29.0,,,,29.0
B004SKNCBM,,,1013.0,1013.0,1013.0
B004T32MG4,,,,1.0,
B004T4EQRQ,,23.0,,23.0,
B004TUCGBS,,,31.0,,31.0
B004U7GTEK,,,21.0,21.0,
B004UO8V3U,,,,8.0,8.0
B004UQ1B2G,,,,23.0,23.0
B004UQ2DY6,,,,,7.0
B004UQ2EFE,,13.0,,,13.0
B004VD0V9C,,4.0,,,
B004VD776W,,,,,2.0
B004VDO1TI,,,,3.0,
B004VGAX4C,,,58.0,58.0,58.0
B004VGKKSQ,60.0,,,,60.0
B004VMGQTC,17.0,,,,
B004VU8XGI,,234.0,,234.0,234.0
B004W03H9U,,,,,11.0
B004WA6AI0,,,,2.0,
B004WAQRII,,4.0,,,
B004WP5EEG,,3.0,,,
B004X0Q5XY,,31.0,,,
B004X0Q7HS,,,6.0,,
B004XM5XQM,,,,,2.0
B004XZA0YO,43.0,,43.0,43.0,43.0
B004Y5EVSE,,,,,1.0
B004YES2BC,,,,,5.0
B004YNW0O8,,,,2.0,
B004Z623IM,,,,,79.0
B004ZI14WG,,,36.0,36.0,36.0
B004ZLI1LU,,,,11.0,11.0
B00504TYLM,87.0,,87.0,87.0,87.0
B0050JKXQ2,,,,5.0,5.0
B0051BZ5J4,,,,2.0,
B0051HAZMA,,,,9.0,9.0
B0051TEPCO,,,,,38.0
B005274JY4,,,14.0,14.0,
B0053G9WRI,,,15.0,15.0,15.0
B0053GB9NS,,56.0,,,56.0
B0053GB9O2,,56.0,,56.0,56.0
B0053OD802,,,,,8.0
B0054QHA26,806.0,806.0,,806.0,806.0
B0054TH9WY,,,,17.0,
B0054THA9Q,17.0,17.0,,,17.0
B0054THAP0,,17.0,17.0,,
B0055FSJ5I,,,,,28.0
B0055FSJ5S,,,,,28.0
B0055T2UA4,192.0,192.0,192.0,192.0,192.0
B00562146Q,,,,48.0,
B005626MTA,48.0,48.0,,,48.0
B00563VAEG,27.0,,,27.0,
B0056Y2QAC,,,,,1.0
B0057PP9T0,,,,,8.0
B0057RNBXY,,,,,2.0
B0057XQ158,,,,84.0,84.0
B005895FN0,,,,18.0,18.0
B0058GVVI6,,99.0,99.0,,99.0
B0058NSHBS,,,,,3.0
B005AW8ORE,98.0,,98.0,98.0,98.0
B005C18OBE,,,,4.0,
B005CSYTIY,,,,,4.0
B005CXEY7U,10.0,,,,
B005CXGQ80,1.0,,,,
B005D52KZK,,,,,2.0
B005DA0GII,9260.0,9260.0,9260.0,9260.0,9260.0
B005DHSZTS,,,,1.0,
B005DMXRBE,,,,33.0,33.0
B005DTVRPA,,111.0,111.0,111.0,111.0
B005E3SFPK,23.0,,23.0,23.0,23.0
B005EB7IZU,,,,,1.0
B005EH1Q7K,6.0,,,6.0,
B005EOVMWM,2.0,,,2.0,
B005ERRT6W,42.0,,,42.0,42.0
B005ET0YLC,10.0,,,,
B005FIG2Z4,,,,,194.0
B005H1OTEK,,,,,2.0
B005HIVWMA,,,,,20.0
B005IAL844,,,,,10.0
B005IALNM6,,,,29.0,29.0
B005IOO8JC,,,,,10.0
B005IQ2LJ4,,,,,840.0
B005J24CMQ,,,,136.0,136.0
B005J253GA,,,,40.0,40.0
B005JAMV26,,,,,1.0
B005JAMWSE,,,,7.0,
B005JD4O2S,,,1.0,,
B005JNUL7K,,,,,1.0
B005KG9INO,,,,,1550.0
B005M1NTVO,11.0,,,11.0,11.0
B005M1NTW8,11972.0,,11972.0,11972.0,11972.0
B005M1NTWS,,,9.0,,
B005M8GFZO,,,,,7.0
B005MEQGHA,,,,,1.0
B005MNJSGM,,,916.0,916.0,916.0
B005N7MVS4,194.0,,,194.0,194.0
B005NOPAAS,3750.0,3750.0,3750.0,3750.0,3750.0
B005O0B0QE,1003.0,,1003.0,1003.0,1003.0
B005O0GBHC,1003.0,1003.0,1003.0,1003.0,1003.0
B005O0T9VC,1003.0,1003.0,1003.0,1003.0,1003.0
B005OB82DW,,,6.0,,
B005OCSDBC,,,,49.0,49.0
B005OFFU9M,,,,1531.0,1531.0
B005OJVRRW,,151.0,,151.0,151.0
B005OTKO12,,,,,88.0
B005OZDUO4,,,,,3.0
B005P0MKSK,,191.0,191.0,,
B005P0NOZS,61.0,,,61.0,61.0
B005P1TBL8,,,4.0,,4.0
B005PLPCC0,,,,5.0,
B005PLPJ0U,,4.0,,,
B005QBG28W,,,,,5.0
B005QDXGDE,,,,,22.0
B005QNSNWI,,114.0,114.0,114.0,114.0
B005R3XOAI,,,,,114.0
B005RR0RRW,11972.0,11972.0,,11972.0,11972.0
B005S4KGIO,26.0,,26.0,,26.0
B005SQ359E,,,,,3705.0
B005SV7XSI,,,,,1.0
B005SZSCO8,,,,3.0,
B005T7UCMK,,,31.0,,31.0
B005UQNYP2,,,,,98.0
B005V38HFG,,,,4.0,
B005WEEETC,,12.0,,,12.0
B005WJY3YS,,,,9.0,
B005WKJ1FI,133.0,133.0,,,
B005WKJ36U,23.0,23.0,,,
B005WKL50M,,,,133.0,133.0
B005WN9T98,145.0,,,145.0,145.0
B005XAM69U,,,172.0,172.0,172.0
B005XUVHVS,,,,305.0,305.0
B005Y0ZYVQ,,55.0,55.0,55.0,55.0
B005Y2KIYM,,,9.0,9.0,9.0
B005YGIVS8,67.0,,67.0,,67.0
B005YROGC2,195.0,,,,195.0
B005ZHOAG8,,,,8.0,
B00601TGJO,48.0,,,,48.0
B0060LYIGA,,,,,7.0
B0060LYK9U,,,,,16.0
B0060LYL58,,,,43.0,43.0
B0060LYP0E,,,,,5.0
B0060M5G0Q,,26.0,26.0,26.0,26.0
B0060MD29I,,,,,5.0
B0060PGZLM,,,,,17.0
B0061UIGCW,,,,,1.0
B00626OMPK,,,,,25.0
B00638D82U,,,,,13.0
B0063A4WPU,,,,,1.0
B0063B7WWY,,,,,1.0
B0063K6ADM,,31.0,,,31.0
B0063K70PY,,,,209.0,
B00644YNCM,983.0,983.0,983.0,983.0,983.0
B0064R91OO,,82.0,,,82.0
B00653QGT0,,,,,24.0
B0065J2XXM,,,,,115.0
B00677A6QS,,19.0,19.0,,
B0069I9W2O,9.0,9.0,,,9.0
B0069WGD54,,,,,22.0
B006B25D9E,,,,,17.0
B006E74R7U,,,,,8.0
B006F8GJR4,,,,17.0,
B006FB2998,,,,1.0,
B006FHLOU2,,,,,2.0
B006FSU5PG,,,,,10.0
B006GR1KIC,,,,194.0,
B006GUEBEY,5.0,,,,5.0
B006H9KME2,,,,,8.0
B006J9GUXW,,,,,4.0
B006JW8GLI,,,,,2.0
B006K3LEWE,,,,,36.0
B006KLDZBY,,,,,18.0
B006LAOMOI,,,,,153.0
B006LOAPEK,29.0,,,29.0,29.0
B006LOAQJ4,,63.0,,,63.0
B006LOASQA,,,,,18.0
B006LOAUPE,16.0,,16.0,,16.0
B006NFW96E,3750.0,3750.0,3750.0,3750.0,3750.0
B006OA0HOE,,3750.0,3750.0,3750.0,3750.0
B006OHM0JM,5438.0,5438.0,5438.0,5438.0,5438.0
B006OHM5T2,6278.0,6278.0,6278.0,6278.0,6278.0
B006OMHTCK,27.0,,,27.0,27.0
B006OMHUZQ,,,73.0,73.0,73.0
B006P97SOG,,,,,38.0
B006PVP5OY,,,2.0,,
B006T7JV80,19.0,,,,19.0
B006U1DCQC,56.0,,56.0,56.0,56.0
B006WQ0GFU,,,,,1.0
B006WSZ7G6,,,,,3.0
B006Y07P3K,,,,3.0,
B0070TSCVS,,,,,3.0
B00711KUHO,,,,,6.0
B00715LGAK,,,16.0,,16.0
B00718KJL4,,,,,2.0
B007225J4G,58.0,,58.0,58.0,58.0
B00728INKM,,,,,4.0
B0072IAJLI,,,,,2.0
B0072J0AXY,,,,,6.0
B0072JMQIQ,,,,,5.0
B0072JP9A8,,,,,3.0
B00735Y6I2,,,3.0,,3.0
B00736WQAQ,25.0,,,,
B0073LSTH0,,,,5.0,5.0
B00744F5AU,,,5.0,,
B0074L7BBE,16.0,,,,
B0075S3A5C,,,,11.0,
B00767LGYO,9.0,,,,
B00767OUH4,9.0,,,,
B00767R0S0,6.0,,,,
B0076PAS2M,45.0,,,,45.0
B0077QERZE,,,,,2.0
B00787R3O4,382.0,,382.0,382.0,382.0
B0078PZN8E,,,,,3.0
B00790RBQK,,11.0,,,11.0
B00795YCTE,,,32.0,32.0,32.0
B0079K94RY,146.0,146.0,146.0,146.0,146.0
B0079LXVY0,96.0,96.0,96.0,96.0,96.0
B007A10S3G,252.0,252.0,252.0,252.0,252.0
B007A10T9E,,,,,252.0
B007A2FMTA,84.0,,,84.0,84.0
B007BDCSZO,706.0,706.0,706.0,706.0,706.0
B007BF7F32,59.0,59.0,,59.0,59.0
B007BRR27Y,75.0,75.0,75.0,75.0,75.0
B007C2YQY0,,,,,17.0
B007C2ZAKO,,,,21.0,
B007C30FIK,,,,,22.0
B007C30QIE,,,,,25.0
B007C31MNM,250.0,,250.0,,250.0
B007C7XN1W,144.0,144.0,144.0,144.0,144.0
B007C7XP0Q,,,,,15.0
B007CL9LN2,,,,1.0,
B007D0H4OK,2579.0,2579.0,2579.0,2579.0,2579.0
B007EBZ332,,,,,29.0
B007EHGW5E,4.0,,,,
B007F9FHXO,,,,50.0,50.0
B007FDZSZC,,,,7.0,
B007H8RLB4,,13.0,,,13.0
B007H8RZYC,,,,,5.0
B007HHBR88,,,,,1.0
B007HS9SCE,58.0,58.0,,58.0,58.0
B007HTZXWC,,,,,23.0
B007HZ6IKC,,,44.0,44.0,44.0
B007I6TJXI,,,,,2.0
B007IGXVLO,,32.0,32.0,32.0,32.0
B007IGXW5E,,,,,4.0
B007IOHPLI,534.0,534.0,534.0,534.0,534.0
B007IV7KE8,,,,,24.0
B007IX8UOK,,,,,241.0
B007J2LBXW,,,,38.0,38.0
B007JJCV7K,,,,41.0,41.0
B007JO0DKW,,,,,11.0
B007K7K2VS,63.0,,63.0,,63.0
B007K8W0WQ,,,,,20.0
B007KQ71RW,116.0,116.0,,,116.0
B007KQ7JRE,,,,14.0,14.0
B007L5MMTY,,,,,7.0
B007LO5E7W,,7.0,,,
B007MRY44W,,,,,11.0
B007N6PTMI,,,,,3.0
B007O6LJTY,,,,,13.0
B007PNI9X0,40.0,40.0,40.0,40.0,40.0
B007Q0O7HO,374.0,374.0,374.0,374.0,374.0
B007Q0PRY6,37.0,,37.0,,
B007RFTHGO,,,,,7.0
B007RFTKCU,,,14.0,,
B007ROCZ3C,794.0,,794.0,794.0,794.0
B007ROTCJ2,438.0,438.0,438.0,438.0,438.0
B007RV4Q0A,1.0,,,,
B007RWJPAK,,,,6.0,6.0
B007TBV51G,,,,,26.0
B007TIVDSE,,,15.0,,15.0
B007TXD9B8,,,,,2.0
B007U7WGJE,,,3.0,,
B007U7WGTY,,,,3.0,
B007U7WHHK,,,,,2.0
B007U7WHIE,2.0,,,,
B007UT0DUQ,,,5.0,5.0,
B007UZ8CO4,55.0,,,,55.0
B007V4RKMO,169.0,169.0,169.0,169.0,169.0
B007V4SAE6,114.0,114.0,114.0,114.0,114.0
B007VE0G2U,48.0,48.0,48.0,48.0,48.0
B007VEPP76,,,15.0,,15.0
B007VEPPDA,,,,,15.0
B007W9KUKM,,,,166.0,
B007WMGYQS,,,,19.0,19.0
B007WZXJP4,,,,,4.0
B007WZXL7K,,,18.0,,18.0
B007WZXLCU,,,,,13.0
B007WZXLI4,,,,5.0,
B007WZXMXI,,,,,12.0
B007WZXO04,,,,,18.0
B007X3MUTQ,,,19.0,,
B007XECW5C,,,,,7.0
B007Y9H5SU,,,32.0,32.0,32.0
B007YPSMSG,,,,,6.0
B00802E7QI,,,252.0,,252.0
B00823TVKC,,,,,227.0
B0082GWOXU,,,,,2.0
B008337DII,,,,1.0,
B0083P2D3Q,,,,,586.0
B0083R7C4Y,,,,,2.0
B0083VCV1O,28702.0,28702.0,28702.0,28702.0,28702.0
B00854JEUA,,,,,28.0
B0085STNIE,,16.0,,16.0,16.0
B0085WBJ64,,,,,13.0
B0085WHBHU,28702.0,28702.0,28702.0,28702.0,28702.0
B00872H5T2,,,267.0,267.0,267.0
B0087OXZFI,13.0,,,,
B0087OY1G0,,,,,6.0
B00881HICG,4.0,,,,
B0088579JO,,,,,8.0
B00889YADI,,,,,4.0
B0088RP6V0,,,,,3.0
B0089AYS2E,13.0,13.0,13.0,,13.0
B0089B4FXU,,,,128.0,128.0
B0089B4FZ8,,,,128.0,128.0
B0089B4GLG,,,,,30.0
B008AFC690,,2.0,,,
B008AFC9M4,,,,,2.0
B008AFC9MY,1.0,,,,
B008AFCEJC,4435.0,4435.0,4435.0,4435.0,4435.0
B008AFCTGK,,,,,2.0
B008AHOWQI,,,,,68.0
B008AHU622,68.0,,,,
B008ALHHUM,,,,,43.0
B008BBF2ZS,,110.0,110.0,,110.0
B008D2VMO0,,,,,160.0
B008DKYM8K,11972.0,11972.0,11972.0,11972.0,11972.0
B008ESDF0C,,9.0,9.0,,
B008ESDF20,,,,9.0,
B008FZZE0I,,,,,1.0
B008GV9IWG,62.0,,62.0,,62.0
B008GVFE60,,,,,1.0
B008GVFFIC,,,,,18.0
B008GVFGA4,,,,,25.0
B008HDIUJA,,,,3.0,
B008HTJ90S,85.0,85.0,85.0,85.0,85.0
B008IVLC6Y,,,,11.0,
B008JFUY0Y,,,,3.0,
B008JHL20I,,23.0,,,23.0
B008JHO45I,,,,,1.0
B008JHX846,,329.0,329.0,329.0,329.0
B008L19K1U,,6.0,,,6.0
B008L2S1GY,,,,,8.0
B008L4UUIE,,,,158.0,158.0
B008LQ7JXQ,,,,,8.0
B008LUOCIW,281.0,281.0,281.0,281.0,281.0
B008MJB87K,,,,,2641.0
B008MLTB7C,,,64.0,64.0,64.0
B008MMKS6O,,,,11.0,
B008MOX40E,,,25.0,25.0,25.0
B008MP481M,6701.0,6701.0,6701.0,6701.0,6701.0
B008MS9FP8,,,,,8.0
B008MS9IIC,8.0,,8.0,,
B008NGWQIC,,,,18.0,
B008O7C5RC,242.0,,,242.0,242.0
B008O9CYXU,,20.0,,,20.0
B008O9CZWA,,,4.0,,
B008OD23BO,,,,,13.0
B008OD6MAW,,,2.0,,
B008PC0ROY,,,,,1.0
B008QF0JPM,,,,,7.0
B008QQOQ14,,,,,1.0
B008R2B33Q,,,,,119.0
B008RIAI2W,609.0,609.0,609.0,609.0,609.0
B008RVVHT2,,,,,43.0
B008S2WX16,,,,12.0,
B008S5FZI6,,,,4.0,
B008SJ3NZ4,35.0,,,,35.0
B008TXGARC,,,,,1.0
B008U1G2O4,19.0,,,19.0,19.0
B008UCAQTA,,,,,23.0
B008V4131M,,,,,20.0
B008VR7G74,,,,,25.0
B008WPB6S0,,,,,3.0
B008X7KRAU,,,,,73.0
B008X7SAPY,,,,192.0,192.0
B008X97Z4O,190.0,,190.0,,190.0
B008YABXYU,,182.0,182.0,,182.0
B008YF131S,117.0,117.0,117.0,117.0,117.0
B008ZSRXWM,116.0,,,116.0,116.0
B00901TPQ0,,,,,34.0
B0090X0PQC,,,4.0,,
B00913SJ6O,,,9.0,,9.0
B00914EUW0,,,,38.0,
B0091FLPTU,,,,33.0,
B0091LS7ZO,,,,,7.0
B0092Z7I22,232.0,232.0,232.0,232.0,232.0
B009319IHS,,,,10.0,10.0
B0093JNUUG,,30.0,,,30.0
B0093N8K20,35.0,,,,35.0
B0093OI4QG,,,,,108.0
B0093XZVCW,,,,,18.0
B0093ZGFZ2,,,,4.0,
B0093ZGG2Y,,,4.0,,
B00942YK3I,,,,,12.0
B00948ZUP4,,1.0,,,
B0095MWP6Q,,,,,1.0
B0096XVB96,,,,,7.0
B00972B524,41.0,41.0,41.0,41.0,
B00972B53I,,,,44.0,44.0
B00973DFX0,,,,,96.0
B0097F20Q6,,,,,590.0
B0097LUYJ0,175.0,,175.0,,175.0
B0097QC0RE,24.0,24.0,,24.0,24.0
B0099S7YU8,,,,,12.0
B0099T5PO4,,,52.0,,52.0
B009A10HEY,,,,,4.0
B009AXCH5O,,,,,6.0
B009B1LO9K,,,,,5.0
B009B5COQS,,,,,5.0
B009C6LB3I,52.0,52.0,,,52.0
B009DNVXLU,6.0,,,,
B009DP4U3Q,36.0,,36.0,36.0,
B009DSCZJE,492.0,,,,492.0
B009FMIBWI,,,,,4.0
B009GLLE4U,,9.0,,,
B009HQIVGI,,,,,2.0
B009HQJ5N6,,,,,1.0
B009HQJ6VM,,,,,7.0
B009I1QXFI,,,,,2.0
B009I3BYAA,,,4.0,,
B009IP0C56,10.0,,,,
B009JAQGTQ,,,,,12.0
B009JXLUSA,,,,1.0,
B009K4CSF2,,,,,8.0
B009K4CSQG,3.0,,,,
B009KA0UDS,68.0,,,68.0,68.0
B009KA17V2,,,68.0,68.0,68.0
B009KATM5A,,,,13.0,13.0
B009KB34GM,,,,7.0,
B009N6746U,41.0,41.0,41.0,41.0,41.0
B009NMFQF0,,,,,35.0
B009ONPD6U,330.0,,330.0,330.0,330.0
B009OXQ22E,,64.0,,,64.0
B009P2EZMI,,,,,1.0
B009P9Z994,,,,,1.0
B009PNT6A8,,,,,11.0
B009R5WDO0,,,55.0,,55.0
B009RGRE7A,586.0,586.0,586.0,586.0,586.0
B009TB5VRI,,108.0,,,108.0
B009TB6WPS,,,79.0,79.0,
B009THSEK8,,5.0,,,5.0
B009THVE2I,5.0,5.0,,5.0,5.0
B009THXHPA,5.0,5.0,5.0,5.0,5.0
B009VNB90W,454.0,454.0,454.0,454.0,454.0
B009VNB97K,454.0,,,454.0,454.0
B009VNBA74,454.0,,454.0,454.0,454.0
B009VSMY8S,,,,,8.0
B009X6C69U,,,,,7.0
B009X9RXV8,,,,72.0,72.0
B009X9RXZE,,,,,72.0
B009YWH04E,43.0,43.0,43.0,43.0,43.0
B009Z4SGNK,,,,,35.0
B009ZQZ1YA,352.0,,352.0,352.0,352.0
B00A20O4T6,2.0,,,,
B00A2AG08O,,,,,17.0
B00A39VU66,,,,,4.0
B00A3Q7DTC,,,8.0,,
B00A3Z2Z1E,1092.0,1092.0,1092.0,1092.0,1092.0
B00A4585JE,,,,,19.0
B00A4KWWEI,,,,,15.0
B00A78W68E,,,,187.0,187.0
B00A7HXTKY,17.0,,,,17.0
B00A7MT5FM,,1.0,,,
B00A7MU00Q,,,,,1.0
B00A7NXBLA,,,45.0,45.0,45.0
B00A7Z3YI8,,,,,128.0
B00A7ZX226,,,89.0,,89.0
B00A81XVX4,,,,,183.0
B00A838EQG,,,,,146.0
B00A87HQLQ,,,11.0,11.0,
B00A99XF0Y,,,,11972.0,11972.0
B00AAV1AEY,,,,,11.0
B00AB79G6Q,,,,,18.0
B00ADYL3XQ,,,,,2.0
B00AELCFYO,,,,,1.0
B00AGAOLYU,,,,,311.0
B00AH5U4XG,98.0,,98.0,98.0,98.0
B00AHKQCVO,,,,,11.0
B00AI1BRDA,,,,,17.0
B00AJ5WJFA,,,34.0,34.0,34.0
B00AJXQEX0,,,,,27.0
B00AJXWFNS,,,,6.0,
B00AKLA16M,,,,,53.0
B00AKLFLMG,,,,,42.0
B00ALXH2FW,936.0,936.0,936.0,936.0,936.0
B00AOC18LO,6.0,,,,
B00AQ1VNQ8,,,,,2.0
B00AQRGHYU,,,,,11.0
B00ARJ0UNQ,4.0,,,,
B00ARX98R6,847.0,847.0,847.0,847.0,847.0
B00ATCJCO4,15.0,15.0,,,
B00ATWDQMS,3022.0,3022.0,3022.0,3022.0,3022.0
B00AU3OOXG,1.0,,,,
B00AV4V1UI,,,,,18.0
B00AV4V1VC,,,23.0,23.0,23.0
B00AV4V1YO,,,,,23.0
B00AVNM9V4,,,,,13.0
B00AVZVXHS,,,,44.0,
B00AVZVZ4E,,,,44.0,44.0
B00AWITCMM,,,111.0,,111.0
B00AWP5I3W,,,,,33.0
B00AWP6DAO,9.0,,,,9.0
B00AXAC0DC,,247.0,,,247.0
B00AXL7YH8,1876.0,1876.0,1876.0,1876.0,1876.0
B00AXL7YS2,7890.0,7890.0,7890.0,7890.0,7890.0
B00AXRHOU4,,,,,4.0
B00AY5GWV2,,,,,7.0
B00AYS1TV2,,,,1067.0,
B00AYXQLJC,,,,,4.0
B00AZ3ZX3Q,,,,,3.0
B00AZ4ITWW,,,,,29.0
B00AZRHJI4,,,80.0,80.0,80.0
B00AZSNW3E,3069.0,3069.0,3069.0,3069.0,3069.0
B00B1AQJIK,,,,5.0,5.0
B00B1GW26W,,,,,8.0
B00B1PFA9Y,6.0,,,,
B00B1X9FI8,,,,,235.0
B00B383Y6A,46.0,,,,
B00B4DBT7K,,,,,18.0
B00B4DEWME,,,,,12.0
B00B4DHE0Q,,,,,9.0
B00B4HLZMK,,6.0,,,
B00B5WQSL2,754.0,754.0,754.0,754.0,754.0
B00B5X1NB6,892.0,892.0,892.0,892.0,892.0
B00B5XK8VW,1.0,,,,
B00B5ZQSNW,,,,,7.0
B00B6E8NVC,,,,,4.0
B00B7BGYQ0,,,,,9.0
B00B7BS38C,,,37.0,37.0,37.0
B00B7F5PPM,135.0,,135.0,135.0,135.0
B00B85WIL0,,,,,110.0
B00B8L5VI6,,,104.0,,104.0
B00B8L5VJK,,,,,104.0
B00B8L61JY,,,,,95.0
B00B8U78LU,,,,175.0,175.0
B00B91HYL2,,,,,10.0
B00B9LANHE,,,,,5.0
B00BAJBOPU,,,,,23.0
B00BB19UJ4,,,,18.0,18.0
B00BB8LPT0,,,,,7.0
B00BB8M8BO,,,,,1.0
B00BBF1XHW,638.0,638.0,638.0,638.0,638.0
B00BBT4OJ2,,,,,5.0
B00BCLHPEK,,,3.0,,
B00BD3RF06,,,,,4.0
B00BDJV8US,,,,,1621.0
B00BDKGICA,,,,,1.0
B00BDM95CS,,,,,208.0
B00BEBPGGC,,74.0,,,74.0
B00BEBPHAC,,,,,35.0
B00BEQRQPQ,,,,66.0,
B00BEZ0J56,,,,100.0,100.0
B00BF68488,,,7.0,,7.0
B00BF684AQ,,,,,12.0
B00BF684W4,,,,,4.0
B00BG48UMY,,,,,19.0
B00BGJ8UBK,,,,,4.0
B00BGU4806,,,16.0,16.0,
B00BGVIK6I,,6.0,,,
B00BGVJY3Q,,,8.0,,
B00BHAL5II,,,,,1.0
B00BHTJOM8,2.0,,,,
B00BHWGPPY,,,,9.0,
B00BKPOGZE,,,,,1.0
B00BKVEEYQ,,,,91.0,91.0
B00BLFGXJK,,,,2.0,
B00BMUBJNE,,,5.0,,
B00BMUGQKU,,,,29.0,29.0
B00BNWGGSY,11.0,11.0,11.0,,
B00BONH63Q,,,,,387.0
B00BPFPYPA,,,,,28.0
B00BPO4V5U,228.0,228.0,,,228.0
B00BPOBIVA,716.0,716.0,716.0,716.0,716.0
B00BQUALCA,,38.0,38.0,38.0,
B00BR1DK30,2.0,,,,
B00BS9X5CW,65.0,65.0,,65.0,65.0
B00BSB466O,,,,,8.0
B00BSN2QQ4,,,,,4.0
B00BT2WQJQ,,,,215.0,215.0
B00BTL6T8Q,48.0,,,48.0,48.0
B00BTPLODM,,,,,2.0
B00BTXHTOC,,,,,1.0
B00BTYOBOC,148.0,,,148.0,148.0
B00BW4YV6W,109.0,,,,
B00BWILLVG,,,,,3.0
B00BWSONAW,217.0,,217.0,217.0,217.0
B00BX2ORLM,,,,114.0,
B00BXDPF9Y,1157.0,1157.0,1157.0,1157.0,1157.0
B00BYNLBT6,9.0,,,9.0,
B00C2CVP30,281.0,,281.0,281.0,281.0
B00C3ZV19E,,,,,7.0
B00C4O1G9O,,,,,8.0
B00C4O1H5M,2.0,,,,
B00C4QQYYY,,,,3.0,
B00C4VCUG0,303.0,,303.0,,303.0
B00C54WGTC,469.0,469.0,,469.0,469.0
B00C5DM3JG,,,,,5.0
B00C5DM3X2,,2.0,,,
B00C5L7O3I,,,,,14.0
B00C5RJ318,1752.0,1752.0,1752.0,1752.0,1752.0
B00C7B4IMG,,,,,25.0
B00C7Q7VQQ,,,,,9.0
B00C93VXJS,8.0,,,,
B00CA9180K,61.0,,,,61.0
B00CAMDVIY,,,609.0,,609.0
B00CC9HW5S,28.0,,,28.0,28.0
B00CC9HW62,28.0,28.0,28.0,,
B00CCR005O,,,,,81.0
B00CDNWBMC,,,,,16.0
B00CEDO3E0,34.0,,,,
B00CEEYI1C,,,4.0,,
B00CEPF5UO,,,,,9.0
B00CEQWCM2,,,,,6.0
B00CG3NXA8,,,,,964.0
B00CHA8HAG,,,,,329.0
B00CHA94D0,,,,,283.0
B00CHA95RU,36.0,,,,36.0
B00CHA97MI,,,,194.0,194.0
B00CHGH6W0,,1.0,,,
B00CHQI03Y,76.0,76.0,,,
B00CI53IN6,,,,7.0,
B00CJ38P6M,,,,,19.0
B00CJK07XE,,,,,17.0
B00CK0B22I,533.0,533.0,533.0,533.0,533.0
B00CK0B2C8,533.0,533.0,533.0,533.0,533.0
B00CK0DF64,,,,12.0,
B00CKWN4LI,,,17.0,,
B00CKX7XI2,15.0,,,,15.0
B00CLFF41C,,,,,8.0
B00CLW14CS,,,,,23.0
B00CM2F748,,,,,29.0
B00CMD1QII,,,,,1.0
B00CN7BL7Y,1.0,,,,
B00CO1NJUG,25.0,25.0,25.0,25.0,
B00COKG6JI,,,,,7.0
B00CP4QLC0,,,,,36.0
B00CP4QNY6,,,,17433.0,17433.0
B00CP52RXG,,17433.0,17433.0,17433.0,17433.0
B00CP7V3RK,8.0,,,,
B00CPR37HO,172.0,172.0,,172.0,172.0
B00CPS4G82,,,,2.0,2.0
B00CPS4H9A,,,,6.0,
B00CPS4HQS,,,,,3.0
B00CQL6REE,,,,,2.0
B00CQLD7RE,,,,,5.0
B00CQPAXP4,,,85.0,,85.0
B00CTMM9MY,,,,,8.0
B00CVTKFSA,1.0,,,,
B00CXRL5I4,,,,,15.0
B00CXUKMTE,,,,,1.0
B00CY4N3P4,,,7.0,7.0,
B00CYBPIDM,,71.0,71.0,71.0,71.0
B00CYLLJNA,,,,,3.0
B00CZ78AOE,,,,,3.0
B00D039IUW,13.0,,,,
B00D2B7GLU,,,30.0,30.0,30.0
B00D2PT0L0,,,29.0,,29.0
B00D2ZQ8IS,100.0,,100.0,,100.0
B00D3ICG1M,,,,,9.0
B00D3IH2PW,,,,12.0,12.0
B00D3VBHVE,,,,,26.0
B00D449AKK,,,94.0,,94.0
B00D5SPT7S,,,,,13.0
B00D6OWMIK,,,,,6.0
B00D6PW0U4,,166.0,,166.0,166.0
B00D8GA8MS,,,,,88.0
B00DAGBTWO,,,,,1.0
B00DCIB60K,,,,,1.0
B00DCVS2VI,108.0,,108.0,,108.0
B00DD83K4Y,,,4.0,,
B00DDV5Q70,,,,,199.0
B00DFQNP80,,,,,92.0
B00DH56ZO0,570.0,,570.0,570.0,570.0
B00DHKB63U,,10.0,,,
B00DN1GLUG,,,,,109.0
B00DNWAH6E,,,,,9.0
B00DO4UFKO,,1.0,,,
B00DOOE4UQ,,,40.0,40.0,40.0
B00DQ8X9M4,544.0,544.0,544.0,544.0,544.0
B00DQE27HQ,,,,,3.0
B00DQHX4WK,,215.0,215.0,215.0,215.0
B00DSDE7NW,,,95.0,95.0,95.0
B00DSKSSW6,,,,,17.0
B00DSKSV14,,,3.0,,3.0
B00DT8C0CQ,,,,,13.0
B00DT8ET2K,,,,17.0,17.0
B00DU05T0I,,,10.0,,
B00DUJ6Z0C,,1109.0,1109.0,1109.0,1109.0
B00DUJEWDE,26663.0,26663.0,26663.0,26663.0,26663.0
B00DUWZY1K,,,,,8.0
B00DVRDON4,,,,46.0,46.0
B00DVUK5OC,281.0,,,,281.0
B00DVUN7K6,281.0,,,,
B00DW13X12,,,,,5.0
B00DZ0HKYG,163.0,,,,
B00DZHPCTE,577.0,,577.0,577.0,577.0
B00DZUKBFQ,23.0,23.0,23.0,23.0,
B00E0MM3MM,,,,,1.0
B00E155YD8,,,,,65.0
B00E1APW12,3.0,,,,
B00E1O51M8,,,4.0,,
B00E1RZJKE,,,6.0,6.0,
B00E1S0BRE,,,,,4.0
B00E2R1NS0,,,,,1536.0
B00E2VDRXK,,,,,14.0
B00E5WLI7S,,,,,1.0
B00E6S48H8,731.0,731.0,731.0,731.0,731.0
B00E71R9C0,,,44.0,,44.0
B00E7N77G6,,,,26.0,26.0
B00E7ND86O,192.0,,192.0,192.0,192.0
B00E86A8IG,1531.0,1531.0,1531.0,1531.0,1531.0
B00E90L40W,,7.0,,7.0,
B00E9IGAKS,,,,,3.0
B00E9RRQ8E,37.0,,37.0,,
B00EA8RKC4,1531.0,,,1531.0,1531.0
B00EAG30A2,,,,,24.0
B00EB9OX7M,,,,,590.0
B00EBCC0H4,,,,,252.0
B00EBCC16E,,,252.0,,
B00EBHRUIS,,,,88.0,88.0
B00ECIRC1Q,,,,15.0,
B00ED9YIFM,,,,,67.0
B00EDF3NFM,2.0,,2.0,,
B00EDKF5LM,,,,,16.0
B00EEEJLIU,,,,,57.0
B00EEHOP10,213.0,,213.0,213.0,213.0
B00EFEDW20,,,,,2.0
B00EGPLG6W,63.0,,,,
B00EGY1XZ2,,,,,3.0
B00EHLFTVS,18.0,,18.0,,18.0
B00EHMKNB8,,,,,13.0
B00EICK8LW,2676.0,,2676.0,2676.0,2676.0
B00EJA7N2U,,,,2.0,
B00EJNAW52,,,,,3.0
B00EJSJXO8,,,,,2.0
B00EL3U8B8,9.0,,,,
B00EL3U9DA,,,,2.0,
B00EMZMUMA,,,,48.0,48.0
B00ENGPMNM,,,,,5.0
B00ENNVIHE,,,,,207.0
B00EO0HFZA,,,,,11.0
B00EO2FGTU,,,,,1.0
B00EO5JVMA,,,,43.0,43.0
B00EOQAPFQ,,,,2.0,
B00EP89Y50,,,,,2.0
B00EP9AWCI,,,37.0,,37.0
B00EPCPRXO,,9.0,,9.0,
B00EPW22K0,,,,,6.0
B00EQACRJC,41.0,,,,41.0
B00ERN1SWU,,,3.0,,
B00ES0UM7E,,,,187.0,187.0
B00ES5BE8A,,,,,3.0
B00ESCTJBW,,,,,1.0
B00ESMRJPU,,,,,79.0
B00ESOO6RW,127.0,127.0,127.0,127.0,127.0
B00ESOOG5O,226.0,226.0,226.0,226.0,226.0
B00ETDJHBW,,,,,4.0
B00EUM6CRE,,,,,84.0
B00EUM6M4W,,,,,44.0
B00EUMSN58,,,,286.0,286.0
B00EV5D1LK,,,,,10.0
B00EWOTTK2,,,59.0,,59.0
B00EXZF01W,,,,377.0,377.0
B00EYHNAJI,,,,1.0,
B00EYQVJ92,,,,,2.0
B00EZFTXCW,76.0,76.0,76.0,76.0,76.0
B00EZI99KA,,,,,11.0
B00F1ZAPXQ,,,,75.0,75.0
B00F2AOJHI,,,,,3.0
B00F322A3K,,,4.0,,
B00F337WTQ,27.0,,,,
B00F3B50EM,,,,41.0,41.0
B00F51Y6E0,,,,8.0,
B00F5C27MM,,,,,4.0
B00F5KDXO0,,,,,5.0
B00F5MHFKG,360.0,360.0,360.0,360.0,360.0
B00F5UEZ9M,,,,,3.0
B00F68BCFS,,,,88.0,88.0
B00F6G6QGU,,30.0,30.0,,30.0
B00F7HFSGM,2.0,2.0,,,
B00F9FACZE,,,,,15.0
B00FA38EIM,,,8.0,,8.0
B00FAODLTI,,,,,1.0
B00FBLV0YS,,,,2.0,
B00FCMNA8A,,,,,6.0
B00FDUE3MI,29.0,,,,
B00FDUE3U0,,,29.0,29.0,29.0
B00FDUE4UO,,,,29.0,29.0
B00FDUE5I0,,,,29.0,29.0
B00FDUE6VG,,,,29.0,29.0
B00FDUE7Z6,,,,29.0,29.0
B00FDUE97M,,29.0,29.0,29.0,29.0
B00FDYREB6,,,,17.0,17.0
B00FE93H1G,,,,,1.0
B00FF49B60,,,1.0,,
B00FFDZM9G,,,,41.0,
B00FFDZNM2,,,41.0,,41.0
B00FFJ4Z20,,,,15.0,15.0
B00FFJ50UG,,84.0,84.0,,84.0
B00FFRA69I,,,,,16.0
B00FFYKMSQ,,,,64.0,
B00FGPXQIC,,,,,5.0
B00FHCOHKA,,,,,25.0
B00FJ3OXM4,,,,,1.0
B00FK5T54M,,,,,20.0
B00FKDTLBQ,5.0,,,,5.0
B00FMT81T6,,1.0,,,
B00FO8ZXH8,90.0,90.0,,,90.0
B00FOM3ASI,,,,,3.0
B00FPGYW62,,,,,11.0
B00FPOOJL2,7045.0,7045.0,7045.0,7045.0,7045.0
B00FPVDHT0,,,,,5.0
B00FR1COQK,,,,1.0,
B00FR1CPM8,,,,,21.0
B00FRVAEHQ,,,11.0,,11.0
B00FTY5GTC,,,,,7.0
B00FWZFO9U,,,,23.0,23.0
B00FYZJYW6,,,,44.0,
B00FZ3MFAA,2279.0,2279.0,2279.0,2279.0,2279.0
B00G1D3GDI,,,,,12.0
B00G2APDQ8,,,,,3.0
B00G3HW462,,,,,6.0
B00G4EFP1K,,,,,1758.0
B00G4EPEWU,156.0,,,156.0,156.0
B00G5CGME0,,,,31.0,31.0
B00G7TZZNA,,,43.0,,43.0
B00G99S3SM,,,,112.0,
B00G9B093C,,195.0,,195.0,195.0
B00G9ER08G,55.0,,,,55.0
B00GB51LTM,,,,,19.0
B00GB58D3Y,,,,,34.0
B00GB9YFAA,,,,1.0,
B00GCPT0EO,,,,,12.0
B00GDNPGGG,,,25.0,25.0,25.0
B00GFFQ76U,,,,1.0,
B00GFM7BZ4,,,,,11.0
B00GG2BHHG,96.0,,,96.0,96.0
B00GGGM8OS,180.0,,,,180.0
B00GGGM91A,,,,,180.0
B00GGGMCVC,,,,,180.0
B00GGGPJMG,,,,21.0,21.0
B00GGRB2T4,,,,,4.0
B00GH154LG,,,,,12.0
B00GHWNE6C,590.0,590.0,590.0,590.0,590.0
B00GHWOVBY,590.0,590.0,,590.0,590.0
B00GIFG65Y,,,,,4.0
B00GISWERK,,,,,9.0
B00GIUA4A2,,47.0,47.0,47.0,47.0
B00GJAV3PQ,231.0,,,,231.0
B00GKHGRZY,17.0,,,,
B00GL2DG8E,,,,2.0,
B00GLL02C8,440.0,440.0,440.0,440.0,440.0
B00GLXPL6I,,,,271.0,271.0
B00GLZSSO8,,,,,4.0
B00GM5J6ZC,,546.0,546.0,546.0,546.0
B00GMP0MCI,,,,,4.0
B00GMPUZ2U,,,,,4.0
B00GNKPB2S,,,,2.0,2.0
B00GO75LMK,,,,9.0,9.0
B00GOLUR5M,,,,,56.0
B00GP18ANW,41.0,,41.0,,41.0
B00GP8JC32,,,,,2.0
B00GQJHTLW,,,,,4.0
B00GSM42VC,,,,,2.0
B00GT432K6,,,3.0,,
B00GTA5VWM,,,,,3.0
B00GTJTCIW,458.0,,458.0,458.0,458.0
B00GTNZN4U,,,,4.0,
B00GTNZXFY,,,,,15.0
B00GTNZZ0M,,,,,4.0
B00GU4UHIA,,,,,1.0
B00GUECHME,,,,,2.0
B00GUVS8JI,,,,,1.0
B00GVXUFAA,209.0,209.0,209.0,209.0,209.0
B00GVXXTDU,9.0,,,,
B00GXKH4D2,355.0,,355.0,355.0,355.0
B00GYKGZ4K,,,,17.0,
B00GYRGRSM,,,,,2.0
B00GZYFRN0,,,,5.0,5.0
B00H04A1KS,,,,,5.0
B00H04A4F0,,,,,7.0
B00H0F6P9I,,,,,27.0
B00H3NCVSQ,,,,,1.0
B00H6QIDZ0,,,,,7.0
B00H6TFZ3K,,,,,2.0
B00H6WENW6,,,,81.0,81.0
B00H6XY98S,,,,,17.0
B00H6YRB0K,312.0,312.0,312.0,312.0,312.0
B00H6ZIEGO,127.0,,127.0,127.0,127.0
B00H7Z59FC,,,,,8.0
B00H86IVZ0,,,,,22.0
B00H8QPLFS,,,803.0,803.0,803.0
B00H93KKY2,1340.0,1340.0,1340.0,1340.0,1340.0
B00H9IIIRS,,,,,12.0
B00H9YG4QO,,,8.0,,
B00H9YG590,,,,8.0,
B00HA68HYS,,,,,5.0
B00HARZKVU,,177.0,177.0,177.0,177.0
B00HASVLJO,,,,,11.0
B00HBRYMSG,,,,,2.0
B00HC811EC,,,,,1.0
B00HCQTCJA,,,,,320.0
B00HCQXOOY,,,297.0,297.0,297.0
B00HE7JC9M,,10.0,,10.0,10.0
B00HERD1L2,,237.0,237.0,,
B00HERYIJ6,,,,15.0,15.0
B00HETXRXC,,,,,43.0
B00HFS86CE,,,,,1.0
B00HH081P2,,4.0,,,
B00HIE4SRW,,,75.0,,75.0
B00HITP2UY,,,,,1.0
B00HK3MSOG,,,,4.0,
B00HLQH964,,,,,14.0
B00HLXZMUM,,,,,1.0
B00HNAXJ1M,,,,,138.0
B00HNG3T3O,,,,29.0,29.0
B00HQY8SZC,,,,,96.0
B00HR57HB6,,58.0,,58.0,58.0
B00HRGFULY,,,5.0,,
B00HRSRJTS,233.0,,,,
B00HUHLZH8,,,207.0,207.0,207.0
B00HUY1N3C,,,,,10.0
B00HVFGA8I,,,,,22.0
B00HVG0X80,,,,,17.0
B00HWEWIDY,548.0,548.0,548.0,548.0,548.0
B00HWFAZN8,,,,3.0,
B00HWN2KXI,,,,,2.0
B00HYMPK7K,,,,,110.0
B00HYOH27E,,,,,56.0
B00HYOW1KC,,,,1.0,
B00HZRVUFK,,,,,7.0
B00I06FAHO,,,,,7.0
B00I0BI7T2,,,,11972.0,11972.0
B00I0GU8RG,3509.0,3509.0,3509.0,3509.0,3509.0
B00I14VF1A,259.0,,,,259.0
B00I14YXUK,,,,,6.0
B00I16G0S6,,,16.0,,16.0
B00I1994M2,,,,11.0,11.0
B00I1LI08O,,,,,14.0
B00I2TCDIS,,,,,7.0
B00I41OB7K,,,62.0,,62.0
B00I4ZAR1U,,18.0,,18.0,18.0
B00I4ZTGIA,2752.0,2752.0,2752.0,2752.0,2752.0
B00I53EGGS,2021.0,2021.0,2021.0,2021.0,2021.0
B00I5AAJ4E,,,,,6.0
B00I5AAK0W,,,,1.0,
B00I5HBBGW,,,,245.0,245.0
B00I5HJRN6,,208.0,,,208.0
B00I5PAQ8I,42.0,,,,42.0
B00I5UGX08,,,,,1531.0
B00I5ULM4K,,59.0,59.0,,
B00I6CRX5E,,16.0,,,16.0
B00I6CS02O,,,,,7.0
B00I6CS060,,,,,2.0
B00I6DXSG6,548.0,,548.0,548.0,548.0
B00I6LTWU4,,,1.0,,
B00I8A2GDI,,,,,5.0
B00I99P1V2,277.0,277.0,277.0,277.0,277.0
B00IA3EJJW,,,118.0,118.0,118.0
B00IAJH4JS,,,,,117.0
B00IBKB9FG,150.0,150.0,150.0,150.0,150.0
B00ICHIKGO,,,,,24.0
B00IDEQQ5S,,74.0,,,
B00IG779NU,,,2890.0,2890.0,2890.0
B00IGDM32Q,469.0,469.0,469.0,469.0,469.0
B00II467I4,,,,,25.0
B00II8QINO,,,,,7.0
B00IIECUV2,766.0,766.0,766.0,766.0,766.0
B00IJE3E48,,,102.0,102.0,102.0
B00IK2TPRY,,,3.0,,
B00IK4MN58,,,,,6.0
B00IKX3U5G,,,,166.0,166.0
B00IL1F0DW,,,,,20.0
B00IL1F0FA,,,36.0,36.0,36.0
B00IL1F0FU,51.0,,51.0,51.0,51.0
B00ILRNEPW,,,,,20.0
B00ILXIKD2,,,,166.0,166.0
B00ILXIN7A,,,,,8.0
B00ILY0M9G,,,,,328.0
B00ILY9E90,,,,,78.0
B00ILYB1IM,,,,,328.0
B00IMKSYTO,3921.0,3921.0,3921.0,3921.0,3921.0
B00IMKSZTS,,,,3921.0,3921.0
B00IMKT0OC,,,,3921.0,3921.0
B00IOTR73C,94.0,94.0,94.0,94.0,94.0
B00IOTXTPM,,,,,12.0
B00IP1M8ZQ,27.0,,27.0,27.0,27.0
B00IPB9OGM,,,,,1.0
B00IPKC50K,,,,,86.0
B00IPLCLO4,156.0,,,,156.0
B00IQ99OJU,,,,,166.0
B00IRE5BTQ,166.0,,,,166.0
B00IREN4JU,,,,328.0,328.0
B00IRJA5BA,,,,,4.0
B00ISBDOPQ,,,,3.0,
B00IUI1IWI,,,1400.0,1400.0,1400.0
B00IVK32YM,,,29.0,,
B00IXPHV6A,,,297.0,297.0,297.0
B00IXPVLXE,,,,561.0,561.0
B00IXWE1HK,,,,297.0,297.0
B00IZ72K8K,,,,,1.0
B00IZDVLTI,,,14.0,14.0,14.0
B00J09H25I,,,,,23.0
B00J0HWKP2,,45.0,,45.0,45.0
B00J0OO1CK,,,,4.0,
B00J1Z2OMM,,98.0,,98.0,98.0
B00J22KGGA,197.0,197.0,197.0,197.0,197.0
B00J2EPHAS,26.0,,,26.0,26.0
B00J2IWV9E,,,3.0,,
B00J2JK136,332.0,332.0,,332.0,332.0
B00J2JK34S,,,835.0,835.0,835.0
B00J3A6NVS,,,,,18.0
B00J3AGATS,,,72.0,72.0,72.0
B00J4D0VJY,22.0,22.0,,,
B00J4L57C2,137.0,,137.0,137.0,137.0
B00J5KD1W0,,,,51.0,51.0
B00J5M4JEC,,,,9.0,
B00J5M73U4,,,,6.0,
B00J62JLVM,312.0,,312.0,312.0,312.0
B00J7C3V5S,36.0,,,,36.0
B00J7LO36K,,,11.0,,
B00J7LO38I,312.0,312.0,312.0,312.0,312.0
B00JAMKVM6,222.0,,222.0,222.0,222.0
B00JDLE38C,,,,,1758.0
B00JDS15YA,,,,,3.0
B00JDS92NQ,160.0,,160.0,160.0,160.0
B00JEAEKOE,,,5.0,,
B00JEF9JUY,,,,,77.0
B00JEKE9DQ,,,,,58.0
B00JEVY6MO,,,,,2.0
B00JFH72CI,,15.0,,,15.0
B00JG3AMY6,,,12.0,,
B00JGAJ7YA,,30.0,,,30.0
B00JGS9VI4,,,,27.0,27.0
B00JH033KS,,,,18.0,18.0
B00JIKINUM,,,,,15.0
B00JINKS0W,75.0,,,75.0,75.0
B00JIWU060,,,,,297.0
B00JJ1S49A,,,,,14.0
B00JJ36YVS,69.0,,,,69.0
B00JJLO4BW,,128.0,128.0,,128.0
B00JKTJITQ,,31.0,31.0,,31.0
B00JNZ71T6,,,15.0,,
B00JOOJPGI,6.0,,,,
B00JPYS1VM,,,,,2.0
B00JQ1EQZO,6.0,6.0,,6.0,
B00JQIA4DK,,,4.0,,
B00JQO79M8,7.0,,,,7.0
B00JQO79MS,75.0,,,,75.0
B00JQO79NC,,,,,65.0
B00JQO79SC,37.0,,,,37.0
B00JQO79UK,224.0,,224.0,,224.0
B00JQZOZU6,,,,,4.0
B00JRB5Q52,,700.0,,700.0,700.0
B00JRB5REM,700.0,,,700.0,700.0
B00JSMVS5W,10.0,,,10.0,
B00JUAITUO,,,,,3.0
B00JUAKVHS,76.0,76.0,76.0,76.0,76.0
B00JUVAVZ4,,,,,2.0
B00JV35R3M,,,72.0,72.0,72.0
B00JV8VAYW,,,,,44.0
B00JVWKQNE,,,,,10.0
B00JVXOAAS,52.0,,,52.0,52.0
B00JVZ1IQU,52.0,,52.0,52.0,52.0
B00JW7E422,,,,,20.0
B00JXVPABG,3035.0,3035.0,3035.0,3035.0,3035.0
B00JZRSDNU,,,,,34.0
B00JZTLF7Y,,,86.0,,86.0
B00K0OW60I,258.0,258.0,258.0,258.0,258.0
B00K1K8BRI,,,3.0,,
B00K1KZPMC,,20.0,20.0,,20.0
B00K23TIFI,,,,,14.0
B00K2AYWWU,,,,2.0,
B00K2OITES,255.0,255.0,,,255.0
B00K30SQ8U,,,,,4.0
B00K340IZU,,,24.0,24.0,24.0
B00K48G0DO,,,,,1.0
B00K5T53BC,,,,,22.0
B00K5XZ3XQ,1.0,,,,
B00K6BIJ4C,,,,783.0,783.0
B00K6CPNH2,,,,,20.0
B00K7A6Q3I,51.0,,,,51.0
B00K8FZACA,,,,,8.0
B00K9ZEZWA,4.0,,,,
B00KA98ZLW,861.0,861.0,861.0,861.0,861.0
B00KAFAKFU,,,,,27.0
B00KAFBDJC,,,,,28.0
B00KAFBDJM,20.0,,,,
B00KAFBDKQ,99.0,99.0,99.0,99.0,99.0
B00KAFBDL0,6.0,6.0,6.0,,
B00KB6ZFIK,,,,,31.0
B00KBPT87U,,,,,1.0
B00KC06B4C,,,143.0,143.0,143.0
B00KCBVYNY,,,,,8.0
B00KCLLTK2,720.0,720.0,720.0,720.0,720.0
B00KCLZ1KQ,,,,675.0,
B00KCOQP8K,56.0,56.0,,,56.0
B00KD25EJC,14.0,,14.0,,
B00KD6CTHI,,,,30.0,
B00KDMWBPW,58.0,,,58.0,58.0
B00KERK4U0,,,,,7.0
B00KEW9I2A,,,,20.0,20.0
B00KGF2Q42,,,,,5.0
B00KGF2RKU,,,,14.0,14.0
B00KGF31BO,14.0,,,,14.0
B00KGF3BHS,,17.0,,,17.0
B00KGF47MQ,,23.0,,,23.0
B00KGFFYFK,,,2.0,,
B00KGVR8JY,,,,1.0,
B00KHAJ74I,,,,37.0,37.0
B00KHASH6C,,,,,79.0
B00KHRJYZS,,,53.0,53.0,53.0
B00KJS60HK,,,,,3.0
B00KJWQ2ZG,,,,,59.0
B00KKUQBYY,,,,1.0,
B00KKUVFGI,,,,29.0,29.0
B00KKUVHQ6,,,29.0,,29.0
B00KKUVLX0,,,29.0,29.0,29.0
B00KL11M1O,,,,3.0,
B00KL6R6I2,,,,,591.0
B00KLI7MXE,,,,2.0,
B00KLY0ZFA,,,,,3.0
B00KMP5NDW,26.0,,26.0,,26.0
B00KN9YDW4,,,,,272.0
B00KNJXG36,995.0,,,,995.0
B00KNWXBF6,,1432.0,1432.0,1432.0,1432.0
B00KNWYEF2,18732.0,18732.0,18732.0,18732.0,18732.0
B00KPFLGQ2,11.0,,,,11.0
B00KQHLP4C,,,,4.0,
B00KQUA0KO,,,,,88.0
B00KR05N0U,,,,,301.0
B00KS02H7G,487.0,,487.0,,487.0
B00KSDL0C6,,,,,3.0
B00KSZOELS,,,,,59.0
B00KSZPD36,34.0,,,,34.0
B00KT2MS6I,,,,,1.0
B00KTKC8TC,,,138.0,138.0,138.0
B00KTUUO9S,,,,6.0,6.0
B00KUJFM7W,,301.0,,301.0,301.0
B00KVIAZRO,,,,39.0,39.0
B00KVIB1D6,11.0,,11.0,,11.0
B00KVUS2Y0,,,,,14.0
B00KX8EYQ0,,,,,3.0
B00KXFZGFQ,,,30.0,,30.0
B00KZ297D4,806.0,806.0,806.0,806.0,806.0
B00KZ6WHTG,175.0,,,,175.0
B00KZLFLCQ,,,,,4.0
B00L1GOB5W,,,,,10.0
B00L1GRWPS,43.0,,43.0,43.0,43.0
B00L3955LG,,,,16.0,
B00L3GD6H4,,29.0,,,29.0
B00L673BEI,,150.0,150.0,150.0,150.0
B00L6TC1CO,,,,,17.0
B00L7SNOTS,,,,,3.0
B00L7SNSYO,,,18.0,,
B00L7SNT48,,,,,9.0
B00L7SNT4I,,,,,8.0
B00L81LLWG,448.0,,448.0,448.0,448.0
B00L82KKXQ,,448.0,448.0,448.0,448.0
B00LBG8DJM,,,,,19.0
B00LBJ1AS0,,,,,5.0
B00LCXRK7U,,480.0,480.0,480.0,480.0
B00LD8EJPK,97.0,,97.0,97.0,97.0
B00LDNCZ2Y,,,,,21.0
B00LEFYG1E,,,,,5.0
B00LFMEIRS,1.0,,,,
B00LFXYCG4,,,,,22.0
B00LGE1XXM,,,,65.0,65.0
B00LGE1XYG,,,,,64.0
B00LGYCKB6,,,,,4.0
B00LI5MT96,25.0,25.0,,,25.0
B00LI6O6G4,,,,19.0,19.0
B00LI7PI0Q,2044.0,2044.0,2044.0,2044.0,2044.0
B00LIJ6GVY,6.0,,,,
B00LIX5XUK,,,,,7.0
B00LKCB7TA,,,,,45.0
B00LLZ9KGS,,49.0,,,
B00LN025X6,,,,20.0,20.0
B00LO3DC1Q,9260.0,9260.0,9260.0,9260.0,9260.0
B00LOILYXE,,,,,28.0
B00LP99DG2,36.0,,36.0,,36.0
B00LPBAG02,,,,,5.0
B00LPSY5A2,,,,,4.0
B00LPUCQ2O,,,,,39.0
B00LT5D7WS,,,,,1.0
B00LTCTH52,7.0,,,,
B00LTL7WC8,106.0,,,,106.0
B00LTS95BM,,,,,1.0
B00LU21CQ8,52.0,,,,52.0
B00LU21DTY,,52.0,,52.0,52.0
B00LV3RMME,,,,,3.0
B00LV3RUGC,,,,,2.0
B00LV3ST1W,,,,,6.0
B00LV71SAW,,,,,1.0
B00LV9OYMO,147.0,147.0,147.0,147.0,147.0
B00LVP858M,320.0,,320.0,320.0,320.0
B00LWBJLME,,22.0,,,22.0
B00LWC767K,,,,,7.0
B00LWEPZBM,1.0,,,,
B00LWI1B84,,,,24.0,24.0
B00LWI8IGW,,,,,48.0
B00LXLEFJW,9.0,,,,9.0
B00LZPDW68,,,,,41.0
B00LZWY4FO,,,,25.0,25.0
B00LZXA04M,,,,,1.0
B00M05CKII,,7.0,,,7.0
B00M0Q16HS,,66.0,,,66.0
B00M0SJTO8,,,,,48.0
B00M1U485A,,,,,5.0
B00M1V8ECC,,,,29.0,29.0
B00M1V8KE4,,,,29.0,29.0
B00M1Y7P0Q,1.0,,,,
B00M21EKBK,26.0,,26.0,,26.0
B00M2DCQU0,,,,7.0,7.0
B00M3IG2TA,,,,29.0,29.0
B00M3TE4M6,,2.0,,,
B00M4GQR5A,34.0,,,34.0,
B00M5RZ5C4,,,,,5.0
B00M7HK54K,,,,29.0,
B00M7RZX7E,,,,,1.0
B00M7SZX6O,,,,,406.0
B00M8C2XLC,,,,,4.0
B00M8MC5H4,,,107.0,107.0,107.0
B00M8XFJPS,,,,,5.0
B00M9DB2CG,,,,,3.0
B00M9HK2S2,,,,,10.0
B00MAPRUSI,,,,,17.0
B00MCCZHSY,,,,24.0,24.0
B00MCX4LD0,,191.0,191.0,191.0,191.0
B00MEWIJUK,,314.0,,,314.0
B00MF8BIBA,,,15.0,,
B00MFDE010,,,,,469.0
B00MFX4B3C,,371.0,371.0,371.0,371.0
B00MGI4XWU,,,41.0,,
B00MGI4YU6,39.0,,,,
B00MGTWNKI,,,,50.0,50.0
B00MH57JWS,,,25.0,25.0,25.0
B00MM1C7TC,2.0,,,,
B00MN5PKIW,4.0,,,,
B00MN5Q1RG,,10.0,,,
B00MNKNFMK,66.0,66.0,,,66.0
B00MNU85VQ,23.0,,23.0,,23.0
B00MNWQA7A,725.0,,,725.0,725.0
B00MNYL29E,,,,,3.0
B00MNZ0POG,6.0,,,,
B00MO0ZOFU,,,,,11.0
B00MO0ZOGE,,,24.0,,
B00MO0ZOGY,,,,,21.0
B00MO0ZOH8,,11.0,11.0,,11.0
B00MOXM2AM,,,,,44.0
B00MPY42GM,,,,49.0,49.0
B00MQ1QEWE,,,,,1.0
B00MQ8AARC,,,,,2.0
B00MQAF4K8,,,,42.0,
B00MQS2X18,,,,,1.0
B00MQU0OBC,,,,,2.0
B00MUA4Q76,,27.0,27.0,,27.0
B00MV7D5KW,,93.0,93.0,,93.0
B00MVXWZH0,,47.0,,,
B00MWNGPM0,,,,,13.0
B00MWYX4P0,,,1.0,,
B00MX2JC3E,,,,6.0,
B00MX2KXE6,218.0,218.0,218.0,218.0,218.0
B00MXM6GXI,,,,,5.0
B00MYA5PMM,244.0,,244.0,244.0,244.0
B00MYA5PN6,244.0,244.0,244.0,244.0,244.0
B00MYGYN7O,332.0,332.0,332.0,332.0,332.0
B00MZFN2XA,,,,,4.0
B00MZHGA3C,159.0,,,,159.0
B00MZPFODQ,,,51.0,,51.0
B00N19N00Y,,,,,47.0
B00N2KTFHY,,,,,1.0
B00N2LKPD6,,,,4.0,
B00N3B5I64,,,,,2.0
B00N3PIT5W,,,,,7.0
B00N49SNS0,,,,,4.0
B00N4DX4S0,,,,,2.0
B00N555I54,69.0,,69.0,69.0,69.0
B00N6JUK34,,,,,2.0
B00N76LGA2,238.0,238.0,,238.0,238.0
B00N8R2NOI,,11.0,,11.0,11.0
B00N95Q3UY,,,,,6.0
B00N9BG9YI,,,,,25.0
B00N9ILA18,,,,4.0,
B00N9XPPO6,726.0,726.0,726.0,726.0,726.0
B00NARYYIE,,,31.0,31.0,31.0
B00NB6BY2I,,,,,42.0
B00ND2C4TC,8.0,,,,
B00NDOYMAE,12.0,,,12.0,
B00NE7GCK8,,,,,4.0
B00NEHP074,,,92.0,92.0,92.0
B00NFCPYZ6,7.0,,7.0,,
B00NFFBWIG,6973.0,6973.0,6973.0,6973.0,6973.0
B00NFU5D68,,,,,25.0
B00NFUYS1Y,,,,,43.0
B00NFV7VU8,,,,,23.0
B00NFWR76U,,,,,29.0
B00NGPMRIY,,,,,6.0
B00NH24B8U,,,,,5.0
B00NH29DLK,,,,9.0,
B00NH2BHIM,,36.0,,,36.0
B00NH2GXNQ,,,,,7.0
B00NH4LNT8,146.0,146.0,146.0,146.0,146.0
B00NH6206G,,,30.0,,30.0
B00NH9383M,,,7.0,,
B00NJ2IPIA,,,,,7.0
B00NKP5OPI,,,,17.0,
B00NLBCU58,,,,,103.0
B00NLBE8O4,270.0,,,,270.0
B00NLBEYFW,,,,,123.0
B00NLOC910,,135.0,,,135.0
B00NM91UAA,,12.0,,,12.0
B00NMAI3UY,,,,,172.0
B00NP0NJ64,,,3.0,,
B00NPLF7Y0,,,,,8.0
B00NPXR7GO,,,,,6.0
B00NQD0EDG,195.0,195.0,,195.0,195.0
B00NQGFO06,53.0,,53.0,,53.0
B00NQGFWTO,175.0,,,,175.0
B00NQGGYDW,141.0,,,,141.0
B00NQGH0R6,,,,40.0,
B00NQHL3QO,,,11.0,,
B00NQQ4QFA,,,,,47.0
B00NTGV5XI,,,,,6.0
B00NUAN9CS,,,,,12.0
B00NUF8SO2,,44.0,44.0,44.0,44.0
B00NUQPYNE,,,,23.0,
B00NVIO478,,10.0,,,
B00NVKN2C4,,141.0,,141.0,141.0
B00NW6YIZC,,,,4.0,
B00NWG9SE8,,,33.0,33.0,33.0
B00NWOXW1A,1692.0,1692.0,1692.0,1692.0,1692.0
B00NX47E04,,,,30.0,
B00NXD496C,20.0,,,,20.0
B00NXK5J00,,,,,84.0
B00O05IQXO,,,,,1.0
B00O0E81FS,,,,,6.0
B00O10Y1OQ,6.0,6.0,,,
B00O112S90,,,5.0,,5.0
B00O14H03G,,,,,1.0
B00O1BYP8M,339.0,,,,339.0
B00O2A4KAA,,,,,44.0
B00O30E6V2,,,,,3.0
B00O36D7Y8,,,,,155.0
B00O3UDNZW,,,,,18.0
B00O4JS9VU,,,,,9.0
B00O4WAQF4,,,,,1.0
B00O4ZTQEI,,,,25.0,25.0
B00O5CW5RA,,,2892.0,2892.0,2892.0
B00O72USFO,,,,,43.0
B00O7BSXRA,995.0,995.0,,995.0,995.0
B00O7CPL6U,,,,,281.0
B00O7F7LG0,,351.0,,351.0,351.0
B00O7ROD3C,,,1117.0,,1117.0
B00O7WMFBE,121.0,121.0,121.0,121.0,121.0
B00O80QEWQ,,,20.0,20.0,20.0
B00O8LJAFS,1121.0,1121.0,1121.0,1121.0,1121.0
B00O8LUAZM,,,,1121.0,1121.0
B00O8NXUHA,200.0,200.0,200.0,200.0,200.0
B00O99CQUA,,,,,52.0
B00O99D6UO,,,,,52.0
B00OAXYQPI,,,,435.0,435.0
B00OB4RHUC,,,,,1.0
B00OBAHQFM,,,,,12.0
B00OE7PMNU,,,,,1.0
B00OGM9JQO,,,,6.0,6.0
B00OH3VQZO,,,,,6.0
B00OH3VZE6,,,,,25.0
B00OH3W1U8,,,,,21.0
B00OH3W35G,,,,,7.0
B00OH95Q2C,,,,,15.0
B00OHXLCEO,,,,,20.0
B00OHZS3A8,,,376.0,376.0,376.0
B00OI6K6ZQ,36.0,,36.0,36.0,36.0
B00OI6MLFO,263.0,263.0,263.0,263.0,263.0
B00OJ1311G,,,,,3.0
B00OJ13314,,,,,8.0
B00OJ134QS,,,,,5.0
B00OJ13OG8,,,,,16.0
B00OJ7784G,279.0,279.0,279.0,279.0,279.0
B00OJHTE70,1145.0,1145.0,1145.0,1145.0,1145.0
B00OJLZTYI,,,,,1.0
B00OJMEX1M,,,,481.0,481.0
B00OJMEX5I,481.0,,481.0,,481.0
B00OJMEX9E,,481.0,481.0,481.0,481.0
B00OJZYWLU,,,617.0,617.0,617.0
B00OK5CPE0,,,,19.0,19.0
B00OLDFCU0,,,,,1.0
B00OM19Q7Q,,,,20.0,20.0
B00OPWD2ZY,,,281.0,281.0,281.0
B00OQQXTQG,135.0,135.0,135.0,135.0,135.0
B00ORW4580,115.0,115.0,115.0,115.0,115.0
B00OSHFOU2,276.0,276.0,276.0,,276.0
B00OTWD94O,,,,,33.0
B00OTYTRZC,438.0,,,438.0,438.0
B00OTYV8ZY,,,438.0,438.0,438.0
B00OU97OXS,,,,6.0,6.0
B00OUN6VO2,,,,,4.0
B00OURMZ02,,64.0,64.0,64.0,64.0
B00OURNJOI,,,,116.0,116.0
B00OURNTFC,95.0,,95.0,95.0,95.0
B00OUSESS8,,,,,23.0
B00OVA67R0,,,120.0,120.0,120.0
B00OVHFQ7K,,,,,195.0
B00OVHFSL4,,,,,195.0
B00OVHGB6A,,,,,195.0
B00OVHGDK4,,,,,195.0
B00OVHGJ6M,,,,,195.0
B00OY0L2QS,,,,,51.0
B00OYQ3IIC,235.0,,235.0,,235.0
B00OZSTW20,21.0,,,,21.0
B00P011RIS,1.0,,,,
B00P1NBKSW,492.0,492.0,492.0,492.0,492.0
B00P1NBL40,2596.0,2596.0,2596.0,2596.0,2596.0
B00P1QYHSO,,26.0,,,26.0
B00P25XD6G,,,,,3.0
B00P2AAW9C,,,,9.0,
B00P4P152I,,62.0,,,
B00P60QA9Y,,,,3.0,3.0
B00P60QACQ,,,,,3.0
B00P76BB0A,,,,,6.0
B00P76BB28,13.0,,,,13.0
B00P88RY4E,,,,,34.0
B00P8D34KC,,45.0,,45.0,45.0
B00P8Y99IC,,,,,19.0
B00P91BASQ,,,,,28.0
B00P9QG8Z6,,37.0,37.0,37.0,37.0
B00PA14TME,,,8.0,,
B00PBZMLL0,,,,,1.0
B00PBZQMSI,,,,,10.0
B00PC77XZQ,,,,19.0,
B00PCKMCR2,,,,,41.0
B00PHV4YJ0,1.0,,,,
B00PHVAEGC,,,,,6.0
B00PIW5PPA,,,,,1.0
B00PJ6E8VM,,,,195.0,195.0
B00PLD5ZRO,,,,,33.0
B00PM1C578,17.0,,,17.0,17.0
B00PM8JVQO,,,,,2.0
B00PM948TI,477.0,477.0,,,477.0
B00PMLYTZE,,,,5.0,
B00PMOKBZS,,,,,11972.0
B00PP6NBL4,,,,,9.0
B00PRIMIKA,104.0,,104.0,104.0,104.0
B00PSBK80S,,,,,5.0
B00PSY6Z2K,30.0,,,,
B00PTBJR0E,114.0,114.0,,,114.0
B00PU4LAW8,,,,,1.0
B00PUZPI98,,,117.0,,117.0
B00PV28AKY,,,,270.0,
B00PVCU2EQ,,5.0,,,
B00PVM7CUS,,,,,3.0
B00PYHNJL6,8.0,,8.0,,
B00PYSXVFE,84.0,84.0,,84.0,84.0
B00Q0H0XBS,,,,,21.0
B00Q173R9C,,2.0,,,
B00Q1VUUG6,4.0,,,,4.0
B00Q23KDVU,2596.0,2596.0,2596.0,2596.0,2596.0
B00Q23KEP0,2596.0,2596.0,2596.0,2596.0,2596.0
B00Q2O56LG,145.0,145.0,145.0,145.0,145.0
B00Q554JZQ,903.0,,903.0,903.0,903.0
B00Q554MHQ,,,,,48.0
B00Q5I0RCW,45.0,,45.0,45.0,45.0
B00Q77TMD6,,,120.0,,120.0
B00Q7OBLFG,,,,,11.0
B00Q7S4IY8,,,,,3.0
B00Q84QDQC,,,,,8.0
B00Q8JK8DQ,,,,81.0,81.0
B00QA427LA,,,1.0,,
B00QD9R58M,,,,,4.0
B00QFTHNSC,,30.0,30.0,,30.0
B00QGDS41C,,,,,13.0
B00QI0S8GY,691.0,,691.0,691.0,691.0
B00QIA421Y,,42.0,,42.0,42.0
B00QLDPG7M,,,29.0,29.0,
B00QLDPNXO,,,,,29.0
B00QLDPSDY,,,,29.0,29.0
B00QLDQ3BU,29.0,,29.0,29.0,29.0
B00QLDQ3CY,,,,29.0,29.0
B00QLDQEIM,,,,29.0,
B00QLDQG9O,,,,,29.0
B00QMS86WI,,,26.0,26.0,26.0
B00QPBBFVQ,,,,,17.0
B00QPSPK2E,2.0,,,,
B00QQ5JRXO,31.0,31.0,,31.0,31.0
B00QSW6I64,32.0,,32.0,,32.0
B00QTZUDNO,,,,,22.0
B00QUJLFR2,,,,,17.0
B00QV2STVI,,33.0,,,
B00QW3H0DE,,,74.0,,74.0
B00QWV8K7G,179.0,,,179.0,179.0
B00QXSRVWI,,,,,6.0
B00QXY1IL2,,,96.0,,
B00QXYDE1Y,96.0,,96.0,96.0,96.0
B00R2C8EE8,,,,,26.0
B00R3NFJN0,124.0,,,124.0,124.0
B00R4259XK,,,,,4.0
B00R5BV3PS,,127.0,127.0,,127.0
B00R5FC0S8,,,91.0,,91.0
B00R5LR69K,,,,,10.0
B00R5PBCFK,,8.0,,,
B00R6XIUZQ,174.0,174.0,174.0,174.0,174.0
B00R6ZQ3MG,167.0,,167.0,167.0,167.0
B00R73XCKI,148.0,148.0,148.0,148.0,148.0
B00R7AL1I6,,,,,1.0
B00R894R50,,,124.0,124.0,124.0
B00R8IXUMW,64.0,,,,64.0
B00R8IYAZ8,,,,,2.0
B00R9D47AA,51.0,,,,
B00RASOFW4,,,,,111.0
B00RBTI8KW,,39.0,,,
B00RBTIAQO,,,,,6.0
B00RDK1B1C,141.0,141.0,141.0,141.0,141.0
B00RDNH0LY,,,,,6.0
B00RE2WK5U,,,20.0,,
B00RG31IJ6,,,,,46.0
B00RH2MIWM,39.0,,,,
B00RM5GV2C,,,,,42.0
B00RNKFGB8,,,,,29.0
B00RNKFYL0,,,,,7.0
B00ROIUUWE,,,,47.0,47.0
B00RPMZYDE,,,,,2.0
B00RQYVKL6,,,,1.0,
B00RTGAX28,,,,,2.0
B00RUDT0VK,75.0,75.0,75.0,75.0,75.0
B00RVCU5KU,,,110.0,110.0,110.0
B00RY57LAG,60.0,,60.0,,60.0
B00RYQGG06,65.0,,,,65.0
B00RZK2VQ4,,,335.0,,335.0
B00RZK32PI,,,,,335.0
B00RZK3ECO,,,,,66.0
B00RZK3JWY,110.0,,,,
B00RZK3RTY,335.0,,,335.0,335.0
B00RZT1HGU,,,,,13.0
B00S09CD8A,20.0,,,,20.0
B00S0E1S7W,438.0,438.0,,438.0,438.0
B00S0E1WM8,,169.0,,,
B00S13O8RY,937.0,,,937.0,937.0
B00S13O8VA,3573.0,3573.0,3573.0,3573.0,3573.0
B00S1T7ELK,,,,,4.0
B00S1T7FLY,,,95.0,95.0,95.0
B00S1T7H5I,9.0,,,,
B00S1T7LMW,,,,,44.0
B00S26VWHY,,,,,58.0
B00S30UOSW,,,,,10.0
B00S3I3YZ4,255.0,,,255.0,255.0
B00S684SZQ,58.0,,58.0,58.0,58.0
B00S684Y8M,,,,58.0,
B00S68AAI0,68.0,68.0,68.0,68.0,68.0
B00S71D8MG,,,,,1.0
B00S7NGBPK,,,,15.0,15.0
B00S99CKBG,,5.0,,,
B00S9ADWMQ,40.0,40.0,40.0,40.0,40.0
B00S9ADWOE,47.0,,47.0,47.0,47.0
B00S9ADWPS,,,,31.0,31.0
B00S9ANKKU,,8.0,,,
B00SB15W8A,86.0,,,,86.0
B00SB167RA,,,,,129.0
B00SB167YS,,,,,139.0
B00SB16ATK,103.0,,,,
B00SB8OW1Q,,,26.0,,
B00SB95REG,,,,,13.0
B00SBVB5ZE,,,,,12.0
B00SC4FSCG,3750.0,,3750.0,,3750.0
B00SCGPMDY,,,,,3.0
B00SCQ5FF4,,259.0,259.0,259.0,259.0
B00SF0YN7S,,,,8.0,8.0
B00SGHPFRW,,,,,42.0
B00SGVUV2M,121.0,121.0,121.0,,121.0
B00SHH5NX2,,,,2.0,
B00SHWTTCS,,,,5.0,
B00SKDDSK8,,,,,12.0
B00SKEBWN2,1758.0,1758.0,1758.0,1758.0,1758.0
B00SLWRXV8,,5.0,,,
B00SMIPS5Y,11.0,,,11.0,11.0
B00SNBZOP4,111.0,111.0,111.0,111.0,111.0
B00SPFJUR6,,,,4.0,
B00SPFN47I,,,,,2.0
B00SQEZPJ8,4827.0,4827.0,4827.0,4827.0,4827.0
B00SS49C8G,6.0,,,6.0,
B00SS49UVA,6235.0,6235.0,6235.0,6235.0,6235.0
B00SS52JFI,7.0,,,,7.0
B00SSBN1WW,,,46.0,46.0,
B00STVFT7G,,,,,18.0
B00STY1D9G,82.0,,82.0,82.0,82.0
B00STY88ZI,69.0,69.0,69.0,69.0,69.0
B00SUCWZVW,62.0,,62.0,,62.0
B00SUECHE0,,,,21.0,21.0
B00SULKKB0,,,,,26.0
B00SUXWPL6,,,,3.0,
B00SVGMJHC,,,,,424.0
B00SW5VXXS,30.0,,,,
B00SWYFW3Q,168.0,,,168.0,168.0
B00SX10LOI,117.0,,,,
B00SXC501Q,,,,,1.0
B00SXWI40A,24.0,24.0,,24.0,
B00T1T1OCO,,,10.0,,10.0
B00T3PH4C0,,,,,16.0
B00T3VA8A4,,70.0,,70.0,70.0
B00T6Q9Q86,,,24.0,24.0,24.0
B00T6TDYFY,,,,,19.0
B00T72ROSS,48.0,,48.0,48.0,48.0
B00T72RTIS,,48.0,,,48.0
B00T72RTLU,,,,,48.0
B00T74LLLW,,,250.0,250.0,250.0
B00T857KLK,,,279.0,279.0,279.0
B00T8OBY7C,,,,,19.0
B00T98UEFA,365.0,365.0,365.0,365.0,365.0
B00TAGVUXQ,57.0,,57.0,57.0,57.0
B00TE2V6RG,,,,22.0,22.0
B00TES8WHC,,,,,15.0
B00TFSVIOU,,162.0,,162.0,162.0
B00TG9TG3I,95.0,,95.0,95.0,95.0
B00TGE2O5U,,,,,5.0
B00THA84NY,,,,,11.0
B00THHCY60,,,52.0,,52.0
B00TIFJN06,492.0,,,,492.0
B00TIP9WH0,,4.0,4.0,,
B00TIPGB38,,,,6.0,
B00TIWQK7I,,,,,7.0
B00TJIBX2I,1165.0,1165.0,1165.0,1165.0,1165.0
B00TKUWYTQ,,,,,41.0
B00TNWGZE6,113.0,,,,113.0
B00TQ6QHJM,,,,,26.0
B00TR69UNG,70.0,70.0,70.0,70.0,70.0
B00TT5UKX4,19.0,,19.0,,
B00TU5BEOC,,1.0,,,
B00TU8AP4Y,,,6.0,,6.0
B00TUDNC3U,,20.0,,,20.0
B00U0JOIK4,,,,,2.0
B00U0JP1J6,,3.0,,,
B00U0OX1G6,,2.0,,,
B00U0Z2QD4,,,,8.0,8.0
B00U1L73MG,14.0,,,,14.0
B00U2RMAJ0,,,,,46.0
B00U2VSSU6,,,,,3.0
B00U2Z3LT0,,,,1.0,
B00U3F5GUQ,3.0,,,,
B00U5ULCZW,,14.0,14.0,14.0,14.0
B00U652GII,,,12.0,,
B00U6GH5KG,1.0,,,,
B00U6P17V0,67.0,67.0,,,67.0
B00U6VDV4U,,,,,28.0
B00U6YLQXK,94.0,,,,
B00U7M2HJS,,,,,903.0
B00U7M2IT2,,,,903.0,903.0
B00U7WZT98,307.0,307.0,307.0,,307.0
B00U7Z1Y9Y,159.0,159.0,159.0,159.0,159.0
B00U7Z3PZ0,,,,,21.0
B00U87LZ5Y,2.0,,,,
B00U8B6IW0,,,,,15.0
B00U8IIBIM,,,58.0,,58.0
B00U8IVS0A,,,,,866.0
B00U8OFKSA,5.0,,,,
B00U8OGVMO,,1.0,,,
B00U9RV1DY,6786.0,6786.0,6786.0,6786.0,6786.0
B00UA6J1EU,,,24.0,,24.0
B00UAB8E3Y,286.0,,286.0,286.0,286.0
B00UAJTJWQ,15.0,,,,
B00UAJTMEG,17433.0,17433.0,17433.0,17433.0,17433.0
B00UB1TLYE,,,,,51.0
B00UBRJZ5I,,,,,3.0
B00UBSHFMW,,,,,13.0
B00UBSII9Q,6.0,,,,
B00UC6KQK6,,,,,19.0
B00UC8FEK6,104.0,,104.0,,104.0
B00UC8FUO6,,,,21.0,21.0
B00UCE8ZTC,,,,,20.0
B00UCWRELO,,,,,10.0
B00UEQLAWW,,,,,26.0
B00UF3JP6W,,,,,49.0
B00UFW01RU,,,,,1321.0
B00UGC0F6G,,162.0,,,162.0
B00UIDP1Y4,314.0,314.0,314.0,314.0,314.0
B00UIYVOWQ,,,,,4.0
B00UJ9C4GA,165.0,,165.0,165.0,165.0
B00UKC1FT8,,,,890.0,890.0
B00UKQ58SI,516.0,516.0,516.0,516.0,516.0
B00ULEL3NI,,,13.0,,13.0
B00ULOKK2S,,,,,3.0
B00ULV15Z2,9.0,9.0,,,
B00UM2THQO,,,,,13.0
B00UMWYTJO,,,,110.0,
B00UR46MI8,942.0,942.0,942.0,,942.0
B00UR46MM4,,942.0,942.0,,
B00UR6LAMO,,,,,6.0
B00US3ZZ22,44.0,,,,44.0
B00UU06JUU,,,934.0,934.0,934.0
B00UUMO8HE,,,,,9.0
B00UVBLJOE,,,,6.0,
B00UVS4RGY,,,36.0,,
B00UVSTX9K,,,,,20.0
B00UWCWMP2,686.0,686.0,686.0,686.0,686.0
B00UXNUZMW,125.0,,125.0,125.0,125.0
B00UXRQK1I,,,,,179.0
B00UZ9NNJ6,,,,,3.0
B00UZAS598,,,,,80.0
B00UZS8MJ8,5.0,,,,
B00V0EV73Y,,,,,56.0
B00V234PCI,,,,,1.0
B00V2568XK,,,,,9.0
B00V2569AM,68.0,,68.0,68.0,68.0
B00V2RQTMS,25.0,,,,25.0
B00V37H7Y6,16.0,,,,
B00V3H3QKA,15.0,,,,15.0
B00V6C50CO,133.0,133.0,133.0,133.0,133.0
B00V6JL5LC,,,,1.0,
B00V6QN4FU,,,,,2.0
B00V73OA6O,4655.0,4655.0,4655.0,4655.0,4655.0
B00V9PQ3J2,,,21.0,21.0,21.0
B00V9RSPNC,,,,,4.0
B00VG0VFMA,,,,,2.0
B00VGRGGEA,,167.0,167.0,167.0,167.0
B00VH3OO4C,,91.0,,91.0,91.0
B00VJQ0310,,10.0,10.0,,
B00VKWE756,,,,167.0,167.0
B00VKWHZN2,,,,,167.0
B00VLY3ZKQ,135.0,,135.0,135.0,135.0
B00VMGTDY0,,,,,8.0
B00VNDQXL8,126.0,,126.0,126.0,126.0
B00VPV19DA,,,,,8.0
B00VQ65VCY,,,,,158.0
B00VQ65VSI,,,,,41.0
B00VQ6613W,,,,61.0,61.0
B00VQ7HQV2,882.0,882.0,882.0,882.0,882.0
B00VQ7HUFE,,2.0,,,
B00VQ7HXBA,14.0,,,14.0,
B00VQO43LQ,,,,,1.0
B00VRC22N8,,,,,7.0
B00VSBP140,,,,,13.0
B00VSBP1K4,532.0,,532.0,,532.0
B00VSBQ31K,,393.0,393.0,393.0,393.0
B00VT3MTRO,,,11.0,11.0,
B00VTS802W,,,,,6.0
B00VTU36L0,,,779.0,,779.0
B00VU4QF90,,,,,83.0
B00VU522E6,,,,,1.0
B00VUG2G2I,,,6.0,6.0,
B00VUG8BTA,,,,,13.0
B00VUG9B8K,,,27.0,27.0,27.0
B00VUUGLIO,,,,,12.0
B00VV22G8K,310.0,310.0,310.0,310.0,310.0
B00VV22KZE,337.0,,337.0,337.0,337.0
B00VVJB4LI,,,,,3.0
B00VVJG378,,96.0,,,96.0
B00VVPTA3Q,,,,,2.0
B00VWJO2CK,104.0,,104.0,104.0,104.0
B00VWWG8JM,292.0,292.0,292.0,292.0,292.0
B00VXNV9EO,,,,,2.0
B00VZT7XAA,,,,,3.0
B00W0OIGFU,71.0,,71.0,71.0,71.0
B00W0OIH9K,17.0,,,17.0,17.0
B00W223IL2,443.0,,,443.0,443.0
B00W23CBGY,,567.0,567.0,567.0,567.0
B00W37YYPU,,,,16.0,16.0
B00W4181V8,,,,,17.0
B00W4HUPJ8,688.0,,,,688.0
B00W4IJL9C,6.0,,,,
B00W4REQ16,200.0,,200.0,200.0,200.0
B00W4UCO4Y,,,,,9.0
B00W5AD10E,,,,,3.0
B00W5RPXSU,,325.0,,325.0,325.0
B00W5RQ2QM,652.0,652.0,652.0,652.0,652.0
B00W5UGGVK,6.0,,,,6.0
B00W5UZFEO,,,,3.0,3.0
B00W5YF6IU,,,,23.0,23.0
B00W6908MS,,,,,8.0
B00W6EMFBU,,,,,8.0
B00W7T65EW,,,,35.0,35.0
B00W9QUGNO,,,,1.0,
B00WA5CPZG,,,,35.0,35.0
B00WAABLBA,,,26.0,26.0,26.0
B00WDOSPXA,305.0,305.0,305.0,305.0,305.0
B00WFHJTJO,60.0,,,60.0,60.0
B00WGKIPHM,326.0,326.0,326.0,326.0,326.0
B00WH8FIDW,,75.0,,75.0,75.0
B00WHL5CF8,,,,,5.0
B00WHR7OMG,,169.0,169.0,169.0,169.0
B00WHR7ONK,,,18.0,,
B00WI4NEXQ,,,,12.0,12.0
B00WIJ56VY,,,,,52.0
B00WIP1PTA,,2.0,,,
B00WIP2490,,,,3.0,
B00WIP2OAE,,,,,2.0
B00WJ0YGL8,,,,,55.0
B00WJ18EMY,,,38.0,38.0,38.0
B00WJ1IFWI,,,,,47.0
B00WJ2GVYG,,,,,32.0
B00WJ4AI66,,,,,5.0
B00WJIXIIW,,,,,164.0
B00WJJ58S4,,,,116.0,116.0
B00WKLBUF6,198.0,198.0,198.0,198.0,
B00WKLIKK4,,,,,54.0
B00WKM07M2,,,,,27.0
B00WLBKNVC,,,,,4.0
B00WM53RGK,,,,,92.0
B00WMT908A,,,,7.0,
B00WNGCUUM,,,,2.0,
B00WNHIVSG,,,,257.0,257.0
B00WNHIVYU,,,,257.0,257.0
B00WNHIVZE,,257.0,257.0,,257.0
B00WNLI8QW,,18.0,,18.0,18.0
B00WNRV0UW,,,,20.0,20.0
B00WO7OF0I,,,,,22.0
B00WO90UGY,,,,,53.0
B00WORVKX8,,,,,73.0
B00WP7IM1K,,,10.0,,
B00WQGGBMM,1.0,,,,
B00WQPH4RE,,995.0,995.0,995.0,995.0
B00WR2M296,23.0,,,,23.0
B00WRMKMMK,,,621.0,621.0,621.0
B00WRMKSRY,,,,1441.0,1441.0
B00WRMKWLQ,,197.0,,,197.0
B00WSUCQLG,,,,,12.0
B00WT3158M,121.0,,121.0,121.0,121.0
B00WVPDN7E,,,,,10.0
B00WVUQERA,,,,8.0,
B00WVVADU8,8.0,,,8.0,8.0
B00WVX3XB2,,,104.0,104.0,104.0
B00WW9RRD0,,,,37.0,
B00X1626OI,,,,,295.0
B00X3BMQ3M,,,,,8.0
B00X4STQLO,,,,,32.0
B00X5NL5G2,,,,16.0,
B00X6D9KTU,26.0,26.0,,26.0,26.0
B00X6DCUME,,,,,376.0
B00X6DD276,,,376.0,,376.0
B00X6DD3UW,,378.0,,,378.0
B00X6DD8IY,,,,,375.0
B00X6V9OFW,56.0,,56.0,,
B00X730OOE,,,,,1.0
B00X730W1Y,,,,,1.0
B00X900Y2C,178.0,178.0,178.0,178.0,178.0
B00X9CZCGI,,,,,25.0
B00XBGLLLC,,,,351.0,
B00XBH65VM,995.0,,,,995.0
B00XBH661Q,,,,,11.0
B00XBHOUWS,47.0,,,,47.0
B00XBX9XD8,,,,47.0,47.0
B00XBX9Y7S,29.0,,,,29.0
B00XC79E1E,,,,,3.0
B00XCL4XU2,,,2.0,,
B00XCT7WO8,,,,26.0,26.0
B00XDJYFH4,6.0,,,,
B00XI0NVAU,320.0,320.0,320.0,320.0,320.0
B00XI4INBI,346.0,,,,346.0
B00XIZD1P0,98.0,,98.0,98.0,98.0
B00XKPV7AE,,,,6.0,
B00XLHUMIO,,,,,6.0
B00XMJNH88,2612.0,2612.0,2612.0,2612.0,2612.0
B00XMYZDXA,,,,,1.0
B00XN1X2SK,,,142.0,142.0,142.0
B00XN1X2US,,,,142.0,142.0
B00XN1X2WQ,,,,,141.0
B00XNPE3A2,25.0,,,,
B00XO2BSUM,,,,24.0,24.0
B00XQ9M0LE,,,,,52.0
B00XQFJSSG,,,,,1.0
B00XUVXVJI,,,,,4.0
B00XVG2SYQ,,,6.0,,
B00XW4IGG6,,,,,77.0
B00XWTRXCO,,,57.0,57.0,
B00XXOBMTS,,,,,1.0
B00XXV7WG8,,,,,73.0
B00XXV8J4W,,73.0,,,
B00Y2UNKX8,,,,,7.0
B00Y2Y2HBA,,,,,1.0
B00Y3OUAFE,,,,230.0,
B00Y6TUMRC,,,2.0,,
B00Y8515WU,,,,,27.0
B00Y9GJAUM,,,,13.0,13.0
B00YA0BQS6,,,,,22.0
B00YB4I3DC,162.0,162.0,162.0,162.0,162.0
B00YB59B5K,407.0,407.0,,407.0,407.0
B00YC45TS8,70.0,,,,
B00YCYVK9A,,,,,1.0
B00YDABOXK,2121.0,2121.0,2121.0,2121.0,2121.0
B00YFBZUZ0,,,,,29.0
B00YGKVTD2,,,25.0,25.0,25.0
B00YGWC09W,,,,,73.0
B00YGWCD1W,,,,,73.0
B00YHC2HG2,,,,54.0,54.0
B00YM367YE,1850.0,1850.0,1850.0,1850.0,1850.0
B00YM6OTU0,,,,1758.0,1758.0
B00YO3F41Y,,,139.0,,
B00YOBY66A,,3.0,,,
B00YOD0KS6,7.0,,,,7.0
B00YQ7WE1G,255.0,,,255.0,255.0
B00YRW0ZCK,,,,,19.0
B00YRW0ZO8,,,,,19.0
B00YTCCQD4,12.0,,,,
B00YTEXC2Q,,,,,57.0
B00YTZNF8G,,,,,81.0
B00YWMSRLQ,28.0,,28.0,,28.0
B00Z3FS392,935.0,,,935.0,935.0
B00Z4GI6II,,,,,52.0
B00Z5916DG,52.0,52.0,52.0,52.0,52.0
B00Z5QUY7I,,,,,9.0
B00Z7ELN3C,20.0,,,,
B00Z87XMCI,,60.0,,60.0,60.0
B00Z8AEXUA,,,,,60.0
B00Z92D880,,,,9.0,9.0
B00Z9JC9DI,,,,,53.0
B00ZA4G2TE,33.0,33.0,,,33.0
B00ZAB04PK,,,,,2.0
B00ZABIM8G,19.0,,,,
B00ZBJIVLU,,,,10.0,10.0
B00ZC8CFSA,,,,,193.0
B00ZC8COHW,,,,193.0,193.0
B00ZC8CWCY,193.0,193.0,,193.0,193.0
B00ZCGLZRE,492.0,,492.0,,492.0
B00ZCQ26MM,,,,,1.0
B00ZFPMHHY,,,1.0,,
B00ZHKB534,,,,,39.0
B00ZIB1J5G,,,,,22.0
B00ZIB1RG2,1037.0,1037.0,1037.0,1037.0,1037.0
B00ZNKKVMO,,,,,1.0
B00ZOT4Y5O,,,,19.0,19.0
B00ZPVJLUY,,,330.0,330.0,330.0
B00ZQ34KGG,,,,,48.0
B00ZRWMCXY,19819.0,19819.0,19819.0,19819.0,19819.0
B00ZTQ4QMS,,,25.0,,
B00ZWS1E6Y,,,,,3.0
B00ZWSU3ES,,,,79.0,79.0
B00ZX2VA36,,,246.0,246.0,246.0
B00ZYJ0FA2,9370.0,9370.0,9370.0,9370.0,9370.0
B0103FOWSM,,,8.0,,8.0
B0103U9PM0,,,,,18.0
B0103ZK25E,319.0,319.0,,319.0,319.0
B0106AAYCM,,,,,285.0
B0106BNNHE,,,,,5.0
B0107H4EXE,,,,,12.0
B0109WBMCS,,449.0,449.0,,449.0
B010C7Z38O,152.0,,,152.0,152.0
B010CMJEDE,,,,,15.0
B010GF4ASQ,,,28.0,,28.0
B010GGAOF8,,,41.0,41.0,41.0
B010GGJ78I,,,,,14.0
B010GM0ZYM,,,29.0,,29.0
B010H93MOY,22.0,,22.0,,
B010H93Z7I,4.0,,,,
B010HJH16E,,,,12.0,
B010IDBEPI,,,,6.0,
B010IH6WFQ,,,,4.0,
B010LUXJD8,,,,1.0,
B010LUXJJC,,,,,1.0
B010LUYIGU,,,,1.0,
B010NRXC5Y,,,,,1692.0
B010OVO9AQ,,,,,15.0
B010Q1YLSY,,57.0,,,
B010Q21FX2,,,,543.0,543.0
B010R239NA,87.0,87.0,,,87.0
B010SL2TYU,200.0,200.0,,,
B010T9QVBI,,,5.0,,
B010UR56ZQ,,,,,9.0
B010WAKBRO,,,,,99.0
B01115WYAQ,,,,,109.0
B0112S6W6O,,,,,12.0
B0114JU2DU,,,,,30.0
B0114Q8O9M,34.0,,34.0,,34.0
B0114Q8OFQ,,,,34.0,34.0
B0114V26YQ,,,,,34.0
B0115NJE5C,62.0,,62.0,62.0,
B0115NJN0I,,,62.0,,62.0
B0115NJPGU,62.0,,,62.0,62.0
B0115NJX9Y,,,,20.0,20.0
B0115NRJ2W,,,,20.0,20.0
B01182NX52,595.0,595.0,595.0,595.0,595.0
B01187Z8KU,4886.0,4886.0,4886.0,4886.0,4886.0
B0119X5O3Y,,34.0,,,34.0
B0119X5OL6,,33.0,33.0,33.0,33.0
B0119X5P7Y,,,,30.0,30.0
B0119X5PHE,,,,,16.0
B011A7BW2Q,131.0,,131.0,131.0,131.0
B011CL6GE4,,,,387.0,387.0
B011CPGB9A,165.0,,,165.0,165.0
B011D6RWJG,,,,2.0,
B011DDC1H2,,,,,39.0
B011EBNB40,,3059.0,,,
B011EBNB5O,,3059.0,3059.0,3059.0,3059.0
B011J6M09C,,,,55.0,55.0
B011JZXQIM,393.0,,393.0,393.0,393.0
B011KM5MW2,116.0,116.0,116.0,,116.0
B011MCKGU8,1875.0,1875.0,,,1875.0
B011PRZ5S8,,,,,2.0
B011PS5IH0,,,,23.0,
B011PXXS04,,,,,5.0
B011QXF45A,,,,7.0,
B011RO7Q2M,,,,,45.0
B011RZX0EE,,,,,2.0
B011S03CIM,,,,,3.0
B011S0AK6O,,,,,2.0
B011TRNBKI,,,165.0,165.0,165.0
B011TRNDGK,,,,,165.0
B011TRNFV8,,,,,165.0
B011TRPCS2,165.0,,,,
B011TRPD3Q,,,165.0,,
B011TRPDRM,,,,,165.0
B011W8YFWW,,,,,18.0
B011YJO3VM,,,,14.0,
B011YUML2O,,,,15.0,15.0
B011ZJ4VA4,1082.0,1082.0,,1082.0,1082.0
B01220VR8O,,,,,6.0
B0122PHBAW,,,18.0,,18.0
B0124IGQ6W,469.0,,469.0,469.0,469.0
B0124ZKQCU,,,138.0,,138.0
B0125XN15K,2079.0,2079.0,2079.0,2079.0,2079.0
B0126M5OVE,,,38.0,,38.0
B012760H8Y,,,22.0,,22.0
B0128ZYXMK,39.0,,,39.0,39.0
B012DZN4GG,303.0,303.0,303.0,303.0,303.0
B012F7AM12,,,10.0,,
B012F7AM62,,55.0,55.0,55.0,55.0
B012H6EG8G,,,,,514.0
B012H6EGCW,,,,,101.0
B012H9XCII,,,99.0,,
B012HAJU9C,,,,,96.0
B012HF4DOY,110.0,,110.0,,110.0
B012JG223A,,,,,1.0
B012NZFPRC,,,60.0,,60.0
B012NZQKMG,,,,,25.0
B012NZYV7W,,10.0,,,
B012P4QM2I,,,,,4.0
B012T201NC,,,10.0,,10.0
B012TDX7G4,,,,,10.0
B012TU5SRS,,,,19.0,19.0
B012TU5SXW,,,,,23.0
B012U6SLXY,,,,,3.0
B012U7WZB2,,,,,22.0
B012ULNQS4,28.0,,,,
B012UOGBUQ,38.0,,,,38.0
B012YHVS6G,,,,,53.0
B012YKXNPC,,,,,3.0
B012ZHU6XG,,,178.0,,178.0
B0131BKKJK,,,,29.0,29.0
B0131IDR66,299.0,,,,299.0
B0131LEBIG,,,,,25.0
B0134QL1TK,,202.0,202.0,,202.0
B013A3TLA8,,,,,7.0
B013B9I0OO,4.0,,,,
B013DQ7SKW,,,,,68.0
B013ELN5HQ,150.0,,,,150.0
B013ELZJSY,,,,,159.0
B013F630PM,771.0,771.0,771.0,771.0,771.0
B013FCZ3MY,186.0,186.0,186.0,186.0,186.0
B013H252QO,,,,,50.0
B013H9QV7Q,,,,,1.0
B013HGYMKM,,,11.0,,
B013HHEI9Q,,,293.0,,293.0
B013I3E38U,396.0,396.0,396.0,396.0,396.0
B013IH6DH0,,,,,14.0
B013IJK8TM,,,,,4.0
B013IVTTCW,29.0,,,29.0,29.0
B013IVVHA4,,29.0,29.0,29.0,29.0
B013IVYZ5I,,,,29.0,29.0
B013IVZ77S,29.0,,29.0,,29.0
B013IW1E5G,29.0,,29.0,29.0,29.0
B013IW3SYQ,,,29.0,29.0,29.0
B013J15U9M,167.0,,,167.0,167.0
B013J6ZCAE,,,39.0,39.0,39.0
B013J73EH6,66.0,66.0,66.0,66.0,66.0
B013JH6XCY,,,31.0,31.0,31.0
B013JKNFJA,,,39.0,39.0,39.0
B013JUWESI,,,,,15.0
B013JZOYA4,,,,,51.0
B013K5D9UO,,,,13.0,13.0
B013L1KAO0,756.0,756.0,756.0,756.0,756.0
B013L68USS,,,688.0,688.0,688.0
B013L7L2SW,,,,,293.0
B013L9AN4E,165.0,165.0,165.0,165.0,165.0
B013LID2LQ,,,,193.0,193.0
B013M1YS0Q,48.0,,,48.0,48.0
B013RX4C50,3058.0,3058.0,3058.0,3058.0,3058.0
B013SL882E,,,,107.0,107.0
B013TODEF6,,75.0,,75.0,75.0
B013U57UUO,,,,173.0,173.0
B013VMW060,,,,,18.0
B013XMKDKI,,54.0,54.0,54.0,54.0
B013YBAURO,,,,,24.0
B01407WXNK,,10.0,,,
B0140I8Z36,,,,,37.0
B0140PRCU6,,,329.0,,329.0
B0140PRD0U,,590.0,,590.0,590.0
B0140PRFW6,,,,,175.0
B0140PRJMC,,,,,16.0
B0140PRJOU,,,,,11.0
B0140PRJPE,,,12.0,,12.0
B01417PAFC,,,,108.0,108.0
B0141R3MF2,138.0,138.0,,138.0,138.0
B0141R3OLO,,,49.0,49.0,49.0
B01420DIOI,1263.0,1263.0,1263.0,1263.0,1263.0
B01439U78I,,,,,2.0
B0143YFX78,,,,,30.0
B0144JM82A,,,,,1.0
B0144OP0ES,,,,,11.0
B01452GM1Y,267.0,,267.0,267.0,267.0
B0145G3VXM,33.0,,33.0,33.0,
B014DS6EWW,,,,,3.0
B014EJX6HQ,14.0,,,14.0,
B014EJX8D8,9.0,,,,9.0
B014F1K84W,,,,,25.0
B014G8N9Y0,,,,,4.0
B014GGF81E,,,,,2.0
B014H8PGW2,,,,,6.0
B014HZ5YPE,,,,2.0,
B014I7EJ20,17433.0,17433.0,17433.0,17433.0,17433.0
B014I8RR6Y,,,,,8.0
B014IVS260,,,11.0,,
B014JU4QA6,,,,,49.0
B014K1ONQG,,,,,368.0
B014LEUHEE,,,228.0,,
B014LH4L6Q,,13.0,,,13.0
B014LPH72S,22.0,,22.0,,22.0
B014LPJ5XC,10.0,,,,
B014MMAQGE,,,,,5.0
B014MMAQJG,,,,5.0,
B014MRUEMU,,,6.0,,
B014N8N772,90.0,90.0,90.0,90.0,90.0
B014N8N78G,,,,,90.0
B014Q64EVO,,,61.0,61.0,61.0
B014QE9QPA,,,,,17.0
B014QE9QRI,,,,17.0,
B014S9DSZC,,,,,2.0
B014SG89QI,,,41.0,,
B014SG89RM,,,,,41.0
B014SG89XG,,,41.0,41.0,41.0
B014SX0H0M,95.0,95.0,95.0,95.0,95.0
B014TMYOUG,,,,,8.0
B014TZVV7W,,,,,3.0
B014UTSOBS,,,,,74.0
B014VIIKDA,17433.0,,17433.0,17433.0,17433.0
B014W6AXF4,,,,,36.0
B014Z081LU,280.0,,,,280.0
B014Z31ZNS,,,,166.0,166.0
B014Z3PRX2,,,,166.0,
B0150Z11DO,,,859.0,,859.0
B01513NVCO,,,,30.0,
B0153T974C,,,,,10.0
B015406QUS,,,,,1.0
B0154F47CC,,,1.0,,
B0154F52GM,,,,9.0,
B0154F53L6,20.0,,,,20.0
B0154F55N2,12.0,,,,
B0154F5866,,,9.0,,
B0154FXI5O,,,,,2.0
B0155MFPKM,,,,,8.0
B01597KRQK,,,27.0,27.0,
B015EL1ZEO,147.0,,,147.0,147.0
B015F844VC,,,,,40.0
B015FQQG9W,,,,,16.0
B015GN3OPS,,16.0,,,
B015IHU7RU,,,,,11.0
B015IV43SA,,109.0,109.0,109.0,109.0
B015KGA7UG,,,,,5.0
B015KS0T16,,,,,16.0
B015LYGPXK,,,,,18.0
B015LYH5B6,,,,,8.0
B015LYLMBA,,,,4.0,
B015MRXOYE,,,,,14.0
B015MUVHXQ,,,,,438.0
B015MUVI62,,438.0,,,438.0
B015N02D2Y,,,,,2.0
B015NGCWPQ,,,,,32.0
B015O1NNI0,,,,,13.0
B015OEIX3W,279.0,,279.0,,279.0
B015PK1GQG,,,,2643.0,2643.0
B015PK1H74,2643.0,2643.0,2643.0,,2643.0
B015PK1IE6,,,,2643.0,2643.0
B015PK1KBW,2643.0,,2643.0,2643.0,2643.0
B015PK1KOY,,,,,2643.0
B015PK1LUW,,,,,2643.0
B015PK1NHS,,,,2643.0,2643.0
B015PK1NUA,,,,,2643.0
B015PK1PGC,,,,2643.0,2643.0
B015PK1R0G,,,2643.0,,2643.0
B015Q0ATSG,30.0,,30.0,30.0,30.0
B015QGIWQ6,,,33.0,,33.0
B015S0IEOA,20.0,,20.0,,20.0
B015SDRZ6K,387.0,387.0,387.0,387.0,387.0
B015SDRZ7O,,,33.0,33.0,33.0
B015SDRZHO,387.0,387.0,387.0,387.0,387.0
B015SFJ9B2,,,,,9.0
B015SFJE1W,,,18.0,,
B015SFJJDK,,,,,9.0
B015SR7UWK,,,,,22.0
B015SR7VB0,,,,,22.0
B015T15GXU,,9.0,,,9.0
B015T5A9C4,,,,,590.0
B015TWJBJO,,,,,5.0
B015UMA33Q,,,,,35.0
B015VFEYMI,,,,18.0,18.0
B015VGSGTE,,,806.0,806.0,806.0
B015Z539HA,,81.0,,,81.0
B015Z7WW0I,,,,,15.0
B015ZNF1Y6,186.0,,,,186.0
B01607C9XW,,28.0,,,
B01608RKNK,2900.0,2900.0,2900.0,2900.0,2900.0
B0161Z7XCK,,,,,37.0
B0162HG28S,1800.0,1800.0,1800.0,1800.0,1800.0
B0164BSPGO,,,7.0,,
B0164D2SME,,37.0,,,37.0
B0164TV4UK,,,,,127.0
B0165608X6,,,,,127.0
B0165XG3R4,,,141.0,141.0,141.0
B01667GB1M,551.0,551.0,551.0,551.0,551.0
B01675CN6A,,,,,262.0
B0167BVP86,,,,,5.0
B0167JUN4K,,,,,41.0
B0167NO9JQ,1339.0,1339.0,1339.0,1339.0,1339.0
B0167OCZQO,,,,53.0,53.0
B016815ASG,,,,,1.0
B01687MW2C,,,78.0,,78.0
B01687MW4U,,,,17.0,17.0
B01696AEV8,,,32.0,32.0,32.0
B01697HQJU,,,,,32.0
B0169OGQBM,182.0,,182.0,182.0,182.0
B0169OGQEO,,,,,182.0
B0169OGQO4,182.0,182.0,182.0,,182.0
B0169OGRAM,,182.0,,,
B0169TMCOC,,,,,182.0
B016APTPIQ,141.0,141.0,141.0,141.0,141.0
B016APTTUA,8.0,,,,8.0
B016B1ND46,,3035.0,,3035.0,3035.0
B016BJEJYQ,2048.0,,2048.0,2048.0,2048.0
B016BJEK6I,,2048.0,2048.0,,2048.0
B016BJEN60,,,,2048.0,2048.0
B016BJEPXG,,2048.0,2048.0,2048.0,2048.0
B016D3RB40,,,,,5.0
B016FMXKSU,,,,,12.0
B016FO6WL0,,,,,6.0
B016HM8U42,,,2.0,,
B016HMLI5U,28.0,,,28.0,
B016I48VTS,72.0,,,72.0,72.0
B016IUC4ZY,,,,,16.0
B016K6SQE4,,,,8.0,
B016L31TC2,,,,,21.0
B016LLUHHC,,,,,4.0
B016LTL4MG,,,318.0,318.0,318.0
B016N0958S,,,,10.0,
B016NCB35Y,,,,1441.0,1441.0
B016PIEW4A,,,,,6.0
B016QASJ5A,,,,198.0,198.0
B016QT8S5W,9.0,,,,
B016QUSHVQ,,33.0,,33.0,
B016U81DBA,,,,,16.0
B016V39UR8,,,,2121.0,2121.0
B016V831DW,,,,,1.0
B016VK3GG2,,,,97.0,97.0
B016YSQVCW,,261.0,261.0,261.0,261.0
B016YTB7IO,,,,,8.0
B016YWUNR2,,,,,1441.0
B016YZG6AC,,1441.0,,1441.0,1441.0
B0170J9TRS,434.0,,,434.0,434.0
B0171IZ36O,72.0,,,72.0,72.0
B0171Z32JC,,,,,4.0
B01727H7RW,,,,,20.0
B0173WBHPY,1.0,,,,
B0174ATXAQ,3489.0,3489.0,3489.0,3489.0,3489.0
B0175JNECY,,21.0,,,21.0
B0176C5GM6,,,,58.0,58.0
B0176G5AMS,,,,198.0,198.0
B0176G5AOG,,,151.0,,151.0
B0176GBGOE,,113.0,113.0,113.0,113.0
B0176GBGQM,,112.0,,,112.0
B0176UKBIM,121.0,121.0,121.0,121.0,121.0
B0178ESRZA,26663.0,26663.0,26663.0,26663.0,26663.0
B0178FQWFG,,,,,13.0
B017B1A3TI,15.0,,,15.0,
B017B3VCDM,,,,,183.0
B017BJI8CY,,,,203.0,203.0
B017BJKL9M,,,3.0,,
B017BJN0K4,1.0,,,,
B017CHUUXK,,,,,22.0
B017DCDYAA,757.0,757.0,757.0,757.0,757.0
B017DO1OGE,76.0,76.0,,,76.0
B017DOIHZ0,,,,,32.0
B017EH5J0C,,,,,18.0
B017GX5GHA,,248.0,248.0,248.0,248.0
B017GX5IQ4,,,,24.0,24.0
B017HQXE9S,,,,,24.0
B017HRFBOI,211.0,211.0,211.0,211.0,211.0
B017HZQQF8,96.0,,,96.0,96.0
B017HZQQIA,,,,96.0,96.0
B017HZQQN0,,,,,96.0
B017HZQQQM,,96.0,,,96.0
B017J1XL08,,,17.0,,17.0
B017JDLVOY,,10.0,,,10.0
B017JDV0PE,,,,,88.0
B017JDV0YA,5.0,,,,
B017JDV7I4,,,,88.0,88.0
B017JDVAIQ,88.0,88.0,88.0,,88.0
B017JRG1DQ,,8.0,,,
B017KSBY04,1454.0,1454.0,1454.0,1454.0,1454.0
B017KX12TM,,,,,149.0
B017LQY3JE,,41.0,,41.0,41.0
B017M50A0U,,,,,35.0
B017M7V6T2,1454.0,1454.0,1454.0,1454.0,1454.0
B017M85AQ6,1456.0,,1456.0,1456.0,1456.0
B017MAKVF4,,,,,7.0
B017MDRIWA,,,80.0,,80.0
B017N215HO,,34.0,,34.0,34.0
B017NO51FE,191.0,191.0,191.0,191.0,191.0
B017NQBUKW,43.0,43.0,43.0,,43.0
B017OJRCAK,,,,,60.0
B017Q0L60O,,,,,2.0
B017Q155QO,,,,,21.0
B017QDGQYW,,,,24.0,24.0
B017QFLNO8,,,,7.0,7.0
B017QOABM4,,,,,2.0
B017TBQ6J6,,,,,16.0
B017TS3OSU,,,,,535.0
B017TZZJEK,,7.0,,,
B017U12680,,,48.0,48.0,48.0
B017U126B2,,,,,3.0
B017ULHYZU,,,,,4.0
B017UNZPE0,,,,5422.0,5422.0
B017VX0TU4,21.0,,,21.0,21.0
B017WV06PI,79.0,,,79.0,79.0
B017WV07WK,141.0,141.0,141.0,141.0,141.0
B017Y37FDA,2.0,,,,
B017YCBM6W,,,,30.0,30.0
B017YEJLHW,,,,,10.0
B01824BAS6,,498.0,498.0,498.0,498.0
B0182GTY5U,,,,,10.0
B0182QSB9U,,,,3.0,
B0183AN76W,,,,,15.0
B0183I6TCI,23.0,,,,23.0
B0184C92FE,232.0,,232.0,232.0,232.0
B0185LD4VC,,,101.0,,101.0
B0186BW7S2,,,98.0,98.0,98.0
B0186HOU8G,69.0,,,69.0,
B0187PZBSA,,,,,16.0
B0187X8CAG,,,,,3.0
B0188AP562,,,,49.0,
B01891LY3I,,,,,28.0
B01898S510,,,,,75.0
B018A19Q8M,,,,,10.0
B018F5J8GI,,,,4.0,
B018FKN102,492.0,492.0,492.0,492.0,492.0
B018FXCCU4,,,110.0,,110.0
B018GXDXGU,,,,52.0,52.0
B018IT0YF0,,,,495.0,495.0
B018IU3RF8,,18.0,,,18.0
B018IXV6T4,,,,1441.0,1441.0
B018J0KUS4,,,,,15.0
B018J1ZACY,,,,,934.0
B018J2A2G2,,,,,934.0
B018J3M06G,,,,,934.0
B018JCALBI,,,,,49.0
B018JE3H7Q,,,12.0,,12.0
B018JSOT38,,,14.0,14.0,
B018JVRTGY,,,,9.0,
B018JXDKYC,,,,,98.0
B018JXDSQC,110.0,,,110.0,110.0
B018JXDU56,,,,,76.0
B018JXDVUU,,,,,98.0
B018JXE078,,,,74.0,
B018JXE1OK,,,,,22.0
B018JXE3HK,,,,,74.0
B018JXECU8,,,,,13.0
B018JXEE7Y,,,,54.0,54.0
B018JXENC0,,,,,75.0
B018JXFG0I,,,,,53.0
B018JXFYZU,28.0,,,,28.0
B018K5PENO,33.0,,33.0,,
B018K73CL8,56.0,56.0,56.0,,56.0
B018L529AY,,,,,123.0
B018LNT5K8,,,,38.0,38.0
B018MTJFM4,,,74.0,,74.0
B018MTJFNI,555.0,,555.0,555.0,555.0
B018RYICOQ,371.0,371.0,371.0,371.0,371.0
B018SW8GFM,,,,,17.0
B018T3HZFC,,52.0,,,52.0
B018V5K514,155.0,155.0,155.0,,155.0
B018VJ8W60,,,,,146.0
B018WU8EY8,,112.0,112.0,112.0,112.0
B018WUFF9A,,,87.0,,
B018X96VIO,,,,,9.0
B018YAKKWU,34.0,34.0,,,34.0
B018YCRNDW,,,,4.0,
B018ZZTP98,,,,3.0,3.0
B0190ZSSYK,,,1.0,,
B01938B4G8,175.0,175.0,175.0,,175.0
B0193K6FS8,1256.0,1256.0,1256.0,1256.0,1256.0
B01951AII8,38.0,38.0,,,38.0
B0195AXDAE,,315.0,,315.0,315.0
B0195NEKLW,28.0,28.0,,,28.0
B0198OQXYK,41.0,,41.0,,41.0
B0199786AK,,,,,1.0
B0199SXFDC,,,,,33.0
B0199U2842,,,,,33.0
B019BNZGX2,,,,,2.0
B019BYQZ22,354.0,354.0,354.0,354.0,354.0
B019CV86ZI,314.0,314.0,314.0,,314.0
B019DFKI40,,,,42.0,
B019DIO02S,,,,,15.0
B019EYKX22,51.0,51.0,51.0,51.0,51.0
B019FDVSG2,,,,27.0,
B019FDVSGC,,27.0,,27.0,
B019FDVSOO,,,,27.0,
B019FDVZ60,,27.0,27.0,27.0,27.0
B019FR6B42,,,,,84.0
B019GBEITW,,,,62.0,62.0
B019GYNDGI,,,,57.0,57.0
B019HEH3T0,85.0,,,,85.0
B019HENF3I,8.0,,,,
B019HF9CMK,28.0,28.0,,,28.0
B019HJZ810,,,,,29.0
B019HN3GRE,369.0,369.0,369.0,369.0,369.0
B019JHDS44,209.0,209.0,209.0,209.0,209.0
B019LKYXL6,288.0,288.0,288.0,288.0,288.0
B019MCDZSA,,,,60.0,60.0
B019MPBXJU,98.0,98.0,98.0,98.0,98.0
B019MRV6O0,,,,,24.0
B019O33LYU,11972.0,11972.0,11972.0,11972.0,11972.0
B019O33LZO,11972.0,11972.0,11972.0,11972.0,11972.0
B019O33M1M,11972.0,11972.0,11972.0,11972.0,11972.0
B019O33M2Q,11972.0,11972.0,11972.0,11972.0,11972.0
B019O33MIU,11972.0,11972.0,11972.0,11972.0,11972.0
B019O33MNA,11972.0,11972.0,11972.0,11972.0,11972.0
B019QOLOFU,,,,469.0,469.0
B019QP03NS,,,,,18.0
B019QQW2Q8,,,,,18.0
B019QR3UJA,469.0,,,,469.0
B019QR8H66,,,,,14.0
B019TAZWEU,4.0,,,4.0,
B019TEFIKY,,,,9.0,
B019UJZBLO,9324.0,,,9324.0,9324.0
B019UJZBMS,9324.0,9324.0,9324.0,9324.0,9324.0
B019VTN6RO,562.0,562.0,562.0,562.0,562.0
B019YHY5KA,,43.0,43.0,43.0,43.0
B019YHYOSI,,,,30.0,30.0
B019YHYQR2,,,,55.0,55.0
B019YHZ1KS,,,3.0,,
B019YHZAA4,,,,,3.0
B019YHZCPW,,,,,20.0
B019YHZJ0A,,,,,66.0
B019YHZJV4,,,,,13.0
B019YKTKLQ,,,,,2.0
B019Z4CP1S,,,,,1.0
B019ZRW9AC,,10.0,,,
B01A04HUHG,,,,,5.0
B01A1BRXNO,,21.0,,,
B01A1C3USA,,,,,52.0
B01A2JTC5W,,,,,23.0
B01A4EUVMI,,66.0,,66.0,66.0
B01A5DSCZQ,,9.0,,9.0,
B01A667X8E,639.0,639.0,639.0,639.0,639.0
B01A6NJYTS,,,,9.0,
B01A6Q4WTC,,,,,2.0
B01A6Q4WVA,,,,,9.0
B01A7NKUXG,902.0,902.0,902.0,902.0,902.0
B01A7S8GN2,,,,,37.0
B01A7SML9C,,211.0,,,211.0
B01A8HKG4O,,,,,16.0
B01A9EBOW4,,,38.0,,
B01AB1KKWU,,258.0,,,258.0
B01AB1KKXE,,,258.0,,258.0
B01AB1KLBK,,258.0,,258.0,258.0
B01AB1KLJM,,,,,258.0
B01AC49HU2,,,,,6.0
B01AC4E4N2,,,,,33.0
B01ACQ23JW,,,,,30.0
B01AD9ZNEU,,,,,3.0
B01ADMGXRI,,,,,38.0
B01ADMWXAE,,,,,38.0
B01AE2C6LY,,,590.0,590.0,590.0
B01AEBVRZ6,,,558.0,558.0,558.0
B01AFZT3TS,,,,,1.0
B01AG00BJS,,,,,17.0
B01AH12JIC,,,,5.0,
B01AHFZFAC,133.0,,,,133.0
B01AHKAOQM,,,,,4.0
B01AIJKII6,,,,,13.0
B01AK93GBK,1087.0,,,1087.0,1087.0
B01AK93GBU,1087.0,1087.0,,1087.0,1087.0
B01AK93GCO,,,,,1087.0
B01AKGRNPI,,,1758.0,1758.0,1758.0
B01AKVYOVY,,,,,56.0
B01AL7VE8S,,,124.0,,124.0
B01ALDK4XI,,,11.0,,
B01ALI1F72,110.0,,,110.0,110.0
B01AMH1TOQ,,,,18.0,
B01AMKKB10,,,62.0,62.0,62.0
B01AMU2LRW,,91.0,,,
B01ANENEW8,,,17.0,,
B01ANJZWIW,,,,,33.0
B01AO9YFIY,575.0,,,575.0,575.0
B01API37AQ,20.0,,,,20.0
B01APP0V4E,,,,45.0,45.0
B01AQ1STQ4,246.0,246.0,,246.0,246.0
B01ARJNN66,,,,67.0,67.0
B01ARL2NZ6,,,,,4.0
B01ARNUTL4,3573.0,3573.0,3573.0,3573.0,3573.0
B01ARQGF78,,,,,1.0
B01AS95TPI,,,,,6.0
B01AUKIOHK,1357.0,,,,1357.0
B01AVEQVKC,,,,,47.0
B01AVGJ78S,,,,,41.0
B01AVKJKJK,11972.0,,,11972.0,11972.0
B01AW6LEKQ,,,,198.0,198.0
B01AX07DVA,,,,11972.0,11972.0
B01AX09U4S,,,11972.0,,11972.0
B01AX0GWIA,,,,11972.0,11972.0
B01AX0Q5R8,,,,70.0,70.0
B01AYBS79K,,,209.0,,209.0
B01AYD4I0A,,,,,25.0
B01AYJOQP6,,,948.0,948.0,948.0
B01AYMLU3Y,2320.0,2320.0,2320.0,2320.0,2320.0
B01AYMRWRC,2320.0,2320.0,2320.0,2320.0,2320.0
B01AZ80A92,,,,7.0,
B01B1QTSC2,17.0,,,,17.0
B01B1X8GMS,,,,,7.0
B01B2AT2AK,11.0,,,,11.0
B01B2YKAL6,,,,,26.0
B01B2YNZMW,,,,,6.0
B01B32WGZU,,,1.0,,
B01B3HP134,412.0,,412.0,,
B01B3JHX9M,89.0,,,,89.0
B01B3NVDQC,,,,,24.0
B01B4KOI84,,,,,95.0
B01B4PDO5M,37.0,,,,
B01B4T2LSY,2.0,,,,
B01B4TGB30,,,,216.0,216.0
B01B4TGB5S,,,,,216.0
B01B53B9K0,79.0,,79.0,,79.0
B01B5BM2ZI,,,,55.0,55.0
B01B6007GE,72.0,72.0,72.0,72.0,72.0
B01B6007IC,,,,,5.0
B01B693RQW,,,,,4.0
B01B6Q1THY,812.0,812.0,812.0,812.0,812.0
B01B7JQX4O,,81.0,81.0,81.0,81.0
B01B7JQX58,37.0,37.0,,37.0,37.0
B01B7RU8JM,,,,,2.0
B01B97XCUM,1311.0,1311.0,1311.0,1311.0,1311.0
B01BB6XGTS,,,,,78.0
B01BB97UKQ,,,100.0,100.0,100.0
B01BB97ULA,100.0,,100.0,100.0,100.0
B01BBTQKSE,,457.0,457.0,457.0,457.0
B01BE8JI36,1227.0,1227.0,1227.0,1227.0,1227.0
B01BFNW78I,,,,2.0,
B01BFQ42JM,291.0,,,,291.0
B01BFV95H6,,,33.0,,
B01BHG05M8,,8.0,8.0,,
B01BIEQUMI,,,,10.0,
B01BIFATS8,,,,,50.0
B01BJJMY68,,15.0,15.0,,
B01BKTFMQ6,,,,28.0,28.0
B01BLCH5FS,,,,,299.0
B01BLCH5SU,299.0,,,,
B01BLGPSFS,592.0,592.0,,592.0,592.0
B01BLGPSMQ,16149.0,16149.0,16149.0,16149.0,16149.0
B01BLGPSNK,16149.0,16149.0,16149.0,16149.0,16149.0
B01BLGPSR6,,,,117.0,117.0
B01BMP2SJW,,2643.0,2643.0,2643.0,2643.0
B01BMP2U54,,,,,2643.0
B01BMP2VBM,,,,,2643.0
B01BMP2XN8,,,,2643.0,2643.0
B01BMP2YN2,,,,2643.0,2643.0
B01BMP30US,2643.0,,,,2643.0
B01BMP35BW,,,,2643.0,2643.0
B01BMT2KXM,,,,,1.0
B01BMYPXVI,,,16.0,,16.0
B01BNID392,,,,,10.0
B01BNIVP3S,1.0,,,,
B01BNMSSVQ,400.0,,,,
B01BNQY0Q4,,,,2.0,
B01BO25VIS,,,,,1003.0
B01BOVCHTA,,,,,17.0
B01BQWZIA2,,,,,2.0
B01BSAMANK,,,,,110.0
B01BSAMIIC,,,,5.0,
B01BT544EW,,255.0,255.0,255.0,255.0
B01BTEFDFM,15.0,,,,15.0
B01BUUB9SK,,3.0,,,
B01BUUBCKA,12.0,,,,
B01BUUBFZW,9.0,,,,
B01BUUBG5Q,,2.0,,,
B01BUUBJ8A,,7.0,,7.0,
B01BUUBJD0,11.0,,,11.0,11.0
B01BUUBM2S,,,5.0,,
B01BUUBP8E,,16.0,,,16.0
B01BUUBPA2,,,12.0,,
B01BUUBPD4,4.0,,,4.0,
B01BUUBPFW,,,2.0,,
B01BUUBPHU,3.0,,,,
B01BUUBUSY,,2.0,,2.0,
B01BUUBUTS,,,16.0,,16.0
B01BUUBUXE,,,3.0,,
B01BUUBUZM,,,,,9.0
B01BV3W11U,3750.0,3750.0,3750.0,,3750.0
B01BV3W2AU,,,,,3750.0
B01BV3WKI4,,,,,3750.0
B01BV3WMD2,,,,,3750.0
B01BVMFM80,,,20.0,,
B01BVMFM94,,,,,20.0
B01BVZVLD2,,,,3.0,
B01BW1GLVC,,,,,14.0
B01BWUW0M2,254.0,,,,
B01BXJO6IS,,,,,4.0
B01BYQUEZ4,,,,,9.0
B01BZ6UDEA,,,,44.0,44.0
B01C0X6XGO,,,,,1.0
B01C2RXD7K,50.0,,50.0,,50.0
B01C2S0M82,371.0,371.0,371.0,,371.0
B01C2WASF0,114.0,114.0,114.0,114.0,114.0
B01C3KJD7A,,,,,13.0
B01C3XV014,5370.0,5370.0,5370.0,5370.0,5370.0
B01C62YYIS,,,,60.0,
B01C63425M,,,,,57.0
B01C6CUCY8,,,,,2.0
B01C6NPTPE,,,,,8.0
B01C71NGD2,308.0,,,308.0,
B01C71NGJQ,308.0,308.0,,,308.0
B01C740240,,,,,110.0
B01C74069G,,,,,109.0
B01C740790,,,,,110.0
B01C7KT7EA,,,,,3.0
B01C7RY5YU,1592.0,1592.0,1592.0,1592.0,1592.0
B01C8BEPLS,82.0,,,82.0,82.0
B01C9FDS3O,2.0,,,,
B01CC3OR5G,,,,1748.0,1748.0
B01CCSQRTK,933.0,933.0,933.0,933.0,933.0
B01CE3B4IM,942.0,942.0,942.0,942.0,942.0
B01CE3B5Z4,,,,942.0,942.0
B01CE3B7MA,942.0,,942.0,942.0,942.0
B01CEBYW7O,,,2.0,,
B01CF6QIW0,,,57.0,,57.0
B01CF8NZZQ,,,12.0,,12.0
B01CGSXRIA,8.0,,,,8.0
B01CGUAH7C,,,,,30.0
B01CGUAHA4,,,,,30.0
B01CGUAHB8,,,,30.0,
B01CGZARVI,,,,4.0,
B01CHYZC54,100.0,100.0,100.0,100.0,100.0
B01CI56PT4,,,,,4.0
B01CIN7DMO,,,,,17.0
B01CIN9JQM,28.0,,,,28.0
B01CINCCO8,,,,24.0,
B01CK97S58,,,,,57.0
B01CK9OCKC,14.0,14.0,14.0,14.0,14.0
B01CKGBHU8,565.0,565.0,565.0,565.0,565.0
B01CLJDJLY,,,,,1.0
B01CO4VNJQ,,,,32.0,32.0
B01CO5GIJU,53.0,53.0,,53.0,53.0
B01COS8MA0,,,29.0,,
B01CPAK8GS,,,,,17.0
B01CPOZO40,,,81.0,81.0,81.0
B01CPZFE6C,,,,,2.0
B01CPZOCOC,404.0,404.0,404.0,404.0,404.0
B01CQPKUHE,25.0,,25.0,,25.0
B01CR7T9MI,,,6.0,,6.0
B01CR85X5Y,,,,,1.0
B01CRNVYWA,,,,8.0,
B01CSZWEKI,,,774.0,774.0,774.0
B01CT4EGFY,1169.0,1169.0,,1169.0,1169.0
B01CTGNYXM,,,,,2.0
B01CU0KPMA,416.0,416.0,416.0,416.0,416.0
B01CUDGRFQ,,,,,64.0
B01CUVE3X6,112.0,,112.0,112.0,112.0
B01CVESAE0,,107.0,,107.0,107.0
B01CW352IM,,,,,17.0
B01CWY33U0,2344.0,2344.0,2344.0,2344.0,2344.0
B01CY1Y6PM,,,,26.0,26.0
B01CY5PN00,83.0,,83.0,83.0,83.0
B01CYJV54E,8.0,8.0,,,8.0
B01CZ9T00E,,,,,10.0
B01CZVBEXI,,,,,12.0
B01CZXQYHC,14.0,,14.0,,14.0
B01D0403HC,1099.0,,1099.0,1099.0,1099.0
B01D0D70NI,,,,,172.0
B01D0DG36S,,,,14.0,
B01D1SKG2O,,,,484.0,484.0
B01D1XEMJM,,,,,62.0
B01D1Z3XCC,19.0,,,,
B01D1Z6R3E,30.0,30.0,,30.0,30.0
B01D22TVT8,,,,,49.0
B01D2FQRCE,12.0,,,12.0,
B01D2QVZW0,,,,14.0,
B01D3FVLTC,,,,,15.0
B01D3L2474,775.0,775.0,775.0,775.0,775.0
B01D53XLZO,,,,,7.0
B01D572HHI,,,,,26.0
B01D73CCKM,4.0,4.0,,,
B01D84U8V0,,,11.0,,
B01D8BPQB0,,,,49.0,49.0
B01D8BVMYU,,,,,22.0
B01D8BVQVO,,,,,22.0
B01D8RBA1O,,,24.0,,
B01D90RH94,,,,5.0,
B01D94I7EE,,4.0,,,
B01D9O1GA6,7744.0,7744.0,7744.0,7744.0,7744.0
B01DAR0SWY,1081.0,,1081.0,1081.0,1081.0
B01DBRURRO,,,,,9.0
B01DBSUZ3E,,,59.0,,59.0
B01DCABGEI,,,171.0,171.0,171.0
B01DCGG9LC,,,,,23.0
B01DCN4KV6,,,,3.0,
B01DCR48MI,,,,,7.0
B01DCR5Q2E,,,,,1.0
B01DCZJW12,288.0,288.0,288.0,288.0,288.0
B01DD37EXQ,,150.0,150.0,150.0,150.0
B01DDTEFZK,,,,,15.0
B01DE3L2CY,,,,,5.0
B01DE5QL9Q,,,24.0,,
B01DF5O6Q0,,,,,3.0
B01DGWAUQC,155.0,155.0,155.0,155.0,155.0
B01DHRR4EM,,607.0,607.0,607.0,607.0
B01DIKITW4,,,,9.0,
B01DIX7PPS,196.0,196.0,196.0,196.0,196.0
B01DK0K7MM,,,173.0,173.0,173.0
B01DK9UGW4,,,,,45.0
B01DKCIPX8,,,,,45.0
B01DKCYSFW,52.0,,52.0,52.0,52.0
B01DKDKQNO,38.0,,,,38.0
B01DKFNNHS,,,11.0,11.0,
B01DKGCABW,27.0,,,,
B01DKHLK6C,,16.0,,,
B01DKKX31Y,,,,40.0,40.0
B01DKKX36E,,,,,45.0
B01DL0YIC6,,42.0,,42.0,42.0
B01DO1CWHA,,,,,10.0
B01DOR8YBC,,,,,96.0
B01DOS5Y50,,,18.0,,18.0
B01DPA755O,3932.0,3932.0,3932.0,3932.0,3932.0
B01DPA756I,3932.0,3932.0,3932.0,3932.0,3932.0
B01DPA75CC,3932.0,3932.0,3932.0,3932.0,3932.0
B01DPA75ZE,3932.0,3932.0,3932.0,3932.0,3932.0
B01DPS55SA,,,,,12.0
B01DPT3IME,,14.0,,,
B01DPVS976,28.0,,,,28.0
B01DPVSAO8,,,,9.0,9.0
B01DPVSAWU,,,,,35.0
B01DPVSCP0,,571.0,571.0,571.0,571.0
B01DPVSEIK,,,,,138.0
B01DPVSEKS,592.0,,592.0,592.0,592.0
B01DPVSGB0,,,,592.0,592.0
B01DPVSHZA,,,592.0,592.0,592.0
B01DQ2C7EK,708.0,,,708.0,708.0
B01DSEM49Y,,,,2.0,2.0
B01DSUNNJI,,,,,16.0
B01DT66ANM,,11.0,11.0,,
B01DTAMOJM,,,,,12.0
B01DTDYOVA,2.0,,,,
B01DTGX0DA,,,,,1191.0
B01DTGX18E,1191.0,,,,1191.0
B01DTGX2OW,,,,25.0,25.0
B01DTGX36E,,,,1191.0,1191.0
B01DTGX5YY,,,,,1191.0
B01DTGX8H8,1191.0,1191.0,1191.0,,1191.0
B01DTGXAT4,1004.0,,1004.0,1004.0,1004.0
B01DTGXDF0,722.0,722.0,722.0,722.0,722.0
B01DTQAPSS,127.0,,127.0,,127.0
B01DUWL8HS,,,117.0,117.0,117.0
B01DW9AICA,,,,15.0,15.0
B01DWJ0IP2,21.0,,,,
B01DWKJSU2,,,,,30.0
B01DWKJSUM,69.0,69.0,69.0,,69.0
B01DWNLV2W,,,,,46.0
B01DWNLV4U,,,,34.0,34.0
B01DXK369U,,,,,8.0
B01DZ0JKMA,,,,,82.0
B01E0GCBWE,106.0,106.0,106.0,106.0,106.0
B01E0IBF2E,,4.0,,,
B01E2DVO46,,,39.0,39.0,39.0
B01E3C3V0G,,37.0,,37.0,37.0
B01E4EKMF0,,,,,31.0
B01E4YZPHU,,,,13.0,13.0
B01E4ZZNWQ,,,,50.0,50.0
B01E5000W8,,,,,24.0
B01E5J5SW6,520.0,520.0,520.0,520.0,520.0
B01E5R1NJA,,24.0,,24.0,24.0
B01E614TJ6,,7.0,,,
B01E6S4K7A,,,520.0,520.0,520.0
B01E6S8B2A,,,,1357.0,1357.0
B01E7WXP4O,,,,,261.0
B01E7WXYNG,,,261.0,,261.0
B01E86DOCM,,,,,150.0
B01E8L7ZP4,,,,4.0,4.0
B01E8SJIXO,308.0,,,308.0,308.0
B01E9VAVMM,,,192.0,,192.0
B01E9VAVPO,,,,192.0,192.0
B01E9VAVUE,,,,,192.0
B01E9X2KJC,,23.0,,,
B01EAG147C,13.0,,,,
B01EATEH9G,33.0,33.0,33.0,,33.0
B01EEIUXJQ,,,15.0,,15.0
B01EG0OD5C,60.0,60.0,,,60.0
B01EGEWXJ6,,,,,3.0
B01EH8YFM4,,,,,24.0
B01EH8YNUS,,,,23.0,23.0
B01EH8YO7U,23.0,,,,
B01EHKTJVO,,,,,1.0
B01EIKHSJ8,668.0,668.0,668.0,668.0,668.0
B01EJ19EG6,,,,,10.0
B01EJ4428S,27.0,,,,27.0
B01EK778TO,,,,,7.0
B01EKURUIU,,11.0,,,11.0
B01EKVUK1S,,,,,97.0
B01EL82SII,,,,,32.0
B01ELAZR6G,14.0,,,,
B01ELJ19OQ,,,,1.0,
B01EMO1HWE,,,12.0,,12.0
B01EN665GY,,,,,1.0
B01ENXRIMW,,88.0,,,88.0
B01EPRBQT2,,,,,21.0
B01ERP8BRM,,,,,26.0
B01ERZ15KC,284.0,,,284.0,284.0
B01ESAPQME,1088.0,,1088.0,1088.0,1088.0
B01ESPPZO8,,189.0,189.0,189.0,189.0
B01ETK5IV2,,,,,6.0
B01ETKLUNC,19.0,,,,
B01ETVTA92,,,,,74.0
B01ETWKS7O,,,,,20.0
B01EVHDEKU,,56.0,,56.0,56.0
B01EVSKKWE,,,,,12.0
B01EVTV5P4,87.0,87.0,87.0,87.0,87.0
B01EX08E64,16.0,,,16.0,16.0
B01EXPVKMY,,,,40.0,
B01EXX9D2K,,,,105.0,
B01EY9WY5G,,12.0,,,12.0
B01EZ1EA64,,,8.0,8.0,
B01EZ5S8A4,,,,140.0,140.0
B01F0LDF9Q,,,,,25.0
B01F1LIXCO,,,,,96.0
B01F1T9TN8,,,,,35.0
B01F20ORAQ,,,,,5.0
B01F31DVH4,,,,,8.0
B01F4OVZDW,126.0,126.0,126.0,126.0,126.0
B01F4S6CYK,,,3.0,,
B01F5YR4R2,,,,,33.0
B01F5ZWMKU,178.0,,178.0,178.0,178.0
B01F6BC7GW,,,,,11.0
B01F6XZ6BS,2688.0,2688.0,2688.0,2688.0,2688.0
B01F7JIYJW,,,53.0,53.0,53.0
B01F7RJZHE,,2389.0,2389.0,2389.0,2389.0
B01F803OH2,,114.0,,,
B01F983I06,,,60.0,,60.0
B01F9A4CYA,,,,,24.0
B01F9QB8I2,11774.0,11774.0,11774.0,11774.0,11774.0
B01FADKU24,23.0,,,,23.0
B01FBAQQK6,13.0,,,,
B01FCX0CFC,193.0,193.0,,193.0,193.0
B01FDCHYFI,,,,,143.0
B01FDL25PI,,,,,7.0
B01FDPEBIS,49.0,49.0,49.0,,49.0
B01FDRXFGU,,,,,29.0
B01FDSVM82,343.0,343.0,,343.0,343.0
B01FDT4F9E,,,,,63.0
B01FE635U6,165.0,,,,
B01FFDHXA6,,,106.0,,106.0
B01FFDHXE2,,,,,106.0
B01FFIYC5U,,,65.0,,65.0
B01FFIYC7I,,,,,65.0
B01FFIYCE6,,,,,65.0
B01FFL1H7I,,,,,24.0
B01FFL1H8M,,24.0,,,
B01FFL1HBO,,,,,24.0
B01FG5T3LK,68.0,,,68.0,68.0
B01FGCETE4,,,,,3.0
B01FGCHWKW,,,,12.0,
B01FGYVUTE,1432.0,1432.0,1432.0,1432.0,1432.0
B01FH6M1QW,,,,,60.0
B01FHHQFUO,352.0,,,,352.0
B01FHJ1A70,,,,,7.0
B01FIG1JIM,2688.0,2688.0,2688.0,2688.0,2688.0
B01FIL4CG8,,,,31.0,
B01FIN7W9A,,,,,33.0
B01FJ2PT8G,,,4.0,,
B01FJ2PT9K,,,3.0,,
B01FJA73Q4,79.0,,,,79.0
B01FJA73QE,79.0,,,,
B01FJIQCWC,,,,45.0,
B01FJRZX3W,,134.0,,134.0,134.0
B01FJSV0LK,4.0,,,,4.0
B01FK9S7XC,,,,,935.0
B01FK9S7YQ,,,,935.0,
B01FKGFM1A,77.0,,,77.0,77.0
B01FMY588C,,,4.0,,
B01FNFHSNS,,,,21.0,21.0
B01FPFABY4,,,,,14.0
B01FQUY266,,,51.0,,
B01FRRK6WM,,37.0,,,
B01FS959HQ,112.0,112.0,,112.0,112.0
B01FS9R5FA,,,14.0,,
B01FS9XJL4,,,,,22.0
B01FSCPNKG,276.0,276.0,276.0,276.0,276.0
B01FSD5TCC,533.0,533.0,533.0,533.0,533.0
B01FSDB7OG,,186.0,186.0,186.0,186.0
B01FSUI6AM,322.0,322.0,322.0,322.0,322.0
B01FSVMR8I,,,4.0,,
B01FT3X00E,,7.0,,,7.0
B01FV16858,,25.0,25.0,25.0,25.0
B01FV42GUQ,,,,,2.0
B01FVHG6VS,,,,,208.0
B01FVJIXO4,,32.0,32.0,,32.0
B01FVJIXOE,39.0,,,,39.0
B01FVTY6FY,,,,193.0,193.0
B01FVX567M,90.0,,90.0,90.0,90.0
B01FW6W3LU,,,17.0,,17.0
B01FWC8KDO,,,,,14.0
B01FWC8KDY,,,,,4.0
B01FWPEYRM,,,,,12.0
B01FWPF11U,,,,,6.0
B01FWPF1EM,,,,,6.0
B01FWT24N4,108.0,108.0,,,
B01FY53PR0,,,34.0,,34.0
B01FYOOPMA,270.0,270.0,,270.0,270.0
B01G14FDWS,,,,,179.0
B01G2G127U,,,,13.0,
B01G2G13BU,,,,,34.0
B01G2UPH8Q,,46.0,,,46.0
B01G37LB56,28.0,,28.0,28.0,28.0
B01G3N48E6,,,,,28.0
B01G3X0Q10,2.0,,,,
B01G5YCS9K,,,,,1.0
B01G5Z2ZS8,892.0,,,892.0,892.0
B01G61JVP6,,,,,6.0
B01G68S97A,,,2.0,,
B01G6H0ZKK,75.0,,,,
B01G6R7FG2,,23.0,,,23.0
B01G787A8I,,,,,1.0
B01G7RWFJ8,254.0,,254.0,254.0,254.0
B01G7UYEUI,,,6.0,,
B01G7YZRQO,,,,37.0,37.0
B01G9SK5JM,,,,,11.0
B01GAXNXPO,2.0,,,,
B01GBRPRM6,,16.0,,,16.0
B01GD0SB4W,,,3.0,,
B01GE1ESQ0,,,,,3.0
B01GED2F6S,,,,83.0,83.0
B01GFOWG1K,,,24.0,24.0,
B01GGOBMP0,,,,,3.0
B01GGPLE34,,,2.0,,
B01GGVF6BY,,,,,70.0
B01GIRK1XY,825.0,,,,825.0
B01GKGH58C,,372.0,,,372.0
B01GLDXX2G,,178.0,,,178.0
B01GMLCCY2,,,,,16.0
B01GNZ3BMY,,,7.0,,7.0
B01GO27000,78.0,,78.0,,78.0
B01GO27DRU,43.0,,,,43.0
B01GO4M332,,,12.0,,
B01GOL0PH6,,,,,22.0
B01GOOMMCO,,,,217.0,217.0
B01GOS7U7C,,,,,4.0
B01GOZ1DNC,,,,,1.0
B01GP0XHBC,,,,8.0,8.0
B01GP66J4I,323.0,323.0,323.0,323.0,323.0
B01GP66MDQ,207.0,207.0,207.0,207.0,207.0
B01GPB55UC,,,16.0,,16.0
B01GPFQ6II,,,,,3.0
B01GPIOAZQ,,,34.0,,34.0
B01GPORUOS,,,,795.0,795.0
B01GPRNWXI,795.0,,795.0,795.0,795.0
B01GQM0ZQ4,,,,,25.0
B01GQXAR9I,34.0,,,34.0,34.0
B01GR2O5LE,,,,,69.0
B01GRXYUD6,,,55.0,55.0,55.0
B01GSL29YE,,,,,1.0
B01GSPOW2W,219.0,219.0,219.0,,219.0
B01GU6L0V0,187.0,187.0,,187.0,187.0
B01GVRSE08,,,31.0,31.0,31.0
B01GVTC3BW,9.0,,,,
B01GW5ROI2,,,,,9.0
B01GWY2HT4,,,,,4.0
B01GZXRGNY,,,,50.0,50.0
B01H009S6Y,,,119.0,,119.0
B01H08ZQAI,,,,,26.0
B01H0H8KP2,,,,1.0,
B01H156230,,,,2.0,
B01H156640,,,,,1.0
B01H1ISYBU,3547.0,,,,3547.0
B01H1JZAQQ,,,,,26.0
B01H1PGR76,2152.0,,2152.0,,2152.0
B01H1PVEUQ,,,,,39.0
B01H1VM6D4,,,2341.0,2341.0,2341.0
B01H1VNQK6,,,,,57.0
B01H1VTRFE,,,,192.0,192.0
B01H1X94SM,,,,,3.0
B01H2F76CK,,,,658.0,658.0
B01H2JE2FA,,,,,28.0
B01H35DQBO,75.0,,,,
B01H35DS3U,,,,,74.0
B01H40GZ70,,,,7.0,
B01H4E3QMI,,,,,15.0
B01H5EZNM8,,,679.0,679.0,679.0
B01H6JM45G,49.0,,,,49.0
B01H6NJQYY,3547.0,3547.0,3547.0,3547.0,3547.0
B01H6Q7OPY,708.0,,,,708.0
B01H7EZRY0,,,,,8.0
B01H7EZSI0,,10.0,,,10.0
B01H7EZTIY,,,,,7.0
B01H7EZTQG,,,,,10.0
B01H7EZUVA,,,,5.0,
B01H7EZUWY,,,,,9.0
B01H7EZW6S,135.0,135.0,135.0,135.0,135.0
B01H7EZWA4,,,,,2.0
B01H7EZXSA,,,,,7.0
B01H7IL54W,,,,,4.0
B01H9K3U6E,47.0,47.0,47.0,47.0,47.0
B01HAISPGK,,,,,9.0
B01HAKG3EO,2.0,,,,
B01HBIG4OY,106.0,106.0,106.0,106.0,
B01HBIG4T4,106.0,,106.0,106.0,106.0
B01HBQKWFS,,,,,8.0
B01HCR96OE,,,,68.0,68.0
B01HDWSQWG,,,,,44.0
B01HE9AB1C,,,,,61.0
B01HEC39TU,,,204.0,204.0,204.0
B01HEDGF8G,71.0,,71.0,71.0,71.0
B01HERJZ7A,,14.0,14.0,,
B01HETW85E,971.0,971.0,971.0,971.0,971.0
B01HF04260,,,,,14.0
B01HG7LG5W,,,,,2.0
B01HH5O7WC,,,,7.0,
B01HI7YQ3Y,,,2.0,,
B01HJL3SZQ,,,,,4.0
B01HLZOQTM,,,,19.0,19.0
B01HN0JIVG,,,,,159.0
B01HNLVON0,1348.0,,,,1348.0
B01HNMY3BE,,,1348.0,,1348.0
B01HNNYWJQ,28.0,,,,28.0
B01HOZADGE,,,,54.0,54.0
B01HOZAL16,,,,,58.0
B01HPPTB3Y,773.0,773.0,773.0,773.0,773.0
B01HPT2XPS,,,,,6.0
B01HPXYNI4,23.0,,,,
B01HQOHTHE,,,,,11.0
B01HQUP20O,35.0,,35.0,35.0,35.0
B01HR4L45Q,,,,193.0,193.0
B01HRK7T6S,5.0,,,,
B01HRQT7QM,,,,,18.0
B01HS59CEY,,103.0,103.0,103.0,103.0
B01HU1JLDS,,,40.0,,40.0
B01HUK64MK,3952.0,3952.0,3952.0,3952.0,3952.0
B01HUVPXIK,,,29.0,29.0,29.0
B01HW8VA6K,,,,,57.0
B01HWV6PT4,,,,,4.0
B01HX8BNGQ,,,,,10.0
B01HXCPEAS,,,12.0,,
B01HXF17RO,,,32.0,32.0,32.0
B01HYFX98S,,,4.0,,
B01HYOS3OE,,,,,7.0
B01HYP4V0I,,,,7.0,7.0
B01HYPVOV2,,,,,12.0
B01HYWX97M,73.0,,,73.0,73.0
B01I040K5M,26.0,,,26.0,26.0
B01I172DOE,,,,,6.0
B01I1A94VG,44.0,,,44.0,44.0
B01I1ALYG4,6.0,,,,
B01I2GE720,72.0,,72.0,,
B01I2GE7DY,381.0,381.0,381.0,381.0,381.0
B01I2PV1I4,39.0,39.0,,,39.0
B01I2PV1IY,,,,,14.0
B01I2PV1KC,65.0,,65.0,65.0,65.0
B01I2RJYSQ,155.0,,,155.0,155.0
B01I2XAPA6,,,,,11.0
B01I3CFBIC,,,,,32.0
B01I3DZD0W,,34.0,,,34.0
B01I3DZD34,,,,,34.0
B01I3DZG18,34.0,,,34.0,34.0
B01I3K8GJA,,,,,38.0
B01I3K8IDE,,,38.0,,38.0
B01I4CKQ5Y,,,,1.0,
B01I4DCI2W,,,469.0,,469.0
B01I4DE3FW,,,,,417.0
B01I4DK05O,,469.0,,469.0,469.0
B01I523QVO,,,,,11.0
B01I526PZS,,,,,44.0
B01I52CX36,,,4.0,,
B01I52PAPE,,,,,8.0
B01I52VFTO,,,,,6.0
B01I58T1Q2,,56.0,56.0,,56.0
B01I58T1QW,,,302.0,302.0,302.0
B01I58T1T4,17.0,,,,
B01I58T266,16.0,,,,16.0
B01I58T586,,,,,30.0
B01I5IZAMG,,,,,2.0
B01I5S8KDM,29866.0,29866.0,29866.0,29866.0,29866.0
B01I5S8KH8,29866.0,29866.0,29866.0,29866.0,29866.0
B01I69TSCC,1087.0,,,1087.0,1087.0
B01I6EPRRW,,,,25.0,25.0
B01I77QP8S,,,,,40.0
B01I7IFNZS,,,,100.0,
B01I9V4O30,,,,13.0,13.0
B01IA99E0Y,,,162.0,,162.0
B01IA9AAXO,,,,,3.0
B01IA9DDEM,,,,,150.0
B01IA9DLDA,,,,3.0,
B01IA9DP9K,,,,,16.0
B01IA9DS10,37.0,,,,37.0
B01IA9EF9E,,,,,15.0
B01IAD3EBA,,,26.0,26.0,26.0
B01IAEGFHE,,,,15.0,15.0
B01IAEGFJM,,,,15.0,15.0
B01IAIF9FY,442.0,442.0,442.0,442.0,442.0
B01IALPSXE,142.0,142.0,,,142.0
B01IAZ81AC,,,,,60.0
B01IBAFJ6K,,,3.0,,
B01IBGYX5M,,,,,10.0
B01IC2BVPU,81.0,81.0,,,81.0
B01ICHVBPA,,,36.0,,36.0
B01ID1SSMO,,,34.0,,34.0
B01ID2BC9E,,10.0,,,
B01ID7LUTG,,,,,69.0
B01IDANZY6,,,,4.0,4.0
B01IDZKSX2,,,,,10.0
B01IE8HSOA,,281.0,281.0,,281.0
B01IER4GL4,145.0,,,,145.0
B01IFJ4NL4,,,,,13.0
B01IFLH2U6,4781.0,4781.0,4781.0,4781.0,4781.0
B01IFP1J7E,,,4.0,,
B01IGD8GUI,36.0,,,,36.0
B01IID8502,,,,,24.0
B01IIPQ32W,31.0,,,,31.0
B01IKD6Z5M,,,1758.0,,1758.0
B01IKRGA2Q,,,,,206.0
B01ILRNTEC,,,,,42.0
B01ILRNU32,,,,,25.0
B01IM6ESOM,,,,,71.0
B01IMRBMLS,,,,,1.0
B01IN4KSWO,,,5.0,,
B01IN9DST4,,,,,4.0
B01INHAMLI,,,264.0,264.0,264.0
B01IO2X5R0,214.0,214.0,,,214.0
B01IO3406O,1429.0,1429.0,1429.0,1429.0,1429.0
B01IOA4CYC,1039.0,1039.0,1039.0,1039.0,1039.0
B01IP29QPO,,,,,66.0
B01IP2AAIQ,38.0,,,,
B01IP2AASG,,,38.0,,
B01IP2AD7E,38.0,,,,
B01IP2AG30,,,,10.0,
B01IP7U4TG,,,,,4.0
B01IPGUL5O,15.0,,,15.0,
B01IPON9LO,1037.0,1037.0,1037.0,1037.0,1037.0
B01IQK753A,181.0,,,181.0,181.0
B01IRAW4YE,,,,,177.0
B01IRHC6N6,,,11972.0,,11972.0
B01IRV9S2O,45.0,,,,
B01IRWV9UC,,,,,8.0
B01ISDPSFM,,,,76.0,76.0
B01IT3D55G,,,,,127.0
B01IT3D75Y,,,,55.0,
B01IT3D77M,427.0,,427.0,427.0,427.0
B01IT3D8IU,,,,,36.0
B01IT3E2I0,28.0,,,,
B01IU5UY5C,,,,,39.0
B01IVA19KK,,,,23.0,23.0
B01IVA1DQ0,,,25.0,,25.0
B01IW0OHTO,,,,,1.0
B01IXYRCQO,,,55.0,,
B01IYIT9QK,40.0,40.0,40.0,40.0,40.0
B01J0BHHUU,,,71.0,,
B01J24KT6O,,,,,3.0
B01J2ETRYY,783.0,,,783.0,783.0
B01J3EZR7Y,,,,,95.0
B01J4H3YWU,,,,,2.0
B01J4JIEUA,,,,65.0,65.0
B01J57P1QQ,,,,,11.0
B01J5BISPI,,,,,7.0
B01J70GE7Q,,,,,196.0
B01J7AYHR0,,,15.0,,15.0
B01J7DM18Y,14.0,,,,
B01J7DM2T2,,,,,7.0
B01J7H7M8O,,,,,1.0
B01J7KXLZ4,,,11.0,,
B01J7Q05M0,19.0,,,,19.0
B01J8ULVD2,,6.0,,,6.0
B01JA20IG4,,,,,41.0
B01JA20TOK,,,,,41.0
B01JA20Y5O,,,,,41.0
B01JA309LW,,,,,3.0
B01JA30ANY,,,,81.0,81.0
B01JAQK3SS,1302.0,1302.0,1302.0,1302.0,1302.0
B01JCMOA20,,,,735.0,735.0
B01JCN57ZS,274.0,,274.0,274.0,274.0
B01JD34EVK,,,,,59.0
B01JDJHGUU,,,,,9.0
B01JDJTQYE,,,,27.0,27.0
B01JF9KZXS,,,,28.0,28.0
B01JGD3X7S,1967.0,1967.0,1967.0,1967.0,1967.0
B01JGXKN58,,,,,1.0
B01JHIIB8I,,,,,1.0
B01JI8WBCO,618.0,618.0,618.0,618.0,618.0
B01JJBKJYW,3845.0,3845.0,3845.0,3845.0,3845.0
B01JKTRE0U,,,,13.0,
B01JLNY4P8,79.0,79.0,79.0,79.0,79.0
B01JM0ONJM,,,,,16.0
B01JOF1Z1O,,,,6.0,
B01JOOSFG8,263.0,263.0,263.0,263.0,263.0
B01JOW8LXC,,20.0,20.0,20.0,
B01JOYKYQ2,170.0,170.0,,,
B01JQG64FS,,,61.0,,61.0
B01JRRCQX0,,,,9.0,
B01JRVQWXG,83.0,83.0,83.0,83.0,83.0
B01JRXNEQ2,78.0,78.0,78.0,78.0,78.0
B01JRZWA2E,,,1087.0,,
B01JRZWA9W,1087.0,1087.0,1087.0,,1087.0
B01JSBAWEA,11.0,,,,11.0
B01JZ5PB4U,,16.0,,,
B01JZ8CTMY,,,98.0,,98.0
B01JZ8CVC2,,,98.0,98.0,98.0
B01JZNLK2Y,,,,,39.0
B01K0OWO18,,,,,40.0
B01K0WROAQ,306.0,306.0,306.0,306.0,306.0
B01K0WRR7G,560.0,560.0,560.0,560.0,560.0
B01K19HZ3O,26.0,,,,26.0
B01K19RB74,,,,,3.0
B01K1AUCBA,16309.0,16309.0,16309.0,16309.0,16309.0
B01K1T3LBE,,,,,421.0
B01K1UOZ18,999.0,999.0,999.0,999.0,999.0
B01K2UKV3S,,,,,3.0
B01K2YK4PE,,,,4.0,
B01K3315P2,,,,,3.0
B01K3J62BI,91.0,,,,91.0
B01K3J62CW,,91.0,,91.0,91.0
B01K3YJHSS,,,,,12.0
B01K473CGC,,,50.0,50.0,50.0
B01K4IA21Y,2964.0,2964.0,2964.0,2964.0,2964.0
B01K4V50MM,,,,,3.0
B01K79XFNM,108.0,108.0,108.0,108.0,108.0
B01K7D7RW8,,,,,4.0
B01K9ZB1DA,,,67.0,67.0,67.0
B01K9ZRLGQ,13.0,,,,
B01KBF4MPW,,35.0,,35.0,35.0
B01KC8F3HY,,,,,6.0
B01KCJBTFI,,,,783.0,783.0
B01KE2R6OQ,471.0,471.0,471.0,471.0,471.0
B01KEUF7C6,750.0,750.0,750.0,750.0,750.0
B01KEZA1PY,10.0,,,,
B01KF8846S,,,,,46.0
B01KF884C2,,,,,46.0
B01KGH1FXW,43.0,,43.0,,43.0
B01KGI6ATA,238.0,,238.0,238.0,238.0
B01KIIOP5O,654.0,654.0,654.0,654.0,654.0
B01KIOD00E,4.0,,,,
B01KJPVQG2,,,14.0,,
B01KJPVTS2,,,,83.0,
B01KJPVZJ0,,,,,86.0
B01KKKRNWW,,,,,2.0
B01KKTJHMM,11.0,,,,11.0
B01KL5SGQI,,,,,6.0
B01KLFG6A6,64.0,64.0,,64.0,64.0
B01KMHA0HS,,,,,6.0
B01KMRQ87E,,,,,17.0
B01KMRQA4U,,,,13.0,13.0
B01KP0N8K8,62.0,,,62.0,62.0
B01KQ1D5T0,,,,,121.0
B01KRE745M,,,,,37.0
B01KS5VFUA,,,,,7.0
B01KT09YZ2,,,,26.0,
B01KT09YZC,26.0,,,,26.0
B01KTN9YUY,,,,,5.0
B01KTPJ3HQ,,,,54.0,54.0
B01KTPWI6Y,,78.0,,78.0,78.0
B01KTQ5YW8,,,,43.0,43.0
B01KTXP3SQ,,,,,440.0
B01KU007YI,,,,,31.0
B01KU6AEZY,,9.0,,,
B01KV0F4KY,1294.0,1294.0,1294.0,1294.0,1294.0
B01KW2D16A,12.0,,,,12.0
B01KW4INO8,,,68.0,68.0,68.0
B01KW4IUR8,2639.0,2639.0,2639.0,2639.0,2639.0
B01KW4IUSC,,,,19.0,
B01KWSKZ2C,390.0,390.0,390.0,390.0,390.0
B01KX5TOSA,,,,,48.0
B01KXETE4K,,,3.0,,
B01KXL1MPW,,,,,3.0
B01KYCTAMC,,88.0,,,88.0
B01KYFEL2I,,,,,129.0
B01KYFEM4A,343.0,343.0,,343.0,343.0
B01KYHNAB4,,,26.0,,
B01KYQD290,1.0,,,,
B01KZ3MQKS,,,,,18.0
B01KZFDS80,,,,136.0,136.0
B01L0CNGCU,1348.0,1348.0,1348.0,1348.0,1348.0
B01L2V6DDI,47.0,,,,47.0
B01L43LAK0,,,15.0,,
B01L4Q9OQY,,,61.0,,61.0
B01L6DCIQ8,1212.0,1212.0,,1212.0,1212.0
B01L6GHA9K,163.0,,163.0,163.0,163.0
B01L6GHCZW,163.0,,163.0,,163.0
B01L6OIGC2,43.0,43.0,,,43.0
B01L6Z7K7I,,,,,31.0
B01L72YDIE,,,,,9.0
B01L91PCUG,111.0,,,,
B01L9I9C0U,,35.0,,,
B01L9VB34A,,,,,2.0
B01LB2PY6A,,,20.0,,20.0
B01LBB6SA2,,,,,26.0
B01LCB08KC,,,,14.0,
B01LCB08KM,,,,14.0,
B01LCB08NE,,,,,5.0
B01LCBNBSS,,,,,12.0
B01LCBNC1Y,,,32.0,,
B01LCS0EWC,,,35.0,35.0,35.0
B01LD51UD6,,,61.0,,61.0
B01LDBRDD6,45.0,,,,45.0
B01LDO2ZB8,731.0,,731.0,731.0,731.0
B01LFQI7GQ,,,,,26.0
B01LGO84QA,36.0,36.0,36.0,36.0,36.0
B01LGQ9VRE,,,,43.0,
B01LGX6R6K,,,,,9.0
B01LI6KZBS,477.0,477.0,477.0,477.0,477.0
B01LKYKACM,151.0,151.0,151.0,151.0,151.0
B01LLO5BCK,,,,,29.0
B01LLO5K3U,,29.0,,29.0,
B01LMJW1TU,,,,,5.0
B01LMZN9CC,758.0,758.0,758.0,758.0,758.0
B01LN72CD6,,,,,38.0
B01LQ5WHEE,,,,,12.0
B01LQ7B73E,284.0,,284.0,284.0,284.0
B01LQBZSOE,,,,11.0,11.0
B01LRJBE7K,,,,,12.0
B01LSKX0IO,,,,,4.0
B01LSN0HSW,,,,,3.0
B01LT6WKLK,2933.0,2933.0,2933.0,2933.0,2933.0
B01LVTNKEB,,45.0,,,45.0
B01LWBFC91,,,,2.0,
B01LWI2OXW,481.0,,481.0,481.0,481.0
B01LWIMY02,,,,,35.0
B01LWJ26OB,217.0,,,,217.0
B01LWJ3IBH,418.0,418.0,418.0,418.0,418.0
B01LWLROEL,,,,,146.0
B01LWNIDOZ,,,,,36.0
B01LWO5E2B,328.0,,328.0,328.0,328.0
B01LWPE06U,,,57.0,,
B01LWPL0V5,,,,,30.0
B01LWWF69V,,49.0,49.0,49.0,49.0
B01LWXHJ2L,,,,146.0,
B01LWXJANQ,,,,,3.0
B01LWZW059,,,166.0,,
B01LWZWI6O,,,78.0,,
B01LX0J9RZ,,,583.0,,583.0
B01LX3E15V,,,242.0,242.0,242.0
B01LX8IXQK,,29.0,,29.0,29.0
B01LX8JRE3,,761.0,761.0,761.0,761.0
B01LXAZJ2Q,,,,,36.0
B01LXDAX7B,,,,,42.0
B01LXDX0IP,577.0,577.0,577.0,577.0,577.0
B01LXIRU1R,,,,,7.0
B01LXKL2XP,85.0,,,85.0,85.0
B01LXPGFSI,,2.0,,,
B01LXQNKNK,,,,180.0,180.0
B01LXY0WSO,5.0,,,,
B01LY01I4A,,,,,11.0
B01LY2NEF8,,,,254.0,254.0
B01LY3NCGX,2991.0,2991.0,2991.0,2991.0,2991.0
B01LY98I2Z,,,6.0,,
B01LYALPAK,,,8.0,8.0,8.0
B01LYBSBKB,,,,7.0,
B01LYLG9X9,,,,,2.0
B01LYLZKKQ,112.0,112.0,112.0,,112.0
B01LYQ1X48,484.0,,,484.0,484.0
B01LYTW60X,9324.0,9324.0,9324.0,9324.0,9324.0
B01LYV0GJB,,,,9.0,9.0
B01LYWT95N,,384.0,,,384.0
B01LYYGEHB,,,,,3.0
B01LYYQ8LZ,,,,,434.0
B01LZ5O96C,,,,,3.0
B01LZ8BFY4,450.0,,450.0,450.0,450.0
B01LZC4KZA,,,,,100.0
B01LZGHIPO,,218.0,218.0,,218.0
B01LZGHLJN,,,,218.0,
B01LZIIIUA,,,,3.0,
B01LZQJ481,,,,,25.0
B01LZRCEUR,,48.0,48.0,48.0,48.0
B01LZS3ASH,,,,698.0,698.0
B01LZV0MD8,,,146.0,146.0,
B01LZXYLJK,64.0,64.0,64.0,64.0,64.0
B01LZY1593,,2399.0,2399.0,2399.0,2399.0
B01LZY2HE6,,,42.0,42.0,42.0
B01M06C79O,,,,367.0,367.0
B01M06PHUB,146.0,146.0,,,
B01M09BEV5,,,15.0,,15.0
B01M0A70AE,,21.0,,,21.0
B01M0AT1NE,,,30.0,,30.0
B01M0D14OM,,,,1.0,
B01M0EM74V,,,41.0,,41.0
B01M0HYDFG,,,,,372.0
B01M0IIQP3,,37.0,,,37.0
B01M0JJSGE,65.0,65.0,65.0,65.0,65.0
B01M0JT8J8,3307.0,3307.0,3307.0,3307.0,3307.0
B01M0K0DVX,168.0,,,168.0,168.0
B01M0LMSXV,150.0,,,150.0,150.0
B01M0N3G75,,,,,75.0
B01M0NSPN8,,,,,5.0
B01M0OX5NU,3766.0,3766.0,3766.0,3766.0,3766.0
B01M0QFG3H,,,,,26.0
B01M0SD87T,,,2.0,,
B01M0SJED9,,1.0,,,
B01M0UF5TV,,,,,3.0
B01M0XQD88,,57.0,,,57.0
B01M102LJJ,991.0,991.0,991.0,991.0,991.0
B01M18OL0F,2100.0,2100.0,2100.0,2100.0,2100.0
B01M1AYZYB,,,,,4.0
B01M1DG7T6,264.0,,,264.0,264.0
B01M1G0IP1,,,,19.0,19.0
B01M1GETSY,,,,,12.0
B01M1GGCQ0,,,,,7.0
B01M1HJ1JL,,,,,146.0
B01M1N2DAH,12.0,,,,12.0
B01M1Z4S01,,,,,24.0
B01M22R1YY,,,,,73.0
B01M24RKQY,567.0,,567.0,567.0,567.0
B01M28RU92,,,,,7.0
B01M28RX65,34.0,34.0,34.0,,
B01M2CCAOQ,,,,,29.0
B01M2UIV2U,,44.0,44.0,,44.0
B01M2X1RHO,,,,10.0,10.0
B01M2XBZEG,,,,66.0,66.0
B01M2XFZAO,,,,12.0,12.0
B01M2XMLTP,,,,,306.0
B01M2YQXKD,,,176.0,176.0,176.0
B01M2YR35K,,,,,176.0
B01M31GCS7,,45.0,45.0,,45.0
B01M360332,72.0,,,,
B01M368VWU,,65.0,,,
B01M3P0YU7,,,,,3.0
B01M3QC4YX,,,,,306.0
B01M3R32GX,,,158.0,,158.0
B01M3S7H1K,,,,,1.0
B01M3SM54U,8.0,,,,8.0
B01M3UQBFV,,,,3.0,
B01M3W4SQ0,,,,125.0,125.0
B01M3WTCDN,203.0,,203.0,203.0,203.0
B01M3XDIWF,,,,,11.0
B01M3XLKU4,,25.0,,,25.0
B01M3XUGUX,,,,,45.0
B01M4GRSFI,40.0,,,,
B01M4J0D8F,,,,,160.0
B01M4KYSOP,,,,,74.0
B01M4L6OIA,,,,,4.0
B01M4NDQCH,,,,23.0,
B01M4OPSDU,,,,,11.0
B01M4SAFGD,,,,,6.0
B01M5AJRB4,,,,,1.0
B01M5BRFB9,,,,,13.0
B01M5C8A3F,,,133.0,,133.0
B01M5FJXUJ,21.0,,,,
B01M5HIVQ0,,125.0,125.0,125.0,125.0
B01M5J4A6C,,,,,18.0
B01M5KQ8FW,,,,,35.0
B01M61WTBA,,,59.0,,59.0
B01M628GNU,,,,35.0,35.0
B01M63P7PH,5.0,,,,
B01M655CUQ,,,202.0,,202.0
B01M661U5S,,34.0,,,
B01M68FSND,2.0,,,,
B01M68UA5L,,,30.0,,30.0
B01M6AECAQ,,,28.0,28.0,28.0
B01M6C972U,,,,23.0,23.0
B01M6DKS8L,,256.0,,,256.0
B01M6V0HOC,,,,,49.0
B01M6WOSXG,722.0,722.0,722.0,722.0,722.0
B01M6ZCCKK,,,,,3.0
B01M6ZKGKF,,33.0,,33.0,
B01M7MW3AE,5.0,,,,
B01M7N0HK0,50.0,,50.0,,
B01M7Q32P9,,,,,306.0
B01M7RYCNG,,,,,4.0
B01M7T2O6J,,1662.0,1662.0,1662.0,1662.0
B01M7T6N6H,,,27.0,,
B01M7UPNMU,,,,,5.0
B01M7YM35F,,,,,1.0
B01M7YOJ4E,,,64.0,64.0,64.0
B01M7Z4LRS,,,259.0,,
B01M8JR1PU,,,,,45.0
B01M8JR25F,,,,,56.0
B01M8L4LM0,,,,,141.0
B01M8LHA2B,,,,15.0,15.0
B01M8LHDRG,,,,,93.0
B01M8MJTI5,,,21.0,,21.0
B01M8Q08XV,44.0,44.0,,,44.0
B01M8Q7YLK,,,,45.0,45.0
B01M8QUEAS,,,,,7.0
B01M9B48TL,,,,,102.0
B01M9BEYMY,,306.0,306.0,306.0,306.0
B01M9CZTK4,,,,8.0,
B01M9D4JGS,,,,,8.0
B01M9DNRHV,,,,,32.0
B01M9F7XQK,17.0,,,,17.0
B01M9F80EW,,,,7.0,
B01M9FF2YL,90.0,,,,
B01MA0SNQ6,,,,22.0,22.0
B01MA13J8I,,,,,6.0
B01MA20432,,,,,75.0
B01MA3ZPZY,,,92.0,,92.0
B01MAX12HW,,,13.0,,13.0
B01MCQUK8B,,,,,10.0
B01MCRSBUN,,,,,65.0
B01MCSQ3V4,,,,,7.0
B01MCV1CO9,,,,13.0,13.0
B01MCVJ7V3,22.0,22.0,22.0,,
B01MCVMVRR,,,20.0,,20.0
B01MCVN4H8,,18.0,,,
B01MCXV0L7,12.0,,,,12.0
B01MCZDO3O,,,,10.0,10.0
B01MD1PW4Y,,,,30.0,30.0
B01MDJZ4I4,,,,,54.0
B01MDNKZA9,,,,,55.0
B01MDNQR04,,,,,87.0
B01MDPMOV6,446.0,446.0,,446.0,446.0
B01MDQK3ZK,,6.0,,,6.0
B01MDQK46J,,,,12.0,
B01MEEWQ0C,,,,13.0,
B01MEGHSES,,,,171.0,171.0
B01MF5T0FG,1551.0,1551.0,1551.0,1551.0,1551.0
B01MF8BBAY,447.0,,,,447.0
B01MF8Y1CR,,,,66.0,
B01MF9LQAV,,,,70.0,70.0
B01MF9QU2X,441.0,441.0,441.0,441.0,441.0
B01MFB1FT3,439.0,439.0,439.0,439.0,439.0
B01MFBT6YH,,,13.0,,
B01MFBXYYT,,13.0,,,
B01MFD8AA1,40.0,,,,40.0
B01MFF5ZOM,25.0,,,,
B01MFG0QBO,,,32.0,,32.0
B01MFI1CAZ,,549.0,,,549.0
B01MG0JARS,44.0,,,44.0,44.0
B01MG3MSDL,423.0,,423.0,423.0,423.0
B01MG4OB6E,,,12.0,,
B01MG4OGZ7,38.0,,,,38.0
B01MG5Z43P,,,,,36.0
B01MG7M8JE,,,,,2.0
B01MG8EBA2,,,254.0,,254.0
B01MG9HMTK,65.0,,,,65.0
B01MQ0F81B,,,,8.0,
B01MQ0YWV3,19.0,,,19.0,19.0
B01MQ0YX6Z,41.0,41.0,,,41.0
B01MQ4H7A9,,24.0,,,24.0
B01MQ4O024,,,46.0,46.0,46.0
B01MQCMWQU,,,,,744.0
B01MQFFL49,,,,,43.0
B01MQFYDSF,289.0,,,,289.0
B01MQG18IG,,,,,19.0
B01MQG499P,,,,,1.0
B01MQHLGKR,9.0,,,,
B01MQIE4JQ,474.0,474.0,474.0,,474.0
B01MQK40LU,,,,,19.0
B01MQLQ2VN,,,,54.0,54.0
B01MQM8T3H,,,,25.0,
B01MQPA12O,,5.0,,,
B01MQPQ6IX,,6.0,,,6.0
B01MQYLFMH,23.0,,23.0,23.0,
B01MQYPQXN,,,,,7.0
B01MQZS91T,1847.0,1847.0,1847.0,1847.0,1847.0
B01MR0PYQL,,,12.0,,
B01MR0VR5P,2279.0,2279.0,,2279.0,2279.0
B01MR14N20,,,,20.0,20.0
B01MR1WEXV,,,,,12.0
B01MR3DPVA,,,,,23.0
B01MR4YBY3,,,,,299.0
B01MR5NYBI,141.0,,141.0,141.0,141.0
B01MR727K3,,,,84.0,84.0
B01MR7FYE5,,,,,124.0
B01MR7GMMR,,,,75.0,75.0
B01MR8N4IC,,,9.0,,
B01MRAAH8K,,,,,14.0
B01MRBX1II,,,,,77.0
B01MRIJ0BO,14272.0,14272.0,14272.0,14272.0,14272.0
B01MRIQRZD,,,,,28.0
B01MRIRHVF,,,,,17.0
B01MRM5PD0,,,,,44.0
B01MRN20RK,,,,,54.0
B01MRNW7VA,,,,,170.0
B01MRPBHOI,,624.0,624.0,,
B01MRQNNKD,,,5.0,,
B01MRQNOQL,,,,,69.0
B01MRS4TVT,,,,,2688.0
B01MRVISXE,,,3.0,,
B01MS070F7,290.0,,290.0,,290.0
B01MS2I30Q,,,,,28.0
B01MS2K17J,,,29.0,,
B01MS5O57H,,,3932.0,,
B01MS80FU5,,,,,49.0
B01MS8BZ8L,,,,,94.0
B01MS982D2,,33.0,,,33.0
B01MSCW0D8,44.0,44.0,,44.0,44.0
B01MSDR1I2,4781.0,4781.0,4781.0,4781.0,4781.0
B01MSK7JB2,,,,,6.0
B01MSLSXRZ,,,,26.0,26.0
B01MSM0VR3,,,,,11.0
B01MSP6PTO,,,12.0,12.0,
B01MSQZMNG,,,,190.0,
B01MSR05YR,624.0,,624.0,624.0,624.0
B01MSS1ATA,,,,3.0,
B01MSSBUKT,,,,,1.0
B01MSTS1G7,,,,,10.0
B01MSWWUC5,137.0,,,,137.0
B01MT1JLB9,21.0,,21.0,,21.0
B01MT247A5,,,,,144.0
B01MT5YGOQ,,,,6.0,6.0
B01MT92OGY,74.0,,74.0,74.0,74.0
B01MT9E94Q,,,,,68.0
B01MT9XMNK,3100.0,3100.0,3100.0,3100.0,3100.0
B01MTB3ICG,,,,15.0,15.0
B01MTEJ0W4,,78.0,,,78.0
B01MTJUGPJ,,,,,31.0
B01MTM1BWM,217.0,,217.0,,217.0
B01MTN65A2,,,21.0,,21.0
B01MTPELVG,,,3.0,,
B01MTSGANG,,,190.0,,
B01MTXTK4H,1435.0,1435.0,1435.0,1435.0,1435.0
B01MU00XXV,,,,10.0,10.0
B01MU2HBHV,,20.0,,,20.0
B01MU2WASP,100.0,,100.0,100.0,100.0
B01MU2ZU28,147.0,147.0,147.0,147.0,147.0
B01MU3B10L,183.0,183.0,183.0,,183.0
B01MU4OP77,58.0,,,,
B01MU55ZBH,,51.0,,,51.0
B01MUC4LGF,,,,,21.0
B01MUC51EG,,,,,124.0
B01MUFEIAU,1446.0,,1446.0,,
B01MUH852Y,,,156.0,,156.0
B01MUJUNFN,,,,,80.0
B01MUP6C6N,,,251.0,,251.0
B01MUVJL6X,,,,34.0,34.0
B01MUVZQGC,,,,,5.0
B01MUYOWMW,21.0,,,21.0,21.0
B01MUZ0NBB,,,,,5.0
B01MV8328G,15.0,,,,
B01MXE3J3Z,,,,,205.0
B01MXE4UC0,,,,,71.0
B01MXG3ZHT,,,,,117.0
B01MXH5NAA,,32.0,,,32.0
B01MXHB2CR,,,,,4.0
B01MXJ2MDR,521.0,521.0,521.0,521.0,521.0
B01MXJI9FU,,,10.0,,
B01MXL20BL,1.0,,,,
B01MXQ9YPK,104.0,104.0,104.0,104.0,104.0
B01MXQR2QY,97.0,,97.0,97.0,97.0
B01MXRGCR0,,2.0,,,
B01MXS1XZ1,,,,,12.0
B01MXSU6P9,3977.0,3977.0,3977.0,3977.0,3977.0
B01MXT3MPO,14.0,,,,14.0
B01MXTF9EM,,,,,2.0
B01MXW3QGY,,,,,66.0
B01MXZ480D,,,,,9324.0
B01MY4CVNX,,,15.0,,
B01MY502EX,2109.0,2109.0,2109.0,2109.0,2109.0
B01MY5I39L,,,75.0,75.0,75.0
B01MY6CZVD,,,,,7.0
B01MY7TOH8,,,,,9.0
B01MY9YNJT,432.0,,432.0,432.0,432.0
B01MYE5D2T,,,,,621.0
B01MYM6TSH,,,53.0,,53.0
B01MYMR5YK,2344.0,2344.0,2344.0,2344.0,2344.0
B01MYN4WWV,,,,,27.0
B01MYSXPSE,3.0,,,,
B01MYSXUCJ,,,,14.0,
B01MYU3TNA,,,,,132.0
B01MYWL4U3,,,,,559.0
B01MYWP7YK,,,,297.0,297.0
B01MYX0AKE,,,,,2.0
B01MYXHP6M,,,,,3.0
B01MYZSRCJ,,,269.0,,269.0
B01MZ09FAB,750.0,750.0,750.0,750.0,750.0
B01MZ1BYY8,,,,,11.0
B01MZ21M1V,,2.0,,,
B01MZ4IQMY,,,,20.0,20.0
B01MZ776LY,,,,,4.0
B01MZ8GHK7,,,105.0,105.0,105.0
B01MZ99QZ3,,,,61.0,61.0
B01MZ9CGJK,,,,,4.0
B01MZ9S2J5,135.0,,135.0,,135.0
B01MZA8PS7,,,7.0,,7.0
B01MZAUXHB,,,,,35.0
B01MZBNPYA,,,,,20.0
B01MZCBXMM,,7.0,,,7.0
B01MZEKWA2,,,,,1446.0
B01MZG42YN,,,41.0,41.0,41.0
B01MZGTI8L,,,,,36.0
B01MZISNAQ,,,,,421.0
B01MZXOQQJ,,,,,10.0
B01MZYHT95,14.0,,,,14.0
B01N03SJXB,,,,,4.0
B01N062BF3,,27.0,,27.0,27.0
B01N0632Y2,298.0,,298.0,298.0,298.0
B01N06E9L7,,,,,17.0
B01N0A1645,,,87.0,87.0,87.0
B01N0A5ZHK,,,,,70.0
B01N0BE9DZ,,,,,1.0
B01N0HBOJT,,,,,39.0
B01N0O4X7X,,,,,3.0
B01N0OMO2I,158.0,,,,
B01N0ON4NV,,,,,137.0
B01N0P42IZ,,106.0,,,106.0
B01N0PLDSX,,,,,3.0
B01N0RWDQB,94.0,,,,94.0
B01N0TSUQX,,,,,11.0
B01N0TSVER,,,,7.0,7.0
B01N0TXBCF,,29.0,,29.0,29.0
B01N0WV7B0,,,,,6.0
B01N0XRDF1,1735.0,1735.0,1735.0,1735.0,1735.0
B01N0Z0KUB,,,13.0,,13.0
B01N10H6UV,,,,,123.0
B01N10XTIH,,,,19.0,19.0
B01N11TV3A,,200.0,,,
B01N1238TG,47.0,47.0,,,
B01N129SN4,,156.0,,156.0,156.0
B01N12S91O,,,,112.0,112.0
B01N154M8Q,,,,,73.0
B01N15PZF3,,,,,1446.0
B01N16FKM1,,,105.0,105.0,105.0
B01N16UL64,,,,,15.0
B01N185M44,,,,,3.0
B01N18OGRA,116.0,,,,
B01N1FIZKX,,,,197.0,197.0
B01N1GGLMJ,,,,,9.0
B01N1GWXLA,,,,,60.0
B01N1H2E2B,,,44.0,,44.0
B01N1HQT5D,,,,,2.0
B01N1HQTER,,,,,11.0
B01N1HV7CK,,,,,4.0
B01N1JOA33,2.0,,,,
B01N1K7OMM,624.0,,624.0,,624.0
B01N1KQ8NH,,,,10.0,
B01N1OR917,,,,,53.0
B01N1SIPYU,121.0,,,121.0,121.0
B01N1TEEH1,,,,,129.0
B01N1UCEO3,,,,3.0,
B01N1UI0CQ,,31.0,31.0,,31.0
B01N1ZLV2W,67.0,,,67.0,67.0
B01N21PXK3,,,5.0,5.0,
B01N239HU5,,51.0,,51.0,51.0
B01N23LBSO,,,30.0,30.0,30.0
B01N242LTH,,432.0,432.0,,432.0
B01N2744WL,,,,,1446.0
B01N2747TL,1446.0,,,,1446.0
B01N29Y092,180.0,180.0,,,180.0
B01N2A28EK,,,,,70.0
B01N2GEBF5,,,,83.0,83.0
B01N2IFBDF,,,,,34.0
B01N2K85O3,3048.0,3048.0,3048.0,3048.0,3048.0
B01N2KH1C4,,,,,20.0
B01N2LQ7ER,,,,,190.0
B01N2NIVN1,,,,4.0,
B01N2NO4RJ,,,,128.0,128.0
B01N2R3SLX,,97.0,,,
B01N2RHNQD,21.0,,21.0,21.0,21.0
B01N2T1L9X,,,,,3.0
B01N2T2GSC,,,4.0,,
B01N2UIA9W,,,20.0,,
B01N2UM3F4,,,,,2.0
B01N2YCV7B,62.0,,,62.0,
B01N30M8QG,,,,,18.0
B01N32W14J,,,,,6.0
B01N33E95F,,,,,70.0
B01N37NSN5,,,,,6.0
B01N38EKE0,624.0,624.0,,,624.0
B01N38NQ19,1446.0,,1446.0,,1446.0
B01N3AHLJ6,8.0,,,,
B01N3JRF23,,,,,255.0
B01N3KUK6C,,,,68.0,68.0
B01N3MWKUG,,,,,63.0
B01N3Q03PI,,,,,9.0
B01N3S5PWB,,,8.0,8.0,8.0
B01N3ST9BT,45.0,,45.0,,45.0
B01N3UE4P7,,,,,19.0
B01N3YVK75,,,,,21.0
B01N43LCAG,,,489.0,489.0,489.0
B01N49IR49,,,,12.0,12.0
B01N4B4UKO,,,,97.0,97.0
B01N4E7PBY,,,202.0,,
B01N4GOEVE,,,,,3.0
B01N4II69T,,,,126.0,
B01N4IMDJB,26.0,26.0,26.0,26.0,26.0
B01N4IMECO,26.0,,26.0,26.0,26.0
B01N4K7HTB,,,,25.0,
B01N4MLVQ8,,,,10.0,
B01N4O1L09,170.0,170.0,170.0,170.0,170.0
B01N4P43EJ,,,,158.0,158.0
B01N4P88V1,,48.0,,48.0,48.0
B01N4P8PD1,25.0,,25.0,25.0,25.0
B01N4PTKQW,21.0,,,,
B01N4SRYZK,,,1446.0,,
B01N4VM0WY,,,,,180.0
B01N4W64CD,,,,60.0,60.0
B01N4WDVLE,28.0,,,28.0,28.0
B01N51QYHO,,,9.0,,9.0
B01N53EXNK,270.0,270.0,270.0,270.0,270.0
B01N577P2A,,,104.0,,104.0
B01N5A9Q8J,,,,10.0,10.0
B01N5BXC6V,,71.0,71.0,,71.0
B01N5KKHKS,,61.0,,,61.0
B01N5M36KX,147.0,147.0,147.0,147.0,147.0
B01N5M5U95,3.0,,,,
B01N5MBYZC,,,,,559.0
B01N5MI6CS,195.0,195.0,,,195.0
B01N5Q5YB1,,,668.0,,
B01N5QVHLI,,,,,20.0
B01N5R6UEL,,,,22.0,22.0
B01N5U2SQG,1446.0,,,,1446.0
B01N5X0CUN,,,,,44.0
B01N5XNGUJ,,,,36.0,
B01N636UL8,,,,,13.0
B01N651QD4,,,,16.0,16.0
B01N66GPKR,489.0,,,489.0,489.0
B01N687HGD,,,,,26.0
B01N68QZQD,,,,,4.0
B01N697TUQ,,,,,10.0
B01N6EEUZX,58.0,,58.0,,58.0
B01N6F69XO,,,,,70.0
B01N6PGK9Y,,,,9.0,9.0
B01N6PVFK0,,,,,299.0
B01N6QFYUH,,,,,2.0
B01N6SRCXH,,,,,123.0
B01N6SSOD2,,,,,9.0
B01N6U84E6,248.0,248.0,248.0,248.0,248.0
B01N6VGOZ1,,,,,34.0
B01N7BVD8Y,109.0,109.0,109.0,109.0,109.0
B01N7FJMNX,106.0,106.0,106.0,106.0,106.0
B01N7GIC53,81.0,,81.0,81.0,81.0
B01N7K0Y54,,16.0,,,16.0
B01N7NJX6Q,,,,,48.0
B01N7ONC9L,,,,,3.0
B01N7P7HAQ,193.0,193.0,,193.0,193.0
B01N7Q86TH,121.0,,,121.0,121.0
B01N7QCXDH,13.0,,,13.0,13.0
B01N7TMTTX,150.0,,150.0,150.0,150.0
B01N7TZ6HW,,,123.0,,
B01N7VC9V1,,,,906.0,906.0
B01N7XO6YS,,44.0,,,44.0
B01N8P3KTP,47.0,,,,47.0
B01N8PM6CQ,,,,,45.0
B01N8QR556,,,3.0,,
B01N8REOHF,,,,49.0,
B01N8TIPRE,,,,,114.0
B01N8X3ULE,166.0,166.0,166.0,166.0,166.0
B01N8XH828,,5.0,,,
B01N8XPD7X,2091.0,2091.0,2091.0,2091.0,2091.0
B01N8XWRGH,,,,1.0,
B01N8ZKKHX,,,,,36.0
B01N90EKN0,,,,,24.0
B01N91T46Z,,,,,421.0
B01N96IKUR,2015.0,2015.0,2015.0,2015.0,2015.0
B01N9ATV6E,,,,439.0,439.0
B01N9CKX2Y,,,,,102.0
B01N9ESA9A,1435.0,1435.0,1435.0,1435.0,1435.0
B01N9ETHI4,,,9324.0,9324.0,9324.0
B01N9IIEDN,,,,9324.0,9324.0
B01N9JVNSC,,48.0,,48.0,48.0
B01N9K9H36,14.0,,,,14.0
B01N9LXNW3,,,,,14.0
B01N9MFQ2R,489.0,489.0,489.0,489.0,489.0
B01N9OJCPN,1726.0,1726.0,1726.0,1726.0,1726.0
B01N9OU5A1,,,,,15.0
B01N9RFH3Z,624.0,624.0,,,624.0
B01N9RJJVJ,624.0,624.0,,624.0,
B01N9SLNY3,,200.0,,200.0,200.0
B01N9TYK4E,,,,,3.0
B01N9WH7UM,1446.0,,1446.0,,1446.0
B01N9WH8C9,1446.0,,,,
B01N9XJRUH,,,,,16.0
B01N9XK2KY,77.0,,77.0,,
B01N9YV5HA,23.0,,,,23.0
B01N9ZS2QO,,,,,60.0
B01NA8PJKB,,,138.0,138.0,138.0
B01NA8WK8Q,,,,,8.0
B01NA9QHQE,,,,,14.0
B01NAFY0PB,,,,624.0,624.0
B01NAH6TV4,359.0,,,,359.0
B01NAIQEH5,,,126.0,126.0,126.0
B01NAJ1XPD,,,,,20.0
B01NAJCE72,,11.0,,,11.0
B01NAL3CQX,,18.0,,,18.0
B01NALDVFL,,,,,17.0
B01NAMUDPL,,,,,10.0
B01NATK13P,,,,68.0,68.0
B01NAUFC6B,,,31.0,31.0,31.0
B01NAUFG3P,,,,26.0,26.0
B01NAWHWI5,,70.0,,,
B01NAXA32M,,335.0,,,335.0
B01NB04VS0,,,,,22.0
B01NBA3VMV,,,,489.0,489.0
B01NBENX57,,,,,13.0
B01NBIG2JH,,,137.0,,137.0
B01NBN9OJB,,,,,7.0
B01NBRE3Z4,,,,40.0,40.0
B01NBYH2F4,,335.0,335.0,335.0,335.0
B01NCAMVRX,,,,,2.0
B01NCAX0M6,,,,42.0,42.0
B01NCF5IT2,,,,97.0,97.0
B01NCI74GI,,,,,4.0
B01NCLF1F1,,,,28.0,
B01NCM7YXR,,,15.0,,15.0
B01NCMTUOA,,88.0,,,88.0
B01NCSY0W9,,,,,34.0
B01NCTDNX1,,,,,58.0
B01NCXC3ZU,,,,,1.0
B01NCYSIEK,356.0,,356.0,356.0,356.0
B01ND0WO03,1567.0,1567.0,1567.0,1567.0,1567.0
B01ND20QRS,,191.0,191.0,191.0,191.0
B01NH504DJ,,,,41.0,41.0
B01NH7HL1L,,,,77.0,77.0
B01NHDHLD1,1437.0,1437.0,1437.0,1437.0,1437.0
B06VSH49BG,17.0,,,17.0,17.0
B06VSHBQGJ,16309.0,16309.0,16309.0,16309.0,16309.0
B06VTLWW3G,,,,,5.0
B06VV6CWPT,,,,101.0,101.0
B06VVGB9KB,,,,31.0,31.0
B06VVK48J6,2111.0,2111.0,2111.0,2111.0,2111.0
B06VVSM9F4,,,24.0,,
B06W2GYD8Y,6045.0,6045.0,6045.0,6045.0,6045.0
B06W2MYQTB,63.0,,,,63.0
B06W55XLD3,,,,,24.0
B06W58JX12,,,,,114.0
B06W5945Y1,,,,,1.0
B06W5CYQTG,2152.0,2152.0,2152.0,2152.0,2152.0
B06W5D35LJ,5.0,,,,5.0
B06W5J9TB2,62.0,62.0,62.0,,62.0
B06W9JT6DM,,,,,24.0
B06W9JXQWV,,,,,12.0
B06WD3V4GL,,,,33.0,
B06WD6L6ML,,,,,32.0
B06WD6X19J,,,3.0,,
B06WD7WZD5,,,8.0,,8.0
B06WLHCNY7,9508.0,9508.0,9508.0,9508.0,9508.0
B06WLJDT7V,,115.0,115.0,,115.0
B06WLL55SS,,,,,331.0
B06WLM2Y42,62.0,,,62.0,62.0
B06WLMLWG5,,,,22.0,22.0
B06WRNTQX4,6045.0,,6045.0,6045.0,6045.0
B06WRWMCY8,,,3.0,,
B06WVCSDDJ,,,,,27.0
B06WVD44KG,,,,,22.0
B06WVJ2PS8,,,,,1321.0
B06WVJ2PWL,,,,,7.0
B06WVM6PX7,,,1321.0,,1321.0
B06WVMHY8S,503.0,503.0,503.0,503.0,503.0
B06WW74G3H,,624.0,,,
B06X15R37H,,,,,33.0
B06X19HTQ7,,,,,116.0
B06X19HX1F,,,116.0,,116.0
B06X19J5YB,,,,,116.0
B06X19J7WR,,,,,116.0
B06X19MS8P,,,,,47.0
B06X1BJ115,,,,22.0,22.0
B06X3SD35J,,,,13.0,
B06X3TXH8H,,,,,20.0
B06X3TXV47,1378.0,1378.0,1378.0,1378.0,1378.0
B06X3VQXX7,,,,33.0,
B06X427GDK,,,,2341.0,2341.0
B06X42L6VZ,,,,520.0,520.0
B06X6CP371,289.0,289.0,289.0,289.0,289.0
B06X6FGXV8,,,,,13.0
B06X9BYV5K,272.0,272.0,272.0,272.0,272.0
B06X9CFZHC,,,,,1.0
B06X9D9RLR,,,,14.0,14.0
B06X9JYPCC,,,3.0,,
B06X9K2NXN,,,,17.0,17.0
B06X9KDSZH,,200.0,,200.0,200.0
B06X9KQL1G,2015.0,2015.0,2015.0,2015.0,2015.0
B06X9NNQ21,,,,,661.0
B06X9PH3MM,,,,,3.0
B06X9XGLWS,,,,,33.0
B06XBPVPW5,,29.0,,29.0,29.0
B06XBV3WY3,603.0,603.0,,603.0,603.0
B06XBXTXRW,,,,29.0,29.0
B06XC4QR2M,20.0,,,,20.0
B06XC54DYL,,,29.0,,29.0
B06XC54GMS,,,,29.0,29.0
B06XC5925S,,,,,29.0
B06XC6NLJ6,,,42.0,42.0,
B06XC6RNF5,,,,29.0,29.0
B06XC7FVWF,,29.0,,,29.0
B06XC91WVR,24.0,24.0,,,24.0
B06XC9M1YM,33.0,,,,33.0
B06XCDNRHJ,,43.0,43.0,,43.0
B06XCG1SDM,,,,80.0,80.0
B06XCHWF2F,,,,,293.0
B06XCKP723,,52.0,52.0,52.0,52.0
B06XCLKQ5V,,,,,3.0
B06XCNBZNV,17.0,,,,
B06XD561FT,,,,,4.0
B06XD7GJG2,1495.0,,1495.0,1495.0,1495.0
B06XDMP7JH,,40.0,,40.0,40.0
B06XDNCV4M,5150.0,5150.0,5150.0,5150.0,5150.0
B06XDSWGS5,183.0,,,183.0,183.0
B06XF5KR82,,,7.0,7.0,
B06XFCL3WL,,,,8.0,
B06XFMBYT2,21.0,,,,
B06XFRBG57,661.0,661.0,661.0,,661.0
B06XFT8SL3,,,,,8.0
B06XG295ZM,,,,,13.0
B06XG2GNKH,,,,19.0,
B06XG7LZP8,,26.0,26.0,,
B06XGGGPBN,2998.0,,2998.0,2998.0,2998.0
B06XGQ3QBJ,,,228.0,228.0,228.0
B06XGVMZ52,1347.0,,1347.0,,1347.0
B06XGY23G4,,,,,3.0
B06XH3HVKS,,,,,10.0
B06XH4761R,,2.0,,,
B06XHGBFT3,,,156.0,,156.0
B06XHGWPQR,82.0,82.0,82.0,82.0,82.0
B06XHJGXMK,,,,156.0,156.0
B06XHKM125,,,,16.0,
B06XHSGPC2,723.0,,723.0,723.0,723.0
B06XHSPVJC,,,,,270.0
B06XHYD3SB,31.0,,,,31.0
B06XHYWGB3,,,38.0,38.0,38.0
B06XJ1WZ6H,,,,,23.0
B06XJ2TYQZ,,,,14.0,
B06XJ9B8PM,,,,,36.0
B06XJBMZ19,,,26663.0,26663.0,26663.0
B06XJBSWNF,,,1361.0,1361.0,1361.0
B06XJFMQ92,4.0,,,4.0,4.0
B06XJKMQDT,,,,76.0,76.0
B06XJN7YCH,,40.0,,,
B06XJW2YPD,,795.0,795.0,795.0,795.0
B06XK49G1X,1258.0,,1258.0,1258.0,1258.0
B06XK5TG7L,,,,,1.0
B06XK76PVD,363.0,363.0,363.0,363.0,363.0
B06XK8BYRB,,,,,12.0
B06XKBMMD9,,,,,27.0
B06XKDZJ8Z,,776.0,776.0,,776.0
B06XKG6SLS,942.0,942.0,,,942.0
B06XKHZJYS,,,,32.0,
B06XKM37NK,,,,17.0,17.0
B06XKMN7KV,,,,,20.0
B06XKR65NT,114.0,,,114.0,114.0
B06XKSXY1M,,,,,3.0
B06XNJNJST,,,,,4.0
B06XNV46F8,,,,,54.0
B06XNV8KBW,,,,,7.0
B06XNWGZQ5,,,84.0,84.0,84.0
B06XNWH1SB,47.0,,,47.0,47.0
B06XP5F23J,981.0,981.0,981.0,981.0,981.0
B06XP7XQXS,,,,,4.0
B06XPKZLLV,708.0,,,,708.0
B06XPMQQM7,,,,,17.0
B06XPQ9JBN,,,,,11.0
B06XPRFFHL,,,,,4.0
B06XPSWZPZ,708.0,,,,
B06XPTW4BC,,,51.0,,51.0
B06XPVFM9G,10.0,,,,
B06XPVFNKC,3769.0,,3769.0,3769.0,3769.0
B06XQDF379,,33.0,,33.0,33.0
B06XQG4N1K,,,,,1.0
B06XQJ19M2,,,,,4.0
B06XQN57KQ,,,,,20.0
B06XQPBDFF,,,7.0,,
B06XQW9SB1,,,,,14.0
B06XR29PLV,,,,,3.0
B06XR81SQN,,,,322.0,322.0
B06XRBV717,20.0,,,,20.0
B06XRBYTM2,,,4.0,,4.0
B06XRLQPBZ,,,,,68.0
B06XRTSZ67,,,,,44.0
B06XRWDJK8,,258.0,,,258.0
B06XS3V7T1,,,,,4.0
B06XS581HH,,2.0,,,
B06XSBDS2Y,,,43.0,43.0,43.0
B06XSCDJKW,,,258.0,258.0,258.0
B06XSF9J2Y,,258.0,,258.0,258.0
B06XSHN5D7,,101.0,101.0,101.0,101.0
B06XSMMPHX,46.0,,,46.0,46.0
B06XSNMDPW,,,49.0,,49.0
B06XSNYV9S,,,,,50.0
B06XSV56VG,144.0,144.0,144.0,144.0,144.0
B06XSXD31C,,,,20.0,20.0
B06XT5ML6B,,,,,123.0
B06XTFLD7T,2250.0,2250.0,2250.0,2250.0,2250.0
B06XTHT6D3,,,,,32.0
B06XTJF9K9,,,,98.0,98.0
B06XTPGL7H,702.0,702.0,702.0,702.0,702.0
B06XTRMRYH,2421.0,2421.0,2421.0,2421.0,2421.0
B06XTSB65X,2676.0,2676.0,2676.0,2676.0,2676.0
B06XTZ74XM,,,,,56.0
B06XTZJ2M9,,,,,9.0
B06XV1DGLR,,,,,1.0
B06XV5T5YV,708.0,,,,708.0
B06XV9GG66,,,3.0,,
B06XVB215Z,,,39.0,39.0,39.0
B06XVCQVD7,78.0,,,,
B06XVMKR93,,,,16.0,16.0
B06XVQX13R,,,,190.0,
B06XVRGVL9,,,,75.0,75.0
B06XW8G1NB,9.0,,,,9.0
B06XWCK2XD,,,409.0,,409.0
B06XWDBWRF,,,,4.0,
B06XWHGVNG,,,409.0,,409.0
B06XWLGTKQ,322.0,322.0,322.0,322.0,322.0
B06XWQZ1HR,,,,,55.0
B06XWSZZS6,,,,24.0,24.0
B06XWT2R2Q,,,,,1.0
B06XWVFFZ7,,,5.0,,
B06XWWWPWK,,,,,1.0
B06XX6FPCR,,,,,110.0
B06XX6XG98,,,,8.0,
B06XX7K7Z6,153.0,153.0,153.0,,153.0
B06XX7PFBW,,,,,8.0
B06XX7VPG6,1524.0,1524.0,1524.0,1524.0,1524.0
B06XXB8CCB,,,,,157.0
B06XXC2FRC,,,36.0,,36.0
B06XXDNM14,,,6.0,,
B06XXFFRF7,24.0,,,,
B06XXHM3YX,46.0,46.0,46.0,46.0,46.0
B06XXRYKTG,,,,,14.0
B06XXSB6ZG,,,,,17.0
B06XXVLV6Z,,,,,21.0
B06XXY1PHX,,,4.0,,
B06XXYBTWZ,,10.0,,,
B06XXYVF8H,,20.0,,,20.0
B06XXZ3T54,,,,,7.0
B06XY152F5,,,,,1.0
B06XY1FGCB,,11.0,,,11.0
B06XY1YBZW,19.0,,,,19.0
B06XYNTV8M,,,6731.0,6731.0,6731.0
B06XYS3WMT,6138.0,6138.0,6138.0,6138.0,6138.0
B06XYSR8ZB,32.0,,,,32.0
B06XYXHH23,6137.0,6137.0,6137.0,6137.0,6137.0
B06XZ3MKMH,,,,,6153.0
B06XZ52P8S,,,,,4.0
B06XZJMMQW,,,,,1348.0
B06XZPP6KZ,,,,5.0,
B06Y15VD6M,708.0,,,,
B06Y1J9LTH,,,,11.0,
B06Y1RQY9Q,,,,,6.0
B06Y1TF8FS,,153.0,153.0,153.0,153.0
B06Y1Y792X,,,,40.0,40.0
B06Y21VTMR,,,,530.0,530.0
B06Y2NWP1N,1184.0,,1184.0,1184.0,1184.0
B06Y2PGJYB,5.0,,,,
B06Y2T6WYJ,,,,,6.0
B06Y2TVDZC,,,20.0,20.0,20.0
B06Y2X94FC,,,75.0,,75.0
B06Y3DT21P,,,51.0,,51.0
B06Y3KZN79,,,,208.0,208.0
B06Y3NW5BL,,,12.0,,
B06Y3TNZMJ,,313.0,,,313.0
B06Y3WMF8H,12257.0,12257.0,12257.0,12257.0,12257.0
B06Y42PSRJ,,,,,6.0
B06Y44TYDC,12257.0,12257.0,12257.0,12257.0,12257.0
B06Y4KL4DP,,,,,49.0
B06Y4NFSJ5,75.0,75.0,75.0,75.0,75.0
B06Y4NK8XT,,,4148.0,,4148.0
B06Y4PSQDD,1348.0,1348.0,,1348.0,1348.0
B06Y4RRW33,4148.0,4148.0,4148.0,4148.0,4148.0
B06Y4TRXKJ,,,41.0,,41.0
B06Y4VJFFX,93.0,,93.0,93.0,93.0
B06Y52T6T3,4148.0,,,,4148.0
B06Y55G3YN,,,4148.0,4148.0,4148.0
B06Y56QLJB,4148.0,4148.0,4148.0,4148.0,4148.0
B06Y5MGLZW,,,,348.0,348.0
B06Y5MSTXY,,,,,18.0
B06Y5N6SJH,348.0,348.0,348.0,348.0,348.0
B06Y5RDZYR,,,25.0,,25.0
B06Y5RQ7HL,,,,,348.0
B06Y5WZSZ8,,,,,12.0
B06Y5ZL6XT,6459.0,6459.0,6459.0,6459.0,6459.0
B06Y5ZXMBJ,,,75.0,75.0,75.0
B06Y6F4XDH,,,,,9.0
B06Y6JW9JD,,,,,13.0
B06ZXR3JMR,,,,,13.0
B06ZXS6SKJ,,1592.0,,1592.0,1592.0
B06ZXWX9R2,102.0,,102.0,102.0,102.0
B06ZY2QSD9,,,8.0,,
B06ZYG2XJY,31.0,,,,31.0
B06ZYM2RXX,1.0,,,,
B06ZYMSQ9S,207.0,207.0,207.0,207.0,207.0
B06ZYQRM8K,,,,,12.0
B06ZYRGKSC,,97.0,97.0,97.0,97.0
B06ZZ3F8FN,317.0,,,,
B06ZZ5KQ37,776.0,,776.0,776.0,776.0
B06ZZ7DHL9,,30.0,,,30.0
B06ZZ7M2SS,,,,,39.0
B06ZZBB697,,,,81.0,81.0
B06ZZBV79R,,97.0,97.0,97.0,97.0
B06ZZBV8VT,32.0,,,,
B06ZZDHYJ2,,,,,4.0
B06ZZDYRHM,,,,,4781.0
B06ZZM968M,,,,,167.0
B06ZZMH1N2,2079.0,2079.0,2079.0,,2079.0
B06ZZMQGWM,2.0,,,,
B06ZZQ8192,,,,61.0,
B06ZZQLQP6,,,,324.0,324.0
B06ZZR1B52,,,,108.0,
B06ZZR7WZJ,,,,,7.0
B06ZZRQQ61,3187.0,3187.0,3187.0,3187.0,3187.0
B06ZZW5M3T,,,,19.0,19.0
B06ZZYRMNC,,,,,8.0
B071192W41,,,,,35.0
B0711FRJ43,511.0,511.0,511.0,511.0,511.0
B0711JX1N3,,,,,12.0
B0711LJYC6,,,,,17.0
B0711PD4XG,,,,,179.0
B0711R74X5,,78.0,,78.0,78.0
B0711TDZN6,,,,363.0,363.0
B0711VR7LW,,,,,10.0
B0711Y82GG,20.0,,,,
B0711Z1V7V,353.0,353.0,353.0,353.0,353.0
B07121GNT8,,,,,621.0
B0713QQZC9,,,77.0,,77.0
B0713RH6M3,,,,130.0,130.0
B0713T4R7H,3.0,,,,
B071458WV2,,,,39.0,39.0
B0714D9NTV,,,50.0,50.0,50.0
B0714J73PM,168.0,168.0,,,168.0
B0714JV6PJ,,507.0,,507.0,
B0714LH3Q9,,,,,18.0
B0716GNMVJ,,,,,90.0
B0716M2CHC,,,,,95.0
B0716N42CP,243.0,,,,243.0
B0716V3JBX,,,,,179.0
B0716VYFTH,,,,,133.0
B07173H6GT,,33.0,,33.0,33.0
B07173Z2ZQ,9.0,,9.0,,
B0717BCYYL,25.0,,,,25.0
B0717BCZR3,,,,,25.0
B0718SQMLF,,,,,13.0
B0718V1QBJ,,,,,229.0
B0718V6CH1,,,,,78.0
B0718VGY95,,,,,27.0
B0718VH1CZ,,,27.0,,27.0
B0718WRSB8,441.0,441.0,441.0,441.0,441.0
B0718XXFJH,,,,,7.0
B0718YNRQN,2617.0,,,2617.0,2617.0
B0719241D2,,,,35.0,35.0
B07193MJ45,,,,,2.0
B07193MKKP,,,,,2.0
B0719G8RHF,,,,,708.0
B0719K2347,,14.0,14.0,,
B0719NP25F,,,,,10.0
B0719NYWS1,112.0,,112.0,,112.0
B0719P1TVT,,,75.0,75.0,75.0
B0719P6KL7,,,995.0,,995.0
B0719PJVRF,168.0,,,168.0,168.0
B0719RZT2C,13.0,,,13.0,13.0
B0719X99N5,,,21.0,,
B071CG5MDL,,,59.0,,
B071CQJV77,59.0,,,,59.0
B071CWQC5S,3952.0,3952.0,3952.0,3952.0,3952.0
B071CXNK7W,,,,,61.0
B071CXSDXP,,,,,61.0
B071D1G4N9,,,,,49.0
B071D3PSWV,685.0,685.0,685.0,685.0,685.0
B071D7S1JF,,,,,11.0
B071D8W7DK,,,,61.0,61.0
B071DBY8SK,,,,,5.0
B071DF3PJ9,,,2079.0,2079.0,2079.0
B071DSBPYQ,,,,,35.0
B071DTKDS8,,,,,7.0
B071DWMX3P,,,,,261.0
B071DWNY49,,,,,261.0
B071DYQYV1,,,243.0,,243.0
B071F3DXT7,,,44.0,44.0,44.0
B071F4DKWY,46.0,,,46.0,46.0
B071F7WY7N,,,32.0,,
B071FCTXF5,,,,,60.0
B071FFJDQZ,,,54.0,54.0,54.0
B071FGYZ4M,179.0,,,,179.0
B071FJ5Y4T,256.0,,,,
B071FP7LJ3,,115.0,,,115.0
B071FQ1BVS,,,,,5.0
B071FQGSB5,,,,,91.0
B071FTQZWC,,,22.0,,22.0
B071FTYYSN,,,,,16149.0
B071FV1QJ9,,,,,44.0
B071FYGT21,19.0,,,,
B071FZ4HP9,426.0,,,426.0,426.0
B071FZZHHT,,,,,11.0
B071G7L3M4,,1850.0,,,1850.0
B071G9G98C,,,,,2.0
B071GNJRMB,,2341.0,2341.0,,2341.0
B071GQT19G,7.0,,,,
B071H9FZXD,2617.0,2617.0,2617.0,2617.0,2617.0
B071H9G36P,,2617.0,,2617.0,2617.0
B071HCW788,,,,59.0,59.0
B071HG1ZHN,,,,3.0,3.0
B071HGV7M6,36.0,36.0,36.0,,36.0
B071HHN34C,171.0,,,,
B071HNMBTD,,,,,27.0
B071HPDFZD,17.0,,,17.0,
B071HPPDMN,,,,,7.0
B071HZXJ5F,,,,20.0,20.0
B071J2VWDT,5.0,,,,
B071JB98PD,,,,16.0,16.0
B071JB98PJ,,,,206.0,206.0
B071JB9BY9,,,,,174.0
B071JB9BYF,207.0,,,,207.0
B071JC4ST1,,,826.0,,826.0
B071JDG6JM,94.0,,,94.0,94.0
B071JM9HF8,,,,,26.0
B071JPDXXW,19819.0,19819.0,19819.0,19819.0,19819.0
B071JRMGJM,,,89.0,,89.0
B071JSSKC5,9.0,,,,
B071K7HHJ9,,,,45.0,45.0
B071KSFRRY,,32.0,,,32.0
B071KTHP8T,,,,,421.0
B071KY8WD6,,,,35.0,35.0
B071L213QC,,,108.0,108.0,108.0
B071L2ZQ8Z,,,,261.0,
B071L3C29S,52.0,52.0,52.0,52.0,52.0
B071L8TJSK,44.0,,44.0,,44.0
B071L8V3MD,,2239.0,,2239.0,2239.0
B071LFJZ62,,,,,4.0
B071LGX8XW,101.0,,,,101.0
B071LK93NX,507.0,,,,
B071LM17BL,,54.0,,,54.0
B071NB79RS,,17.0,,,
B071NKHCL4,,,,,36.0
B071NKHDCM,232.0,,,,232.0
B071NKHMM7,,,,,35.0
B071NLWGML,,,,,5.0
B071NNFMYQ,,38.0,,,38.0
B071NNT87G,,,261.0,261.0,261.0
B071NPXBJQ,,,,12.0,12.0
B071NXG35C,,,,1433.0,1433.0
B071NXPMMM,,13.0,,,
B071NXTNZQ,67.0,67.0,67.0,67.0,67.0
B071P359B3,,,9.0,,
B071P4S59K,,,,,28.0
B071P665NL,,,,,112.0
B071PFKWTT,,,,,42.0
B071R9SWFH,,,,,67.0
B071RCRTQ9,,,,,4.0
B071RD1M4G,,,,65.0,65.0
B071RK2T3C,9508.0,9508.0,9508.0,9508.0,9508.0
B071RSBV2F,,,,9.0,9.0
B071RV2182,,1133.0,,1133.0,1133.0
B071RVGC5B,,,,1131.0,1131.0
B071RY5ZJX,99.0,,,99.0,99.0
B071S2LN3K,,265.0,265.0,,265.0
B071S3J51C,,,86.0,86.0,86.0
B071S6D9G5,,,,,4.0
B071S8G8F3,,,160.0,160.0,160.0
B071SBGSJM,1184.0,1184.0,1184.0,1184.0,1184.0
B071SKK8LY,,,,53.0,53.0
B071SLV6W3,,,,,12.0
B071VFN83P,1131.0,,,,1131.0
B071VFP63T,,,9.0,,9.0
B071VQHR4D,,,,,133.0
B071VVK8ST,,54.0,,54.0,
B071W19HXQ,53.0,,,,
B071W3ZNBZ,,,,,20.0
B071W6QSLW,,,,,5.0
B071W9XHJB,,,,,8.0
B071WBLZSL,,,,90.0,90.0
B071WDGLT9,,,,,272.0
B071WL967M,,316.0,316.0,316.0,316.0
B071WRGMRB,,,30.0,,30.0
B071WSH93G,,,,,934.0
B071X3NG7W,,,,,4.0
B071X4GHX7,,,,33.0,33.0
B071X4H4DY,,,,,9.0
B071XDMSJN,2320.0,,2320.0,2320.0,2320.0
B071XMPJKG,,,211.0,211.0,211.0
B071XN8B88,2.0,2.0,,,
B071XWZ2MG,324.0,324.0,324.0,324.0,324.0
B071Y3Q4J1,871.0,,,871.0,871.0
B071Y4XXKD,69.0,69.0,69.0,69.0,69.0
B071YD83MG,143.0,143.0,,,143.0
B071YDZ9H2,,,,,9.0
B071YJNN6G,5.0,,,,5.0
B071YKGKRL,,237.0,237.0,237.0,237.0
B071YMDKGF,83.0,83.0,,,83.0
B071YPM2J5,,,,,4.0
B071YVHVMD,,,,,261.0
B071YYJL2B,,,,,7.0
B071Z5J64F,,,,,179.0
B071Z6L8QS,,,34.0,,34.0
B071ZD9WJZ,17.0,,17.0,,17.0
B071ZFHY3P,,,,,5.0
B071ZN5K6K,,,,5.0,
B071ZNMRPH,,,,,3.0
B071ZPXKGC,,,,,49.0
B071ZR5MCV,,,,,18.0
B071ZR6C1C,,,,,32.0
B071ZS8QCS,,,,19.0,
B071ZT4B64,,,,7.0,
B071ZTGSGL,,,,,89.0
B071ZTHS8D,,,,,272.0
B071ZTJ2KC,272.0,,,,
B071ZZMGJ7,,,,,3.0
B071ZZZ3TF,371.0,,371.0,371.0,371.0
B0721JHP1K,125.0,,125.0,125.0,125.0
B0721JWFSM,38.0,,38.0,,38.0
B0721JWW8G,,,,,15.0
B0721JX349,,,,,6.0
B0721JX6LC,,,35.0,,
B0721JX6LD,,,,,4.0
B0721KH769,,,,,9.0
B0721Q2DJ4,265.0,,265.0,265.0,265.0
B0721QQ2L9,,29866.0,29866.0,29866.0,29866.0
B0721QQDC8,29866.0,,,29866.0,29866.0
B0721QRCCG,438.0,,,438.0,438.0
B0721VRTD5,,,,48.0,
B0721WQJSN,,46.0,,46.0,
B0722H6RC9,,40.0,40.0,,40.0
B0722P62ST,,,,21.0,
B0722XXYXD,2258.0,,2258.0,2258.0,2258.0
B0722Z5R85,,,,26.0,26.0
B07233BVPW,2.0,,,,
B07235HYT7,,,,,9.0
B0723GCL4F,,,,,4.0
B0725BXXKF,,,,,261.0
B0725GKMD5,,,,9.0,9.0
B0725MMR5R,708.0,,,,
B0725MNBKK,,,,,708.0
B0725RDCBB,,,,,46.0
B0725RS591,3.0,,,,
B0725TVZWW,,,,,200.0
B0725VMHWR,252.0,,,252.0,
B0727MVR4X,,,,,328.0
B0727NJYHX,,,,15.0,
B0727T9CJG,12.0,,,,12.0
B0727T9X7H,,,,,35.0
B0727Z3DDJ,,,4.0,,
B072892V4K,,,,,78.0
B0728DB9QZ,2.0,,,,
B0728GC9MJ,,,995.0,,995.0
B0728HS37B,,,,,16.0
B0728K5LZS,,,,,13.0
B0728LY9RX,,,,,14.0
B072B5DVQH,93.0,,,93.0,93.0
B072BF63VM,,,,,19.0
B072BGJC5X,,,,,21.0
B072BJJDFK,,,,828.0,828.0
B072BKLFQB,,,,,18.0
B072BLCDWQ,,,,,11.0
B072BT8Q33,,,,,10.0
B072BZDSZQ,,,,,44.0
B072C42PWQ,,,156.0,,156.0
B072DTC96K,124.0,124.0,,124.0,124.0
B072DXGKDX,103.0,,103.0,103.0,103.0
B072DZQMH9,,,,,20.0
B072DZRJTT,,,,,2.0
B072DZRMH9,,,,,19.0
B072DZRNPS,,,,,9.0
B072F275B2,,,60.0,60.0,60.0
B072F43T3G,,,,,17.0
B072F9JSKF,,,,,27.0
B072FCRGMV,3655.0,3655.0,3655.0,3655.0,3655.0
B072FD7D5B,,,,179.0,179.0
B072FMC5KB,,,,,11.0
B072FPDQ12,499.0,499.0,,499.0,499.0
B072FQMQFC,,,6.0,,
B072FR7RT4,,,1.0,,
B072FT3THJ,,,,43.0,
B072HGCV76,777.0,777.0,777.0,777.0,777.0
B072HK1HYZ,,,,73.0,73.0
B072HNPZZ8,,,,,261.0
B072J55H1H,,24.0,,,
B072J7C76D,,,,,23.0
B072JJGTB9,43.0,,,,
B072JJK46M,,,,,7.0
B072JT4YX9,,,26.0,,26.0
B072JTLV8S,2.0,,,,
B072JV7B7K,,,,,80.0
B072JVMHPN,266.0,,266.0,,266.0
B072K1HDD1,80.0,80.0,80.0,80.0,80.0
B072K27MVR,,,,,55.0
B072K52MNW,14.0,,,,
B072KBTDZK,,,,3.0,
B072KD8FBD,,,,,7.0
B072KD8VCL,,8.0,,,8.0
B072KD8YN2,,,66.0,66.0,66.0
B072KDVXDT,,,,,9.0
B072KF57VT,,,,,227.0
B072KL12QJ,1772.0,,,1772.0,1772.0
B072KNZHFV,,31.0,,,31.0
B072L33CPT,,,,,7.0
B072L347YV,,,,,162.0
B072LKGDPH,,,,,708.0
B072LT923Y,121.0,121.0,,121.0,121.0
B072LTF9GS,243.0,243.0,,,243.0
B072M3Y4TH,,,32.0,,32.0
B072M48YKW,72.0,,,,72.0
B072M4KM1G,9.0,,,,
B072M77XH6,,,4.0,,
B072M7D8N6,,,942.0,,
B072M7TTZM,29.0,,,,29.0
B072M8443P,,16149.0,,16149.0,16149.0
B072M9B733,,,,,10.0
B072MCYHJ4,,,,,3.0
B072MDT56X,,,,,3.0
B072MJ4VYS,,,,,86.0
B072MMVTZR,,,,,40.0
B072MZ3PL9,377.0,377.0,377.0,377.0,377.0
B072MZ3Q2Y,,,35.0,,
B072N2SNZH,204.0,,204.0,,204.0
B072N7K5GC,,,,,6.0
B072N8THRV,,,,300.0,300.0
B072PCBJ99,1.0,,,,
B072PS25XL,,,14.0,,14.0
B072PSFYWN,,8.0,8.0,,
B072PVHDSM,,,,13.0,13.0
B072PVKT6C,,,,,13.0
B072PZ2K5Z,,,,,2.0
B072Q49P85,,22.0,,,22.0
B072QBB7QN,,,,,25.0
B072QT4Q46,,,,,18.0
B072QXCX48,,,,,8.0
B072QXKT3T,,,,,5.0
B072QY6RG3,,,,,52.0
B072QY6RHW,,,,8.0,8.0
B072R779SW,,,,,1.0
B072SB7578,,,,75.0,75.0
B072SF5PQP,,,,,39.0
B072TVZMDR,,,,10.0,10.0
B072TW576W,,,,,43.0
B072TWT1KQ,,,4.0,,4.0
B072V3NB9M,,49.0,,,49.0
B072WCHVV3,,,,,14.0
B072WGBFB3,,,25.0,,25.0
B072WMCCCP,,,1.0,,
B072WXFVC4,411.0,,,411.0,411.0
B072WXJ5HH,411.0,,411.0,,411.0
B072WYHV7C,411.0,,,411.0,411.0
B072WYT2KD,411.0,,,,411.0
B072X6ZTTG,,,,,11.0
B072XLD1MR,,,,12.0,
B072XX8M35,18.0,,,18.0,18.0
B072YQT3LX,229.0,,,,229.0
B072YQZTC2,,,,229.0,229.0
B072YSMFMG,,,,,241.0
B0731CW753,,,,,21.0
B0731FNQDP,,,,,21.0
B0731HBV12,,,,,5.0
B0731VNM2V,30.0,,,,30.0
B0732HWDJB,,47.0,,,47.0
B07336M2PN,,,,,41.0
B0733GBQBH,,,84.0,,84.0
B0733KZV25,65.0,,65.0,,
B07346T7L5,,,,,442.0
B0734B29XC,,,,,507.0
B0734F1SBC,737.0,737.0,737.0,737.0,737.0
B0734HBFS7,,,,,77.0
B0734HKFJ1,,,,,30.0
B0734JL881,141.0,,141.0,141.0,141.0
B073545CDS,,,,,2.0
B07354QJS6,,,,,89.0
B0735BVJ99,488.0,,488.0,488.0,488.0
B0736S9HNG,,,,,120.0
B0736ZCD2L,18.0,,,,
B0737WGSJM,2.0,,,,2.0
B0739599VD,34.0,34.0,34.0,34.0,34.0
B07395Y6CM,,34.0,,34.0,34.0
B0739F7XBG,,,,,9.0
B0739KJMD2,1400.0,,,,1400.0
B0739MT98K,,,,,25.0
B073B7FKMK,,,,,4.0
B073BHGC1Q,,,,12.0,12.0
B073BWHGF3,,,,,507.0
B073BZ8C5Z,507.0,,,,
B073CN4VRK,,,,,8.0
B073CP1VN9,,,96.0,,96.0
B073CVRKS7,,,,,2.0
B073CVT9YQ,,,,,37.0
B073DG52FV,,11.0,,,
B073DVNYCF,71.0,,,,71.0
B073DY88WP,546.0,,546.0,,546.0
B073DYSCX5,,,548.0,548.0,548.0
B073DZTQKV,,,,54.0,54.0
B073F14LY8,,,,54.0,54.0
B073FBN2M9,,,,,59.0
B073FBZLFN,,,,,22.0
B073FC1F5X,,,,,16.0
B073FC24CY,,,60.0,,
B073FCST7R,,,,,29.0
B073FPJXWC,,,,100.0,100.0
B073FW3PQG,112.0,,112.0,,112.0
B073G27XF4,2344.0,2344.0,,,2344.0
B073G3FF48,,2344.0,,,2344.0
B073G77KQY,29866.0,29866.0,29866.0,29866.0,29866.0
B073GD4RRB,29866.0,29866.0,,29866.0,29866.0
B073GJ7RMN,,,,60.0,60.0
B073GLJNT5,,,,,56.0
B073GNP7ND,66.0,,,,66.0
B073GSPB7G,,,,,9.0
B073GVYDD3,,,,,344.0
B073HFXFYX,,,,55.0,55.0
B073HFZ4M3,,,,,55.0
B073HK5YP8,,,,,445.0
B073HM1VKD,,,,,45.0
B073JBVLV5,,,,,20.0
B073JCJLV5,,,,,59.0
B073JCR8HF,,,,,59.0
B073JJ4Y94,,,9.0,,9.0
B073MBGJHL,,,2.0,,
B073MC2ZS4,,,,,11.0
B073MCDNQ6,,,,,12.0
B073N71SPH,,,,37.0,37.0
B073NRQJX9,,,,,11.0
B073NZT2RL,,,,,12.0
B073P2K5NV,,72.0,,,
B073P3WMYR,,7.0,,,
B073P9B5RL,,,,,85.0
B073PNDMDH,,11.0,11.0,,
B073PNLPM8,,,,3.0,
B073PY5HD4,61.0,,,61.0,61.0
B073Q3HKWZ,750.0,,,,
B073Q3LDQD,750.0,,,,
B073Q3QGF6,,,,,750.0
B073Q3Z41T,,750.0,,,
B073Q4548J,750.0,,,,750.0
B073Q47Z49,,,,,750.0
B073Q4CN5C,,,,118.0,
B073Q4K8SK,,,,,750.0
B073Q5QZRY,169.0,169.0,169.0,,169.0
B073Q66Y61,,,151.0,151.0,151.0
B073QFLJHB,,,,,283.0
B073QGM13C,,,,,15.0
B073QL2KXN,,,,,12.0
B073QMT9MD,,,,77.0,77.0
B073QMX1B2,,,,,18.0
B073R8S47C,,,,,14.0
B073R9QWD7,68.0,68.0,68.0,68.0,68.0
B073RD3WVF,36.0,,36.0,36.0,36.0
B073RDD4HM,,,,58.0,58.0
B073RDMHZ6,252.0,252.0,252.0,252.0,252.0
B073RFVMC6,,,48.0,,48.0
B073RSYLQB,,,,,135.0
B073RTGF32,135.0,,135.0,,135.0
B073RV4R53,,,,,135.0
B073RYK968,,,,,2.0
B073S29TLX,,,,,34.0
B073S4PQ6H,19309.0,19309.0,19309.0,19309.0,19309.0
B073SN5GS8,,,,418.0,418.0
B073SPPL5J,,,43.0,,43.0
B073SQ5TGX,,1319.0,,,1319.0
B073SQ7HS4,,,,1319.0,1319.0
B073SQB729,,,,,1319.0
B073SQGXKD,,,,,1319.0
B073SQW2GL,,,,,1319.0
B073SR2NCH,,,1319.0,1319.0,1319.0
B073SR2NCJ,1319.0,,,,1319.0
B073SR4GDH,,,,,1319.0
B073SWKTG4,191.0,191.0,,,191.0
B073SWRK5P,,,,,2.0
B073TB6FQR,,,,88.0,88.0
B073TT8L59,137.0,,137.0,,137.0
B073TTZZS5,23.0,,,,23.0
B073TV3NNQ,,,19.0,,19.0
B073TVBH61,,,,11.0,
B073TXXPSB,,,,172.0,172.0
B073TY6VC4,,2013.0,2013.0,2013.0,2013.0
B073TY9W2C,2013.0,2013.0,2013.0,2013.0,2013.0
B073TYBY8D,206.0,,206.0,206.0,206.0
B073V84Z9M,,,,,7.0
B073VD51HG,,101.0,,101.0,101.0
B073VHB76X,,40.0,,40.0,40.0
B073VLL6BT,,2168.0,2168.0,,2168.0
B073VLMJBJ,,,97.0,,97.0
B073VPV8V9,,,,,14.0
B073VX7H8N,,,110.0,,110.0
B073W2XRF4,649.0,649.0,649.0,649.0,649.0
B073W6NLG2,186.0,,,,
B073W74QBR,,,,,186.0
B073W8JH2T,,,,,263.0
B073WBVXMQ,,,,,1.0
B073WKT13B,,,,,1697.0
B073WMHTWZ,348.0,,,,348.0
B073WPGY9P,,,8.0,,
B073WQPB58,,,,,2.0
B073WTDW5L,,,2.0,,
B073WVMJXQ,,,,,15.0
B073WW3GRP,65.0,,,,65.0
B073WWGZRM,,,,,20.0
B073WWJW11,,,58.0,,58.0
B073X3WVMY,85.0,,,85.0,85.0
B073X6LZN2,2320.0,,2320.0,2320.0,2320.0
B073XCJRS5,,,,,7.0
B073XJLSBM,,,,,37.0
B073XJYN2R,,,,,11.0
B073XKCVV1,,,,,9.0
B073XR73QD,820.0,820.0,820.0,820.0,820.0
B073XW4RD5,,,97.0,,
B073XW9FWH,,,,,21.0
B073XYF64N,,,,,21.0
B073XZB5RZ,610.0,610.0,610.0,610.0,610.0
B073Y9TS2D,,,,,7.0
B073YMCK9S,,,,,93.0
B073YQ58GS,,,,,8.0
B073ZCM282,,,,60.0,60.0
B073ZCRR7B,,,,7.0,7.0
B073ZCXKWH,,,,60.0,60.0
B073ZD29F5,548.0,,,,
B073ZK95PT,,,,,59.0
B073ZW5BTL,226.0,,226.0,226.0,226.0
B073ZXKCQP,,,12.0,,12.0
B073ZY59YM,,,,,23.0
B073ZZWX28,12.0,12.0,,,
B0741413C7,372.0,372.0,,372.0,372.0
B07414F35S,,,,,13.0
B07415G6R1,,,,372.0,372.0
B07416X78S,,8.0,,,8.0
B0741BYBD2,,37.0,,,
B0741CSSPK,,,,,33.0
B0741D4TTV,,,,3.0,
B0741D6R1K,,,,,32.0
B0741FB3T1,,,,,15.0
B0741VK62V,20.0,,20.0,,
B0741WJPW6,394.0,,394.0,,394.0
B07422FZVR,330.0,,,330.0,330.0
B0742L8Y5Y,,302.0,302.0,,302.0
B0742P77JQ,,,,85.0,85.0
B07431DTM3,433.0,,,433.0,433.0
B07433J22X,,,,,10.0
B07434ZQR2,,,,60.0,
B0743C8GCF,72.0,,,72.0,72.0
B0743GQ5CV,,,,168.0,168.0
B0743XMWM8,,,,,48.0
B074544XP2,,,,55.0,55.0
B074553J18,486.0,,486.0,486.0,486.0
B0745C1GFD,,5.0,,,
B0746F311H,,,,,6731.0
B0746FKPHJ,,,,,133.0
B0746FQ1SF,,,,,133.0
B0746FQGGV,,,,,133.0
B0746FX5R5,,,39.0,39.0,39.0
B0746G5TN2,24.0,,24.0,24.0,
B0746HVDPW,117.0,,117.0,117.0,117.0
B0746HW1N2,4.0,,,,
B0746J7HGR,46.0,46.0,46.0,,46.0
B0746P33X4,326.0,,,,326.0
B0746PR9Q3,,,,,31.0
B0746Q6VY3,,,,,14.0
B0746QQYGG,,,,,41.0
B0746R37D5,,,,,13.0
B0746R81PK,,,,,1321.0
B0746RCSLQ,1508.0,1508.0,1508.0,1508.0,1508.0
B0746SYFJH,487.0,487.0,,487.0,487.0
B0747FSCG1,,,,,24.0
B0747JKGP3,,,,,4.0
B0747KF3Q3,,,33.0,33.0,33.0
B0747RFYYM,,,,,17.0
B0747WWZ19,13.0,,,,13.0
B074852VK8,32.0,,32.0,,32.0
B07485H61T,,,32.0,,32.0
B074867WBW,49.0,49.0,,49.0,49.0
B07489FP88,15.0,,,,
B0748B6Y7M,21.0,,,,
B0748CSS85,21.0,,,,
B0748G19JZ,335.0,335.0,335.0,335.0,335.0
B0749959VF,130.0,,130.0,,130.0
B0749FDY1Y,,,,,16.0
B0749HQ698,,,17.0,17.0,17.0
B0749K6S5B,,,,,5.0
B0749LHWG1,,38.0,,,
B0749NHVDD,1.0,,,,
B074B9TJQ6,,,,,13.0
B074BLBMDN,,,,293.0,293.0
B074BQ9X4Q,,,18.0,,18.0
B074BSBWB1,,,,,3.0
B074BVXFZP,,92.0,92.0,,92.0
B074CP8NRG,18.0,,,,
B074D165ZV,181.0,,,,181.0
B074D1D7YT,,,,,18.0
B074D2LNWZ,,,,,11.0
B074DS5P1T,,12257.0,12257.0,12257.0,12257.0
B074DT7JJV,2168.0,,,2168.0,2168.0
B074DTQ33L,2168.0,,,,2168.0
B074DVDCLJ,,,177.0,,
B074DVZY77,,,,,14.0
B074DWW2FD,392.0,392.0,392.0,392.0,392.0
B074F1P24K,,,,26.0,
B074FCSMMY,,,,399.0,399.0
B074FP1VK2,35.0,,35.0,35.0,35.0
B074FVMC8D,,96.0,,96.0,96.0
B074FVMW4T,,,,,33.0
B074FWPLRZ,,,,,56.0
B074GLVLRL,27.0,,,,27.0
B074GYTXJN,,,3.0,,
B074H39CMX,,,,,4.0
B074H6F729,,,,,10.0
B074H79LKP,,,,20.0,
B074HDH46H,,,,,5.0
B074HGFV78,,,,,86.0
B074HSGC98,,,14.0,,
B074HZ3J19,1306.0,1306.0,1306.0,1306.0,1306.0
B074J15B35,,22.0,22.0,,
B074J31X9T,,,,,3.0
B074J55R5B,,,,,12.0
B074J8JQ4Q,1009.0,1009.0,1009.0,1009.0,1009.0
B074J8V82L,2888.0,2888.0,2888.0,2888.0,2888.0
B074J93PNM,,,,,29.0
B074JD4VZ5,,,,,12.0
B074JHZM3D,,,,,25.0
B074JW51QQ,,17.0,,,
B074JW9RFJ,,,,,38.0
B074K5J4YN,717.0,717.0,717.0,717.0,717.0
B074K7W91H,717.0,717.0,717.0,717.0,717.0
B074KG2C24,,,,,9.0
B074KTQ9JY,,,,,60.0
B074L2KLKP,103.0,103.0,103.0,,103.0
B074LTNQBP,,,,,34737.0
B074LTRGN8,,,,,2980.0
B074LV3KNZ,,17.0,,,17.0
B074M4J1Z4,,,,,594.0
B074M6LGX9,108.0,108.0,,108.0,
B074M7XC4R,,35.0,,,35.0
B074M84LTP,,,,35.0,
B074M8BH2Y,,,,,183.0
B074M9PHHW,173.0,173.0,,173.0,173.0
B074MB4WW8,,,,,11.0
B074MBJ45L,113.0,113.0,,113.0,113.0
B074MGVNYN,,,,,4.0
B074MR9LHS,,,,,48.0
B074MRK2RV,,40.0,,,
B074N3VKBB,70.0,,,70.0,
B074N587QK,,,,,5.0
B074N5JMM1,88.0,,,,88.0
B074N7CYRM,,,,,5.0
B074NBKP3P,,,,102.0,102.0
B074NDRK3K,,,,,18.0
B074NWFX4P,21.0,,,,
B074P37819,6.0,,,,6.0
B074P4WDM3,1846.0,,1846.0,1846.0,1846.0
B074P9HTJD,,,,10.0,10.0
B074PN4D5T,263.0,,263.0,263.0,263.0
B074PPG98C,,,,,10.0
B074PXSNY7,,,,,10.0
B074PXZHPL,,,,,9.0
B074QGDZPF,,,,36.0,36.0
B074QGYDT4,10328.0,10328.0,10328.0,10328.0,10328.0
B074QJ57GX,,,1052.0,1052.0,1052.0
B074QL5516,,,13.0,,13.0
B074QM6X7M,,,,,37.0
B074QM7VCM,,,432.0,432.0,432.0
B074QR2N2R,1151.0,1151.0,,1151.0,1151.0
B074QR5MHY,,,,,1151.0
B074QR91G3,,,,,1151.0
B074QRCTGC,,,,,1151.0
B074QRJQ4M,,1151.0,,1151.0,1151.0
B074QRLSWC,,,,,4.0
B074QRSZ8K,,,,,1151.0
B074QSP6T3,,,,5.0,
B074QVD2B1,,30.0,,,30.0
B074QWK7SK,,,,,16.0
B074R8S92P,,261.0,261.0,,
B074RZKNYH,,,,28.0,28.0
B074S7BS9R,3.0,,,,
B074S7P823,,13.0,,,
B074SJM1D3,1005.0,1005.0,1005.0,1005.0,1005.0
B074SK1YBJ,,52.0,52.0,52.0,52.0
B074SKHQCV,342.0,342.0,342.0,342.0,342.0
B074T1CXFW,,,,,7.0
B074T227KV,1092.0,1092.0,1092.0,,1092.0
B074T94PD9,,,,,4.0
B074TB7GTY,,,,2026.0,2026.0
B074TC36Z5,1979.0,,1979.0,,1979.0
B074TCV9ZF,,,,,11.0
B074TH993S,,,202.0,202.0,
B074V3L8C2,,,,,20.0
B074V3QWMB,,,,18.0,18.0
B074V4TGW9,,1238.0,1238.0,1238.0,1238.0
B074V5QJCR,,,26.0,,
B074V6ZL8L,,,65.0,65.0,65.0
B074VF153F,3112.0,3112.0,3112.0,3112.0,3112.0
B074VF9XS3,2673.0,2673.0,2673.0,2673.0,2673.0
B074VFBMJP,,,,,2695.0
B074VFYDDH,,278.0,,278.0,278.0
B074VG2K3B,,,,,19.0
B074VL6F95,1830.0,1830.0,1830.0,1830.0,1830.0
B074VVMK9Z,2161.0,2161.0,2161.0,2161.0,2161.0
B074W6K7J8,,,38.0,38.0,38.0
B074W7QWN4,,,78.0,78.0,78.0
B074WBNVZH,3.0,,,,
B074WN4L5N,,82.0,82.0,82.0,82.0
B074YZ5ZC9,,,,,2.0
B074Z5Y2XS,,,,232.0,232.0
B074ZQZ7R4,,,,,18.0
B074ZS65FN,,,,,4.0
B074ZSJZT9,18.0,,,,
B07516K8BD,,,,,41.0
B0751KFW4J,,,37.0,37.0,37.0
B0751KV7J3,,,,10.0,
B0751RTG8Q,,,,,16.0
B0752DGLRH,,,,,45.0
B0752RB9P7,,,,,24.0
B0752SN3ZF,,,,,24.0
B07531TFQT,,,,,2.0
B07534PD66,,,20.0,,20.0
B07535ZW59,,,,,21.0
B0753KN7FV,26.0,,,,26.0
B0753S87L6,,,,183.0,183.0
B0753SVFBL,,,,,1.0
B0753XG4SM,,,,,8.0
B0753YLJYM,33.0,,,33.0,33.0
B0754C6DCR,136.0,,136.0,136.0,136.0
B0754G2MJX,,,,,3.0
B0754HLCJP,699.0,699.0,699.0,699.0,699.0
B0754M6MN5,,348.0,348.0,348.0,348.0
B0754NTVFG,,,,348.0,
B0754P14JB,,,,9.0,
B07553R68F,20.0,,,,
B07558YZBZ,,,20.0,,20.0
B0755D5J5S,415.0,415.0,415.0,415.0,415.0
B07567P5W5,,,,,48.0
B0756BCQ8L,,9.0,,,9.0
B0756DJ653,,,,,7.0
B0756GT6K1,,,,,9.0
B0756JH82Y,,,23.0,,23.0
B0756T4DVZ,,,,559.0,559.0
B0756VSZ8X,,,,,120.0
B0756WLCC7,,,,,10.0
B0756Y5BLK,,,,19.0,19.0
B0757552DK,,,,,31.0
B0757B92V8,449.0,,449.0,449.0,449.0
B0757G61N5,,,,,4.0
B0757JNXNS,7.0,,,,
B0757JW9BR,,,,,12.0
B07581J9WQ,,,,,4.0
B07582BDFR,,,,31.0,31.0
B0758FVLXH,,,,,10.0
B075914LTQ,9833.0,9833.0,9833.0,9833.0,9833.0
B0759D7PQH,,9833.0,,9833.0,9833.0
B0759JJWG1,1864.0,1864.0,,1864.0,1864.0
B0759LB6FY,,,1870.0,,1870.0
B0759N5LZ5,99.0,,,,99.0
B0759WNY28,,282.0,282.0,282.0,282.0
B0759Y3SFM,,37.0,,,37.0
B075B1PR83,,,,,3.0
B075B5V8Z9,3.0,,,,
B075B65VC2,,3.0,,,3.0
B075B6MHX7,,,,,3.0
B075B6Q8Y9,,,,,3.0
B075B6R7C3,,,,,3.0
B075B6WNHT,,,,,3.0
B075B6YBPL,,,,,3.0
B075B7J6CR,,,3.0,,
B075BJKFGY,,,4.0,,
B075BTX8LF,,,,,75.0
B075CB8S96,,,,,25.0
B075CGGV4X,953.0,,953.0,953.0,953.0
B075CGQDZN,,,,,5.0
B075CJG8K8,,,,,19.0
B075CJKYNH,620.0,,620.0,,620.0
B075CLD1S2,11.0,,,,
B075CW48GL,,,,14.0,
B075CYZGVD,,15.0,,,15.0
B075CZ7RGM,,,,,4.0
B075CZZ4S1,,,,,14.0
B075D5T7M5,,,,183.0,
B075DF4VVN,,85.0,,,85.0
B075DS19VF,,,19.0,19.0,19.0
B075DVRLJK,,,,,3.0
B075DX3CBQ,20.0,,,,
B075DZPFNN,,,,,187.0
B075F3KTJ7,350.0,,,,350.0
B075F73NN7,97.0,,97.0,97.0,
B075F8SSKF,,,,,128.0
B075FH53TT,,,41.0,41.0,41.0
B075FKVN2C,,,133.0,133.0,133.0
B075FLX3BR,,,,,207.0
B075FN3RCW,,,,,2.0
B075FN49P6,180.0,180.0,,,180.0
B075FPP3LJ,299.0,,299.0,,299.0
B075FQH3SF,,,,299.0,
B075FQRYHT,,,,,36.0
B075FVXTBR,1235.0,,,,1235.0
B075FY2BNM,,,,,50.0
B075G42GTX,801.0,801.0,801.0,801.0,801.0
B075GDNXDR,,801.0,801.0,801.0,801.0
B075GM2W2Z,,,,,23.0
B075H4R89K,,,,,3.0
B075HMZTM4,6.0,,,,
B075J9NWZ6,,,574.0,574.0,574.0
B075JBR1V2,,,,,138.0
B075JG8N46,,,,,203.0
B075JQT8ZP,7.0,,,,
B075K3MVQZ,,,,,30.0
B075K47TP8,,,125.0,125.0,125.0
B075K71J1Z,,,,,5.0
B075K7T32R,594.0,,594.0,594.0,594.0
B075K7Z8X6,,8.0,,,
B075K92R81,,,,,12.0
B075KB7XG2,,,,,7.0
B075KHHC1S,,,,,4.0
B075L3C5HR,,,,,23.0
B075L55839,,,,,1.0
B075L78NX4,,,,7.0,
B075L79XWX,,,,,12.0
B075LFYR8H,,,27.0,,27.0
B075LL8ZXR,26.0,26.0,,,
B075LS9563,689.0,689.0,689.0,689.0,689.0
B075LXMT2Y,,,,,10.0
B075M1FM86,,,,,4.0
B075M82M3Y,1.0,,,,
B075M8WLY4,,,,,258.0
B075MB6Y6R,,,,17.0,
B075MBPQQH,6.0,,,,
B075MWSLNH,,,,,36.0
B075N22RSF,3069.0,3069.0,3069.0,3069.0,3069.0
B075N4ZLMR,17.0,,,,17.0
B075NC1B5J,,,,,46.0
B075NMS843,,,,,261.0
B075P4B3N2,,,,,1.0
B075PG698M,,,,117.0,117.0
B075PJZN8T,,,,,11.0
B075PMTYTP,,,,,11.0
B075PNNZTJ,,,,,10.0
B075PV2925,,,,,9.0
B075PVD1LJ,,,,,95.0
B075Q645TR,,,,,3.0
B075Q8MG9J,,,,,4.0
B075QCKSRR,13.0,,,,
B075QKLFQ9,1454.0,1454.0,1454.0,1454.0,1454.0
B075QVPYXV,4697.0,4697.0,4697.0,4697.0,4697.0
B075R6KWQ4,,,,,3.0
B075R7PJY8,6355.0,6355.0,6355.0,6355.0,6355.0
B075R7QKWZ,,,,58.0,58.0
B075R7Y36M,176.0,,,,176.0
B075R8B6HP,6355.0,6355.0,6355.0,6355.0,6355.0
B075RGHXVJ,,,133.0,,
B075RGQF7R,,,,,39.0
B075RH5CYX,,114.0,,,114.0
B075RJBK4X,,,,,133.0
B075RJK163,,,,,29.0
B075RNNV3J,,,,,29.0
B075RQSQ68,,,,,29.0
B075RRRWF2,,,29.0,,29.0
B075RRXGFT,29.0,29.0,,,29.0
B075RS51QF,,29.0,,29.0,29.0
B075RVL34T,,,,,17.0
B075RZHLDN,,,,46.0,
B075S14LNG,,,,,11.0
B075S4JWTM,16.0,,,,16.0
B075SKVKL6,,,2.0,,
B075SQSNSN,,,,36.0,36.0
B075SR8QGX,,,26.0,26.0,26.0
B075SVMK1M,,,13.0,,13.0
B075SWTWZ6,,,,89.0,89.0
B075SZHRF7,,,31.0,,31.0
B075T3DP32,,,,,95.0
B075TFCPH8,,,4.0,,
B075TFJ1QJ,16309.0,16309.0,16309.0,16309.0,16309.0
B075TW9VPQ,,,,12.0,12.0
B075V5C38Z,,,,,21.0
B075V69VX6,,304.0,,,304.0
B075VBNRJQ,,82.0,,82.0,82.0
B075VCQM72,160.0,,160.0,,160.0
B075VCV531,17.0,,,,17.0
B075VQ39XB,,,53.0,53.0,53.0
B075VZ7RJM,1348.0,,,1348.0,1348.0
B075W2YZP7,,,,1099.0,1099.0
B075W7DDLN,,,,,6.0
B075WL39Q6,,75.0,75.0,,75.0
B075WLPV38,,,26663.0,26663.0,26663.0
B075WNLWZS,,,13.0,,13.0
B075WPJGT6,,,213.0,213.0,213.0
B075WQKXJJ,75.0,,75.0,,75.0
B075WQRWRD,229.0,,,,229.0
B075WR6YWN,75.0,,,,75.0
B075XGW15G,,,,229.0,229.0
B075Y5V9FF,,,1.0,,
B075YFT3QD,1437.0,1437.0,1437.0,1437.0,1437.0
B075YN56RP,5376.0,5376.0,5376.0,5376.0,5376.0
B075YSDQK1,5376.0,,,,
B075YTPRPL,5376.0,5376.0,5376.0,5376.0,5376.0
B075YY3VZK,5376.0,5376.0,5376.0,5376.0,5376.0
B075Z42Z5K,1684.0,,,,1684.0
B075Z87GGQ,411.0,,411.0,411.0,411.0
B075ZF856Q,,,,,402.0
B075ZJK67Z,,,,,60.0
B075ZLRZWD,3069.0,,3069.0,,3069.0
B075ZM1ZQ7,,,,,7.0
B075ZMV9LS,,,,,48.0
B075ZMV9LV,2.0,,,,
B075ZRQJPW,,,,,9.0
B075ZT2GST,,,,,11.0
B075ZTLVC1,,,,,166.0
B075ZTVV21,,,,,15.0
B075ZXCNZF,,,,,10.0
B075ZZ38RV,,,,,40.0
B0761SZLBX,,,,,97.0
B0761V2GMQ,1120.0,1120.0,1120.0,1120.0,1120.0
B0762BWJWB,,,,,38.0
B0762FPHWS,,,,,110.0
B0762VVDB4,,,,,54.0
B0764GNQW8,,,,,2344.0
B0764LL922,35.0,,,35.0,
B0764MVT25,,,,,46.0
B0764YPPRX,,23.0,,,23.0
B0765CK6T5,,,,,4.0
B0765CVKVX,,,,,621.0
B0765XSQTB,,,,,6.0
B0765Y3MZP,42.0,,,42.0,42.0
B07663BMMS,,,,,14.0
B0766M8K4J,,,,,525.0
B0766PT8BB,525.0,,,525.0,525.0
B0766WDWQM,,525.0,,,525.0
B07676YDPJ,,,,1.0,
B0767D6NMH,,,120.0,,120.0
B0767HRKT2,,,,10.0,10.0
B0767L3N4L,118.0,,,118.0,118.0
B0768B5DNF,,,,,51.0
B0768KMKR1,37.0,,,,37.0
B076946YS7,,,,,31.0
B0769C97X6,,,,,34.0
B0769HLWKB,,,,,265.0
B0769LS5R9,,,,,15.0
B0769XSXVN,,,11.0,,
B0769YSKNC,,,58.0,,
B076B1TNLN,,,,42.0,
B076B7D5MD,,,,59.0,
B076B82NCY,,,,,59.0
B076B834XP,,,,3.0,
B076B8G567,,47.0,47.0,,
B076B8VKQY,,,,,4.0
B076BGRYWL,34.0,,,,
B076BJ7T3T,45.0,45.0,,,45.0
B076BNLJCQ,,,,,143.0
B076BVLVWM,,,,,98.0
B076BVZ7KZ,,,,,147.0
B076BX3LYN,,,,31.0,31.0
B076C2BFZ8,30.0,,,30.0,
B076C4LKWZ,,,,,8.0
B076C836N1,,,,8.0,
B076C9B7YZ,,,,228.0,228.0
B076CKXSLN,,,,,45.0
B076CM76DQ,,,436.0,436.0,436.0
B076CQ7RKH,,,,436.0,436.0
B076D3P77J,,,,,28.0
B076D6CHC4,,,,212.0,212.0
B076D7D8N8,212.0,212.0,212.0,,212.0
B076DGSD6P,,228.0,,228.0,228.0
B076DNRJNC,1174.0,,1174.0,1174.0,1174.0
B076F1K8SJ,2.0,,,,
B076F2MQZJ,,,,,216.0
B076F2QGSG,,,,54.0,54.0
B076F39JNH,,,,54.0,54.0
B076F45G9Y,216.0,216.0,216.0,216.0,216.0
B076FG2S61,,,,3.0,
B076FH81NC,,,,109.0,
B076FM8ND9,608.0,608.0,,,608.0
B076FMQSQL,,,,,32.0
B076FQNF74,,,161.0,,161.0
B076G8DQKW,688.0,,,,688.0
B076H1S2GS,80.0,80.0,80.0,80.0,80.0
B076H2YFGB,,,,,108.0
B076H3M593,,,16.0,,16.0
B076H6JP5N,,,,,2.0
B076HDCLMC,,39.0,,,39.0
B076HDYSH6,668.0,668.0,668.0,668.0,668.0
B076HHYK5F,,,,,10.0
B076HKFC7G,,,,,50.0
B076HKYKS5,14.0,14.0,,,14.0
B076HL1VT1,2.0,,,,
B076HL2CK1,4.0,,,4.0,
B076HLH8G1,,,72.0,,72.0
B076HSH689,,,,,1.0
B076J5P9V9,,,,,1.0
B076J7WQWP,,,,71.0,71.0
B076J8J1JB,,,,,11.0
B076JCPDFH,,,29.0,,29.0
B076JJ3JLL,91.0,91.0,,,91.0
B076KD4ZN7,3963.0,3963.0,3963.0,3963.0,3963.0
B076KP27DD,,,43.0,43.0,43.0
B076LGHRFP,,,941.0,941.0,941.0
B076LQ4FD9,,,,202.0,202.0
B076LXT7QJ,,,,,18.0
B076LZ8NMH,,,,,18.0
B076M2RX89,80.0,80.0,,,80.0
B076M34S5M,,,,,204.0
B076M37BSG,,,183.0,,183.0
B076M8TPFY,,,,,10.0
B076MCNB6S,16.0,16.0,,,
B076MD9QZD,,,,10.0,
B076MXKSCG,2.0,,,,
B076MZ5SP8,,5.0,,,
B076NR5WQS,,,,,128.0
B076P3H3CL,31.0,,,31.0,31.0
B076P5DFRQ,,489.0,489.0,489.0,489.0
B076P5QL7X,,,,,4.0
B076P9K249,17.0,,,,17.0
B076P9T4X3,,,,,19.0
B076PHWL7J,,,,,88.0
B076PMCCBS,,,,,104.0
B076PQ2PPK,,,128.0,128.0,128.0
B076PSD5QQ,,,,78.0,78.0
B076PW51JJ,,,,,42.0
B076PX1DW1,,,,,9.0
B076PZT2YK,,,,,3.0
B076Q8SS1S,165.0,,,,165.0
B076Q913FP,,,,,29.0
B076QBCPZN,,,,,33.0
B076QFVW22,,,151.0,151.0,151.0
B076QG2D7M,,,,,12.0
B076QLQ8RJ,,36.0,36.0,36.0,36.0
B076QTVWHK,,,,,8.0
B076R3LGS3,,,,,53.0
B076R5KWQN,,,,61.0,61.0
B076SVSVDB,,,183.0,,183.0
B076T4Z419,,,,,4.0
B076V3DX4Z,,,396.0,,396.0
B076V5V4NJ,72.0,,,72.0,72.0
B076VL1PD7,16309.0,16309.0,16309.0,16309.0,16309.0
B076VZMNTY,1.0,,,,
B076W4GNGS,,,,,4.0
B076W7JDN6,,,,,3.0
B076WJPPMK,,3.0,,3.0,
B076WMX2L1,,,23.0,,23.0
B076WNNTZM,,,,,1099.0
B076WPXKZ9,,,,,1.0
B076WX811Q,128.0,128.0,,128.0,128.0
B076XFR85H,,,114.0,114.0,114.0
B076XS1VZB,,,,,57.0
B076Y2VNZ8,,,,14.0,
B076Y8D463,,,,,5.0
B076YDKJCC,381.0,,381.0,,381.0
B076YGNQ35,,,,267.0,267.0
B076YHHP45,,,,,27.0
B076YQLVGL,,,,59.0,59.0
B076YRLFN4,,,,,267.0
B076YVRWGF,,,28.0,,28.0
B076YZ427J,,,,499.0,499.0
B076Z4G3VJ,,28.0,,,28.0
B076Z4YCJV,,92.0,92.0,92.0,92.0
B076ZM1TQQ,,,,,7.0
B076ZN5F75,,,31.0,31.0,31.0
B076ZQFQZS,,,3208.0,,
B0771PLYTH,,,,,32.0
B0771S1N2J,79.0,,79.0,79.0,79.0
B0771V2MJQ,,,,54.0,54.0
B0771X2GH4,,50.0,,,50.0
B0771XCJ14,,,,,54.0
B07722LLNY,,,,,22.0
B07729Q8JV,,,41.0,41.0,41.0
B0772MMP1L,,,,1.0,
B0772PVQ2N,,,,,21.0
B0773H82XB,,,,6.0,
B0773L6WYY,,,3.0,,
B0773MDWGP,,,,,42.0
B0773SSV57,,903.0,,903.0,903.0
B0773SYXYB,,,3921.0,3921.0,3921.0
B0773VLLGN,,,,3921.0,3921.0
B0773WF3CJ,3921.0,,,3921.0,3921.0
B077416M4M,,,,,14.0
B0774YLBMS,,,,,3.0
B0774YMBFH,,,78.0,78.0,78.0
B077588HZC,,1998.0,,1998.0,1998.0
B077658D5Q,,,,,50.0
B0776PNN3V,,,,188.0,188.0
B0776RVX13,,,,8.0,
B07774LX9M,,,,,13.0
B0777FHF1N,,,,11.0,11.0
B0777GCV5M,,,,,16.0
B0777JT4F9,408.0,,408.0,,408.0
B0777PHFFB,,,,,49.0
B0777T579Y,,,,,3.0
B07786W8MD,408.0,,,,408.0
B0778CST2L,,408.0,408.0,408.0,408.0
B0778K8WTJ,,,,,15.0
B0778QQJX2,,,,,2.0
B0778RT1H6,,,26.0,,26.0
B0778SFRJH,,,,26.0,
B0778SN7PH,,,,,4.0
B0778SYXB4,20.0,,,,20.0
B0778TN94Q,1.0,,,,
B0778XR6B2,315.0,,315.0,315.0,315.0
B0778YXCN7,,,,,16.0
B07795FX8F,3485.0,3485.0,3485.0,3485.0,3485.0
B07799Q1CD,87.0,,,87.0,87.0
B0779H58N3,113.0,,,,113.0
B0779K7JCN,,,,1772.0,1772.0
B0779LVKG2,766.0,766.0,766.0,766.0,766.0
B0779PLNN6,,,,,94.0
B0779R91LQ,,,6.0,,6.0
B0779YQ2JC,,16.0,,,16.0
B0779ZMNJP,,,,,1.0
B077BT1W4B,,,,,19.0
B077BV9GS6,,,578.0,578.0,578.0
B077BWYB35,578.0,,,578.0,578.0
B077BX44BL,,30.0,30.0,30.0,30.0
B077BXQ3CF,,44.0,,,44.0
B077CT1QJN,17.0,,,17.0,17.0
B077D74NQD,5376.0,5376.0,5376.0,5376.0,5376.0
B077D9GSCS,,,,,4.0
B077DXT7DJ,10.0,,,,
B077FJFMZD,,,,,144.0
B077FP27R4,,,,50.0,
B077FV9S81,,,,,42.0
B077FYGNNC,417.0,417.0,417.0,417.0,417.0
B077GP2QRG,,144.0,,144.0,144.0
B077GRQ8NN,87.0,,,,87.0
B077GRQYNC,75.0,75.0,75.0,,75.0
B077GVCKP2,,,13.0,13.0,
B077H1JLLH,,,,40.0,40.0
B077H62ZWH,,,,3.0,
B077H771X8,,,,,102.0
B077HD9Z35,56.0,,,,56.0
B077HM6G5Y,,,,26.0,
B077HQRG1L,,,,6.0,6.0
B077HR8FVK,,,,,36.0
B077HVDYP9,33.0,,,,
B077J6BFFD,232.0,,232.0,,232.0
B077JDX55V,,,13.0,13.0,
B077JF6QB2,,,1.0,,
B077JHRSWY,238.0,238.0,,,238.0
B077JJ9F7B,725.0,725.0,725.0,725.0,725.0
B077JQX3V1,,,,253.0,253.0
B077JV81H5,217.0,217.0,,,217.0
B077K4H2LG,,1.0,,,
B077K7VWGW,,,,,10.0
B077KL93RZ,3069.0,3069.0,,,3069.0
B077KZ78YW,,24.0,,24.0,
B077M2M54G,,,,,195.0
B077MRNJHH,,,12.0,12.0,12.0
B077N54MGG,,,,,1.0
B077N75PK9,,,,,39.0
B077NQ67DZ,,,,,46.0
B077NY3TYK,,,,,1.0
B077P2N1SR,,,141.0,141.0,141.0
B077PMW1TZ,7.0,,,,
B077PVRRJS,,1812.0,1812.0,1812.0,1812.0
B077PZKXWV,,,5.0,,
B077Q5X869,,4.0,,,
B077QM8WD5,1457.0,1457.0,1457.0,1457.0,1457.0
B077QWPH9D,,,,,16.0
B077QWW16F,,,,,40.0
B077R5J45F,183.0,,,,
B077RLDZ8K,,,205.0,205.0,
B077RQKXL3,,,,,6.0
B077S7YJVC,,,,1357.0,1357.0
B077SDPQSP,,370.0,370.0,370.0,370.0
B077SM3W8P,,,188.0,,188.0
B077SPKXM2,,,,,288.0
B077T7PST3,,,,,1.0
B077T8HHNG,,,,,22.0
B077T95J3Y,,,,,5.0
B077T9BN78,,,,,65.0
B077TB4SW6,4.0,,,,
B077TKRWPS,1732.0,1732.0,1732.0,1732.0,1732.0
B077TP9HJN,,,,,100.0
B077TRBHLS,,,,,1.0
B077TSJL13,,,,,1.0
B077TSP8XF,,,,,1732.0
B077V23C16,16149.0,,,16149.0,16149.0
B077V3L72Y,,,,16149.0,16149.0
B077V3PXSH,,,,,16149.0
B077V8MZ34,16149.0,16149.0,16149.0,16149.0,16149.0
B077VBRVMJ,,,,,8.0
B077VP36NM,,,,,1.0
B077VTNMS1,,,1.0,,
B077WC7X4Q,,,,,10.0
B077WRBCLS,,,13.0,,
B077X6R8T3,150.0,150.0,150.0,,150.0
B077XNFXTJ,1668.0,1668.0,1668.0,1668.0,1668.0
B077XQ59BR,1706.0,,,1706.0,1706.0
B077XZ46FJ,,,,,26.0
B077Y6QG2N,,,,,120.0
B077Y7FJRR,,,13.0,,
B077Y7ZS2Q,,,,,17.0
B077Y9BDSD,,,,,29.0
B077Y9K3VK,,,,,20.0
B077YD9NBF,,,,,408.0
B077YD9NBG,408.0,408.0,408.0,408.0,408.0
B077YDL4M7,,75.0,,,75.0
B077YDNFTD,,,,,29.0
B077YGM61G,,,,,2.0
B077YGQ7FD,,,,,29.0
B077YLPDDJ,2993.0,,2993.0,2993.0,2993.0
B077YPKRDL,,,,,69.0
B077YT5M1L,282.0,,,282.0,282.0
B077YW5CLN,479.0,479.0,479.0,,479.0
B077Z1NXWP,,,,,14.0
B077ZBTTDN,,,,,10.0
B077ZBWXDF,,,833.0,,833.0
B077ZTV65D,,,,2.0,
B0781F98N5,,,,8.0,
B0781VZZYC,995.0,995.0,,995.0,995.0
B078213MHX,,995.0,,995.0,995.0
B078216GTL,,,,,588.0
B07821G9ZX,,,,,995.0
B0782SM95C,8.0,,,,8.0
B0783HYLMF,,,,,42.0
B0783PGBKM,,,,,195.0
B0783QJST4,,,,3668.0,3668.0
B0784D2QSG,,,,,7.0
B0784GLNP6,,,47.0,,47.0
B0784Q1BTB,,,,,1.0
B0784S4P9H,,,,,90.0
B0784TDCM7,1005.0,,1005.0,1005.0,1005.0
B07856W9DL,,,,,1.0
B0785HTB5Q,,,,,2.0
B0786C4CGW,217.0,,,217.0,217.0
B07871GJZH,2993.0,,,2993.0,2993.0
B07871KYGQ,,,,,588.0
B07873PTL6,382.0,382.0,382.0,382.0,382.0
B07875DWDJ,,,10.0,,
B07876MQWT,,,,167.0,167.0
B07879LBWX,,,,,81.0
B0787H2LHH,995.0,,995.0,,995.0
B0787HBZPN,,,,94.0,94.0
B0787KHSQQ,,46.0,46.0,46.0,46.0
B07881LYBD,,,,,546.0
B07881WB2P,,,,55.0,55.0
B0788J999Z,,,,,138.0
B0788KKQTJ,,,119.0,,
B0788LH8DN,,,,65.0,65.0
B0788M8DQK,,60.0,,,60.0
B0788MS465,,71.0,71.0,71.0,71.0
B0788PK7VY,,33.0,,,33.0
B0788T89Z5,,118.0,118.0,,118.0
B0788VRS2Y,,,516.0,516.0,516.0
B0788WQ2PT,,,,,973.0
B0788YDK2V,516.0,,,516.0,516.0
B07892XTCB,,,,323.0,323.0
B07893FK6W,,,,,973.0
B07894XSXH,,,,16.0,16.0
B07895VSNC,,,,,973.0
B07895W11K,516.0,,,516.0,516.0
B078972K13,109.0,,,,
B07898BJMJ,49.0,,49.0,49.0,49.0
B0789DL1TP,,,,,110.0
B0789FKPFP,,,,17.0,
B0789G1KXH,,,,,17.0
B0789G7MVP,590.0,590.0,590.0,590.0,590.0
B0789H8H4H,,,,516.0,
B0789HDZJQ,,,,,973.0
B078B2Q4WJ,,,,,21.0
B078C4VR3D,,,,,288.0
B078C9N2RM,,,,,17.0
B078D6PPFW,511.0,511.0,511.0,511.0,511.0
B078GG1ZSD,,56.0,,56.0,56.0
B078GJM3K6,,,,56.0,56.0
B078GRHW5L,6.0,,,,
B078GSP66D,17.0,,,,
B078H5MK73,,,,,31.0
B078HDTZR9,,,,,5.0
B078HLTMS9,,,,,14.0
B078HQWVRP,,,,1.0,
B078HTG3TB,,,,,37.0
B078J2BYL7,,,,29.0,
B078J2RM7S,,,,,150.0
B078J3G374,83.0,,,,83.0
B078J55XDF,,,,,7.0
B078J7P5QL,173.0,173.0,,173.0,173.0
B078J8Q56F,,,,,22.0
B078JQRSRY,,1357.0,1357.0,,1357.0
B078JSPNM3,19.0,,,,
B078JTH5ZK,1124.0,1124.0,1124.0,1124.0,1124.0
B078JW8FZX,,40.0,,40.0,40.0
B078K1CZZS,2808.0,2808.0,2808.0,2808.0,2808.0
B078K1J881,183.0,183.0,,,183.0
B078K2LXG1,,,9.0,,
B078K5YTRR,,33.0,,,
B078K655HV,,,,,29.0
B078KFWQ4J,,20.0,,,20.0
B078KH38YR,,,,,688.0
B078KH5XTZ,,,17.0,,17.0
B078KM7SWR,2.0,,,,
B078KMVTHL,4759.0,4759.0,4759.0,4759.0,4759.0
B078KWRD6N,867.0,,,,867.0
B078KX8G1P,,,,,5.0
B078L67SVP,,,,45.0,45.0
B078L6BGRL,,,,,45.0
B078LB77RK,,,,,153.0
B078LBBXYX,,,,,36.0
B078LDB22G,,,,153.0,153.0
B078LF5Z52,,,,,87.0
B078LF8BBW,401.0,401.0,401.0,401.0,401.0
B078LN964X,,,,,35.0
B078LSG5K2,10572.0,10572.0,10572.0,10572.0,10572.0
B078M4LBMW,,,,,15.0
B078M9GHPJ,,,,,70.0
B078MDMSPC,,,,,4.0
B078MGZJKH,,,200.0,,200.0
B078MNSH8L,,,,27.0,27.0
B078N93R7G,378.0,378.0,378.0,378.0,378.0
B078NCJDGF,,,,,11.0
B078NFX7T6,,,,,142.0
B078NHXLMC,,,,64.0,
B078NNLPZ9,,,,4.0,
B078NRD327,,,,,13.0
B078NTZ15Z,,126.0,,,
B078NV3M4Y,,,70.0,70.0,70.0
B078NWM47B,,,8.0,,
B078P3J5GJ,,,15.0,,15.0
B078P8HD2P,,,,305.0,305.0
B078P8LFDJ,,,41.0,41.0,41.0
B078PD4NF5,,,196.0,,196.0
B078PJ32DX,,413.0,413.0,413.0,413.0
B078PKNFN2,51.0,,,,
B078PQWW47,40.0,,,40.0,40.0
B078Q3HKP5,,,,,32.0
B078Q9P6LH,,,,,32.0
B078QBXC8Z,,,,32.0,32.0
B078QCFJXR,,,,,51.0
B078QHRP73,385.0,385.0,385.0,385.0,385.0
B078QQ4G82,15.0,,,15.0,15.0
B078RFGKBV,,,,,2993.0
B078RG26KR,,,,,43.0
B078RLBL9N,55.0,,55.0,55.0,55.0
B078RQ8GBT,28.0,,,28.0,
B078RR49L1,,,,,98.0
B078RRSRSH,,,28.0,,28.0
B078RTBPCK,,,,,4.0
B078S35LYX,234.0,234.0,,234.0,234.0
B078S4XSRF,,,69.0,,69.0
B078S7JL28,,,,91.0,
B078SGF5JD,,,,,57.0
B078SM3NZT,,,,,15.0
B078SMJHS9,,2.0,,,
B078SMRBP7,,,,,27.0
B078SMST8C,,8.0,,,
B078SP1NTH,8.0,,,,8.0
B078SRVF2W,,,,212.0,
B078SSQBND,,,,,212.0
B078SXW2DL,,,,,11.0
B078TCQ786,40.0,,,,
B078TCQHLK,85.0,,,,
B078TCQMCJ,,,,,35.0
B078TCQVJ5,,,,,120.0
B078TD48LR,,,,,104.0
B078TF3237,127.0,,,127.0,127.0
B078TFPGXH,71.0,,,,71.0
B078TG56B5,87.0,,,87.0,87.0
B078TGDR5D,,,,,34.0
B078TGQB5S,,,,221.0,221.0
B078TGX3FM,52.0,,,,52.0
B078TH1NSB,114.0,114.0,114.0,,114.0
B078TH1QKZ,67.0,67.0,,67.0,67.0
B078THNB56,68.0,68.0,68.0,68.0,
B078THXBLM,62.0,62.0,,,62.0
B078TLFRQ8,53.0,53.0,,,53.0
B078TMP2YD,,,,,4.0
B078TSQKKR,,,5376.0,,5376.0
B078V3XJLV,,44.0,,,44.0
B078VZBDQ4,,,,,8.0
B078WD2Q5N,,,,18.0,18.0
B078WF3GMC,,1.0,,,
B078WHR2T9,,15.0,,15.0,15.0
B078WJ1LPN,,,,,15.0
B078WR1B56,611.0,,,611.0,611.0
B078WV1W89,1628.0,1628.0,1628.0,1628.0,1628.0
B078WXBGSH,,521.0,,,521.0
B078X1BCH4,,,,,189.0
B078X6D2BL,,,,,549.0
B078X6XDH4,,7.0,7.0,,
B078X94PQV,,,,,12.0
B078XBZFXL,,,,,73.0
B078XQRGKP,,,,81.0,81.0
B078XR76YT,,,11.0,,11.0
B078XXYG1P,158.0,,,,158.0
B078XYC6R4,326.0,,326.0,326.0,326.0
B078Y57C97,397.0,,,,397.0
B078YK9CGS,,,,,18.0
B078YMMXHY,,13.0,,,
B078YND58P,94.0,,,,94.0
B078YRDW7R,,,,,9.0
B078Z233FF,63.0,,,,
B078Z29CQ7,,,,,63.0
B078Z7PTVQ,,,,,112.0
B078ZRGK14,50.0,50.0,,,
B078ZX7QW6,,,42.0,42.0,42.0
B07919C4K4,,,,,21.0
B0791BNKSY,,,6.0,,
B0791C4BLF,141.0,,,,141.0
B0791CRM7L,,,,109.0,
B0791DWNCC,,191.0,,,191.0
B0791FX9T7,,33.0,,,33.0
B0791K22H5,5156.0,5156.0,5156.0,5156.0,5156.0
B0791KMXFK,,,,5156.0,5156.0
B0791KZGP8,5156.0,5156.0,5156.0,5156.0,5156.0
B0791ZV3YV,381.0,381.0,381.0,381.0,381.0
B079276L5D,,,,,48.0
B0792GXNSJ,926.0,,926.0,926.0,926.0
B0792JGJ6T,,11.0,11.0,,11.0
B0792JW3C2,,,,,4.0
B0792RRD6H,,,13.0,,
B0792TP1Q6,,,26.0,,
B0792TTRBS,675.0,675.0,675.0,675.0,675.0
B0792XKH31,,,,,18.0
B07933TPSH,,,16.0,,16.0
B07937K55C,,,,,1.0
B0793DG3HM,,,,,2.0
B0793QP958,,,,1.0,
B0793RKMYV,,,,,31.0
B0793S4V8S,,,,,31.0
B0794NZKHK,,,,17.0,17.0
B0794QLV16,,,,365.0,365.0
B0794RFHMH,,,,,14.0
B0794STNYR,,,,90.0,90.0
B0794VPPZL,80.0,,80.0,,
B0794WQWK4,,,,7.0,7.0
B0794YPHMC,,,,,52.0
B07955SMKK,,,,,1.0
B0795778QP,,,,,28.0
B07957GRWG,,,,,23.0
B079676K95,,53.0,,,53.0
B0796BZ3LC,,,,5.0,
B0796K93HB,,,,30.0,30.0
B0796L3K4X,,,,,75.0
B0796L5QM6,,,,75.0,75.0
B0796L5X4N,75.0,,75.0,75.0,75.0
B0796LD6H6,75.0,,75.0,75.0,75.0
B0796LYVJL,,,430.0,,430.0
B0796NN69Z,75.0,,,,
B0797BK2FH,,,,,1.0
B0797DNGL4,,,,,14.0
B0797KQT55,69.0,,69.0,69.0,69.0
B0797LDMNY,,,,,15.0
B0797MP24P,1074.0,1074.0,1074.0,1074.0,1074.0
B0797PXBWS,,25.0,,,
B0797S834K,204.0,,,,204.0
B0797WYTCD,,758.0,,,758.0
B0797X8VML,185.0,,185.0,185.0,185.0
B07981M9BH,,,,44.0,
B0798G7BSW,36.0,,,,
B0798J6TNV,91.0,,91.0,91.0,91.0
B0798KJ7VY,,,,,57.0
B0798S97V3,380.0,380.0,,380.0,380.0
B0798V3CGC,2702.0,2702.0,2702.0,2702.0,2702.0
B079999SNX,,,,,82.0
B0799C2PZJ,,,,8.0,8.0
B0799D2HM9,,,,4.0,
B0799GTF6R,,146.0,146.0,,146.0
B0799P84WT,238.0,,,,238.0
B0799QMSNC,,,,,1.0
B0799STHC5,,,,,17.0
B0799V3RBD,,,,,12.0
B079B2BG9R,107.0,,,,107.0
B079BSB9K7,,,,,30.0
B079C1HFRP,,,245.0,,245.0
B079C7VQ9J,,,,,44.0
B079C8P618,350.0,,350.0,350.0,350.0
B079CD8M5D,,,,,1.0
B079CM49LZ,1.0,,,,
B079CMYM7H,,3.0,,,3.0
B079CY9TGY,,,,,28.0
B079DHZSWQ,382.0,,,382.0,382.0
B079DK18TG,,3.0,,,
B079DKXQFF,,,,,3.0
B079DLJZ3H,,,3.0,,3.0
B079DLSSY5,3.0,,,,
B079DM1Y9P,,,,,3.0
B079DNTNLR,2315.0,2315.0,2315.0,2315.0,2315.0
B079DPF8VZ,2320.0,2320.0,2320.0,2320.0,2320.0
B079DPHPY2,,,,50.0,50.0
B079DQHCMH,2320.0,,2320.0,2320.0,2320.0
B079DR7LY8,,,15.0,,
B079F63ZKJ,,,,15.0,
B079FDYFCD,,,,,2.0
B079FJ5QQL,7.0,,,,
B079FPGW82,78.0,,,,78.0
B079FQX96Y,,,,2.0,
B079GYD9FW,,,21.0,,
B079H52Y74,98.0,,,,98.0
B079HNLS18,,,,,17.0
B079HPFKJ4,,,,,56.0
B079HPP2PT,,,,,31.0
B079J478B1,,,,,399.0
B079J4NMR5,,,,,399.0
B079JD39HN,44.0,,,,
B079JMDH9Q,,944.0,,944.0,944.0
B079JQYKT1,,108.0,108.0,,108.0
B079JR3QYF,1454.0,1454.0,,1454.0,1454.0
B079K4DP8D,,,,,272.0
B079K6D78N,,,,,272.0
B079KRZ7NM,,,,,3.0
B079KYP7Z2,,,,37.0,
B079LLGZ4R,,,,,31.0
B079LRWMVB,,,,,30.0
B079LVR1NM,16.0,,,,16.0
B079LWV23H,,,,,3.0
B079LY9ZN4,89.0,89.0,89.0,89.0,89.0
B079LZKT9L,,,10.0,,
B079M58S36,,,,,10.0
B079M6HFJY,,,,,6.0
B079MGY19Y,,,,3.0,
B079N7FQX6,,,,,35.0
B079NLGS51,,,,,28.0
B079NNQRQG,,,41.0,,41.0
B079NSG8JK,,,,,16.0
B079PK2S6R,,,,,9.0
B079QLBQ1Y,,,24.0,,24.0
B079QPF336,9370.0,,9370.0,9370.0,9370.0
B079R489JC,,,,,20.0
B079R6HS76,,,,49.0,
B079RF969C,20.0,,,,
B079SW5BHC,,,3501.0,,
B079TDL1VG,,,20.0,,20.0
B079VS1MVJ,,,,117.0,117.0
B079VTNHJJ,,3069.0,,,3069.0
B079WLZTDS,,,,,1321.0
B079WPL3XP,,45.0,,,
B079WYGH2H,,,,,86.0
B079WZ5PY4,,,,86.0,
B079WZG2MW,,,86.0,,86.0
B079XRXT45,,,,11972.0,11972.0
B079XW4NGS,11972.0,11972.0,,11972.0,11972.0
B079XXTB93,,,,,11972.0
B079XYGSVB,,,,,11972.0
B079Y52FYF,,91.0,,,91.0
B079Y7DQNH,,,7.0,,
B079Y7QPC1,,,,11972.0,11972.0
B079Y7SLTW,,,,,5.0
B079Y91321,,,,,11972.0
B079Y9FY9L,,,,,8.0
B079YXXCHS,,,,,13.0
B079YY6ZR5,,,,,49.0
B079YYJ1TY,461.0,,,,
B079Z232SS,,,,,60.0
B079ZBKHQV,,,,,410.0
B079ZSGC5S,,,,,1.0
B079ZYQR2L,29866.0,,,,29866.0
B079ZZDP7V,,,,29866.0,29866.0
B07B114ZTL,,,,,29866.0
B07B11K1PL,,,,29866.0,29866.0
B07B17MN9M,,,,,16149.0
B07B1B393Z,,,,16149.0,16149.0
B07B1FCPZ5,,,,,16149.0
B07B1KG2X9,,16149.0,,,16149.0
B07B1WPHPG,,,,61.0,61.0
B07B296Q57,,,,,328.0
B07B2CHHCK,,328.0,,,
B07B2JHKSC,550.0,,,550.0,550.0
B07B2PCH2W,,,,,5.0
B07B3N2T4T,34.0,,34.0,,34.0
B07B3T3MC1,,,,,2.0
B07B3X5BXT,22.0,22.0,22.0,,22.0
B07B483Q41,,,,,601.0
B07B4BDZCY,,279.0,279.0,,279.0
B07B4C3XHX,,,26.0,,26.0
B07B4D9M4H,,,,,42.0
B07B4JMM8P,,,48.0,,48.0
B07B4S3DRH,,,,,31.0
B07B4WXT4Y,28.0,,,,
B07B4Z8236,,,,,18.0
B07B53S998,92.0,92.0,92.0,92.0,92.0
B07B54ZMFN,,,16.0,,
B07B5KFJV6,,,,,61.0
B07B5R5FGL,,,,55.0,55.0
B07B5YBSYG,74.0,,,,
B07B641FNC,,,,,404.0
B07B64GCDD,,,,,103.0
B07B64WVCV,,,,,148.0
B07B65H3NS,,,,,74.0
B07B66B3Q9,,,,,113.0
B07B6817FS,,,,,148.0
B07B687CQW,,,,,74.0
B07B68FMV4,,,,,103.0
B07B6BCJT1,,,148.0,,148.0
B07B6BYJHB,,,,,103.0
B07B7M96RN,,,,,40.0
B07B7MQKH7,,,46.0,,
B07B7QVXRM,,114.0,114.0,,114.0
B07B88452G,,,,,5.0
B07B8939XN,,,,,25.0
B07B8KBKJJ,,,,136.0,136.0
B07B8RLZ99,,,202.0,,
B07B8SNWP8,,,,,12.0
B07B93NN16,2840.0,2840.0,2840.0,2840.0,2840.0
B07B989TCP,,,,25.0,25.0
B07B9P3X8N,,,,,19.0
B07B9W5YX2,,,,,6.0
B07B9YYQ92,,,10.0,10.0,
B07BB1GWQX,210.0,,,210.0,210.0
B07BB1HTZ5,424.0,,424.0,424.0,424.0
B07BB3XG9B,,,,14.0,14.0
B07BBLYT4P,,,,,6.0
B07BBT8D7S,7.0,,,,
B07BC2ZXWG,97.0,,,97.0,
B07BC5TVV3,36.0,,,,36.0
B07BC9RX4T,,,146.0,,146.0
B07BDF7GWT,,9.0,,,
B07BDFZQFX,,,,62.0,
B07BDK1FLN,,,59.0,,59.0
B07BDN95WB,,886.0,886.0,886.0,886.0
B07BF2BS2W,150.0,,,,
B07BF4JL8J,5376.0,5376.0,5376.0,5376.0,5376.0
B07BF61NN9,,,11.0,,11.0
B07BF6DWK7,,,,,3.0
B07BF6WQFL,,,,,1.0
B07BF72JZQ,,,,130.0,130.0
B07BF7L98B,,,5376.0,5376.0,5376.0
B07BF92LPL,5376.0,5376.0,5376.0,5376.0,5376.0
B07BF9D9JH,,,,,1.0
B07BFCFXFF,,,,,120.0
B07BFDVZ68,,,,,128.0
B07BFFQB7Z,128.0,,128.0,128.0,128.0
B07BFN56FM,,,,,49.0
B07BFXDNS7,,,,,3208.0
B07BGSYPX5,33.0,33.0,,33.0,33.0
B07BGVKNCS,1098.0,1098.0,1098.0,1098.0,1098.0
B07BGVRNJK,,,10.0,,
B07BGW6K5T,,,,,4.0
B07BHB6P59,,,3932.0,3932.0,3932.0
B07BHB7MKD,3932.0,,3932.0,3932.0,3932.0
B07BHBTX5S,,,,3932.0,3932.0
B07BHDGQW7,,,,,23.0
B07BHM1YY1,,,70.0,,
B07BHVVHL6,,,,,1601.0
B07BHWQZ17,48.0,,,,
B07BHXM2CL,46.0,,,,46.0
B07BJ37YKQ,,,,,10.0
B07BJ46S14,,,,,16.0
B07BJGNWJV,,,,29.0,29.0
B07BJGT8SY,,,,,29.0
B07BJGX97B,,,,,29.0
B07BJGYHYT,29.0,,29.0,,29.0
B07BJH2VY6,,,,,29.0
B07BJH4FYM,,100.0,,100.0,
B07BJH9825,,,,29.0,29.0
B07BJHBDL7,,,,,29.0
B07BJHD1MD,,,,,29.0
B07BJKP99P,1601.0,,,1601.0,1601.0
B07BJL8HFC,,,,,4.0
B07BJLV7VL,,,,,14.0
B07BK3T6C2,,,,,23.0
B07BK51RVL,,,,,11.0
B07BK7J7WH,,,,,10.0
B07BKPL54J,,,,24.0,24.0
B07BKQ77CF,,,,5376.0,5376.0
B07BKQ8DWV,,,,1400.0,1400.0
B07BKT2JVY,,,,,24.0
B07BKT2YFL,,,,,51.0
B07BKTLP5B,,,,,24.0
B07BKTMKDM,,,,,24.0
B07BKWF98W,,,,,24.0
B07BKWMGSR,,,,24.0,
B07BL1SX39,,,96.0,,96.0
B07BL3ZPWX,,,,150.0,150.0
B07BL5QSCQ,,,,,2.0
B07BLKLDCX,441.0,,441.0,,441.0
B07BML86PM,,,5.0,,5.0
B07BMMTTR7,,86.0,86.0,86.0,
B07BMMXLMD,,,,,6.0
B07BMPMRL5,,,,36.0,
B07BMPPLXD,,,,179.0,179.0
B07BMTZLM2,,,,33.0,
B07BN3QVDG,658.0,,658.0,658.0,658.0
B07BN4HM16,,,100.0,,100.0
B07BN7JV1H,2010.0,2010.0,2010.0,2010.0,2010.0
B07BNG6RF4,,,92.0,,
B07BNG8148,,,,245.0,245.0
B07BNGPPRS,,,,,118.0
B07BNLG387,259.0,259.0,,259.0,259.0
B07BNMRYP6,,,,,50.0
B07BNP5B8L,,,,14.0,
B07BNPNVJX,,,,,32.0
B07BNQPBGZ,,,,12.0,
B07BNTRLH6,124.0,124.0,124.0,124.0,124.0
B07BNVLZLH,4.0,,,,
B07BPM7K77,,3.0,,,
B07BPPR63G,,,,1087.0,1087.0
B07BPSNGL2,,1087.0,,1087.0,1087.0
B07BPX46F9,878.0,878.0,878.0,,878.0
B07BPX8Y5H,,,,,102.0
B07BPZWKLQ,31.0,,,,31.0
B07BQD528W,,,,,2.0
B07BQDTML7,,,,,15.0
B07BQFH8DR,,,,,26.0
B07BQH83QC,,,,17.0,17.0
B07BQLS654,114.0,114.0,,,114.0
B07BQRB17X,,,,,480.0
B07BQT7HLK,,,,,130.0
B07BQY2KGJ,,,,,588.0
B07BRCC1YP,,,,,19.0
B07BRFQPWR,,17.0,,,
B07BRM59KF,,,,4.0,
B07BRN6B73,,,47.0,47.0,47.0
B07BRPH2F1,,,,,38.0
B07BRVHHXS,,,,,21.0
B07BS5RJ31,,,,,8.0
B07BSC69GS,2695.0,,2695.0,2695.0,2695.0
B07BSLZXLN,33.0,33.0,33.0,33.0,33.0
B07BSR16RZ,,,2802.0,2802.0,2802.0
B07BSWS8D6,2802.0,,2802.0,2802.0,2802.0
B07BSWYRC9,,,,178.0,178.0
B07BT1LPNJ,,,11.0,,
B07BT587FQ,1378.0,1378.0,1378.0,1378.0,1378.0
B07BT9YQ3N,,,,,28.0
B07BTB1KVK,,,,,2694.0
B07BTBM5PZ,46.0,,,,46.0
B07BTH742Y,,151.0,,,151.0
B07BTK81ZY,,,,29.0,
B07BTKMBB6,,,,28.0,28.0
B07BTPR1MG,,57.0,,,
B07BTRJ919,,,,88.0,88.0
B07BTV33SY,,,,183.0,183.0
B07BTW6P3M,18.0,,,18.0,
B07BVLB3L9,,,13.0,,
B07BVQ67DX,,,,,45.0
B07BVSK1V1,,,,22.0,22.0
B07BVSLPZ5,,,,,48.0
B07BVVJ5CQ,,,3.0,,
B07BW1QF8Z,,,,,1.0
B07BWQYKK1,57.0,57.0,57.0,57.0,57.0
B07BWRZZWC,,,57.0,57.0,57.0
B07BWTLC8D,,57.0,57.0,57.0,57.0
B07BWVKP82,,57.0,,57.0,57.0
B07BXGLS4C,1182.0,,1182.0,1182.0,1182.0
B07BXNDWZP,,,,,37.0
B07BXS1L1K,58.0,,58.0,,
B07BXVF1RZ,,,,36.0,36.0
B07BXXCPLR,,,,,32.0
B07BXXV2WB,,,,,45.0
B07BZ1KYBG,,,,,114.0
B07BZMCR2V,,,,,150.0
B07BZW7579,,,,,80.0
B07C19M4VP,,,,171.0,171.0
B07C1BKWZH,,86.0,,,
B07C1GD17N,,,,140.0,140.0
B07C1P1NF4,,,,,228.0
B07C1RFXYB,,,,,8.0
B07C1W9CT3,,,,,214.0
B07C1XGLCZ,,,,,53.0
B07C1YD5DD,137.0,137.0,137.0,137.0,137.0
B07C22G1FV,,,,13.0,13.0
B07C244QB2,,,,,935.0
B07C24V36C,,,,,4.0
B07C27BH59,,31.0,,,31.0
B07C2BHPL6,,,71.0,,71.0
B07C2HHMG5,24.0,,24.0,,
B07C2KPTQT,1888.0,1888.0,1888.0,1888.0,1888.0
B07C2KY37Q,,,,,1.0
B07C2WRTH4,,,,,240.0
B07C2XF7T2,,,187.0,,187.0
B07C31T74K,,,,172.0,172.0
B07C34W97N,,,,,172.0
B07C3D2H67,,,,,19.0
B07C3H97FJ,,,,,203.0
B07C3HGK5W,16.0,,,,16.0
B07C3MDZKD,,,,,23.0
B07C3VTMHF,62.0,62.0,,62.0,62.0
B07C4F8H54,,,,,17.0
B07C4J5Z3P,,,,,205.0
B07C4T3KB3,,,,,2.0
B07C4XW8X9,,,,,17.0
B07C577TXL,,,131.0,131.0,131.0
B07C57BNK4,,,,,241.0
B07C5LN5FC,,,,,59.0
B07C5M273L,,,,,196.0
B07C5MJW1B,,,,,196.0
B07C5NW72Y,,68.0,,,
B07C5RXGRQ,,,,,21.0
B07C5XFFW2,,3.0,,,
B07C5YZFT4,,,,1194.0,1194.0
B07C6G54PB,,27.0,27.0,27.0,27.0
B07C6LFV92,,,,,443.0
B07C6Q2WGM,167.0,,167.0,167.0,167.0
B07C6RFSJF,27.0,,,,27.0
B07C78N79T,,,,,23.0
B07C7D4H5B,43.0,,,,
B07C7LYB4S,,,,,10.0
B07C7S8QQB,3501.0,3501.0,3501.0,3501.0,3501.0
B07C7T6G9N,320.0,320.0,320.0,320.0,320.0
B07C7VCCM8,,,,49.0,49.0
B07C7VCWM5,,,,,22.0
B07C7VJ9YJ,,1457.0,1457.0,,1457.0
B07C7XXWSF,1457.0,,,,1457.0
B07C8HDKRL,,,,,81.0
B07C8LDSY8,19.0,,,,19.0
B07C8M57KQ,,,76.0,,
B07C97M3VH,,1087.0,,,1087.0
B07C9CNW51,70.0,,,,70.0
B07C9D4D1L,,,,130.0,
B07C9FYTKK,,,,,28.0
B07C9JT8Z3,,,,,13.0
B07CB6GYQR,57.0,57.0,,57.0,57.0
B07CBNQJ99,,,,57.0,57.0
B07CBW71ZF,132.0,,,,132.0
B07CCC26XJ,,,,,2.0
B07CCH5QCR,,,59.0,,
B07CCHS3VL,977.0,977.0,,977.0,977.0
B07CDDFYZR,942.0,,942.0,942.0,942.0
B07CDR7HQ2,,,,,10.0
B07CDW5N4Z,30.0,30.0,,,30.0
B07CG2NSLH,,,,,3.0
B07CG6D5KK,,,,,2993.0
B07CGCNZY7,,138.0,,,138.0
B07CH1T8TJ,,,,,10.0
B07CH7SXQF,,,,,39.0
B07CHHG5X8,,,,102.0,102.0
B07CHHL9S3,,,,,17.0
B07CHHVG8V,,,,,102.0
B07CHWZQTY,,,,,43.0
B07CHXR9TN,,,,,6.0
B07CJ66MJT,,,,,2.0
B07CJMD9T4,,1387.0,,1387.0,1387.0
B07CJRMZRP,,,,,241.0
B07CJSD2L2,,,,,995.0
B07CJWG7RZ,,,,,241.0
B07CK6JJBB,,,,,47.0
B07CKHXCZL,,,241.0,,
B07CKMYM27,,,,,239.0
B07CKT2MRT,,,,,59.0
B07CL3M7YY,,,,,20.0
B07CL7MRGC,,,,,995.0
B07CLFN7NN,,,,,33.0
B07CLL5WP6,,,,,24.0
B07CLMB6FD,,,,30.0,
B07CMGSTVG,,,,,17.0
B07CML2V5Q,1672.0,,1672.0,1672.0,1672.0
B07CMMXB6X,568.0,568.0,568.0,568.0,568.0
B07CMT75GN,,,,,1.0
B07CMTPVPM,9.0,,,,9.0
B07CN6W5Z7,281.0,,,,281.0
B07CNF747Q,,1031.0,,1031.0,1031.0
B07CNX8SQ6,,,,,118.0
B07CP3JFTP,5426.0,5426.0,5426.0,5426.0,5426.0
B07CPKYSY2,2.0,,,,
B07CPPXVJV,,,,14.0,
B07CQK2KP2,586.0,586.0,586.0,586.0,586.0
B07CQMGHKW,15.0,,,,
B07CQRQ9XF,,,,,120.0
B07CQSSZ6K,,,,,146.0
B07CQY1HBZ,,,,,54.0
B07CRD745Y,,,,,9.0
B07CRJC19D,,,,11.0,
B07CRK2XN4,,,,472.0,472.0
B07CRLHMNC,,,,,11.0
B07CRQNHZ3,,,,15.0,
B07CRTH21M,,48.0,,,48.0
B07CS1MTW3,,,,48.0,48.0
B07CSHW8MM,20.0,,,,20.0
B07CSLJDHX,,,51.0,51.0,51.0
B07CSM49C4,,,,,16.0
B07CSQ26WF,,5.0,,,
B07CT5BMNH,58.0,58.0,,58.0,58.0
B07CT5SGXQ,,,,835.0,
B07CT769R9,,,,,227.0
B07CT8T6G6,,,1.0,,
B07CT967YQ,,,46.0,,
B07CTDBHY6,147.0,,,147.0,147.0
B07CTGP62H,249.0,249.0,249.0,249.0,249.0
B07CTJ9JVX,,,,9.0,
B07CV41V5B,,,,,14.0
B07CV4KT1D,110.0,110.0,110.0,,110.0
B07CVBW9TD,176.0,,,,176.0
B07CVJCCN4,,5.0,,,
B07CVVFW1X,652.0,652.0,652.0,652.0,652.0
B07CVX265H,,,,8.0,
B07CVZ7VQM,,,,,38.0
B07CVZFJR9,,,,41.0,
B07CVZSY9Y,,,45.0,45.0,
B07CWB5ZP5,,,,,13.0
B07CWMFJM3,,,624.0,,624.0
B07CWRPHFD,1401.0,1401.0,1401.0,1401.0,1401.0
B07CWSLN7S,,,,,3.0
B07CWXNXXX,,4.0,,,
B07CWY98TY,2121.0,,2121.0,,2121.0
B07CWYFV1V,2121.0,,2121.0,2121.0,2121.0
B07CWZ24JH,2121.0,2121.0,2121.0,2121.0,2121.0
B07CXH6345,97.0,,,97.0,97.0
B07CXHLLWB,910.0,910.0,,,910.0
B07CXJQXZG,2260.0,2260.0,2260.0,2260.0,2260.0
B07CXTB3HP,133.0,,,,133.0
B07CXTHD2R,,,,,28.0
B07CXVNPS8,,,,,2.0
B07CXWG82B,,,,,96.0
B07CY46PTP,,,,,85.0
B07CY4K1FF,,,,,96.0
B07CY8PHT2,,,85.0,,
B07CY97J8D,,,1031.0,,1031.0
B07CYJW7JP,,,,,38.0
B07CYM2XP9,,,,,13.0
B07CYNPSSF,,,,,410.0
B07CYRHQ55,,,,,10.0
B07CYS7MMH,196.0,,,,196.0
B07CYT6ZM6,7.0,,,,
B07CYX7ZNK,,,,,48.0
B07CYZ9K2L,,52.0,,,52.0
B07CZ93LQQ,,,,,2.0
B07CZ99FHY,928.0,928.0,928.0,928.0,928.0
B07CZ9STQ2,,,,,11.0
B07CZ9Z7VK,,,11.0,,
B07CZDN5P8,3.0,,,,
B07CZMK7QP,170.0,170.0,170.0,,170.0
B07CZNKWYW,,,,6406.0,6406.0
B07CZNY8CS,,,6406.0,,6406.0
B07CZQ1KKN,,6406.0,6406.0,6406.0,6406.0
B07D1137BF,,,,,23.0
B07D12YX72,,,,,354.0
B07D13GMTH,,,,305.0,305.0
B07D142BR8,,,,173.0,173.0
B07D1456XG,3.0,,,,
B07D146VCM,,,,,53.0
B07D14QPHY,,,,,384.0
B07D17B5ZF,,854.0,854.0,,
B07D17GW1P,,,,,854.0
B07D1828J9,,,,,74.0
B07D18RV16,,,,460.0,460.0
B07D1B7NQN,17433.0,,17433.0,17433.0,17433.0
B07D1BS5ZX,17433.0,17433.0,17433.0,17433.0,17433.0
B07D1C5S71,17433.0,17433.0,17433.0,17433.0,17433.0
B07D1C5ZRT,,247.0,247.0,,247.0
B07D1J2LKK,1274.0,,1274.0,,1274.0
B07D1P6ZL9,,,,,7.0
B07D1PF13M,,,4.0,,
B07D242H3N,,,86.0,,86.0
B07D28MHP1,,,,,437.0
B07D29TW3Z,,,38.0,,38.0
B07D2D7K2X,,587.0,,587.0,587.0
B07D2M7FXB,,,,,75.0
B07D2N8SNK,,,,46.0,46.0
B07D2YVQ4S,111.0,,,,
B07D2ZSP5Y,,,,,1319.0
B07D33YTB9,,,,,2.0
B07D34G4HD,,,,,5.0
B07D355QF7,,,,,1319.0
B07D35DZMV,,,,,230.0
B07D35HCYF,229.0,,,,229.0
B07D3NSXM5,,,,,492.0
B07D3NXB3F,,,354.0,354.0,354.0
B07D3PGRFD,492.0,492.0,492.0,492.0,492.0
B07D3PPFXZ,492.0,,,492.0,492.0
B07D3PWWTZ,,,,492.0,492.0
B07D3Q7VDC,25.0,,,,25.0
B07D3QDB2R,,,,107.0,107.0
B07D3TB3Q6,369.0,,369.0,,369.0
B07D441TPS,3447.0,3447.0,3447.0,3447.0,3447.0
B07D455D6C,438.0,,,,438.0
B07D46HMWB,,,,,438.0
B07D47181C,849.0,849.0,849.0,849.0,849.0
B07D4K25Z1,,,,23.0,
B07D4NQ79L,,,,,16.0
B07D54XNV6,,6.0,,,
B07D55HFB9,,,,139.0,
B07D561CJ5,1735.0,,,1735.0,1735.0
B07D5626C5,139.0,,,,139.0
B07D587G3N,,,,,30.0
B07D5C12C2,9508.0,9508.0,9508.0,9508.0,9508.0
B07D5G4M22,,,,,3.0
B07D5TJ9CT,51.0,,,51.0,51.0
B07D6KKNS1,,,,5.0,
B07D6MPFK7,,,,,111.0
B07D6MSQLW,,,,40.0,40.0
B07D6NBTPZ,,,,,2.0
B07D6NWXPN,,,,,25.0
B07D6SQZDN,,,,,118.0
B07D6SZKND,,550.0,,550.0,550.0
B07D6VJDGW,,,,,5.0
B07D6Z3TFW,1263.0,,1263.0,1263.0,1263.0
B07D72Q2XL,,,,93.0,93.0
B07D7D459Z,,,507.0,,507.0
B07D7FMLLL,4297.0,4297.0,4297.0,4297.0,4297.0
B07D7JMW39,9.0,,,,9.0
B07D7MRBJG,,1457.0,1457.0,1457.0,1457.0
B07D7N68RV,,182.0,,,182.0
B07D7RSG2M,,138.0,138.0,138.0,138.0
B07D7VKZYS,33.0,,,33.0,33.0
B07D7VLB4J,724.0,724.0,724.0,724.0,724.0
B07D82GX52,,,,,1348.0
B07D84J7MJ,1.0,,,,
B07D8L1JFR,245.0,,245.0,,245.0
B07D8LGS3D,245.0,,,245.0,245.0
B07D8M14MT,,,,,53.0
B07D8N6JZC,,,,,139.0
B07D926VP8,,,,73.0,
B07D9442BN,,,4.0,,
B07D992PGP,,,,4.0,
B07D9C6QGW,,,6.0,,
B07D9D2BNP,,,,,10.0
B07D9GMB66,6155.0,6155.0,6155.0,6155.0,6155.0
B07D9H81QZ,,,,,5.0
B07D9JLJ1C,445.0,445.0,445.0,445.0,445.0
B07D9XYN8N,,,,,4.0
B07DBVJ9XB,12.0,,,,
B07DBY49CY,,,,10.0,
B07DBY4BXZ,,352.0,,352.0,352.0
B07DC68J2K,,,,15.0,15.0
B07DC7S22V,18.0,,,,18.0
B07DC9F9D4,,,,123.0,123.0
B07DCDNSHK,7866.0,7866.0,7866.0,7866.0,7866.0
B07DCKN28Y,,,,,16.0
B07DCPWC59,,,,357.0,
B07DCWFCKF,,,66.0,,66.0
B07DCWYRXV,2709.0,2709.0,2709.0,,2709.0
B07DCWZPR2,,,,,66.0
B07DCY8M8Z,2709.0,2709.0,2709.0,,2709.0
B07DCZ2GK6,,828.0,,,828.0
B07DCZJKPV,,2709.0,2709.0,2709.0,2709.0
B07DDBXX9Q,,195.0,195.0,,195.0
B07DDBY9LT,,,263.0,263.0,263.0
B07DDCNC81,,,21.0,,
B07DDCNJCN,218.0,218.0,,218.0,218.0
B07DDD3H78,242.0,,242.0,242.0,242.0
B07DDF278X,5426.0,5426.0,5426.0,5426.0,5426.0
B07DDGMYHS,5426.0,5426.0,5426.0,5426.0,5426.0
B07DDJQ15V,159.0,,,159.0,
B07DDMFCPJ,10.0,,,,
B07DFCCC2D,,,,,9.0
B07DFCW46S,,,,7.0,
B07DFDCRNB,,,,,29.0
B07DFPWPN8,,,,2991.0,2991.0
B07DFT7Y6C,,3766.0,3766.0,,3766.0
B07DFYN3SJ,,,,,43.0
B07DG3TYG2,,,,,47.0
B07DGS2F6C,9.0,,,,
B07DGS5F7S,,,,532.0,532.0
B07DGSM6FH,21.0,,,,
B07DGSM9SN,,,,,188.0
B07DHFT1B1,,,43.0,,43.0
B07DHFZ45L,,109.0,,,109.0
B07DHHTQ4Z,,,,,5376.0
B07DHJ4TG9,,,,,5376.0
B07DHK2F59,5376.0,,5376.0,,5376.0
B07DHK7YLS,,,,,5376.0
B07DHK95B5,,,,,5376.0
B07DHNG91M,,,,,39.0
B07DHT1FYK,1512.0,1512.0,1512.0,1512.0,1512.0
B07DHTNFRN,1348.0,,1348.0,1348.0,1348.0
B07DHVCVBW,,,,1348.0,1348.0
B07DHVZLDJ,,,,391.0,391.0
B07DHXWCNT,,204.0,,,
B07DHZ22X3,,,,157.0,157.0
B07DJ1SW58,57.0,,57.0,,
B07DJ1YBVZ,67.0,67.0,,,67.0
B07DJ5HZQH,20.0,,,,20.0
B07DJ6FK22,,,,78.0,
B07DJ6Y365,,,,,33.0
B07DJ7GM19,,,,46.0,
B07DJ9HXWW,,,38.0,38.0,38.0
B07DJB79WY,,34.0,,,34.0
B07DJXQPNW,,,,,32.0
B07DK771PJ,724.0,,,,724.0
B07DK97K54,,,,,52.0
B07DKC6LFV,,,,,1.0
B07DKH7PVT,,,3.0,,3.0
B07DKHP3ZN,21.0,,,,21.0
B07DKXQ8X8,,,,,2168.0
B07DL1899T,,,,,203.0
B07DL3XRDH,,,,111.0,111.0
B07DL49FF1,,,679.0,679.0,679.0
B07DL55ZCQ,,679.0,,,679.0
B07DLFQXLF,,,,,31.0
B07DLFZDB1,161.0,,,161.0,161.0
B07DLG8TZM,,,31.0,,31.0
B07DLMHX4V,,,,,6.0
B07DLMWMNS,,,,4.0,
B07DLR1GQN,,,,25.0,
B07DLTPZDP,,,,,189.0
B07DLV1222,,,,,189.0
B07DLVJRBG,,,,,189.0
B07DLX9S93,,,,,10.0
B07DLXVBNQ,315.0,,,,
B07DLY4QRK,,,315.0,315.0,315.0
B07DM3PQSZ,23.0,,,,23.0
B07DM4795Q,8.0,,,,
B07DMFZCNV,109.0,,,109.0,109.0
B07DMFZR4G,,,,109.0,109.0
B07DMGK9G7,,,,,111.0
B07DMH25ZN,,,,,111.0
B07DMHDXDY,,,,,111.0
B07DMJJ8Q1,,,,,111.0
B07DMV6QL3,,,,,77.0
B07DN3D2NX,416.0,,,416.0,416.0
B07DN81ZKS,,,,,679.0
B07DN8P3H5,,,13.0,13.0,
B07DN8Q1RW,,,581.0,,581.0
B07DN8SX5T,,,,,6.0
B07DN9DXNP,1.0,,,,
B07DN9PLNH,,,,,4.0
B07DN9XDRD,,,,3.0,
B07DNCPCGV,,,125.0,125.0,125.0
B07DNDNKX1,7.0,,,,
B07DNH7F83,,,,,5.0
B07DNL1SLP,1047.0,,,1047.0,1047.0
B07DNLJ2SS,,1047.0,,,1047.0
B07DNMKNVH,1047.0,,1047.0,1047.0,1047.0
B07DNVD2ZH,275.0,,,275.0,275.0
B07DNXTGMR,,,2168.0,2168.0,2168.0
B07DNYDZKT,,,,115.0,115.0
B07DP89N35,,,,,45.0
B07DPJXNDY,,50.0,,,50.0
B07DPKCPWF,,,50.0,,50.0
B07DPLMYRH,182.0,,,,182.0
B07DPMK9LV,,,,,13.0
B07DPN7CG6,,,,,5.0
B07DQ9B49R,1410.0,1410.0,1410.0,1410.0,1410.0
B07DQFDPRB,,,84.0,84.0,84.0
B07DQHQB77,,,,3.0,
B07DQJ8S45,,,,,136.0
B07DQLZL7Q,,,,159.0,159.0
B07DQQH8LL,13.0,,,13.0,
B07DQTC9PR,,,,19.0,19.0
B07DRB865Y,,3.0,,,
B07DRFPR9X,,,,,130.0
B07DRFZVZ4,,,,,4.0
B07DRK67VT,,,,2.0,
B07DRKNJJQ,,,,,4.0
B07DRMB8D2,,,181.0,,181.0
B07DRQVK3P,,,,,1862.0
B07DRZ8166,95.0,95.0,,95.0,95.0
B07DS3BR1M,,95.0,,,95.0
B07DS6Z3XB,,,,,95.0
B07DS7VJLC,95.0,,,95.0,95.0
B07DSCXYQG,60.0,,,,60.0
B07DSFLXDY,,15.0,,,15.0
B07DSGT13Q,,,,,1.0
B07DT3S7DJ,,,,,78.0
B07DTVYVZM,4463.0,,,,
B07DTX9P8T,,4463.0,,,
B07DTXCCNF,,,,4463.0,
B07DTXPFN8,,,,,4463.0
B07DTY3R17,4463.0,,,,4463.0
B07DTYWZF2,4463.0,,4463.0,,
B07DTZ7SBJ,4463.0,,,,
B07DTZN6PG,,,,,3.0
B07DV16FJW,4463.0,,,,4463.0
B07DV195JB,4463.0,4463.0,,,4463.0
B07DV25R4P,4463.0,,,,
B07DV2FNT2,4463.0,,,,4463.0
B07DV2JN1X,,,4463.0,,
B07DV2RMHM,,,,4463.0,4463.0
B07DV3NZBW,4463.0,,,,
B07DV4PYCS,4463.0,,4463.0,4463.0,4463.0
B07DV5BN7V,,,4463.0,,
B07DV5DQZQ,4463.0,,,,4463.0
B07DV5FQC1,,,,,4463.0
B07DV5HWFY,,,,,4463.0
B07DV5J32W,,,,,4463.0
B07DV6LXKN,,,,176.0,176.0
B07DV7S3HQ,,4463.0,,,4463.0
B07DV7S86R,4463.0,4463.0,,,
B07DV8FTWP,4463.0,,,,
B07DVCSCP5,,,,9.0,
B07DVDQZ8C,4463.0,,,,
B07DVFXHZD,,13.0,,,13.0
B07DVGGS5X,,,,78.0,78.0
B07DVGZR1C,,,161.0,161.0,161.0
B07DVK9SNM,648.0,,648.0,648.0,648.0
B07DVV2HMJ,,,,,4463.0
B07DVV8B42,4463.0,4463.0,,4463.0,4463.0
B07DVWTY7N,,,,,155.0
B07DW3F9NP,,68.0,68.0,,68.0
B07DW3Z3FM,12.0,,,,12.0
B07DW5ZVMJ,305.0,,305.0,305.0,
B07DWLYVK7,,,,,60.0
B07DX146R6,1463.0,1463.0,1463.0,1463.0,1463.0
B07DXCY7D8,,,,,20.0
B07DXKRQ4D,,,,44.0,44.0
B07DXR4LKG,,,,,8.0
B07DXS9Z3K,571.0,,,571.0,571.0
B07DY122SN,21.0,,,,21.0
B07DY7BGXP,,,,,36.0
B07DYG19NG,,,,56.0,56.0
B07DYHYPVN,,,,,287.0
B07F11V72L,608.0,608.0,,608.0,608.0
B07F19M2LF,1.0,,,,
B07F1YTV5T,1.0,,,,
B07F1ZW4CC,338.0,,338.0,,338.0
B07F24XNHY,62.0,,,62.0,
B07F256LQH,,,,20.0,
B07F27DJKS,,,63.0,,
B07F287G15,39.0,,,,
B07F28RJ32,,,,156.0,156.0
B07F29BQXZ,,,33.0,,
B07F2JLNW8,,,,,23.0
B07F2QZ368,222.0,,,,
B07F34ZKFN,,,,,6.0
B07F384DF2,,,,224.0,224.0
B07F39XZWL,709.0,,,709.0,709.0
B07F3C3QHQ,,,,,15.0
B07F3GSZPH,,114.0,,,114.0
B07F3HNG2Y,,,,16.0,16.0
B07F3NRKTY,,5.0,,,
B07F3Q18CZ,1106.0,1106.0,1106.0,1106.0,1106.0
B07F3Q5Q7C,,,,9.0,
B07F3WM9CR,,711.0,711.0,711.0,711.0
B07F3ZCF91,,,,,59.0
B07F3ZX6NQ,,,,,34.0
B07F412752,,,,1236.0,1236.0
B07F41YY81,,,,7.0,
B07F5JKXY5,,,,,45.0
B07F5K4YJK,,,,,13.0
B07F5RRBZN,,,,,49.0
B07F63SGFQ,,,,,908.0
B07F63SVMK,,,,908.0,
B07F644KHC,,,,,908.0
B07F645KL5,,,,,908.0
B07F645ZNV,,,,908.0,908.0
B07F64BDWD,,,,,908.0
B07F652BPM,,,,,908.0
B07F65428R,,,,,908.0
B07F662DFZ,,,,,908.0
B07F684BPD,,,,37.0,
B07F68S16Q,,,,,908.0
B07F692KNH,,,,,908.0
B07F6K85KN,55.0,,,,55.0
B07F6RB9M3,,,,,4.0
B07F7169FR,,,,,70.0
B07F72Q69X,,,,19.0,
B07F7GM3GQ,10.0,,,,10.0
B07F7S15V8,,2.0,,,
B07F81K4CV,,,,,373.0
B07F829CXN,244.0,,244.0,244.0,244.0
B07F82GYZ1,178.0,,,,178.0
B07F82ZBNY,,,,,373.0
B07F83V946,,,2168.0,,
B07F84Y1HR,,,373.0,,373.0
B07F8CYY38,,,,22.0,
B07F8D6XXJ,,,,,13.0
B07F8JR1B9,,,,,19.0
B07F8JZ3XJ,,,,19.0,19.0
B07F8K9V89,1366.0,1366.0,1366.0,,1366.0
B07F8NXBXD,3348.0,3348.0,3348.0,3348.0,3348.0
B07F8Q2PL6,108.0,,,108.0,108.0
B07F8QNXWL,,,,,908.0
B07F8RRYDC,,,,,908.0
B07F8V12SL,,,,,908.0
B07F8VTSR6,59.0,59.0,,,59.0
B07F97DX7Q,,,,269.0,269.0
B07F9JT4V6,,,,,27.0
B07F9K89R5,,,41.0,,41.0
B07F9PKR65,16.0,,,,16.0
B07F9VCV19,43.0,,,,
B07FBCQB6X,,,,,35.0
B07FBD4CC2,640.0,640.0,640.0,640.0,640.0
B07FC8F61H,,3750.0,3750.0,3750.0,3750.0
B07FCFN61L,,,,950.0,950.0
B07FCJRKJQ,950.0,950.0,950.0,950.0,950.0
B07FCKF725,950.0,950.0,,,950.0
B07FCN45M9,,,,,709.0
B07FCNYCZX,,,,,31.0
B07FCTNDYF,905.0,905.0,905.0,905.0,905.0
B07FCW9FBT,8.0,,,,8.0
B07FD2YV86,,,,,7.0
B07FD4P4PN,,,,,4.0
B07FD67BY2,,5.0,,,
B07FDBJ7GL,,,,322.0,322.0
B07FDGWRML,,,,,7.0
B07FDJYKY2,335.0,,,,335.0
B07FDKTFBF,,21.0,,21.0,
B07FDPZZ5J,,,,,75.0
B07FDQMK5R,,,,5.0,5.0
B07FDRCXV5,2025.0,2025.0,2025.0,2025.0,2025.0
B07FDYC6N7,58.0,,58.0,,58.0
B07FDYR58F,38.0,,,,
B07FF4K8F5,,,,,32.0
B07FF4RG7X,,,,,28.0
B07FF5MKYQ,,,,3348.0,3348.0
B07FFTG66J,,,,3428.0,3428.0
B07FFTGC8J,,,,,3428.0
B07FFTGC8P,,,3306.0,3306.0,3306.0
B07FFTPYBY,,,3306.0,3306.0,3306.0
B07FFTT5Y3,,,153.0,153.0,153.0
B07FFVZKZY,,,191.0,191.0,191.0
B07FFW61P6,646.0,646.0,,646.0,646.0
B07FFXWH7V,,,,,3428.0
B07FFXWNJN,,,,,3306.0
B07FG26TCD,,,41.0,,
B07FG9NDKC,,,,,4463.0
B07FGC81GR,4463.0,4463.0,,,4463.0
B07FGFYG2Q,317.0,317.0,,317.0,317.0
B07FGG1KGK,,,,,26.0
B07FK2YR82,,,,,16.0
B07FK3GQ2R,,,3306.0,,3306.0
B07FK43H6M,,,,,66.0
B07FK6KV3M,,,,4.0,
B07FKCJ9J5,497.0,497.0,497.0,,497.0
B07FKG1NKJ,,,,,28.0
B07FKNGMV2,,,,38.0,38.0
B07FKWV6ZV,,,,,5.0
B07FL791BN,,,,,31.0
B07FL7LYGQ,24.0,,,,
B07FLFP37T,,,,,9.0
B07FLNZ3VR,1499.0,1499.0,1499.0,1499.0,1499.0
B07FLRYGGG,,,,,75.0
B07FLV518F,,764.0,,764.0,
B07FLZDMMW,2682.0,2682.0,2682.0,2682.0,2682.0
B07FM36W2K,,,,,23.0
B07FM69WNB,,,,27.0,27.0
B07FMCQ637,587.0,587.0,587.0,587.0,587.0
B07FMDFC8Y,,,,50.0,
B07FMGCC88,1063.0,1063.0,1063.0,1063.0,1063.0
B07FMHPPK9,,,,,2.0
B07FMJ4W37,2694.0,2694.0,2694.0,2694.0,2694.0
B07FMK4ZDY,34.0,,,,
B07FMK9L93,,,,699.0,699.0
B07FMRJF5Y,143.0,,,143.0,143.0
B07FMVG6RX,,,,,12.0
B07FN1B1MW,,,,,44.0
B07FN51J6B,,,28.0,,
B07FNCHT39,,1806.0,1806.0,1806.0,1806.0
B07FNDKDHB,,,392.0,,
B07FNJ15HP,,110.0,110.0,,110.0
B07FNJP881,40.0,,,,
B07FNK8Z1J,,,,,236.0
B07FNKR1SH,,,43.0,43.0,43.0
B07FNKRFND,,,,,22.0
B07FNL4L3Y,,,44.0,,
B07FNN9T9V,,,,26.0,26.0
B07FNND5HJ,84.0,,84.0,84.0,84.0
B07FNQBKKW,,,43.0,43.0,43.0
B07FNWP3LW,,8.0,,,8.0
B07FP3H3Z8,,,,,39.0
B07FP5HTCC,,,19.0,,
B07FP7L178,,,9038.0,,9038.0
B07FPDJDSL,,,,,38.0
B07FPHK3QR,,,,,2.0
B07FPL8DQH,21.0,21.0,,,21.0
B07FPR4Z4V,3.0,,,,
B07FQDWZB2,319.0,319.0,319.0,319.0,319.0
B07FQMNWVG,,,,,8.0
B07FQQ95RF,,173.0,173.0,173.0,173.0
B07FQRT6MJ,,,,15.0,
B07FQYKWG7,,,,,43.0
B07FR6Q8PF,,,,,41.0
B07FR7W6CB,,,,,29.0
B07FR85X2F,,,640.0,,640.0
B07FRB3L5D,,,,36.0,36.0
B07FRB9JP4,,,,,20.0
B07FRSVPQZ,57.0,,,,57.0
B07FRTR594,138.0,,138.0,,
B07FSH75ZX,521.0,521.0,521.0,521.0,521.0
B07FSL7L2T,,605.0,605.0,605.0,605.0
B07FSQBD97,,,,,103.0
B07FSYCMHQ,302.0,,,302.0,302.0
B07FTLPTG7,130.0,130.0,,,
B07FTRKDQV,,,,,39.0
B07FTWMRZW,172.0,172.0,,,172.0
B07FTY2LBL,29866.0,29866.0,29866.0,29866.0,29866.0
B07FTYFKGQ,29866.0,,,29866.0,29866.0
B07FVDKP5Y,,,,,324.0
B07FVKD4K1,,,,,208.0
B07FVRWMPL,,,,125.0,125.0
B07FW1J1DT,,,175.0,,
B07FWBQCTF,,,,,10.0
B07FX3Z57V,,,,,60.0
B07FXGBHY9,,517.0,517.0,,517.0
B07FXPWYWF,,,,,70.0
B07FXV96LQ,,,25.0,,25.0
B07FXZYZC2,602.0,,,602.0,602.0
B07FY3252T,,,,,7.0
B07FYCVSPZ,,,,,4.0
B07FYRRZGR,,26.0,,,26.0
B07FYSMXLQ,,,,,25.0
B07FZ5NY41,6846.0,6846.0,6846.0,6846.0,6846.0
B07FZBJKGL,,,,14.0,14.0
B07FZNP82M,,,39.0,,39.0
B07FZVTL9G,2855.0,2855.0,2855.0,2855.0,2855.0
B07G155GWQ,1793.0,1793.0,1793.0,1793.0,1793.0
B07G18PH6W,50.0,,50.0,,50.0
B07G1BQCF7,,40.0,,40.0,40.0
B07G1ZDYJG,,,,,212.0
B07G1ZJZ5L,,,,26.0,
B07G25GPYB,258.0,258.0,258.0,258.0,258.0
B07G27L77H,,,,,33.0
B07G2FJM4D,17.0,,,,
B07G2L31KR,,,,,650.0
B07G2P229C,,,51.0,51.0,51.0
B07G2SBH72,51.0,51.0,,,51.0
B07G2SMN2Q,,51.0,,,51.0
B07G2VSBT5,,,,,51.0
B07G2WJXWP,51.0,,,51.0,
B07G2X883W,91.0,,,,
B07G31ZJKQ,1098.0,,,,1098.0
B07G322HKR,,,,,1098.0
B07G32BXM6,,,,,39.0
B07G34WCKD,,,1189.0,1189.0,1189.0
B07G36S6XW,,,,82.0,82.0
B07G37P73Q,,,,3.0,
B07G3JJPWR,,,,,223.0
B07G3Y1T8X,,,,,27.0
B07G41R3M9,205.0,,,,205.0
B07G42LPGX,42.0,,,,
B07G448D89,,29.0,,,
B07G44L73W,,,,,14.0
B07G45RPBJ,112.0,,,,112.0
B07G45TF24,537.0,537.0,537.0,537.0,537.0
B07G47Y1DR,,,,,13.0
B07G4D6W4Y,,,625.0,625.0,625.0
B07G4H3LD2,,,,,20.0
B07G4K6C3C,,,,,40.0
B07G4QBFB9,,,975.0,,975.0
B07G4TT2SW,,,,,650.0
B07G4WD1DC,429.0,,,429.0,429.0
B07G5DZPJH,,,,,312.0
B07G5RQQYR,419.0,,419.0,,
B07G5RXFR8,,419.0,,419.0,419.0
B07G5WWYWF,,,39.0,,
B07G6QLQ9L,,,232.0,232.0,232.0
B07G6SJ353,3.0,,,,
B07G6Y77DC,182.0,,,182.0,
B07G7118T2,203.0,,,,203.0
B07G72YPJK,184.0,,184.0,,184.0
B07G74NPK4,,,,,133.0
B07G7X1BS6,,,,3.0,
B07G7YY46D,,27.0,,,27.0
B07G84M2NR,566.0,566.0,566.0,566.0,566.0
B07G88BRF7,,,,,10.0
B07G88ZPWR,,,,10.0,
B07G8CCKW9,18.0,,,,
B07G8QC2QX,,,,,5.0
B07G8SCKMJ,,,,,1035.0
B07G8VNCCM,59.0,,59.0,,59.0
B07G8ZTTRS,,,,,4.0
B07G91B4QX,1656.0,1656.0,1656.0,1656.0,1656.0
B07G91BMVL,87.0,,87.0,87.0,87.0
B07G93F5MY,,,,,6.0
B07G988ZQN,,,,306.0,306.0
B07G9H5DLM,,6.0,,,6.0
B07G9HNLG3,67.0,,,67.0,67.0
B07G9MN4MC,,,,,227.0
B07G9WY5S2,,229.0,229.0,,229.0
B07G9Y9F3G,9.0,,,,
B07G9ZHG41,63.0,63.0,63.0,63.0,63.0
B07GB2QFNQ,,,,,12.0
B07GBB372P,199.0,,199.0,,
B07GBFGNBK,,,,,93.0
B07GBGRZY6,,29.0,,,29.0
B07GBH1SL3,,,,,29.0
B07GBH4JBW,,,29.0,,
B07GBHLVTY,,,,29.0,29.0
B07GBHV1ZB,,,,,29.0
B07GBJD5TF,,,,,29.0
B07GBJFM4H,29.0,,,,29.0
B07GBJNX8M,,,,,29.0
B07GBJQCDY,,,29.0,,
B07GBK1YF6,,,,29.0,29.0
B07GBK3YMG,,,,,29.0
B07GBK9MNJ,29.0,,,,
B07GBKK4VF,,,,,29.0
B07GBP7S7M,,,,,7.0
B07GBQ11LH,,,,,8.0
B07GBTWN2W,,396.0,396.0,,396.0
B07GC3BV3H,,,,,14.0
B07GC5NHD6,423.0,423.0,423.0,423.0,423.0
B07GC9VRXH,22.0,,,,
B07GCB4WDZ,,,,867.0,
B07GCBTVB2,,,,,129.0
B07GCBYXKK,144.0,,144.0,144.0,144.0
B07GD24BRZ,292.0,,,,292.0
B07GDB76YR,6.0,,,,6.0
B07GDBJ177,,,,20.0,
B07GDFLDS6,,,,,235.0
B07GDQV9RQ,92.0,,,,92.0
B07GDRN7YM,11740.0,11740.0,11740.0,11740.0,11740.0
B07GDS1V9P,,,,,41.0
B07GDS5YG9,,,,48.0,48.0
B07GF3GJHY,,,,,279.0
B07GF8Q5R8,386.0,,,386.0,386.0
B07GFC8WCT,2727.0,,2727.0,2727.0,2727.0
B07GFCFXKR,,,,,11.0
B07GFGV1PN,,,,,94.0
B07GFZFMXP,,183.0,,,183.0
B07GGPV577,,8.0,,,8.0
B07GGR7PT1,,,,,60.0
B07GH2B41M,,,,92.0,92.0
B07GJ5FP9L,,,,,1.0
B07GJ62G5X,1.0,,,,
B07GJ87YJ9,,,,,218.0
B07GJ9CP7M,,,7.0,,7.0
B07GJ9F8GL,,189.0,189.0,189.0,189.0
B07GJ9H717,,,,,218.0
B07GJF6WP6,,,,,14.0
B07GJFPD3F,,38.0,,,
B07GJJ4GM5,,21.0,,,
B07GJJSTQM,,26.0,,,
B07GJTLB1V,,,,,2.0
B07GK1QNWK,,,,,28.0
B07GL4X3YN,,,,,289.0
B07GL4YGBN,,,,,22.0
B07GL5J98J,,,,456.0,456.0
B07GL65B7Z,,1686.0,1686.0,1686.0,1686.0
B07GL6XL6N,,,283.0,283.0,283.0
B07GLFBYV3,,,,,1.0
B07GLG2RFJ,146.0,146.0,146.0,,146.0
B07GMJCVYF,,910.0,910.0,,910.0
B07GMMLX48,,,,11.0,
B07GN9917F,,,,,205.0
B07GNBB46G,,,,,64.0
B07GNCT6YV,,41.0,,,41.0
B07GND77RP,,,,,83.0
B07GNH6DSL,40.0,,,,
B07GNKT9K4,37.0,37.0,,37.0,37.0
B07GNMN9V2,,,,,401.0
B07GNQ66NW,401.0,401.0,401.0,,401.0
B07GNQYZR1,,,401.0,401.0,401.0
B07GNT4XPZ,,,,22.0,
B07GNZWPRZ,,,,,2.0
B07GPH7SXS,,,,,8.0
B07GPNC2RG,1467.0,1467.0,1467.0,1467.0,1467.0
B07GPPBW4V,181.0,181.0,181.0,,181.0
B07GPX5Y2C,,,16.0,,
B07GQCQY14,,24.0,24.0,,
B07GQK27CB,39.0,,,39.0,39.0
B07GQVF9NY,1558.0,,1558.0,1558.0,1558.0
B07GQY4Q45,,67.0,,67.0,67.0
B07GQYFG7V,,,9.0,,
B07GQZHVGC,385.0,385.0,385.0,385.0,385.0
B07GR3MFFM,392.0,,,,392.0
B07GR55LGH,621.0,621.0,621.0,621.0,621.0
B07GR6S12G,,,,,245.0
B07GR7L1WZ,126.0,126.0,126.0,,126.0
B07GR7LLNK,3248.0,3248.0,3248.0,3248.0,3248.0
B07GR847L9,,,,,14.0
B07GR9PB4J,268.0,268.0,268.0,,268.0
B07GRF5742,,17433.0,17433.0,17433.0,17433.0
B07GRG5GT2,333.0,,,333.0,333.0
B07GRK3ZM3,,,,,48.0
B07GRMCSHV,,1005.0,,1005.0,1005.0
B07GRPP5KZ,166.0,,,,166.0
B07GRRZ24K,,,,,50.0
B07GS55H9L,,,,,7.0
B07GS67QGL,317.0,317.0,317.0,317.0,317.0
B07GSCVDR9,,,,25.0,
B07GSG4QWT,,,167.0,,167.0
B07GSW521W,,,,,52.0
B07GSW74RJ,,,349.0,,349.0
B07GSYM5HS,1129.0,1129.0,1129.0,1129.0,1129.0
B07GSZTH4T,,,,,8.0
B07GTSWC47,,,,,30.0
B07GTSZBFX,43.0,,,,
B07GTW2T8W,,,,224.0,224.0
B07GV97QPX,,,,339.0,339.0
B07GV9RKLS,339.0,,339.0,339.0,339.0
B07GVC3LT9,,,,,6.0
B07GVC3Y6H,,,,,5.0
B07GVC9L84,,46.0,46.0,,46.0
B07GVDTFZY,,,,,2.0
B07GVF1R3B,,,,,2.0
B07GVFCW5M,1368.0,1368.0,1368.0,1368.0,1368.0
B07GVL3X5B,,,,539.0,539.0
B07GVV7JNP,,,,,120.0
B07GXGF49J,,,,,12.0
B07GXHHXZQ,,159.0,,159.0,
B07GXHWWFT,191.0,191.0,191.0,191.0,191.0
B07GXJY3XP,,,191.0,,191.0
B07GXQPBDK,,,,,2.0
B07GXWZ5QC,,,,22.0,22.0
B07GXYR8T9,,149.0,,149.0,149.0
B07GXYWGR8,,,,21.0,
B07GXZ49DY,,,,567.0,567.0
B07GXZBRFK,,,,,149.0
B07GY1XXRS,,,,,567.0
B07GYSYPMF,,,,2429.0,2429.0
B07GYTSDRV,503.0,503.0,503.0,503.0,503.0
B07GZ8G513,110.0,,,110.0,110.0
B07GZJ8MSF,,,,,27.0
B07GZJPF61,,,,,14.0
B07GZKBRLG,,,,,643.0
B07GZMHRJY,,638.0,638.0,638.0,638.0
B07GZMT8ZM,,,16.0,,16.0
B07GZPZLWJ,,,,16.0,
B07H116RQ8,,,4.0,,
B07H14B22M,,283.0,,,283.0
B07H17NWL9,,,,1346.0,
B07H1DHT81,1346.0,1346.0,1346.0,1346.0,1346.0
B07H1FP92C,22.0,,,,
B07H2CHLGT,5376.0,5376.0,5376.0,5376.0,5376.0
B07H2W8GWC,,,,,38.0
B07H2W8TD1,,,,,2.0
B07H2YPKQQ,,,,,3.0
B07H366GZT,,,,,33.0
B07H3DF1PJ,,,224.0,,224.0
B07H3HLW6M,224.0,,,,224.0
B07H3HX2V9,,,15.0,,15.0
B07H3K8CN6,,,,,134.0
B07H3TPPCF,31.0,,,,
B07H3WT7SW,1871.0,1871.0,1871.0,1871.0,1871.0
B07H4FP6T4,,344.0,,344.0,344.0
B07H4FQJ1D,,,5.0,,
B07H4GFLRB,,13.0,,,13.0
B07H4MZVSF,,,,,18.0
B07H4Z4QC7,,,,,11.0
B07H54L6QN,,,33.0,,
B07H54M5FX,,,,33.0,33.0
B07H55BXH2,,,,,35.0
B07H56Y95R,,,56.0,,
B07H579NPP,,,,,99.0
B07H5919JM,,1083.0,,1083.0,1083.0
B07H59529Z,,,1083.0,1083.0,1083.0
B07H59XY89,,1083.0,1083.0,1083.0,1083.0
B07H5BM33F,,,1083.0,1083.0,1083.0
B07H5CFCRF,,,,14.0,
B07H5H8RPH,,,,,5376.0
B07H5K98HD,,,5376.0,,
B07H5KJXBH,,,,164.0,164.0
B07H5LQC1M,,,,,1305.0
B07H5LQCM5,,,,1305.0,
B07H5M3R9B,5376.0,,,,5376.0
B07H5NYBTG,,,10.0,,
B07H5SLZ1J,,,,1305.0,1305.0
B07H5TMQXM,,,,1305.0,1305.0
B07H5X4VLP,,,,1305.0,
B07H5YRQXL,,,,1305.0,1305.0
B07H685YBV,,,,,17.0
B07H69QWXM,,,,,34.0
B07H6CDH4F,,,36.0,,
B07H6F15YZ,,,,,6.0
B07H6HR8VY,49.0,,,49.0,
B07H6J2T3H,1101.0,,1101.0,1101.0,1101.0
B07H6K7MCF,,,,208.0,
B07H6Y6Q32,5833.0,5833.0,,,5833.0
B07H72GLKY,5833.0,5833.0,5833.0,5833.0,5833.0
B07H72K5SH,,,5.0,,
B07H72NZGC,239.0,,,,239.0
B07H7886H7,,,,417.0,417.0
B07H799SLP,917.0,917.0,917.0,917.0,917.0
B07H7HY7K1,28.0,,,,
B07H7J3XVV,385.0,,,,385.0
B07H7JQKRP,304.0,,304.0,304.0,304.0
B07H7JZW77,,,,,15.0
B07H7N9M4Q,,,,,21.0
B07H7SYWK8,,,234.0,,234.0
B07H82Z4CS,,,,,7.0
B07H83LKQH,114.0,,,,
B07H8HJLQ7,,,,,31.0
B07H8LV5WX,,,9.0,,9.0
B07H8SV2VB,,,,,8.0
B07H8TJKNQ,35.0,,,,35.0
B07H8TKQJN,,,,,16.0
B07H9234KK,956.0,,956.0,956.0,956.0
B07H93BVKD,,,,,7.0
B07H983K3S,,68.0,,,
B07H9941YM,68.0,,,,
B07H99H7T5,,,,,184.0
B07H9CLFY5,,,123.0,,
B07H9DX7TQ,,,,123.0,123.0
B07H9F51YG,,,,123.0,123.0
B07H9F6NSJ,,,,,7.0
B07H9GL5RQ,,,,,5422.0
B07H9NMQSG,,,,,32.0
B07H9RJDYZ,,,,361.0,
B07HB83CFK,,,1247.0,1247.0,1247.0
B07HBBJYXX,,,,,140.0
B07HBBLL7D,,,,140.0,140.0
B07HBCDW97,,,,,27.0
B07HBDTLRD,,,,43.0,43.0
B07HBMDH47,75.0,,,,75.0
B07HBYV97R,,,,,77.0
B07HCB3ZJW,,,,,8.0
B07HCFQJGH,89.0,89.0,,89.0,89.0
B07HCKYNCJ,5011.0,5011.0,5011.0,5011.0,5011.0
B07HCRXJ4K,,,,40.0,
B07HCSXJT8,,107.0,,,107.0
B07HCWXGVM,,,10.0,,
B07HCZ6NTB,,,1.0,,
B07HD7H892,8.0,,,,
B07HDBYNVG,,,,,66.0
B07HDPH97K,,,,2912.0,2912.0
B07HDYWS5R,,79.0,79.0,79.0,79.0
B07HF478DQ,,,,,58.0
B07HF4FTCP,1781.0,1781.0,1781.0,1781.0,1781.0
B07HF55JNN,668.0,668.0,668.0,668.0,668.0
B07HF6S8XW,,,,,34.0
B07HFP7P9V,,,,,133.0
B07HFPHK9Y,50.0,,,,50.0
B07HFQFLYB,,,24.0,,
B07HFWDCK1,,,,,11.0
B07HG31M43,1256.0,,1256.0,1256.0,1256.0
B07HG75WM2,,3.0,,,
B07HGC8YWX,,,,,10.0
B07HGMB81M,,,17.0,,
B07HGVPMSN,,,,238.0,
B07HH316LR,3.0,,,,
B07HHFKVMT,75.0,,,,75.0
B07HHHTNL3,75.0,,,75.0,75.0
B07HHV4LL1,,,,,1.0
B07HHXKGP8,,,,,33.0
B07HHZ8M7F,500.0,500.0,500.0,,500.0
B07HJ16WJD,1.0,,,,
B07HJ2SJCV,,,,23.0,
B07HJ3D7WX,,14.0,14.0,14.0,
B07HJ4F828,,,,46.0,46.0
B07HJ7P3F7,,,,,11.0
B07HJTG5XR,,,,,19.0
B07HJTKCBN,,101.0,101.0,,
B07HJVP8XZ,,,,,19.0
B07HK1VKM1,11674.0,11674.0,11674.0,11674.0,11674.0
B07HK3LB6S,,,,,157.0
B07HK3ZRN9,,117.0,,,
B07HKLLMKH,,,,,77.0
B07HKNKM3M,2.0,,,,
B07HKVDPCS,,,,3.0,3.0
B07HKY92XN,,,,,3.0
B07HL152TC,,,,,50.0
B07HL2NMFT,,,,7.0,
B07HL6GN9R,,,,,30.0
B07HLB8LGX,,,,,10.0
B07HLBZDD8,,,,,49.0
B07HLD6Z35,,,,,28.0
B07HLGCQTF,,,,16.0,
B07HLSXGJB,,,,,3.0
B07HM97PB1,,,,,29.0
B07HMB6TV6,,,,,29.0
B07HMGHNVL,,,,,14.0
B07HMGML61,,,,,29.0
B07HMGR72H,,,,,22.0
B07HMPYCPD,,,298.0,,298.0
B07HMQWCYH,,,,,11.0
B07HMRDYJJ,1.0,,,,
B07HMS8QVP,,,,,301.0
B07HMSBZL4,,,,,14.0
B07HMSRFZ8,74.0,,,,
B07HMTQJG6,2.0,,,,
B07HMVCJ7X,,,,428.0,
B07HMWYDQV,,,7.0,,7.0
B07HMXPZKN,149.0,149.0,149.0,149.0,
B07HMZ43DD,,,,,428.0
B07HN8PXKH,,,,,13.0
B07HNQRLC4,47.0,,,,47.0
B07HNSXY37,,,21.0,,
B07HNYRRJX,,,61.0,61.0,61.0
B07HP9BZJZ,,,,,1.0
B07HQCYSSP,,,,,562.0
B07HQGLHKX,,11.0,,,
B07HQHZ7FV,,,,,56.0
B07HQJDZJQ,,,,,73.0
B07HQPJGLB,,,,2.0,
B07HQQC2GW,27.0,,,,
B07HR2B8FL,229.0,,,229.0,229.0
B07HR2BZCM,,,249.0,,249.0
B07HR872SW,33.0,,,,
B07HR9VYH5,,,9.0,,
B07HRCFY8Y,,,,,3.0
B07HRJ4M5M,,,,,3.0
B07HRK41SN,,,,97.0,97.0
B07HRLKJSQ,128.0,,,,128.0
B07HRLX41M,60.0,,60.0,60.0,60.0
B07HRMS4ZL,,,,,78.0
B07HRPPRVT,,,,,37.0
B07HRQFWFY,,364.0,364.0,364.0,364.0
B07HST5W2N,3.0,,,,
B07HSX17MW,,,,,13.0
B07HT8P2WT,181.0,,181.0,,181.0
B07HVCCDJL,,,,,28.0
B07HVCYM4C,,,,32.0,32.0
B07HVFCK5N,,412.0,412.0,,412.0
B07HVNG8KG,,,,9.0,
B07HVRD6K5,,174.0,,174.0,174.0
B07HVT9V4P,,14.0,,,
B07HVTBXMH,1883.0,1883.0,1883.0,1883.0,1883.0
B07HWPN4FQ,,189.0,189.0,189.0,
B07HXM1FQS,,,75.0,,75.0
B07HY3ZPV4,,,,,11.0
B07HY63DWP,1047.0,,1047.0,1047.0,1047.0
B07HY7FVNV,,,,,2.0
B07HYSXTKP,,,4.0,,4.0
B07HZ39DTG,609.0,609.0,609.0,609.0,609.0
B07HZSDH7W,,,70.0,70.0,70.0
B07HZYFFWS,,,,,225.0
B07J19QN5G,,,16.0,,
B07J1N52R8,,569.0,,,569.0
B07J1NKMP7,,,3994.0,,3994.0
B07J1Y35RP,,3994.0,3994.0,3994.0,3994.0
B07J1Y6P8K,569.0,,,,569.0
B07J1YC3ZH,,569.0,,,569.0
B07J1YHK6H,,,,,569.0
B07J1Z5LN4,,569.0,,,569.0
B07J1ZLM56,,,,,3994.0
B07J215L35,,,,,3994.0
B07J21BR6X,,,,,3994.0
B07J23NQN4,,,,,95.0
B07J23T2MB,,,,,7.0
B07J2C5PFW,53.0,,,,53.0
B07J2CQ4NZ,,443.0,,,443.0
B07J2D8F6P,443.0,,,,443.0
B07J2W4TTF,211.0,,,211.0,211.0
B07J2W6BCP,,,,,9.0
B07J45V298,,,,,10.0
B07J464NLM,,,,93.0,93.0
B07J46MM6L,,,,910.0,910.0
B07J46QSLK,,,78.0,,78.0
B07J46WZL9,,,,,18.0
B07J478WZ6,,,120.0,,120.0
B07J48H5V4,,,,,8.0
B07J4F7DDT,,4855.0,4855.0,4855.0,4855.0
B07J4J7JBM,,,1.0,,
B07J4JHDH2,919.0,919.0,919.0,919.0,919.0
B07J4LRHSV,,,,,23.0
B07J4N9JZK,,,263.0,,263.0
B07J4VSZ3L,,,150.0,,150.0
B07J5D9B7G,,285.0,,,285.0
B07J5HQC4T,108.0,,108.0,108.0,108.0
B07J5JSB3P,,114.0,114.0,114.0,114.0
B07J5SDGRG,241.0,241.0,241.0,241.0,241.0
B07J5Y9MH9,,,,,31.0
B07J69PPJB,,,179.0,,179.0
B07J6BYKPG,340.0,340.0,340.0,340.0,340.0
B07J6P5DBR,5370.0,,5370.0,5370.0,5370.0
B07J6Q6W81,,,,,2.0
B07J6S9RKW,57.0,,,,57.0
B07J9JYV16,,,,,15.0
B07J9PCLLN,,75.0,75.0,75.0,75.0
B07J9QLFKC,,,,,418.0
B07J9R88DZ,,,,,13.0
B07J9SDM8C,,1.0,,,
B07J9W9SK7,284.0,284.0,284.0,,284.0
B07JB6QTT3,180.0,,180.0,,180.0
B07JB8L1YS,,,,,11.0
B07JB9XM1W,,,,71.0,
B07JBK93LN,,,50.0,,
B07JBKFVBZ,,,,,130.0
B07JBKY8NV,,,,,4.0
B07JBLQY4Y,,,,,10.0
B07JBM42FM,,,,,9.0
B07JBRS2F2,284.0,,284.0,284.0,284.0
B07JBXFPJJ,,,,,9.0
B07JC1GCJV,,,,457.0,457.0
B07JC1QLZP,,3731.0,3731.0,3731.0,3731.0
B07JC3884M,,,,35.0,35.0
B07JC445CH,,,,220.0,220.0
B07JC9DW5G,,,24.0,,
B07JC9TMQT,,,94.0,,94.0
B07JCG52FT,910.0,910.0,910.0,910.0,910.0
B07JCGTD96,,,,,220.0
B07JCJBH54,156.0,,,156.0,
B07JCMWY7X,290.0,,290.0,,290.0
B07JCNYBKY,,,,,25.0
B07JCXGF3H,,,,,39.0
B07JCZXFYR,,,,,67.0
B07JD4J7ZR,,,,4.0,
B07JD6MX53,,,,457.0,457.0
B07JD7YZHV,,,,,67.0
B07JDBV2J8,,,,,4.0
B07JDW59NS,,,19.0,,
B07JF1KDL1,,,,,153.0
B07JF8XBG7,,,,,11.0
B07JFCNMRW,,,,,2161.0
B07JFKRG18,156.0,156.0,156.0,156.0,156.0
B07JG2JPT2,1.0,,,,
B07JG3PCXV,6.0,,,,
B07JG98WGV,688.0,688.0,,688.0,688.0
B07JGDFK7L,,,17.0,,
B07JGH6C3K,,,,22.0,22.0
B07JGLSDKY,386.0,386.0,386.0,386.0,386.0
B07JGMJTKX,49.0,,,,49.0
B07JGSWXR5,,,,,119.0
B07JGSZKZJ,,,,,119.0
B07JGVHD4H,,,23.0,,
B07JH5FVGV,,,,,153.0
B07JHB2KZ5,,,,96.0,
B07JHC2GGB,110.0,,,,110.0
B07JHFL6FM,,,,,4.0
B07JHMQ1PJ,,,26.0,,
B07JHP974Z,,,,17.0,
B07JHPFNPL,,,,,109.0
B07JJ96KBD,,,23.0,,
B07JJC5VRX,191.0,,,,191.0
B07JJNLDMN,,124.0,124.0,,124.0
B07JJXR7LG,,229.0,229.0,229.0,229.0
B07JJZMBVG,,,,,323.0
B07JK1KMYK,,,25.0,,25.0
B07JK2GJPS,,,,,16.0
B07JK5Q8SX,62.0,62.0,,,
B07JKC9D3Q,,,,,6.0
B07JKJCRCC,,,,22.0,
B07JKVXCP6,,,13.0,,13.0
B07JKXXY53,93.0,,,,93.0
B07JKZ4CFL,220.0,,,,220.0
B07JL4P5JC,,,,,30.0
B07JL64R5V,160.0,160.0,,,
B07JLFY6ZZ,,,168.0,,168.0
B07JLFYSNJ,,,,,20.0
B07JLT2Z65,30.0,,,30.0,30.0
B07JM3GB5R,2.0,,,,
B07JM3JW4J,,,,15.0,
B07JM52B4V,,,308.0,308.0,308.0
B07JM53NJH,,,,,3.0
B07JM59R5F,,,,,55.0
B07JMHHKYQ,,,,,20.0
B07JMNY68V,,,,,1.0
B07JMRCZXT,,,79.0,79.0,79.0
B07JMVC2PY,1011.0,1011.0,1011.0,,1011.0
B07JMXHYNS,,,20.0,,
B07JMYM43Z,,,,,6.0
B07JN13TPW,8.0,,,,
B07JN1TZK5,,,,,11.0
B07JN2NM4K,,,,,5.0
B07JN38MKB,,,,59.0,59.0
B07JN3MJ8Y,,,,,4.0
B07JN56DWP,,,2.0,,
B07JN6VN1P,177.0,,,177.0,177.0
B07JN73DDF,,,,,20.0
B07JN9HWLZ,,,,294.0,294.0
B07JN9KYPC,74.0,,74.0,74.0,
B07JNGMSNY,6.0,,,,
B07JNHBRR7,,,,,79.0
B07JNPF4CR,94.0,,,,94.0
B07JP152YP,,,,,6.0
B07JP6FS73,78.0,78.0,,78.0,78.0
B07JP9FGDN,453.0,,,,453.0
B07JPCF24C,,,,,22.0
B07JPH6P39,,176.0,,,176.0
B07JPJZCSB,,,86.0,86.0,86.0
B07JPK6FDB,,,75.0,,75.0
B07JPZZCXC,78.0,,,78.0,
B07JQ3CHFK,,,,,104.0
B07JQ7BM9V,,,,,15.0
B07JQCWZGR,,,,161.0,161.0
B07JR573L5,,,,110.0,110.0
B07JR7FZ19,,,159.0,,159.0
B07JRFF8F3,,166.0,,166.0,166.0
B07JRFG629,,,,,9.0
B07JV8LBPC,,20.0,,,20.0
B07JV9LP5Q,,,,,19.0
B07JVDCNXH,,,,,4855.0
B07JVHC41H,2.0,,,,
B07JVMCRX8,284.0,284.0,284.0,284.0,284.0
B07JW438N9,3306.0,3306.0,3306.0,3306.0,3306.0
B07JWB19QB,,,,,5.0
B07JWHGSHV,,,,,26.0
B07JWJGMJV,,,,,6.0
B07JX4YTC3,,,,26.0,26.0
B07JX7Z4VH,9.0,,,9.0,
B07JX8KN4J,55.0,55.0,55.0,,
B07JXBHZL7,,,3.0,,
B07JXYM23R,,,,,6.0
B07JYGRH1T,,,,,121.0
B07JYVRD71,6.0,,,,
B07JYVXNS6,,,,,616.0
B07JYYX6CP,,18.0,,,18.0
B07JYZ7VFS,95.0,95.0,,,
B07JZ4ZDQB,52.0,52.0,,,
B07JZ6W5C4,,,,41.0,41.0
B07JZDWH91,,,30.0,,30.0
B07JZF566V,,,,,30.0
B07JZF8HRJ,,,,,79.0
B07JZHFNNV,,,11.0,,
B07JZQFWNW,2593.0,2593.0,2593.0,2593.0,2593.0
B07K1DCVSF,,,,,112.0
B07K1FQJNC,,,,,55.0
B07K1RTTNG,,,,,3.0
B07K1WGWNR,,,,513.0,513.0
B07K24YL9S,,,,9.0,
B07K256DXB,9.0,,,,
B07K263WHT,,,,141.0,141.0
B07K26RMN6,,,,,9.0
B07K27NYXY,,,,,47.0
B07K2FLV8V,75.0,,75.0,75.0,75.0
B07K2TB2JY,,,,,22.0
B07K33PQH9,,,,,15.0
B07K33QLFV,,242.0,,,242.0
B07K34DQPM,,,,,41.0
B07K37Q97Z,,,,8.0,
B07K3PGJXN,,,,,36.0
B07K3S6MVM,,49.0,,49.0,49.0
B07K3Y82JB,,,,,2.0
B07K41ZS23,89.0,89.0,,89.0,89.0
B07K43JRWH,,,,,403.0
B07K4741BW,,,89.0,,
B07K4HGZC8,,,,8.0,
B07K4VT2SG,,,8.0,,
B07K4X12SF,,,,,91.0
B07K4YFGBK,,,,,13.0
B07K55D3MC,,,523.0,,523.0
B07K5RD185,,499.0,,,499.0
B07K5VNFTD,70.0,,,,70.0
B07K5ZFBSR,,,,,45.0
B07K6GQ367,,,,,21.0
B07K6H6WP8,,,21.0,,
B07K6KF43C,,,451.0,451.0,451.0
B07K6QGN8W,,,,,9.0
B07K6QVJV6,,,,,8.0
B07K6S7P2G,19.0,,,19.0,
B07K79ZPWX,,,,,5.0
B07K7FBKQS,589.0,589.0,589.0,589.0,589.0
B07K7JH7RR,,,,,92.0
B07K7KFBBS,,,,113.0,113.0
B07K7SDZSC,40.0,40.0,,,40.0
B07K7TV56T,,,,,7.0
B07K7TW8WL,12.0,,,,
B07K7XGF9R,,,,,955.0
B07K7Y3YCP,,,,,955.0
B07K7YH3PJ,,,,955.0,
B07K7YSVH3,,,8.0,,8.0
B07K7ZFK3K,,,955.0,,955.0
B07K83TT7N,232.0,,,,232.0
B07K88J8LX,364.0,364.0,364.0,,364.0
B07K88YN97,251.0,,251.0,251.0,251.0
B07K8BZF88,,11.0,,,11.0
B07K9DCC54,104.0,,104.0,104.0,104.0
B07K9J7P8T,,,,,28.0
B07K9JT5YB,,,,40.0,40.0
B07K9Q3HPS,,,,,263.0
B07KB3J49T,,,,,4.0
B07KB7F9XQ,,,,,49.0
B07KBF3HCX,,,6.0,,
B07KBG6D6P,,,,,49.0
B07KBTSY8H,,1203.0,1203.0,1203.0,1203.0
B07KC9T27Y,,140.0,,,140.0
B07KCB9RBV,,,,,878.0
B07KCM3QB4,,,315.0,315.0,315.0
B07KCQ6CS9,,,,,6.0
B07KCQR5CG,,,,,6.0
B07KCTC456,,,,16.0,
B07KD292FS,,,8.0,,
B07KD98PBL,28.0,,,,
B07KDB7DJF,,,,,97.0
B07KDYTGPX,3977.0,3977.0,3977.0,3977.0,3977.0
B07KF8QKW2,,,,4841.0,4841.0
B07KF92XN9,4841.0,4841.0,4841.0,4841.0,4841.0
B07KFJZC6R,,,,,27.0
B07KFMWW9J,,,,,53.0
B07KFN67BY,27.0,,,,27.0
B07KFZ7H4G,199.0,,199.0,,199.0
B07KFZJNGP,,169.0,,,169.0
B07KG25KLF,,199.0,,,199.0
B07KG4YXT9,,,,263.0,
B07KG5245M,,,,,263.0
B07KG65DX7,,,,,1.0
B07KG7BNC3,,,,,5.0
B07KGJB3GT,29866.0,,,29866.0,29866.0
B07KGJHG2G,,,,554.0,554.0
B07KGJW7Q4,,,29866.0,29866.0,29866.0
B07KGLC1VC,554.0,,,554.0,554.0
B07KHPNL5B,,,,,9.0
B07KHSKBRZ,162.0,,,,162.0
B07KJ4Y9L4,4360.0,4360.0,4360.0,4360.0,4360.0
B07KJ7GKXV,1943.0,1943.0,1943.0,1943.0,1943.0
B07KJCVGHN,140.0,,140.0,,140.0
B07KJFRTF7,,,,69.0,69.0
B07KJFSB3L,,,2079.0,2079.0,
B07KJH29S7,349.0,,,,
B07KJXCJ9G,,,,,1.0
B07KJZMFKG,,9.0,,,
B07KK8ZM4X,,,,21.0,
B07KKCQ22L,,,,19.0,
B07KL3Y22Q,209.0,,209.0,209.0,209.0
B07KLLPDH5,,,,,30.0
B07KLQBL41,578.0,578.0,578.0,578.0,578.0
B07KLWYPP6,,,,73.0,73.0
B07KM1B264,,,,,93.0
B07KM65NBP,53.0,,,,
B07KM6LWT9,,,6.0,,
B07KNYR314,,,,,12.0
B07KP414JN,,,,101.0,101.0
B07KP6K3F6,,,,,52.0
B07KP6YTK9,,,,10.0,
B07KP8V5JY,,,,,31.0
B07KPFC2QS,380.0,380.0,380.0,380.0,380.0
B07KPQNCX8,4.0,,,,
B07KPQYZTT,12.0,,,,12.0
B07KPW71QJ,,,,,14.0
B07KPWXZ3B,,,,,28.0
B07KPZW7SX,13.0,,13.0,,
B07KPZZVRB,,,,49.0,
B07KQ5Z5B6,,,,140.0,140.0
B07KQSMN23,,,,183.0,183.0
B07KQSRSND,,,,,15.0
B07KQWBT23,,,264.0,264.0,264.0
B07KQXRLRH,,,,,3.0
B07KQY87XV,482.0,,482.0,482.0,482.0
B07KR49SZ8,,,,,3.0
B07KR4F7SP,,,48.0,48.0,48.0
B07KRM2S4L,,,,,21.0
B07KRQBWCL,,,149.0,,149.0
B07KRSZ6K7,,,,2.0,
B07KRWTMST,,,,18.0,
B07KRYKK64,,,,,42.0
B07KRZB76G,96.0,,,,
B07KSP6T5M,,,,,127.0
B07KSRN9S5,,,,,2260.0
B07KSRXJYY,2260.0,,,2260.0,2260.0
B07KSY9KPB,,,,,3.0
B07KSYW412,,,,,3.0
B07KT28Z2C,,,,,33.0
B07KT5Y2RR,,,,,68.0
B07KV9VCR3,2429.0,2429.0,2429.0,2429.0,2429.0
B07KVGRHVF,,,,,21.0
B07KVWNS89,992.0,992.0,992.0,992.0,992.0
B07KVZZFL1,9.0,,,,9.0
B07KW41CRZ,942.0,942.0,942.0,942.0,942.0
B07KWKQHQ6,,,,,28.0
B07KWSXTQS,,,,36.0,36.0
B07KWTQQML,22.0,,,,22.0
B07KWW1YWD,37.0,,,,
B07KWWQYHW,,,,,33.0
B07KX6VCV6,,,,,23.0
B07KXFCZ6F,,,,878.0,878.0
B07KXQ13H2,,,,,1.0
B07KXTCHW4,,,1.0,,
B07KY55WXC,,,,,6.0
B07KY771L3,,,45.0,,
B07KYBL79J,,,,13.0,
B07KYG5LVX,43.0,,,,
B07KYHB9C4,,,365.0,365.0,365.0
B07KYMK3VJ,,,,187.0,187.0
B07KYMPPYD,59.0,,,,
B07KYN8SNG,,,,,371.0
B07KYSZ96H,517.0,,517.0,517.0,517.0
B07KZLMMB1,,,,117.0,117.0
B07KZP88NM,48.0,,48.0,,48.0
B07KZQSN1R,,,,,29.0
B07KZS962P,,65.0,65.0,65.0,65.0
B07KZSWQQL,,5.0,,,
B07KZVNDX5,,,,,2.0
B07L148GDJ,,,13.0,,
B07L185CZB,,,,,117.0
B07L19ZBQD,117.0,,,,117.0
B07L1CCLQP,9.0,,,,
B07L1HVZH3,,,,,43.0
B07L1NYD7R,,,,,110.0
B07L1WNL1G,,,,,679.0
B07L1XZLBX,,,,,679.0
B07L2MYKQ8,4.0,,,,
B07L2ZWCP8,254.0,254.0,254.0,254.0,254.0
B07L3634TR,,,,,394.0
B07L397SZP,,2.0,,,
B07L3B457H,145.0,,,,145.0
B07L3XGXMF,,,,36.0,36.0
B07L3XVRBJ,,,,,437.0
B07L3Y9D91,437.0,,,,437.0
B07L3Y9KCS,,,,,437.0
B07L416626,,,,,28.0
B07L419C9L,437.0,,437.0,437.0,437.0
B07L4629DJ,4.0,,,,
B07L46ZPV3,429.0,,429.0,429.0,429.0
B07L4HY4MG,171.0,,171.0,171.0,171.0
B07L4SPRV3,,,,,15.0
B07L53N9LN,31.0,31.0,,,31.0
B07L53X1QW,,,,535.0,535.0
B07L5559F2,,53.0,,53.0,53.0
B07L57BXJJ,,,64.0,,64.0
B07L587HNV,100.0,,,,
B07L5D2RL5,,,,,5.0
B07L5H9BMX,,,,,12.0
B07L5WH2ZD,,,,,1227.0
B07L5WVLGW,,,,,118.0
B07L5X6FGD,,363.0,,363.0,363.0
B07L5XJXBV,,,2005.0,2005.0,2005.0
B07L5YSPN5,895.0,,895.0,,895.0
B07L5ZCRY8,178.0,,,178.0,178.0
B07L616KJ6,185.0,,,185.0,185.0
B07L68TKQ6,45.0,,45.0,45.0,45.0
B07L6C2S1Y,,51.0,,,51.0
B07L6KHMZB,404.0,404.0,404.0,404.0,404.0
B07L6XQZRH,,224.0,,,224.0
B07L6XR4BB,,,,,132.0
B07L6XR4BC,,,51.0,,51.0
B07L76NTQC,,,,,80.0
B07L7G1SWS,1078.0,1078.0,1078.0,1078.0,1078.0
B07L7NM4JK,,,,167.0,167.0
B07L7NM4RD,,,106.0,,106.0
B07L7ZHRNH,,,6.0,,
B07L84YZ14,282.0,,282.0,,282.0
B07L877VP4,16.0,,,,
B07L89C59Z,,,,,69.0
B07L8JFC55,,,,,11.0
B07L8TBRQ9,,,,,46.0
B07L8YMYLX,,,,,110.0
B07L9315TD,,,,,12.0
B07L93SGXK,,,,31.0,31.0
B07L9VXC4D,,,,,38.0
B07L9YF5JX,,,,,13.0
B07L9Z3W6J,,,,,16.0
B07LB1Q9ZM,,,,,1.0
B07LB3DMNF,6.0,,,,
B07LB6Z6Q6,,,198.0,,198.0
B07LB78WGJ,,,,,192.0
B07LB7KZJF,,,,,13.0
B07LB7X35C,75.0,,,,
B07LB7YKFT,,,,,122.0
B07LB82FD3,,,,115.0,
B07LB82VY8,26.0,,,,
B07LB85667,,,87.0,87.0,87.0
B07LB885GY,87.0,,,,87.0
B07LB88YBB,,,,,12.0
B07LB8B17K,,,,,6.0
B07LB8C1YV,,,,109.0,
B07LB8CTY8,,,,,107.0
B07LB8K2W7,,,,70.0,70.0
B07LB8MHP7,23.0,,,,
B07LB8NBY7,60.0,60.0,,,
B07LB8NL4W,,,,7.0,
B07LB8SSJ3,,,143.0,143.0,143.0
B07LB8TKTL,74.0,,,,74.0
B07LB8XZGW,220.0,,,,220.0
B07LB92793,,,,,26.0
B07LB9367L,,,,,106.0
B07LB94QDS,,,,63.0,63.0
B07LB982DK,,,,,12.0
B07LB9D9QB,24.0,,,,
B07LB9HGQ6,,,,,20.0
B07LB9JLVX,,,,65.0,
B07LB9LN86,,,,56.0,
B07LB9XTDQ,19.0,,,,
B07LBBC9N8,125.0,,125.0,125.0,125.0
B07LBH7PNP,,,65.0,,65.0
B07LBL8WPQ,1403.0,,,1403.0,1403.0
B07LBM6PLJ,15.0,,,,15.0
B07LBY5Q91,,,,,199.0
B07LCLWWV2,,,,,183.0
B07LD5QKC3,,,58.0,,58.0
B07LD6XVS6,,516.0,516.0,516.0,516.0
B07LD7H8Y2,,,,,48.0
B07LD7LK8N,,,,,2.0
B07LDC9Z3D,,,68.0,,68.0
B07LDSHR8F,,,,52.0,52.0
B07LDZK9WY,,,,,4.0
B07LFD62KF,,,,,28.0
B07LFMZTVN,,,,,1321.0
B07LFN98HN,,,,,1321.0
B07LFPDNXW,,,,,1321.0
B07LFPF4Y4,,,,,1321.0
B07LFPPJ49,,,,1321.0,
B07LFR2YW6,,,,,1321.0
B07LFR6GQ9,,,,,1321.0
B07LFV74NS,,,3501.0,3501.0,3501.0
B07LFWP5WJ,,,,147.0,147.0
B07LG11F5S,1000.0,1000.0,,1000.0,1000.0
B07LGBK3NK,,,,1000.0,1000.0
B07LGBS66S,,,,,1831.0
B07LGD51F4,,,,1829.0,1829.0
B07LGDH31Q,,,,,1824.0
B07LGGXQGB,,,,,14.0
B07LGTT8BX,,672.0,672.0,,
B07LGXHKRX,39.0,,,39.0,39.0
B07LGYR9H1,,19.0,,,19.0
B07LGZTQSS,55.0,,55.0,,
B07LH3Q5NN,,,,,3.0
B07LH4ND5J,,,,,32.0
B07LH6DRTF,477.0,477.0,,477.0,477.0
B07M5BV77C,,10.0,,,10.0
B07M5HMKK4,,,,30.0,
B07M5PTLSM,101.0,,,,101.0
B07M5RG8YM,,,,,53.0
B07M5SGC4D,,,950.0,,950.0
B07M5TCYBB,,,,21.0,
B07M6665S5,110.0,,,,
B07M6MMZJC,,,,,948.0
B07M6RWYR3,,,,,22.0
B07M6S556K,,,,,68.0
B07M6SSH49,,,,,1480.0
B07M6T48M7,,,,,68.0
B07M6WZX9Z,830.0,830.0,830.0,830.0,830.0
B07M6ZQKDB,,,,,23.0
B07M74MYPR,1878.0,1878.0,1878.0,1878.0,1878.0
B07M75KR1D,200.0,,,,200.0
B07M76DQ2Z,,,,,19.0
B07M773YB8,385.0,,385.0,,385.0
B07M7H6YYH,,,,11.0,
B07M7PSRVW,504.0,,504.0,504.0,504.0
B07M7Q4XLK,63.0,,,,63.0
B07M7V1RBR,,,,,20.0
B07M8455YG,199.0,199.0,,199.0,199.0
B07M84R55C,336.0,336.0,,,336.0
B07M8GB6GG,14.0,,,,14.0
B07M8HPVDC,9.0,,,,
B07M8TNYCB,,,,,40.0
B07M8WHJ9S,,,,,173.0
B07M946NJC,,,,,132.0
B07M94DLKB,,,,17.0,
B07M9M4CLC,,,59.0,,
B07M9N2T3D,,175.0,175.0,,175.0
B07M9PD9TB,79.0,,,,
B07M9VMK8B,,,,25.0,
B07M9XB4VJ,1048.0,1048.0,1048.0,1048.0,1048.0
B07MB5RLKX,1449.0,1449.0,1449.0,1449.0,1449.0
B07MB92FY1,,,,,37.0
B07MB972JW,,5.0,,,
B07MBC7M2G,,,,,31.0
B07MBD9KRD,,,,,44.0
B07MBH8L1Z,,,,2.0,
B07MBJ7RWR,,,1480.0,1480.0,1480.0
B07MBS1JH9,,,315.0,,
B07MBY7SZX,1514.0,1514.0,1514.0,1514.0,1514.0
B07MBYT32G,,,,1.0,
B07MC1WTJ2,14.0,,,,
B07MCGC4F1,,,,,93.0
B07MCGMY27,227.0,227.0,227.0,,227.0
B07MD5RRGC,,,6.0,,
B07MD7ZHR1,,,,,75.0
B07MD811SJ,,,75.0,75.0,75.0
B07MD99S3V,70.0,,,,70.0
B07MDQQ33W,,,,15.0,
B07MDRMNK8,,,,,6.0
B07MDSG9BY,,,,,32.0
B07MDYYFQF,,,,,511.0
B07MF1PJC5,,,,,94.0
B07MF1QVKW,,,202.0,202.0,202.0
B07MF2H77N,,,,,94.0
B07MF4CV26,1480.0,1480.0,,,1480.0
B07MF7JQGC,,,,13.0,
B07MF9R79F,276.0,,276.0,276.0,276.0
B07MFRVKNV,104.0,,,,104.0
B07MFXNMG7,,,,,97.0
B07MG14D6P,,,,,621.0
B07MG4GWMT,,,,,39.0
B07MGMH5RM,2210.0,,,2210.0,2210.0
B07MGQ9ZL8,,81.0,81.0,,81.0
B07MGVW2JK,48.0,,,,
B07MGZR9SN,53.0,,53.0,,53.0
B07MH4XJ1N,,,,,25.0
B07MH51HDS,,,,12.0,12.0
B07MH7NB9K,,35.0,,,35.0
B07MH7TMD7,,,351.0,351.0,351.0
B07MHMLVYK,,,1.0,,
B07MHQJK96,,,,,68.0
B07MHQYQR2,41.0,,,,
B07MHV8Z4C,1279.0,,1279.0,1279.0,1279.0
B07MHVXRYK,83.0,,,,
B07MHYQTGY,,,,,15.0
B07MJ1BRCY,,,,,12.0
B07MJ3NSBX,,,,,1.0
B07MJ457BF,,1289.0,,1289.0,1289.0
B07MJ489GP,,,4.0,,
B07MJ5CVHY,,,,385.0,
B07MJ5KVK2,,1183.0,1183.0,1183.0,1183.0
B07MJ5RZBR,,,,1.0,
B07MJD43S8,,,102.0,,102.0
B07MJJRK3K,20.0,,,,
B07MJQBJ2Q,,,,,32.0
B07MJRK3FL,,,,,2.0
B07MK4DP83,,,7.0,,
B07MK9C4J8,431.0,431.0,431.0,431.0,431.0
B07MKB3D83,,,,,34.0
B07MKH3KBZ,29.0,,,,
B07MKH7RSG,45.0,,,,45.0
B07MKPXHJC,3.0,,,,
B07MKR3LRF,,,,31.0,
B07MKRHSD8,,615.0,615.0,615.0,615.0
B07MLPLK4J,,12.0,,,12.0
B07MLVR7NL,,,33.0,,
B07MM1J45Z,1.0,,,,
B07MM43P28,,,,,20.0
B07MMM6611,,,,14.0,
B07MMTDR81,,,,,190.0
B07MNB5SFQ,,,,,33.0
B07MNFW3GC,,,32.0,,
B07MNPL558,6.0,,,,
B07MNPW6JS,394.0,,,394.0,394.0
B07MNY2HYW,,,100.0,100.0,100.0
B07MNZ16GC,16.0,,,,
B07MNZP42P,,,,,35.0
B07MP275JT,,,,,143.0
B07MPBDGNS,,,,,9.0
B07MPD91JF,,,20.0,20.0,20.0
B07MPF7VRK,49.0,49.0,,,
B07MPQ4LGR,4.0,,,,
B07MPRLDWD,,,781.0,,
B07MPWMVYQ,281.0,281.0,,,281.0
B07MPXB6FX,,,,,3.0
B07MPXZ82M,,,,,24.0
B07MQ3HGVX,,2587.0,,2587.0,2587.0
B07MQ5LBJ1,8.0,,,,
B07MQG75H1,1824.0,,,1824.0,1824.0
B07MQGHJ9D,,,,,105.0
B07MQJRK5G,1.0,,,,
B07MQQ2XWN,,,,,41.0
B07MQR14FB,,,,119.0,119.0
B07MQRP9G5,24.0,,,,
B07MQVNQ7V,,,,,195.0
B07MR23CX5,,,,41.0,41.0
B07MR5JCB3,,4.0,,,
B07MRHXG68,,,,,28.0
B07MRJYT5M,565.0,,,,565.0
B07MS8HVQT,,,,21.0,21.0
B07MSCGF8K,45.0,,,,
B07MT5W15F,,,,1027.0,1027.0
B07MT7YHWL,,,,5.0,
B07MT8P9V5,,,,647.0,647.0
B07MT8S6CB,,,1027.0,1027.0,1027.0
B07MTB1L7S,,,,,1027.0
B07MTBYCL8,,167.0,,,167.0
B07MTMDJSC,576.0,576.0,576.0,576.0,576.0
B07MTQQXRP,,,,,280.0
B07MTVFRL6,,,,,29.0
B07MTZVYV7,,,75.0,,75.0
B07MV12NR2,172.0,,,,172.0
B07MV141QG,,,172.0,,172.0
B07MV1VRWZ,,,,,172.0
B07MV8WX1M,,,494.0,494.0,494.0
B07MVBRZFY,,,,29.0,
B07MVL7X9S,2121.0,2121.0,2121.0,2121.0,2121.0
B07MVLR32H,187.0,187.0,187.0,187.0,187.0
B07MVQDG9J,,,,40.0,
B07MVR3Q5B,,,,,75.0
B07MVX728F,,,,,30.0
B07MVXPVCN,,,,,11.0
B07MW454BP,1.0,,,,
B07MWC8VVB,,,,,7.0
B07MWHRDDS,,,143.0,,
B07MWJ1NV3,,143.0,,,
B07MX77XD8,,,16.0,,
B07MX7K3V3,,,,,129.0
B07MX9F91P,,,,,47.0
B07MXD5ZB2,47.0,,,,
B07MXMBM82,8.0,,,,
B07MXS4CGZ,,,88.0,,
B07MXX9ZCD,,,,,15.0
B07MXXVRX3,4855.0,,4855.0,4855.0,4855.0
B07MXZZM9N,229.0,,229.0,,229.0
B07MY19NR5,,,,,36.0
B07MYF5D1V,,,,,17.0
B07MYM6Y85,,,,,131.0
B07MZ8LYCD,,,123.0,,
B07MZ9FSLF,,,,,12.0
B07MZ9GBZN,12.0,,,,
B07MZFPBMR,170.0,170.0,170.0,,170.0
B07MZRQS2L,,,,,2.0
B07MZSV4GX,,,317.0,,317.0
B07MZV4PM4,,,,322.0,322.0
B07MZVLJBF,,,,,322.0
B07N112SC5,,,,34.0,34.0
B07N15PR82,,,,,34.0
B07N16FF7N,75.0,,75.0,,75.0
B07N1B8ZLR,,,,159.0,
B07N1HFD35,,,,,159.0
B07N1MTGNK,62.0,,62.0,,
B07N1QC1M4,,,,4.0,
B07N1THST8,,,1263.0,,
B07N1TTJMR,,1263.0,,1263.0,1263.0
B07N1TW2ZM,,1263.0,1263.0,,
B07N1V3FMY,1263.0,,,,1263.0
B07N1W12ZS,,,602.0,602.0,602.0
B07N2DWLPN,41.0,,,41.0,41.0
B07N2GSQST,9.0,,,,
B07N2JZS21,,,,,100.0
B07N2K1CWC,,,,,70.0
B07N2SBTLZ,,,192.0,,192.0
B07N2VMMD6,185.0,,,185.0,185.0
B07N37NBTK,,,,,143.0
B07N38GT5B,,,,,10.0
B07N38T829,,,,,800.0
B07N41WKY2,,32.0,,,32.0
B07N44FVS6,,,,,19.0
B07N4HFV56,1008.0,,,,1008.0
B07N4LLM18,,,,,6.0
B07N58CF8S,848.0,848.0,848.0,,848.0
B07N59PK5X,,,848.0,848.0,848.0
B07N5LC659,,,,,5.0
B07N5ZHDMT,,34.0,,,
B07N6465DR,,,186.0,,186.0
B07N6DYBNS,12.0,,,,12.0
B07N6GMQK6,,,,,3.0
B07N7CNWFB,12.0,,,,
B07N821YQZ,,,,,12.0
B07N82Q4LR,,,,,11.0
B07N8DWNKM,,,,,948.0
B07N8F4JQ5,,,,,948.0
B07N8FL943,,,,,511.0
B07N8FRFJF,,,,511.0,511.0
B07N8FT4C1,,,,,31.0
B07N8K8GH1,,,,,32.0
B07N8R3J1M,,27.0,,,27.0
B07N9674TY,122.0,122.0,122.0,122.0,122.0
B07N971BVX,,48.0,,,48.0
B07N99MHYM,,,,,159.0
B07NBZP7FP,,,54.0,,
B07NC92WKM,,,,,71.0
B07NCP4M92,,,,,64.0
B07NCQ7LVJ,,,,25.0,25.0
B07NCRLY1W,,,,,679.0
B07ND54G1W,2.0,,,,
B07NDJ94S8,7.0,,,,
B07NDLNRSJ,,,,,27.0
B07NF982Y9,,,,,21.0
B07NJGLGWZ,,,,,112.0
B07NJQHT1T,44.0,44.0,44.0,,44.0
B07NKK8GMB,,,1.0,,
B07NKTX214,,,,368.0,368.0
B07NL893YP,,,,,2.0
B07NLDL2JL,,,,,37.0
B07NLFSVLG,,,,,23.0
B07NLK2GNQ,,,,,5.0
B07NM9ZPQH,,,,37.0,37.0
B07NMDJCKQ,368.0,,368.0,,368.0
B07NN1H5HC,,,,,8.0
B07NNR2BMQ,524.0,,,524.0,524.0
B07NNXKSS2,,,,,112.0
B07NP166X7,,,,,112.0
B07NP415LR,286.0,286.0,286.0,,286.0
B07NP79M66,1.0,,,,
B07NP7WZK3,2090.0,2090.0,2090.0,,2090.0
B07NP8R6H9,15.0,,,,
B07NPDYDXZ,2081.0,,,2081.0,2081.0
B07NPK9RM8,,,308.0,,308.0
B07NPX6F2H,,,,,962.0
B07NQ8JHDG,,28.0,,,
B07NQC5MHR,984.0,984.0,984.0,984.0,984.0
B07NQCSDJM,,6.0,,,
B07NQDB3K4,8.0,,,,8.0
B07NQJN4P8,,,181.0,,181.0
B07NQP7V7M,,,,,3.0
B07NQR65C6,,,,32.0,
B07NR4WYZG,,,,,987.0
B07NRMWYXM,,,,54.0,54.0
B07NRR2KPD,54.0,,,54.0,
B07NRVVBNC,,,,,2.0
B07NRWTZC2,,,,3.0,
B07NRXQN87,214.0,214.0,214.0,214.0,214.0
B07NRYCMJJ,2074.0,2074.0,2074.0,2074.0,2074.0
B07NS1GTZ2,,,,,75.0
B07NS5QXP5,604.0,604.0,604.0,604.0,604.0
B07NS5SLXS,,,,,24.0
B07NS6JYCZ,,,,,11.0
B07NSBB3RL,,,,143.0,143.0
B07NSBDRTP,,,,,18.0
B07NSQ32B6,,,,,962.0
B07NSR2Z9D,271.0,,271.0,271.0,271.0
B07NSRYVWW,,,,7.0,7.0
B07NSSC8YX,,,,,124.0
B07NTBC5D6,1090.0,1090.0,1090.0,,1090.0
B07NTFWNY6,,29.0,,,29.0
B07NTG7PQP,,492.0,,,
B07NTP3SYD,,,,,29.0
B07NTPR544,,,,,29.0
B07NTRCX48,,,,,29.0
B07NTRG5NT,,,,,29.0
B07NTS7DHJ,,,,,29.0
B07NV2TYVW,,492.0,492.0,,492.0
B07NV3QT21,11.0,,,,
B07NV5WD8V,,,,,308.0
B07NVHLCMR,1517.0,1517.0,1517.0,1517.0,1517.0
B07NVLVRWZ,,,159.0,,
B07NVM9PJ4,,,,1875.0,1875.0
B07NVSGJG1,41.0,,,,
B07NVV3929,,48.0,48.0,,48.0
B07NVWR2R7,,,1343.0,1343.0,1343.0
B07NWGN9TB,,,,,14.0
B07NXFXL2Q,28.0,,,28.0,28.0
B07NXV9LH7,,,,,5.0
B07NXX8K6W,,,,7.0,
B07NXZK1F2,3187.0,3187.0,3187.0,3187.0,3187.0
B07NY4SLV2,,,69.0,,69.0
B07NY8FG88,2.0,,,,
B07NYCTHDQ,,,,154.0,154.0
B07NYDHYM6,,,,,5.0
B07NYNC2D8,,,,16.0,16.0
B07NYVFZB9,,,,,152.0
B07NZM8348,,,206.0,,206.0
B07P1352WM,,,,,18.0
B07P15DX88,758.0,,,,758.0
B07P1G8P67,,,,86.0,86.0
B07P1XBK1M,,,,225.0,225.0
B07P1YGLS7,,,,,23.0
B07P2HH9T1,,,,,23.0
B07P2L1NYQ,,6.0,,,
B07P3KK57Y,,,,,355.0
B07P5D8B8W,1.0,,,,
B07P5HH7BT,,,,,151.0
B07P5HLGMQ,,,,713.0,713.0
B07P5JCKT4,,,,181.0,181.0
B07P5JTZLX,,,,4.0,
B07P5L3B6N,3364.0,3364.0,3364.0,3364.0,3364.0
B07P5L5DVC,,,2.0,,
B07P5NQZBC,,,,,4.0
B07P5PQSWM,,16149.0,,,16149.0
B07P5SN92S,,,,36.0,36.0
B07P5W6C13,,241.0,,,
B07P5WLFVC,,,,,710.0
B07P62LRHP,,,,,198.0
B07P669TND,,,,,180.0
B07P66F6TM,77.0,,,,
B07P687H6J,,,,,60.0
B07P68C4B6,,,,,88.0
B07P68F56L,,,,,29.0
B07P6J9C1X,24.0,,,,24.0
B07P6JBFQ6,44.0,,,44.0,44.0
B07P6JBQCT,3364.0,3364.0,3364.0,3364.0,3364.0
B07P6LF68F,71.0,,,,
B07P6QY8H3,,,,186.0,186.0
B07P6X9JTL,,,,,32.0
B07P6XQMPR,,,68.0,,68.0
B07P6Y98XG,,,,,150.0
B07P6YC1H7,,,,,1.0
B07P73GGCG,,,,,23.0
B07P7444Q6,,,,20.0,20.0
B07P7KCX7G,,,24.0,24.0,24.0
B07P7L9JC9,,,,,84.0
B07P7MW3H9,3364.0,3364.0,3364.0,3364.0,3364.0
B07P7S2Y4R,,,,,16149.0
B07P7YX8YJ,,,,,710.0
B07P7YXB1P,,,,,710.0
B07P7YXD3B,,,,,710.0
B07P7YYKSY,,,,319.0,
B07P8BQ1BG,,,,,83.0
B07P8BRR1H,,,,,29.0
B07P8NFVP3,,,,,7.0
B07P93V7ST,710.0,,,,710.0
B07P99VJ78,29.0,,,,
B07P9BH5X4,,,82.0,,
B07P9TCM1F,40.0,,,,
B07P9WDKGR,955.0,955.0,955.0,955.0,955.0
B07P9WKGBD,819.0,819.0,819.0,819.0,819.0
B07PB5746F,,,,,319.0
B07PB5JWG4,,,,,710.0
B07PB6BGVH,,,,,319.0
B07PB6C8WT,,,,,31.0
B07PB79LRS,,,,710.0,
B07PB7DDQ8,,,,319.0,
B07PB88N4X,,,,,319.0
B07PBD2XRV,,,,12.0,
B07PBTZX33,,,,23.0,
B07PBX6Y52,,842.0,,842.0,842.0
B07PBYC1X3,,,,,319.0
B07PBZTBKD,,,,,319.0
B07PCJ33JQ,,,849.0,,849.0
B07PCMV2SB,,,,,41.0
B07PCVW429,,4090.0,4090.0,4090.0,
B07PD2Q8F9,,,,,3.0
B07PDJRY55,,,30.0,,
B07PDKBVMC,,,,,45.0
B07PDN423L,,,,,29866.0
B07PDQRKV9,1034.0,1034.0,1034.0,1034.0,1034.0
B07PDT7HB3,,3921.0,,,
B07PDT8JD2,,,,,903.0
B07PF28NNQ,,,,,8.0
B07PF327H3,,,,,37.0
B07PFHMHW7,,151.0,151.0,,151.0
B07PFK4VT3,89.0,,,,89.0
B07PFR1L7V,,,,,973.0
B07PGDVJQT,,269.0,269.0,269.0,269.0
B07PGMSDDJ,,,,,20.0
B07PGP2GZ6,,,,24.0,
B07PGQHWQS,,,,,29866.0
B07PH285PR,,,,,4.0
B07PH4M6CY,,,,,130.0
B07PH57R9T,,,,37.0,37.0
B07PHC2T9P,162.0,,,,
B07PHMHSHZ,,,1.0,,
B07PHNSGC1,,,528.0,528.0,528.0
B07PHQ78M5,45.0,,,,
B07PHQTCNG,,,,,35.0
B07PHRX2J2,,,,,11.0
B07PHSH63G,,113.0,,,113.0
B07PHTRVCM,511.0,511.0,511.0,511.0,511.0
B07PHV7N2H,,,,29866.0,29866.0
B07PJ1B28V,,,,,903.0
B07PJ1BV1N,,,,,973.0
B07PJK3KY1,54.0,,54.0,54.0,54.0
B07PJP268K,,,,,87.0
B07PJTCZK8,524.0,524.0,,524.0,524.0
B07PJWZ5G6,191.0,191.0,,,191.0
B07PJXHWYL,,29866.0,,,29866.0
B07PJXL6PV,41.0,,,,
B07PK462HX,977.0,977.0,977.0,977.0,977.0
B07PK5QMKQ,,,,,973.0
B07PK5RMPC,,,903.0,,
B07PKG263L,6230.0,6230.0,6230.0,6230.0,6230.0
B07PKK962D,2449.0,2449.0,2449.0,2449.0,2449.0
B07PKSKL2Y,99.0,,,,99.0
B07PKVBG4J,,,,,12.0
B07PKW3LPN,,764.0,,764.0,764.0
B07PLD4MGJ,1.0,,,,
B07PLJDWCK,306.0,,,,306.0
B07PLQDRMV,,,,776.0,776.0
B07PLV8KCH,,,,,50.0
B07PM1M1N4,,1031.0,,1031.0,1031.0
B07PMBRYNN,,,,,1078.0
B07PMCWQ3T,,,,,250.0
B07PMF5SWB,,,,32.0,
B07PMGM6SG,,16.0,,,
B07PMJ396V,,,,,57.0
B07PMKWBX2,,,348.0,,
B07PMWQLVZ,,,,,44.0
B07PMX7N2P,5.0,,,,
B07PMX8BCH,78.0,,,,
B07PN91VDV,,1078.0,1078.0,1078.0,1078.0
B07PN92QLY,,,,,60.0
B07PN936PK,,,,1033.0,1033.0
B07PNBQ1TC,905.0,,,,
B07PNDJ7QS,,,,5.0,
B07PNFWZFS,10472.0,10472.0,10472.0,10472.0,10472.0
B07PNLVQ9Y,4.0,,,,
B07PNP16QF,,54.0,,,
B07PNSGZZX,,,,413.0,413.0
B07PNV56NY,,,,,14.0
B07PNXC45M,,,,,31.0
B07PNYY6DM,,,,,7.0
B07PP5N8X7,,,,,62.0
B07PP6JY6N,546.0,546.0,546.0,,546.0
B07PPCRWJ5,,,,,48.0
B07PPF2DMP,,,955.0,955.0,955.0
B07PPFZ3GR,,,,1078.0,1078.0
B07PPH8S7C,131.0,131.0,131.0,,131.0
B07PPHM8NM,,,905.0,,
B07PQ5B7D8,5.0,,,,5.0
B07PQ7QBNR,,,,170.0,170.0
B07PQ9X9T3,,,,,241.0
B07PQBRCVS,,,,,30.0
B07PQLLPSS,,905.0,,,
B07PQPDFGZ,1558.0,,1558.0,1558.0,1558.0
B07PQRDPQB,,,20.0,,20.0
B07PQTSV5K,833.0,,833.0,833.0,833.0
B07PQVXG2Y,,,,,33.0
B07PR1GQHG,,,,,27.0
B07PR3KS6F,28.0,,,,28.0
B07PR6Z2WR,,,,,21.0
B07PR8VY7L,,,,,6.0
B07PR97CJG,,,,,70.0
B07PRD9148,58.0,,,,58.0
B07PRHQSF5,,,,,312.0
B07PRK22JM,,,,905.0,
B07PRKFP11,623.0,,623.0,,623.0
B07PRL9M16,,367.0,367.0,,367.0
B07PRLHDXF,,905.0,,,
B07PRN36SS,,1.0,,,
B07PRV1PYK,119.0,,,,119.0
B07PRV4L5B,,,10572.0,10572.0,10572.0
B07PRVQM5X,,,,,20.0
B07PRVRNS6,,,,,28.0
B07PRW8SQH,,,,,522.0
B07PS4K65G,65.0,,65.0,65.0,65.0
B07PS8DWNS,,,,,118.0
B07PSHZYLN,,,,,3.0
B07PSLGX7Z,,,,10.0,
B07PSMTGYV,,,312.0,312.0,312.0
B07PSNX2Y9,229.0,,,229.0,229.0
B07PSSKY9R,,,,,85.0
B07PT4MNHL,,224.0,,,224.0
B07PT64QLS,,32.0,,32.0,32.0
B07PT797BJ,,,,,9.0
B07PTQTLKK,,,,,71.0
B07PTRDCTP,,229.0,,229.0,229.0
B07PV5K5DG,,,,,18.0
B07PV6V9MH,6697.0,6697.0,6697.0,6697.0,6697.0
B07PV7JJTS,1.0,,,,
B07PV9BKYZ,,,,,300.0
B07PVBJ94R,,,,,11.0
B07PVDX77Z,1366.0,1366.0,1366.0,1366.0,1366.0
B07PVK7XS8,,,6.0,,
B07PVP8NVG,,,,,761.0
B07PVY59R8,544.0,544.0,544.0,544.0,544.0
B07PW3NBMY,75.0,,,,
B07PW3S75C,,,,,24.0
B07PW3YXW8,,,,,22.0
B07PW46HTN,9.0,,,,
B07PW4N454,,,,,17.0
B07PW4NGPC,,,,,34.0
B07PW5D6MY,,,,,7.0
B07PWZ5C7Q,180.0,,,,
B07PX1VX2Z,50.0,,,,
B07PX2DD39,24.0,,24.0,,
B07PX3XLK8,,,262.0,262.0,262.0
B07PX3XW6H,,262.0,,262.0,262.0
B07PX4G953,111.0,111.0,,,
B07PX97NYL,,,35.0,,
B07PXBS7TN,,,,30.0,30.0
B07PXF244Z,227.0,,,,227.0
B07PXPTPXN,59.0,,,,
B07PXQP7YC,,,,,25.0
B07PXR1NTH,,,102.0,102.0,102.0
B07PXSNKP6,,,761.0,,761.0
B07PXT7P35,,,,42.0,
B07PY4K3NQ,261.0,,261.0,261.0,261.0
B07PY5VXYV,,,756.0,756.0,756.0
B07PY5ZLW2,,,,756.0,756.0
B07PYF31Z2,14.0,,,,
B07PYG4HSZ,,,977.0,977.0,977.0
B07PYHX5VB,,,,,330.0
B07PYPJ32S,,,3.0,,
B07PYS55Y8,,,20.0,,20.0
B07PZ16M8K,,2161.0,2161.0,2161.0,2161.0
B07PZ3NGPF,,,66.0,,66.0
B07PZ6J5WH,,,,141.0,141.0
B07PZ9RC7W,,,,105.0,105.0
B07PZCGBQL,,,,,152.0
B07PZDN2H6,,,,,3.0
B07PZL2QH8,61.0,,61.0,,
B07PZZX8J2,,281.0,,281.0,281.0
B07Q11NFY2,,,,,75.0
B07Q17SJ3M,,413.0,413.0,413.0,413.0
B07Q1DS51S,,,112.0,,112.0
B07Q1ZPQ32,240.0,,240.0,,240.0
B07Q21TBCZ,,,,,544.0
B07Q22J829,,,68.0,,
B07Q23LPK5,,12.0,,12.0,
B07Q24W19R,,,22.0,,
B07Q264H56,,,9.0,,
B07Q26LJL6,756.0,,756.0,756.0,756.0
B07Q2753WY,756.0,,,756.0,756.0
B07Q29YBYG,,,3610.0,,3610.0
B07Q2CTKG2,6.0,,,,
B07Q2G1DN2,,,,,3.0
B07Q2GYCMT,,,,,262.0
B07Q2K852W,,,,,60.0
B07Q2MVZR4,,68.0,,,68.0
B07Q2NPC5T,,,,,481.0
B07Q2P5RP6,182.0,182.0,182.0,,182.0
B07Q2QSZM2,3.0,,,,
B07Q2XBVQ7,5.0,,,,
B07Q31BD4J,61.0,,,,61.0
B07Q35SSZX,,,,266.0,266.0
B07Q3614SP,,,,,47.0
B07Q39B944,,,,,621.0
B07Q3DRFJR,172.0,172.0,,,172.0
B07Q3F4DNR,399.0,399.0,,399.0,399.0
B07Q3R87F4,,,,,12.0
B07Q3TD9QY,,,,,21.0
B07Q43QY1F,,,,,180.0
B07Q47XK86,122.0,122.0,,,122.0
B07Q4B56T9,,3.0,,,
B07Q4K97LR,1.0,,,,
B07Q4QF4T7,1.0,,,,
B07Q4TCLGT,6697.0,6697.0,,6697.0,6697.0
B07Q4W9KJM,347.0,347.0,347.0,347.0,347.0
B07Q57HJ4P,,,,,24.0
B07Q58YZ6N,,,,,46.0
B07Q5DNP92,,,249.0,,
B07Q5HHK2D,,,,,60.0
B07Q5HNF8P,,,,60.0,
B07Q5LL4QL,,,31.0,31.0,
B07Q5LLCLY,,,44.0,44.0,44.0
B07Q5PJ2HC,,,,,14.0
B07Q5QBT2J,,,,,574.0
B07Q5QTQS2,48.0,,,,
B07Q5VZLZD,,,,34.0,34.0
B07Q5W4GF3,,,,,15.0
B07Q5X99J7,59.0,,,59.0,59.0
B07Q6J6PX3,,,,,125.0
B07Q6PHG7L,,1883.0,1883.0,,1883.0
B07Q6V86CS,,75.0,,75.0,75.0
B07Q76TXQ3,,,,,6.0
B07Q79HHJ7,,,,,12.0
B07Q7FPD33,,,,75.0,75.0
B07Q7WRDQB,574.0,574.0,574.0,,574.0
B07Q7Y4YDS,,,,,40.0
B07Q7YHMJW,28.0,,28.0,,
B07Q88M3H1,,56.0,,56.0,
B07Q8FH7SZ,,,,45.0,
B07Q8K3CT3,514.0,,,514.0,514.0
B07Q8QKK6R,4520.0,4520.0,4520.0,4520.0,4520.0
B07Q97RVPS,,,,79.0,79.0
B07Q9H62V5,,4.0,,,
B07Q9HWKH4,,1.0,,,
B07Q9PLGFN,,,2260.0,,2260.0
B07QB9L98Z,,,,,243.0
B07QBFYHWM,,,,,175.0
B07QBK4JY1,,,,,23.0
B07QBVGP26,,,,,17.0
B07QBYHRQ3,82.0,82.0,82.0,82.0,82.0
B07QC4R94K,,,,,20.0
B07QCHF991,23.0,,23.0,23.0,23.0
B07QCL795X,,,,39.0,39.0
B07QCL89ML,39.0,,,,
B07QCRL587,,,14.0,14.0,
B07QD43STR,,,,,141.0
B07QD829P9,,,93.0,,
B07QDHGPZL,,,,,29.0
B07QDQP3XW,,91.0,,91.0,91.0
B07QDR99YB,,,31.0,,
B07QDVV6H7,11417.0,11417.0,11417.0,11417.0,11417.0
B07QDYMR25,,,,,135.0
B07QF554TL,,,,20.0,20.0
B07QFC6R51,,,,,12.0
B07QFL3V21,,,,,14.0
B07QFLPDD2,39.0,,,39.0,39.0
B07QFQH99M,,,,,23.0
B07QFT94GF,,,34.0,,
B07QFTHGST,,23.0,,,
B07QFW24SD,,,,51.0,51.0
B07QFYYG72,,,,,61.0
B07QG8HN3R,,,,108.0,108.0
B07QG99H5N,,,,,3.0
B07QGJ7H8K,,,,,35.0
B07QGJC4N5,,,,,35.0
B07QGNLHBV,,,,,39.0
B07QGPHMCV,,,,,17.0
B07QGS669N,,,,,45.0
B07QGSG85S,,,,75.0,75.0
B07QGX6KFP,,,,,2563.0
B07QGYYMC4,,,583.0,,
B07QHFFWPG,35.0,,35.0,,35.0
B07QHFH7FN,3766.0,3766.0,3766.0,3766.0,3766.0
B07QHG43KV,,,,,21.0
B07QHJCD9F,,,,,1492.0
B07QHQX1NQ,175.0,,,,175.0
B07QJ2W36S,,,2322.0,2322.0,2322.0
B07QJ4MLYL,,,,,12.0
B07QJ8516C,,,,61.0,
B07QJ85YF8,61.0,,,61.0,61.0
B07QJ9KJ9V,1.0,,,,
B07QJWF3KG,,,,161.0,161.0
B07QK19363,,,93.0,93.0,
B07QK93RT7,,35.0,,,35.0
B07QKDK2ZN,1730.0,1730.0,1730.0,1730.0,1730.0
B07QKDK4Z9,126.0,,,,126.0
B07QKYLWTN,,,,,62.0
B07QKZSRP7,,,,,128.0
B07QL68H6Z,,,,,76.0
B07QLHVBFB,,10.0,,,
B07QLR17GW,966.0,966.0,,,966.0
B07QLV2N1D,,,,371.0,371.0
B07QLWSDXL,,8700.0,8700.0,8700.0,8700.0
B07QLX9TL1,8700.0,,,,
B07QLXT7C8,8700.0,8700.0,8700.0,8700.0,8700.0
B07QM3Y228,,,,78.0,78.0
B07QM6V1LV,12.0,12.0,,,
B07QMBSKQD,,,,,15.0
B07QMD7LYB,,15.0,,,15.0
B07QMFPHS4,14.0,14.0,,,14.0
B07QMKRZ8Q,,,,,238.0
B07QMP2ZL7,,,,,43.0
B07QNRJV8K,809.0,809.0,809.0,809.0,809.0
B07QNS5SGD,,,,,19.0
B07QNX9KD2,1011.0,,,,1011.0
B07QPC2BGW,,,,,5.0
B07QPZKP6G,,,,,97.0
B07QPZQ5QR,314.0,314.0,314.0,,314.0
B07QQPC5GX,,,,,26.0
B07QQV3FGC,,,,3.0,
B07QQVMSZ4,,,,,16.0
B07QQW19BP,180.0,,180.0,,180.0
B07QQZL14Q,4536.0,4536.0,4536.0,4536.0,4536.0
B07QR68QZS,,,,,373.0
B07QRPKQLM,,,,22.0,22.0
B07QRPN7ST,,,,1884.0,1884.0
B07QRXSGMM,,,,98.0,
B07QS37R6C,,,86.0,,86.0
B07QS6JML4,1000.0,,1000.0,1000.0,1000.0
B07QS7W1QB,,,,6.0,
B07QSDVHRK,288.0,288.0,288.0,,288.0
B07QSJDBVM,1294.0,,1294.0,1294.0,1294.0
B07QSY2WS8,,,,,15.0
B07QTGP3QX,,,,23.0,
B07QTLPFYM,746.0,746.0,746.0,746.0,746.0
B07QTQ6Q77,,,,,286.0
B07QTXHF1T,7205.0,7205.0,7205.0,7205.0,7205.0
B07QTXYT3T,,,956.0,956.0,956.0
B07QTZCMDV,19.0,,,,19.0
B07QV8PMBY,,,,21.0,
B07QW1CCQ1,,,,,522.0
B07QW2NQM4,,,,,48.0
B07QW7RCZ4,268.0,,268.0,,268.0
B07QWP84V7,1857.0,1857.0,1857.0,1857.0,1857.0
B07QWW3278,,,,48.0,48.0
B07QX14P79,,,,,12.0
B07QX2K8WL,,,,1441.0,1441.0
B07QX5NWTW,,,,,447.0
B07QX962YZ,13009.0,13009.0,13009.0,13009.0,13009.0
B07QXF3X2D,,,,175.0,
B07QXF4J5R,,,22.0,,
B07QXKFT6J,,,37.0,,
B07QXQZNMW,,,,,30.0
B07QXRJX6T,,,,,2611.0
B07QXT7W9P,,,,,25.0
B07QXVFX2Y,479.0,479.0,,,479.0
B07QXZM7T3,,147.0,,,147.0
B07QY3PN1G,,,257.0,257.0,257.0
B07QY5HHKN,,,,,123.0
B07QY65Q9F,,,296.0,296.0,296.0
B07QY77K5S,612.0,,612.0,,612.0
B07QY796V2,,,,,16.0
B07QY9TGWK,,347.0,,,347.0
B07QYC58VF,7.0,,,,
B07QYCDX2H,,13009.0,13009.0,,13009.0
B07QYCNVZJ,,,,,3.0
B07QYGPQ72,,2.0,,,
B07QYVNJZ8,13.0,,,,
B07QZ28SWG,,,,,23.0
B07QZ5DRCS,,,,,251.0
B07QZMRS18,,,1151.0,,1151.0
B07QZTJ357,,,,,56.0
B07R11CGRY,157.0,157.0,157.0,157.0,157.0
B07R12NB1M,,,12.0,,
B07R158VNB,,,,,817.0
B07R174CGP,12.0,,,,
B07R1KFNDJ,25.0,,25.0,,
B07R1QLWDC,,,,173.0,173.0
B07R1SH4HV,2.0,,,,
B07R1SSJNW,,,,,32.0
B07R1V67YM,,,,,2174.0
B07R1XBWY9,3856.0,3856.0,3856.0,3856.0,3856.0
B07R2BW2X4,4.0,,,,
B07R2JMSDY,,,,,15.0
B07R2LN338,,,,,194.0
B07R2LQH6G,,,,,2.0
B07R32HRHX,132.0,132.0,132.0,,
B07R3TG6MX,,,,,12.0
B07R3WMC87,,,,152.0,152.0
B07R3WPQ6Q,38.0,,,,
B07R46YD78,57.0,57.0,,,57.0
B07R4DQB2H,,,,,245.0
B07R4L36XQ,,9.0,,,
B07R4L3N1K,13.0,,,13.0,
B07R4LL4L7,,68.0,,,
B07R4ZFKVS,740.0,,,,740.0
B07R51M9Z3,277.0,277.0,277.0,277.0,277.0
B07R52LR66,,,29.0,,29.0
B07R54M555,,,,,76.0
B07R579DH4,,,,,17.0
B07R59PGHB,138.0,,,,
B07R5DR5P6,91.0,,91.0,91.0,
B07R5DWV9L,,,,,413.0
B07R5FGGNT,,23.0,,,
B07R5LB4NH,,,,,5.0
B07R63BJMV,,,,,424.0
B07R669HFN,50.0,,,,
B07R6K2PX9,56.0,,56.0,,
B07R6K7LB2,,,,413.0,413.0
B07R6NPWLM,,,21.0,,
B07R6NS168,2.0,,,,
B07R6RVNH6,615.0,,,,615.0
B07R6VVZ85,,,2.0,,
B07R78T82Q,,1.0,,,
B07R7KWXH4,49.0,,,,
B07R7N15N3,,82.0,,,82.0
B07R7NWNQX,,,,,315.0
B07R7PW51W,,,,,4.0
B07R7TPJ5S,,,,23.0,
B07R8KCQL1,,,,2.0,
B07R8LGYH1,,,,,413.0
B07R8NSTNM,,,,,6731.0
B07R8TCSPK,,30.0,,30.0,30.0
B07R9KXWBP,,,,,3.0
B07R9S8M17,238.0,,238.0,,238.0
B07R9VJWJN,,8.0,,,
B07R9XRDS8,,,,2.0,
B07RBKGVM5,8866.0,8866.0,8866.0,8866.0,8866.0
B07RBLVC85,43.0,43.0,,,
B07RBQNVHT,,,33.0,33.0,33.0
B07RBZ384B,,624.0,,,
B07RBZJZF5,,143.0,,,143.0
B07RCCZLPX,,,,,26.0
B07RCTT1NB,,,26.0,,
B07RCTYJGQ,,,25.0,,25.0
B07RDLHPYK,111.0,,,,111.0
B07RDNGLGZ,,,23.0,,
B07RDP47X7,,,,,36.0
B07RDX5SDQ,,,,,189.0
B07RFCM9NF,,,,,9.0
B07RFHZN1G,,,,,6.0
B07RFMKYF2,,,,29.0,29.0
B07RFNB38Z,,,,,195.0
B07RG7CLT4,364.0,364.0,364.0,364.0,364.0
B07RG7XDG8,,,,,26.0
B07RG8P644,,,,,230.0
B07RGCDLR2,,,,,20.0
B07RGFVTJD,,,,,12.0
B07RGL4C8J,,,,7.0,
B07RGNDPVH,,942.0,,942.0,
B07RGSC3F9,,,,1.0,
B07RGXP3G6,65.0,,,,
B07RHBWH98,36.0,,,,36.0
B07RHCMJG6,,,,,76.0
B07RHL7WPG,1.0,,,,
B07RHRLM2V,,,,1979.0,1979.0
B07RHRMVFS,,176.0,,176.0,
B07RHVL6X6,,,,,133.0
B07RHYM8C1,,,,189.0,
B07RHZSQLW,,186.0,186.0,,186.0
B07RJ1PYLT,1851.0,,1851.0,1851.0,1851.0
B07RJ2CF9V,,,1672.0,,1672.0
B07RJHNRP6,,,1.0,,
B07RJQNKJC,,,,9.0,
B07RJV6YG4,462.0,,,462.0,462.0
B07RK2MSWJ,3348.0,,3348.0,,3348.0
B07RK517JD,,,,248.0,248.0
B07RKMGFFP,9.0,,,,
B07RKXNRBZ,111.0,,,,
B07RL2CS7C,,,,,149.0
B07RL2YD5H,,,,,20.0
B07RL4KZ8M,,,,,21.0
B07RL8P2YC,1851.0,,1851.0,,1851.0
B07RLFC4Z5,100.0,,,100.0,
B07RLL56F5,,,,,63.0
B07RLN63DB,,,,,4.0
B07RLP2HFZ,,,18.0,18.0,
B07RLS3TSB,,,,,621.0
B07RM1L4C5,144.0,144.0,144.0,144.0,144.0
B07RM58MPH,2121.0,2121.0,2121.0,2121.0,2121.0
B07RM6LW14,,11.0,,11.0,
B07RMD6X9X,,,,422.0,422.0
B07RMDBC4P,,,,,137.0
B07RMGT62F,,22.0,,,
B07RMH31S6,3977.0,,3977.0,,3977.0
B07RN1JNC2,,22.0,,,22.0
B07RN219K4,,,,,1321.0
B07RN67ZX9,5.0,,,,
B07RN76K26,,23.0,,,
B07RN7BGS4,,,,,4.0
B07RNCXSKC,,,,19.0,19.0
B07RNDJ3RS,12.0,,,,
B07RNGW3GK,,,,,251.0
B07RNL5PN7,,,930.0,930.0,930.0
B07RNP272D,5307.0,5307.0,5307.0,,5307.0
B07RNP85CH,,,,5307.0,5307.0
B07RNQF8VX,,,,61.0,
B07RP2C9XR,,,,,1321.0
B07RP6BJRY,,,,,67.0
B07RP748TW,519.0,,,519.0,519.0
B07RPL1HZ6,,,,,3.0
B07RPM11XL,110.0,,110.0,,110.0
B07RPRMK4W,5307.0,,,,5307.0
B07RPS29R4,,,,,134.0
B07RPS2Y8F,,,,,134.0
B07RQ42ZG8,,,,,71.0
B07RQ4SPC4,41.0,,41.0,,
B07RQ52X9Q,,,,,2727.0
B07RQ68WTD,,,,,2.0
B07RQCNZQD,,,,,9.0
B07RQPZQMF,,,5307.0,,5307.0
B07RQQ9V79,,49.0,,49.0,
B07RQQB3BL,,,,,135.0
B07RQS24HT,8.0,,,,
B07RQVL6XW,,,,,77.0
B07RQW77V9,268.0,,,,268.0
B07RQW85CM,,,,,111.0
B07RQWB7LP,,139.0,139.0,139.0,139.0
B07RQYPTR4,,,,,141.0
B07RR1S6S2,,422.0,422.0,,422.0
B07RRD4XC3,,,,,58.0
B07RRH938H,218.0,218.0,,,218.0
B07RRKHGGS,,,,25.0,25.0
B07RRMQ6TS,,,,,31.0
B07RRNKWKT,,,,,27.0
B07RRPGGXQ,,,,,24.0
B07RRPKJ7W,1667.0,,1667.0,1667.0,1667.0
B07RRSFMW9,5307.0,,,5307.0,
B07RRWJMF4,147.0,147.0,,147.0,147.0
B07RRZ8XJK,14.0,,,,
B07RS4YK5C,,,,3.0,
B07RS5C6XT,,,,,34.0
B07RSBCT9X,,,6.0,,
B07RSHRSVB,,,,,13.0
B07RSNBD4K,,,,,7.0
B07RSRFS3T,,793.0,793.0,,793.0
B07RSRLQLY,1730.0,,,,1730.0
B07RSTK17B,5307.0,,,,5307.0
B07RSXG2H8,,,,,2.0
B07RSZRGKL,,,,,437.0
B07RSZVK2R,,,,,437.0
B07RT1ZRX9,268.0,,,,268.0
B07RT3HZVC,,61.0,,,
B07RT4TCNQ,,,,,141.0
B07RT5DH95,,4.0,,,
B07RT6KHM2,3069.0,3069.0,,3069.0,3069.0
B07RT6S839,,,,,631.0
B07RTGK2V2,,24.0,,,
B07RTGM3K4,,,1564.0,1564.0,1564.0
B07RTL9LWK,,,,,41.0
B07RTW393Y,,,,,75.0
B07RTYHHTK,,,,,1.0
B07RV356MR,,,,,437.0
B07RV5WSZN,,111.0,,,
B07RV7GLWR,,,,268.0,268.0
B07RV9BTD8,754.0,754.0,754.0,,754.0
B07RVC2RRY,26.0,,,,
B07RVFF62R,1240.0,1240.0,1240.0,1240.0,1240.0
B07RW22Y4F,313.0,,,,313.0
B07RW236RL,,122.0,,122.0,122.0
B07RW5QSN1,48.0,,,,
B07RW7Y1NK,,,,468.0,468.0
B07RW8DNY1,142.0,,,,142.0
B07RW8T4XW,,,,,45.0
B07RWHLVD6,206.0,,,,206.0
B07RWL2VQK,,,1592.0,,
B07RWP4B8X,,,,,627.0
B07RX21N3Q,,,,,1592.0
B07RX2MRM7,,,4.0,,
B07RX733M8,,,38.0,,38.0
B07RX8SPY8,,,,,22.0
B07RXNGBKR,68.0,,68.0,,68.0
B07RXPBB68,,57.0,,57.0,57.0
B07RXQNLZS,47.0,,,47.0,
B07RXS9FHT,,,,13.0,
B07RYBQ8RX,,,9.0,,9.0
B07RYNTVNF,1378.0,1378.0,,1378.0,1378.0
B07RYQQR9D,,,,96.0,96.0
B07RYSK9B1,,,,,50.0
B07RYY45D3,,,,,80.0
B07RZ45QMZ,,,,30.0,30.0
B07RZQBJ5B,,47.0,,,
B07RZR478G,10.0,10.0,10.0,10.0,10.0
B07RZT5L4H,,,,,72.0
B07RZXRC6D,,,,,56.0
B07RZYZPBW,,,,,13.0
B07RZZTL6Z,3348.0,3348.0,,,3348.0
B07S1J33DM,134.0,,,,
B07S1QQVSY,44.0,,,,44.0
B07S1RFVWX,,56.0,,,
B07S1TBNN8,,,,,42.0
B07S217CWY,293.0,,,,
B07S2G38BW,,,,,511.0
B07S2T3CDX,,640.0,,,640.0
B07S2TVZY6,68.0,,,,
B07S354RHK,,,,,4.0
B07S35BVZH,,,,,8.0
B07S3HTW19,,,,,139.0
B07S3R29Y8,8.0,,,,
B07S3W472N,,,,,2.0
B07S49TQKR,119.0,,119.0,,119.0
B07S4FJJF3,,,,,121.0
B07S4GT8PS,,,53.0,,
B07S4K3RWV,722.0,722.0,722.0,722.0,722.0
B07S529KGB,3447.0,3447.0,3447.0,3447.0,3447.0
B07S5HP4LT,,,1.0,,
B07S5YRRGR,,,138.0,,
B07S63FF33,,,,,206.0
B07S63VY34,,,7.0,,
B07S69T2H2,,,,355.0,
B07S6FHYDB,,,,,227.0
B07S6R7422,,,,,9.0
B07S6S8M11,,,,,3.0
B07S71L9M1,,138.0,,,
B07S72Y3VB,56.0,,,,56.0
B07S75N7CX,178.0,,,,
B07S7K19W4,,,,,20.0
B07S7V197C,,1047.0,,1047.0,1047.0
B07S7ZKR1J,,,,783.0,
B07S8C2ZQS,,,136.0,,136.0
B07S8KXDNB,,,,,6.0
B07S8SB23K,,,6697.0,6697.0,6697.0
B07S8TSKN6,,,,,8.0
B07S8WR8W2,,,,68.0,
B07S8XGTRV,,,,,8.0
B07S8YY6KK,,,,,24.0
B07S912TC8,128.0,128.0,,128.0,
B07S928N8K,241.0,,241.0,,241.0
B07S92BDFT,,,,47.0,
B07S94QHQM,32.0,,,,
B07S9P8F93,5631.0,5631.0,,5631.0,5631.0
B07SB5RK2M,,,,,96.0
B07SBGQMM4,11.0,,,,
B07SBJWKQN,,54.0,54.0,54.0,54.0
B07SBKLSSM,,,,,48.0
B07SBS228P,5631.0,5631.0,5631.0,5631.0,5631.0
B07SBZ2PNV,,,,,7.0
B07SBZ8KQV,,,,,8.0
B07SC5QTWJ,,,,31.0,
B07SCKCSDC,160.0,,,,160.0
B07SCSGT72,,,,,51.0
B07SCX5J8G,942.0,942.0,942.0,942.0,942.0
B07SCZ4N9X,289.0,,289.0,289.0,289.0
B07SD39CG7,,,,23.0,
B07SD8CX64,1343.0,,1343.0,,1343.0
B07SDBVLPD,,,,60.0,60.0
B07SFC8S5V,128.0,,,,128.0
B07SFHKWHT,60.0,,60.0,60.0,60.0
B07SFT15M4,128.0,128.0,128.0,128.0,128.0
B07SFZRF8Y,3.0,,,,
B07SG11VV6,,,100.0,,100.0
B07SG5LQV8,,,,115.0,
B07SG73JDX,,,,,1223.0
B07SG74QS6,,,,,2792.0
B07SGDZ53Q,,,,,101.0
B07SGGNMF7,12.0,,,,
B07SGP28XW,,,,29.0,
B07SGW7154,,,,,64.0
B07SGX61JL,,,,,296.0
B07SH4M8MQ,,,,22.0,22.0
B07SH6QVY4,,,306.0,,306.0
B07SH74HVL,426.0,,426.0,,426.0
B07SH95RR6,,,1391.0,1391.0,1391.0
B07SH969S8,,,,,2792.0
B07SH96BBN,1223.0,,1223.0,,1223.0
B07SH96WK1,,,,,1223.0
B07SHFHWYH,148.0,,,,148.0
B07SHLWBQ4,761.0,,761.0,,
B07SHN9Q5R,,,100.0,100.0,100.0
B07SHQYK93,11674.0,11674.0,,11674.0,11674.0
B07SHR62CN,,3.0,,,
B07SJ8WBQ4,,,,,2792.0
B07SJBQ4JM,,,,,6.0
B07SJCY6Y6,846.0,,846.0,,846.0
B07SJDK9F4,,,,,710.0
B07SJDTVFY,,,,,710.0
B07SJDW897,,,,148.0,
B07SJF11MH,,,,,710.0
B07SJFP7RZ,,,,,710.0
B07SJGCBLB,,,,,710.0
B07SJM1Z5P,,,,,94.0
B07SJSGNYK,4.0,4.0,,,4.0
B07SJSJ4C3,,,91.0,,91.0
B07SJZKYYG,,,,1167.0,1167.0
B07SK6MRTW,4056.0,4056.0,4056.0,4056.0,4056.0
B07SK957C8,,,,1223.0,1223.0
B07SK9TZJH,,,,,94.0
B07SKBFBD7,,,1391.0,,1391.0
B07SKBY9KW,,,511.0,,511.0
B07SKF8189,,,,,79.0
B07SKG38QR,,148.0,,,148.0
B07SKG4W7N,,,,,710.0
B07SKHPG67,,148.0,,,
B07SKJ9XY7,,,,,710.0
B07SL1ZF9B,,268.0,268.0,268.0,268.0
B07SL3FH19,,1167.0,,1167.0,1167.0
B07SL4QC95,,,,14.0,14.0
B07SLBN7VY,2792.0,,,2792.0,2792.0
B07SLC939Z,1391.0,,,,1391.0
B07SLCNNGD,,,,,329.0
B07SLD5X8H,2792.0,2792.0,,2792.0,2792.0
B07SLP2YD2,,,,,10.0
B07SLRN875,,130.0,,,130.0
B07SLRY1TQ,,,3.0,,
B07SN15YW1,457.0,,457.0,,457.0
B07SNGH6PF,99.0,,,,99.0
B07SNHDGVJ,,,,33.0,33.0
B07SNS2R7N,,,,214.0,214.0
B07SP7MY8K,6638.0,6638.0,6638.0,6638.0,6638.0
B07SPB57RC,,48.0,,48.0,
B07SPD11SG,51.0,,,,
B07SPF7HDN,,,,12.0,
B07SPQ13ZS,,316.0,316.0,,316.0
B07SQ2WRMD,,,,,11.0
B07SQ6PWDQ,,,,,4.0
B07SQMCZNJ,,,10.0,,
B07SQPLH82,,,3.0,,
B07SQYLNRK,,,,,283.0
B07SR29MPQ,,,25.0,,
B07SR6YCBJ,5.0,,,,
B07SRDV7MQ,,,,,7.0
B07SRLPX68,19.0,,,,
B07SRPKYTV,,,,,11.0
B07SRV8RKN,249.0,249.0,249.0,249.0,249.0
B07SRV8W9Q,,6.0,,,
B07SRWHVSC,,,120.0,120.0,120.0
B07SS3DQHB,,,,,10.0
B07SS3Y7BG,,,,,1730.0
B07SS56XX9,,316.0,,,316.0
B07SSCH79N,,,,11.0,11.0
B07SSDNRTB,,,,,13.0
B07SST4G8N,1414.0,1414.0,1414.0,1414.0,1414.0
B07SSTZ35B,34.0,,,,
B07SSXS7NS,1557.0,1557.0,1557.0,1557.0,1557.0
B07SSZY6TB,,,3.0,,
B07ST5NLD1,2155.0,2155.0,2155.0,2155.0,2155.0
B07STJMMWK,,,,,78.0
B07STP76K9,,725.0,,725.0,725.0
B07STVT11S,,,,,42.0
B07STY938B,,,,,1366.0
B07STZ21YR,,,,123.0,123.0
B07STZPDSC,808.0,,808.0,808.0,808.0
B07SVJ8RDR,,,,,132.0
B07SWQCHCZ,,,,,58.0
B07SWQRDLF,,,,1.0,
B07SWZ1CVQ,15.0,,,,
B07SXCKZBC,,,,,624.0
B07SXFQ3J6,2861.0,2861.0,2861.0,2861.0,2861.0
B07SXFTFTS,6890.0,6890.0,6890.0,6890.0,6890.0
B07SXW881R,,,211.0,211.0,211.0
B07SY77TNC,407.0,407.0,,,407.0
B07SY79GCX,1.0,,,,
B07SY7WQGD,,,,50.0,50.0
B07SYHYZG2,,,,5.0,
B07SYJK1T8,,,,156.0,156.0
B07SYPXM88,,,,,23.0
B07SYX6LQ8,,,843.0,843.0,843.0
B07SYZSDVY,567.0,,,,567.0
B07SZ2QD62,9.0,,,,
B07SZ9JZHF,,,,2121.0,2121.0
B07SZ9K3V1,2121.0,,2121.0,2121.0,2121.0
B07SZ9Z4DX,,,,242.0,
B07SZGR89C,,,,,12.0
B07SZKYY95,465.0,,465.0,465.0,465.0
B07SZSH4HB,,135.0,135.0,,135.0
B07SZSJ7VF,,,,,116.0
B07SZSNGFL,,,,,222.0
B07T13YJR5,,,,156.0,156.0
B07T176R3F,,1799.0,1799.0,,1799.0
B07T18KCM3,546.0,546.0,546.0,546.0,546.0
B07T18RS5M,,,1.0,,
B07T193Y1Y,284.0,284.0,284.0,284.0,284.0
B07T19YD2N,,,,103.0,103.0
B07T1CB85D,1138.0,1138.0,1138.0,1138.0,1138.0
B07T1Q8ZMJ,1407.0,,1407.0,1407.0,1407.0
B07T1Q92PL,1542.0,,1542.0,1542.0,1542.0
B07T1Q96MC,,,,3423.0,3423.0
B07T1Q977G,,,,1407.0,1407.0
B07T1WLDP2,,128.0,,,128.0
B07T1XBDSL,,18.0,,,
B07T1Y5N6H,22.0,,,,
B07T24Q2M3,,,,121.0,121.0
B07T253TZY,5129.0,5129.0,5129.0,5129.0,5129.0
B07T2ZF7Q7,59.0,59.0,,59.0,59.0
B07T35NCJG,,,,,5.0
B07T39VMFX,258.0,258.0,,,258.0
B07T3BKC4S,2028.0,2028.0,2028.0,2028.0,2028.0
B07T3FKRF4,,,,,3.0
B07T3SNDHQ,1585.0,1585.0,1585.0,1585.0,1585.0
B07T3ZPZK7,8.0,,,,
B07T41YT1Q,59.0,59.0,59.0,59.0,59.0
B07T47RSHG,28.0,,,,28.0
B07T4KN3HS,,,,,242.0
B07T4NTYCP,,,,73.0,73.0
B07T4ST73B,,,,,14.0
B07T4TTM9J,,,,,15.0
B07T4X19YJ,,,1542.0,1542.0,1542.0
B07T55TZNW,,,,,48.0
B07T57X6CF,,,,,11.0
B07T5BLXZT,,,,20.0,
B07T5BRG1B,,,,616.0,616.0
B07T5QQ7MG,,,,,79.0
B07T61CJDY,,,3423.0,,3423.0
B07T66VHPT,,59.0,,59.0,59.0
B07T6LXX38,316.0,,,,316.0
B07T6ZV22Z,,,332.0,,332.0
B07T7GPQK5,,,,,5.0
B07T7NB8L9,,,,,48.0
B07T7VRD4M,,,,2.0,
B07T842WYK,,,,,30.0
B07T85VPHQ,47.0,,,,47.0
B07T885Z8V,663.0,,663.0,663.0,
B07T8BP46X,,,,,191.0
B07T8C336T,,,,,15.0
B07T8D7WNM,266.0,,,,266.0
B07T8KF3FY,,,,87.0,87.0
B07T8M8N89,10217.0,10217.0,10217.0,10217.0,10217.0
B07T98H6NZ,,,51.0,,51.0
B07T9BMHFX,578.0,578.0,578.0,578.0,578.0
B07T9DQPTY,,,,359.0,359.0
B07T9YNZKJ,,16.0,,,
B07TB11LGG,2294.0,,,,2294.0
B07TB3XRL9,,,,,76.0
B07TB8SJ44,,,59.0,,59.0
B07TBBBJBG,513.0,,,,513.0
B07TBBRZFV,,,,27.0,27.0
B07TBGXZY8,,,,,13.0
B07TBR7NCY,,,52.0,,
B07TBRJ1KD,,,,153.0,153.0
B07TC2MF66,,1378.0,,1378.0,1378.0
B07TC5Y23H,178.0,,,,178.0
B07TCB64K4,,,54.0,,
B07TCC1HRL,,,,,106.0
B07TCG2VKF,,,,247.0,
B07TCGKB9X,33.0,,,33.0,
B07TCK3JQS,,,154.0,,154.0
B07TD294CS,359.0,,,,
B07TD768G2,,105.0,,,105.0
B07TD94LSB,653.0,653.0,653.0,653.0,653.0
B07TD97V38,,,,,9.0
B07TF5P2V2,,,,,63.0
B07TF88ZSB,,,1541.0,1541.0,1541.0
B07TFBDLTF,,,,,146.0
B07TFD6BSG,201.0,201.0,,,201.0
B07TG1Q34S,,,43.0,,
B07TGCPZ5F,,,29.0,,
B07TGD22C3,,,,,8.0
B07TGFZHBM,,,,,105.0
B07TGGHG6C,,,19.0,,
B07TGGK2ZP,,,,,6.0
B07TGV4NXW,,,,,48.0
B07TH996G3,,,,279.0,279.0
B07THBSXDM,19.0,,,19.0,
B07THNK8YH,,,,393.0,393.0
B07THQFQXX,,,,105.0,105.0
B07THSWY7S,,,105.0,105.0,105.0
B07THSY6VQ,,,452.0,452.0,452.0
B07TJ743G8,,,209.0,,209.0
B07TJ8N2WH,,209.0,,,
B07TJB4XQY,,,,113.0,113.0
B07TJDCP8L,,,,5.0,
B07TJGK59H,484.0,,,,484.0
B07TJN3XLN,5376.0,5376.0,,5376.0,5376.0
B07TJNHJ6R,1032.0,1032.0,1032.0,1032.0,1032.0
B07TK1MKFP,,,,,7.0
B07TK34YRH,,,,,70.0
B07TK95M8F,424.0,,,424.0,424.0
B07TK9W48P,,,,,192.0
B07TKKYW6K,106.0,,,,
B07TKNFGTT,,,,,304.0
B07TKXGDWM,973.0,973.0,,973.0,973.0
B07TL7GVHX,,,,,98.0
B07TLB1RND,,,,53.0,
B07TLB8C5T,,,,116.0,116.0
B07TLBQN2C,,,,,25.0
B07TLCF77F,,,,,15.0
B07TLHNHF4,,,,,10.0
B07TLND6VN,,,,475.0,475.0
B07TLT931Z,5376.0,5376.0,5376.0,5376.0,5376.0
B07TLYFYVG,,29.0,,,
B07TM2F3YX,,,,,97.0
B07TM2FF3L,,,,,97.0
B07TM96YXT,,,,,5.0
B07TMGJNDX,42.0,,,,42.0
B07TMNPBHJ,,,475.0,,475.0
B07TMQ3YXG,,,,,76.0
B07TMQLVP1,,,,,89.0
B07TN47GBF,,4.0,,,
B07TN5CSLL,,247.0,,,
B07TNNYWRJ,,,,,5.0
B07TP1ZKNV,3035.0,,,3035.0,
B07TP2PQ35,,3731.0,3731.0,3731.0,3731.0
B07TP2VDBF,,,,,45.0
B07TP374PP,,3.0,,,
B07TPJ96YD,,201.0,,201.0,201.0
B07TPLL43L,209.0,,209.0,,209.0
B07TPM1WMW,,,,13.0,
B07TQJRZHM,,,,,11.0
B07TQS26ZB,5.0,,,,
B07TR4S8NL,,,,,164.0
B07TRL982S,,,,,24.0
B07TRM1BN2,,,,24.0,
B07TRPJ6SM,7.0,,,,
B07TS2WC95,,,,45.0,45.0
B07TS3YY6D,179.0,179.0,,,
B07TS6HRVR,,,,30.0,
B07TS7VSGX,2475.0,2475.0,,2475.0,2475.0
B07TSF69TV,,,,,21.0
B07TSGL3N2,,199.0,,,199.0
B07TSJVDWL,,,,,229.0
B07TSMZYL9,,,197.0,197.0,197.0
B07TSN4QYK,185.0,,,,185.0
B07TSWHQ1W,146.0,,,146.0,
B07TSWKN52,,,,,1.0
B07TT4YG64,23.0,,,,
B07TT6599Y,559.0,,559.0,559.0,559.0
B07TTB9TW9,,,,274.0,
B07TTBB2YP,,,,,270.0
B07TTFYDNQ,89.0,,,,89.0
B07TTQKYBF,,,761.0,761.0,761.0
B07TTS5MNT,,,,,2.0
B07TTSXPZH,,,,2.0,
B07TV1PHYX,,,,,12.0
B07TV4NF1W,,,,,24.0
B07TV91M7T,,,,134.0,134.0
B07TVD3C62,308.0,,308.0,308.0,308.0
B07TVJCC7B,,125.0,,125.0,125.0
B07TVNJBGZ,301.0,,,,301.0
B07TVX8XLC,,,,,31.0
B07TW5D4LC,,,942.0,942.0,942.0
B07TWKCR8K,,,,,52.0
B07TWW64VN,,,,,4.0
B07TWX9MYF,,,,,11.0
B07TX1572J,,,,,4.0
B07TX8ZRMG,,,,1.0,
B07TX92XTH,7626.0,7626.0,7626.0,7626.0,7626.0
B07TXBHFMV,,,,,13.0
B07TXD5RYC,4665.0,4665.0,4665.0,4665.0,4665.0
B07TXDKNXB,,,590.0,,590.0
B07TXDXJGJ,,212.0,212.0,,
B07TXFHF96,,,,273.0,273.0
B07TXFP1LF,270.0,,,,270.0
B07TXGBX39,,,,,59.0
B07TXP3ZWQ,82.0,82.0,82.0,,82.0
B07TXS1XFL,,3501.0,,3501.0,3501.0
B07TXXY9W4,,,,,761.0
B07TXZ59NW,,,,,40.0
B07TXZHYT7,229.0,229.0,,229.0,229.0
B07TXZSZS9,,129.0,,,129.0
B07TY5F27V,,,,,278.0
B07TYBCNJ4,12.0,,,,12.0
B07TYFMBBD,,,,,658.0
B07TYTCMZ9,496.0,496.0,496.0,496.0,496.0
B07TZ27J2X,,,,,761.0
B07TZ4PCWD,,,,,306.0
B07TZ7SBXT,,,,13.0,
B07TZ88BXC,,,149.0,,149.0
B07TZM74QW,,,106.0,106.0,
B07TZN36JN,,75.0,,,75.0
B07TZNBKL4,1863.0,1863.0,1863.0,1863.0,1863.0
B07TZQ3NQ4,306.0,,,,306.0
B07TZV7CBP,,2503.0,2503.0,2503.0,2503.0
B07TZVXPLS,,,52.0,,
B07V1FB4ST,,,,,1135.0
B07V1LY6ZC,,,,,68.0
B07V1Q4WCX,,1083.0,,1083.0,1083.0
B07V1QPJBL,,,,,11.0
B07V1RJQ4T,,60.0,,,60.0
B07V1YFSTJ,,,,,35.0
B07V225MCL,46.0,46.0,46.0,,
B07V22YQS8,167.0,167.0,167.0,,167.0
B07V23V6WG,52.0,,,,52.0
B07V2782NB,,,,,98.0
B07V2C34RQ,14.0,,,,14.0
B07V2CPYWF,595.0,595.0,595.0,,595.0
B07V2DSHYV,872.0,,,,
B07V2MQVVT,,,,,1.0
B07V2Q3H7G,,,,,57.0
B07V311PJZ,,,,6.0,
B07V36YYN9,3.0,,,,
B07V3BDFR8,320.0,,,320.0,320.0
B07V3HFLF5,,,,,60.0
B07V3JS245,9038.0,,9038.0,9038.0,9038.0
B07V3M3689,1089.0,1089.0,1089.0,1089.0,1089.0
B07V3VZ6CZ,,,5.0,,
B07V44DNN7,183.0,,,,
B07V44WQPQ,155.0,,,,
B07V45KFH6,,24.0,,,
B07V48Y9RM,,,,39.0,
B07V4J4MB2,,,,,196.0
B07V588G6X,2564.0,2564.0,2564.0,2564.0,2564.0
B07V592RLV,1082.0,1082.0,,1082.0,1082.0
B07V5LV1ZD,595.0,595.0,595.0,595.0,595.0
B07V5T1DXD,205.0,,205.0,,205.0
B07V5WMXY5,,26.0,,,26.0
B07V5WTP9N,34.0,,,,
B07V5WTWWK,34.0,,,,34.0
B07V61414N,,,,,65.0
B07V7CP24G,,,,399.0,399.0
B07V7S687P,,,1078.0,,1078.0
B07V7Z9V42,,,1135.0,1135.0,1135.0
B07V82JFVN,2509.0,2509.0,2509.0,2509.0,2509.0
B07V82SY34,4.0,,,,
B07V8GXGVC,,,,,13.0
B07V8RFJY2,9038.0,9038.0,,9038.0,9038.0
B07V8T376Z,1109.0,1109.0,1109.0,1109.0,1109.0
B07V9DD1B8,,,,108.0,108.0
B07V9N2F8F,,,,,91.0
B07V9S2T9M,48.0,,,,
B07V9Y4BRQ,,,116.0,,
B07VB24V6X,,,,,3.0
B07VB3JJH6,,,,,21.0
B07VB71ZSZ,,,,179.0,
B07VB8LQ53,,,,,72.0
B07VB9RV6P,,,,,488.0
B07VBFTWGS,2.0,,,,
B07VBJQ3LJ,6697.0,,6697.0,6697.0,6697.0
B07VBLL8Y4,,,,202.0,202.0
B07VBT6FNG,,,,,18.0
B07VC5J1Q2,,194.0,194.0,194.0,194.0
B07VC92C4D,442.0,442.0,442.0,442.0,442.0
B07VCCVL5Q,,80.0,80.0,,
B07VCGBCQB,2.0,,,,
B07VCHGZQ8,,,,,496.0
B07VCK9XCQ,1551.0,1551.0,1551.0,1551.0,1551.0
B07VCQCPTH,,,,,7.0
B07VD1S64N,,,87.0,87.0,87.0
B07VD1WKLX,,,,,1.0
B07VD56GJ6,,,9.0,,
B07VDCVYD7,,,553.0,,
B07VDK6ZXQ,,,,1551.0,1551.0
B07VDMPPQ7,,,,,61.0
B07VDMY464,,,,,38.0
B07VDT5WLT,,,,20.0,
B07VDZB2H5,,521.0,,,
B07VDZKJ2C,,,,,2.0
B07VF1R394,,,,164.0,164.0
B07VF43FCS,,232.0,,232.0,232.0
B07VF4MNWR,1277.0,1277.0,1277.0,,1277.0
B07VFHY8GD,93.0,,,93.0,93.0
B07VFK7VLB,,488.0,,,488.0
B07VFN67KN,1277.0,,1277.0,1277.0,1277.0
B07VFP9QV7,,,,,4239.0
B07VFQ4SSN,,,,2643.0,
B07VFW6X82,,,,,72.0
B07VFWXSGC,,,,20.0,
B07VG2DSPJ,156.0,,,,156.0
B07VG7C25P,38.0,38.0,,,
B07VG7NM2L,838.0,,,838.0,838.0
B07VG7P6V2,,,838.0,838.0,838.0
B07VG8QW5X,,,,,609.0
B07VGB3R6J,24.0,,,,
B07VGFJW8T,2606.0,2606.0,2606.0,2606.0,2606.0
B07VGTFPKJ,,,2643.0,,2643.0
B07VGTG46K,,,,,2643.0
B07VH32KDK,,,,,92.0
B07VH5YQX6,,,,273.0,273.0
B07VH7T6M6,38.0,,38.0,38.0,38.0
B07VH7WBTD,,,1457.0,1457.0,1457.0
B07VHH1BWR,510.0,,510.0,510.0,510.0
B07VHL9SXR,,,,,66.0
B07VHMQ84J,6230.0,6230.0,6230.0,6230.0,6230.0
B07VHMZ1VQ,112.0,,,,
B07VHNMPFS,1862.0,1862.0,1862.0,1862.0,1862.0
B07VJBHLP6,,,273.0,273.0,273.0
B07VJKCM1N,61.0,,,61.0,61.0
B07VJN11G8,,,469.0,469.0,469.0
B07VJN52L3,335.0,335.0,,,335.0
B07VJXDQR3,2.0,,,,
B07VK4W1XT,10.0,,,,10.0
B07VK5KRWF,,,,,13.0
B07VKCCXK3,,,,,609.0
B07VKL5BCJ,,,,717.0,717.0
B07VKNMT3W,212.0,,212.0,,212.0
B07VL1MQ2T,,,,,49.0
B07VL1XR2Z,,,175.0,,175.0
B07VLHYRQN,,,,,31.0
B07VLKB2RT,564.0,564.0,564.0,,564.0
B07VLLTKW6,,,,,19.0
B07VLYNX65,,,,,5.0
B07VM6VCCP,,,,493.0,493.0
B07VM9NZXH,,,,197.0,
B07VMHZR6T,,,,,9.0
B07VMQ6C2H,21.0,,,,21.0
B07VMS23BS,977.0,977.0,,977.0,977.0
B07VN2F1S2,233.0,233.0,233.0,233.0,233.0
B07VN4KHY6,717.0,,,717.0,717.0
B07VNDWKY3,,,,,70.0
B07VNK7VB2,,,,42.0,
B07VNKVLZN,,,,557.0,
B07VNP8MTB,,,,,616.0
B07VNQ36NG,,,,21.0,21.0
B07VNQT786,100.0,,,,
B07VNRJXC4,,,,,438.0
B07VNRRLMX,,,82.0,,82.0
B07VNS1LPG,,,,,68.0
B07VP2K1Y3,,,2.0,,
B07VP368Z3,67.0,,,,67.0
B07VP9YV5X,308.0,,,308.0,308.0
B07VPDW396,,,,,506.0
B07VPGYJZT,,,12.0,,
B07VPHPGH5,,,,,24.0
B07VPMLSVL,,,,,391.0
B07VPRWDBK,,,,,828.0
B07VPS2Q58,,,,,171.0
B07VPSZP8P,21.0,,21.0,,21.0
B07VPV8YDR,,,,,19.0
B07VQ1LX45,151.0,,,,151.0
B07VQ7LRPP,,,103.0,,103.0
B07VQFYF6D,,,,,182.0
B07VQV5NPY,,,,,106.0
B07VQVQZGM,,,,,2.0
B07VQZBQL8,165.0,,,,165.0
B07VR4PN34,,,,,143.0
B07VRV2V4J,,,,,828.0
B07VRV5CNQ,,,,,106.0
B07VRWLJWW,,,,,12.0
B07VRWQGPC,,,37.0,,
B07VRX44DX,,,,,828.0
B07VRX4K38,,,37.0,,37.0
B07VRXSD3T,,,828.0,,828.0
B07VS38Q3T,3.0,,,,3.0
B07VS46LHJ,,,,,11.0
B07VS4TR6F,,,,,13.0
B07VS6TDPG,,,,,192.0
B07VS7YPDK,,,,,15.0
B07VSC7JB2,,,,,157.0
B07VSDF8HP,,,,,146.0
B07VSKY467,,,,,462.0
B07VSPKNS9,1109.0,1109.0,1109.0,1109.0,1109.0
B07VSWH7HW,,,,,9.0
B07VTZW8WF,277.0,,,,
B07VV1J9DB,,17433.0,17433.0,17433.0,17433.0
B07VV7K1GQ,215.0,215.0,,,215.0
B07VVBFSF3,,,,,199.0
B07VVDRLBK,,,,,29.0
B07VVGK3Z7,,,,4.0,
B07VVGXMZQ,,9.0,,,
B07VVLJJX1,49.0,,,,49.0
B07VVMBK9T,1.0,,,,
B07VVMV89Q,,,,,62.0
B07VWM29SL,,,333.0,,333.0
B07VWMYHHN,298.0,,,298.0,298.0
B07VWN9JD1,139.0,,139.0,,139.0
B07VWSQNMG,,,,,620.0
B07VWVSTR3,,,133.0,133.0,133.0
B07VWVZNSQ,,,,,61.0
B07VWW1WQN,,,,,34.0
B07VWW25WY,,,,,49.0
B07VX95SXR,,,,,56.0
B07VXK12LQ,,,,,29.0
B07VXM2P36,18.0,,,,
B07VXMCM5J,,,55.0,,
B07VXS9PCY,,,,,363.0
B07VY1HFGR,179.0,179.0,,179.0,
B07VYJW5HL,3731.0,3731.0,,3731.0,3731.0
B07VYNY3D7,,,,10.0,
B07VYP69BF,,,,333.0,333.0
B07VYV8YY8,1064.0,,,1064.0,1064.0
B07VYW2LKT,,,,,68.0
B07VYZYLWP,51.0,,,,
B07VZ5BCM3,,,,,244.0
B07VZTJZN6,,,,,298.0
B07VZVWZKT,,,,,75.0
B07VZWPPG7,,,,,1227.0
B07VZWQVPS,,,,1865.0,1865.0
B07W1191FR,,,,,34.0
B07W12MSTD,,13.0,,,
B07W1YM9F9,,,,45.0,
B07W2XRK63,261.0,,,261.0,261.0
B07W3M3H5R,,,,134.0,134.0
B07W3R7V76,1586.0,1586.0,1586.0,1586.0,1586.0
B07W3S6YQV,,,671.0,671.0,671.0
B07W43QTKD,,,,,18.0
B07W445MB3,,,,,140.0
B07W4B7PNF,,,,,17.0
B07W4DJCV7,,,,,72.0
B07W4MT3MD,,,224.0,,224.0
B07W4X2TVG,75.0,,,,75.0
B07W4XL4SV,,,,,22.0
B07W5B6MRS,,,,,16.0
B07W5FNB84,,,53.0,,
B07W5TGTKD,16.0,,,,
B07W5Y7P7C,110.0,,,110.0,
B07W5YXG8X,,,,,30.0
B07W63G5W4,80.0,,,80.0,80.0
B07W65LKSK,,47.0,,,
B07W6D1WPQ,,,,671.0,671.0
B07W6RZ6DY,,,225.0,,225.0
B07W6YXQGG,334.0,,,,
B07W75YX39,,,158.0,,158.0
B07W79R9W1,,,,793.0,793.0
B07W7DCT8Z,,,,195.0,195.0
B07W7H6Y6R,,1330.0,,1330.0,1330.0
B07W7S1RLG,,,,,232.0
B07W7Z2YNQ,6.0,,,,
B07W837VP9,,,,,16.0
B07W8MHFLP,,1330.0,,1330.0,1330.0
B07W8VMLXT,,,,157.0,
B07W8WF861,,,17.0,,
B07W8WVPFK,,,948.0,,948.0
B07W8Y8RJC,,,,,20.0
B07W8Z7D27,,,,,225.0
B07W91G8XY,1.0,,,,
B07W936N1M,,,,,57.0
B07W95K3TL,,,1441.0,1441.0,1441.0
B07W981FN4,,7.0,,,
B07W9966XV,,,,,75.0
B07W9DKN5Y,,,,,517.0
B07W9LKMY1,,,,,100.0
B07WC25CRX,,,,684.0,684.0
B07WC39GKY,258.0,,,258.0,258.0
B07WC3HZNG,,,,4239.0,4239.0
B07WC8S774,,,334.0,,334.0
B07WCJFP8W,,89.0,,,89.0
B07WCJN559,,,24.0,,24.0
B07WCLHXMP,,,59.0,59.0,
B07WCLW5S5,308.0,308.0,,,308.0
B07WCWRGWD,,,,,58.0
B07WD91QYW,,,,,331.0
B07WD9LZG2,2038.0,2038.0,2038.0,2038.0,2038.0
B07WDPTQ3R,,,,92.0,92.0
B07WDSTCS4,256.0,256.0,256.0,256.0,256.0
B07WDWG3PW,337.0,,337.0,,337.0
B07WF1B1MV,,,,,95.0
B07WF7GTXS,,,,,134.0
B07WFFLQ7N,,264.0,,,
B07WFGN398,54.0,,,,
B07WFJ7YZ6,,,,,288.0
B07WFM8MVW,,,135.0,135.0,135.0
B07WFMFJQ6,,,,,135.0
B07WFMLK3W,,,,,179.0
B07WFNQV3M,,,,,50.0
B07WFP49FH,,,,210.0,210.0
B07WFTJQD3,,96.0,,,96.0
B07WFYYPVF,,,,,413.0
B07WG7T6K2,,,,68.0,
B07WGG7DLF,,,,8.0,
B07WGHFFPX,4.0,,,,
B07WGLTMX1,9.0,,,,
B07WGMQM8L,,,36.0,36.0,36.0
B07WGN94FL,,,,,86.0
B07WGNNNXX,,,,,62.0
B07WGR6F4R,7.0,,,,
B07WGRVN3H,,,,4.0,
B07WGS4XGC,,,,,21.0
B07WGT34YL,,,,,80.0
B07WGWD8FD,2928.0,2928.0,2928.0,2928.0,2928.0
B07WGWYS6G,,,,,210.0
B07WGXHBV3,,,9.0,,
B07WGXQ9YH,,,,,128.0
B07WH1QC64,,,829.0,829.0,829.0
B07WH2W39L,,53.0,,,53.0
B07WHCDPYW,,,7.0,,
B07WHF6TVD,,225.0,,,
B07WHH1J74,,,,,46.0
B07WHKVDXT,,,,,3.0
B07WHKZSK8,4294.0,4294.0,4294.0,4294.0,4294.0
B07WHLXMQ7,,288.0,,,288.0
B07WHLXR5Z,,,,,288.0
B07WHT5D1X,410.0,410.0,,,410.0
B07WHV7Z9J,,,502.0,502.0,502.0
B07WHWRMV7,721.0,721.0,,,721.0
B07WHXSH6R,,502.0,502.0,,502.0
B07WHZP2R7,,,,,127.0
B07WJ1RKWL,270.0,,,,270.0
B07WJFX6VV,,,,,55.0
B07WJGBMK8,735.0,,735.0,,735.0
B07WJGF226,,,,,21.0
B07WJJYXLY,,,,,26.0
B07WJX5XB1,118.0,,,,118.0
B07WK533WF,,,227.0,227.0,227.0
B07WKK2WFN,,,,,7.0
B07WKM4MTB,,,,,21.0
B07WLDKQK6,,,,,1330.0
B07WLP4J9D,5228.0,,5228.0,5228.0,5228.0
B07WLQ48F1,,61.0,,61.0,
B07WLSC6SN,,,,517.0,517.0
B07WMFMDSF,5228.0,5228.0,,,5228.0
B07WMNYDSC,,,179.0,,
B07WMQPG11,217.0,,,,217.0
B07WMQR1K4,324.0,,324.0,,324.0
B07WMR53XT,,,26.0,,
B07WMXBT4L,,,,,8.0
B07WMZK4BD,12.0,,,,12.0
B07WN18Q49,,,,279.0,279.0
B07WN1XS1D,,,,130.0,130.0
B07WN3KMJP,,,,,1400.0
B07WN45TL9,,,,,78.0
B07WN49FZ7,,,,,9.0
B07WNH8CWW,,160.0,160.0,,160.0
B07WNLV5SM,,,13.0,13.0,13.0
B07WNMR75T,,,,,104.0
B07WNNRNZV,,,,,210.0
B07WNVLDFV,1718.0,,1718.0,1718.0,1718.0
B07WNXJMW3,,,,,4.0
B07WP1DWH9,,,,,5.0
B07WP49V3T,690.0,,690.0,690.0,690.0
B07WP5GFJY,,,,104.0,
B07WP69245,,,,18.0,
B07WP694YN,,,5.0,,
B07WP6S7Z1,,,,,1601.0
B07WP81WX6,,,,,1492.0
B07WP89M92,,,,,6406.0
B07WP8SH33,,6406.0,,,6406.0
B07WPG7D38,,,,,33.0
B07WPLGBYT,,,,,1.0
B07WPT964Y,267.0,,,,267.0
B07WQFLQW1,,,,,266.0
B07WQKC9KQ,,,,40.0,
B07WQVF8PF,,,,,85.0
B07WQX2CHD,4643.0,4643.0,4643.0,4643.0,4643.0
B07WQYXT37,4447.0,4447.0,4447.0,4447.0,4447.0
B07WQZHN5M,,1274.0,1274.0,1274.0,1274.0
B07WQZL8MB,35.0,,,,
B07WR22R6P,,277.0,277.0,,277.0
B07WR2LRRH,,,210.0,,210.0
B07WR4K6SR,444.0,444.0,444.0,444.0,444.0
B07WR4RQBP,,132.0,,132.0,
B07WR4SNN5,,,132.0,,132.0
B07WR4ZXT8,,,,171.0,171.0
B07WR5MHN4,,,,,171.0
B07WR5MSSF,,,,,132.0
B07WR6WJ44,,,,,19.0
B07WR6YKJ2,347.0,,,,
B07WR8YT4B,,,223.0,,223.0
B07WRB87HM,,,,,171.0
B07WRBXTV8,,,,,171.0
B07WRHW47W,,,,,204.0
B07WRWTT89,,,,,4.0
B07WRXGMYJ,,,67.0,,
B07WS31WSF,,,574.0,,
B07WS5GB8Q,,,,,7.0
B07WS7F6WF,190.0,,190.0,,190.0
B07WS7X1QY,,,,,240.0
B07WSC7BB7,,,,11.0,
B07WSKG1WY,,,,,1274.0
B07WSM891D,,,,,195.0
B07WST7WJ1,,,,55.0,55.0
B07WSWJYF8,,,,,102.0
B07WSZH63V,3.0,,,,
B07WT116J5,,,,,190.0
B07WT19HNM,,,,,29.0
B07WT1DJNL,,,,,20.0
B07WT2TDJG,1132.0,,1132.0,1132.0,1132.0
B07WT61YGY,,,32.0,,32.0
B07WT6JLT5,,,62.0,62.0,62.0
B07WT78PK4,,,,839.0,839.0
B07WT8YRQ3,,,,8.0,8.0
B07WTBRP2V,,,,,7.0
B07WTKJLST,,,,,60.0
B07WTKLGVR,,,,60.0,
B07WTKMXXF,,,42.0,,42.0
B07WTTZDZ8,10.0,,,,
B07WTV4D2J,3382.0,3382.0,3382.0,3382.0,3382.0
B07WV71TS2,,,,833.0,
B07WVQ9GWT,,,,,1274.0
B07WW1GY3S,,,216.0,,216.0
B07WW5GJM2,,,,,739.0
B07WW5TDNN,,,,739.0,739.0
B07WWBTCKH,,573.0,,573.0,573.0
B07WWLKQHB,56.0,,,,
B07WWSBBF9,,,,,1274.0
B07WWTV9NP,,1400.0,,,1400.0
B07WWXVLJW,808.0,808.0,808.0,,808.0
B07WWZTQWY,39.0,,,39.0,
B07WXGDHK9,,,,,106.0
B07WXLSHNZ,,3.0,,,
B07WXMGHS5,,,,,80.0
B07WXXV38Z,,,189.0,,189.0
B07WYCFKZN,,,,833.0,833.0
B07WYCSQT4,,,,,1492.0
B07WYZ25TN,,,,,14.0
B07WZFZF6B,,235.0,235.0,235.0,235.0
B07WZMSL11,,,,290.0,290.0
B07WZR7NRP,,171.0,,,
B07WZS5MTB,,,,,151.0
B07WZYVBN9,,,18.0,,18.0
B07WZZK7ZQ,,2752.0,2752.0,2752.0,2752.0
B07X1389VF,,286.0,286.0,286.0,286.0
B07X1422L1,,,,,1441.0
B07X1GTGR5,,,11.0,,
B07X1H79JK,134.0,,134.0,,134.0
B07X1JFGSB,5011.0,5011.0,5011.0,5011.0,5011.0
B07X1S7WXR,89.0,,89.0,89.0,89.0
B07X1ZG26C,,87.0,,,87.0
B07X2BX882,,,,,43.0
B07X2CKWD8,163.0,163.0,,163.0,
B07X2GGMRG,,8700.0,,,8700.0
B07X2JJPFY,,153.0,,153.0,153.0
B07X2SWFWV,,,117.0,,117.0
B07X2WPP83,17.0,,,,
B07X2YVZND,,,,,1495.0
B07X37QNDD,1633.0,,1633.0,1633.0,1633.0
B07X3GR597,447.0,,,447.0,447.0
B07X3H6BJY,692.0,692.0,,,692.0
B07X3HC6DG,,,,,11.0
B07X3KCY1P,19.0,,,,
B07X412RNJ,,,,152.0,
B07X43LNX6,,,,87.0,87.0
B07X44WK9J,,,,,132.0
B07X453FBJ,151.0,,,151.0,
B07X47C6VD,,,,,30.0
B07X54DB3Y,,,,,66.0
B07X555ZH1,,,,,3.0
B07X55QS11,1357.0,,1357.0,1357.0,1357.0
B07X562VG5,,,,,60.0
B07X59K91W,38.0,,,,38.0
B07X5C1C19,744.0,,744.0,744.0,744.0
B07X5GCY3V,,,,,59.0
B07X5GLHWR,235.0,,,,
B07X5H8PK9,,,,,1212.0
B07X5WK1KV,,174.0,,,174.0
B07X5X5PPY,,,,,60.0
B07X6C9TSQ,,,,,1831.0
B07X6CCSJR,,,,,101.0
B07X6CT4F3,,,,,245.0
B07X7CQPQ6,,,,1833.0,1833.0
B07X7MK8LB,,,,,754.0
B07X7PKWTY,,,,108.0,
B07X7YMVDL,,,,,235.0
B07X82MCJX,,,,,25.0
B07X86VRNX,,,,,48.0
B07X8G77NK,1310.0,,1310.0,1310.0,1310.0
B07X8GQ22N,,,38.0,,38.0
B07X8MXDVM,,,,,5.0
B07X8PWV99,,,327.0,,327.0
B07X8QH5D7,4437.0,4437.0,4437.0,4437.0,4437.0
B07X8R3JKX,1191.0,1191.0,1191.0,1191.0,1191.0
B07X91NWD5,38.0,,,,
B07X921FNY,29.0,,,,
B07X9KX6SX,,16.0,,,
B07X9QC2RP,1331.0,1331.0,,1331.0,1331.0
B07X9QYCTT,,2627.0,2627.0,2627.0,2627.0
B07X9S6YGL,,,,,180.0
B07X9X2BN6,,,,1730.0,1730.0
B07X9YRDZD,,,182.0,,182.0
B07X9ZDSP6,,,562.0,,562.0
B07XB1WHD7,,29.0,29.0,,
B07XB5G46J,,,,,1878.0
B07XB5K6R2,,1878.0,,,1878.0
B07XB8VW8Y,,,,,14.0
B07XBJG878,,47.0,,47.0,47.0
B07XBPMBTF,,,88.0,,88.0
B07XBQZPHJ,,,,,96.0
B07XBRDP1Y,,,,45.0,
B07XBT95T8,,,,,276.0
B07XBW91XP,,,,78.0,78.0
B07XBYFS9Z,,,,345.0,345.0
B07XBZY1H3,,,,,43.0
B07XC126ZD,346.0,,346.0,346.0,346.0
B07XC4V98B,,,,,90.0
B07XC5QXBK,,,94.0,,94.0
B07XC8P3VN,,,,,40.0
B07XC97Z8C,,,,84.0,84.0
B07XCB5FGT,,,,,15.0
B07XCVKT4N,66.0,,66.0,66.0,
B07XCW159D,,,,,14.0
B07XCXDZFS,247.0,247.0,,,247.0
B07XCZ43WP,,,,,22.0
B07XD6LCG6,,,,,50.0
B07XD9RFGQ,,113.0,,113.0,
B07XDBS4PC,,,,,95.0
B07XDD67KJ,,,,1833.0,1833.0
B07XDFPYG8,,,,,8.0
B07XDKJ74Q,44.0,44.0,,,
B07XDLCKKN,,,,,20.0
B07XDSTLYS,120.0,,,,
B07XDXKT2K,,565.0,565.0,,565.0
B07XF15VF8,,,74.0,,74.0
B07XF23KPV,8.0,8.0,,,8.0
B07XF4VQXB,8239.0,8239.0,8239.0,8239.0,8239.0
B07XF826FZ,598.0,,598.0,598.0,598.0
B07XF8TK8L,,,,,195.0
B07XFC7FG6,803.0,,,,803.0
B07XFF6HMD,605.0,,,,
B07XFGWGJC,,,,,4.0
B07XFMX5FD,825.0,825.0,825.0,,825.0
B07XFZ8PM7,,,,158.0,158.0
B07XG4M2JF,,,,,45.0
B07XG4T2KY,38.0,,,,38.0
B07XG5YN6B,,,,,7.0
B07XG76YD7,,,,,14.0
B07XG87DJ7,,301.0,,301.0,
B07XG8FXZ9,,190.0,,,190.0
B07XGB5NL7,,,,,605.0
B07XGDPLXT,,,,,445.0
B07XGZ96N8,,749.0,749.0,749.0,749.0
B07XH1GVXM,5649.0,5649.0,5649.0,5649.0,5649.0
B07XH212FZ,,,,,204.0
B07XH2RRBH,29.0,,,,29.0
B07XH31ZKT,,,,,17.0
B07XH6NSSD,,1075.0,1075.0,1075.0,1075.0
B07XH6WSQ4,,,,54.0,54.0
B07XHZFMXN,,,,782.0,782.0
B07XJF5S93,,,,54.0,54.0
B07XJNFJZT,668.0,,,,668.0
B07XJQ224Z,493.0,,493.0,,493.0
B07XJSLS1D,,1108.0,1108.0,1108.0,1108.0
B07XJSXMZK,132.0,,,,
B07XJV5FFK,,1517.0,1517.0,1517.0,1517.0
B07XKHW6T1,,,1.0,,
B07XKPY6VP,,,,,26.0
B07XKZMLP8,,,,,7.0
B07XL8NB4Y,,,,,60.0
B07XLCMD4X,,,,,24.0
B07XLK1HMB,,,,,12.0
B07XLP7XT6,,,,,780.0
B07XLTTTN8,,,,,51.0
B07XLVS74Z,,184.0,,,
B07XLVTJQ1,,,,184.0,
B07XM52G7D,362.0,,,362.0,362.0
B07XM6GCS8,169.0,,,169.0,169.0
B07XMBMS41,706.0,,,,706.0
B07XMC34SY,,,,,680.0
B07XMC3L65,,684.0,,,684.0
B07XMHT5LW,482.0,,482.0,482.0,482.0
B07XMLR2QC,,,,,72.0
B07XMP7J8R,,,,,23.0
B07XNNYDCK,,,1992.0,1992.0,1992.0
B07XNTRJJ2,,,,,428.0
B07XNWPJMM,,,,,5.0
B07XNX8HKP,,150.0,,,150.0
B07XNYFTG7,112.0,,,,112.0
B07XNYKHF7,955.0,955.0,955.0,955.0,955.0
B07XNZWNGM,,,,,15.0
B07XP43RMZ,,,,35.0,
B07XP7HW9L,,,,,35.0
B07XPJVVMS,,,,,126.0
B07XPV4GMN,1365.0,1365.0,1365.0,1365.0,1365.0
B07XQ2X7NY,,,10.0,,10.0
B07XQ3RLNG,,,,,12.0
B07XQ5KL6P,,,246.0,,246.0
B07XQ97DQC,,,,,7.0
B07XQBSZPK,67.0,,,,67.0
B07XQH2P94,117.0,,,,117.0
B07XR1QHTM,,,2.0,,
B07XRFFTSX,,,,,1135.0
B07XRLTJKT,,,,,296.0
B07XS3SM71,,227.0,,227.0,227.0
B07XS86L9H,,,,1473.0,1473.0
B07XSJ7SWW,,,1473.0,1473.0,1473.0
B07XT16Z7B,,,,134.0,
B07XT523RH,1270.0,1270.0,1270.0,1270.0,1270.0
B07XT9613R,,,,136.0,136.0
B07XT9RC2R,1034.0,1034.0,1034.0,1034.0,1034.0
B07XTD3M37,,,,,7.0
B07XTFVH43,,,,48.0,
B07XTNNV75,2587.0,,,2587.0,2587.0
B07XTSH5Q7,,,,,1824.0
B07XTSQC9C,,,,780.0,780.0
B07XV2W37H,,780.0,,,780.0
B07XV3X2ZK,,,,,934.0
B07XV3Y359,,,,,1834.0
B07XV52Y5G,,,,,780.0
B07XVCCFDQ,631.0,,,631.0,
B07XVDBW8H,,13009.0,,,13009.0
B07XVFFCLM,17433.0,17433.0,17433.0,17433.0,17433.0
B07XVNH74Z,,,51.0,,51.0
B07XW4Z124,,,,184.0,184.0
B07XW72V7Q,,,,,309.0
B07XW7Q7W1,,,,,309.0
B07XWFZYST,,,,,184.0
B07XWHTVDP,,,,184.0,
B07XX213QN,1132.0,,1132.0,,1132.0
B07XXMDHFC,,,162.0,162.0,162.0
B07XXMF5V5,,,,,41.0
B07XXR6KLV,,,115.0,115.0,115.0
B07XXV6ZHD,,,,95.0,95.0
B07XXV87KQ,,,192.0,,192.0
B07XXYZG2V,1086.0,1086.0,1086.0,1086.0,1086.0
B07XY1Q9VM,,,,,1645.0
B07XY28TR9,574.0,574.0,,574.0,574.0
B07XY4Z66Y,,,,706.0,706.0
B07XY5Q7DQ,61.0,61.0,,,61.0
B07XYH1WDC,,,,1083.0,1083.0
B07XYK89L1,,,,,8.0
B07XYL25SM,,,,,680.0
B07XYQZXW5,,,706.0,,706.0
B07XYRCSL4,,,,,706.0
B07XYS86HG,6045.0,,6045.0,6045.0,6045.0
B07XYSRYBD,706.0,,,706.0,
B07XYTBKF1,,,,,50.0
B07XYTD6ZM,34.0,34.0,,,34.0
B07XYWXJY9,,,345.0,,345.0
B07XZ37F99,,,61.0,,
B07XZ545FT,,,11.0,,
B07XZFG7VG,19.0,,,19.0,19.0
B07XZLJ6VX,,,,,40.0
B07Y1PMBX1,,,,,12.0
B07Y1PW221,635.0,,635.0,635.0,635.0
B07Y1Q22VR,,,,,3.0
B07Y1Q3V38,10.0,,,,
B07Y1QJQ68,359.0,,,,359.0
B07Y1RV4BD,,,,,5.0
B07Y1SYXT3,,,12.0,,
B07Y1XGRBP,,510.0,,510.0,510.0
B07Y21HJZ3,,,,,1.0
B07Y21X12J,392.0,,392.0,,392.0
B07Y2GFJJY,19819.0,19819.0,19819.0,19819.0,19819.0
B07Y2LWLY2,,91.0,91.0,,
B07Y2Q756B,,,7.0,,
B07Y2R3G46,,,,,359.0
B07Y2V39TX,672.0,672.0,,672.0,672.0
B07Y38GS9R,2.0,,,,
B07Y3YXD3R,,,,,323.0
B07Y4LD63W,165.0,,,165.0,165.0
B07Y4WJCNF,,,,,15.0
B07Y4XRYLJ,,,,,108.0
B07Y519T36,,,,,34.0
B07Y52TRDV,,66.0,,66.0,
B07Y542T1Q,,,,,24.0
B07Y55ZCVP,,,,,50.0
B07Y57XDQP,2039.0,2039.0,2039.0,2039.0,2039.0
B07Y5DNH3B,,,,,5.0
B07Y5G67DQ,,,,,123.0
B07Y5LVD1N,,917.0,,917.0,917.0
B07Y5P891H,,,,,56.0
B07Y5X4YVC,,,,,16.0
B07Y5XJZK7,,,,14.0,
B07Y62GCNX,388.0,388.0,,388.0,388.0
B07Y64N9D7,,,,9.0,9.0
B07Y64X68N,1218.0,,,1218.0,1218.0
B07Y6S7V29,,,,860.0,860.0
B07Y8298XF,,,,2606.0,2606.0
B07Y84LZDF,,170.0,,,170.0
B07Y89Q7Y6,914.0,,914.0,914.0,914.0
B07Y8CGJFX,,362.0,,362.0,362.0
B07Y8D4DRR,,,,,42.0
B07Y8L297M,,,,445.0,445.0
B07Y8MT9QG,1299.0,,1299.0,1299.0,1299.0
B07Y8MX7C1,,,,,13.0
B07Y8QV256,,,,,1492.0
B07Y8R8B8X,,,,,576.0
B07Y8XTZST,,,,,63.0
B07Y8YC6P7,,,63.0,,
B07Y9LBWYS,,,182.0,,
B07Y9M662Y,,,,,4855.0
B07Y9NJFMH,687.0,,687.0,687.0,687.0
B07Y9WT22C,98.0,98.0,98.0,98.0,98.0
B07Y9X8VW8,17.0,,,,17.0
B07Y9XNSF1,1633.0,1633.0,1633.0,1633.0,1633.0
B07YB3R6HL,,18.0,18.0,,18.0
B07YBJ2NWM,,,,,602.0
B07YBJRYLB,,,,,8.0
B07YBKHSFX,,,,8.0,8.0
B07YBQLP2T,1359.0,1359.0,1359.0,1359.0,1359.0
B07YBYK7J8,,,86.0,,
B07YC4SXDP,,,,211.0,211.0
B07YC931XQ,,,,,9.0
B07YCDLJ4M,,,50.0,,
B07YCWG8HX,,,1087.0,,1087.0
B07YCZKC76,,,,,28.0
B07YD53R3V,,,,,29.0
B07YD5KP7B,49.0,,,,49.0
B07YDDL1SB,,36.0,,,36.0
B07YDDRPKS,,,,,17.0
B07YDGFM5K,,,,,27.0
B07YDGSMKB,93.0,,,,93.0
B07YDJYF8Y,111.0,111.0,,,111.0
B07YDZL6WN,,,,1811.0,1811.0
B07YF1QHB6,,,107.0,,
B07YF1W3JZ,,,,,1811.0
B07YF339BQ,,,6406.0,6406.0,6406.0
B07YF3GTGD,,,,,6406.0
B07YF3H1JR,,,,,6406.0
B07YF3P466,,,,,46.0
B07YF3S5LX,52.0,,,52.0,
B07YF45V3C,,,,,6406.0
B07YF511D7,,,,,57.0
B07YF54CDV,,,,6406.0,6406.0
B07YF5D195,,,,6406.0,6406.0
B07YFD1N7D,,,,,115.0
B07YFF8J23,,,,399.0,399.0
B07YFKB6LG,,,,,77.0
B07YFKK7QY,,45.0,,45.0,45.0
B07YFM3T71,,,,44.0,44.0
B07YFMLHC9,,,,,25.0
B07YFQ8RX7,,,,,195.0
B07YG3KC8N,,,244.0,,244.0
B07YG3VM42,,,,,54.0
B07YG6XS3W,3.0,,,,
B07YGB92YD,,,,,107.0
B07YGMN9Y9,,70.0,,,70.0
B07YGSGD2F,,,,,5.0
B07YGTTQBK,,7.0,,,
B07YHDPTFS,38.0,38.0,,,38.0
B07YHKM62H,,,,,38.0
B07YHLJ2GN,,,,,68.0
B07YHNMY21,,38.0,,,
B07YHRNTHP,,,,,38.0
B07YHWKX45,,,,,1.0
B07YJ6GQSQ,,,,,41.0
B07YJFFYNX,,,,,30.0
B07YJLHS8K,,500.0,500.0,,500.0
B07YJLQ64R,,31.0,,,
B07YJM1PG4,,,,,1319.0
B07YJNGHPR,,,66.0,,
B07YJSDJ9Q,50.0,,,,50.0
B07YJT7Q8G,31.0,,,,
B07YJVXTLK,,,1135.0,,
B07YKK8K7T,,,,,67.0
B07YKKLGXL,,,,44.0,44.0
B07YKKVQSJ,,,,,38.0
B07YKKY7Z1,68.0,,,,
B07YKRL4DM,38.0,,,,38.0
B07YLCG4QL,,,129.0,,
B07YLCZHXK,,,,,129.0
B07YLFZFP8,,,,,129.0
B07YM3V2SZ,54.0,,,,
B07YM5D697,,,,54.0,
B07YMK3X9M,506.0,,,506.0,506.0
B07YN6YNLN,133.0,,,133.0,133.0
B07YNC9JCG,3154.0,3154.0,3154.0,3154.0,3154.0
B07YNDYZZV,,,6.0,,
B07YNR173V,,,,1065.0,1065.0
B07YNTB1VT,,,,,1065.0
B07YNTG24B,,,,,1065.0
B07YNTG29H,1065.0,,,,
B07YNTPGR4,,,,,1065.0
B07YNTWXLG,,,,,1065.0
B07YNV54YT,,,,,1065.0
B07YNV7FBJ,,1065.0,1065.0,,
B07YNVK2MC,1065.0,,,,1065.0
B07YNW8TY8,1748.0,,,,1748.0
B07YNY7DYN,297.0,,,,
B07YNYBJTH,,,,1492.0,1492.0
B07YNYK6M8,,,,,1748.0
B07YNYMTKL,,,,,103.0
B07YNYPKMN,,,,,59.0
B07YNYWXH4,,,,1748.0,
B07YNZ3TM6,,,,,297.0
B07YNZ48Y6,,,,,1748.0
B07YNZHJT8,,,,,1748.0
B07YNZJ2TH,,,,297.0,297.0
B07YNZJCM9,,103.0,,,
B07YNZWYJB,,,,,1748.0
B07YNZXDWF,297.0,,,,
B07YNZZV3C,,,,,49.0
B07YP14149,,334.0,334.0,334.0,334.0
B07YP974TK,2632.0,2632.0,,,2632.0
B07YP9PCWM,2632.0,2632.0,2632.0,,2632.0
B07YQQN6DB,248.0,,,248.0,248.0
B07YRHR8RD,,,,27.0,27.0
B07YRYY6YC,,,,,5.0
B07YS2LDSG,232.0,,,232.0,232.0
B07YS3XDQ4,,,22.0,,22.0
B07YS9BL8V,,,,,303.0
B07YSVWVDG,,,,,189.0
B07YSZ91XQ,,8.0,,,8.0
B07YSZXFVY,101.0,,,,
B07YSZXLNK,,,,,101.0
B07YT32P5G,38.0,,,,38.0
B07YT38Q18,,,278.0,278.0,278.0
B07YTD8KLP,1559.0,1559.0,1559.0,1559.0,1559.0
B07YTH1Q92,,,,,247.0
B07YTJZDV4,,4239.0,4239.0,,4239.0
B07YV62ST7,,26.0,,,
B07YV6CK72,,,,,26.0
B07YVCHLW7,,,,,121.0
B07YW486NN,,70.0,70.0,,
B07YW582GP,,,49.0,49.0,49.0
B07YW6XGLV,,,,,15.0
B07YW9V4SD,,,,,80.0
B07YWC4265,6.0,,,,
B07YWS6JCT,864.0,864.0,864.0,864.0,864.0
B07YWSYPHP,96.0,,,96.0,96.0
B07YX1GX74,,,,,22.0
B07YX2LCBW,,,,11.0,
B07YX3YJ4B,,,,230.0,230.0
B07YX42PH7,,,,128.0,128.0
B07YX7N993,,,,44.0,
B07YXCT88Z,,,,,308.0
B07YXD4BKF,,,,,684.0
B07YXD5HW7,,,,,310.0
B07YXDF576,,,,,122.0
B07YXPF7T8,,,,,2105.0
B07YXTPJVX,,803.0,803.0,803.0,803.0
B07YXTYZSY,,,,,110.0
B07YXX29KF,,,17.0,,
B07YXZX1TM,,,4.0,,
B07YY1MKP9,,,,26.0,26.0
B07YY4VT5Z,,132.0,,,
B07YY74WH7,,,31.0,,
B07YYCFV75,233.0,,233.0,,
B07YYF8YMD,,,,1106.0,1106.0
B07YYP4VMH,483.0,483.0,483.0,483.0,483.0
B07YYRLWHM,,,,,103.0
B07YYRZLYJ,,,215.0,215.0,215.0
B07YYS2LFL,,,,,275.0
B07YYW9GFT,,,,,7.0
B07YYXZ48Z,25.0,,25.0,,25.0
B07YYZ5XJB,,,,,258.0
B07YZ42KN6,,,768.0,,768.0
B07YZ48BDW,,,,,1437.0
B07YZ5N42K,,,,94.0,94.0
B07YZ8DPMM,,,,,11.0
B07Z19PNY6,3042.0,3042.0,3042.0,3042.0,3042.0
B07Z1J24Y2,143.0,,143.0,143.0,143.0
B07Z1K71MD,,45.0,,45.0,
B07Z1N596X,,,,1732.0,
B07Z1P2GRY,,,,,1732.0
B07Z1PKGMN,,,926.0,926.0,926.0
B07Z1PKHQG,,78.0,,,78.0
B07Z1PVDC7,,,,135.0,135.0
B07Z1R1NGX,761.0,,,761.0,761.0
B07Z1S97CD,,,761.0,,761.0
B07Z1WLGL8,,,,,911.0
B07Z1YS1VD,27.0,,,,
B07Z1YSBNM,221.0,,221.0,,221.0
B07Z2M7YHG,,8.0,,,
B07Z2MLNBQ,802.0,802.0,802.0,802.0,802.0
B07Z385TLM,,,,349.0,349.0
B07Z3G1NDV,,,,,22.0
B07Z3G2XZ5,,27.0,,,
B07Z3J22PD,,,,,12.0
B07Z3NGQS4,,,,803.0,
B07Z3NVKHY,803.0,,803.0,,803.0
B07Z3PFVPB,,,,4.0,
B07Z4FB8KM,,278.0,,,
B07Z4NK2TQ,,278.0,278.0,,
B07Z4Q49LN,,,,,103.0
B07Z4R1NGK,147.0,,,,
B07Z4TRXJC,,99.0,,,99.0
B07Z4WGLSW,,,,21.0,21.0
B07Z4ZX329,,3.0,,,
B07Z52ZPLV,,,,,19.0
B07Z532C53,,,381.0,,381.0
B07Z53BWYR,75.0,,,,
B07Z5C19ZZ,,,,,163.0
B07Z5YXYHB,1332.0,,,,1332.0
B07Z61NZW7,,,,10.0,
B07Z634N7S,1332.0,,1332.0,,1332.0
B07Z63ZL63,,,,,27.0
B07Z674NVK,65.0,,,,
B07Z67VX43,,,,,1135.0
B07Z67XBQB,1135.0,1135.0,,,1135.0
B07Z69CHBQ,,,506.0,506.0,506.0
B07Z6DK2LT,,,,358.0,358.0
B07Z6GDL1Y,,,6.0,,
B07Z6PB32V,554.0,554.0,554.0,554.0,554.0
B07Z76N23V,1.0,,,,
B07Z7PGCGT,576.0,576.0,576.0,576.0,576.0
B07Z7S44S2,761.0,,,,
B07Z7TLXPC,,15.0,,,
B07Z7WK5V8,,,,,165.0
B07Z7YB5D6,,,,,182.0
B07Z8HD3YK,,,,,9.0
B07Z8HJX4N,,,,,6406.0
B07Z8QD4JJ,,,,,50.0
B07Z8XHVDB,,,20.0,20.0,20.0
B07Z8ZJ9QF,,,,,93.0
B07Z949F7K,,,,,25.0
B07Z94PYPB,965.0,965.0,965.0,965.0,965.0
B07Z95Q5MZ,,,39.0,,39.0
B07Z96XJNK,,,17.0,,
B07Z976DCC,,,,18.0,
B07Z98YKMH,,4075.0,,4075.0,4075.0
B07Z99LX4K,4075.0,4075.0,4075.0,4075.0,4075.0
B07Z9B1GPL,,4075.0,4075.0,4075.0,4075.0
B07Z9B27S6,,4075.0,4075.0,4075.0,4075.0
B07Z9J3M2T,16.0,,,,
B07Z9JJKHX,,,,16.0,
B07Z9JSLML,,,,,17.0
B07Z9WM6BR,102.0,102.0,,,102.0
B07ZB4B859,40.0,,,,40.0
B07ZB51DCH,,,,,50.0
B07ZB7GXH8,,,130.0,,130.0
B07ZBC4SKT,,,,,1.0
B07ZC7DS6M,,,,161.0,161.0
B07ZCLQRWG,32.0,,,,32.0
B07ZCLX88B,792.0,,,792.0,792.0
B07ZCM2BZ4,,,,,21.0
B07ZCNPLSS,,,,,51.0
B07ZCRBXCL,,2193.0,2193.0,2193.0,2193.0
B07ZCSXP6C,,,63.0,,63.0
B07ZCTTDNL,,356.0,356.0,356.0,356.0
B07ZCZYD1V,,,,19.0,19.0
B07ZD3QL7Q,407.0,407.0,407.0,,407.0
B07ZD86SXT,,,,,1.0
B07ZD9VS3X,3.0,,,,
B07ZDGJ1NW,66.0,,,,66.0
B07ZDJNWRD,801.0,801.0,801.0,801.0,801.0
B07ZDJXLZD,,,,,70.0
B07ZF3NFL2,1200.0,1200.0,1200.0,1200.0,1200.0
B07ZF9BDH9,,,,435.0,435.0
B07ZF9P6QW,,619.0,619.0,,619.0
B07ZFBW39W,617.0,,,,617.0
B07ZFGGBWN,,793.0,,,
B07ZFM58RB,3.0,,,,
B07ZFQ8XJT,,,,,20.0
B07ZFT6B6W,616.0,,,,616.0
B07ZFTV15Y,606.0,606.0,606.0,606.0,606.0
B07ZFXP9RL,,,,,61.0
B07ZG4WYJ4,54.0,,54.0,,
B07ZGC6TV7,,,,26.0,26.0
B07ZGD3559,,,,,72.0
B07ZH557NT,,,28.0,,
B07ZH5XPQ6,,,39.0,,39.0
B07ZH9CYBH,26.0,,,,
B07ZHJH4N9,,,108.0,108.0,108.0
B07ZHKWWDS,11.0,,,,
B07ZJJLPQN,,,162.0,,162.0
B07ZJS132J,194.0,,,,
B07ZJXYVJH,,,32.0,32.0,32.0
B07ZJYHF77,,,129.0,,129.0
B07ZJYJT87,129.0,,,,129.0
B07ZK1SVZQ,,,,,49.0
B07ZK7TND3,15.0,,,,15.0
B07ZKK1S44,,28.0,,,
B07ZKK778Z,,,,,23.0
B07ZKM1952,,3.0,,,
B07ZKRWW58,595.0,595.0,595.0,595.0,595.0
B07ZKRZ7MQ,,,,,1.0
B07ZKZJ7WD,154.0,,,,154.0
B07ZLHFYLK,104.0,,,,
B07ZLS4FYF,1.0,,,,
B07ZLWZMDF,429.0,429.0,429.0,429.0,429.0
B07ZM7RH4P,243.0,,,243.0,243.0
B07ZM828TJ,,,,,38.0
B07ZM9YJLF,253.0,253.0,,253.0,253.0
B07ZMKHF5S,,,,,101.0
B07ZMPKVWJ,12.0,,,,
B07ZMPRCV5,,,,,43.0
B07ZMVZ157,19.0,,,,19.0
B07ZMWFL2L,,46.0,,46.0,46.0
B07ZMWK8TR,,,16.0,,
B07ZN26M93,,,,,343.0
B07ZN28ZVL,,,,,345.0
B07ZN2916S,,343.0,,,343.0
B07ZN2GYBC,,,,,345.0
B07ZN2ZW7G,,,,,343.0
B07ZN91NY4,1092.0,1092.0,1092.0,1092.0,1092.0
B07ZN99TXW,,,,,1092.0
B07ZNBL955,,,,,195.0
B07ZNHC6DV,,,,28.0,28.0
B07ZNHD2Q9,,,62.0,,
B07ZNP6259,,,,,47.0
B07ZNRNNSP,,,,5011.0,5011.0
B07ZP2GF87,,,969.0,969.0,969.0
B07ZP46GFN,241.0,,,,
B07ZPDN6PS,1263.0,,,,
B07ZPF27WC,5.0,,,,
B07ZPNMNGZ,,,,,104.0
B07ZPQQ4HG,,,,54.0,
B07ZPYX2TX,,,,,2.0
B07ZQ2M5D7,321.0,,,,321.0
B07ZQ7YHHT,35.0,,,,
B07ZQBDYWL,4239.0,4239.0,,4239.0,4239.0
B07ZQLLPNS,313.0,,,313.0,313.0
B07ZQTYMV6,,,,,3.0
B07ZR523FQ,,,,1357.0,1357.0
B07ZRC3L6C,,,819.0,819.0,819.0
B07ZRD4926,,,305.0,305.0,305.0
B07ZRH5ZWH,,,,277.0,277.0
B07ZRJSQP3,,,,356.0,356.0
B07ZRMLZ3W,,1.0,,,
B07ZRX1MHQ,,,,,391.0
B07ZRX6SFW,,,,,391.0
B07ZRXNDY1,,,391.0,,
B07ZS34P3M,,,,,27.0
B07ZS7QF9Y,,,,,191.0
B07ZS97VCJ,,,,,191.0
B07ZSBXW3T,32.0,,,,32.0
B07ZSCH5VN,5204.0,5204.0,5204.0,5204.0,5204.0
B07ZSW4CCB,428.0,428.0,428.0,428.0,428.0
B07ZSZKGVF,,,,,1.0
B07ZT131VG,,,,,173.0
B07ZT35LB5,,,,13.0,
B07ZT3Y8PR,73.0,73.0,,,
B07ZT5DV28,,,,,18.0
B07ZT64G6Z,,,,,283.0
B07ZT8QK36,,,,,30.0
B07ZT8WTJB,615.0,,615.0,615.0,615.0
B07ZT933HX,,,,,541.0
B07ZTD7KMK,,,,,7.0
B07ZTNJMQC,,,,120.0,120.0
B07ZTQZXYL,,,,,16.0
B07ZTR4PWT,,,,,13.0
B07ZTR565J,,,,,15.0
B07ZTS4SDQ,,,,,25.0
B07ZV76Q5F,,,,13.0,
B07ZVGFRTM,,,153.0,,153.0
B07ZVLF781,,,,,4.0
B07ZVP5FFL,,495.0,,495.0,495.0
B07ZWH862M,198.0,,,,198.0
B07ZX6WSRP,,,,,112.0
B07ZX6XDK7,,,,62.0,
B07ZX78VFP,,,,,56.0
B07ZX916Z2,,,,,27.0
B07ZXB3S56,,,,,65.0
B07ZXB7ZKP,,,,,48.0
B07ZXR952D,3.0,,,,
B07ZY6MXS4,37.0,,37.0,,
B07ZYBMJT1,,,,,107.0
B07ZYHR5D5,,,,,246.0
B07ZYM5M8Q,2.0,,,,
B07ZYWKH66,,,,,18.0
B07ZZ5MTW1,11.0,,,11.0,
B07ZZK63ZB,,3.0,,,
B081122L4V,,,,,591.0
B08116PT1Q,,,375.0,,
B0811NLBHY,78.0,,,78.0,78.0
B0811NQ561,,,1469.0,,
B0811PG11D,,,53.0,,53.0
B0811RN8NK,24.0,,,,
B0811YF1P8,2352.0,2352.0,2352.0,2352.0,2352.0
B0812QNMTL,,14.0,,14.0,14.0
B081317TPH,437.0,,,,437.0
B081327XQK,,,,,3.0
B08133JDRP,,2.0,,,
B081342QZB,,,,,63.0
B081374YX7,,,,,18.0
B0813B5RLH,21.0,,,,21.0
B0813WWWDT,4910.0,,4910.0,4910.0,4910.0
B0813ZY1HD,,,,,13.0
B08145TK9P,,,,,18.0
B08146B1YC,,,,1379.0,1379.0
B0814DNYVL,,,,,8.0
B0814LHF7Z,112.0,112.0,112.0,112.0,112.0
B0814MBDHS,,,136.0,136.0,136.0
B0814TDSSJ,,,,,46.0
B0814V7RMT,,,,46.0,
B0814WP4T9,,,,7.0,
B0814XPM6N,,,,,127.0
B081513116,14.0,,,,14.0
B081563NJ2,,209.0,,,209.0
B0815778M4,,,,,209.0
B0816F48LB,,,,929.0,929.0
B0816G46NV,,,,,106.0
B0816KYD41,,380.0,380.0,380.0,380.0
B0816PPZHK,,1132.0,,,1132.0
B0816SFVWK,,,,,53.0
B08174VZHM,,,,,955.0
B08177TNM8,2320.0,,2320.0,2320.0,2320.0
B08177VXKN,,,,9.0,
B081786M3B,,9.0,,,
B0817HLTPK,,,,7.0,
B0817R8W7K,,,,,238.0
B0818KYPFV,,45.0,45.0,45.0,45.0
B08192LCND,,657.0,,657.0,657.0
B08193DK7X,657.0,,,657.0,657.0
B08198HSF4,,,,1248.0,1248.0
B0819947SC,,,,,1248.0
B081998DSL,,,,,1248.0
B0819D3YFQ,,,46.0,,
B0819FML2G,,63.0,,,63.0
B0819HN4L9,2.0,,,,
B0819PT82M,503.0,,,,
B0819TJQ6G,,,61.0,,
B081B1SYQF,,,,,268.0
B081B5FR1Q,,201.0,,,201.0
B081C2Q493,,,,36.0,36.0
B081C832QH,76.0,,,76.0,
B081CC66WL,,,,645.0,645.0
B081CLTTB6,,82.0,,,82.0
B081CSD9JX,1713.0,,1713.0,,1713.0
B081CSFD5J,1713.0,,,,1713.0
B081CSKXXJ,1713.0,1713.0,1713.0,1713.0,1713.0
B081CSP5KY,,,,4075.0,4075.0
B081CW6VP6,,,,,79.0
B081D23YJ5,,,,,55.0
B081D3477S,,,,3.0,
B081D8M689,,,,,64.0
B081DCLDB1,,,4.0,,
B081DCQZ4C,1473.0,,,,1473.0
B081DF1VMG,,,,,129.0
B081DN4J5H,,,,,33.0
B081DNZ72Q,1323.0,,1323.0,1323.0,1323.0
B081DRFLPF,,,,7.0,
B081F3LHKG,,,,,413.0
B081F3Y7FG,,,,,34.0
B081F7Y35K,,,,,12.0
B081GKZCBC,,254.0,254.0,254.0,254.0
B081GQ3F7H,67.0,67.0,,,
B081GR1V52,,67.0,,,
B081GW821L,21.0,,,,21.0
B081H2PF2R,,,492.0,,492.0
B081H2Y9LM,,,,,492.0
B081H6J415,,,,140.0,140.0
B081HD4B53,30.0,,,30.0,30.0
B081JHMLSD,88.0,,,88.0,88.0
B081JNJQQX,3306.0,3306.0,3306.0,3306.0,3306.0
B081JNSMPC,626.0,,626.0,626.0,626.0
B081JP1NQ7,7.0,,,,
B081JP8FCD,46.0,,,,46.0
B081JV72HJ,,,,24.0,
B081K4FNW9,,,,,75.0
B081K5Z61H,697.0,,,697.0,697.0
B081K8VH4J,,,211.0,,211.0
B081KQCD9J,,,,,152.0
B081KVDW7P,,,,,152.0
B081KX8NKM,,,,,71.0
B081L4DNJG,,,,,142.0
B081M2NYNS,,,,,16.0
B081N2KJ2L,1645.0,,1645.0,1645.0,1645.0
B081N52N75,,,,,39.0
B081N5HBGB,,,51.0,,51.0
B081N5Q4K4,,,,,78.0
B081N84R7K,,,39.0,,39.0
B081NV7PJ2,,,,,38.0
B081PG1TDD,,,,,359.0
B081PN3N5L,,,,,12.0
B081PVHC1P,,,,,6.0
B081PW6XXQ,,,,14.0,
B081PY7MFC,,,,,635.0
B081Q13G2H,1069.0,1069.0,1069.0,1069.0,1069.0
B081Q4P59B,,,,466.0,466.0
B081Q5DH4W,,,,,90.0
B081QFTRDW,,,,,1.0
B081QJT5PX,,,120.0,120.0,120.0
B081QQ6QV7,,,,,42.0
B081RJ6KLD,1235.0,,,1235.0,1235.0
B081RPNJ3V,,,,,187.0
B081SD634R,,,68.0,,
B081SJRGDF,,,,,118.0
B081SMBR77,1219.0,1219.0,1219.0,1219.0,1219.0
B081SN5BX3,774.0,,774.0,774.0,
B081SPR5Z8,118.0,,118.0,,
B081SYM6KX,,,,,19.0
B081T1D32M,,,,1437.0,1437.0
B081T4G1XG,,,,,53.0
B081T7KSP9,2302.0,2302.0,2302.0,2302.0,2302.0
B081TF2XWD,183.0,183.0,,183.0,183.0
B081TL5HYD,301.0,,,,301.0
B081TL8Y5H,,,,15.0,
B081TR8Q52,942.0,,,,
B081TX8PNB,164.0,164.0,164.0,,164.0
B081TY33F3,,1595.0,1595.0,1595.0,1595.0
B081V62QZ9,,288.0,,288.0,288.0
B081V8C988,,,,,8.0
B081VW9KFF,,,,,74.0
B081VZFQ2J,,,,27.0,
B081W52H6R,,,76.0,,
B081W7FX11,,,,,336.0
B081W9643P,848.0,,,,848.0
B081X7CNPG,10.0,,,,
B081XH4NL6,,,,,4.0
B081XRNJHD,914.0,914.0,914.0,914.0,914.0
B081Y2JSX5,,,,,4.0
B081YJ44LD,361.0,,,361.0,361.0
B081YMFCDF,,238.0,,,238.0
B081YN8DWL,,,238.0,,
B081YND3J2,,,592.0,592.0,592.0
B081YP897M,71.0,71.0,71.0,71.0,71.0
B081YPFLR7,71.0,,71.0,,
B081YQW7Z7,50.0,,50.0,50.0,50.0
B081YXFRJW,651.0,651.0,651.0,651.0,651.0
B081Z8G8B5,,,,,140.0
B081ZTVS4W,,,4.0,,
B08213WBCG,,,,,11.0
B08213YWTB,,,,,1437.0
B08214VCMJ,,,,,29.0
B0821LX9BT,,31.0,,,
B0821TBTBD,,878.0,878.0,878.0,878.0
B0821TTYFB,878.0,878.0,,878.0,878.0
B0821VS3ZM,878.0,878.0,878.0,878.0,878.0
B08223RWF5,759.0,759.0,,759.0,759.0
B08226MKXW,,260.0,,,
B08226SM9T,,,,,74.0
B08227YFS6,,,,,43.0
B0822FBFTC,796.0,,,796.0,796.0
B0822G2P26,,,,,24.0
B0822H1WML,,,,,10.0
B0822XRC4X,,,,,29866.0
B082311T8L,1278.0,,1278.0,1278.0,1278.0
B0823164DM,1278.0,1278.0,1278.0,,1278.0
B08231GLP1,1278.0,1278.0,,1278.0,1278.0
B082335W25,592.0,,,,592.0
B082336XZL,592.0,,592.0,592.0,592.0
B08234JR2Q,,,,,48.0
B08234KT7N,,,,,781.0
B082356RQP,,,,,781.0
B08235JH4C,,,,,781.0
B08235T5PK,,,,781.0,781.0
B08235X73C,,,,,781.0
B082368N3F,,,,,781.0
B082393VMS,107.0,107.0,,,
B08239X6TC,,,,,12.0
B0823C5VWZ,,,,,8.0
B0823G55QM,967.0,,967.0,,967.0
B0823GD5ST,967.0,967.0,,967.0,967.0
B0823GYK9T,194.0,,,194.0,194.0
B0823HGW6L,3313.0,3313.0,3313.0,3313.0,3313.0
B0823J5S73,,,,,20.0
B0823MTRSM,,26.0,,,
B0823QW259,25.0,,,,
B0823TBXMY,,,,,43.0
B0823YHVQ5,,,278.0,,278.0
B0824DG9KH,,,,,21.0
B0824JDKQ2,,,,,377.0
B0824JQNGN,,,,,377.0
B0824MQHG3,,238.0,,238.0,238.0
B0824X74RM,,,,,5.0
B0824YCBVW,48.0,,,,48.0
B082529PDD,492.0,,,,492.0
B08258NZMD,9.0,,,,
B0825K9JPJ,,,,,462.0
B0825KVR7L,,,,,462.0
B0825NDPG8,71.0,,,,71.0
B0825NF65Y,,,,,27.0
B0825RDZRG,,,,,13.0
B0825ZFCCG,22.0,,,,
B08263BGYS,,,173.0,173.0,173.0
B082654GK8,,,,,205.0
B0826VQCXV,,,,,27.0
B0826W98YK,,,,,36.0
B0827BYYV3,,,,,321.0
B0827HJ87T,,,,,14.0
B0827Q4DDL,,,,27.0,
B0827R84BX,,,,,32.0
B0827RTG89,,,,,10.0
B0828CLNV7,,803.0,803.0,,803.0
B0828H3FKW,,,,102.0,102.0
B0828JNRFR,,,,,88.0
B0828LV612,,,,,861.0
B0828Q5ZQ1,,,,329.0,329.0
B08294ZT68,,,,79.0,79.0
B082991WYR,,,,,50.0
B0829CLXZ6,469.0,,,,
B0829F49BH,,,,,10.0
B0829FV338,,,11.0,,
B0829G384F,21.0,,,,
B0829KYQ1N,358.0,358.0,,358.0,
B0829LHJGS,,73.0,,73.0,73.0
B0829LNS1Y,,,1432.0,,1432.0
B0829M4KD6,626.0,626.0,626.0,626.0,626.0
B0829N6RB9,,,,,106.0
B0829Q1P6V,,,,,109.0
B0829S3BKF,,,,,10.0
B0829SFV8D,34.0,,,,
B0829V2KBK,2.0,,,,
B082B3ZFWK,53.0,,,,
B082B6YVNZ,212.0,,,,
B082B9BS56,,,,,15.0
B082BGDN29,117.0,,117.0,117.0,117.0
B082BH7LTP,3465.0,3465.0,3465.0,3465.0,3465.0
B082CVWXVM,,54.0,,,
B082CY48N4,,,,24.0,
B082CY7G89,,,3.0,,
B082CYWSC3,,,,,24.0
B082D2Q1F5,,24.0,,,24.0
B082D75Q5T,,,,,1078.0
B082D7ZJR1,,1032.0,,,
B082D8Y354,,,,9.0,
B082DLRKL2,,,,197.0,197.0
B082DMJDRD,,,,,33.0
B082DNR359,,226.0,226.0,,226.0
B082DXQVRG,,,27.0,,27.0
B082F2V8TV,,,,,314.0
B082F38XY9,,,,,314.0
B082FCX3YS,,51.0,,,
B082FH3H6J,,,,83.0,83.0
B082FRTCW9,,,,,1.0
B082FSV291,,,,,10.0
B082G9ZRTV,,,,,5.0
B082GPLBHT,,,,,22.0
B082GPYLY8,,,,,437.0
B082GQCH1J,,,,,437.0
B082H2BLJS,,,,,1124.0
B082H5LGNJ,,,,1083.0,1083.0
B082H63TBW,,,,,101.0
B082H6GDDQ,,,,110.0,110.0
B082H75PY3,,,,3501.0,3501.0
B082H8Q8JX,,,13.0,,
B082H9TTFY,,2260.0,,2260.0,2260.0
B082HHDSWL,,,,,157.0
B082HJW27Z,,273.0,273.0,273.0,273.0
B082HQP6J7,,,,,128.0
B082HQWN6M,,,128.0,,128.0
B082HTF1SS,,,,17.0,
B082HTXPYD,,,,,129.0
B082HWCD61,101.0,,,101.0,
B082J61NCW,,,,84.0,84.0
B082J895WZ,,,6638.0,,6638.0
B082K6WYN3,,,,,273.0
B082K7GHN7,756.0,,,,756.0
B082K9ZYLF,50.0,,,,50.0
B082KG257H,,,,,6.0
B082KG38F7,,83.0,83.0,83.0,83.0
B082KGWWFM,10.0,,,,
B082KJ27HD,,,,,11.0
B082KJ84ZV,,,,17.0,
B082KKKRHX,,,,,6.0
B082KKN1TN,,,,,170.0
B082KLDYZW,,,,,23.0
B082KMDMV8,,,,2.0,
B082KSG3F6,1378.0,,1378.0,1378.0,
B082KTHT7V,126.0,,126.0,,126.0
B082LNGNQY,977.0,977.0,977.0,977.0,977.0
B082LQGHJC,,,782.0,,782.0
B082LR4RLM,,,,,346.0
B082LRFJBL,,,768.0,768.0,768.0
B082LRXXZZ,522.0,522.0,,522.0,522.0
B082LS193M,768.0,768.0,768.0,768.0,768.0
B082LVCWVV,5206.0,5206.0,5206.0,5206.0,5206.0
B082LVP21J,782.0,782.0,782.0,782.0,782.0
B082LX2ZR6,977.0,,,977.0,977.0
B082LXMMCH,,,20.0,,
B082LXYP1Q,522.0,,522.0,522.0,522.0
B082LZ1B13,,,,,8.0
B082LZKMPY,,,,143.0,
B082M32N92,,,,,2322.0
B082M5ZFF7,,49.0,,,
B082M8XP14,87.0,,,87.0,
B082MBTJ65,296.0,296.0,296.0,,296.0
B082MCRDXK,,,,,19.0
B082MMXDF7,,79.0,,,
B082MS7XKJ,,,,,294.0
B082MSW93N,208.0,,208.0,,208.0
B082MX7F8Q,,,,,6.0
B082NKQ3FS,,,,,8.0
B082NTY32G,,,,,117.0
B082P96JSD,,,,,15.0
B082PCBY4K,12.0,,,,
B082PLV5YN,,,73.0,73.0,73.0
B082PND8S6,,,,,119.0
B082PTXTYX,,,,,17.0
B082PVGMXY,,,,,16.0
B082PWQ25P,,,,,11.0
B082Q34HD6,,,47.0,,
B082Q5JN34,,,,,47.0
B082R24SDH,,,,647.0,647.0
B082R2FQHB,,3.0,,,
B082RBS8D6,,,,,45.0
B082RLZBWJ,,153.0,153.0,,153.0
B082RQ2987,,,,,23.0
B082S425TY,,,,,2.0
B082S9VG3P,8.0,,,,
B082SHPKT8,,,,,109.0
B082SJ6SDH,,,,154.0,154.0
B082SJLC9F,23.0,,,,
B082SJNMD8,,,,,33.0
B082SK3BYR,,,,23.0,
B082SMB3FK,,,,,13.0
B082SN4P51,24.0,,,,
B082SS9RTW,,,,,64.0
B082STBRRJ,230.0,230.0,,,230.0
B082SWK3GD,,125.0,,,
B082TLSHMS,,,38.0,,38.0
B082TMQ5F6,,,,,20.0
B082TNH2LX,68.0,,,,
B082TNZ1FD,,,49.0,49.0,
B082TRRLPB,,,,,12.0
B082TXKXCG,,,,,30.0
B082TYWD9K,,,,1.0,
B082TZHC3J,,,,,104.0
B082VR1QZS,,,,,64.0
B082VZRSVT,,,,,85.0
B082W1MQ7Z,17.0,,,17.0,
B082W36RSV,,,,30.0,30.0
B082WDT6HR,31.0,,,,
B082WFH15C,,24.0,,,
B082WGK6Y9,,,29.0,,29.0
B082WMBZGT,209.0,,,,209.0
B082WMQKX3,,,18.0,,
B082WRQPP6,,42.0,,,42.0
B082WZYKQM,137.0,,,,137.0
B082X4GFW1,,,,,47.0
B082X4WVC5,,,360.0,,360.0
B082X5BT7H,1219.0,1219.0,1219.0,1219.0,1219.0
B082X5HFQN,10.0,,,,
B082X74G3Y,107.0,,,,
B082X9HD4K,2003.0,,2003.0,2003.0,2003.0
B082XKYTV8,,,,,233.0
B082XNHF51,,,,56.0,
B082XNKP8G,,,,,12.0
B082XPVBD4,,751.0,751.0,751.0,751.0
B082XQ8849,,,,18.0,18.0
B082XQ97TP,50.0,,,,
B082XSSWCZ,,,,1437.0,1437.0
B082XTR231,,,,1437.0,1437.0
B082XXQNV7,512.0,512.0,512.0,512.0,512.0
B082XYHCGG,,,18.0,,
B082Y5GYHQ,,8.0,,,
B082Y6HW3R,224.0,224.0,224.0,224.0,224.0
B082Y6VBPF,,,,,124.0
B082Y8F9T7,73.0,,,,
B082Y928BV,,20.0,,,
B082YH4LVB,2851.0,2851.0,2851.0,2851.0,2851.0
B082YHWJZT,,,2851.0,,
B082YNDM22,,,,27.0,
B082YPLZ6P,,1682.0,1682.0,1682.0,1682.0
B082YQ3C3T,,,,,106.0
B082YRPTD4,416.0,,,416.0,416.0
B082YRQQP1,448.0,,448.0,,448.0
B082YSH7HZ,654.0,654.0,654.0,654.0,654.0
B082YSYLGW,,,,263.0,
B082YSZTBJ,4.0,,,,
B082YYKS6H,,,,,16.0
B082Z1ZPK4,,,,,945.0
B082Z28B1W,945.0,,945.0,945.0,945.0
B082ZLBPC4,,,,,1.0
B082ZPP4P7,,,,,10.0
B082ZXLFPQ,,,359.0,,359.0
B082ZZ6CVN,703.0,,703.0,703.0,703.0
B08313HLKJ,,,,,75.0
B08316TMHC,276.0,,276.0,,
B08318DLZ2,745.0,,745.0,745.0,745.0
B0831B4MYZ,110.0,110.0,110.0,,110.0
B0831D5W5K,,22.0,,,
B0831DB2NN,,,,,7.0
B0831FXDJF,,,233.0,233.0,233.0
B0831K7CLR,1645.0,1645.0,1645.0,1645.0,1645.0
B0831LMG68,,,1645.0,,
B0831QWKF4,,,,,335.0
B0831T5RYZ,,,55.0,,
B0831T8DND,,,,,269.0
B0832GRQB5,,5851.0,5851.0,5851.0,5851.0
B0832HH6X3,,,91.0,,91.0
B0832LZHTC,,,,,32.0
B0832N6KW5,,110.0,,,
B0832N6TW1,491.0,491.0,491.0,491.0,491.0
B0832XFNTJ,,,,,33.0
B08331YKWX,,,26.0,26.0,26.0
B08332HFK2,,,,,131.0
B08332W1D4,,,,,131.0
B08332Y58Z,,,,131.0,
B08337B685,,,,,374.0
B0833F356M,,,,,64.0
B0833VY3D3,,,,,22.0
B0833W84N9,,,,,57.0
B0833WZC6P,190.0,,190.0,,190.0
B0833X49RH,,,,,71.0
B08341JW9B,45.0,,,,
B08346Y1XZ,,,,,125.0
B0834V38B1,,512.0,512.0,,512.0
B0834XZWWF,203.0,203.0,203.0,,
B0834YH234,,,,,24.0
B0834Z6ZD5,2.0,,,,
B083537C2M,53.0,,,,
B08358D12D,,228.0,,,228.0
B08359HJ5G,,1473.0,,1473.0,1473.0
B0835B6C8W,,,1473.0,,1473.0
B08367NNNW,,,,123.0,
B0836HMXCQ,,,,,147.0
B0836S1MXY,351.0,351.0,,,351.0
B0836TGKYM,45.0,,,,
B0837FKNDQ,,,,84.0,
B0837GTY9W,,,,,99.0
B0837JZ2RW,,,,39.0,
B0837RSPBS,,,,,68.0
B0837WP647,,,,,45.0
B0837XHNNF,,,67.0,,
B0837YPYY5,,,52.0,,52.0
B0838BKLFF,,,,206.0,206.0
B0838WQW4R,,,,,262.0
B0839J1WJT,,,,,368.0
B0839PRS2H,,,,,55.0
B083B7Q76L,,,,164.0,164.0
B083B8T5RF,,,510.0,510.0,510.0
B083BQ68T8,504.0,,504.0,504.0,504.0
B083BRX5F3,,,12257.0,,12257.0
B083C4BJD6,,,,98.0,98.0
B083C5V4JW,,,,,154.0
B083DFVQB9,,,,,49.0
B083DL1KHP,17.0,17.0,,,
B083DL2SVV,,,,,24.0
B083DLGVL5,430.0,,,,
B083DNBXTP,,,,,18.0
B083DVCWKS,3.0,,,,3.0
B083F59FTM,1300.0,,1300.0,1300.0,1300.0
B083F5Q4PQ,,,13.0,,
B083F7NTL2,,,,,15.0
B083F7PBS9,,,,,2.0
B083FJXKV8,742.0,,,742.0,742.0
B083FK62FF,,,,,41.0
B083FKMVY5,,,204.0,,
B083FKVV5P,,,,204.0,
B083FM5JTC,,,487.0,,
B083FMM6BG,72.0,,,,72.0
B083FNDMDM,9.0,,,,
B083FPQ77W,,,,,144.0
B083FPY7PG,,,,,28.0
B083G458HF,,,,,11.0
B083GF1CTY,499.0,,499.0,499.0,499.0
B083GMDGMY,,,,8.0,
B083GV4FGD,84.0,,,,84.0
B083GX7DZ3,,101.0,,,
B083HB5XBP,,,,183.0,183.0
B083HGD6MW,,16.0,,,16.0
B083HKXS7H,,,,2151.0,2151.0
B083HL3NYK,52.0,,,,52.0
B083HMJ6QN,,,9260.0,,9260.0
B083HS757W,,,,,6.0
B083HWR5K4,,,,,137.0
B083HYSCT1,,,,,89.0
B083HYVD5Y,,736.0,736.0,736.0,736.0
B083HZR42N,,,,,11.0
B083J11XMX,,,,,20.0
B083J692RT,63.0,63.0,,,
B083J69X38,,66.0,66.0,,
B083J7BW8F,66.0,,,,66.0
B083JJ86LX,,,,,12.0
B083JJHSR9,12.0,,,,
B083JM6NLQ,,,54.0,54.0,54.0
B083JM76WW,680.0,680.0,680.0,680.0,680.0
B083JMQL1Z,,,9260.0,9260.0,9260.0
B083JMVV7R,,,,9260.0,9260.0
B083JPRQLM,252.0,,,,
B083JWHKHD,,,,,15.0
B083JYNH12,,,,,25.0
B083K1LPSF,,,,17.0,
B083K1MN2F,249.0,,,249.0,249.0
B083K2DF2D,,,13.0,,
B083K8CZL1,,,,7.0,7.0
B083K94TDF,,,,140.0,140.0
B083KHKXKX,66.0,,,,
B083L3DRVG,8278.0,8278.0,8278.0,8278.0,8278.0
B083L46CMG,132.0,,,,132.0
B083LHR7XF,,,894.0,894.0,894.0
B083LVT37P,,,,,42.0
B083LW9BNC,,,,,238.0
B083LZFXYW,,,,,3.0
B083LZXKKC,,,,,1.0
B083M1563T,,,,,2.0
B083M17HH1,,,,,51.0
B083M19BQH,,,,,68.0
B083M1GVGH,,,14.0,,
B083M1N7QS,,,,,13.0
B083M1Q4QZ,,,,,4.0
B083M1SKZW,,,12.0,,
B083M237Q5,,,,,6.0
B083M26VS3,,,,,15.0
B083M32BKL,,,52.0,,
B083M3NJKG,1.0,,,,
B083M444S4,,60.0,,,60.0
B083N8VR9Y,96.0,,,,96.0
B083NCPRYG,,,,,27.0
B083NCWNPH,96.0,,,,
B083NFNYY2,,,,,134.0
B083NJT73H,,,,,422.0
B083NQ8HR3,893.0,893.0,,893.0,893.0
B083NQZDV5,,,,422.0,422.0
B083NSB83K,,529.0,,,
B083NT4ZT8,170.0,,,170.0,170.0
B083NTK614,,,,,170.0
B083NWW3BS,,,,,12.0
B083NYZ1Y5,,,,,41.0
B083P3QSQZ,,,,,27.0
B083PQ85RG,,44.0,,,
B083PRVFDD,37.0,,,,
B083PTP9CC,,,,9.0,
B083PZW632,16.0,,,,
B083Q9638P,,,233.0,,233.0
B083QJ7JX3,,,,,8.0
B083QJQ6MV,,,,454.0,454.0
B083R3QC9Q,,,,,49.0
B083R7B8BB,,,469.0,469.0,469.0
B083RYXWLP,117.0,,117.0,,
B083RZN2RZ,524.0,524.0,,524.0,524.0
B083S79MRL,1258.0,1258.0,1258.0,,1258.0
B083SBGXPP,,,,,13.0
B083SBJCLT,,,,,38.0
B083SCR6ZV,,,14.0,,
B083SCRK35,,,19.0,,
B083SCYQ58,,,3731.0,3731.0,3731.0
B083SFP8LF,524.0,524.0,,524.0,524.0
B083SKRQFB,,,,,104.0
B083SN33CC,,,66.0,,
B083SNY6S6,,,,,10.0
B083SQYWQT,,363.0,,,363.0
B083SRV13K,,614.0,614.0,,614.0
B083SSQBN4,,,,,766.0
B083STFZVF,,,,,2.0
B083T855QW,22.0,22.0,,,
B083T88M79,87.0,87.0,,87.0,87.0
B083TB9Y43,425.0,,,,425.0
B083TCRVSN,4.0,,,,
B083THY6NW,,,,,2.0
B083TRZTQ6,9.0,,,,
B083TZQYM4,,,2260.0,2260.0,2260.0
B083VT127S,,,,148.0,
B083VTQSP6,,,,,108.0
B083VWKMPN,,,12.0,,
B083VYVPGR,,,,,22.0
B083VZYZXN,987.0,987.0,,,987.0
B083W87GZJ,,,,,987.0
B083W928XZ,,,,,30.0
B083WFQGZC,,,,120.0,120.0
B083X85KQ5,,,,23.0,23.0
B083XCCRZW,748.0,,748.0,748.0,748.0
B083XGBT96,748.0,748.0,748.0,748.0,748.0
B083XGZFLD,767.0,,767.0,767.0,767.0
B083XK7M3D,,,767.0,767.0,767.0
B083XKSC1V,127.0,,,127.0,
B083XMRFV5,,,102.0,,102.0
B083XPNGLM,,,,,10.0
B083XRD5HS,,,,,18.0
B083XSQF2G,,,,767.0,767.0
B083XV3XW2,,,,,8.0
B083XW92ZG,,,,39.0,39.0
B083XXBH63,,,,90.0,90.0
B083YTHBF9,780.0,,,,
B083Z6CG95,,,,,1.0
B083ZDGHGF,,,222.0,,222.0
B083ZFPP53,,,1.0,,
B083ZL598L,,,,,91.0
B083ZLYXFH,,,,,21.0
B083ZM9BLB,127.0,,,,
B083ZQBTPB,,,,,29.0
B08413XN9W,,,,110.0,
B0841VBYFS,,,,,79.0
B0841VG9YR,,,,,105.0
B0842HVHWP,,,,1.0,
B0842N483H,1.0,,,,
B0843MV6WF,321.0,,,,321.0
B0843PVGRD,,,,,16.0
B0844LS8W4,,,,,4.0
B0844R3CBJ,,,,,346.0
B0844Y52KQ,1.0,,,,
B0845LZ8KD,,,,,147.0
B084686P1Y,42.0,,,,
B0846BGRVF,,635.0,635.0,635.0,635.0
B0848Q6J48,,,948.0,,948.0
B0848TXV89,,,,,21.0
B0849JZMLT,,,,,45.0
B0849TJHKB,,,,,212.0
B0849YDPHY,,,,,34.0
B0849YFKCQ,,19.0,,,
B084C3D6VZ,,,,,35.0
B084C5332L,,,,,19.0
B084CXVK6J,,,12.0,,
B084D8S3KL,,,,,1.0
B084D9LFGL,1219.0,,,1219.0,1219.0
B084DVNXTS,23.0,,,,
B084GMFTPH,,,,1.0,
B084GR187S,,,,,1.0
B084GWFX9R,,,,,183.0
B084H68TC5,,,1473.0,,
B084H69SY6,,,,,1473.0
B084H6BD7C,,,,1473.0,1473.0
B084J6XWHZ,2688.0,,,,2688.0
B084JF1TM4,33.0,,33.0,33.0,33.0
B084KGZBJX,,,55.0,55.0,55.0
B084KMK758,,,14.0,,
B084KQ7LHJ,,,119.0,,119.0
B084KRQ1J2,,,,,12.0
B084L8RRVS,,,,,14.0
B084L9WSMB,,,,,3.0
B084MNLH1K,13931.0,13931.0,13931.0,13931.0,13931.0
B084P28S79,,,,,31.0
B084P964NW,,,,,645.0
B084Q2ZXF7,320.0,,,320.0,320.0
B084QCXTCQ,,,,95.0,
B084RC9275,,,,,2.0
B084S5ZZ58,1135.0,,,,1135.0
B084SC6Z1V,,,112.0,112.0,112.0
B084SS61XN,,,,,1135.0
B084V1ZPTB,13.0,,,,
B084V23Q7G,,,,,14.0
B084V58LVY,,,,5.0,
B084VFNK5P,,,,,98.0
B084WP3XBJ,,,,,164.0
B084X5FTC7,,,,,62.0
B084YQQZX4,6209.0,6209.0,6209.0,6209.0,6209.0
B084YWF8J3,,,,,17.0
B084YY8QLP,,,,,140.0
B084Z3CDDC,,,,,80.0
B084Z5533S,,,,,627.0
B084Z5GQTV,,,,,140.0
B084ZD7466,,,1684.0,,1684.0
B084ZGDT1K,115.0,,,,
B084ZHJND8,,,,,21.0
B084ZHQNXM,,,,,79.0
B084ZT24ZH,2.0,,,,
B08511TJM4,,,,,76.0
B085184VPW,,,,,109.0
B0851K767T,11.0,,,,
B0851MPPJK,,19.0,,,
B0851Q1JX4,,769.0,,,769.0
B0851QDK1T,,,,,26.0
B0851XRS2K,,,,,756.0
B0851ZM14C,5.0,,,,
B08522N6BM,,,,,49.0
B085315X6P,69.0,,69.0,,69.0
B08531KYB2,63.0,,,,63.0
B08531WPRS,,,1.0,,
B085324DC5,,,,,27.0
B08533J69M,,,,,71.0
B08539BHQM,,,,,29.0
B085443Q2H,,,,848.0,848.0
B085444JJT,,,,,117.0
B08546QV1V,,,,,121.0
B08548GR9G,,,,150.0,150.0
B0854FJ3KC,,,117.0,,
B0854FSSM4,,,,75.0,75.0
B0855DHDH6,370.0,,,,370.0
B0855M11HL,6.0,,,,
B0855NJRNS,7.0,,,,
B0855QRYDC,370.0,,,,
B0855YYBYP,,,,,34.0
B0856QDZ5B,,,,,1219.0
B0856RPX12,596.0,596.0,596.0,596.0,596.0
B0856XR88B,441.0,,,,441.0
B0856Z6XS3,,,123.0,,
B0856ZBHN3,,440.0,,,440.0
B0856ZKGVD,,,,,52.0
B0856ZYRK1,213.0,,,,213.0
B08573JWGG,1042.0,,,,1042.0
B08573KGFS,,,,,1219.0
B08573L2KV,,,,,1219.0
B085764QGV,17.0,,,,
B08576T5LM,,,,26.0,
B08576VYF4,,,,,123.0
B08577DY4N,,,,,1218.0
B08578667J,,,,,848.0
B085788LD9,,,,,29.0
B0857B83N8,,,,,8.0
B0857CWQZR,507.0,,507.0,,507.0
B0858WSG39,,,,176.0,
B0858WXH1X,13.0,,,,
B0858YRCX9,,,,187.0,187.0
B0858YTMCS,,158.0,158.0,,
B08591D86W,,,,,240.0
B08593CFWW,,,,,20.0
B08594S8X2,113.0,,,113.0,
B08596W2PJ,,,,115.0,115.0
B085979TZ4,,,,232.0,232.0
B0859D2YZY,,,118.0,,118.0
B0859DKPZ6,,,,,9.0
B0859FYGY4,,,,,8.0
B0859GG5T7,,,287.0,287.0,287.0
B0859HNMR7,,,69.0,,
B0859S3VFR,,,8.0,,
B0859WTP6F,,,,,94.0
B085BG2NV3,,,,,33.0
B085BND847,,,149.0,,149.0
B085C1FBV3,,,,,214.0
B085C264MG,,,512.0,512.0,512.0
B085C2HR6G,,,2168.0,,
B085C2P8JN,,,,,231.0
B085C32FRH,,,,,94.0
B085C65MQ7,1187.0,1187.0,1187.0,1187.0,1187.0
B085C6RYC4,,644.0,,644.0,644.0
B085C8W8YY,,,,40.0,
B085DCQP99,538.0,,538.0,538.0,538.0
B085DHKDQW,,,,,105.0
B085DLZRRQ,,,,,26.0
B085DZJ81G,,,11.0,,
B085FWHDZ2,,,,,13.0
B085G1CN9Q,,,,,1139.0
B085G68CZL,441.0,441.0,441.0,441.0,441.0
B085G77DR6,,,,,151.0
B085G78N2K,,275.0,275.0,275.0,275.0
B085HB3GYX,,,7.0,,
B085HCHH4W,1496.0,1496.0,,1496.0,1496.0
B085HK2GGP,60.0,,,,60.0
B085HK9XY4,1496.0,1496.0,1496.0,1496.0,1496.0
B085HLQ6RB,,40.0,,,40.0
B085HMFRHX,,,,,7.0
B085HNPM63,11.0,,,,
B085HQ78JZ,1901.0,,,1901.0,1901.0
B085HY3Q1S,1412.0,,1412.0,1412.0,1412.0
B085KTT993,,,,6.0,
B085KWHW3B,304.0,,,304.0,304.0
B085KWNYFL,,,1550.0,,1550.0
B085KZMV2N,,,,,18.0
B085L1X8P1,,,,,281.0
B085L2XZPY,230.0,,230.0,230.0,230.0
B085L54ZP7,,,,,40.0
B085L6W3MG,,277.0,277.0,,277.0
B085L8NPQ3,111.0,,,,111.0
B085L8YX3B,,,,,304.0
B085L94S1F,486.0,,,486.0,486.0
B085L9XCM9,,,,,28.0
B085LC9S7C,,,82.0,,
B085LVT98T,63.0,,,,
B085LXBYXM,1.0,,,,
B085LXPJBJ,,166.0,,166.0,166.0
B085M3VWXQ,97.0,,,,97.0
B085M8TTPR,,,,,18.0
B085M9D6KT,,,,,391.0
B085M9VBDP,,,,,391.0
B085MK5RT8,,,693.0,,693.0
B085MK63SB,,,693.0,,693.0
B085MRB429,,,77.0,,
B085N2LGTQ,,,,,33.0
B085NBGVDB,243.0,243.0,,,243.0
B085NCM5LC,,,,127.0,
B085NHTZKF,60.0,,,,60.0
B085NKQWLK,,,,,8.0
B085NKTTQ6,1.0,,,,
B085NMXCB9,,,,,379.0
B085NN9Y6T,,,,,306.0
B085NZWP81,107.0,,,107.0,107.0
B085P31JQL,15.0,,,,
B085P34Q43,,,,,111.0
B085PW4Y4G,,,,,179.0
B085PWHYRB,,,,,73.0
B085PZHGKR,,,,,197.0
B085Q5YGKR,,,49.0,,
B085Q9PX87,,,,,8.0
B085Q9WRXP,,,,,8.0
B085QBFBTQ,6355.0,6355.0,6355.0,6355.0,6355.0
B085QDSLFB,,,,3906.0,3906.0
B085QGBRDQ,,,,,21.0
B085QGY6TW,103.0,,,,103.0
B085R9FWGS,1270.0,,,1270.0,1270.0
B085R9R7SJ,,1270.0,,,1270.0
B085RGRXNH,520.0,,,,520.0
B085RH3J6W,,,84.0,,
B085RHZ9TF,,,433.0,433.0,433.0
B085RLHQ7J,,,,62.0,62.0
B085RM69J4,,433.0,,433.0,433.0
B085RN6YT5,,,,,80.0
B085RNQRL7,108.0,,,,108.0
B085RQMYWK,,,,,48.0
B085RRGY8T,629.0,,629.0,629.0,629.0
B085RRJF4Z,,433.0,,,433.0
B085RS6J2P,,433.0,,433.0,433.0
B085S24Y8D,,,,,26.0
B085S2GMFV,,,,,79.0
B085S3YMV6,,,,68.0,68.0
B085S464C7,,,,,38.0
B085S4HJWM,,,,,36.0
B085SXNWCW,,,,,7.0
B085SZS5F6,540.0,,,540.0,540.0
B085SZSLQV,,,26.0,,26.0
B085T16WRV,,,,,84.0
B085T1PBZH,1196.0,1196.0,,1196.0,1196.0
B085T2XLRN,,,,77.0,
B085T8LGXB,6355.0,6355.0,,6355.0,6355.0
B085TBBNZW,,,,520.0,
B085TBJQ8Z,,,,,20.0
B085TBZ8XQ,,,,,1878.0
B085TCLKXL,,26.0,,,
B085TD5SM7,,,,,175.0
B085TJ79Z4,,,,,12.0
B085TK1KHP,,,,21.0,
B085TMB1YW,,2.0,,,
B085TMFTBY,,,,,348.0
B085VC32FN,,,137.0,,137.0
B085VDSPJP,,21.0,,,
B085VF9B9L,403.0,,,403.0,
B085VHBX54,1161.0,,1161.0,1161.0,1161.0
B085VKTNKL,,,,503.0,
B085VMDBD4,59.0,,,,59.0
B085VMV3MR,,,,,38.0
B085VPBRRT,,,,,16.0
B085VPL6Q1,,,,,48.0
B085VQDBZD,,856.0,,856.0,856.0
B085VS5ZNH,309.0,,309.0,,309.0
B085VSC43Q,403.0,,403.0,403.0,
B085VV4HD4,,,,,93.0
B085VW43L3,,93.0,,,93.0
B085VW4KX2,,,,,19.0
B085VWZ9PL,,,115.0,,
B085W2HWZB,,,,233.0,233.0
B085W63254,2702.0,2702.0,2702.0,2702.0,2702.0
B085WSWF8C,27.0,27.0,,,
B085WTQQQJ,,,,,63.0
B085WTYV76,,495.0,,495.0,495.0
B085WWD6Q3,1785.0,,1785.0,1785.0,1785.0
B085XFFTHZ,,,1156.0,1156.0,1156.0
B085XJYCWF,56.0,,,,56.0
B085XX3R4G,,,,,159.0
B085XY3ZGZ,,,,,35.0
B085XY5NR6,,,38.0,38.0,38.0
B085XYSN46,,,,54.0,
B085XYTPVL,,8.0,,,
B085XYW7ZL,,,,,2.0
B085Y3C2Z8,,,,,28.0
B085Y9W9GK,53.0,,,,
B085YB1PDN,,53.0,,,
B085YCQLGF,,,2.0,,
B085YDT6M7,,,,16.0,
B085YGC5DN,,,,,8.0
B085Z9KYHX,,,,,68.0
B085ZB4F4Y,,,,83.0,83.0
B085ZC2C9Y,,,68.0,,
B085ZFHSXY,,745.0,745.0,,745.0
B085ZJ21T8,319.0,319.0,319.0,,319.0
B085ZK3FTJ,,159.0,,,159.0
B085ZK52H3,,731.0,731.0,731.0,731.0
B085ZMR2WB,,107.0,107.0,107.0,107.0
B085ZNMM8X,,,,,258.0
B085ZYGM3V,,,,20.0,
B08611RSNC,,,,63.0,63.0
B08611X4RS,375.0,,,,375.0
B0861554JK,,,,,28.0
B0861G2K4M,633.0,,,,633.0
B0861GCL33,8278.0,8278.0,8278.0,8278.0,8278.0
B0861RTGZP,,,517.0,517.0,517.0
B08622JQ3G,,,,,218.0
B08622VLXZ,,,,,250.0
B08624W2NJ,,,,,39.0
B0862613D2,118.0,,,,
B08627918B,,,,,6.0
B08634GN65,472.0,472.0,472.0,,472.0
B08638M2SQ,16.0,,,,16.0
B0863BJ7XG,39.0,,,,
B0863CS1CD,,,118.0,,118.0
B0863DCJ7C,172.0,172.0,,,172.0
B0863DTGR9,,,,,26.0
B0863DWMSB,,,,,2.0
B0863J6CNV,399.0,399.0,399.0,399.0,399.0
B0863KSG76,3.0,,3.0,,
B0863P4P45,,,,13.0,
B0863QNXX3,,,,,262.0
B0863WVHTY,,6.0,,,
B0863ZVQTW,,,161.0,,161.0
B086443D17,18.0,,,,
B0865WHLNJ,,,578.0,578.0,578.0
B08665DGYK,18.0,,,,
B0866C6KZV,,,102.0,,102.0
B0866DH1H8,,,,,148.0
B0866DSKMF,,,,42.0,
B0866J6J6P,,49.0,,,
B0866RCPNM,,,627.0,,627.0
B0867HVZJ5,,,363.0,,
B0867J8HJ1,,,,10.0,
B0867MFZY6,,,325.0,325.0,
B0867P4Q3H,1001.0,1001.0,1001.0,1001.0,1001.0
B0868BTZHN,,1.0,,,1.0
B0868HDWPG,,,,,808.0
B0868JSL6T,1079.0,,,1079.0,1079.0
B0868KJPYL,,,,,37.0
B0868KP1Q2,563.0,,,,563.0
B0868KPW2Y,,,,,79.0
B0868KTMP5,,1079.0,,,
B0868LR44K,1079.0,,,,
B0868LXLXH,548.0,,548.0,,548.0
B0868MDC6L,,,,4.0,
B0868Z32TV,193.0,,,,193.0
B086921TFC,,,,,26.0
B08692CZLP,,103.0,,,103.0
B08695XB18,,,,,9.0
B08698W4DN,,,,,29.0
B0869HBZQK,2449.0,2449.0,2449.0,2449.0,2449.0
B0869QTW1P,,,50.0,,
B0869RLM47,,50.0,,,
B086BN2DF5,,,,,16.0
B086BPR5W6,144.0,,,,144.0
B086BT839R,95.0,,,,
B086BVFL5B,17.0,,,,
B086C2KSQ9,69.0,,,,
B086C2ZM52,,,,,216.0
B086C32FLL,,,,216.0,216.0
B086D3KX2H,170.0,,,,
B086D7Y8NV,1953.0,1953.0,1953.0,,1953.0
B086D8CKPH,,,,321.0,321.0
B086D8KG93,,83.0,,,
B086D8ZYQK,168.0,,,,
B086D9N6JV,,,168.0,,
B086DG88WS,1953.0,1953.0,1953.0,,1953.0
B086DJ8PK8,,332.0,332.0,,332.0
B086DMLLB1,4.0,,,,
B086DRKS73,,,,,22.0
B086GNZJ2C,,,,67.0,
B086GPVQ67,,,132.0,,
B086GQW6KB,,,,,65.0
B086GR8G2X,,,,,14.0
B086GSVJK4,,,,,14.0
B086GWWZRM,,,,,374.0
B086GZT63T,,,,122.0,122.0
B086H4PFCS,225.0,,,,225.0
B086H4QKWF,,168.0,,,168.0
B086H5ZF19,80.0,,,80.0,80.0
B086HN4J3N,94.0,,,94.0,94.0
B086JCGWDG,,,,29.0,29.0
B086JKPRHH,117.0,,,117.0,117.0
B086JQ483X,,,,,62.0
B086JR2J35,,,,,867.0
B086JRMCW9,,,,,867.0
B086JSYWR6,9.0,,,,
B086JT245P,288.0,288.0,,,288.0
B086JTCZSL,,,,,249.0
B086JVTTZ4,,,1101.0,1101.0,1101.0
B086JWBYX7,20.0,,,,
B086JX8YN6,,12.0,,,
B086JY5YN5,127.0,,,,127.0
B086JZBGSQ,,7.0,,,
B086KVCXFQ,,,,,73.0
B086KWZC57,,,,,19.0
B086KXFFL3,,,,40.0,
B086KZF6T7,,,,,5.0
B086L2X6WD,,,,,146.0
B086L3D46S,316.0,,,,
B086LC1RG4,,,,,63.0
B086LC3DWC,,,,,83.0
B086M7R72J,2322.0,2322.0,2322.0,,2322.0
B086M8G452,,,,,1878.0
B086M8JGTP,,,1878.0,,1878.0
B086MCZL2Q,,,,,37.0
B086MDQB1T,2322.0,,,,2322.0
B086MG44ZK,,,1878.0,1878.0,1878.0
B086MKW1GG,,,,,243.0
B086MSPFNR,,,,,1201.0
B086MV93J2,,,,2322.0,
B086MVZ8JS,,,238.0,,
B086MWTGRR,,157.0,157.0,157.0,157.0
B086NZVNF5,,,,,23.0
B086P1BHZ5,202.0,,202.0,,202.0
B086P1GG14,,,,,26.0
B086P1Q4JX,,182.0,,182.0,182.0
B086P36HQJ,,,,,66.0
B086P4Y9WN,15.0,,,,
B086P53MVV,,,,11.0,
B086P6QYY7,,,,111.0,
B086P7KF5T,,,,8.0,
B086P951Q9,,,,,23.0
B086PBSKC5,,,,,4.0
B086PBSZYQ,,,,74.0,74.0
B086PDG7F8,11.0,,,,
B086PGHZSL,,,,9.0,9.0
B086PKB41J,,,,69.0,
B086PKCY3J,,,9833.0,9833.0,9833.0
B086PL7JGV,321.0,,321.0,321.0,321.0
B086PLW7QV,1.0,,,,
B086PNP6MN,,,,,7.0
B086PNZ5JF,914.0,,914.0,914.0,914.0
B086Q24HM5,113.0,,,113.0,113.0
B086Q273ZN,,,,,47.0
B086Q7XC9G,,,,,63.0
B086Q8CHR4,,,63.0,,
B086Q8M1QX,,,,,63.0
B086QRBBB3,,169.0,,,169.0
B086QWK7FK,,,,,71.0
B086QZPJ2R,,,,,591.0
B086R115HP,,,,,33.0
B086R2RG1Y,21.0,,,,
B086RHPV3B,,,,,9.0
B086RK9Q1B,277.0,277.0,,,277.0
B086RM2BHK,,,,45.0,45.0
B086RT9KC1,,,,,58.0
B086SLLWFM,,,,,160.0
B086SRLDNX,,141.0,,,141.0
B086SSFT9T,137.0,,,137.0,137.0
B086SSQYN2,,,,,36.0
B086SSZCLX,455.0,,455.0,,455.0
B086SX286X,,,,,55.0
B086SXGWQS,,,,3.0,
B086TTDN9N,,,,,225.0
B086TX3NDB,,,,105.0,
B086VFBCKH,,,,115.0,
B086VGK5FM,,,,115.0,115.0
B086VPFQ1Y,,,,43.0,43.0
B086VR8MYK,,,,,200.0
B086VS51CF,270.0,270.0,,270.0,270.0
B086VSQDNY,,,,200.0,200.0
B086VYSZ29,,,,110.0,
B086W1WWND,1086.0,,1086.0,1086.0,1086.0
B086W2HS3C,44.0,,,44.0,
B086W2Y9TV,4488.0,4488.0,4488.0,4488.0,4488.0
B086W5RGD4,453.0,,,453.0,453.0
B086W8CH49,689.0,,,689.0,689.0
B086W8FYDL,,,,689.0,689.0
B086W8NQSH,,,,,69.0
B086WC8R6D,,,,,76.0
B086WKM4FP,,,,,5.0
B086WL7S5X,,,,,23.0
B086WLSFKZ,,,,,27.0
B086WN3MK9,31.0,,,,
B086WWB2MZ,8.0,,,,
B086WYQ9D2,,,,,20.0
B086WYSWJX,,,,,772.0
B086WZFQK2,,,,,772.0
B086Y8TC8N,,,,453.0,
B086YGFN7N,,,,,144.0
B086YZYPCF,6.0,,,,
B086ZF4J1Y,,,,,25.0
B086ZFZ8SM,,18.0,,,
B086ZNBD1F,213.0,,,213.0,
B086ZPJXCZ,307.0,307.0,307.0,307.0,
B086ZTMJBQ,,,,,693.0
B086ZXYJ9F,,,,,38.0
B0871P5BBK,,,,,22.0
B0871Q8Y4R,,,,,194.0
B08721FTZR,,491.0,,,491.0
B0872FJ63V,178.0,,,,
B0872MXNQD,,,,,5.0
B0872NVWKB,2128.0,,,,2128.0
B0872P4DNX,,2128.0,2128.0,2128.0,2128.0
B0872PC5MH,,2128.0,2128.0,2128.0,2128.0
B0872PWFZH,2128.0,,2128.0,,
B0872S9DX6,,,,,2.0
B0872SY124,,,,,154.0
B0872WBHXW,,,,,707.0
B0872WM5VT,6.0,,,,
B0872XKHPL,707.0,,,,707.0
B0872XWC1Q,,,,707.0,
B0872YF28G,,707.0,,,
B0872YLNZ9,,,,,707.0
B0872YPVXM,,,,,215.0
B0872YS3YW,,,,517.0,517.0
B0872ZP9TV,,,711.0,711.0,711.0
B08732K5JD,87.0,,87.0,,
B08735XTRV,,,,,10.0
B0873N334D,,8.0,,,
B087411FJB,,,,,43.0
B087424N7B,,,,,15.0
B08749J49G,,,,965.0,965.0
B0874B3D7P,,,,,74.0
B0874C19CM,1188.0,1188.0,1188.0,1188.0,1188.0
B0874LY264,,,,,29.0
B0874M7SR4,,,,,29.0
B0875FS47H,,,,,122.0
B0875R9SJ7,,,,,112.0
B0875RMQL6,22.0,,,,
B0875VV9FT,3465.0,3465.0,3465.0,3465.0,3465.0
B0875WXB4V,,,,,61.0
B087682QTD,,,,,35.0
B0876C5T18,3.0,,,,
B0876CHD6P,,,,14.0,
B0876CRK49,22.0,,,,
B0876DM17R,,45.0,45.0,,
B0876MHBMK,,,54.0,,
B0876N29S7,,,,,32.0
B0876PCS4F,22.0,,,,
B0876ZR81P,98.0,,,,
B08773BMM7,,8.0,,,
B08777FQ83,1.0,,,,
B08778NYR4,,,55.0,,
B08783LJ1L,45.0,45.0,45.0,,45.0
B0878669HB,,,,,31.0
B08786FNLS,105.0,105.0,,105.0,
B0878F15FV,,,,,29.0
B0878NRH96,,,,61.0,61.0
B0878QYSMZ,,,,1205.0,1205.0
B0878S3JYF,,,1205.0,,1205.0
B0878SWZN1,1953.0,,1953.0,1953.0,1953.0
B0878WPWSG,,,1205.0,1205.0,1205.0
B0878WT8ZD,,,,,911.0
B0878X4QMF,,,,2192.0,
B0878Z2RT1,1953.0,1953.0,1953.0,1953.0,1953.0
B08792CGN8,,,,,2192.0
B08793LX6Q,,,,,2192.0
B08794G1JY,120.0,,,,
B08794W5WG,,,,,63.0
B08798NX4Y,,,,,430.0
B0879BLGL3,29.0,,,,29.0
B0879K2FNH,118.0,,,118.0,118.0
B087B7FLSQ,26.0,,,,
B087BFLLVV,,,,,14.0
B087BHM5CL,1056.0,,,,1056.0
B087BJJMD2,98.0,,,98.0,98.0
B087BQJBXN,,,,,15.0
B087BV4C6B,,93.0,93.0,,
B087BV7DX8,,,,,93.0
B087BVHL83,,,,,93.0
B087BY1GFH,,,,,1.0
B087BY6VFD,,,,148.0,148.0
B087BZDPCS,,,84.0,84.0,84.0
B087C52ZXC,,,,5.0,
B087C626ZP,234.0,,,,
B087C694FT,,,2.0,,
B087C7FFVN,295.0,295.0,,,295.0
B087C7MBXB,295.0,,,,295.0
B087CBH2NP,,,,,944.0
B087CBQH6W,,,,,85.0
B087CC483J,,,25.0,,
B087CH3FPZ,2192.0,,2192.0,2192.0,2192.0
B087CJTVWC,,,,,53.0
B087CKPYZB,,,,,53.0
B087CLMG94,76.0,,,,76.0
B087CMQFB2,,,,,12.0
B087CS9BX5,,,,,333.0
B087CSQCQV,,,,,333.0
B087CXTQML,474.0,,474.0,474.0,474.0
B087CYTYQJ,,,,27.0,27.0
B087D3NYLP,,,,,63.0
B087D4J9X8,,107.0,107.0,107.0,107.0
B087D5PC6M,,,,,12.0
B087F3KLJB,547.0,,,,547.0
B087F7161S,78.0,,,,
B087FRWP2W,,,,,92.0
B087FX6HMY,1.0,,,,
B087FX9G5S,32.0,,,,32.0
B087G3B7LW,,,17.0,,
B087G3L6KB,212.0,212.0,,212.0,
B087G7X591,212.0,212.0,,,212.0
B087GLKB4Q,251.0,,251.0,,
B087H1FQQD,294.0,,,294.0,294.0
B087J9547Z,,,,,15.0
B087J9Z8GZ,,,,34.0,34.0
B087JC67ZX,,,,,82.0
B087JCD97K,,,,,30.0
B087JFHW7Q,271.0,271.0,,,
B087JKKW1X,,,,,224.0
B087JNHZZY,,,,,30.0
B087JPHYR4,,,,,7.0
B087JPV4RV,,,,,3.0
B087JQ2SHB,10.0,,,,
B087JR6QBY,,,16.0,16.0,16.0
B087JSCX3Z,8.0,,,,
B087JT1DRX,,,,,217.0
B087JWGB1W,45.0,,,,
B087JZ1CYP,,,,,1.0
B087L4L7JY,,26.0,,,
B087LRNN7L,,,,,19.0
B087LRZ9HS,35.0,35.0,,35.0,
B087LT2RMH,,,,,227.0
B087LT8H95,,,658.0,658.0,658.0
B087LT8S4M,,,,,82.0
B087LTB759,,,,,190.0
B087LWPSCW,,,,7.0,
B087LYQ8R4,50.0,,,50.0,
B087M1N5D4,,,,,13.0
B087M4N7GS,10.0,,,,
B087M5LV8M,,11.0,,,
B087M686C1,,,,,595.0
B087M775YQ,29.0,,,,
B087M8WZPY,,,,925.0,925.0
B087MC1BWB,,,,,14.0
B087N35TPK,,,,,1763.0
B087N5DGPK,,,,298.0,
B087N8G52Y,1.0,,,,
B087NB9YZG,,,,,14.0
B087NBTJ2G,47.0,,,,
B087NDY1H4,,,,,61.0
B087NHC4K3,,,,,92.0
B087NMTR2F,,,,,59.0
B087NQ616Y,,126.0,,,126.0
B087NQD21T,,,,,126.0
B087NWDNSH,,,,,16.0
B087P7231G,1366.0,1366.0,1366.0,,1366.0
B087PKH7J7,,,,,8.0
B087PWNS9C,2140.0,2140.0,2140.0,2140.0,2140.0
B087PWXLBL,,,,,73.0
B087PY8H6H,,85.0,,,85.0
B087Q1WRHH,,,,,189.0
B087Q31JTV,,,,,50.0
B087Q3PTJP,,,,,24.0
B087Q4L84K,,,396.0,,396.0
B087Q6TT48,,,,,331.0
B087QCLFPH,1.0,,,,
B087QCPNWR,24.0,,,,24.0
B087QHXMF5,,,,,38.0
B087QVZJZ2,962.0,,,,962.0
B087R3FHBW,,,,,14.0
B087R3R3VC,,,203.0,,203.0
B087R7D6YC,20.0,,,,
B087R9CSGS,12.0,,,,
B087RB7F96,298.0,,,298.0,
B087RBKDVF,,,165.0,165.0,165.0
B087RGV72X,488.0,488.0,488.0,488.0,488.0
B087RGXDGJ,70.0,,,,
B087RGYZ6N,257.0,,257.0,,257.0
B087RR86CX,298.0,298.0,,298.0,
B087RS629V,,,8.0,,
B087RT94G9,,,,,5.0
B087RTPVD1,29.0,,,,
B087TB2LSV,17.0,,,,
B087TD2LHN,216.0,,216.0,,216.0
B087TDRJYM,,,,24.0,
B087TF663K,,,,,22.0
B087TLGNXH,,,,,36.0
B087TLKJYZ,,,,,49.0
B087TT1XNB,470.0,,,470.0,470.0
B087TZ6F5G,66.0,,,,66.0
B087V625T2,61.0,,,61.0,61.0
B087W3PLBP,,192.0,,,192.0
B087WQMF9V,,,,448.0,448.0
B087WTPQYG,,,,176.0,
B087WVTN47,97.0,,,97.0,97.0
B087X4PFPT,1892.0,1892.0,1892.0,,1892.0
B087XY46YG,,276.0,276.0,,276.0
B087YYGHDK,157.0,,,,
B087Z3HMQ2,,,,111.0,111.0
B087ZN5ZKN,,61.0,,,
B087ZNJHCZ,7890.0,,7890.0,7890.0,7890.0
B0881KVJRR,,,,4.0,
B0881LJCNT,,,,,241.0
B0881V31HF,3247.0,3247.0,3247.0,3247.0,3247.0
B0882KDB4S,,,,,3.0
B088341TV8,,,2168.0,,
B08837YGK6,,,,,124.0
B08839F2DL,,,45.0,45.0,
B0883DP98S,,,,11.0,
B088524875,,107.0,107.0,107.0,107.0
B08852J57G,,,107.0,107.0,107.0
B0885W5YY1,,,,,62.0
B0885W6174,,,,,161.0
B0885WDL8J,,,,,61.0
B088622D3S,664.0,,,,664.0
B088654CWF,,261.0,,261.0,261.0
B08865X6CF,43.0,,,,
B088665JK4,,,19.0,,
B0886BWWHF,,,,,437.0
B0886DXYMG,,,,,106.0
B0886GW1VZ,,,,,53.0
B0886H3ZBF,70.0,,,,
B0886L2569,,,,,435.0
B08877W5ZC,,,,,435.0
B0887JHK6W,,,,,22.0
B0887SJ6CM,,,628.0,,628.0
B0887W2RRJ,,,,49.0,
B0887Y9THX,569.0,,569.0,569.0,569.0
B0887ZHTM3,,,,,14.0
B08881R18J,862.0,,,862.0,862.0
B08889LSPF,,,,,82.0
B0888DPXKX,,,,569.0,569.0
B0888FMDBT,,,,,7.0
B0888HS835,,,,,672.0
B0888JJTRP,,,62.0,,
B0888Q9TYD,87.0,,,,
B0888RKXMQ,,,29.0,,29.0
B0888SQ4K2,,,,,50.0
B0888VKJYD,,,50.0,,50.0
B088B6M49J,26.0,,,,
B088B6QCM3,,,,,68.0
B088BDHCNJ,,,,,17.0
B088BLPGTR,,,417.0,417.0,417.0
B088BLS28G,,,,,25.0
B088BP35PP,,,,,35.0
B088BZTBJN,,,16.0,,
B088C1NXL1,,,281.0,,281.0
B088C21CM4,,,53.0,,53.0
B088C28S1J,,,281.0,281.0,281.0
B088C2CTTW,,,,,281.0
B088CYHTYS,,,,549.0,549.0
B088D9YBB9,,,,,395.0
B088DCGSRS,,,,,275.0
B088DDXBVD,,,,,10.0
B088DSJB52,,,,,38.0
B088F4XYCM,,15.0,,,15.0
B088FB9C1B,,143.0,,143.0,
B088FD29X6,,,,,29.0
B088FGNJRH,,,,,112.0
B088FH3YLJ,,,,878.0,878.0
B088FKJMTX,,,,,39.0
B088FKS8NB,,137.0,,137.0,137.0
B088FL6H42,,,,77.0,77.0
B088FLK3LM,615.0,,615.0,,615.0
B088FNR2TL,21.0,,,,
B088FYS4HN,,179.0,,179.0,179.0
B088GQ7TXZ,8866.0,8866.0,8866.0,8866.0,8866.0
B088GSBHG4,,,,,19.0
B088GTYWWN,18.0,,,,
B088GVQN9B,,,,,9.0
B088GZWH1C,1273.0,1273.0,1273.0,1273.0,1273.0
B088H1F1YQ,15.0,,,,
B088H3SPW1,5.0,,,,
B088H528G3,810.0,810.0,810.0,810.0,810.0
B088H5SCX8,,,,,54.0
B088H77YPD,,,,,44.0
B088H87Y7W,,,20.0,,
B088H932WY,584.0,584.0,584.0,584.0,584.0
B088HC941S,,,,,170.0
B088HD46ZQ,,,,,51.0
B088HH1W2P,25.0,,,,
B088HL4GM2,162.0,,,162.0,162.0
B088JRFJ9Z,,,,,149.0
B088JWN684,,,,200.0,200.0
B088JX3K73,,601.0,,601.0,601.0
B088K2D2HL,,,31.0,31.0,31.0
B088K437FZ,919.0,919.0,919.0,919.0,919.0
B088K46H36,,,,,347.0
B088K5CSKL,,,,149.0,149.0
B088KB6QXM,,,,153.0,153.0
B088KDDGL5,,,,326.0,
B088KFQ6G6,,,,,143.0
B088KFWNVK,,,70.0,,70.0
B088KFX53F,,,,,55.0
B088KR5C1G,325.0,,,325.0,325.0
B088LTS5HL,,,,,26.0
B088LY63WQ,,,,,10.0
B088LY89R2,8.0,,,,
B088LYDH7P,297.0,,,,297.0
B088LZL5RW,,,,,222.0
B088M2NP7X,,,,57.0,
B088M3K416,,,50.0,,
B088M61S3B,,5447.0,5447.0,,5447.0
B088M6BLN7,,,,,26.0
B088M8LTCK,,,,,20.0
B088M8M9PZ,839.0,,,,
B088MDLZ5K,,,,,9.0
B088MJFK9Y,,,,,45.0
B088N6YJSK,,,,,95.0
B088N7FHC3,3006.0,3006.0,3006.0,,3006.0
B088N8856H,443.0,443.0,443.0,443.0,443.0
B088NB61MZ,,,164.0,164.0,164.0
B088NG7MNG,222.0,,,222.0,222.0
B088NGJCRC,,,,,3006.0
B088NGYQ99,222.0,222.0,,,
B088NHXM4H,,46.0,,46.0,
B088NNG56D,1.0,,,,
B088NQM837,,,3006.0,,3006.0
B088NQQRJ3,,736.0,,736.0,736.0
B088NY3CFC,,,,,22.0
B088P17PZ8,6.0,,,,
B088P3Z37S,,,,,298.0
B088PHYK6S,208.0,,208.0,,208.0
B088PQSQCT,,,903.0,,903.0
B088PTSGGB,737.0,737.0,,,737.0
B088PZTJN4,1440.0,1440.0,1440.0,1440.0,1440.0
B088Q691L9,122.0,,,,
B088Q6MN79,595.0,,595.0,,595.0
B088R4688C,,,50.0,,
B088R54FB3,714.0,714.0,714.0,714.0,714.0
B088R5TQYF,2.0,,,,
B088R7RS47,,,10.0,,
B088R8PXF2,,,,10.0,
B088R952HP,,,,,7.0
B088R9D3L6,,,3.0,,
B088RBPJ92,,,,,78.0
B088S5J62X,,,,,99.0
B088SRB4H7,,,,167.0,167.0
B088T2QCJG,,,,,45.0
B088T5BX7G,744.0,744.0,744.0,744.0,744.0
B088T6DWSB,,,,,92.0
B088T9DGTH,,,,,167.0
B088TBVT1B,13.0,,,,
B088TCP1KT,,,,,27.0
B088TD81J4,,,,,63.0
B088TDH7LW,,,,,45.0
B088TKDD9T,,,,45.0,45.0
B088W748L9,,,,,40.0
B088WHKG9Z,,,13.0,,
B088WHM2HC,,,,,15.0
B088WJ5L7R,49.0,,,,
B088WKX36J,,,,9.0,
B088WRYBS4,,,184.0,184.0,184.0
B088WVXR1J,,,,,27.0
B088X1FGX4,,,,,14.0
B088X25Q6T,,,,,54.0
B088X3HWB1,,,,,20.0
B088X5BH32,,,,,7.0
B088YPYL1J,,,,102.0,102.0
B088Z1L3NJ,,,,,59.0
B088ZG1P58,170.0,170.0,,170.0,170.0
B088ZKXV8K,,,15.0,,
B088ZM6PQ4,,171.0,,,171.0
B088ZMCGJS,2845.0,2845.0,2845.0,2845.0,2845.0
B088ZPJKNT,,1857.0,,,1857.0
B088ZRMFVW,,,,,171.0
B088ZSDJCD,,,6.0,,
B088ZTQFPC,1857.0,1857.0,1857.0,1857.0,1857.0
B088ZVR55Z,1857.0,1857.0,1857.0,1857.0,1857.0
B088ZWKMD5,,,,,170.0
B088ZYL5ZK,,,268.0,268.0,268.0
B0891R11R2,,,,,905.0
B0891X6M5T,,,,,914.0
B08921MSBW,,,887.0,,
B08921Z5JW,,,,,524.0
B0892235P7,,,916.0,,916.0
B08922JD8D,,,,53.0,53.0
B08925LNLB,911.0,,,,
B08929JPR6,,,,39.0,
B0892BMY7S,,,,,126.0
B0892BP83B,,,,,21.0
B0892D5H71,,,,,139.0
B0892SDMC5,,244.0,,244.0,244.0
B0892TFRH6,,,467.0,467.0,467.0
B089321MVD,,,,312.0,312.0
B08933XZTP,,,,169.0,
B089388HB3,,,,,43.0
B08938C36Z,135.0,,,,135.0
B0893P24FQ,,,241.0,241.0,241.0
B0893W7331,,,,,104.0
B0893W7DSB,,,,25.0,25.0
B0893WQDZ6,100.0,,,,
B089417HS8,,,,,10.0
B08942Y45T,,1093.0,,,1093.0
B08943H322,,,,,36.0
B0894L6KFZ,,,22.0,,
B0894LG64B,,,,,5.0
B0894M4865,,,,,3.0
B0894NH3R8,,,,,243.0
B0894PGPZM,,,,,60.0
B0894PQ1V9,,,,,243.0
B0894RC289,,,,44.0,
B0894RV4ZP,,,,,18.0
B0895BFLPT,,,,,24.0
B0895BV7SG,,,,,149.0
B0895CLR9X,,14.0,,,
B0895CS96S,,321.0,321.0,,321.0
B0895F1STZ,13.0,,,,
B0895FW9G9,,,40.0,,
B0895G1N87,,,,,20.0
B0895PDZRH,60.0,,,60.0,60.0
B0895PZRC4,,,,,2.0
B0895QH6Q9,,,,,50.0
B0895S3PDC,7.0,,,,
B0895SCYB1,1027.0,1027.0,1027.0,1027.0,1027.0
B0895X35JJ,25.0,,,,
B0895Y3MF4,,,,526.0,
B0895Z2GB4,,,,,526.0
B0895ZBCMM,,,,,526.0
B0895ZCWD3,,,,,526.0
B08965STPB,520.0,,,,520.0
B08965YRBY,61.0,,,,
B08967YPQ5,,63.0,,,63.0
B089783PKH,,,,7.0,
B0897KZYDF,,,,,31.0
B0897L5L5D,547.0,,,547.0,
B0897LB1MC,,,,97.0,97.0
B0897NLRGB,,,,,5.0
B0897R4VWY,151.0,151.0,,151.0,151.0
B0897W114Z,137.0,,,,
B0897ZRDSJ,,,,,24.0
B08997BVS8,409.0,,,,
B0899BQJJF,,,25.0,25.0,25.0
B0899BRRTR,25.0,25.0,25.0,25.0,25.0
B0899D9Q4C,25.0,,25.0,25.0,25.0
B0899DPDNK,370.0,,,,370.0
B0899F1498,,,,,170.0
B0899JQ2G5,,,,,171.0
B0899JRXG5,,,,,170.0
B0899LR2RZ,,,,40.0,
B0899MW37T,,,20.0,,
B0899MXVCF,80.0,,,,80.0
B0899QFB34,1524.0,,,,1524.0
B0899V776X,14.0,,,,
B089B185QR,,,,,71.0
B089CSC246,,,,,39.0
B089CX8LFM,,,,,169.0
B089CXJBDR,142.0,,,,
B089CZ615K,,,,,259.0
B089D174WH,,,8.0,,
B089D3BFZ4,,10.0,,,
B089D3L6BV,667.0,667.0,667.0,667.0,667.0
B089DBTY8J,,,,,1.0
B089DCXXH2,,,,,2.0
B089DDYWLH,43.0,,,,43.0
B089DF59L9,,,321.0,321.0,321.0
B089DK22LM,9038.0,,,,9038.0
B089F32QWS,,,,,268.0
B089F49F7V,,,60.0,,
B089F5VK3T,150.0,,,,150.0
B089F7C1W9,151.0,,,,151.0
B089F7JLD9,120.0,,,,120.0
B089F9NPB5,,,,,211.0
B089FW24FP,,,,,91.0
B089G1HJ5J,149.0,,,,149.0
B089G5HXBB,,,,,23.0
B089G5K31M,,,,,2.0
B089G8KNYW,,,,,3501.0
B089GCCW5G,,,,,21.0
B089GF6TBS,65.0,,,,
B089GPMX8M,,,,,939.0
B089GT3KYB,,,,1379.0,1379.0
B089GX1Z5B,10.0,,,,
B089GXCQ2C,,,,,14.0
B089GXJ3G2,,25.0,,,
B089GY7VY4,,,,243.0,243.0
B089GYCC7X,,,,245.0,245.0
B089GYYKYG,,,,,251.0
B089GZJ5N8,,,,288.0,
B089JHFWM3,,,,,5.0
B089JW8WLW,,,,,71.0
B089JWSHQW,,,,497.0,
B089K18W99,35.0,,35.0,,
B089K1H54V,,,,,167.0
B089K1YLWX,,,,,150.0
B089K2ZBMM,,,,,417.0
B089K3B4N3,,,,34.0,
B089K3T6XW,,,81.0,,81.0
B089K4JZ5G,,,,,85.0
B089K5GQYW,,,,59.0,
B089K5MTK6,,,,,33.0
B089K75L1N,1074.0,,,,1074.0
B089K7C882,,,,,170.0
B089K89JXY,,,32.0,32.0,32.0
B089K89KZ6,,,,,496.0
B089K9MN2F,1343.0,,1343.0,,1343.0
B089KBRLGV,187.0,,187.0,,187.0
B089KCTM1T,,585.0,585.0,,585.0
B089KD2YTM,,,43.0,,43.0
B089KDQHKY,35.0,,,35.0,
B089KFH5XH,,,,32.0,32.0
B089KFJ9VT,,33.0,,,33.0
B089KFZJLN,,929.0,,,929.0
B089KH14CN,275.0,,275.0,275.0,
B089KH1LNH,502.0,,,,
B089KSWRYX,38.0,,38.0,,
B089KV1K2Z,8278.0,,8278.0,8278.0,8278.0
B089LGQYBP,,,,,34.0
B089LJBSTQ,,,,,83.0
B089LJF11G,,,,,20.0
B089LL3D5R,,,,46.0,46.0
B089LPFJDT,,,,,90.0
B089LQQS2W,,,,,138.0
B089LQVF91,,,,,18.0
B089LS6D45,,,,14.0,
B089LV85MW,124.0,,,,
B089LVW1LG,,,,,28.0
B089LWQ5T5,191.0,,,,191.0
B089LXF63N,,,,,17.0
B089LXFZLL,,,,24.0,
B089LZNXXG,94.0,94.0,,,94.0
B089M2H8J5,83.0,,,,83.0
B089M6BSCV,,,93.0,93.0,93.0
B089M7NVHS,15.0,,,,15.0
B089M8FJGZ,,,,11.0,
B089MC4TRG,,,,,18.0
B089N1ZG5H,,,,,29.0
B089N8D5CL,,,,,466.0
B089NF26CF,,,,,8278.0
B089NFXPN3,,,,,466.0
B089NHRWPH,,,,,50.0
B089NJNGY6,1901.0,,1901.0,1901.0,
B089NKJ9ST,,21.0,,,
B089NM792K,466.0,,,,466.0
B089NMHM2S,,,,,466.0
B089NMM5J4,,,,35.0,35.0
B089NNB77Z,,,,466.0,
B089NVL6NW,,,,10.0,
B089NWM966,,,,,84.0
B089NXHWTX,8278.0,,8278.0,,8278.0
B089NYL3P7,8278.0,8278.0,8278.0,8278.0,8278.0
B089NZK9FP,8278.0,,8278.0,8278.0,8278.0
B089PR62XR,8.0,,,,
B089PXCWNP,,,52.0,,
B089PYFY32,284.0,,,284.0,284.0
B089Q1DDBV,,,,38.0,38.0
B089Q2N2XH,19.0,,,,
B089Q6FSQ3,,37.0,,,
B089QN8HF9,,56.0,56.0,56.0,56.0
B089QZXXH1,,,,,40.0
B089R4CDY1,,700.0,,,700.0
B089R5NW14,652.0,,652.0,652.0,652.0
B089R5XWGV,,,,,59.0
B089RJ27NQ,1112.0,1112.0,1112.0,1112.0,1112.0
B089RNDW8M,,,419.0,419.0,419.0
B089RYZ748,,,,,42.0
B089S92G8F,,,,,14.0
B089SG7CCJ,220.0,,,,220.0
B089SKT3RJ,,,,,16.0
B089SLMLRQ,,,,,522.0
B089SN4B8F,,363.0,363.0,363.0,363.0
B089SPD67P,150.0,,150.0,,
B089SRTRKN,,,45.0,,45.0
B089SV56HC,,,1274.0,,1274.0
B089SV63VS,1274.0,,1274.0,,1274.0
B089SVGS6W,,,,1274.0,
B089SWZDBB,507.0,507.0,507.0,507.0,507.0
B089SXWWPH,,,988.0,988.0,988.0
B089T2DRK6,,,,,47.0
B089VJ2FD4,1069.0,1069.0,1069.0,,1069.0
B089VKQ5V7,56.0,,56.0,,56.0
B089VKQPSS,,,201.0,,
B089VLHHP2,383.0,,383.0,383.0,
B089VMX6DS,,,,,16.0
B089VN133V,1069.0,,1069.0,1069.0,1069.0
B089VN4V7J,506.0,,,,
B089VRDKJG,,,,,104.0
B089VSPSK3,,9.0,,,
B089VSTMHP,11.0,,,,
B089VT4V44,,,,,8.0
B089VY99G2,,,,216.0,216.0
B089VYRWDT,,,,34.0,
B089VZX9T4,,,,,216.0
B089W133HS,,,,,29.0
B089W8HPCV,5228.0,,,,5228.0
B089W8R6KZ,430.0,430.0,,430.0,430.0
B089W8YCR8,,,,,430.0
B089W9J37M,,,,430.0,
B089W9RNRH,,,,23.0,23.0
B089WFJKRC,2123.0,2123.0,2123.0,2123.0,2123.0
B089XPLG1M,,,,35.0,35.0
B089XWNB5C,,,,,72.0
B089XX29N5,21.0,,,,21.0
B089XXMHG5,4.0,,,,
B089Y423G3,,,,6.0,
B089Y6YPXZ,,,2.0,,
B089Y9B8YZ,326.0,,326.0,326.0,326.0
B089YB6Q33,280.0,,,,
B089YD8GLD,,,,,234.0
B089YD9H41,87.0,,87.0,87.0,87.0
B089YHCZ2J,,,,,63.0
B089YMD4QM,1139.0,1139.0,1139.0,1139.0,1139.0
B089YWZBCH,,213.0,,213.0,213.0
B089ZP7C2V,,,,,31.0
B089ZP8KVM,,,,31.0,31.0
B089ZRW8Z2,,,,,70.0
B089ZSYBHD,,,,,1205.0
B089ZWW2WX,,,,102.0,102.0
B089ZXFV47,211.0,,211.0,211.0,211.0
B089ZZ8BVJ,,,,,36.0
B089ZZXB9P,,,,,31.0
B08B16XP8N,,,,,234.0
B08B1821YS,1783.0,1783.0,,1783.0,1783.0
B08B1BHDQY,,,209.0,,209.0
B08B1P93RZ,,,,,24.0
B08B1Q8JXY,,7866.0,,,7866.0
B08B1QLP2Q,,7866.0,7866.0,,7866.0
B08B1QLVX7,,,7866.0,,7866.0
B08B1SBDL3,,,,,2.0
B08B1V2L3N,266.0,,,,
B08B2W6D7H,273.0,273.0,273.0,273.0,273.0
B08B2X9W27,666.0,666.0,666.0,666.0,666.0
B08B319FX6,410.0,410.0,,,410.0
B08B32T3PR,,,,,1340.0
B08B36KXFT,,,,,43.0
B08B3BDJNH,,,255.0,,
B08B3DPQX8,,,,,55.0
B08B3FHR16,2685.0,2685.0,2685.0,2685.0,2685.0
B08B3FMKHT,,,,507.0,
B08B3JFYGT,,8.0,,,
B08B3Q1VHR,147.0,147.0,147.0,,
B08B3R1VPV,,,,,57.0
B08B3VCYQ5,,4.0,,,
B08B44R1LF,,,,,14.0
B08B45CRF6,,46.0,,,46.0
B08B47R6SG,,,,,312.0
B08B4GVJ49,,218.0,,218.0,218.0
B08B4HW8N3,169.0,,,,169.0
B08B4PXRTW,,,,,595.0
B08B4QBQXW,,595.0,,,595.0
B08B4TGVKR,,,15.0,,
B08B52V2PK,,296.0,,,296.0
B08B54D6KC,,,,,160.0
B08B5RLYLH,,,,192.0,192.0
B08B5SDDMC,1183.0,,1183.0,,1183.0
B08B5XTKMZ,,,,,3.0
B08B5Y4CBP,67.0,,,,
B08B6173LF,29.0,,,,
B08B61GPPF,,,,,115.0
B08B61YJW4,,,191.0,,191.0
B08B68KSMR,,,342.0,,342.0
B08B68NXHG,,,,,342.0
B08B69C4N5,,,,75.0,
B08B6BC74Q,,,,,28.0
B08B6CCVQW,,,,,121.0
B08B7J2VP1,101.0,,,101.0,101.0
B08B7SCPZM,,,103.0,,103.0
B08B7SN3KZ,,,672.0,672.0,672.0
B08B7VXR4B,463.0,463.0,463.0,463.0,463.0
B08B7XGFF6,,,,,209.0
B08B7ZG5ML,,4665.0,,4665.0,4665.0
B08B81ZWX9,,,,,231.0
B08B8427KG,41.0,,,,
B08B84679P,,,,,166.0
B08B8923HN,,,,175.0,175.0
B08B8DD1NQ,,,,361.0,361.0
B08B8HM9WT,,,,267.0,267.0
B08B8JF726,,,,,82.0
B08B8KBK2C,,,,2192.0,2192.0
B08B8KX73Q,,,,,2192.0
B08B8LJF1J,2192.0,,,,
B08B8LXXB2,,2192.0,,,2192.0
B08B8NLPMY,,,,,2192.0
B08B8NZ1K8,,,,,2192.0
B08B8P6PVW,2192.0,,,,
B08B8TVBXV,41.0,,,,
B08BBW141W,,,,,203.0
B08BBYB8JH,,,,,66.0
B08BC1RY5W,,,,,7.0
B08BC42518,882.0,,882.0,882.0,882.0
B08BC4LRJX,,,123.0,,
B08BCDYP4G,160.0,,,,
B08BCH15W1,,,,,6.0
B08BCNPCH6,,,,,133.0
B08BDGHY49,422.0,,,,422.0
B08BDM716F,,,59.0,59.0,59.0
B08BDYGDJ3,,,,,68.0
B08BF5BR8S,623.0,,,,623.0
B08BF72DQD,878.0,,,878.0,878.0
B08BF8W4VK,,,,,97.0
B08BFCC66P,1.0,,,,
B08BFCTHSY,,,,,4.0
B08BFH4414,475.0,,475.0,,475.0
B08BFHVW5Q,,,,,105.0
B08BFK45KX,3348.0,3348.0,3348.0,3348.0,3348.0
B08BFL7PVT,149.0,,,149.0,149.0
B08BFQ111T,,,,,11.0
B08BFZDNSY,,,,,130.0
B08BFZFWPH,,,,,20.0
B08BFZZ6VR,,,,,60.0
B08BG37DSD,,,,,229.0
B08BHK4LH3,,,,,169.0
B08BHPQNX3,,,,281.0,281.0
B08BHQBN6W,,,,,37.0
B08BHQZ9FY,,,137.0,,137.0
B08BHWKFBQ,,,,249.0,249.0
B08BJ2DQ5Q,,,,,49.0
B08BJ2QJVR,,,,,55.0
B08BJ83KRT,,,,,306.0
B08BJ9XBRC,,,,,56.0
B08BJBMF41,,,,,4.0
B08BJCDW1T,,,,,43.0
B08BJCGK7X,,,,,3.0
B08BJCGZXF,,,,,41.0
B08BJD3BYQ,,,,,41.0
B08BJDS2F1,,,,9.0,9.0
B08BJFWP1R,302.0,,302.0,302.0,302.0
B08BJK7SQJ,11674.0,,,,11674.0
B08BJN6DNW,72.0,,,,72.0
B08BJPCMTK,,,,72.0,
B08BJQR9CF,,,,,91.0
B08BJR5848,,,,,168.0
B08BJS2VFK,22.0,,,22.0,22.0
B08BJS3TNM,,,,15.0,15.0
B08BJTD7LQ,,27.0,27.0,27.0,27.0
B08BJVH86X,,,,,5.0
B08BK69V7L,,56.0,,,
B08BK7DZ8Z,,,,185.0,185.0
B08BKFKNNW,,,,,374.0
B08BKM31QN,,,11.0,,11.0
B08BKNPQW4,,,,,16.0
B08BKNQGFR,,,,16.0,
B08BKRCZKK,76.0,,,,
B08BKSXGVB,436.0,,436.0,,436.0
B08BKTQJJJ,,,,,9.0
B08BL8ZDDM,,,,,34.0
B08BLK4BF2,,,,38.0,38.0
B08BLK9CGD,,,,35.0,35.0
B08BLLVBY7,,,,,103.0
B08BLN4QFG,,,,,506.0
B08BLNMK6Q,,506.0,,,506.0
B08BLP47DB,,,,,506.0
B08BMWZPYK,,,,,15.0
B08BN8PCBG,558.0,,,558.0,558.0
B08BNG8NWH,354.0,,354.0,354.0,354.0
B08BNH19M7,53.0,53.0,53.0,53.0,53.0
B08BNJWQF9,,,,,25.0
B08BNK4N11,558.0,,558.0,558.0,558.0
B08BNM4VQS,,,5.0,,
B08BNN2RGT,,,,,5.0
B08BNN9L9B,,,,,33.0
B08BNQ6NC4,53.0,53.0,53.0,53.0,53.0
B08BNTFRNG,803.0,803.0,803.0,803.0,803.0
B08BP53Z4M,,1857.0,1857.0,,1857.0
B08BP6B67L,,,,3.0,
B08BP9RWDH,,,,,1109.0
B08BPGW24M,,,,,7.0
B08BQYCKHJ,,,1049.0,1049.0,1049.0
B08BQZ6QSB,,,,,259.0
B08BR1LMXX,,,,,23.0
B08BR4PY57,4.0,,,,
B08BR5WVHM,,129.0,,,
B08BR6TP7Q,1175.0,,,,1175.0
B08BR732BV,,,,,10.0
B08BRB7ZSL,,,,35.0,
B08BRF41TN,,,,,7.0
B08BRH5LCV,,,,,116.0
B08BRJRRV9,,,,,259.0
B08BRK2V8K,,,1049.0,,
B08BRLN4J4,,,,,13.0
B08BRPC63N,,391.0,,,391.0
B08BRQ2FGJ,,,,391.0,391.0
B08BS1PZMN,,,,,80.0
B08BTG6CKZ,,,,,73.0
B08BTT64H6,,,73.0,,73.0
B08BTTJ7HZ,,158.0,158.0,158.0,158.0
B08BTX2K46,,,,,28.0
B08BTZKSKV,,,,89.0,89.0
B08BX9JQYV,115.0,,115.0,115.0,115.0
B08BXN38X9,,,,,21.0
B08BXN5HN3,,,,21.0,21.0
B08BXPBHX4,,,,,21.0
B08BXPKKWF,,,,,21.0
B08BXYBL95,76.0,,,,
B08BXZRFXP,,,,,158.0
B08BY6WCMM,,,103.0,,103.0
B08BY7YW9H,,,,63.0,
B08BY8YRYS,,,,,110.0
B08BYGNWJV,,,,,32.0
B08BYK5YKK,,,,,33.0
B08BYM7DXK,,,209.0,209.0,
B08BYR4KC3,7.0,,,,
B08BYR7PFD,12.0,,,,
B08BYRZF5K,23.0,23.0,,,
B08BYVMHPK,73.0,,,,73.0
B08BYZ696H,,,,16.0,
B08BZ4L8SJ,,,,,1151.0
B08BZ7G8M8,,,,,47.0
B08BZ7Y5KJ,,,,,41.0
B08BZ8KM9G,,,,74.0,
B08BZ8T9SZ,,,,,1.0
B08BZ9FKRP,3750.0,,3750.0,3750.0,3750.0
B08BZB7F14,,302.0,,,
B08BZBSMMD,,261.0,,261.0,261.0
B08BZCXGW8,,174.0,174.0,,174.0
B08BZD4VHV,279.0,,,,279.0
B08BZDWNVW,506.0,506.0,,,
B08BZDYW5Y,,,,,13.0
B08BZGWFV6,,8.0,,,
B08BZHVSG8,,,,65.0,65.0
B08BZLQLV8,152.0,,,,
B08BZMJ8YG,,,,,85.0
B08BZP3HTG,,,,,150.0
B08BZP9RZY,,,,,85.0
B08BZVGDBG,316.0,,316.0,,316.0
B08BZVHXX9,,,,,180.0
B08C21KF46,,,,,125.0
B08C24JZK4,,,,,41.0
B08C25S8M5,,,,33.0,
B08C26436G,312.0,,,,
B08C26HN1D,,,,1056.0,1056.0
B08C26YWYH,,,,,378.0
B08C28K4JM,,,,,125.0
B08C29M31W,,,,,37.0
B08C2BR6QL,,,,,20.0
B08C2CSHJ8,,,,,7.0
B08C2GWDKJ,,,,,1056.0
B08C2H77TH,,,,,1056.0
B08C2J52K1,288.0,,,,
B08C2K51LH,238.0,,238.0,,238.0
B08C2M7TMM,,,1056.0,1056.0,1056.0
B08C2PYL35,,,,,26.0
B08C2Q9GQH,,,,8.0,8.0
B08C2XG8L5,,,,,14.0
B08C3269Z1,,,12.0,,
B08C3615TC,,,,,5.0
B08C36Q911,,,,,23.0
B08C3SVGSJ,4.0,,,,
B08C4MQ61C,15.0,,,,
B08C4Q4ZBF,,,,,27.0
B08C4VJYVT,,,,444.0,444.0
B08C4WCK6F,,,,,195.0
B08C4Z76SB,76.0,,,,
B08C56X4CW,,,,717.0,717.0
B08C58DVC9,,,,,9.0
B08C5CY194,,,,,73.0
B08C5DFRNT,,,58.0,,58.0
B08C5DNZBR,,,,,3.0
B08C5F2PLD,,,,,46.0
B08C5HFLR3,,,,67.0,67.0
B08C5KJXMV,,,,50.0,
B08C6DNWPT,,,,425.0,425.0
B08C6JSVFR,,,175.0,,175.0
B08C6P39H4,,,,,73.0
B08C72D86F,,,,,80.0
B08C73CFNX,,,,161.0,161.0
B08C745VJ6,,,41.0,,
B08C768MKG,,,,,346.0
B08C79RDFT,2179.0,,2179.0,2179.0,2179.0
B08C7DSNFK,,,,,382.0
B08C7G97GW,,,,,15.0
B08C7GXBKT,,,4643.0,,4643.0
B08C7MJ38T,,238.0,,,
B08C7N7RKF,,,,,125.0
B08C7S8Z5V,,,111.0,,
B08C7S96DY,,,,,288.0
B08C7SHV1K,,,,,111.0
B08C7TGTT4,,,242.0,,242.0
B08C7Y769G,,,,113.0,113.0
B08C7YV1RM,113.0,,,113.0,113.0
B08C7Z538F,,,38.0,38.0,
B08C7Z7X5L,,,,,113.0
B08C9BGWFH,,,436.0,436.0,436.0
B08C9BQ6BC,,,,112.0,
B08C9JHQRF,,,,109.0,109.0
B08C9L385W,121.0,,,,
B08C9MJ383,,,,,1.0
B08C9RH5QN,12.0,,,,
B08C9RKQGT,944.0,944.0,944.0,,944.0
B08C9XQKZ2,679.0,679.0,679.0,679.0,679.0
B08CB5TVXZ,,,,,61.0
B08CB7KFFQ,,,67.0,67.0,67.0
B08CBGCD1V,,60.0,,,60.0
B08CBH1FYY,97.0,,,,97.0
B08CBSG7Y4,,,,,16.0
B08CBT6KX4,212.0,212.0,,,212.0
B08CBTT8DZ,,,,,81.0
B08CBWVGKZ,,,,,46.0
B08CBY5FFV,,,363.0,,363.0
B08CBZY8FX,,453.0,,453.0,453.0
B08CC1CF1F,,,,,16.0
B08CC1PSCX,,,,242.0,242.0
B08CC3W7XG,,,,,8.0
B08CC8QPZZ,,,,,169.0
B08CC93T3R,,,,,46.0
B08CCD5ZKP,,,,145.0,
B08CD17VSN,,122.0,,,122.0
B08CD7FTFC,118.0,118.0,,,
B08CD9W21B,,,,,929.0
B08CDH5SV4,,20.0,,,
B08CDJ116F,,,,,235.0
B08CDKP71P,330.0,,,,330.0
B08CDLNMNJ,,,,,9.0
B08CDLPK4Z,,,,,201.0
B08CDLQZ12,,,1097.0,,1097.0
B08CDM4YZH,,,,,74.0
B08CDM7WMG,,,,201.0,
B08CDMGSH8,,,,,12.0
B08CDMM1QT,,,,,201.0
B08CDP85W9,,,,,39.0
B08CDR9CCF,,,,,380.0
B08CDS8D9R,1.0,,1.0,1.0,1.0
B08CDYXMM3,1.0,,,,
B08CG5NCV8,,,,,66.0
B08CG9PQHW,75.0,,,,
B08CGHR2D8,105.0,,,105.0,105.0
B08CGM1JP4,443.0,,,443.0,443.0
B08CGQMPRF,100.0,,,,
B08CGR3CNJ,,271.0,271.0,271.0,271.0
B08CGWDMXB,,,271.0,,271.0
B08CGWZWDH,39.0,,,39.0,39.0
B08CHB6RF5,2.0,,,,
B08CHDS9YT,,,,,134.0
B08CHDZN42,,,,,16.0
B08CHFC9NJ,,,,,134.0
B08CHJCR89,,,,,79.0
B08CHLY365,,,509.0,,509.0
B08CHMZGGW,,,336.0,,
B08CHNDGNK,,,,,509.0
B08CHNGCQB,,,,342.0,342.0
B08CHP4LNX,893.0,893.0,893.0,,893.0
B08CJ2XWVH,,,,,30.0
B08CJCFZYZ,,,,,1851.0
B08CJKKPR4,,627.0,,,627.0
B08CJX8X8J,,,,12.0,
B08CK1K6B4,3.0,,,,
B08CK1MYM6,,,,184.0,
B08CK2MW44,,,,,7.0
B08CK4XMJQ,,,150.0,,150.0
B08CK655PD,,,,,3.0
B08CK83J4J,,,,,199.0
B08CK8LX1L,,,,,277.0
B08CKBP3FW,,,,,317.0
B08CKG331G,,,,,111.0
B08CKGQMWB,,,,,11.0
B08CKMZCKD,14.0,,,,
B08CKP48RY,,,,,104.0
B08CKPLJ3B,124.0,124.0,124.0,124.0,124.0
B08CKR2K63,,,,,1892.0
B08CKRXJS6,23.0,,,23.0,
B08CKT11BZ,,,,,40.0
B08CKVG149,,,,,227.0
B08CL156TR,,,,,10.0
B08CM9TCN9,,266.0,,,266.0
B08CMK795K,,,,,9.0
B08CMMQF9P,13.0,,,,
B08CMN1XG9,,,66.0,,
B08CMNDVV8,,,,,3.0
B08CMPPNFK,,,786.0,786.0,786.0
B08CMQGYZZ,,,,13.0,
B08CMQTP8M,,,,,1056.0
B08CMRD787,,,,,148.0
B08CMRFZRB,,,,,34.0
B08CMT1KRR,,,,,83.0
B08CMT8Y6H,,,,,332.0
B08CMTVKTZ,138.0,,,,
B08CMWF1Q4,,,,,3.0
B08CN33QMZ,,,,,3.0
B08CN3VGZD,,11.0,,,
B08CN497MJ,,,47.0,,47.0
B08CNCRNBQ,,3.0,,,
B08CPYBYH9,,,,,80.0
B08CR1W377,,,,,707.0
B08CR5CC9M,3.0,,,,
B08CR5PB8J,,,,707.0,
B08CR7LCZY,,,,,3.0
B08CR95MLZ,,,,,3.0
B08CR9D8FP,,,,,18.0
B08CRB8FNT,204.0,204.0,,204.0,204.0
B08CRBMD1L,,,,14.0,
B08CRC2PXL,,,707.0,,
B08CRDFPGZ,,,,,8.0
B08CRFKC6S,,,,707.0,
B08CRJC141,3.0,,,,
B08CRKQV5G,,,,,4.0
B08CRNH42S,,,1032.0,,1032.0
B08CRP3X52,,,,,707.0
B08CRPH6KC,,,,,3.0
B08CRQSCVF,,,,,3.0
B08CRR2TXH,,,,,707.0
B08CRS143D,,,707.0,,707.0
B08CRSMJKL,,,,,3.0
B08CRY4ZXG,144.0,144.0,144.0,,
B08CS27FLM,,,,,93.0
B08CS2NGR6,,,,,93.0
B08CSJT2QF,,,,,11.0
B08CSKXZ79,,,,,184.0
B08CSQ8QPD,,,,58.0,58.0
B08CSV1JXY,,,90.0,,90.0
B08CSXHGFT,,,,,6.0
B08CSXVVW5,,22.0,,,
B08CTVTKSX,,10.0,,,
B08CTW2HN7,,,,,3.0
B08CTWL3FS,,,,,10.0
B08CTY6F6H,,,,,47.0
B08CTZLCBL,,26.0,,,
B08CTZPP19,603.0,,,,603.0
B08CV3JFFV,,,,55.0,
B08CV48DHV,,,,,362.0
B08CV5KTWZ,,,362.0,362.0,362.0
B08CV7RVXV,,,,,115.0
B08CV98BGH,,,,,488.0
B08CV98KY9,,1101.0,1101.0,,1101.0
B08CVBJBLX,,,,,488.0
B08CVCBTBF,,488.0,,,488.0
B08CVCBZ9L,,,,,488.0
B08CVCY72L,,,,,488.0
B08CVD4DB9,,488.0,,,
B08CVD6W45,488.0,,,488.0,
B08CVFT7SD,,,,,118.0
B08CVGLHVX,,,,,118.0
B08CVRQH13,443.0,443.0,443.0,443.0,443.0
B08CVSZPYJ,1467.0,,,,1467.0
B08CW369ZQ,,,218.0,,218.0
B08CX6NV65,,,363.0,363.0,363.0
B08CX73RY2,,,,,3702.0
B08CX9TW62,,,2140.0,,2140.0
B08CXD56N4,,,13.0,,
B08CXGVC1B,2140.0,,,2140.0,2140.0
B08CXH8XVG,,607.0,607.0,607.0,607.0
B08CXK2R94,,,,,383.0
B08CXKGKRN,,,,,465.0
B08CXL62MQ,,,,,264.0
B08CXR3LMH,,,,,465.0
B08CXSSL5W,,,,,427.0
B08CXT5KKB,27.0,,,,27.0
B08CXVM6NH,,,,250.0,250.0
B08CXWPT1K,,,20.0,,
B08CY69BFS,,,,,126.0
B08CY6T57Q,,48.0,48.0,,48.0
B08CY9DHK9,324.0,324.0,,324.0,324.0
B08CYZPQVL,178.0,178.0,,,178.0
B08CZ5HJW2,,,396.0,,396.0
B08CZ7RCKN,,,130.0,,130.0
B08CZ9RT1P,200.0,,,,200.0
B08CZBHPYF,447.0,,447.0,,447.0
B08CZG5Z3D,,52.0,52.0,,52.0
B08CZGLQ5N,67.0,,,,67.0
B08CZJV14Z,,,,,178.0
B08CZMXGLY,22.0,,22.0,,
B08CZQ3GQX,,,,22.0,
B08CZRTWHZ,,,770.0,,770.0
B08CZSZSTK,,,,,8.0
B08CZXTL4T,2010.0,2010.0,2010.0,2010.0,2010.0
B08D1M68W4,,,546.0,546.0,
B08D1Z6RNQ,,,,546.0,
B08D221DPF,,,,,23.0
B08D2GP913,,,546.0,,
B08D2LHV8G,546.0,,546.0,546.0,546.0
B08D2PW169,,,,546.0,
B08D2R3R32,4328.0,4328.0,4328.0,4328.0,4328.0
B08D2T8483,,,,,163.0
B08D2Z1JFQ,18.0,,,,
B08D2ZJZXQ,,150.0,150.0,150.0,150.0
B08D32GJTN,,850.0,850.0,,850.0
B08D34S51G,,,,,40.0
B08D355JP2,231.0,,,,
B08D37134W,,1387.0,,1387.0,1387.0
B08D37KMF3,,,,,850.0
B08D385WB1,,,,,62.0
B08D3C8TTY,,,,546.0,
B08D3FTTLX,,,,,23.0
B08D3FZ8M5,,,,,124.0
B08D3H5JCY,,,,124.0,
B08D3HT963,6.0,,,6.0,
B08D3KT417,,,,857.0,857.0
B08D3L6J2J,,6.0,,,6.0
B08D3PH6QC,,,,,43.0
B08D3QW685,54.0,,,,54.0
B08D3SDM5W,964.0,,964.0,964.0,964.0
B08D3TB8TX,,,,,102.0
B08D3XR5BP,,546.0,,,
B08D3YBZY2,,,,,546.0
B08D549VZW,,,,,17.0
B08D55R9P2,,,,,111.0
B08D5HJT9G,,,,8278.0,8278.0
B08D5JY25Z,,,,,8278.0
B08D5LR1DZ,8278.0,,,8278.0,8278.0
B08D5XCRPB,,,,,1550.0
B08D5ZLQMK,,,,,1550.0
B08D5ZYPGP,,,,,50.0
B08D64HWD1,,,282.0,282.0,282.0
B08D68GGWS,,,,,1550.0
B08D69SZQV,,,,,1550.0
B08D6BHT1G,,,,,1550.0
B08D6DG87G,,,,,5.0
B08D6FT6JY,,,,,60.0
B08D6G1S9F,,,,,1550.0
B08D6GGLTG,,,,,52.0
B08D6J87VD,,,1550.0,,
B08D6K6593,,,,,1550.0
B08D6M4XQV,,,,672.0,672.0
B08D6MRDVQ,,,,22.0,22.0
B08D6VD2CJ,15.0,,,,
B08D77BP6J,,,,867.0,867.0
B08D7LHVL1,464.0,464.0,,464.0,464.0
B08D7LHWJ7,,,,,134.0
B08D8892Z2,,,,22.0,22.0
B08D8FW4WQ,,235.0,,,
B08D8GPTXY,,,,,235.0
B08D8GSH6T,235.0,,,,
B08D96FY4C,,,,,17.0
B08D96PF3B,,,,,80.0
B08D9912HC,,,,,18.0
B08D996N2D,,,,22.0,
B08D9J25YH,,,,,103.0
B08D9L3Q34,,,,,22.0
B08D9N1SZW,525.0,525.0,,525.0,525.0
B08DCJ54LK,,107.0,107.0,107.0,107.0
B08DCL2YRT,107.0,107.0,107.0,107.0,107.0
B08DCSV5SZ,,796.0,796.0,,796.0
B08DCTR4H7,,,,,23.0
B08DCVDR39,,,,,83.0
B08DCWN7F6,,,,31.0,
B08DD1Q3NN,,,,,36.0
B08DD7GNHY,,,,71.0,71.0
B08DDGSS7W,,,,,11.0
B08DF4NNRG,,,,271.0,271.0
B08DF4SHKP,,62.0,,62.0,62.0
B08DFFDK8C,,,,,94.0
B08DFGF9HL,,,,,11674.0
B08DFGVDC9,39.0,,,,
B08DFHYPLR,,,403.0,,403.0
B08DFKF95D,,,,,75.0
B08DFKGY2V,,,104.0,104.0,
B08DFKKR3S,332.0,,,,
B08DFNKKNY,,,,49.0,49.0
B08DFNQYB8,,,,,341.0
B08DFNYTYB,341.0,341.0,,,341.0
B08DFNZLZ3,,,,,332.0
B08DFNZPCJ,,,,,332.0
B08DFR2QT6,,,332.0,,332.0
B08DFSJPW8,53.0,,53.0,53.0,53.0
B08DG5K9B3,11.0,,11.0,,11.0
B08DG6VFQG,,,,82.0,
B08DHFMYYJ,,,,7.0,
B08DHG353V,3750.0,,3750.0,,3750.0
B08DHPV76R,,,,,724.0
B08DHRB953,93.0,,93.0,,
B08DHTDP1T,,,,,45.0
B08DHXDCK6,,,,160.0,160.0
B08DHYSHZ8,48.0,,,,48.0
B08DHZTCJ2,,,,,160.0
B08DJBFPH3,,,,,239.0
B08DJDVJ67,,,,,64.0
B08DK1RKQH,,,,,30.0
B08DK8HMZM,,3306.0,3306.0,3306.0,3306.0
B08DKFPRCN,,,,,16.0
B08DKHQZRS,352.0,,,352.0,
B08DKJK7HG,,8278.0,,8278.0,8278.0
B08DKK6K94,,,28.0,,28.0
B08DKKQ51G,,,,,200.0
B08DKM547N,,,,38.0,38.0
B08DKMMYYN,,,712.0,712.0,712.0
B08DKPXB1K,,,90.0,,
B08DKTR239,,,,,9.0
B08DL2SFKM,,,,,7.0
B08DM49KC7,7.0,,,,
B08DM78C6M,5.0,,,,
B08DMHS6DS,,,,,4.0
B08DMJPWHF,,,,,4.0
B08DMJX5K8,,366.0,366.0,,366.0
B08DMPZRG7,,,,,16.0
B08DMVPM9L,,,,,247.0
B08DMW4D41,,,,,247.0
B08DMZ2Q3C,,,63.0,,
B08DN4GDX4,,,,,15.0
B08DN5GYGB,142.0,,,,
B08DN7C9SG,,155.0,,,155.0
B08DN8FNJ1,,,,,53.0
B08DN9HNH4,,,,,218.0
B08DNF821V,,,,96.0,96.0
B08DNJV9VF,,,,,298.0
B08DNMKBZM,,,35.0,,35.0
B08DNMSJPV,,,,481.0,481.0
B08DNN8KYB,48.0,,,,
B08DNNDLRB,,,,,30.0
B08DNQZ3RL,7.0,,7.0,,
B08DNSDB48,85.0,,,,
B08DQ949NX,,,,,25.0
B08DQM1H3M,,11.0,,,11.0
B08DQRCWYK,,,10.0,10.0,10.0
B08DQVK8ND,,,,6.0,6.0
B08DR1PZ35,,262.0,262.0,,262.0
B08DR2PW9G,,,,,15.0
B08DR5BZ3C,,,,,2140.0
B08DR5NXZL,,,,1901.0,1901.0
B08DR7HZDV,,,,,6.0
B08DRHT22R,37.0,,,,
B08DRJZBY5,,,,,32.0
B08DRN42KZ,,,,,28.0
B08DTFCC6L,,,,,106.0
B08DTGP7TN,298.0,,,,298.0
B08DTQSX16,,,,7.0,
B08DTR1X87,160.0,,160.0,160.0,160.0
B08DTRR1CX,,,,,298.0
B08DTTP9CK,49.0,,,49.0,
B08DV5L4M8,,,33.0,,
B08DXG3NZN,393.0,,393.0,393.0,393.0
B08DXH4JLD,,517.0,,,517.0
B08DXH7Z68,,,,435.0,435.0
B08DXHJYHR,,,,,25.0
B08DXHMF7W,,,,,39.0
B08DXPSCM9,,,,,393.0
B08DXR6PN3,,,,,44.0
B08DXVPYWW,,,,,393.0
B08DXZJ333,,20.0,,,
B08DY215TT,,,,,111.0
B08F1SXDFF,87.0,,,87.0,
B08F1TW9RP,,,,,3.0
B08F1WH41J,,,,,86.0
B08F1Z12RW,,,27.0,27.0,27.0
B08F224TXN,,,,20.0,
B08F23VCXW,,,,,20.0
B08F2BKC9F,374.0,,,,374.0
B08F2GCQGX,,,,,50.0
B08F3BC2JW,,1001.0,1001.0,,1001.0
B08F3BC6MV,,,5.0,,
B08F3C3Q68,,433.0,433.0,,433.0
B08F3DRPRH,,,64.0,64.0,64.0
B08F3LB5T3,,,,,25.0
B08F3S6LTX,,,,,222.0
B08F3TFH7L,,,,,74.0
B08F4LGWLT,,,,,64.0
B08F4RRYHM,,,,,20.0
B08F4VWVYG,87.0,,,,
B08F4WL252,,,,,25.0
B08F4YV8VG,,,2421.0,2421.0,2421.0
B08F4YX8MK,,,,114.0,
B08F521LGS,1528.0,,1528.0,1528.0,1528.0
B08F543MFN,,,,12.0,
B08F55PCTW,,,,,36.0
B08F55VB2P,,,,,75.0
B08F56F8ST,7736.0,7736.0,7736.0,7736.0,7736.0
B08F56SK2J,7736.0,7736.0,7736.0,7736.0,7736.0
B08F593QXP,,,,,5.0
B08F59Y3PT,,,418.0,,418.0
B08F5BKLYL,463.0,,463.0,463.0,463.0
B08F5CX1QT,,,,,7.0
B08F5D94R6,,,524.0,,524.0
B08F5DR15T,15.0,,,,
B08F5DXBZZ,,,,,478.0
B08F5FY2FJ,,,,,475.0
B08F5J7P5F,6.0,,,,
B08F5JNRS3,,,,134.0,134.0
B08F5JW1PK,8094.0,8094.0,8094.0,8094.0,8094.0
B08F5KGC2C,8094.0,8094.0,8094.0,8094.0,8094.0
B08F759NY6,,,,,65.0
B08F7961L4,,,,,31.0
B08F7JF2XB,,,,4.0,
B08F7K48H2,,,,,20.0
B08F7L4DWC,,,,,26.0
B08F7M57GN,,,,,26.0
B08F7NHKL7,,,598.0,598.0,598.0
B08F7VZDNM,11.0,,,11.0,
B08F7XCVC1,,,13.0,,
B08F9966FB,,,,,12.0
B08F9PK7DM,108.0,,108.0,,108.0
B08F9ST9FQ,,,,17.0,
B08F9VTKYV,,,,,764.0
B08F9YSZ4W,542.0,,542.0,,542.0
B08FB1JRLJ,166.0,,166.0,166.0,166.0
B08FB64BR8,,,,,23.0
B08FB74CCB,,,,185.0,
B08FBC31NL,,134.0,,,
B08FBFSDTT,,,,,4.0
B08FBRQFTQ,9.0,,,,
B08FBVMYWR,,,35.0,,
B08FBVW14P,431.0,,431.0,431.0,431.0
B08FBZ1MB3,71.0,71.0,,,
B08FC2ZCMX,,,15.0,,15.0
B08FC4SJ5Z,,,,,1319.0
B08FC586BB,157.0,,,,157.0
B08FC6LHXL,28.0,,,,
B08FC7Q5G2,,,15.0,15.0,15.0
B08FC7VJYJ,1151.0,,,1151.0,1151.0
B08FC8MCXP,1151.0,1151.0,1151.0,1151.0,1151.0
B08FC8WS19,503.0,503.0,503.0,503.0,
B08FCCCMMT,,4239.0,,,4239.0
B08FCCX14N,,,2.0,,
B08FCDNJZK,,,,,4.0
B08FCHL7S8,,,298.0,,298.0
B08FCJPLTD,,,,,8.0
B08FCKT3SZ,410.0,410.0,,,410.0
B08FCLW3DQ,,13.0,,,
B08FCQRXKZ,,,341.0,,341.0
B08FCR4J4B,,,,,341.0
B08FCRJ7CD,,,,341.0,
B08FCS8C9N,,,,66.0,66.0
B08FCVN9T3,8278.0,8278.0,8278.0,8278.0,8278.0
B08FD54HGV,,3.0,,,
B08FD8M7QL,,,,,63.0
B08FDBQP4Q,,,,,7.0
B08FDBSZJM,,,,,2094.0
B08FDDM8FK,,,,319.0,319.0
B08FDDZDGC,930.0,,930.0,930.0,930.0
B08FDF38Y6,,,930.0,,930.0
B08FDF3BPQ,,,9.0,,
B08FDF9XXV,,,1.0,,
B08FDFK681,,,,930.0,930.0
B08FDFR41Z,,,,930.0,930.0
B08FDFS15C,930.0,,,,930.0
B08FDJH368,,,631.0,,
B08FDNC85X,95.0,,,,
B08FDRDRZ3,,,,,14.0
B08FDV967T,214.0,214.0,214.0,,214.0
B08FF2N192,,,,,3.0
B08FF61L52,,,382.0,,
B08FF77466,208.0,,,,208.0
B08FFF91GT,,,132.0,,132.0
B08FFH9536,,,,7.0,
B08FFHDJHP,,,,,10.0
B08FFLP5LS,,,,,11.0
B08FFLR77B,10572.0,,,10572.0,10572.0
B08FFMP4NX,,,10572.0,,10572.0
B08FFRD9VS,,,,162.0,162.0
B08FFTC626,,,,,13.0
B08FFWDNLD,,,,,47.0
B08FFWM5W3,,,,,47.0
B08FFZS447,,16.0,,,
B08FG1BXYF,577.0,577.0,,577.0,577.0
B08FGVR874,,,,,33.0
B08FHDY58X,,,,280.0,280.0
B08FHSRKZY,,,10.0,,
B08FHX1ZCK,34.0,,,,
B08FHXYYTK,48.0,,,,
B08FHYNTFC,,,,4.0,
B08FHZ2XK6,,,3.0,,
B08FJ2QFM9,,1005.0,,,1005.0
B08FJ55Z18,47.0,,47.0,,47.0
B08FJ6CR3X,,,396.0,396.0,396.0
B08FJ6JGMS,,,23.0,,
B08FJ724RS,,,,,163.0
B08FJ8HL14,,,,,51.0
B08FKR1SPV,,,,105.0,105.0
B08FL993Z8,,,,8.0,
B08FLL43FJ,914.0,,,,
B08FLP9DXK,,,,,540.0
B08FLWVH74,,,,,24.0
B08FLZZ1PQ,,,,,927.0
B08FM12CYP,,,62.0,62.0,
B08FM1SGDP,,,,,34.0
B08FM7DLYR,,,,,240.0
B08FMFH98N,202.0,202.0,202.0,202.0,202.0
B08FMJL5XF,,,,,714.0
B08FMQVBBS,17.0,,,17.0,
B08FMVVV7L,,,,,13.0
B08FMY312D,,,,,22.0
B08FP2Z6DY,18.0,18.0,,,18.0
B08FPD5XHS,,,,,18.0
B08FQN7QM3,,57.0,,57.0,
B08FQSS4WP,,54.0,,,
B08FQY8RCT,,,366.0,,366.0
B08FR116KL,,,,,51.0
B08FRC2S1X,,,286.0,,286.0
B08FRC2WLR,202.0,,,202.0,202.0
B08FRC9X16,,,,,5.0
B08FRFCRRR,571.0,571.0,,571.0,571.0
B08FRG5B3M,571.0,571.0,571.0,571.0,571.0
B08FRKNTNQ,,,,,86.0
B08FRKWDH9,,,,114.0,
B08FRP4CJ6,13931.0,13931.0,13931.0,13931.0,13931.0
B08FSGY6T8,,,96.0,,
B08FSNRQB4,870.0,870.0,,,870.0
B08FSQ99W2,,,,,335.0
B08FSQP3GY,,,,,42.0
B08FSTZ27B,,,,1340.0,1340.0
B08FSY2794,14.0,,,,
B08FT26J47,,,,,106.0
B08FT3GRSQ,,,,4.0,4.0
B08FT4G5W1,,,,,18.0
B08FT6FHQT,,,,,4.0
B08FT7SS2X,,,,,11.0
B08FVGSJXC,,,,,70.0
B08FWPG4J7,3069.0,,3069.0,,3069.0
B08FWS7VDP,,,,,2.0
B08FWXM4GX,,,,,42.0
B08FWZXV81,,,,,283.0
B08FX1LJWL,119.0,,,,
B08FX729TP,,,9833.0,,9833.0
B08FX9SMX8,,,,,40.0
B08FXQDL48,,,,,1473.0
B08FXRLKGG,,180.0,,,
B08FXRRWDX,180.0,,,,
B08FXRVT12,1473.0,,1473.0,1473.0,
B08FY8V2KK,,14.0,,,
B08FY9CBLX,,,,,171.0
B08FYBGZCC,,,,16.0,
B08FYCQNSL,,,,,397.0
B08FYDK3L2,,,,,139.0
B08FZN5Y57,,,,,93.0
B08FZP9H3Q,,,,,107.0
B08FZWRVSC,,,,,27.0
B08G12R8CW,,,,,321.0
B08G12WKJ6,,,,23.0,23.0
B08G136JFQ,,321.0,,,321.0
B08G146QD4,,,,,206.0
B08G14B779,,,,,206.0
B08G15RQ8H,17.0,,,,17.0
B08G163XKM,,,,,206.0
B08G19G94V,,,49.0,,
B08G19JTBK,,94.0,,,94.0
B08G1BWRL5,62.0,,,,
B08G1F65KR,141.0,,,141.0,141.0
B08G1GJR93,,,,,32.0
B08G1S575Z,,,,,2.0
B08G1WQQHK,,,,,68.0
B08G1X1LGG,,,68.0,,
B08G49P8V1,3500.0,3500.0,3500.0,3500.0,3500.0
B08G4GDFVV,,,,8.0,
B08G4K4GHJ,,,1811.0,1811.0,
B08G4Q6NHM,,,,,54.0
B08G4T9M6S,93.0,,,,93.0
B08G51MVTY,9.0,,,,
B08G52GK8T,,,,,3.0
B08G853Q9W,,,,,171.0
B08G8DJM6L,,,,,169.0
B08G8L4Z1Z,,22.0,,22.0,22.0
B08G8LYCN3,,97.0,97.0,,
B08G8MX1JB,,,171.0,,171.0
B08G9VBSHS,,,,,45.0
B08GBRX497,,19.0,,,
B08GBZHC5D,,,83.0,,
B08GBZX8M1,,,,,75.0
B08GC1SKPJ,57.0,,,,
B08GC2ZG46,,,,1857.0,
B08GC3HCP8,,,,,172.0
B08GC3KV4G,,,,,38.0
B08GC5D35R,,,,,36.0
B08GC6VLQ6,,,,,272.0
B08GC731WY,401.0,,401.0,401.0,401.0
B08GC8JT3C,,380.0,,,380.0
B08GCCSJCS,,,,,151.0
B08GCFG495,490.0,490.0,,490.0,490.0
B08GCK7CS8,,,,139.0,139.0
B08GCR1Z8M,,,40.0,40.0,40.0
B08GCR2Y3Q,,,,,41.0
B08GCRZRB9,,,,,36.0
B08GCYGP3F,,313.0,313.0,313.0,313.0
B08GDP421Z,4328.0,4328.0,4328.0,4328.0,4328.0
B08GF7YK88,,,,,141.0
B08GF94M14,,,,67.0,
B08GFBQS3X,,,,455.0,455.0
B08GFC6663,,80.0,,,
B08GFCD8LH,,,,23.0,23.0
B08GFDG332,5631.0,,5631.0,,5631.0
B08GFDNTWS,,,,,8.0
B08GFG72J6,9.0,,,,9.0
B08GFGVQM2,,,,34.0,34.0
B08GFHM95D,,,,37.0,
B08GFJHB26,7.0,,,,7.0
B08GFLCLHG,297.0,,,297.0,297.0
B08GFLH4WD,,,,2.0,
B08GFMJQY7,,,,,1086.0
B08GFPVQ8K,7.0,,,,7.0
B08GG4FSRY,155.0,,155.0,,
B08GG4SJ27,156.0,,,,
B08GG6TKPP,,,10.0,,
B08GG7RC8Y,,33.0,,,
B08GG91M74,,,,,14.0
B08GH3WN8D,,,,29.0,29.0
B08GH9Q69D,,,,107.0,107.0
B08GHD5HG2,,,,,115.0
B08GHGB52M,,107.0,107.0,107.0,107.0
B08GHGTPC3,,,,,52.0
B08GHNMM23,,,19.0,,
B08GJ2B9C3,,25.0,25.0,25.0,25.0
B08GJMP2GG,,,,,94.0
B08GJNDTWS,,,,,63.0
B08GJRJ8F7,51.0,,,,51.0
B08GK2WYTZ,,,,,26.0
B08GK5PJ19,,,,,203.0
B08GK9QJ8S,51.0,,,,
B08GKDXPWF,,,,,66.0
B08GKFS8KH,,,,,32.0
B08GKG47TS,,,,,112.0
B08GKG6RVW,,238.0,238.0,,238.0
B08GKGBTQL,,,,,50.0
B08GKHL2VS,,,,,4.0
B08GKJCYJ6,873.0,,873.0,,873.0
B08GKK4QZ2,,,942.0,,
B08GKKC2ZK,10.0,,,,
B08GKL2613,,,,,24.0
B08GKM9T8D,3547.0,,,3547.0,3547.0
B08GKQ4D52,,,,,16.0
B08GKQPVFS,11.0,,,,
B08GKR4D3N,12.0,,,,
B08GKRPQM7,,,,,8.0
B08GKRR7GQ,,,,,39.0
B08GKTT8DK,,39.0,,,
B08GL6WMM1,,39.0,39.0,,
B08GLBPL4J,,,,,507.0
B08GLBZBHD,,1.0,,,
B08GLD7L5Q,,,507.0,,507.0
B08GLG91L8,,,2128.0,2128.0,2128.0
B08GLGYB7B,2128.0,2128.0,2128.0,2128.0,2128.0
B08GLHK4S8,,,,2128.0,2128.0
B08GLJK4VP,,,33.0,,
B08GLM95H2,,,,,16.0
B08GLNBMBC,1653.0,,1653.0,1653.0,1653.0
B08GLQ3STP,,,,,9.0
B08GLQDHS7,,1480.0,1480.0,,1480.0
B08GLYLRXX,194.0,,,,194.0
B08GLZWVXB,194.0,,,,194.0
B08GM7CT3K,,,,100.0,100.0
B08GMFC9WW,,,,,266.0
B08GNXK983,,,,,27.0
B08GNZCBWP,,,,128.0,128.0
B08GNZDTJK,,,,,55.0
B08GP4L6VL,286.0,,286.0,,286.0
B08GPD21D6,,98.0,,,
B08GPRL8V3,,122.0,122.0,,122.0
B08GPVQWH7,,,,,867.0
B08GPX2YZK,,,,,1.0
B08GPXQ35L,,,,,315.0
B08GQ7KJZD,121.0,,,,
B08GQ81YLJ,,,,,42.0
B08GQK3DMV,102.0,102.0,,102.0,102.0
B08GQP6DX8,,113.0,,113.0,113.0
B08GQV897D,,7.0,,,
B08GQXK2DB,,,142.0,,142.0
B08GR1VWJ7,,,,,12.0
B08GS15FMY,,,,,70.0
B08GS25LVV,269.0,,,,269.0
B08GS39RY9,,43.0,,,
B08GS3CCVM,874.0,,,,874.0
B08GS67GK2,,,,11.0,11.0
B08GS7JZPD,,38.0,,,38.0
B08GS8SQ8C,,,,2.0,
B08GS93H1P,,,,,15.0
B08GS9B9VC,,,64.0,,64.0
B08GSC35PZ,,,,,18.0
B08GSDC4Z4,,,,52.0,
B08GSF8NFB,,243.0,243.0,243.0,243.0
B08GSHW63J,764.0,,,764.0,764.0
B08GX11W98,314.0,,314.0,314.0,314.0
B08GX49SP1,,,,,81.0
B08GX5KPZG,,,,,13.0
B08GX7V4QM,95.0,,,,
B08GX8SRZC,,,,,1.0
B08GXT3SVY,29.0,,,,
B08GXXN6YM,,48.0,,,
B08GY7MGHW,431.0,431.0,,,431.0
B08GYG3RLY,,,99.0,99.0,99.0
B08GYLW41C,,,,,13.0
B08GYZZYJP,,402.0,,,402.0
B08GZBQFBZ,9.0,,,,
B08GZBR7F4,,,,,47.0
B08GZKWL6P,,,,16.0,16.0
B08GZYG69Q,,36.0,,,
B08GZZCJ3P,96.0,,96.0,,96.0
B08H13KD8T,,44.0,,44.0,
B08H143124,,,51.0,,
B08H16FLVW,51.0,,,,51.0
B08H1JZV4N,,,4.0,,
B08H1L9W9R,75.0,,,,75.0
B08H1QDMY1,1.0,,,,
B08H1VR2V3,,,,,33.0
B08H1YZ6NF,119.0,,,,119.0
B08H1Z1LNK,,,330.0,,330.0
B08H1ZMTGR,,659.0,659.0,,659.0
B08H28V4LT,,,,,5.0
B08H3F46KV,8094.0,8094.0,8094.0,8094.0,8094.0
B08H3HSLXQ,,,,,2.0
B08H4BG8H2,,,496.0,,496.0
B08H4GMFGB,322.0,,,,322.0
B08H4H13H2,7.0,,,,
B08H4KD111,,,,,79.0
B08H4PZGB2,49.0,49.0,,,49.0
B08H4YRGB9,,,,192.0,192.0
B08H5BBLR9,,,,,70.0
B08H5D9KWQ,,113.0,,,113.0
B08H5DN5NP,,,,226.0,226.0
B08H5F4LWQ,,,,,12.0
B08H5H74MQ,,,,,17.0
B08H5HJ4GB,987.0,,,,987.0
B08H5HPS7N,184.0,,,,
B08H5JPB3M,,,,,223.0
B08H5KTTM3,,,,,113.0
B08H75P5MF,1249.0,,,,1249.0
B08H7DRRMW,,68.0,,,
B08H7RJJFN,15.0,,,,
B08H7S8K6L,,,4904.0,,
B08H7YDDTR,,,,,139.0
B08H818MXF,,,,,139.0
B08H81LBGG,,,,,37.0
B08H83GWDX,,,5853.0,,5853.0
B08H85S7H9,,,14.0,,
B08H8656K4,,,,,10.0
B08H87R3RQ,,,,5851.0,5851.0
B08H89MM61,,,,,9.0
B08H8H1P7L,,,,18.0,
B08H8JC58J,159.0,159.0,159.0,,159.0
B08H8R61L5,,644.0,644.0,644.0,644.0
B08H8YT926,,,,,63.0
B08H9KRQGL,,,207.0,,207.0
B08H9Y4PZH,,838.0,838.0,838.0,838.0
B08HB4TWCV,,,63.0,,
B08HBSY1HQ,,29.0,,,
B08HC5QPVM,,,,,28.0
B08HC91DNW,,,1.0,,
B08HCSCJNN,,,,,495.0
B08HCVGK7D,,,49.0,,
B08HCZ6DMF,,,,,14.0
B08HCZL2GW,30.0,,,30.0,30.0
B08HD8RRF5,,,,,12.0
B08HD9Y9P6,,,20.0,20.0,
B08HDFG5QJ,,,,,239.0
B08HDGGKKZ,,,,,5.0
B08HG2K8PN,,94.0,,,94.0
B08HG671W2,,,94.0,,94.0
B08HGHDPDL,21.0,,,21.0,
B08HGHWB9H,,,,,21.0
B08HGM51FY,,,91.0,,91.0
B08HGNL2D8,,91.0,,,91.0
B08HGNRR2T,,,3500.0,3500.0,3500.0
B08HGP4YWT,,,,,21.0
B08HGQMLV4,,,,,21.0
B08HGRP26Z,,,,,1550.0
B08HGSRFJR,,,21.0,,
B08HGSWMD4,21.0,,,,
B08HGT6RVG,,92.0,,,92.0
B08HGTBVYJ,,,,,23.0
B08HGV9X91,,,,,21.0
B08HGY8GSD,1550.0,,,,
B08HH1FC71,10.0,,,,
B08HH2MKVW,,,,,112.0
B08HH4VNKR,,,,,170.0
B08HH66BMT,849.0,,849.0,849.0,849.0
B08HH6MKSW,,,149.0,,149.0
B08HH963VP,31.0,,,,
B08HHB3NF9,,,,,44.0
B08HHHJXRH,,,37.0,,
B08HHJ8N8G,58.0,,,,
B08HHWD4G2,,,,,47.0
B08HJ4RJSZ,,,,,1550.0
B08HJ6P9DP,21.0,,,,
B08HJ8L3B3,,,,,113.0
B08HJL3TCF,,192.0,192.0,,
B08HJWDQ41,,55.0,,,
B08HK4W4CP,106.0,,,,
B08HK5T6D8,,,,,15.0
B08HK66VFB,,,,,201.0
B08HKBX2XF,266.0,,,,
B08HKDXKPP,204.0,204.0,204.0,204.0,204.0
B08HKH4519,,,,110.0,110.0
B08HKQLRL6,,,,,67.0
B08HKTK85Y,,,7.0,,7.0
B08HKTZZY8,,,,,10.0
B08HKWS278,,,,,16.0
B08HKX9GFL,,338.0,,,338.0
B08HKXKP5D,240.0,,,,240.0
B08HL26VNP,190.0,,,,
B08HL3RJXB,218.0,,218.0,,
B08HL887P8,719.0,719.0,719.0,719.0,719.0
B08HLFYN1Y,,,,77.0,
B08HLGSTQ3,9.0,,,,
B08HLM9ZSJ,181.0,,181.0,,
B08HLPGKMG,,,,63.0,63.0
B08HLPTQNW,277.0,277.0,277.0,277.0,277.0
B08HLYD2JF,,,,,16.0
B08HM2T4Z2,247.0,,,,247.0
B08HMJBMS5,,,,39.0,39.0
B08HMLPSJB,,,,43.0,
B08HMPXJQH,,,,,18.0
B08HMRPZB2,13.0,,,,
B08HN2KSFJ,,70.0,,,70.0
B08HN4MHS2,2579.0,,2579.0,2579.0,2579.0
B08HNBQW83,,,135.0,,
B08HNVV6KQ,,,,,56.0
B08HPF4XGM,64.0,64.0,64.0,64.0,64.0
B08HPFFW1C,,,,,99.0
B08HPTFLXS,,,,,18.0
B08HPZNDPZ,18.0,,,,18.0
B08HQ6PMS8,,,38.0,,
B08HQ9YDWN,64.0,,64.0,,64.0
B08HQDHRTY,187.0,187.0,,,187.0
B08HQJYYJY,,,,,64.0
B08HQQFSTW,1528.0,,1528.0,1528.0,1528.0
B08HQS668X,,867.0,,,867.0
B08HQTRQ68,,,,,18.0
B08HQTVW2N,453.0,453.0,453.0,453.0,453.0
B08HQXQL73,,,1528.0,,1528.0
B08HR39Z2K,,,,,165.0
B08HR4F5TV,15.0,,,,
B08HRHDFQ6,,,,,61.0
B08HRM4HGL,,,,,110.0
B08HRMY7T5,,,138.0,138.0,138.0
B08HRSSMTB,,,,6.0,
B08HRTZQQ4,,,,100.0,100.0
B08HRZDJQC,,,,,24.0
B08HS15J7D,,232.0,232.0,,232.0
B08HS26SP8,,172.0,172.0,,
B08HS46M49,,,422.0,422.0,422.0
B08HS9ZR8Z,,,,,49.0
B08HSMW2NV,746.0,,746.0,746.0,746.0
B08HSNBW2Z,746.0,746.0,746.0,746.0,746.0
B08HSW72R3,,,18.0,,
B08HSW7G11,,,,,6.0
B08HSX3M9C,,,,,48.0
B08HSYV2T5,11.0,,,,
B08HTQVZ27,,,,,63.0
B08HV3Z9N4,,,,,11.0
B08HV5ST46,,,,112.0,112.0
B08HV682XH,,,,,569.0
B08HV783RY,,,,,14.0
B08HV96KYM,,,27.0,,
B08HVBMJ2K,158.0,,,158.0,
B08HVBQX94,,,,5.0,
B08HVCTQ4J,,,75.0,75.0,
B08HVDJ71W,266.0,,,,266.0
B08HVGDNDC,78.0,,,,
B08HVHWBVD,,,,248.0,248.0
B08HVJ1XRG,,,75.0,,
B08HVJW2FQ,,,26.0,,
B08HVLD5Q2,155.0,,,155.0,155.0
B08HVM5QXV,,,,,559.0
B08HVN12RJ,,,,,75.0
B08HVN324X,130.0,,,130.0,130.0
B08HVN64TB,,,,171.0,171.0
B08HVNSQHZ,,,12.0,,
B08HW9Q7D1,,,,,4.0
B08HWCMJW5,108.0,,,,108.0
B08HWF6FMT,,,,,15.0
B08HWFVTHJ,,,32.0,,32.0
B08HWGQSKG,114.0,,114.0,,114.0
B08HWH6JJT,113.0,,,,
B08HWLWRBW,,37.0,,,37.0
B08HWNDCCL,,,,,97.0
B08HWP2CY5,,245.0,,,245.0
B08HWR7JQX,,,,,3348.0
B08HWRWW84,,,,,3348.0
B08HWSLMZR,412.0,,,,412.0
B08HWVTDGF,,,,,113.0
B08HX4WHNN,,,128.0,128.0,128.0
B08HX55B1Q,763.0,,763.0,763.0,763.0
B08HXPF4R8,,,,,250.0
B08HXQHGGF,118.0,118.0,,,
B08HXSTHD1,,,,34.0,
B08HXT85LW,,,,,9.0
B08HXTN1H9,,121.0,,121.0,121.0
B08HY7QY9R,,,,,21.0
B08HYFFFTV,,,,247.0,247.0
B08HYTWV6X,,,,,77.0
B08HYX8J3R,21.0,21.0,,,21.0
B08HYXC9MW,504.0,,504.0,504.0,504.0
B08HYXW1NL,348.0,,348.0,348.0,348.0
B08HZ1X8PG,,,,,95.0
B08HZ3LYRQ,,,,,56.0
B08HZ4PPCK,,,,,57.0
B08HZ5HSPD,,,,,987.0
B08HZHJ4FR,,,,44.0,
B08J1F5GLV,,,6701.0,,6701.0
B08J274QMW,,395.0,,,395.0
B08J28FLFF,,,,754.0,754.0
B08J2CC1Y3,,,,,58.0
B08J2D15JV,12.0,,,12.0,
B08J2FTVVF,457.0,457.0,457.0,457.0,457.0
B08J2MLLWK,,,137.0,137.0,137.0
B08J2R6L2G,26.0,,,26.0,
B08J2TV1W4,795.0,795.0,,795.0,795.0
B08J2VKR48,,,,,55.0
B08J2X85N2,758.0,,,758.0,758.0
B08J2YW47V,,,,,200.0
B08J3K4MCL,262.0,,,262.0,262.0
B08J3Q2N2N,,,262.0,,262.0
B08J3S8NHV,,210.0,,,210.0
B08J3T95W8,,,,,221.0
B08J3TJ8QF,,,,,18.0
B08J3ZXKHP,24.0,,,,
B08J425478,,,192.0,192.0,192.0
B08J445SLX,,,,,134.0
B08J4B2NJD,,17.0,17.0,,17.0
B08J4B81H8,149.0,,,149.0,149.0
B08J4B971W,158.0,158.0,158.0,158.0,158.0
B08J4DP9JN,,,,,139.0
B08J4GHY8F,,,,,53.0
B08J6V9GT8,34.0,,,,
B08J7DJFQW,,,,,26.0
B08J7DQYV7,,223.0,,223.0,223.0
B08J7FHZYB,,,,,327.0
B08J7GVX8W,,,,36.0,36.0
B08J7HNHR1,529.0,529.0,529.0,529.0,529.0
B08J7JBPPT,,,327.0,,327.0
B08J7K7LN7,,,,,43.0
B08J7KM1RY,,,,,4.0
B08J7LYGQC,,,,,144.0
B08J7NCK1T,327.0,327.0,327.0,,327.0
B08J7NPBQK,,,60.0,,60.0
B08J7PLV85,,47.0,,47.0,
B08J7QLBX9,,,,,214.0
B08J7SCM3K,,99.0,,,
B08J7TXNYN,,,,3.0,
B08J7VXKKK,478.0,478.0,,478.0,478.0
B08J7YW344,,,,,8.0
B08J7YWKPZ,,,,,30.0
B08J7Z2M88,,,,,65.0
B08J7Z52FF,,,,,47.0
B08J84CN6F,,,,,28.0
B08J8DB3B3,237.0,,,,237.0
B08J8DFHNN,33.0,,,,
B08J8FZFRD,,,,,84.0
B08J9HPY3C,,92.0,,,92.0
B08JBMBGSD,,,,,160.0
B08JC58D3Z,1347.0,1347.0,1347.0,,1347.0
B08JC8DJXZ,,,,,131.0
B08JCD38X7,,,,,51.0
B08JCGB5NH,,,56.0,,
B08JCGH3NN,1347.0,1347.0,1347.0,1347.0,
B08JCH9PY5,4.0,,,,
B08JCNZ5WN,,,,,8.0
B08JCV2LVH,,,1347.0,,
B08JCX8GFD,71.0,,,71.0,71.0
B08JCZPMYH,,,,,1.0
B08JD7SCMT,24.0,24.0,,,
B08JFYL86P,,,,18.0,
B08JFZL4QD,,,,,95.0
B08JFZRF9G,,273.0,,,273.0
B08JG1Y43T,,,59.0,,59.0
B08JG1YKRT,,,,,42.0
B08JG83HHN,21.0,,,,
B08JGCL76J,,,,,47.0
B08JGFGVG7,,,,,33.0
B08JGH2BW6,,,,,370.0
B08JGKPWQN,,,,,15.0
B08JGLX3JM,,,,,82.0
B08JGX68YP,,,,,14.0
B08JH1FXQK,,,763.0,,763.0
B08JH9SP16,32.0,,,,
B08JHLVQCV,763.0,,,,763.0
B08JHMVN8P,,,,763.0,763.0
B08JHQWHDL,,,8.0,,
B08JHRXP3Q,,,,,3.0
B08JJ23PZM,,,,,7.0
B08JKBWH1N,99.0,,99.0,,99.0
B08JKD2QDJ,,,,192.0,192.0
B08JKK9FX3,473.0,,,473.0,473.0
B08JLF451X,,,,,244.0
B08JLFSV69,7.0,,,,
B08JLGT1BS,,,,,7.0
B08JLGTFYR,,,,,204.0
B08JLGYVS6,,,,,244.0
B08JLHMXWD,,7.0,,,
B08JLJ2G4Z,,,,,204.0
B08JLJJJ77,7.0,,,,
B08JLMM12D,,,,,33.0
B08JLN4J1Z,,,,,41.0
B08JLRCL3R,613.0,613.0,613.0,613.0,613.0
B08JLTTVSP,16.0,,,,
B08JLVH6DT,2.0,,,,
B08JM58K1B,,,,,133.0
B08JM5D7J3,,,,,2.0
B08JM6TMFK,57.0,,,,
B08JM6YHPZ,475.0,475.0,,475.0,475.0
B08JMDQ3XH,,,,,234.0
B08JP7XDXH,,,,,1130.0
B08JPBBFKD,198.0,,,,198.0
B08JPCBK5N,540.0,,,,540.0
B08JPDF8HN,443.0,443.0,,,
B08JPGN4C5,,,,,205.0
B08JPGVVLV,,,,,59.0
B08JPLJ9M7,,,26.0,,26.0
B08JPMGXQJ,,,,175.0,
B08JPTFWTH,,664.0,,664.0,664.0
B08JQ7Z8XV,,16.0,,,
B08JQC3T7T,98.0,,98.0,98.0,98.0
B08JQCCYNW,,,,,14.0
B08JQCDRYR,,76.0,,,76.0
B08JQDN5YX,138.0,,,,138.0
B08JQDRSQ2,585.0,585.0,,585.0,585.0
B08JQNBY53,,,,,18.0
B08JQNJGFP,234.0,,,,234.0
B08JQQL1XZ,,,,156.0,156.0
B08JQQTVPG,,,,,33.0
B08JQS1NQJ,,,156.0,,
B08JRDS1L4,,,,18.0,
B08JRN87QG,,,,,156.0
B08JRR6DNY,,,,,156.0
B08JRY14R7,,,,,156.0
B08JSGXCJC,,,222.0,222.0,
B08JSJ512V,860.0,860.0,,,
B08JSNH2TB,,,,,860.0
B08JSTR941,,,114.0,,
B08JTC5X2Y,,,,,334.0
B08JTFV2FX,,,,,860.0
B08JTJN54S,,,,,35.0
B08JTNPWVC,339.0,,339.0,339.0,339.0
B08JTQ91V2,35.0,,,,
B08JTQKLLX,,104.0,,,
B08JTQR74S,,,,,860.0
B08JTSDWV3,,,,,860.0
B08JTT7HJZ,,,,,860.0
B08JTTHRRV,,,,,860.0
B08JTVT68D,,,,,860.0
B08JTZ6GZC,,,,,23.0
B08JV3HQ46,516.0,516.0,516.0,516.0,516.0
B08JV3ZS56,,,,,860.0
B08JV71PNB,1023.0,,1023.0,,1023.0
B08JV73V1M,,,,,860.0
B08JVJ73BL,1255.0,1255.0,,,1255.0
B08JVJX95H,,,,225.0,225.0
B08JVKR762,225.0,,,225.0,225.0
B08JXGMLX7,21.0,,,,
B08JYB63J6,,22.0,,,
B08JYDYJ94,527.0,,,,527.0
B08JYFS1S1,,,,,7.0
B08JYHSQM4,,,,,42.0
B08JYJ5Y43,148.0,,,,148.0
B08JYL6QRR,,,,,374.0
B08JYMCMSW,,,218.0,,
B08JYPPQ5Z,9.0,,,,
B08JYRLGNR,,,,,148.0
B08JYSW84M,,2.0,,,
B08JYSXZDT,,,,,44.0
B08JYXCRCD,,,,,25.0
B08JYY2YS9,,,,,21.0
B08JYYQ51H,,,,,8.0
B08JYYYFF1,,,40.0,,40.0
B08JZ1L1SW,,,,91.0,
B08JZB4Q4P,,,26.0,26.0,
B08JZFJWYH,,,,,21.0
B08K1D6HGH,,,,,21.0
B08K2DHFNR,,1264.0,1264.0,1264.0,1264.0
B08K2N44MG,,,,,76.0
B08K2SX8QV,,36.0,,36.0,36.0
B08K2Y56BB,229.0,,229.0,,
B08K2Z75JL,,,,,15.0
B08K326H4R,44.0,,,,
B08K32XJ4H,,,,,5.0
B08K399Z5C,3355.0,3355.0,3355.0,3355.0,3355.0
B08K39FJVM,,,,75.0,
B08K3B3CBM,,,,,249.0
B08K3NZYN9,,,,,445.0
B08K3P7FPW,,406.0,406.0,406.0,406.0
B08K3TJR66,37.0,,,,
B08K42TJ83,5393.0,5393.0,5393.0,5393.0,5393.0
B08K4F7J3J,,,,,6.0
B08K6WZWQN,,,,,23.0
B08K739TZ8,,466.0,,,466.0
B08K78D6KB,,,,,221.0
B08K79FHC8,,,,,218.0
B08K79K2NN,,,,,221.0
B08K7BZZY8,,,,,124.0
B08K7D9CLZ,123.0,123.0,,,123.0
B08K7DVV23,,,,,6.0
B08K7FM5X6,,,,205.0,205.0
B08K7HCGX8,,,46.0,,
B08K7HPJ9N,,,,,7.0
B08K7JXKN4,,,,,16.0
B08K7PDD45,,,51.0,,
B08K7RXM4N,,,,,27.0
B08K83LX9V,,,,,962.0
B08K8BQKLT,165.0,,,,165.0
B08K8D9CSV,165.0,,165.0,165.0,
B08K8DJ8K5,165.0,,165.0,165.0,165.0
B08K8G6SNB,165.0,,165.0,,165.0
B08K8MZ347,708.0,708.0,708.0,708.0,708.0
B08K8Q11YX,270.0,,,,270.0
B08K8Q96X1,334.0,334.0,,,334.0
B08K93Z5CZ,,,,,7.0
B08K94LFYQ,,,,9.0,
B08K96V81Y,20.0,,,,20.0
B08K9F4LHW,,,,,962.0
B08KCXV7CV,,,,,17.0
B08KD2TKXV,,,,,10.0
B08KD4JQT9,66.0,,,,66.0
B08KD4RTGH,,9.0,,,
B08KD4TDL3,,,,,18.0
B08KD9DQZ7,,,,,10.0
B08KDD4HJ4,104.0,,,,
B08KDL7GKN,,,,,96.0
B08KDNJGQR,,,,,104.0
B08KDNR52K,26.0,,,,
B08KDV1W6Z,12.0,,,,
B08KDXKHQM,,,,,3.0
B08KF1JTSQ,,,,,35.0
B08KF3F4JR,5.0,,,,
B08KF5ZQG3,,,,12.0,
B08KFCZRQZ,,,,,167.0
B08KFK7KXD,,,,238.0,238.0
B08KFLM4LN,1129.0,,,,1129.0
B08KFQG545,1129.0,1129.0,,1129.0,1129.0
B08KFT8BDT,,,,,1129.0
B08KFVLD89,126.0,,,,126.0
B08KFXY4BV,,,,,25.0
B08KFZP4KB,,218.0,,218.0,
B08KG1G7MT,,23.0,,,
B08KG5QJQ1,,,,,27.0
B08KG9C7LH,,138.0,,,
B08KGJC3Y2,,793.0,793.0,793.0,793.0
B08KGJHH8G,,,,,49.0
B08KGM4XZW,83.0,,,83.0,
B08KGNRWV4,,,,,29.0
B08KH2NKHP,,,,,34.0
B08KHD5P89,,,,,127.0
B08KHFKDNR,,,,,383.0
B08KHH5TX7,,,,383.0,
B08KHHNCWQ,,,,,383.0
B08KHLLVTS,,,,107.0,107.0
B08KHP1F7B,,,,,100.0
B08KHPDQ9G,,,,,1851.0
B08KHRXCBB,,,127.0,,
B08KJ9PJJY,82.0,82.0,82.0,,
B08KKSW1VC,,,,,21.0
B08KKWSRKF,45.0,,,,
B08KP3K7GZ,56.0,,,56.0,
B08KP64SZ7,,,,,38.0
B08KP8J6N6,10.0,,,,
B08KPPW6X8,21.0,,,,
B08KPVG7M4,,,,68.0,68.0
B08KQ14K9S,,,,,77.0
B08KQ2ZV9Q,,,609.0,,609.0
B08KQ5SFYR,,,609.0,,609.0
B08KQG5KH3,75.0,,,,75.0
B08KRKY2HJ,25.0,,,,
B08KRL2115,,,,,10.0
B08KRMC3PW,,,,,158.0
B08KRX16HC,,,,,57.0
B08KRXYJW9,,,,,10.0
B08KRY5SG5,,,20.0,,20.0
B08KS2VLCV,,,,,16.0
B08KS3WYKQ,,,,305.0,305.0
B08KS9FGWP,78.0,,,,
B08KSKJXTB,,83.0,,,83.0
B08KSWH85M,,,,,26.0
B08KSX2V6R,,,,21.0,
B08KT64VHF,,,204.0,204.0,
B08KT66MFQ,,204.0,,,204.0
B08KT77DSN,102.0,,,,
B08KVR8B5Z,,,142.0,,142.0
B08KVTNHGG,13.0,,,,13.0
B08KVTQYFJ,,,,,7.0
B08KVX25SY,29.0,,,,29.0
B08KW4ZBG4,,,,,42.0
B08KW912BW,2899.0,2899.0,2899.0,2899.0,2899.0
B08KWQDQ7S,,,,,1492.0
B08KXSDPFM,12.0,12.0,12.0,12.0,12.0
B08KXXS8J3,,,,,79.0
B08KXZ7G55,11774.0,11774.0,11774.0,11774.0,11774.0
B08KY1D833,,,,11774.0,11774.0
B08KY1LXZ8,6355.0,,6355.0,,6355.0
B08KY985XM,192.0,,,,
B08KYBMBYZ,,39.0,,,
B08KYCFB2R,215.0,,,,215.0
B08KZGLG6W,109.0,,,109.0,109.0
B08KZJN452,,,,,3.0
B08KZWQQ6Q,,,,,32.0
B08KZYPG7Z,153.0,,,,153.0
B08L12PT1N,,,,,1.0
B08L14YZBT,,,,,332.0
B08L14Z89Z,,,,,10.0
B08L158FQM,,,565.0,565.0,565.0
B08L1HTB9P,139.0,,,139.0,139.0
B08L1M6VLD,2287.0,,,2287.0,2287.0
B08L1MRWGX,,,,,155.0
B08L1TZZLF,,,,,5.0
B08L1VGP16,,,,,58.0
B08L229R5Z,25.0,,,,25.0
B08L3F65LD,237.0,,,,
B08L3GPVW3,,,,,119.0
B08L3JXS8J,,14.0,,14.0,14.0
B08L3MFNDM,,114.0,,114.0,114.0
B08L3NNNS3,76.0,,,,
B08L3R15TF,,,279.0,,279.0
B08L3S1CT7,,,,1.0,
B08L3SM51K,,,,,92.0
B08L3T7KGK,,,,,4.0
B08L3WDLLL,,,,,24.0
B08L41HGK6,,,,,16.0
B08L42XVSP,,,,,42.0
B08L49WBR6,170.0,,170.0,170.0,170.0
B08L49YC9V,97.0,,,97.0,
B08L4DLK7Q,,,,,204.0
B08L4DQJ4T,,,,64.0,
B08L4FJQFC,241.0,,,,241.0
B08L4GWBVX,49.0,,,,
B08L4W84FM,,,39.0,39.0,39.0
B08L4WS8Z8,33.0,,33.0,,33.0
B08L4WXJWS,149.0,,,149.0,149.0
B08L4X2843,,,9.0,,
B08L4X2JM7,,,,,14.0
B08L4XFRWY,,,,18.0,18.0
B08L4XVN2X,,,,,95.0
B08L4YH5CX,,,,,96.0
B08L561JH1,,54.0,54.0,,54.0
B08L56F76L,,,,89.0,89.0
B08L5Y4D75,,,,,11.0
B08L5YQ1F5,8.0,,,,
B08L618P9F,,,,,6.0
B08L66S7ZQ,,,,,92.0
B08L6BRHDF,,,39.0,,
B08L6J87P7,,,3.0,,
B08L6JX6CC,,,,,201.0
B08L6KCRXX,869.0,,,869.0,869.0
B08L6KZ8V6,869.0,869.0,869.0,869.0,869.0
B08L6NBB14,,,,,312.0
B08L6NBNLK,,,,,312.0
B08L6NPZ99,33.0,,,,
B08L72CJZS,,,,,3.0
B08L77Q9PW,,,,,206.0
B08L79CRPW,,,,,205.0
B08L79DV4W,95.0,,,,
B08L79T439,,,,121.0,121.0
B08L7CQGYB,1040.0,,1040.0,1040.0,1040.0
B08L7CS1VW,121.0,,,,121.0
B08L7D8R8V,,,,,1040.0
B08L7JSBGQ,,,,,595.0
B08L7LQGY3,,,8.0,8.0,8.0
B08L7N3X3M,,,96.0,,
B08L7NRL81,,,85.0,,85.0
B08L7PBRTH,,,,,769.0
B08L7PX88H,,,,40.0,40.0
B08L7Q1XLW,3.0,,,,
B08L7RPTD1,,,,,92.0
B08L7YWTHS,,,,,10.0
B08L896QWT,158.0,158.0,,158.0,158.0
B08L8D5H9B,391.0,391.0,391.0,391.0,391.0
B08L8HFNZ3,,,,,4488.0
B08L8RP251,,14.0,,14.0,
B08L8SDB5W,,,,,14.0
B08L8TQP6X,168.0,,,,168.0
B08L8XW6C9,11.0,,,,
B08L94JN5Q,74.0,,,,
B08L94TD4X,,,,73.0,
B08L95QL5P,,169.0,,,169.0
B08L96KPXJ,,,,,197.0
B08L96WB4Q,,,,83.0,
B08L96XR8N,,,,,52.0
B08L972BZ8,,,,,93.0
B08L976BV7,,,,,189.0
B08L9P9H92,,,,,18.0
B08L9T6VB3,,,,,5.0
B08LBCDVPR,2.0,,,,
B08LBQJ8QV,,,,12.0,
B08LBRH8P3,122.0,122.0,,,122.0
B08LBWS2ZQ,,188.0,188.0,188.0,188.0
B08LC1QS7C,,,,,13.0
B08LC6XN8V,1257.0,,1257.0,1257.0,1257.0
B08LCB5C3J,,,,,4.0
B08LCBQD61,,,,,97.0
B08LCSP1DP,259.0,259.0,259.0,259.0,259.0
B08LD396KP,,,65.0,,
B08LD4C84Y,,25.0,,,25.0
B08LD4JH34,,,,,708.0
B08LD5SQNV,,,,,151.0
B08LD6W89B,,,,,546.0
B08LD8VYK7,,,68.0,,68.0
B08LDF34DT,,,16.0,16.0,
B08LDFFC6C,,,,,809.0
B08LDFMWRR,,,,,9.0
B08LDGZN1N,,,,,58.0
B08LDK9X3Y,,,,37.0,37.0
B08LDN3XKT,465.0,465.0,,,
B08LDNBS3L,,,465.0,,
B08LDTZJTL,,,,,6.0
B08LG2CVNP,,,,,2.0
B08LG5DNTS,28.0,,,,
B08LG5P6GF,,,,,34.0
B08LG7GNMJ,46.0,,,,
B08LG8JS3F,,,,74.0,74.0
B08LG9TF11,48.0,48.0,48.0,,48.0
B08LGMPWGN,286.0,,,,286.0
B08LGQQZLQ,338.0,338.0,338.0,338.0,338.0
B08LGRB37H,338.0,,,,338.0
B08LGV46KY,1686.0,1686.0,1686.0,1686.0,1686.0
B08LGWMLH7,,,,,919.0
B08LGX4ZWS,,,919.0,,
B08LGX55WJ,1686.0,,,1686.0,1686.0
B08LGX79XJ,,1686.0,,,1686.0
B08LGYTYZG,,,,,49.0
B08LK55HWW,,,14.0,,
B08LKKSRSH,30.0,,30.0,30.0,30.0
B08LKN8SLH,,,,,25.0
B08LKQXLW6,,,3082.0,3082.0,3082.0
B08LKVSVB2,,,,,87.0
B08LL1Y7V3,,,,3082.0,3082.0
B08LL2C6FX,,,3082.0,3082.0,3082.0
B08LL2TPGB,,,,29.0,
B08LL3HS52,,,,3082.0,3082.0
B08LL61QTF,,,,,4.0
B08LL7HG5K,,,,4.0,
B08LLB182R,,,49.0,,49.0
B08LMGWMPB,1215.0,,,1215.0,1215.0
B08LMM9VW8,51.0,,,,
B08LMMGJ9Q,,,,,34.0
B08LMQWW6H,,,,,92.0
B08LMXMKYS,,,,341.0,341.0
B08LMYR7F7,,,8.0,,
B08LN2J46G,,8.0,,,
B08LN2TC5P,,,,,99.0
B08LN96VLN,,,,,37.0
B08LNCXKXJ,,,,,707.0
B08LNH4BTT,,,155.0,,155.0
B08LNHB2NB,,,,,3.0
B08LNKP24M,,98.0,,98.0,
B08LNP156Q,107.0,,107.0,,
B08LNPT7DR,,,,,3.0
B08LNS6SBF,1.0,,,,
B08LNWP1VS,63.0,,63.0,,
B08LNZYSXV,,,,,17433.0
B08LPBJH45,,,,,9.0
B08LPG73HV,,,,,183.0
B08LPJQ2S9,,,,,3.0
B08LPLF4XH,,,,,14.0
B08LPPBKMR,35.0,,,,
B08LPPHZG3,,,9.0,,9.0
B08LPSZ6Y6,,,,,31.0
B08LQ4FJCS,208.0,,,,208.0
B08LQ4RZ61,,,,,39.0
B08LQ752W8,,,,,7.0
B08LQCT2JC,1154.0,1154.0,1154.0,1154.0,1154.0
B08LQCW9C4,,56.0,,,
B08LQD6D1F,,,,33.0,
B08LQFFJRP,27.0,,,,
B08LQLT647,147.0,,,,
B08LQPYCNP,147.0,,,,
B08LT1SGG7,,,,,32.0
B08LT5QRFC,,,,,55.0
B08LT8J7PW,,,14.0,,
B08LTBNT43,,,,,12.0
B08LV1LR8C,,,,283.0,283.0
B08LV3M5KJ,10.0,,,,
B08LV4WY1F,38.0,,,38.0,38.0
B08LV5QYPN,,,,,57.0
B08LV7NTZZ,,,298.0,,
B08LV7SYRG,,,,,298.0
B08LV83R49,,,,61.0,
B08LV95976,,,,11.0,
B08LVC8RDM,,,,,21.0
B08LVDJGWP,,,,53.0,
B08LVFXLDN,,,,,30.0
B08LVJ1FYX,,,,,3.0
B08LVK18DY,,,,,87.0
B08LVM98DT,,,58.0,58.0,58.0
B08LVPNZKS,,,,,11.0
B08LVW7R23,66.0,,,,
B08LVY6S3M,,,,,46.0
B08LY9ZVJ3,2307.0,,,2307.0,2307.0
B08LYGY5X7,2307.0,2307.0,2307.0,2307.0,2307.0
B08LYN72FG,3.0,,,,
B08LYP59R6,,1151.0,1151.0,,1151.0
B08LZ8KB1R,,,,,10.0
B08LZDLTYK,,,,,36.0
B08LZL4WBC,,,,,9.0
B08LZN9C9T,,27.0,27.0,,27.0
B08M33GZFK,729.0,729.0,729.0,729.0,729.0
B08M34S2PP,,,,,2.0
B08M35LZF8,,,,,193.0
B08M38FFMG,,33.0,,33.0,33.0
B08M3GWFMV,,3.0,,,
B08M3HQ7NV,548.0,,,,548.0
B08M3LJKQV,,,,19.0,19.0
B08M3X52LH,,,,,700.0
B08M3XDJ1B,,,,339.0,339.0
B08M418CQR,230.0,,,,230.0
B08M48HDK8,,,,,66.0
B08M5KQ9BB,184.0,,,184.0,184.0
B08M5QL72N,,,,,104.0
B08M5QXL2G,,,88.0,,
B08M5R4YNP,,,,36.0,
B08M5RG1JG,23.0,,,,
B08M5TY97Z,,,,,171.0
B08M5YKCZT,,,,,33.0
B08M63B8LY,,,,,120.0
B08M66JJF9,,,,,51.0
B08M6CZF1K,,30.0,,,
B08M6HJVPY,,,,,51.0
B08M8R72W4,,,,,15.0
B08M8XZ2LY,,,9.0,,
B08M922BFN,,,,,29.0
B08M932DVQ,,,,44.0,
B08M9F7NKF,,,,,40.0
B08M9JKM89,,38.0,38.0,,
B08M9K7137,,,,296.0,296.0
B08M9PDXW4,,,,,49.0
B08M9QCTBV,1132.0,,,,
B08M9RT92P,,,25.0,25.0,25.0
B08M9SMFYP,,,1343.0,,1343.0
B08M9XDLYJ,,,,,24.0
B08MBLFVZ7,,,8.0,8.0,
B08MBLJVWR,,76.0,,,
B08MBR32GQ,,,,23.0,
B08MBV3R5W,,,,,10.0
B08MC9T2LV,,,,,24.0
B08MCBQ5Q6,35.0,,,,
B08MDV71W6,16.0,,,,16.0
B08MDWCQF6,,,,7.0,
B08MDX5LSN,,,,,1.0
B08MDZXT38,,,,,1035.0
B08MF1XFQQ,,,,,43.0
B08MF2T6D6,12.0,,,,
B08MF2TV3R,,,,,40.0
B08MF36W5R,18.0,,,,
B08MFJJKPJ,,,215.0,,215.0
B08MFL3QSJ,,,,,83.0
B08MHLWPVV,,,,42.0,
B08MJ53J51,42.0,,,,42.0
B08MJRH56L,,,,,33.0
B08MJRHT47,,,,,262.0
B08MJVZMMD,,95.0,,,95.0
B08MKNLFH8,,,,,62.0
B08MKSJMTT,,,146.0,,146.0
B08MKWH5VS,5.0,,,,5.0
B08MKYHDRD,,,,,11.0
B08ML11J34,,,24.0,,
B08ML2MZMC,,,5.0,,
B08ML5ZFH6,,,,,85.0
B08ML9MLH4,,,,37.0,37.0
B08ML9Y2TQ,,,23.0,,23.0
B08MLCRH29,,,,,38.0
B08MPPSY1B,,,,,46.0
B08MPTGG3T,,,,,38.0
B08MQC955N,,,24.0,,24.0
B08MQHCP76,,,,,219.0
B08MQHFCTL,,,,,45.0
B08MQKD7BT,,,,,3.0
B08MSY28GJ,,,,504.0,504.0
B08MT66CX5,,,,,273.0
B08MT7X5C6,,,,,23.0
B08MT88XZ1,,,,,235.0
B08MTHD1HH,,,35.0,,35.0
B08MTJJM7L,,17.0,,,
B08MTMLRCZ,,47.0,,,47.0
B08MTN2Z5B,,,,,273.0
B08MTVZ47M,122.0,122.0,122.0,,
B08MTXBNWR,443.0,,,,
B08MTZDMP4,,,,,14.0
B08MV11YFD,,,,,77.0
B08MV468HZ,,,80.0,,
B08MVK4RSL,,,,,1.0
B08MVM6XB5,,,,,51.0
B08MVN2LHB,340.0,,,,340.0
B08MVQSNQC,,286.0,,,286.0
B08MVQXJJZ,,9.0,,,9.0
B08MVRP81D,,,,45.0,
B08MVT1HQ8,,,,873.0,873.0
B08MVVN7GB,,,,,47.0
B08MVX7YZ8,,,504.0,504.0,504.0
B08MW27RFC,,,,,79.0
B08MW2V8LT,,46.0,,,46.0
B08MW4R9KS,,,,,79.0
B08MW5FHVS,,,35.0,,35.0
B08MWD28V5,,,,,120.0
B08MWLSV6B,,,,,2.0
B08MX6MLTB,,,,,1343.0
B08MXP2MFX,,,,,12.0
B08MXP6DPM,,,,1.0,
B08MZ4S61W,,,,382.0,382.0
B08MZ5J1N1,382.0,,,,382.0
B08MZHRW61,,,61.0,,61.0
B08MZHT2NV,,,,171.0,171.0
B08MZJG93F,,,,,78.0
B08MZPMYR5,,,,,66.0
B08MZPQ5M8,,,,98.0,98.0
B08MZQNQXX,,,81.0,,81.0
B08MZRYSWG,,,,,89.0
B08MZTMPCG,,,,,84.0
B08N12JH1S,60.0,,,,
B08N1J4TQ4,,,234.0,234.0,234.0
B08N3YXM5C,,,,5.0,
B08N42XHRB,,,,,35.0
B08N439D1X,120.0,,,120.0,
B08N467WHZ,,403.0,,,403.0
B08N47825W,,,,,81.0
B08N478S3R,218.0,,,,218.0
B08N4GCTTF,,,,,60.0
B08N4H73RR,,,,,57.0
B08N4HSRW4,,,,396.0,396.0
B08N4KTVC7,,,,,48.0
B08N4QKTPZ,,,,,47.0
B08N52GF65,,,,,29.0
B08N55BBPL,,,,,267.0
B08N565JH3,,,,267.0,267.0
B08N5HWT73,7744.0,,7744.0,7744.0,7744.0
B08N5QXJFT,63.0,,,,63.0
B08N5VS1FS,,,,,2.0
B08N5YDFH2,,,,,76.0
B08N5ZH399,317.0,,,,317.0
B08N62H17C,,,,,243.0
B08N63KL6Y,,,,,3.0
B08N65438G,,,,80.0,80.0
B08N69Z9M9,,162.0,,,162.0
B08N6CHY5Y,,,,,306.0
B08N6GJ55L,53.0,,,,
B08N6HMHHC,,,,,70.0
B08N6KMRHV,,,,,200.0
B08N6V766N,,,13.0,,
B08N6YF6RB,,509.0,,,509.0
B08N9364JL,,,,,17.0
B08N9R3WH8,,,340.0,,
B08NB3ZG5W,,,,,32.0
B08NBB2SHQ,,,,29.0,29.0
B08NBBDH4W,,,,,10.0
B08NBBT3SY,,,,,124.0
B08NBXJYXH,340.0,340.0,,,
B08NBXWJF6,,,,,19.0
B08NC7PYGS,,,,,45.0
B08NC8R737,,86.0,,,86.0
B08NC8RKR9,955.0,955.0,,,955.0
B08NCH4K2J,858.0,,,,858.0
B08NCJ6P3R,,,,,38.0
B08NCJZYZQ,,,,269.0,269.0
B08NCLF7SY,,,,18.0,18.0
B08NCM4WCJ,,,,,21.0
B08NCND2K5,,,,,149.0
B08NCNQWTY,,,,,93.0
B08NCPNGCZ,,,,,380.0
B08NCPSCB3,,272.0,,,
B08NCQ9L8F,,,509.0,,509.0
B08NCVG7BX,17.0,,,,
B08NCXTRRG,,,,,10.0
B08ND1LYY4,,,,,21.0
B08NDMTJTR,10.0,,,,
B08NDP5RZV,,100.0,100.0,100.0,100.0
B08NDYGZPV,57.0,,57.0,,
B08NFS2DBY,,,,,3.0
B08NG29GJY,,,,166.0,166.0
B08NGGNWHD,137.0,,,,137.0
B08NH7G55S,4.0,,,,
B08NH9QYPN,,,8.0,,8.0
B08NH9SYFV,,,,,8.0
B08NHB7CXL,6.0,6.0,,,
B08NJ5VLM9,,,,,129.0
B08NJBLT6F,,,,,546.0
B08NJHNXML,667.0,,667.0,667.0,667.0
B08NJL3D1J,,,,,74.0
B08NJL5LZ9,,,,,49.0
B08NJL9GVT,24.0,,,,
B08NJL9HXT,,,,,34.0
B08NJLX68W,74.0,,74.0,,74.0
B08NJNNTXN,52.0,,,,
B08NJPBFW6,,,,,52.0
B08NJQM33R,335.0,,,335.0,335.0
B08NJRSCN5,,,,,335.0
B08NJSNYT3,,,,,12.0
B08NJSWNFW,,,,,16.0
B08NJSZS36,,,,,28.0
B08NJYD72F,,,,227.0,
B08NJYMRMR,,,,41.0,
B08NK5QRZV,,,,,21.0
B08NK7TBRD,,,,,23.0
B08NK85WDC,,,,,10.0
B08NK8R43G,,,,,29.0
B08NP59MDW,,,,,2.0
B08NP7DPP3,11674.0,,,,11674.0
B08NP8DJLX,,,,11674.0,11674.0
B08NPKWYBW,,,,,73.0
B08NPN4H7Y,,,,,265.0
B08NPP2D7T,,,,,11674.0
B08NPRPXB9,,134.0,,,134.0
B08NPTZ554,,,,3006.0,3006.0
B08NPXQTK5,,,,,35.0
B08NPY56KM,272.0,272.0,272.0,272.0,272.0
B08NRG1VMB,4447.0,4447.0,,4447.0,4447.0
B08NS6Z36H,,,,35.0,
B08NSF7J4N,,,,,230.0
B08NSFH66Y,,,,60.0,
B08NSKTGD6,39.0,,,,39.0
B08NSMFBQZ,129.0,,,,129.0
B08NSP5M3L,,,,,4.0
B08NSQ71VT,,,,,91.0
B08NSTTYZY,,,,443.0,
B08NT27ZFL,,,76.0,,
B08NT42R1C,,,1.0,,
B08NT8NPCD,,,,3.0,
B08NTHJCK7,,,,,14.0
B08NTK4RW7,,,,,9.0
B08NTNQMZ5,152.0,,,,152.0
B08NV535JD,,,,279.0,279.0
B08NV6VLG7,,,,,217.0
B08NVH5WGS,,,,,23.0
B08NVJ798W,,,125.0,,125.0
B08NVNHPYG,,313.0,313.0,,
B08NVNNLF1,,,,,13.0
B08NVTQS2J,,,,,212.0
B08NVTS8PR,,,,,141.0
B08NVW2FMW,146.0,,,,
B08NVZ7996,141.0,,,,141.0
B08NW1M3FX,64.0,,,,
B08NW1TWXB,,,30.0,,
B08NW9CN2Q,509.0,,,,509.0
B08NWDBVRF,,,,,840.0
B08NWNCW9T,1.0,,,,
B08NWS1Z5Z,,,,169.0,
B08NWYSBW7,,,,,443.0
B08NWZ4G8X,,443.0,,,
B08NWZZ57Y,,,13.0,,
B08NWZZV25,443.0,443.0,,,
B08NX5C9CF,,,,,4.0
B08NX6D4XS,,,,6.0,
B08NXFTLGV,,13.0,,,
B08NXQ6G3S,,365.0,365.0,365.0,365.0
B08NXSV851,,,,,37.0
B08NXT8337,,,,,1595.0
B08NY7RHLY,,100.0,,,100.0
B08NYDHJNW,,,,,35.0
B08NYK62DG,,,,,769.0
B08NYSS4SJ,,,,,11.0
B08NZ52W8P,,,,,20.0
B08NZ95FLX,,,,,462.0
B08NZHK1JT,,,,14.0,
B08P18T2KB,,,435.0,,435.0
B08P19H61C,,9.0,,,
B08P1HNL37,,,,,541.0
B08P1JX857,,,,,204.0
B08P1JY69P,,,,,4.0
B08P1L2DT7,,,,,204.0
B08P1L4Z38,,,,,204.0
B08P1TP3H5,,21.0,,,
B08P1YK4MM,,,,,96.0
B08P1YPWT3,,,,,96.0
B08P1Z7LXR,,,,,96.0
B08P278YQX,,,,331.0,
B08P279NZS,,331.0,,,
B08P294XC6,,,33.0,,
B08P29QLL4,331.0,,,331.0,
B08P2BK6GD,,,,,331.0
B08P2D8KQ6,,,,171.0,
B08P2DNJHN,,,,,33.0
B08P2FY2Z9,331.0,,,,331.0
B08P2H686R,,,,,59.0
B08P2KTGT6,,,,,151.0
B08P2T7T85,114.0,,114.0,,114.0
B08P2YCQY4,2987.0,,2987.0,2987.0,2987.0
B08P31F3KG,,,,,26.0
B08P329N7Y,694.0,694.0,,694.0,694.0
B08P33CWXK,,2987.0,2987.0,,2987.0
B08P35BTZJ,,,,,507.0
B08P391FV1,,97.0,,97.0,97.0
B08P3DLLW6,,344.0,344.0,344.0,344.0
B08P3HVQDY,,,,833.0,833.0
B08P3KX3M7,,,702.0,702.0,
B08P3XH63J,,,,,576.0
B08P3XHDJB,,,,,833.0
B08P41BW4P,,,,63.0,
B08P41HM5L,,63.0,,,
B08P433M2H,,,704.0,704.0,704.0
B08P46GN4C,,,,12.0,
B08P4794QF,,,,,5.0
B08P4JB99R,151.0,,,,151.0
B08P4L1VHR,,,,,10.0
B08P4QRKV9,,,,,53.0
B08P4XF2K9,589.0,,,,589.0
B08P4XL6M7,,,,,589.0
B08P4YH87P,,,,,589.0
B08P4ZTWQT,,,,,36.0
B08P548Z23,,,,,7.0
B08P5CF97D,933.0,933.0,933.0,933.0,933.0
B08P5GQ6B2,,43.0,43.0,43.0,43.0
B08P5H96Q4,40.0,,,,
B08P5LL6GZ,,3.0,,,
B08P5NGYT3,,,,,83.0
B08P5PPM1C,813.0,,813.0,,813.0
B08P5XTW9N,,,,57.0,57.0
B08P5Y2ZLJ,,,36.0,,
B08P6H2YGH,,,,,13.0
B08P6JNTX5,,,,75.0,
B08P6Y46DP,35.0,35.0,,,
B08P71W33V,126.0,,,,126.0
B08P72FT1Z,,,,,124.0
B08P72HB1R,173.0,,,173.0,173.0
B08P7336LT,40.0,,40.0,40.0,40.0
B08P75V98V,,,40.0,,40.0
B08P7BHVV2,,,,,151.0
B08P7DG55Y,354.0,,,,354.0
B08P7JC6SW,,,,,83.0
B08P7MLZGD,,,8.0,,8.0
B08P7MXCQG,,,8.0,,
B08P7N4ZR1,266.0,,266.0,266.0,266.0
B08P7R6G82,66.0,,,66.0,66.0
B08P8BFNRY,1069.0,,,,1069.0
B08P8BQ8GS,,,,,132.0
B08P8FWV9D,,,56.0,,
B08P8G7C5Q,,,,,1063.0
B08P8LM7ZC,,,,,115.0
B08P8P6X2V,,,1340.0,,1340.0
B08P912R3K,,,,,9.0
B08P9KD2TN,,70.0,70.0,,70.0
B08P9L8BQ2,63.0,,,,
B08P9LBNW2,970.0,,970.0,970.0,970.0
B08PB4K6Z7,80.0,,,,80.0
B08PB8YZM6,,,,,102.0
B08PBHLYBQ,,,126.0,,126.0
B08PBJ1DWL,,,,,125.0
B08PBKXGH5,1550.0,,,,
B08PBLK3GF,,,1550.0,,
B08PBMN2ZF,,2352.0,,,2352.0
B08PBWBGCV,114.0,,,,
B08PBXRD5F,,,,,12.0
B08PBZ1DCB,,,,87.0,
B08PBZSQQP,,,,,194.0
B08PC1353W,,,,,107.0
B08PC1S87J,,447.0,,,447.0
B08PC2Q67W,,,,447.0,447.0
B08PCF3CLW,,,,,333.0
B08PCHP7LG,,,,333.0,333.0
B08PCKV957,42.0,,,,
B08PCS1C3Z,,,160.0,160.0,160.0
B08PCS2GV8,,190.0,,190.0,190.0
B08PCTNZZR,16.0,,,,
B08PCV2BSM,,,,,226.0
B08PCZCZBB,12.0,,,,
B08PD32PHQ,,,68.0,,68.0
B08PD3S32K,18.0,,,,
B08PD3Z96P,,,128.0,,128.0
B08PD4KFPQ,,98.0,,,
B08PD4Y9NS,98.0,,98.0,98.0,98.0
B08PD5WKTB,,60.0,60.0,,
B08PF2CLPL,,,,,3.0
B08PFGM5SH,,,,,170.0
B08PFK94RH,,,,,9833.0
B08PFMJ4NS,,,,,293.0
B08PFNL7NT,,,,126.0,
B08PFQWVZ7,,,,50.0,50.0
B08PFXPRZZ,,59.0,59.0,,59.0
B08PFYTRD9,,76.0,,,
B08PFZ56WX,76.0,,,,
B08PG4Q6MY,,,,,2.0
B08PJ6Z7B3,,,245.0,,245.0
B08PJQ7818,8239.0,8239.0,8239.0,8239.0,8239.0
B08PK3L2DH,,,,,354.0
B08PKJT8CB,,,334.0,,334.0
B08PKPKCP5,,230.0,,,
B08PKS7HRD,,,380.0,,
B08PL38LWG,204.0,,,,204.0
B08PNMQGN4,,,,,156.0
B08PNMYD16,,,,,2.0
B08PNQ2HM8,,,,,68.0
B08PNVSLC3,80.0,,,,
B08PNZQ5CL,58.0,,,,
B08PP4SSGX,2287.0,,,,2287.0
B08PPFBQ54,,,,,14.0
B08PQ4SKWR,1433.0,1433.0,1433.0,1433.0,1433.0
B08PQC1DG5,,,,,205.0
B08PS1L4QG,6.0,,,,
B08PS65Z2H,,,,,59.0
B08PS9K6K8,,,,,59.0
B08PSBBJ9S,,,,,202.0
B08PSC65VX,,,,,404.0
B08PSF5774,,,,31.0,
B08PSM24NC,,,404.0,,404.0
B08PTVQNDC,,,,,24.0
B08PTVYZQ9,,14.0,,,
B08PTWPP8F,,,92.0,,92.0
B08PV42PBG,178.0,,,,178.0
B08PV4HXZC,1354.0,,1354.0,1354.0,1354.0
B08PV5JD38,,,,,138.0
B08PV6CN4D,19.0,,,,
B08PVBMLW4,42.0,,,,42.0
B08PVBQ9TY,,,,,1205.0
B08PVBX8XW,,,,,1205.0
B08PVLCWJ6,,,,59.0,
B08PVWFV2B,,,,,3208.0
B08PVXDCGW,,,,,185.0
B08PVZKVC8,,,,,185.0
B08PXNMKDY,,,,153.0,153.0
B08PXNSCP7,,,,,3.0
B08PYLR5C2,,,215.0,,
B08PYM2D8N,,,,,397.0
B08PYRZ1MR,,,,,249.0
B08PYSVVH4,,23.0,,23.0,23.0
B08PYTVJ7J,,,,,5.0
B08PYW1N96,,,,,5.0
B08PYWTTQL,,,,,296.0
B08PYYR6MJ,,,,,23.0
B08PZ2PRL4,,2987.0,2987.0,2987.0,2987.0
B08PZ4KXZ5,6.0,,6.0,,
B08PZ8952C,174.0,174.0,174.0,174.0,174.0
B08PZBGV3R,,,,185.0,185.0
B08PZD46J3,,3154.0,3154.0,3154.0,3154.0
B08Q2R8BL2,,,371.0,,371.0
B08Q35MY12,,,49.0,,49.0
B08Q3CB461,,,,,47.0
B08Q3TWJ7V,,,,,18.0
B08Q48QMST,,,,,6.0
B08Q49YBRM,,,56.0,56.0,
B08Q75J4P5,171.0,171.0,171.0,,171.0
B08Q79D7S4,2510.0,2510.0,2510.0,2510.0,2510.0
B08Q79ZTQN,,,,,858.0
B08Q7D7MT7,,,,,282.0
B08Q7G5L32,,,542.0,,542.0
B08Q7HHCXR,,,,,66.0
B08Q7MMZVK,,,,,63.0
B08Q7N3XGV,,,,145.0,145.0
B08Q7NL4X7,,3.0,,,
B08Q7RG7GT,,,,,282.0
B08Q7S5QBW,,,622.0,,
B08Q7TCXNB,,542.0,,,
B08Q7VKZN2,,,,,23.0
B08Q7WDYTL,,,,838.0,838.0
B08Q7YZFFS,,,,,32.0
B08Q8187Q8,,,,,165.0
B08Q81CPKW,542.0,,,,542.0
B08Q828LF4,,,,,145.0
B08QBXZ5YT,75.0,,,75.0,75.0
B08QCHR5FT,,,,,31.0
B08QCHT765,,,,,73.0
B08QCKRLCF,,,622.0,622.0,622.0
B08QCQCD5J,73.0,,73.0,,73.0
B08QCRQVBX,,78.0,78.0,78.0,
B08QCTFS4P,,,73.0,,
B08QCVNHK4,,,,,25.0
B08QDDMYXT,,,1645.0,,
B08QF6P3RY,,,91.0,,
B08QF79CYV,,,,33.0,33.0
B08QFJ75MB,1340.0,,,,
B08QFV2VWM,,,,62.0,62.0
B08QFWFKBB,,,,,3.0
B08QFXYXFT,,,,,73.0
B08QFYKJQX,9.0,,,,
B08QGKGGBZ,67.0,,,,67.0
B08QH8WRPG,,,56.0,,
B08QH9X39V,,,,,56.0
B08QHGL727,,25.0,,25.0,25.0
B08QHHC62G,,,78.0,,78.0
B08QJMJWSM,,,,11.0,
B08QJRLQT9,,,,24.0,24.0
B08QMCZSRD,,,,,104.0
B08QMF8LGB,,,,,35.0
B08QMGM76J,,,,,50.0
B08QMMTWF2,,,,,35.0
B08QMPNXYQ,,20.0,,,20.0
B08QMT9XFF,,,17.0,,
B08QMVBRWS,,13.0,,,
B08QMYPKNL,,,27.0,,27.0
B08QMYX1HH,,,,,35.0
B08QN2WQKN,,,,,35.0
B08QN8BCPS,,,,,13.0
B08QND1MBM,35.0,35.0,,,35.0
B08QPPQG77,,,,,5.0
B08QPWL5YD,,,41.0,,
B08QR24QDJ,,,,33.0,33.0
B08QR5DLLD,,,,,15.0
B08QRBJ8JY,,,,,64.0
B08QRJYL4Z,,,,,44.0
B08QRQ2ZJY,,,,,112.0
B08QRQ9XNY,95.0,,,,
B08QRRCFDZ,,,,,9.0
B08QRVXX23,,19.0,,,19.0
B08QRXLJ99,,,,,33.0
B08QS1KS84,,18.0,,,
B08QS7QTSB,,,,,10572.0
B08QTLZX63,,,,,7.0
B08QTQLQLH,19.0,,,19.0,19.0
B08QTZGVP1,,,,,147.0
B08QV2N9L2,,,19.0,,19.0
B08QVDX4ZS,,,,190.0,190.0
B08QVJHV3W,,99.0,,,
B08QVP96D8,,,,,36.0
B08QVY1Q9L,,,,60.0,
B08QW6LKB6,,,,54.0,54.0
B08QX6HZRD,,,,,1672.0
B08QXBCS4T,295.0,295.0,295.0,295.0,295.0
B08QXBLK9R,,,,,739.0
B08QXFFN9K,,,,,1391.0
B08QXH7M8R,,,,,1391.0
B08QXPHX44,,,,,185.0
B08QXTWT3N,,,,,739.0
B08QXYCX2X,,,,1391.0,1391.0
B08QY2YZ9T,,,,,71.0
B08QYJF8X3,,,,,19.0
B08QYNCPN5,,,,,72.0
B08QYPXX8N,19.0,,,,
B08QYQN1LJ,,,,,41.0
B08QYSBN4Z,,,,386.0,386.0
B08QYT6MY4,,,,175.0,
B08QYX2FJ7,,,,4.0,4.0
B08QYYZRMD,228.0,,228.0,,228.0
B08QZ26LY2,,,,,5.0
B08QZ2NYSY,7.0,,,,
B08QZ2SWB5,,,,,37.0
B08QZ3W6T9,,,,,1.0
B08QZ559PW,,,,,6.0
B08QZ9ZB55,229.0,,,229.0,229.0
B08QZCL63M,,,,,52.0
B08QZGBXG8,806.0,,,806.0,806.0
B08QZGNC5K,,,,,20.0
B08QZGNP7T,,,381.0,,381.0
B08QZK184L,,,,,520.0
B08QZKDF4Z,806.0,806.0,806.0,806.0,806.0
B08QZNLGFS,,,,,31.0
B08QZXFV9R,,,,,57.0
B08QZXHZL9,,,,,2.0
B08R2PMNFR,,,,337.0,337.0
B08R2S2839,,,,,337.0
B08R2SVY9X,265.0,265.0,,265.0,265.0
B08R3888MC,,,,,20.0
B08R3FNRX9,,,,,29.0
B08R3GJBD6,,,11.0,,
B08R3M5NLP,193.0,,,,
B08R3PG89R,103.0,,103.0,,
B08R3QB34Y,,,,10.0,
B08R3R3SH2,7.0,,,,
B08R3V36YX,20.0,,,,
B08R3VMRZM,,,,89.0,89.0
B08R4D3P2C,,,,878.0,878.0
B08R5CBMHT,,,24.0,,
B08R5FPHB7,177.0,,177.0,,
B08R5GD64Q,177.0,,,,
B08R5GR4SZ,177.0,177.0,,,
B08R5J3VJ2,,,,,19.0
B08R5L2HXD,177.0,,,,177.0
B08R5PKVTQ,,94.0,,,
B08R5T7KD4,,,94.0,,
B08R5VW4T4,,,,,177.0
B08R5WS2KF,34.0,,,,
B08R625DGJ,,,,,2.0
B08R643YTL,573.0,,,,573.0
B08R646W9R,6.0,,,,
B08R69QJYB,,,,,252.0
B08R69R94W,44.0,,,,
B08R69SJ6L,,,,,44.0
B08R6B9G5F,,,,,44.0
B08R6J3MP5,,29866.0,,,29866.0
B08R6JMW7F,,,28.0,,
B08R6PFD12,,,,,398.0
B08R6QFP38,,,,,398.0
B08R6S3HWC,524.0,524.0,,,524.0
B08R6TFD7P,,,,109.0,109.0
B08R6TGMT8,,,,,68.0
B08R6TNX97,,,,,109.0
B08R6TTVV8,,,,398.0,398.0
B08R6TW8CP,,,,,524.0
B08R6V6274,524.0,524.0,,,
B08R6WQ31M,,,,,524.0
B08R6X7SG9,,,,,398.0
B08R6XD3WZ,524.0,,,,
B08R7168X4,,,,,2.0
B08R71M9WK,,,67.0,,
B08R71Z6B5,,,,,2.0
B08R725LQN,,,,,39.0
B08R72FTMT,67.0,,,,
B08R75H43Q,,,,,78.0
B08R76BLJX,,,,,107.0
B08R76LHBY,8.0,,,,
B08R77THD4,11.0,,,,
B08R79N4PT,23.0,,,,
B08R7G7VYH,233.0,,233.0,,233.0
B08R7LCGGZ,,,,477.0,477.0
B08R7TT3DK,,2709.0,,,
B08R838FYS,,,,27.0,
B08R8C1X9Z,3268.0,3268.0,3268.0,3268.0,3268.0
B08R8MDTTD,,,,,81.0
B08R8SB1QH,,,,,98.0
B08R8VFTXY,373.0,,373.0,373.0,373.0
B08R8X57WF,367.0,,,367.0,367.0
B08R8XZS28,,,,,21.0
B08R8YC9BT,,,27.0,,
B08R8Z8Y4T,,,,,312.0
B08R95KXJ2,1.0,,,,
B08R9PF71N,46.0,,,,
B08R9XRXKG,,,,268.0,268.0
B08R9ZFB9Q,,132.0,,,132.0
B08RB89Q11,152.0,,,,152.0
B08RBGJR64,124.0,,,,
B08RBJ2PTL,,,,,1.0
B08RBJ5D14,714.0,714.0,,,714.0
B08RBKZ278,4.0,,,,4.0
B08RBMMDPB,,,,,144.0
B08RBST8SV,,,,,1.0
B08RBWZW7V,,,,,124.0
B08RBXKLL7,2219.0,,2219.0,2219.0,2219.0
B08RCN4GVF,,,,,360.0
B08RCTMHKH,,,,,16.0
B08RD3TYL3,,,,,258.0
B08RD4P2S7,,,,,5.0
B08RDDJMVQ,,,,,57.0
B08RDF2YJ2,18.0,,,,
B08RDLPJD9,,,,,17.0
B08RDR5K52,,,12.0,,
B08RDRYXV3,193.0,193.0,,,
B08RDSCF2R,38.0,,,,
B08RDZ6DXD,,,,3.0,
B08RF1ZDF1,,,,,689.0
B08RF2DGTS,695.0,,695.0,,695.0
B08RF2L4HP,691.0,,691.0,691.0,691.0
B08RHKR28G,15.0,,,,
B08RHQW6VG,,,,,17.0
B08RHQWSJR,,,,,10.0
B08RHSRXBD,,35.0,,,
B08RJ7LLMD,,,25.0,,
B08RJJF25Y,,,,,636.0
B08RJKTFH4,,,,,22.0
B08RJT2JHQ,,,,,14.0
B08RJTL35Q,,,,18.0,18.0
B08RM62J8J,,,,270.0,270.0
B08RMQFYKP,1030.0,1030.0,1030.0,1030.0,1030.0
B08RMRNSWZ,,,10572.0,,10572.0
B08RMT3BKH,,74.0,,,74.0
B08RMZFZTJ,,,,54.0,54.0
B08RN3BYSY,,,89.0,,89.0
B08RN6X13T,,,,5.0,
B08RN7GSS8,,,,,51.0
B08RNJ99JS,,,,21.0,
B08RNM65JY,,,,,4.0
B08RNSWLXH,,,,12.0,
B08RNZBLVP,,,,,12.0
B08RP4S821,,,126.0,126.0,
B08RP4SWSY,,,,,895.0
B08RP9KLC5,,,,,14.0
B08RPB8NN6,,,,,31.0
B08RPD7SHP,,,,,383.0
B08RQ7M97Y,,,,,27.0
B08RQFRBMY,,,,,383.0
B08RQFRCSJ,,,,,32.0
B08RQFSMFG,,48.0,,,
B08RQR3PNF,,383.0,,,383.0
B08RQV7JN8,,,,,14.0
B08RRVTVF2,,,,,238.0
B08RS182VQ,,577.0,,,577.0
B08RS2JXMN,,438.0,,438.0,438.0
B08RS2ZMFR,,,51.0,,
B08RS3KTR2,,,,,80.0
B08RS6DZM9,,,,287.0,287.0
B08RS9VMRR,,,,,22.0
B08RSC8QRN,,,,,11.0
B08RSTR158,3.0,,,,
B08RW8ZPLB,173.0,,,,
B08RWQKQWS,,,,,41.0
B08RWYTQHP,56.0,,,56.0,56.0
B08RX63B5Y,298.0,,,298.0,298.0
B08RX73168,,17.0,,,
B08RX8T29N,,,363.0,,363.0
B08RXFV6TR,,,,,193.0
B08RXFVMG4,193.0,,,,193.0
B08RXVGRH8,,,,,35.0
B08RXWR3B7,,,,,49.0
B08RXX88MS,,,,,96.0
B08RXXDVJH,,,,,96.0
B08RXXKQ7X,,,,,96.0
B08RXXRBKR,,,,,96.0
B08RYD7DRZ,33.0,,,,
B08RYGQ1KV,,,,,221.0
B08RYK1324,57.0,,,,
B08RYKTWHF,,,19.0,,
B08RYM1YYX,,,,,2.0
B08RYNLWVF,,,,27.0,
B08RYNRC12,,,,,413.0
B08RYV25WW,,,,,916.0
B08RYWS1DR,,,,,916.0
B08RYWX19R,,,,916.0,
B08RYWX2PK,136.0,136.0,,,136.0
B08RYYJQTC,79.0,,,,
B08RYZGF5D,11.0,,,,
B08RZ64F7C,7.0,,,,
B08RZCNL9H,,,30.0,30.0,30.0
B08S2PCR4Q,,,,,93.0
B08S2TFHFQ,,,245.0,,245.0
B08S31RWBK,19764.0,19764.0,19764.0,19764.0,19764.0
B08S32NYS8,,,,,32.0
B08S366R3M,1080.0,,,1080.0,1080.0
B08S37Q8TV,,,,369.0,369.0
B08S397479,,,,,59.0
B08S3CMRM2,,,,,8.0
B08S3JZSBY,,9.0,,,
B08S3WH7BG,,,359.0,359.0,359.0
B08S3YMP1X,,,,,429.0
B08S41TTNL,,,,,32.0
B08S48FVZF,31.0,,,,31.0
B08S5C4P8R,,,8.0,,
B08S6PW15T,1469.0,1469.0,,1469.0,1469.0
B08S6Q5MNM,,,,,34.0
B08S6QDY4W,,,,,788.0
B08S6S3PMG,,,,,29.0
B08S6TRM3B,,,,,233.0
B08S6W1FBG,,,,338.0,338.0
B08S72V15L,18.0,,,,
B08S732Y6M,,,7.0,,
B08S739R6N,,,,,18.0
B08S745KP9,,86.0,86.0,,86.0
B08S752WVH,,,,26.0,
B08S77CB8S,1045.0,,,1045.0,1045.0
B08S7814RC,,,,,1.0
B08S79477P,,,,,63.0
B08S79SB18,,569.0,,,
B08S7B7JSR,,,,,128.0
B08S7BS1VV,2.0,,,,
B08S7CVFC9,,43.0,,,
B08S7DPPR8,,,,,18.0
B08S7DZGZ2,,,121.0,,
B08S7F4872,,,,,92.0
B08S7G4DMQ,1339.0,1339.0,1339.0,1339.0,1339.0
B08S7M8ZNB,18.0,,,,
B08S7NDGZT,,,,,1339.0
B08S94ZWSJ,,,,,30.0
B08SB7K4J7,,,,,169.0
B08SBP912Y,,,3.0,,
B08SBR44PX,561.0,,561.0,,561.0
B08SBXV6ZQ,,,,,23.0
B08SBZKGZK,,,,725.0,725.0
B08SC1NR9Z,,,,,17.0
B08SC4852V,,,,,27.0
B08SC5PJN2,52.0,,,,
B08SC5YWL8,,,,,169.0
B08SC684JX,45.0,,,,
B08SC71268,,,,,25.0
B08SC747CK,,,,,16.0
B08SC8C4N4,1469.0,,,1469.0,1469.0
B08SC91Q7Z,23.0,,,,
B08SCBHJLB,,,,,22.0
B08SFB83D6,,,,4.0,
B08SG55VM7,103.0,,,,
B08SG6G16C,,,,,286.0
B08SGBRWY5,,,,286.0,
B08SGHGT8T,,,,286.0,286.0
B08SGP34H4,,,,,113.0
B08SGT69M1,,,,,33.0
B08SHFX942,,,,,4.0
B08SHLBNCW,,,33.0,33.0,33.0
B08SHSSLTG,,,,114.0,114.0
B08SJ1CF1H,1.0,,,,
B08SJ2BJTF,746.0,746.0,,,746.0
B08SJ2TSQL,,,,,26.0
B08SJ3FQF8,,,,,231.0
B08SJ53YQ3,,,,,62.0
B08SJ6767V,746.0,746.0,,,746.0
B08SJ7GB78,,,,,29.0
B08SJB4TBW,,,,338.0,338.0
B08SJB6MPS,,,,,1601.0
B08SJBNCZ9,,,,,16.0
B08SJF9KVN,,,,,8.0
B08SJHKB77,,,,,8.0
B08SJJKX16,,,200.0,200.0,200.0
B08SJQGNPX,,,,122.0,
B08SJSSJK3,,149.0,,,
B08SJSV779,,,,220.0,220.0
B08SKBHXMY,151.0,,151.0,,151.0
B08SKBJ1J5,,,,,43.0
B08SKJTSR8,660.0,,,,
B08SKY19ZN,,,,229.0,229.0
B08SKZWMGT,,,,,229.0
B08SL6QG4M,,,,,104.0
B08SL88ZFD,104.0,,,,
B08SL8CTHD,,,,,104.0
B08SL9V2XC,,,,,104.0
B08SLCQMGK,,,117.0,,
B08SLMDK4V,,,,,123.0
B08SLN8DR4,,,,108.0,108.0
B08SLNCSJ3,,,,,245.0
B08SLPFZXM,,,,244.0,244.0
B08SLQ3BW5,,,,,216.0
B08SLVNKV9,,,,,8.0
B08SMDQ59G,29.0,,,,
B08SMFH84B,,,86.0,,
B08SMFYJ4L,,,,,37.0
B08SMH2GML,,,,,77.0
B08SMHCC15,,,,,86.0
B08SMLMRC6,,,89.0,,89.0
B08SMPGQ6K,,,,,84.0
B08SMQ5T72,,,,,84.0
B08SQ7JL6R,29.0,,,,
B08SQ9C8GF,,,,94.0,
B08SQC8MN7,,,,,740.0
B08SQFFSY4,,,,38.0,
B08SQGN3MG,,,,,740.0
B08SQJKNRW,127.0,,,,
B08SQJPZ6S,473.0,,473.0,473.0,473.0
B08SQL3LXC,,,,,171.0
B08SQM23L1,8.0,,,,
B08SQP9GWZ,,39.0,,,39.0
B08SQPV3M2,55.0,,,,55.0
B08SR3V4DY,,,,,158.0
B08SR4D6Z5,,,,,10.0
B08SR615LV,20.0,,20.0,,
B08SRB5ZZF,,,,,11.0
B08SVN69Z7,,,,,124.0
B08SVPXB18,,,,,25.0
B08SVW6BZW,,,,,32.0
B08SVYVSZ3,,,11.0,,
B08SW1H5QR,,16.0,,,
B08SW27CW1,43.0,,,,
B08SW3X332,,113.0,113.0,,113.0
B08SW46XSC,495.0,,495.0,,495.0
B08SW5XSK2,,,,14.0,
B08SW77LFX,,,,,44.0
B08SWCYHNK,,,,,9.0
B08SWDRYLH,,,,,647.0
B08SWFV2KD,27.0,,,,
B08SWJMDRH,,,,,5.0
B08SWL9S43,,,,,105.0
B08T154NTP,,,,56.0,56.0
B08T17BBDH,,,,,61.0
B08T1B25CL,645.0,645.0,645.0,645.0,645.0
B08T1DBKT2,,2.0,,,
B08T1FTJD5,,,,,6.0
B08T1GQBXF,,,,,176.0
B08T1GTQC2,,,,144.0,144.0
B08T1HCTTR,,,793.0,,
B08T1JVH8C,,,,,135.0
B08T1JZG5M,,,,,261.0
B08T1KYSMS,,,,22.0,
B08T1M96XK,,,,,143.0
B08T1MH1PS,,,,,6.0
B08T1NNVBK,478.0,478.0,,,478.0
B08T1NRKZF,,,429.0,,
B08T1NY4H6,,,,,44.0
B08T1RDL6Z,,,137.0,,137.0
B08T1RDMXR,6.0,,,,
B08T1RFCDX,61.0,,,,61.0
B08T1YRRPM,176.0,,,,176.0
B08T1Z5ZQP,,,,,8.0
B08T233FLW,,,,,18.0
B08T2365YV,,,,,261.0
B08T2397YR,,,144.0,,
B08T25JN5P,,,,,5.0
B08T2GW2JT,,,,313.0,
B08T5R4PPH,,,,,17.0
B08T5RDX41,10.0,,,,
B08T5VQQJR,,,,,56.0
B08T5Z8BZX,,,,,14.0
B08T614RNN,,95.0,,,95.0
B08T649HZH,,,,,61.0
B08T6835G5,134.0,,,134.0,134.0
B08T68SK5V,168.0,,,,168.0
B08T6DXFXR,,,,,9.0
B08T6FH2BS,134.0,,,134.0,134.0
B08T6FMHGR,,,,,3.0
B08T6FNLLK,,,,,9.0
B08T6H8HCH,,,38.0,,
B08T6K62T1,,,,,38.0
B08T6NF1TF,,,33.0,,33.0
B08T6WVC94,,,,49.0,
B08T7458KY,,,25.0,,
B08T7FRMHL,,,,,24.0
B08T7J5VK9,73.0,73.0,,,73.0
B08T7YS76D,,,,,3.0
B08T8FF1XK,,,,,12.0
B08T8KTVF2,,,,218.0,
B08T8R6C4Q,,652.0,652.0,652.0,652.0
B08T8VP4LC,,,,61.0,
B08T92QQ19,,429.0,,429.0,429.0
B08T99JCFC,,,,,12.0
B08T9B4QYW,,494.0,494.0,494.0,494.0
B08T9DX7NR,,,,,20.0
B08T9FVBLW,,,,,28.0
B08T9HYZ4Q,,,,,40.0
B08T9JZ753,,,,,148.0
B08T9KTYY6,,,,,91.0
B08T9RV82L,,,,,24.0
B08T9TW45Y,,,18.0,,
B08T9ZTFKF,,,,,27.0
B08TBFRS5J,,,,,5.0
B08TBGBSSQ,,,,,1653.0
B08TBL24WH,,,,117.0,117.0
B08TBMWXFH,,,,50.0,50.0
B08TBQMQ7M,,33.0,,,
B08TBQZ9FL,,,,,35.0
B08TBR5X4H,,91.0,,,
B08TBS6ZL2,,,22.0,,
B08TBSD3HC,,,14.0,,
B08TBXYNZX,,,,,41.0
B08TBZW1Y1,53.0,,,,53.0
B08TG97C34,,,,,35.0
B08TG9QZ5X,,,,141.0,141.0
B08TGF5VXX,,,,,16.0
B08TGG8KW2,,,,,23.0
B08TGH9JRP,141.0,,,,141.0
B08TH9QG1Q,,,,,8.0
B08THCCFHZ,,,,219.0,
B08THKDF9J,,,,,197.0
B08THKNXH1,,,,,55.0
B08THLPCJH,,,197.0,,197.0
B08THM1GHL,,,,,197.0
B08THMX6QT,197.0,,197.0,,197.0
B08THS6BFF,,,,,89.0
B08THSRR92,,,,,27.0
B08TL4237J,,,,56.0,
B08TLHFDCG,44.0,,,,
B08TLPLP8G,75.0,75.0,75.0,,75.0
B08TLS2VXD,89.0,89.0,,,
B08TLS4RV1,3.0,,,,
B08TLS5T5T,,,,,129.0
B08TLTW9KH,,,,,740.0
B08TLXGKF3,,,,374.0,374.0
B08TLYKSRT,,,,5.0,
B08TLYPM2W,,,,166.0,166.0
B08TLYRB9C,9.0,,,,
B08TM3GPKT,,,374.0,,374.0
B08TM7X1RW,,144.0,,144.0,144.0
B08TM9HZ3L,107.0,,,,
B08TMBT49V,,,22.0,,
B08TMX13JD,,,,,45.0
B08TMZN4C8,295.0,,,,
B08TQGW5PX,,,16.0,,
B08TQJQDJR,,,,,23.0
B08TQVGBSN,140.0,,,,140.0
B08TQZNGXF,21.0,,,,
B08TRBP9CY,,,,40.0,40.0
B08TRCKT3V,,,,,32.0
B08TSRNK3M,,,,98.0,98.0
B08TSWTF4M,,,,,5.0
B08TSX49WP,,,,,29.0
B08TSYJ4T6,,,,416.0,416.0
B08TTC9MK3,,,,,10.0
B08TTCYHWF,,,,,80.0
B08TTGZPX8,53.0,,,,
B08TTLLXYJ,,,,,23.0
B08TTLVS4L,,,,,58.0
B08TTLZ8VS,12.0,,,,
B08TTYBG2N,,,,,202.0
B08TTZLMFZ,347.0,,347.0,,347.0
B08TV3QGJ6,,,,,10.0
B08TV3VKG1,,,,,4.0
B08TV4JY1Q,,,,,22.0
B08TV55WS9,,,,,5.0
B08TV7S9FY,3456.0,3456.0,3456.0,3456.0,3456.0
B08TVCC3LQ,,,,,2.0
B08TVGD133,334.0,,334.0,334.0,334.0
B08TVW4YBY,,,89.0,,
B08TVWP3LR,,,,,983.0
B08TW85WQB,61.0,,61.0,,
B08TW8DBGF,,,,64.0,64.0
B08TW8KSMG,43.0,,,,43.0
B08TWB56LX,,,,,20.0
B08TWJ2KMP,,25.0,,,25.0
B08TWKKL49,,,,,67.0
B08TWMHF1J,,,,14.0,
B08TWNK166,,,,,25.0
B08TWRBBVX,,,30.0,,
B08TWRWKSV,,,,,26.0
B08TWV25R6,,,,,2003.0
B08TWV6FFF,,,11.0,,
B08TWV6QY6,480.0,,480.0,480.0,480.0
B08TWVQGT6,135.0,,,135.0,135.0
B08TWVSVP1,48.0,,,48.0,
B08TX4MP6P,,,,,33.0
B08TX4VWZM,28.0,,,,
B08TY6GVDL,,,,,3.0
B08TZJ9VPC,,,,3.0,
B08TZVC64D,,81.0,,,81.0
B08TZXNVJR,,,,,16.0
B08TZY1L1V,44.0,,,,
B08V17S3FD,,66.0,,,
B08V1DS126,,,,,9.0
B08V1DS9PD,66.0,,66.0,,
B08V1DY935,,,,203.0,
B08V1NV172,,,,,42.0
B08V1QF9DY,11674.0,,,11674.0,11674.0
B08V1XL7BG,,,,,22.0
B08V25Q5MH,26.0,,,,26.0
B08V4L37XS,,,2.0,,
B08V4L5RQH,,,,15.0,
B08V4PGL5L,,,,,124.0
B08V4PZNTC,394.0,,394.0,394.0,394.0
B08V4THMTJ,,,,,189.0
B08V4W6KW8,15.0,,,,
B08V4WRW88,,,,,202.0
B08V4YYYRG,,,10.0,,
B08V52P6DT,,63.0,,63.0,
B08V53YR6G,,,,,58.0
B08V5482RP,,,,29.0,
B08V56B5CB,,5.0,,,
B08V56S21B,,,12.0,,
B08V57CQ8L,,555.0,555.0,555.0,555.0
B08V57KYT1,,,,,51.0
B08V5DWPV3,,38.0,,38.0,38.0
B08V5J53SS,,,,,50.0
B08V5L3HVQ,,,,,6.0
B08V5PJ22X,56.0,,56.0,,56.0
B08V5PN8YV,,,102.0,,
B08V865G4P,,,,75.0,75.0
B08V87S9LG,496.0,,,,496.0
B08V88FTSB,1783.0,,1783.0,1783.0,1783.0
B08V899YTJ,,,,,20.0
B08V89YH89,,,,,26.0
B08V8KX83Q,556.0,556.0,,556.0,556.0
B08V8LKXLL,,,,,3.0
B08V8MQFF7,211.0,211.0,,,211.0
B08V8PMM2M,,,,,1.0
B08V8R4HDT,,,,,496.0
B08V8R6JB9,,,,,127.0
B08V97DQWZ,1783.0,,,1783.0,1783.0
B08V97GKDK,,,,,28.0
B08V99ZBQH,,93.0,,,93.0
B08VBXB6L3,,,,,140.0
B08VDC2SB9,,,,36.0,
B08VDL2JWL,,,,,62.0
B08VDWJNM9,,,,,43.0
B08VDXFXH3,7.0,,,,
B08VF3CQD2,,,172.0,,172.0
B08VF4GJGS,,,23.0,,
B08VFTWHQK,,,,,7.0
B08VFZ29PZ,,,30.0,,30.0
B08VGCFZD5,,13.0,,,
B08VGD7YHX,,1.0,,,
B08VGDFGDG,,,,,13.0
B08VGDZNM4,,,,13.0,
B08VGF2HV2,13.0,,,,
B08VGF817H,,,,,13.0
B08VGHRJY3,,,,,22.0
B08VGJNFKZ,,,,,16.0
B08VGR1CHX,,28.0,,,28.0
B08VHGJSWJ,,,,,3.0
B08VHHX1JR,,5.0,,,
B08VHSV28J,,,,,117.0
B08VHZ9X3B,,100.0,,,
B08VHZLS9W,,,,,74.0
B08VHZNMVQ,,,,,74.0
B08VJ4RK9V,,11.0,,,
B08VJ92MJG,,,,,10.0
B08VJ9GHFW,,,,,6.0
B08VJB66SG,,,,3082.0,3082.0
B08VJC6754,,,,,3082.0
B08VJCYJSP,3082.0,,3082.0,3082.0,3082.0
B08VMTNRJW,132.0,132.0,132.0,132.0,132.0
B08VN6FSJD,9.0,,,,
B08VNBRZ94,,82.0,,,82.0
B08VNGPX15,,,,,34.0
B08VNHYYT4,,,,,271.0
B08VNPBXQJ,,,84.0,,84.0
B08VNQVW6T,,,,19.0,
B08VNT2X82,,93.0,,,
B08VQ9446G,211.0,,,,
B08VQD9XCL,,,,,94.0
B08VQGVBGZ,576.0,576.0,,576.0,
B08VQL5VWB,,,,,211.0
B08VRCKWBD,2.0,,,,
B08VRG4DZ3,455.0,,,,
B08VRLRJDJ,,,,35.0,35.0
B08VRXPJQW,,,38.0,,
B08VS7947F,,,16.0,,
B08VVWWBSN,,,,,65.0
B08VW7L2FB,27.0,,,27.0,
B08VW8B653,107.0,,107.0,,107.0
B08VWPY42V,,,,6.0,
B08W1N1K3S,14.0,,,,14.0
B08W1YQLDR,,,,,6.0
B08W1ZHYJ3,,,,,93.0
B08W1ZMX2R,,,,,16.0
B08W29GSLX,,,144.0,144.0,
B08W3X2LVX,,,,,127.0
B08W3Z8GMR,,,,243.0,243.0
B08W4ZS1GT,,,,,14.0
B08W5772TJ,,,,,23.0
B08W599MZ5,,,,,36.0
B08W5F5N4G,,,,,12.0
B08W6JDH8P,,,,,40.0
B08W8T5MS2,26.0,,26.0,,26.0
B08W8T6X2X,,,,255.0,255.0
B08W8T8C3T,,,,,341.0
B08W8Y3Q12,,,13.0,,
B08W96B71Q,,,,179.0,179.0
B08W9KY3DY,,255.0,,,255.0
B08W9M5NFG,,255.0,,,255.0
B08W9Q2LLN,,,255.0,,255.0
B08WCF9GR3,18.0,,,,
B08WCGV8RF,,130.0,,130.0,130.0
B08WDWRJZ7,842.0,,,,842.0
B08WH4ZTFY,,,,,4.0
B08WH7SX2B,9.0,,,,
B08WHL1Z3W,83.0,,,83.0,
B08WJCCF9P,,,12.0,,
B08WJLHMS6,,,,,282.0
B08WR8W4SZ,,,,,2709.0
B08WR9ZGKL,,18.0,,,
B08WRTFYG7,,,,314.0,
B08WWK9MK8,685.0,,,685.0,685.0
B08WWL3MYX,,2.0,,,
B08WWS52ZK,,,,,106.0
B08WWV3PCW,,,,,106.0
B08WWWCL7T,,283.0,,,283.0
B08WWY1K6J,,,9.0,,
B08WWYL343,,283.0,,,283.0
B08WX196MV,,,83.0,,83.0
B08WX5X5W2,,,,,106.0
B08WXCDZ1P,64.0,64.0,,,
B08WXCRK18,,,79.0,,
B08WYNG7DL,,,,1200.0,1200.0
B08WYW4WG9,,,1200.0,,1200.0
B08WZ3LKDM,1200.0,,1200.0,1200.0,1200.0
B08WZ493RS,,,,,483.0
B08WZ7HDDV,,,,1200.0,1200.0
B08WZ8G8WN,,,,,1200.0
B08WZW6PHQ,,,,155.0,155.0
B08X1H7WQQ,,,,,44.0
B08X1JCX2B,,,,,7.0
B08X1VLQSS,29.0,,,,
B08X229QWS,1454.0,1454.0,,,1454.0
B08X23YZM8,,,385.0,385.0,385.0
B08X271M72,,,,,1.0
B08X2H47LP,102.0,,,102.0,102.0
B08X2KJP38,,,,,35.0
B08X2PTQF5,,,,,105.0
B08X2R2MBC,,,,,29.0
B08X2RNG5N,42.0,,,,
B08X3FJSRL,,,,,181.0
B08X3M4NMV,,,,,2.0
B08X3ZS3LD,566.0,,566.0,,566.0
B08X48HC1X,,,,,52.0
B08X4CLQWB,9.0,,,,
B08X4G8RTH,,,892.0,,
B08X4QG4F2,,,,,11.0
B08X4RCVLV,,,,,21.0
B08X641Y79,858.0,,858.0,,858.0
B08X65BR7N,,,,,28.0
B08X689NVL,,862.0,862.0,,862.0
B08X6BMBD6,,,,,660.0
B08X6DGQ74,,,,862.0,862.0
B08X6DST7X,,,,,685.0
B08X6F15NN,115.0,,,,
B08X6JZQLR,,4855.0,4855.0,,4855.0
B08X6KKYQB,,,,3750.0,
B08X6KL2SK,2287.0,2287.0,,2287.0,2287.0
B08X6PBHFM,,,,,13.0
B08X6RD26K,,,,,660.0
B08X6THQM4,,,26.0,26.0,
B08X6V2QQW,279.0,279.0,,279.0,
B08X6ZKNHP,,,,,9.0
B08X73Z6XD,77.0,,77.0,,77.0
B08X7KHQP9,,,,,16.0
B08X9Y72MM,,,,,21.0
B08X9ZQCMG,,,,,4.0
B08XB1H5W2,,,,,78.0
B08XB3QB9D,,,,,30.0
B08XB55XMC,,,,,30.0
B08XB9Q6VQ,,,,,14.0
B08XBBZPF5,,,28.0,28.0,28.0
B08XBJ2Q2Q,,,,635.0,
B08XBP6KDF,,,,18.0,
B08XBZ7T61,,,9.0,,
B08XC3SLBZ,,,,,6.0
B08XFKG82C,,,,,9.0
B08XHHG1QR,,,17.0,,17.0
B08XJSHQ3B,,,,,21.0
B08XJSPFJ5,,,,,215.0
B08XK29NP4,,,,,6.0
B08XK2D1XT,,,,7.0,
B08XK6QRJL,1517.0,1517.0,1517.0,1517.0,1517.0
B08XKFWW2C,,,,,315.0
B08XKH8LJ9,1815.0,1815.0,1815.0,1815.0,1815.0
B08XKM765Q,,,,,25.0
B08XLXZX7N,45.0,,,,45.0
B08XLZVSW7,,,,,7.0
B08XM2MFZ1,,,213.0,,
B08XM5RGBN,,,,164.0,
B08XM71D9B,,,,,147.0
B08XM9BRY8,54.0,,,,
B08XMCZYJ2,,,,,24.0
B08XMF5B3C,,,25.0,,25.0
B08XMKQLDX,213.0,,,213.0,
B08XMLFNDT,,,,33.0,
B08XMSTZZ4,,,,,124.0
B08XN5FCQY,,,,,38.0
B08XND78P2,,,,,3.0
B08XND8VRN,252.0,,,252.0,252.0
B08XNFH442,,,,,26.0
B08XNGGPNS,,,,,24.0
B08XNWVRCC,,15.0,,,15.0
B08XNXGXMC,,,24.0,,
B08XP8CQRC,,,,,1257.0
B08XPQNHXC,14.0,,,,
B08XQ8Z9KH,,,78.0,,78.0
B08XQGMY9Q,1029.0,1029.0,,,1029.0
B08XQGYRKQ,1029.0,,1029.0,,1029.0
B08XQPC5NF,,,,895.0,
B08XQPQRSF,130.0,,,,
B08XQPZJ46,,,,,895.0
B08XQYCQ7D,,,,,9.0
B08XT7Z4HC,,,,,180.0
B08XTJDYXN,,,,,26.0
B08XTM7K5V,,,48.0,,
B08XV31PZP,,,,,99.0
B08XVM75TD,96.0,,96.0,96.0,
B08XVS6211,,,,,161.0
B08XVWBQNQ,6155.0,,,,
B08XVY2749,,,3.0,,
B08XVYRLKM,,,86.0,,
B08XVZDP28,,,,,103.0
B08XW21GQ7,,,,,52.0
B08XW4FKPP,80.0,,80.0,,80.0
B08XW85YSJ,6157.0,,6157.0,,
B08XW9ZMRD,2210.0,2210.0,2210.0,2210.0,2210.0
B08XWHT849,,,,,7.0
B08XWMVTPH,,778.0,778.0,,778.0
B08XWNC3LS,7.0,,,,
B08XWPPTZP,,778.0,,,778.0
B08XWV3QH4,,,,,778.0
B08XWXSHN2,1236.0,,1236.0,,1236.0
B08XWXZRYL,,,26.0,,
B08XX12XW4,1.0,,,,
B08XX4VP8V,,,,,112.0
B08XX7TW5K,,,,,77.0
B08XXB2HNB,,,,,77.0
B08XXF6L2W,,,566.0,566.0,
B08XXFK9F7,,,83.0,,83.0
B08XXFRTGN,,,,,61.0
B08XXGQ375,,71.0,71.0,71.0,71.0
B08XXHTGCF,,,,,45.0
B08XXL63SW,,,,73.0,
B08XXN513R,,,,19.0,19.0
B08XXT22YF,,205.0,,,205.0
B08XXVL6WY,101.0,,101.0,,
B08XXYHJ6L,308.0,308.0,,,308.0
B08XY15PMP,,,1551.0,,1551.0
B08XY3FLW4,,,,507.0,507.0
B08XY6BZ1Z,1.0,,,,
B08XYB7R7T,,,74.0,,74.0
B08XYC7JWQ,,,71.0,,71.0
B08XYDN5YY,,,74.0,,
B08XYL2KVQ,644.0,,,644.0,644.0
B08XYMS98L,,,,,78.0
B08XYNBRBD,,,,,7.0
B08XYPP3FQ,3590.0,3590.0,3590.0,3590.0,3590.0
B08XYPXTYK,,1551.0,,1551.0,1551.0
B08XYQBK9W,,,,,35.0
B08XYQYDQ3,,,,,67.0
B08XYSXCN3,,,,,359.0
B08XYV2LQ8,,,,,4.0
B08XYV8V1J,,,13.0,,
B08XYXCLQH,,77.0,77.0,,77.0
B08XYZDPZD,,,214.0,,214.0
B08XYZX2BR,,,,,21.0
B08XZ2F55B,1486.0,1486.0,,,1486.0
B08XZ6G76N,,,,,35.0
B08XZ73F2B,,46.0,,,46.0
B08XZ9BPMZ,,,,,14.0
B08XZJ6C78,,,3.0,,
B08XZWXQYR,,,,1348.0,1348.0
B08Y113YWY,,,,28.0,28.0
B08Y17DRCC,,,,,97.0
B08Y1DDD3G,,,,,622.0
B08Y1G7KCW,,,,19.0,19.0
B08Y1H2GCC,,,,,213.0
B08Y1HW1TG,1.0,,,,
B08Y1RY1ST,36.0,,,36.0,36.0
B08Y55RCGB,,16.0,,,
B08Y594MHV,,32.0,,,
B08Y5CD2FW,254.0,,,,254.0
B08Y5J5CXY,66.0,,,,
B08Y5JCJ88,,,,27.0,
B08Y5L8TJR,,,,19.0,
B08Y5M3K7P,,,,,67.0
B08Y5M537D,,,,,35.0
B08Y5NBN4Q,311.0,,311.0,,311.0
B08Y5NSH3X,,,,,19.0
B08Y5R87BS,,,,,97.0
B08Y5S1QPZ,135.0,,,,135.0
B08Y5S25JG,,,,34.0,
B08Y5S5X27,23.0,,,,
B08Y5SGLF4,363.0,,,,363.0
B08Y5TFDMZ,79.0,,,,
B08Y5TNVBQ,,,,,336.0
B08Y5WJZHR,,151.0,,,151.0
B08Y5YF351,131.0,,,,131.0
B08Y5ZXQZ9,,,,,179.0
B08Y631FTZ,,,,2105.0,2105.0
B08Y6869SP,4759.0,,4759.0,,4759.0
B08Y68W9LG,5129.0,,,5129.0,
B08Y69XYHN,4437.0,,4437.0,4437.0,4437.0
B08Y69ZVX3,1300.0,,,,1300.0
B08Y6FV136,248.0,,248.0,,
B08Y6J5FK7,,,,,80.0
B08Y6JGC2M,,,,25.0,
B08Y6JH88Z,80.0,,,,
B08Y6M6RCD,,,,,24.0
B08Y6MWBM6,,,,,73.0
B08Y6NBXJS,20.0,,,,
B08Y6PW71Z,,,,,5.0
B08Y6RJCMH,,,,,1045.0
B08Y6S8YQY,,,,16.0,
B08Y6VW8HQ,111.0,111.0,,,
B08Y6W2QS8,,99.0,,,99.0
B08Y6WKMBG,67.0,,,67.0,
B08Y7YDCJY,,,,,37.0
B08Y849L6N,,,,,1.0
B08Y888RX1,,,,,40.0
B08Y89HWPG,,,,93.0,93.0
B08Y89JK83,,,,,37.0
B08Y8CG8VL,,,,,107.0
B08Y8FYFFM,52.0,,,,
B08Y8RZFTQ,,,,,39.0
B08Y8TXT2B,,,,,31.0
B08Y9552SY,879.0,,879.0,,879.0
B08Y98H6C1,,,,,83.0
B08Y99P75M,,,,,16.0
B08Y9BD6S2,23.0,23.0,,,23.0
B08YCWDTN3,,,,,3.0
B08YCY1ZDB,,,,,26.0
B08YD5MVFM,,61.0,,,
B08YD7VZMV,,,,,269.0
B08YD8HRBF,,,31.0,,31.0
B08YD8P9X9,16.0,,,,
B08YD9CLHX,793.0,,,793.0,
B08YDB4N1B,,,77.0,,77.0
B08YDBMVWC,,,,,12.0
B08YDC5F39,,,,4.0,
B08YDC8N72,71.0,,,,
B08YDG82CH,,,,,7.0
B08YDKBNKN,,,,,85.0
B08YDLJSXC,8.0,,,,
B08YDM1STS,,,,,83.0
B08YDPPF3Q,,,,83.0,
B08YDR3JLP,,,,,6.0
B08YDV3DKZ,62.0,,,,62.0
B08YF1XR4P,,,,269.0,269.0
B08YGJPLJ8,,95.0,,95.0,95.0
B08YJ552V5,87.0,87.0,,87.0,
B08YJ6MK5X,,,,34.0,
B08YJ8QG1G,,,,,148.0
B08YJBKJNX,313.0,,,,
B08YJL1NY9,,,115.0,,115.0
B08YJLQ5HM,,,,283.0,283.0
B08YJMWPN9,47.0,,,,
B08YJR1ZYZ,174.0,,174.0,174.0,174.0
B08YJSNY62,,,,,42.0
B08YJSVBRH,77.0,,,,
B08YJSW1RK,19.0,,,,
B08YJSX7HQ,77.0,,,,
B08YJTCWXG,,,88.0,,88.0
B08YJW55KP,,,,,42.0
B08YJX3C2D,,,,19.0,
B08YJX3XB2,,260.0,,260.0,260.0
B08YJY6KZ7,34.0,,,,
B08YJZJV1D,,,,,34.0
B08YK248WC,,,,,34.0
B08YK8NTPT,,,,,21.0
B08YKB55Y3,,,,,10.0
B08YKDKD6C,,,,111.0,111.0
B08YLPBSS7,381.0,381.0,381.0,,381.0
B08YLT372L,,,,40.0,40.0
B08YLY7V5H,381.0,381.0,381.0,,
B08YMTC48X,,,33.0,,
B08YMWPX89,,,,,13.0
B08YMYXBK8,,,,706.0,706.0
B08YMZKJ6Z,,,190.0,,190.0
B08YMZQ3GR,229.0,229.0,,229.0,229.0
B08YN4C64F,,,24.0,,
B08YN6GJR8,,,,1.0,
B08YN7SXFL,3348.0,,,,
B08YN82NBS,,,,706.0,706.0
B08YNBWMG6,,,,,11.0
B08YNCVCVT,,,,,4.0
B08YNGXNHR,,,,,35.0
B08YNJ1ZKG,,,473.0,473.0,473.0
B08YNKG9P9,,121.0,,121.0,121.0
B08YNQYD84,19.0,,,,
B08YNR844H,,17.0,,,
B08YNRLJKH,,,,,3.0
B08YP417ZQ,,,,33.0,
B08YQJVMH5,,25.0,,,
B08YQJY9GB,,,,,82.0
B08YQKG398,,,,,34.0
B08YQQ1Z16,,,,,24.0
B08YQRMPBZ,,11.0,,,11.0
B08YQSJM41,,82.0,82.0,82.0,
B08YQXC55M,,93.0,,,93.0
B08YQYCDKP,,,,956.0,956.0
B08YQYT74G,,208.0,208.0,,208.0
B08YR17MPF,,,11.0,,11.0
B08YR3623T,,,1069.0,,1069.0
B08YR6MGY3,30.0,30.0,,,
B08YR9WVRN,,,,113.0,113.0
B08YRDZQB3,28.0,,,,28.0
B08YRJG7LT,,,,378.0,378.0
B08YRLBJFH,,,,,5.0
B08YRMN6Q7,,1069.0,1069.0,,1069.0
B08YRWX9HX,,,3.0,,
B08YS5QLH3,,,,,13.0
B08YT4B2QG,,,,,67.0
B08YTB2D8C,42.0,,42.0,,42.0
B08YV6K2X5,,,,793.0,793.0
B08YVK81G4,,,,13.0,13.0
B08YWJ9PTH,459.0,,,,459.0
B08YWQDT8L,,,,,33.0
B08YX2R5D6,593.0,,593.0,593.0,593.0
B08YX6XRS3,10.0,,,,
B08YX97C12,,,,,1257.0
B08YXCW5R4,,,,,1257.0
B08YXW7PLV,,,,,10.0
B08YY1N1HF,,,,,30.0
B08YY2KFPV,255.0,,,,
B08YY86RYW,,,,,25.0
B08YY94BLC,,,,15.0,
B08YYBSK1T,,,,,10.0
B08YYLR42G,1045.0,1045.0,1045.0,1045.0,1045.0
B08YYLVYKW,,,2.0,,
B08YYLZSNM,,,11.0,,
B08YYN4R1W,,,,,24.0
B08YYQXYL9,,,60.0,,
B08YYRT4BJ,,,,174.0,174.0
B08YYTQBGR,226.0,226.0,,,226.0
B08YYVZCKM,,,,5.0,
B08YYZ65MY,,,,,4.0
B08YYZYZ4C,,,,143.0,143.0
B08YZ11R36,,,,3.0,
B08YZ46SCS,,,16.0,,16.0
B08YZ4DRKK,370.0,,370.0,370.0,370.0
B08YZ6YXZP,2094.0,,2094.0,2094.0,2094.0
B08Z1MLCH9,,,,104.0,
B08Z24PBKT,,,,104.0,
B08Z2Y4X4B,,,,,609.0
B08Z2ZRZVD,39.0,39.0,,,
B08Z31BF31,676.0,,676.0,676.0,676.0
B08Z31SD2F,,,,,331.0
B08Z34R4G9,,34.0,,,
B08Z35ZSWJ,36.0,,,,36.0
B08Z37JYY6,212.0,,212.0,,212.0
B08Z3BQBXL,,121.0,,,121.0
B08Z3C22P3,,,,,7.0
B08Z3CCY48,,,,,65.0
B08Z3CN1H1,212.0,,,,
B08Z3JGGR9,,,,,20.0
B08Z3JR14F,105.0,,,105.0,105.0
B08Z3KJDM6,,,2094.0,2094.0,2094.0
B08Z3L9XYS,,,,676.0,
B08Z3NKPFR,,21.0,,21.0,
B08Z3PYZSN,,34.0,,,
B08Z3Q3HP2,110.0,,,,110.0
B08Z3RTRP3,29.0,,,,
B08Z3S7QW6,27.0,,,,
B08Z3WGYTL,,,486.0,486.0,486.0
B08Z3XBBXB,,,,,70.0
B08Z3XZR57,,61.0,,,61.0
B08Z41QM3R,,,,,11.0
B08Z41SDLJ,366.0,,,366.0,
B08Z41TN3M,,,,3306.0,3306.0
B08Z4G4WP4,,809.0,809.0,809.0,809.0
B08Z76K5P7,,,,,10.0
B08Z7773DK,,222.0,,222.0,222.0
B08Z77FFHD,,,,,144.0
B08Z79B68T,,,,,138.0
B08Z7CFJCZ,,,,7736.0,7736.0
B08Z7GS1T2,,74.0,,74.0,
B08Z7H475G,,,,,26.0
B08Z7HP9V1,,,89.0,,
B08Z7HTHJD,7736.0,7736.0,,7736.0,7736.0
B08Z7M9QQN,,,,,89.0
B08Z7NFQ8M,,,,,144.0
B08Z7PSQKK,,2370.0,2370.0,2370.0,2370.0
B08Z7QW96S,,,,22.0,22.0
B08Z7R9SWD,,,,58.0,58.0
B08Z7S792H,,,2370.0,2370.0,2370.0
B08Z7T8ZDZ,,,89.0,,89.0
B08Z7TTGL6,,,,,89.0
B08Z7TTHQ7,,,,,166.0
B08Z7XQ2LS,,,,,94.0
B08Z7YVH6M,,,,31.0,31.0
B08Z7Z1P1Y,2370.0,2370.0,2370.0,2370.0,2370.0
B08Z7Z8C3Q,,,,,18.0
B08Z7ZDD39,,,,,7.0
B08Z7ZL5D6,769.0,,,,769.0
B08Z81WDY6,,,,,45.0
B08Z82Y9RZ,27.0,,,,
B08Z8D3JMB,,,,,67.0
B08Z8DC9LC,,,15.0,,
B08Z8DCZJ9,67.0,,,,
B08Z8KKN5Z,13.0,,,,
B08ZBHKR8R,,,216.0,,216.0
B08ZBKWDGQ,,,,,215.0
B08ZBRD5TD,,,,,410.0
B08ZC56YDY,75.0,,,75.0,75.0
B08ZC7G363,1.0,,,,
B08ZC87H1L,,,,,47.0
B08ZCBK84L,130.0,,,,
B08ZCCXWZX,,22.0,,,
B08ZCDLJGS,,,,25.0,
B08ZCJW2YM,,,,,1040.0
B08ZCKYPG1,,,,146.0,
B08ZCRWR6R,,136.0,,,136.0
B08ZCZXKRS,,,,,119.0
B08ZD5V6MZ,,,,,201.0
B08ZDHWM1J,29.0,,,,
B08ZDMDHJS,,,,24.0,
B08ZDMZ3DF,,,14.0,,14.0
B08ZDN35ZG,,40.0,,,
B08ZDNNPF1,,,,,24.0
B08ZDVD2NP,,,,,253.0
B08ZGBBR2D,79.0,,,,79.0
B08ZGPYBWG,,,,,314.0
B08ZHB9Z27,49.0,,,,
B08ZHN86F3,,,,,30.0
B08ZHR8MYW,187.0,,,187.0,187.0
B08ZHSV9YR,,,,,15.0
B08ZHV8BLF,,515.0,,,
B08ZHWR55F,9833.0,9833.0,,9833.0,9833.0
B08ZHWVH19,,,2152.0,,2152.0
B08ZHWZR3T,,,,1059.0,1059.0
B08ZHX6RNL,,515.0,,515.0,515.0
B08ZHZTKDL,,,16.0,16.0,16.0
B08ZJ1K38P,,,,,2.0
B08ZJ5WF86,,,,,20.0
B08ZJ8N7JK,50.0,,,,
B08ZJ8TDHC,515.0,515.0,,,515.0
B08ZJ9JG4L,,,,,384.0
B08ZJNZQZD,,,4447.0,,4447.0
B08ZJQNZMS,454.0,,,,
B08ZKCY1GM,5.0,,,,
B08ZKP27HY,451.0,,,,451.0
B08ZKQX9KB,69.0,,,,
B08ZKR6THQ,,,14.0,,
B08ZKSP95K,,,,,35.0
B08ZL242P4,,,,50.0,50.0
B08ZL65YCD,,2094.0,,2094.0,2094.0
B08ZL7J9J9,,,2094.0,,2094.0
B08ZLM29G2,30.0,,,,
B08ZLNLZR7,,,,,700.0
B08ZLQDBNP,,,,,164.0
B08ZLYJBLN,,,,428.0,428.0
B08ZMB5L3S,,,,,107.0
B08ZMK1HRM,,,,,6.0
B08ZMKNRJC,,,,,180.0
B08ZMMW8LJ,,,,,76.0
B08ZMNB5MK,1379.0,,,1379.0,1379.0
B08ZMNFLRV,,,,,212.0
B08ZMPNW5Y,132.0,,132.0,,132.0
B08ZMRF361,,,,,254.0
B08ZMRZCJK,,,,,212.0
B08ZMSMW75,,,,,254.0
B08ZMXG235,,,,71.0,71.0
B08ZN2JNPY,3590.0,3590.0,3590.0,3590.0,3590.0
B08ZN3DNZ2,,,,,71.0
B08ZNB8XXZ,,13.0,,,
B08ZNFBHYV,,156.0,,,156.0
B08ZNFSKJC,,98.0,98.0,,98.0
B08ZRQXCG7,5.0,,,,
B08ZS2YFXF,,,245.0,,245.0
B08ZS73FFV,,,589.0,589.0,
B08ZS9LYMM,331.0,,,331.0,331.0
B08ZSFRVPT,697.0,697.0,697.0,,697.0
B08ZSS7K3L,,,9.0,,
B08ZT23Y3S,,,,271.0,271.0
B08ZTWZ4GL,,,,,25.0
B08ZVJ4X59,,,,,40.0
B08ZXDLTFJ,,,,,127.0
B08ZXGT13S,,,109.0,,
B08ZXH37RB,769.0,,769.0,,769.0
B08ZXPLG28,,8.0,,,
B08ZXPNFYP,,,,,13.0
B08ZXRBGDC,,,,,49.0
B08ZXSDXP3,,,18.0,,
B08ZXT2K45,,,,,182.0
B08ZXZHXX6,86.0,86.0,,,86.0
B08ZY116G6,,82.0,,,82.0
B08ZY414Q9,,,,,4.0
B08ZY4FLZG,,109.0,,,
B08ZY4V2QJ,,18.0,,,
B08ZYNXXJH,,,,,19.0
B08ZYP5KNZ,,,,,36.0
B08ZYQ5ZV1,88.0,,,,88.0
B08ZYQXXQF,18.0,,,,
B08ZYSCRC4,62.0,,,,
B08ZYZF9GV,11.0,,,,
B0911X2ZP2,12.0,,,,
B09123GXMN,,,,,80.0
B09123PDLV,,,,72.0,
B09124QX6F,,,,,60.0
B09125VDZ8,943.0,943.0,943.0,,943.0
B09126QZSZ,,,,,182.0
B0912CBK3N,,,,,72.0
B0912FBXMW,,,198.0,198.0,
B0912FN7Q5,,,,72.0,
B0912LLR1N,,,,,85.0
B0912MMH3N,,,,,198.0
B0912N7S8M,,,,,199.0
B0912WKJ7C,,,,1.0,
B09135GVKJ,,,,3.0,
B09137Q9HV,,,,,72.0
B09138NF9R,18.0,,,,
B09139ML9Q,,,,,2.0
B0914K832X,,,,,895.0
B0914SQP3H,,,,200.0,
B0914SS8XT,,,,85.0,
B0914V38RT,,,221.0,,221.0
B0914VZCL6,,84.0,,84.0,84.0
B0914XTLQ2,,,,40.0,
B0914Y51MF,,,,,41.0
B09151FJV7,751.0,,751.0,751.0,751.0
B09152KFBL,,,,,6.0
B091552969,,,,,2617.0
B09159BC2H,,,,,84.0
B0915DSMJY,,28.0,,,
B0915FFTS7,697.0,,,,697.0
B0915GFKKQ,,,,,1857.0
B0915J6R28,,,,36.0,
B0915JMHWT,,,,,11.0
B0915KB63S,,,,,50.0
B0915LNNL8,,,,96.0,96.0
B0915V41QQ,,,,,50.0
B0915VMXHZ,,,20.0,,
B0915W4VV5,249.0,249.0,,,249.0
B0915W979B,,,,,65.0
B0915WZTB8,,,,,916.0
B0915XMVZ2,,,,,916.0
B091613QHD,,,,,916.0
B0916255KF,124.0,,,,
B09162XHMG,,,347.0,,
B09168LN7F,,,347.0,,
B09169YK5G,,,345.0,,
B0916VDMRX,,,,,1343.0
B0916VZP4J,,,,4.0,
B0916WRVFG,,,,,16.0
B0916XN1GF,,,,,101.0
B09175N825,272.0,,,272.0,272.0
B09176N35D,,,13.0,,
B0917BVJDN,,,18.0,,18.0
B0917DHMLJ,,,,6.0,
B0917JCMVW,,,,,18.0
B0917JLGF5,,,48.0,,
B0917LKLNN,,,245.0,,245.0
B0917SGCBR,,80.0,,,80.0
B0918973JN,,,,,119.0
B0918D8T3B,,,,,234.0
B0918GQY74,,,,103.0,103.0
B0918H4NVF,2.0,,,,
B0918HG1R6,,,,,224.0
B0918XG8CY,,,,13.0,
B091915BL3,,,,80.0,
B0919169BL,,,,,12.0
B09194KJTH,,,,,23.0
B09195MQ1D,,,,622.0,
B091979WLS,1467.0,,1467.0,1467.0,1467.0
B0919BS82T,,,,,27.0
B0919DMMRB,2.0,,,,2.0
B0919GG49D,,,,34.0,34.0
B0919R7QD3,35.0,,,,35.0
B0919T28RD,,,,35.0,
B0919TH9Z5,,,,,7.0
B0919VHNRW,,,,54.0,
B0919XVKYV,,,,,54.0
B0919ZPN17,17.0,,,,
B0919ZTPFB,,,,,364.0
B091B1J8G5,,,692.0,692.0,692.0
B091B28X2V,,,,,105.0
B091B4DL6C,,,,,7.0
B091B5YP1K,,,,,33.0
B091BJ74T1,770.0,,,770.0,770.0
B091BJKQX5,,770.0,,770.0,770.0
B091BSPMBZ,,,,,471.0
B091BVRS57,471.0,,,471.0,471.0
B091C4K8LS,,,60.0,,
B091CB1BTP,,79.0,,,
B091CD7LTT,,6.0,,,
B091CF37F5,77.0,,,,
B091CF6S1J,,,,,29.0
B091CFRWVY,6.0,,,,
B091CFS6WK,,,,,89.0
B091CFXDYH,8.0,,,,
B091CHBLD2,,,38.0,,
B091CPM7VF,,,,,647.0
B091CQP83M,,,,,2287.0
B091CS1KQ9,,,,,2287.0
B091D3M3MQ,,,,,6.0
B091DH6C6X,,,,92.0,
B091DKR98K,,39.0,,,
B091DNKN1W,,,,,121.0
B091DSNDYW,,96.0,,96.0,96.0
B091F5MSRC,,,,,31.0
B091F6678J,,,,,99.0
B091F6BTLS,,,,,346.0
B091F6Z5WQ,,,,10.0,
B091F721V6,,,,56.0,56.0
B091F7BHXJ,,,41.0,,41.0
B091F7MSNW,549.0,549.0,549.0,549.0,549.0
B091F7N9MX,,,,,21.0
B091F8CB69,67.0,,,,
B091F94G6X,,397.0,,,
B091F9MLSD,,,,,397.0
B091FB11FH,,,,,397.0
B091FBW4BR,,107.0,,,
B091FD8P86,,,,,107.0
B091FMX9DH,,212.0,,212.0,212.0
B091FTKRTC,,,142.0,,142.0
B091G9472V,,,,175.0,175.0
B091GG4KJ5,,,116.0,,116.0
B091GH557R,626.0,,,,626.0
B091GHT4RD,77.0,,77.0,77.0,
B091GJM3SD,,,,,626.0
B091GNKKFD,59.0,,,,59.0
B091GS3KHF,,28.0,28.0,,28.0
B091GVF9KQ,,49.0,49.0,49.0,49.0
B091GVZKQ6,,,19.0,,
B091GYCRKY,90.0,,,,90.0
B091H1VJTC,,,,68.0,68.0
B091HVTLXB,,,20.0,,
B091HXVLNX,,,,,14.0
B091J29JZ9,422.0,,,422.0,422.0
B091JHMT9F,,,,,4.0
B091JW79DG,14.0,,,,14.0
B091K297TS,21.0,,,,
B091K4LJGQ,39.0,,,,
B091K54N8P,,,,,50.0
B091K62SL3,,,,39.0,
B091KC8GY7,,,,,24.0
B091KJM588,,,2.0,,
B091KQQ1C4,,,,,554.0
B091KSYDNW,,188.0,,188.0,188.0
B091KV22P3,,,,,18.0
B091L4JTS3,,,48.0,,48.0
B091L4NHP4,,,,,2.0
B091MQ6477,,,,,15.0
B091MZRLKB,,,,,266.0
B091N29FQG,,,,,87.0
B091N96X3W,,,,,73.0
B091NDY9VL,,,110.0,110.0,110.0
B091P3WXNS,,,,,30.0
B091PLQP1F,,39.0,,,
B091PM36RL,,,,,29.0
B091PM879F,,,,,14.0
B091PVTV97,,,20.0,,
B091Q27MD6,,,,,175.0
B091Q27QQN,,,,,136.0
B091Q67BL3,,,,4.0,
B091Q8F5Z2,92.0,,92.0,,92.0
B091QBC347,57.0,,,,57.0
B091SJH735,,,223.0,223.0,223.0
B091SLLW4R,1857.0,,,,1857.0
B091SNTX14,,,,,15.0
B091SRPYN4,,,,,106.0
B091TJ3ZK1,82.0,,82.0,,
B091TN4TQX,,,,,73.0
B091TQR4HW,,,57.0,,
B091TWCLBG,,,74.0,74.0,74.0
B091WYKW2V,,,,,95.0
B091XWTVMZ,,,,225.0,225.0
B091XZ7M1B,22.0,,,,
B091Y22YJP,,,12.0,,
B091Y2QL6P,,,55.0,,55.0
B091Y36QDP,,9.0,,,
B091Y3B8DF,98.0,,,,98.0
B091Y43D6F,,,15.0,,
B091Y4BG83,,169.0,,169.0,169.0
B091Y61916,,,,,120.0
B091Y79DD6,,,23.0,,23.0
B091YJYDN2,,,,,16.0
B091YKGS17,,,,,27.0
B091YLZGF8,,,,,44.0
B091YVDFJW,,,7.0,,
B091YZQRQL,,,455.0,455.0,455.0
B091Z3LF8P,,,,,12.0
B091Z7ZKX9,,3.0,,,
B091ZD4TYN,31.0,,,,
B0921CB4C3,,,,,16.0
B0921JNP91,1422.0,,1422.0,,1422.0
B0921KHYDM,,,,7.0,
B0921MXKV9,,,,,1423.0
B0921SZ1SM,1426.0,1426.0,,,1426.0
B09225FC1Z,,,1412.0,,1412.0
B09227FGW9,,,1423.0,,1423.0
B09228YZS6,254.0,,,,
B09229SKD9,,7.0,,,
B0922BNQRX,97.0,97.0,,,
B0922FWNCX,,,,,10.0
B0922GHV4M,,,,,7.0
B0922J745F,,,,,113.0
B0922JBH63,,,,,633.0
B0922KZF9K,,,,,633.0
B0922M1KCN,,,,,633.0
B0922Q6PG9,,,,478.0,
B0922QHPWT,,,,,21.0
B0922SH8Q2,,,,,29.0
B0922VFVGK,,,,29.0,
B09233FWMJ,,,,23.0,
B09233NGPQ,,,,51.0,51.0
B092341YT5,,,,,1.0
B0923G3R1T,,,,,39.0
B0923HGHZD,7.0,,,,
B0923V342K,,,,16.0,
B0923WTCFB,,,,,5.0
B09245JY9S,,25.0,,,25.0
B092473T7Y,,,,,65.0
B0924CN454,,,561.0,,
B0924DCS3V,,,,40.0,
B0924KTFXN,,,,8.0,
B0924NGVWZ,,,,,80.0
B0924VNBPL,,,254.0,,254.0
B0924W6HCQ,254.0,,254.0,,
B0924Y5BW3,196.0,,,,196.0
B0925MMWNZ,,,11.0,11.0,
B0925NB3J2,,,44.0,,44.0
B0925QVTCR,,44.0,,,44.0
B0925R3MCV,,,56.0,,56.0
B09263RKGJ,,,,13.0,13.0
B0926BKZTL,,266.0,,,266.0
B0926YQP5H,,,,,30.0
B0927165GG,1.0,,,,
B09277XGST,,,,,1034.0
B0927Z53F9,,,,,89.0
B092813MRD,,,,,454.0
B09281F3S9,454.0,,,454.0,
B092825VKD,,,,,454.0
B09283DQZB,,173.0,173.0,,
B092846BH5,,,,,173.0
B09284V679,,,,,173.0
B092852LRJ,,,,,54.0
B09288N1YB,,660.0,,,660.0
B0928J1JMJ,,,,,63.0
B0928T4BSC,,,,,27.0
B0928YW6JV,,,,418.0,418.0
B09295V9RW,740.0,,,,
B092961M1C,178.0,,,,
B09298ZZ8T,,,,,738.0
B09299WQQF,,,,,738.0
B0929B17N1,,,,,738.0
B0929B324H,,,,,738.0
B0929B3LFS,,,,,738.0
B0929BVSPN,738.0,,738.0,738.0,738.0
B0929BXD4K,,738.0,,,738.0
B0929C8HV1,,,,,47.0
B0929CZJ8D,,,,,29.0
B0929FBZF4,,,,,20.0
B0929GL8XY,,,,,29.0
B0929H5HGG,,,,,143.0
B0929HV9YG,,,,142.0,
B0929HX4P8,,,,,142.0
B0929KGS7V,,,,,143.0
B092CF1PFT,,,,,43.0
B092CHL5MC,,,,20.0,
B092CHPYCT,,,,48.0,
B092CWL2SX,,,48.0,,
B092D2M2QV,,,,,18.0
B092D2MK1L,,,,,7.0
B092D2P5JP,,,,13.0,
B092D3QFWL,,740.0,,,740.0
B092D4GGDW,,,,,740.0
B092D4LDHK,248.0,,,,
B092D516PF,,,,248.0,248.0
B092D52X5F,,,,,248.0
B092D5N2HD,145.0,,,,145.0
B092D5VKNF,,,,,115.0
B092D6NJ2Q,,302.0,302.0,302.0,302.0
B092D73DQB,145.0,,,,145.0
B092D7RB2P,13.0,,,,
B092DBL7FN,,,,2.0,
B092DCKNKD,,,,,51.0
B092DDMZQZ,,,,10.0,
B092DFJ4HF,367.0,,,367.0,
B092DK47ZS,809.0,,,809.0,809.0
B092DKMTPM,,,10.0,,
B092DKYRHF,,,,,15.0
B092DLHGS4,,,,1.0,
B092FQ1HK9,,,,,23.0
B092GYTKW3,36.0,,,,
B092H59YPY,68.0,68.0,68.0,68.0,68.0
B092HHPHNW,129.0,,,,
B092HK5Q86,5.0,,,,
B092HQJWCD,,,,,129.0
B092HQR6P6,,,,,6.0
B092HW85SY,,72.0,,,
B092HZ7C1L,,,12.0,,
B092J2FN8B,,,,,23.0
B092J3LMPV,22.0,,,,22.0
B092J43BQP,,,9.0,,
B092J6VT76,1.0,,,,
B092J8DHG7,,,,,90.0
B092J912ZV,,,,15.0,15.0
B092J9X6CS,105.0,,,105.0,105.0
B092JJ7RZX,352.0,,352.0,352.0,
B092JM82MG,,,,,68.0
B092JPJ6F3,68.0,,,,
B092L7PYRR,,,,,48.0
B092LCDD6Z,,,,10.0,
B092LLYC6M,,,,,2.0
B092LNXLXV,,,,,65.0
B092LT3Z1Q,,68.0,,,68.0
B092LT67DH,,,,,12.0
B092LTZCLB,,,42.0,,42.0
B092LX9V68,,,,,57.0
B092M1Q6MJ,,,,,965.0
B092M8FDFH,,,,,311.0
B092M9HWS2,,,,114.0,
B092MBXJT1,200.0,,,,200.0
B092MGBJM2,,,,,86.0
B092MHH79X,,,,,10.0
B092MHPL5H,,,4.0,,
B092MJHMZN,,,,,55.0
B092MRH5J4,120.0,,,,120.0
B092PDXT9P,,,,23.0,
B092PLFHGP,,,,92.0,92.0
B092PRW9PH,,,,,53.0
B092PXR9QW,,,,,25.0
B092PY9537,,,,,23.0
B092Q2CGBZ,93.0,93.0,,,93.0
B092Q4B4XP,,,,,6.0
B092Q6D2QH,84.0,,,,84.0
B092QGKFLZ,,,,,15.0
B092QP2Q22,,,,36.0,
B092QTDW5Y,,,,,3.0
B092QWF24R,129.0,,,,
B092R3VWVR,,,,,4.0
B092RMST2Z,,,,,32.0
B092RXLNMJ,,,,,740.0
B092S13BLJ,,,,,3.0
B092SD2HWF,,,,106.0,
B092T8QL1B,,,,,1.0
B092TC5B1L,806.0,806.0,806.0,,806.0
B092TCF5K5,,121.0,,121.0,
B092TCNM1F,,,121.0,,
B092TCYDN8,,,806.0,806.0,806.0
B092TMJ352,,,,82.0,82.0
B092TN65G6,,,,17.0,
B092TYKMRC,262.0,,,,262.0
B092V6BY9Z,77.0,77.0,,,
B092VCHCS4,,,,228.0,228.0
B092VF4WJJ,,,,,1.0
B092VHB371,35.0,,,,35.0
B092VJMY37,,,,,949.0
B092VKXGXX,949.0,,949.0,949.0,949.0
B092VLQQWG,,,,,66.0
B092VM18HD,,,,,740.0
B092VM5JVP,,,,,48.0
B092VNCH1F,,,,,98.0
B092VNL32F,,,,,740.0
B092VQWD6K,,,16.0,,
B092VRW7CH,,,,19.0,
B092VYH3C4,,,,,54.0
B092VYJYQF,134.0,,,,134.0
B092VZNJLS,1.0,,,,
B092W3CH16,,,,,33.0
B092YHX3YP,,2192.0,,,2192.0
B092YQK73Z,,,37.0,,37.0
B092YV5W2Z,,,,,28.0
B092YX488C,,,,12.0,
B092YXQJJR,,,,,2192.0
B092Z2S3TF,,,,,692.0
B092Z6V1QR,42.0,,,42.0,
B092Z792CT,,,,44.0,44.0
B092ZG1TRM,,,,,157.0
B092ZHFLWK,,,6.0,,
B092ZMWD99,,,,,21.0
B092ZNPSMS,,,,,42.0
B092ZNZBXS,,,,,6.0
B092ZZ642P,,59.0,59.0,59.0,59.0
B09311NXPM,,,61.0,61.0,61.0
B0931771M7,91.0,,,,
B093187PZM,,249.0,,,
B09318FQMS,,91.0,,91.0,
B09319MS6F,,,,,249.0
B09325P5XW,,,,,130.0
B0932F4C2K,361.0,,,,361.0
B0932KT5WB,,,,,20.0
B0932M9RXV,,,,90.0,90.0
B0932X5MXN,,,,,80.0
B0932Y5SZP,473.0,,,473.0,
B0932YYJ9Y,,473.0,,,
B0932ZZP5X,,,,,646.0
B093323XPH,,,16.0,,
B093625RLQ,,,,,1042.0
B09364DN2F,,,,114.0,
B093667K25,,,,,6.0
B0936DLR2J,,234.0,,,
B0936GN2BL,,,,,8.0
B0936HT4H2,,,,919.0,919.0
B0936M8H6V,18.0,,,,
B0936MF9VR,,69.0,,,69.0
B0936MX5WM,1224.0,,1224.0,1224.0,1224.0
B0936PDJ85,,,,,919.0
B0936V8DZ5,,,,,38.0
B0936V9P5X,,,50.0,,
B0936ZV8CM,,,,,547.0
B09377RKQX,570.0,570.0,570.0,570.0,570.0
B0937C7RSS,,,,,6.0
B0937J71HK,,,,20.0,
B0937KK6QS,,,,59.0,
B0937LG9ZV,,,,,11.0
B093BF83T5,25.0,,,,
B093BN3RTY,42.0,,,,
B093BNVPTK,63.0,,,,
B093BPDZZD,,,,1028.0,
B093BYS85Y,,,,132.0,132.0
B093C1FJMS,68.0,,,,68.0
B093C5P7Y3,,,,4.0,
B093CJ553C,,,,156.0,156.0
B093CKL5TT,,,,12.0,
B093CPSJR3,,,,,3.0
B093CWWTW8,,598.0,,,
B093D2CQMW,,,,,38.0
B093D3TS7K,,313.0,,,313.0
B093D4HGT7,,,,1212.0,1212.0
B093D5HL2V,1212.0,,1212.0,,1212.0
B093D8BP8M,,,,,163.0
B093D8GYBY,206.0,206.0,206.0,,
B093D977ML,,,,,84.0
B093D9VB4Y,,,,,84.0
B093DCG1WZ,,,,,44.0
B093DDQZ4Y,1.0,,,,
B093DDXNM7,,,,,44.0
B093DGMRX8,,,,,18.0
B093DJLH75,,37.0,,37.0,
B093DKN1HS,,,8.0,,
B093F6RB2G,,,112.0,112.0,112.0
B093F9WKRN,16.0,,,,
B093FDZQHG,60.0,,,,60.0
B093FF8M8N,380.0,,,,380.0
B093FG6D4C,,,,,45.0
B093FGXB63,,,244.0,,244.0
B093FHYJNB,,,68.0,,68.0
B093FJ43CM,,,,,56.0
B093FJJV6D,,,,,2.0
B093FJMP6M,,1392.0,,,1392.0
B093FL28YJ,99.0,,,,
B093FMY8H5,,,,,346.0
B093FPBZSP,,,,,460.0
B093FPJ2DX,,27.0,,,
B093FPXSTS,,,460.0,,460.0
B093FQ9BB1,,,,,346.0
B093FQB8LS,,,,,367.0
B093FQC81Z,460.0,,,,460.0
B093FRLWXH,78.0,,,78.0,78.0
B093FRQ8W1,,,,,111.0
B093FSPDGM,,495.0,,495.0,
B093G5PL37,,,,,68.0
B093GBNHCV,,,,,2.0
B093GD5XF1,,,,,85.0
B093GFMXPQ,,,51.0,,51.0
B093GQWRDQ,,,16.0,,
B093GR7XH9,,,,,48.0
B093GRGZFS,,,,,48.0
B093GRNH1S,,,884.0,,
B093GRQCQ3,,,,105.0,105.0
B093GSK3ZW,,,,,850.0
B093GV11TP,,,,,854.0
B093GV3T85,,,193.0,,
B093GZGG15,,,,,126.0
B093HDQ1XH,884.0,,,884.0,884.0
B093HFLD4X,884.0,,884.0,884.0,884.0
B093KKJJK1,,,228.0,,
B093KYCN48,,,,,96.0
B093KYP4JK,,,,,22.0
B093KZ61Y1,,,,33.0,33.0
B093L1ZPSB,,,,,37.0
B093L3HQ2S,,,,,68.0
B093L6V7J3,89.0,,,,
B093LBHBW3,,,,,18.0
B093LD6PRC,,,,,20.0
B093LM7MQH,,,8.0,,
B093LTTKFG,,,,,12.0
B093P2X41D,,,,,66.0
B093P6416V,326.0,,,,
B093PBL7X4,9.0,,,,
B093PCJ6TG,,,,,29.0
B093PKQPYZ,,,,529.0,529.0
B093PR3611,,,,,16.0
B093PRP4JV,6.0,,,,
B093Q1S5JN,,,112.0,,
B093QDLRZ7,,,,,38.0
B093R5TD6P,,,,,4.0
B093RJ839K,551.0,,551.0,,551.0
B093RR4W6T,,,,,27.0
B093S81LSC,,,,,1.0
B093S8K7V1,,,3.0,,
B093SJ34QP,,55.0,,,55.0
B093SN4PN5,10.0,,,10.0,
B093SS3BD8,,,,,107.0
B093SVBCZV,,,,,2.0
B093T1NRK7,1235.0,,,1235.0,
B093T2TGHP,68.0,68.0,,,
B093T33M47,,,,,1235.0
B093T51KR1,68.0,,,,68.0
B093TBQWBG,,,,,6.0
B093TC7RGK,36.0,,,,
B093TD32JD,,,,261.0,261.0
B093V6MG2J,546.0,,546.0,546.0,546.0
B093VMJ2BQ,,,,,63.0
B093VRGS1G,,,,7.0,
B093W8G6L4,,,,,3.0
B093WCWGZW,922.0,922.0,922.0,922.0,922.0
B093WD4F3M,,98.0,98.0,,98.0
B093WHVXCL,,,,72.0,
B093WN2K5J,858.0,,,,
B093WW19SJ,,,,,43.0
B093XNXVT6,,82.0,,,
B093XZ7LQX,,,,,14.0
B093Y119MT,,,,,152.0
B093Y1R9S3,,,,,152.0
B093Y26MC6,,,,152.0,
B093Y63ZMT,,,,,152.0
B093Y7KZ5W,,,,152.0,
B093YD97KJ,156.0,,,156.0,156.0
B093ZS1RSR,,,17.0,,
B094129NH7,,,,190.0,190.0
B094149JQL,,,3.0,,
B0942LYDFH,,,,10.0,
B0946J2DBD,,,122.0,,
B0946KR8LD,,,122.0,,
B0946M32LB,,,,,225.0
B0946Q7GV8,,,,,220.0
B0946QZ717,,,,,220.0
B0946YJS25,3.0,,,,
B09474MW4R,,19.0,,,
B0947FYVJT,,,,,94.0
B0947J8TJW,309.0,,,,309.0
B0947JQVJZ,,,,5206.0,5206.0
B0947LFNGB,,,,,1601.0
B0947LNSV1,,,,,1601.0
B09486N42C,,,,,1601.0
B0948BNGLJ,1601.0,1601.0,,,1601.0
B0948GV4Y3,,,,,1601.0
B0948QCG42,,,,1656.0,1656.0
B0948VM7WB,,,,,16.0
B0948VQMGJ,,,,,1601.0
B0948YVY7Q,122.0,,,122.0,122.0
B0948ZM7BM,,,,24.0,24.0
B094913LMZ,163.0,,,,163.0
B0949DT1YN,,,8.0,,
B0949H38S1,,,,,46.0
B0949HHP4J,,,,,358.0
B0949HT9SK,1772.0,1772.0,1772.0,1772.0,1772.0
B0949JWNZ2,,,22.0,,
B0949L4GKP,,,,163.0,
B0949MHGVM,,,302.0,302.0,302.0
B094BYJYQ6,,,,,85.0
B094C1R9XP,,,,,415.0
B094C4XDGT,,,,10.0,
B094C5T4F5,1129.0,,1129.0,1129.0,1129.0
B094C6TVPN,,,,,11.0
B094C9BLY6,,,,,5.0
B094CDQFMF,,,,,10.0
B094CPLNGD,,,399.0,,399.0
B094D5KDNC,,,,,20.0
B094D7KJDV,,21.0,,,21.0
B094D82MW5,,,,,41.0
B094D8JMJR,7736.0,,,,7736.0
B094D97CHZ,,,,35.0,
B094DB63FR,156.0,156.0,,,
B094DCDY6W,,,,,32.0
B094DCVPFF,,,,,12.0
B094DFSF4K,,,,,7.0
B094DRDC6P,,,,,18.0
B094DS8NGY,484.0,,484.0,484.0,484.0
B094DY9NHL,,,,,484.0
B094F4ZDCT,,1080.0,1080.0,1080.0,1080.0
B094F73QHV,,,,,573.0
B094F8CP5T,,,10.0,10.0,
B094F944BF,,,10.0,,
B094FB422B,,,,,120.0
B094FBM4LN,,3.0,3.0,,
B094FJQ5DK,5.0,,,,
B094FL27CT,302.0,,302.0,,302.0
B094FP4HKX,21.0,,,,
B094FQFW3V,,,,,302.0
B094FT9RHD,,,,,2.0
B094FWWSFJ,,174.0,174.0,174.0,174.0
B094FY75NM,133.0,,,,
B094FYXL6R,174.0,174.0,174.0,,174.0
B094G26MMT,174.0,,,,
B094G55W74,,133.0,,,133.0
B094G8YD8Y,,10.0,,,
B094GKT7H4,,,,55.0,55.0
B094GMTFHV,,,,,55.0
B094GQPK8Q,,,,,59.0
B094GRF1DS,,,,187.0,187.0
B094GRZV67,,,,,57.0
B094GTF9DM,179.0,,,,179.0
B094H3RXT6,6.0,,,,
B094H8BPQ2,,,,,29.0
B094HPGYHF,,,,9.0,
B094HPWTGL,,,70.0,,70.0
B094HPX7PJ,89.0,,,,89.0
B094HT19B4,,,,,23.0
B094HVQ5T6,,,,10.0,
B094HX2CVT,,,,,20.0
B094J17PQS,,,58.0,,
B094J2Z1XF,,,,97.0,97.0
B094J3YBV6,,,,,3.0
B094J7HFL9,,,,261.0,
B094JH57RC,69.0,69.0,,,69.0
B094JM8134,,,,,32.0
B094JP41TJ,,,,24.0,
B094JWGQ1X,,,,,144.0
B094MSTCBX,,,,,22.0
B094MX679R,,41.0,,,
B094MXT34F,629.0,,629.0,629.0,629.0
B094N5RQMB,58.0,58.0,,,58.0
B094N6S9QG,,,,,24.0
B094N7G4PB,33.0,,,,33.0
B094N7H24V,,,,,46.0
B094NCLVDS,982.0,982.0,,982.0,982.0
B094NFDN4F,,,,,24.0
B094NFKMN1,,,,,24.0
B094NH15RT,22.0,,,,
B094NHQKKD,,2.0,,,
B094NJ7X6Q,,,,2.0,
B094NKNCS3,,,64.0,,
B094PQVPWQ,,,,10.0,
B094PV4BT8,44.0,,,,
B094PWTMLY,,,,8.0,
B094PYTV3J,,,,,23.0
B094Q2LP17,18.0,,,,
B094Q4D53R,515.0,515.0,515.0,515.0,515.0
B094Q8PRKR,,,,80.0,80.0
B094QF72SS,,57.0,57.0,,57.0
B094QHZGFG,,,,,109.0
B094QK6B8J,109.0,,,,
B094QKJSC2,,,60.0,,
B094QLMRBK,,,,,109.0
B094QMN8GR,,,109.0,,
B094QPTNWK,,,,42.0,
B094QQJR8K,137.0,,,,137.0
B094QWVCYD,,,,,48.0
B094QY78PX,,,,,11.0
B094R1PTQV,,,,,4.0
B094R43WCN,9.0,,,,
B094R4WY3Q,,,1.0,,
B094R9457J,120.0,,,120.0,
B094RG8PY8,34.0,,,,
B094TYQ6Y7,515.0,,515.0,,515.0
B094V51FTL,174.0,174.0,174.0,174.0,174.0
B094V6PYRX,,,,113.0,113.0
B094VCHSZB,,,,43.0,
B094VG9LKR,30.0,,,,
B094VWP7NN,,,,,150.0
B094VWSZBX,,,,,67.0
B094VWTR23,,,,,3.0
B094VWWZ5T,,,,,77.0
B094VX2MLN,14.0,,,,
B094VX6R5Q,46.0,,,,
B094W23TJ7,,,144.0,,
B094W2TTSY,,,,,144.0
B094W3MM8F,,,,,16.0
B094W5SNGM,,,,194.0,194.0
B094W85JJJ,,,,17.0,
B094XHG4ZV,,,,1.0,
B094XTHBH6,8.0,,,,
B094XWK958,,15.0,,,15.0
B094XX2CP9,236.0,,,,
B094XXDX8P,,,9.0,,
B094XYFF5Y,,,,83.0,83.0
B094XYWGRH,,,,,10.0
B094Y6CBHK,42.0,,,,
B094Y7PX7Q,,,,,19764.0
B094Y7QJ3D,116.0,,,,116.0
B094YB229C,,,80.0,,80.0
B094YK12H8,,,,,99.0
B094Z54L4Y,89.0,,,89.0,89.0
B094ZCYNX4,,,,449.0,449.0
B094ZQYSST,236.0,236.0,236.0,236.0,236.0
B094ZRQQS5,,16.0,,,
B0951YCRKV,,,,38.0,
B0952N12QN,,,,,7.0
B0952RYW69,,15.0,,,
B095373QJN,,,,,678.0
B0953BBDT4,678.0,,678.0,678.0,678.0
B0953C5GP4,286.0,,286.0,286.0,286.0
B0953DSQ2T,,,,,4.0
B0953FDLZF,,,,,9.0
B0953GWYD7,,,,,51.0
B0953W844W,,,,,8.0
B0953XDQC4,,,,,38.0
B09543VFBK,,,,3.0,
B0956VLKMS,,,,,548.0
B0956W57K7,,,,,245.0
B09576WSNK,,,,,9.0
B09578TPPW,6.0,,,,
B0957DT6VC,,406.0,,406.0,406.0
B0957H6QKH,,,,,5.0
B0957H9J4Z,,,,,70.0
B0957HTK3N,,,,,158.0
B0957J75J8,,,,,25.0
B0957KG7GN,23.0,,,,
B095B9JBT4,,179.0,,,
B095BRHZL9,2.0,,,,
B095BRKX8B,179.0,,179.0,179.0,179.0
B095BRRLWQ,,,,,1011.0
B095BSN2TK,,,55.0,,55.0
B095BVJMYY,55.0,,55.0,,55.0
B095BW2RTL,134.0,,,,134.0
B095BX2H6P,23.0,,,,
B095BX815F,243.0,,243.0,,243.0
B095C39MF5,22.0,,,,
B095C3JSK9,1011.0,,,,1011.0
B095C3WDWM,,,,,134.0
B095C5TBWD,38.0,,,,
B095CFGZL4,1388.0,1388.0,1388.0,1388.0,1388.0
B095CFPZ2N,1388.0,,1388.0,1388.0,1388.0
B095CG2K5B,,,,,1388.0
B095FSN412,,,,,4.0
B095GNVMCS,,,,,9.0
B095GSHTM8,,,,,14.0
B095GXP77D,,,1.0,,
B095GY4XYX,286.0,,,,
B095H6HX1N,,,26.0,,26.0
B095H777ML,,,8.0,,
B095HDDHQK,21.0,,,,
B095HG675R,,,,,13.0
B095HGZ6ZY,806.0,806.0,806.0,,
B095HH7998,806.0,,,,806.0
B095HJVTVY,,,,,47.0
B095HKYKJ9,45.0,,,,45.0
B095HMFZCH,,,,,94.0
B095HNSVMK,94.0,,,,
B095HQBBRJ,,,,,5.0
B095HTB76D,,,,,227.0
B095HVXFQR,,,152.0,152.0,152.0
B095JGW7DH,494.0,,,494.0,494.0
B095JHKB1R,,,,,63.0
B095JKDWMB,,,,15.0,
B095JL9QQW,185.0,,,,
B095JPB1SC,,,,,66.0
B095JQYZNJ,,,1074.0,,1074.0
B095JZ4G3Z,,,,,18.0
B095KDR6JX,8.0,,,,
B095KJQ7MS,,,,,95.0
B095L9D8TZ,,,,,6.0
B095LFN19G,1337.0,1337.0,,1337.0,1337.0
B095LNVVYN,,,,,28.0
B095LR6NXX,,,7.0,,
B095LRYVCK,4.0,,,,4.0
B095LZW8DS,61.0,,,,
B095M24T7V,,,,,1059.0
B095M294Y3,,,1164.0,1164.0,1164.0
B095M2TMWG,,,1059.0,,1059.0
B095M2YG8T,,,,,225.0
B095M3NVZZ,1164.0,,,,1164.0
B095M4K372,,,1952.0,1952.0,1952.0
B095M5KFK5,1952.0,1952.0,1952.0,1952.0,1952.0
B095M5QBF1,,,,1952.0,1952.0
B095M5Z98N,,,,1952.0,1952.0
B095MX5L4F,,,160.0,160.0,160.0
B095N7GQ98,,,7.0,,7.0
B095NLLBCM,982.0,,,,982.0
B095NR47RS,,,,58.0,58.0
B095NZ986G,,,25.0,25.0,25.0
B095P1YQ3X,,,,,263.0
B095P4DKVZ,,637.0,637.0,,637.0
B095PBW8ZJ,,,,,240.0
B095PC78T2,,,,,34.0
B095PFXWGR,126.0,,,,126.0
B095PGTPP2,,,7.0,,
B095PW23HF,,,29.0,,
B095R743ZL,,,,,83.0
B095RG557M,685.0,,,,685.0
B095RQ3G49,685.0,,685.0,,685.0
B095RWTSX4,,,,4.0,
B095S66VZW,,,,,74.0
B095S676R9,,19764.0,19764.0,19764.0,19764.0
B095S6MG8V,19764.0,19764.0,19764.0,,19764.0
B095SCDQK2,46.0,,,,
B095SCW2PT,375.0,375.0,375.0,375.0,375.0
B095SHFTF8,958.0,958.0,958.0,958.0,958.0
B095SKFQC8,367.0,,367.0,,
B095SKSWSS,,,,,480.0
B095SWB3PS,,,,,171.0
B095VLR99W,,,,,5.0
B095VRMYLB,,,,,12.0
B095VVV4FC,,,,,313.0
B095VYG3MX,30.0,,,,
B095W5PWP3,,,,,228.0
B095W92B89,55.0,,,,
B095WD9S81,,,228.0,,228.0
B095WDNWWY,,,,,195.0
B095WDVGNF,185.0,185.0,185.0,185.0,185.0
B095WNNQ7W,,,,,1.0
B095WP9SS3,,,,,65.0
B095WPDQ4P,,65.0,,,
B095WPLXVR,65.0,,,,
B095WR6RFQ,,,,,39.0
B095WX1NQ3,,,,,41.0
B095XV4KX3,,80.0,,,
B095XW12TG,,,,,80.0
B095XW1431,,,,,80.0
B095XXHZP9,,,,,542.0
B095XYHWXY,,,,,34.0
B095Y1K32X,,,,,39.0
B095Y2S4F1,,,,,5.0
B095Y3CFCK,,,,,70.0
B095Y6LST1,,,59.0,,
B095Y6MF9V,39.0,,,,
B095Y899S2,,,,,57.0
B095YF456P,,,,,12.0
B095YH3J75,,,,,68.0
B095YHLKFR,,,,,18.0
B095YJ1QG4,31.0,,,,
B095YQ1P6R,168.0,,168.0,,
B095YR7LFF,,,80.0,,
B095YT2QB3,4910.0,4910.0,4910.0,4910.0,4910.0
B095YVT3D1,,,,358.0,358.0
B0961BDJPX,,,613.0,613.0,613.0
B0962P37T5,,,,27.0,
B0962R81XR,2355.0,2355.0,2355.0,2355.0,2355.0
B0962SNPJ6,,,,,7.0
B0962WLXF5,,,,,41.0
B096344JPF,152.0,,,,152.0
B096354RJV,,,,,33.0
B09637N3JD,1276.0,1276.0,1276.0,1276.0,1276.0
B0963GS5VW,,,,2.0,
B0963HFXYM,,,,139.0,139.0
B0963HHJP9,,,,,21.0
B0963HZH6X,,,,,46.0
B0963JGT8W,,,,,46.0
B0963LZFY7,11.0,,11.0,,
B0963NTS4C,,,31.0,,
B0963QZLQK,,,,,604.0
B0963XL1C3,,,,,8.0
B0964S1YV5,,,,21.0,
B0964VFYJ3,1.0,,,,
B09656B1V4,,74.0,74.0,,74.0
B09658KV96,,,,,33.0
B09658LJHN,18.0,,,,18.0
B09658VKYD,,,,,7.0
B096599F42,,17.0,,,
B09659PZ3P,,,,33.0,
B0965FDQB6,575.0,575.0,575.0,575.0,575.0
B0966LCWPG,,,,,1357.0
B0966LX8S4,,,,,1357.0
B0966TGM35,,,18.0,,18.0
B0966VFK2W,83.0,,,,
B0966VR727,,,,211.0,
B09682J3BH,480.0,480.0,,,
B09683S76R,,,,,34.0
B096869BSV,,,,,49.0
B09686C6BM,,15.0,,,15.0
B09688M4SG,,,,,10.0
B0968VVLKC,311.0,311.0,,311.0,311.0
B09694166K,,,,,75.0
B09694BZBN,,,,,1.0
B0969FRMZL,46.0,,,,
B0969LJRYV,,,,265.0,265.0
B0969LW22T,,,,265.0,265.0
B0969NP6ST,,,,95.0,95.0
B0969P2HFT,,,,,95.0
B0969Q1F2T,,,,,107.0
B0969VCL8T,71.0,71.0,,71.0,71.0
B0969WRXDF,,,,,74.0
B0969YB7LV,,,,,15.0
B0969YFPM8,54.0,,,,54.0
B096B9SVMY,74.0,,,,
B096BGPGYN,49.0,,49.0,,
B096BH53KP,,,49.0,,
B096BH7SW5,49.0,,,,
B096BJ5S2L,,,,,46.0
B096BJX1C8,,,,445.0,
B096CRX8N7,,,,,2702.0
B096D4TWCL,,279.0,279.0,,279.0
B096DB8GH2,,,,,74.0
B096DFTS91,,,,,862.0
B096DKGJGV,,,,,158.0
B096DKYJZ1,,,,,158.0
B096DLRJ48,,,,,41.0
B096DN8Q2K,,,122.0,,122.0
B096DQF8ZB,,53.0,,,
B096DW7VNM,,,,,171.0
B096DZ2CD7,73.0,,,73.0,73.0
B096F9LJMP,,,,88.0,88.0
B096FF3DBJ,,,,,33.0
B096FGKF9K,179.0,,,179.0,179.0
B096FHLLJK,30.0,,,,
B096FJPXZF,535.0,535.0,535.0,,535.0
B096FW5K16,,,,,1.0
B096FWZTSM,,,,,115.0
B096G1TKSY,,,5.0,,5.0
B096G2RFV6,,,,,95.0
B096G7MZSJ,504.0,504.0,504.0,,504.0
B096HCPH8S,8.0,,,,
B096HKVK39,15.0,,,,
B096JQ7ZXB,,,,,6.0
B096K25K86,,,118.0,,
B096K73Y2W,56.0,,,,
B096K8KYXK,,,,218.0,
B096KDYR99,,,,,150.0
B096KFB9RS,,6.0,,,
B096KGNCBK,,,,,21.0
B096KKC5C6,,,36.0,,
B096KMLS2M,,,,,94.0
B096KN4SZH,,,,,79.0
B096M1BZ2X,,,,,5.0
B096M3MHCJ,,,,,2003.0
B096M6189X,,,,20.0,20.0
B096MB44GJ,,,,,10.0
B096MBVLQH,,,128.0,,128.0
B096MDCXWS,,128.0,,,
B096MR8SWG,,,,,198.0
B096N17VD4,,,3.0,,
B096N21BJ8,,,,,3.0
B096P1RZM8,9.0,,,,
B096PF1XM3,,,,,25.0
B096PGC9P5,,,,6.0,
B096Q6SD47,62.0,,62.0,,62.0
B096RS3TQM,,,,,542.0
B096RSXDV7,,,,,542.0
B096RW7721,7.0,,,,
B096RXDBN3,,,46.0,,
B096SHY4HK,,,,,46.0
B096SW2FZY,,,,,8.0
B096TDTJ4D,,,,42.0,
B096TGQHHW,,,,,45.0
B096TJ9HX2,,,,,45.0
B096TNBLP8,,,,,80.0
B096TQPJ3Q,,,,,125.0
B096TXNPT9,,423.0,,423.0,423.0
B096V13JKB,92.0,,,,92.0
B096V9Y8ZC,,,,,1074.0
B096VB13BP,,,,,154.0
B096VBPJ3T,,,,,1074.0
B096VD1DCF,,,,,9.0
B096VD56NS,,,251.0,,251.0
B096VF1V8Q,207.0,,207.0,,207.0
B096VFDTPX,34.0,,,,34.0
B096VGMP4K,,,,,207.0
B096VGYPCP,318.0,,,,318.0
B096VHKBKC,,,,,280.0
B096VHMSPK,,,280.0,,
B096VHVK8M,,,280.0,,280.0
B096VJ4L68,8.0,,,,
B096VK1DMZ,,194.0,,,
B096VKDCNW,121.0,,,,
B096VLB2VB,,,,29.0,
B096VN8BB3,676.0,676.0,676.0,676.0,676.0
B096VNJ7C4,,,96.0,,
B096VNJT7N,,,,,11.0
B096VWN8BP,1.0,,,,
B096W7WCH5,316.0,,,316.0,316.0
B096W891XH,,,,,135.0
B096WB9P6B,,,485.0,,485.0
B096WBM8Y4,,485.0,,,485.0
B096WC51H1,485.0,485.0,,,485.0
B096WZBXYX,,,,61.0,
B096X27L19,,,,,83.0
B096X4RJ8N,,,,396.0,396.0
B096XC3WRM,,,8.0,,
B096XCYZ8D,,,,,2.0
B096XD15L6,,,,,41.0
B096XGKLN8,,,,,4.0
B096XMB95L,3.0,3.0,,,3.0
B096XPYHBB,,,,,216.0
B096XRMJGK,,14.0,,,
B096XTWXF1,327.0,,,,327.0
B096ZBQ26W,,,,,52.0
B096ZGPFW1,,,,,247.0
B096ZH3W9Q,,29.0,,,
B096ZL4GJF,,,520.0,520.0,520.0
B096ZLZ661,,,36.0,,36.0
B096ZM255C,,,520.0,,520.0
B096ZNT3MM,,,,,492.0
B096ZR15QM,5.0,,,,
B096ZVL6XF,1317.0,1317.0,1317.0,1317.0,1317.0
B096ZWMYJQ,,,,,520.0
B09718MD5M,,,,,31.0
B0971BMR5Z,7.0,,,,
B0971DZ4XX,30.0,,,,30.0
B0971GDD4P,90.0,,,90.0,90.0
B0971GL249,,,257.0,257.0,257.0
B0971Z66GT,,,,,2.0
B097217X98,,,,,1198.0
B097259JFG,,,259.0,259.0,259.0
B09726H3DQ,,,,13.0,
B0972FB3V5,,,,,211.0
B0972GYX8Z,,,,463.0,463.0
B0972HNCF2,,,,,18.0
B0972PCNWN,8.0,,,,
B0972PD3JB,,,14.0,,
B0972SLX4F,,,2.0,,
B0972W56WB,,,,83.0,83.0
B09736MGR1,,,22.0,,
B0973J27RD,,,,,190.0
B09745Y6XS,,,,166.0,166.0
B0974GRSLX,,,,,347.0
B0974GYGHP,347.0,,,,
B0974Q4XFD,,170.0,,,170.0
B09777G4D5,,,,,73.0
B09779987S,603.0,603.0,603.0,603.0,603.0
B0977FP2FC,17.0,,,,
B0977HSB86,,,,,238.0
B0977XWF4Q,308.0,,,308.0,308.0
B0978LHH6C,,,,,25.0
B0978N7G29,,,,,4.0
B0978W36KK,9.0,,,,9.0
B0978WFWHY,,,,54.0,
B0978XC6SN,,,,,2.0
B0978XVSQ7,,,101.0,,
B0978Y8T54,,101.0,,,
B0979174BY,,,,,44.0
B0979GS2PX,1071.0,1071.0,1071.0,1071.0,1071.0
B0979KZJKV,47.0,,,,
B0979Y2WCJ,,410.0,,,410.0
B097B1Z7S3,,24.0,,,
B097B2LXPW,,,24.0,24.0,
B097B2PPW2,,,,,24.0
B097B5MGW1,,410.0,410.0,,410.0
B097B8YYJ6,,,,,5.0
B097BCDZYN,,,,81.0,81.0
B097BF29R6,,,71.0,,71.0
B097BL7J63,,,,,7.0
B097BQ7HJ5,,,,,23.0
B097BR44LS,87.0,,,,
B097BR54W1,,,,,9.0
B097BVDTDK,5.0,,,,
B097C24YNX,,,,,88.0
B097CWPPR2,,,,,5.0
B097D7CC8P,,,,,42.0
B097DBTXZF,,,229.0,,229.0
B097DGS4BW,7.0,,,,
B097DJ4PCS,,,,,54.0
B097DRLWJF,123.0,,,,
B097GJYH5D,101.0,,,,101.0
B097GMFZ2C,398.0,398.0,398.0,398.0,398.0
B097GSZLF3,,,,36.0,36.0
B097GWH48C,,,,,78.0
B097GXCV4L,25.0,,,,
B097GY776X,182.0,,,182.0,182.0
B097GZHBSP,,171.0,171.0,,171.0
B097H19MTC,171.0,171.0,,,
B097H1VYRC,,,,,171.0
B097H3Y1DJ,,176.0,,,176.0
B097H3YYL5,,,,,4.0
B097H46TJW,176.0,,,,
B097H58SHM,176.0,,,,
B097H66T29,,103.0,103.0,,
B097H9GTQZ,,,,661.0,661.0
B097HBCRRN,,,,,661.0
B097HJMHS6,,,,,22.0
B097HTQQYD,,,,,81.0
B097JPYCBP,629.0,,,629.0,
B097JZFSFQ,,,,,4.0
B097K4L88C,,232.0,,,
B097L1NNXK,16.0,,16.0,,
B097LJ37F2,19.0,,,,
B097LQP2NY,,19.0,,,
B097LR82ZB,,,,,32.0
B097M9G6KB,1.0,,,,
B097MC33ZX,28.0,,,,28.0
B097MK2QN3,19.0,,19.0,,
B097MKP344,307.0,,307.0,,307.0
B097ML4J83,,307.0,,307.0,307.0
B097MPQPK1,,392.0,,,392.0
B097MRKJZK,,,1702.0,,
B097MSY3GF,,,,1702.0,1702.0
B097MTVD9X,,,,23.0,
B097MTY5L8,,,,1702.0,
B097MV38ZW,219.0,219.0,219.0,,219.0
B097MVV46P,,,,,263.0
B097MWQ8W4,,,43.0,43.0,43.0
B097MY5RT5,23.0,23.0,,23.0,
B097MZP874,,131.0,,,131.0
B097NBYM9P,142.0,,,,142.0
B097NDVGFT,,,,,142.0
B097NG9GRN,270.0,,,,
B097NGK5BN,,,,,3.0
B097NHV7TK,270.0,,,,
B097NK54NB,270.0,270.0,,,
B097NK6442,,,,42.0,
B097NXHQDZ,,147.0,,147.0,
B097NZTG7Z,10.0,,,,
B097P1HDF3,,,10.0,,
B097P7B51M,,,,,2192.0
B097P9T1YB,,,9.0,,
B097PB6JVS,,,,,82.0
B097PBL3HX,,,,,9.0
B097PGV5FL,,,369.0,,369.0
B097PJCS9V,,,,455.0,455.0
B097PKZQY8,455.0,,,,
B097PS1L96,,,375.0,375.0,375.0
B097PSCWPW,42.0,,,,
B097PVGVX3,31.0,31.0,,,
B097Q1P2FX,,,,,43.0
B097Q4GKWK,,,,,41.0
B097Q83987,,,,,23.0
B097QKSPZC,,,,,72.0
B097QLLJ32,214.0,,214.0,,214.0
B097QM4ZH5,,,,,214.0
B097QMB2NW,,,,,6.0
B097QS135G,,41.0,,,41.0
B097QSJNY9,,22.0,,,
B097QVRBQ4,,,,58.0,58.0
B097R7MS8K,,,,,33.0
B097R93PT8,,,,,6.0
B097RDRQYC,1134.0,,1134.0,1134.0,1134.0
B097RF2GMY,1134.0,,,,1134.0
B097RF8CRH,,1134.0,,1134.0,1134.0
B097RFFDYV,,,,254.0,254.0
B097RFML47,,,,,35.0
B097RFNSF9,,,,,1134.0
B097RGN452,,,,,20.0
B097S136MC,,,225.0,,225.0
B097S1F48Q,,,,,61.0
B097S3K4NF,,,,,4.0
B097S8JN5S,,,,,135.0
B097SBKHQC,,,,4.0,
B097SNGJJG,417.0,,,417.0,417.0
B097STR4K5,,,,33.0,
B097SWPRG9,,,,,82.0
B097SY6MHM,,,,254.0,254.0
B097SYS4F6,,,,,117.0
B097T14HYB,,,,,15.0
B097T17X1S,,,44.0,44.0,
B097T1D3DP,,,,,32.0
B097T2HDL8,318.0,318.0,318.0,318.0,318.0
B097T4PRSM,,,,,3.0
B097TDV2RH,,,,,3.0
B097TPVB8Z,,,,,1.0
B097TRGHH7,,,,,2.0
B097XKFR3M,,,,,18.0
B097XSGY2H,,,,,11674.0
B097XTSYLZ,,,33.0,,
B097XZ8WDR,746.0,,746.0,,746.0
B097XZK958,,225.0,,225.0,
B097Y2Y8VW,,,17.0,,
B097Y7RDWV,,,49.0,,49.0
B097YBYYSV,,,,,111.0
B097YGH687,,,,19.0,19.0
B097YJGY5G,5438.0,5438.0,,5438.0,5438.0
B097YQK938,,2010.0,2010.0,,2010.0
B097ZBDJ4X,,147.0,147.0,,147.0
B097ZC8G5G,,,,,147.0
B097ZDW4HP,,,,13.0,
B097ZFPHMX,,,,,9.0
B097ZGKHG2,,,,,1467.0
B097ZSRR7N,497.0,,497.0,497.0,497.0
B097ZY4T37,629.0,,,,629.0
B097ZYD23W,,,214.0,,
B09813B8YW,,973.0,,,973.0
B0981CB3KN,,,,,4.0
B0981CBD2B,,,,,45.0
B0981W6NND,,,,,62.0
B09824SGFJ,50.0,,,,
B09826NKDQ,,,,57.0,
B098272DDY,80.0,,,,
B0982MKTKH,,,,,211.0
B0982NVVJK,,,,,211.0
B0982PFFTL,,,,,9.0
B0982PH9MT,,,,28.0,
B0982VF5G9,,,,26.0,26.0
B0982YKF86,,,,,60.0
B09832VZN3,,,,,17.0
B09833HPNP,829.0,,829.0,829.0,829.0
B09834C45N,,,,,33.0
B09838YR9Z,8.0,,8.0,,8.0
B09839CC7D,,,26.0,,
B0983GLZ4T,17.0,,,,17.0
B0983L48YG,3.0,,,,
B0983LYFKC,,,,,22.0
B0983NLYXX,15.0,,,,15.0
B098437Q5W,,,,241.0,241.0
B09843GGBX,,,241.0,,241.0
B09853QBMB,,,,,1601.0
B0985PRPXW,,,,,365.0
B098691B5P,,,,,365.0
B0986N7NX2,,,,,20.0
B0986NT4VW,,111.0,,,111.0
B0986TNWLN,,,,,19.0
B0986WS6PX,,,,,53.0
B0987DHNYN,,,,,8.0
B0987DTXQN,,,,,9.0
B0987HTQXW,,,,,47.0
B0987R1B4F,,,,,62.0
B098859TNT,,17.0,,,
B09888RL24,,,,,23.0
B09889J3F5,,,,62.0,62.0
B0988Q2YJJ,,,,,72.0
B0988Q6LKX,,,,25.0,
B0988RSXN5,,,,,8.0
B09891BMRP,,89.0,,,89.0
B09891JYTP,,,,,32.0
B098933Z7Y,,,89.0,,89.0
B09893HQZ8,,,,,103.0
B0989B5Z8S,,,,,327.0
B0989QK3MM,,,,11.0,11.0
B0989W922L,,,,,31.0
B0989Y3Q17,406.0,,,406.0,406.0
B098B7WLN7,,,,,54.0
B098BJK2YH,,,,,1.0
B098BM9J5R,,,,,17.0
B098BR3WGZ,19819.0,19819.0,,,
B098BT56RV,,19819.0,,,
B098BTF4KT,,,,,19819.0
B098BTY7H7,,,,19819.0,19819.0
B098C938JT,,,30.0,,
B098CC979Q,19819.0,,,,
B098D61RLY,,31.0,31.0,,
B098D853KD,,,,,37.0
B098DBTT1M,327.0,327.0,,,327.0
B098DJN3NL,,,,,647.0
B098DJT45V,,,,,28.0
B098DQWS3M,9.0,,,,
B098DV1MFS,,,,,3.0
B098DXY2VG,,,,,16.0
B098DZG37D,21.0,,,,
B098F31G57,,,,74.0,74.0
B098F4V3S5,,,,189.0,189.0
B098F6L2KV,,,,617.0,617.0
B098FHB3TM,1259.0,1259.0,1259.0,1259.0,1259.0
B098J171XM,,,,,10.0
B098J2BK2H,,382.0,382.0,,382.0
B098J34GYX,39.0,,,,
B098J4PLHD,,,,,105.0
B098J6RS1X,,,,150.0,
B098JDLZBY,,,,,3.0
B098JJXBWP,,,,,3.0
B098JKBK6S,,,,,3.0
B098JKT8SQ,,,198.0,,198.0
B098JLB5BS,,20.0,,,
B098JNGWHD,,,,,202.0
B098JPZSHG,,201.0,,,
B098JTYJNX,,50.0,,50.0,50.0
B098JV5W66,,578.0,,,578.0
B098JVJGKL,,37.0,,,
B098K5T5L2,9.0,,,,
B098K7THBH,,,,,237.0
B098K9CRSS,,,,,237.0
B098K9VZKC,,,237.0,,237.0
B098KB2MK7,,,,3.0,
B098KJ5NQQ,,,11.0,,
B098KJSWYF,39.0,,,,39.0
B098KN8PW8,,,,,3.0
B098KTVB8W,48.0,,,,48.0
B098KYLTD8,11.0,,,,
B098L1RHD6,,,,,189.0
B098L2J7LL,,,,,53.0
B098L3N1S7,53.0,,,,
B098L3PWYH,,53.0,,,
B098L3QXDG,,,,463.0,
B098LDCPLQ,,,,9.0,
B098M4WQ4Z,,,,,338.0
B098MJ17VG,,,,,60.0
B098MK9BNF,,,,,7.0
B098N4Z7FZ,293.0,,,,293.0
B098N6GZTT,,,,,49.0
B098NF642L,,,,,1.0
B098NGSTV5,,,,26.0,26.0
B098NQTX92,1595.0,,,,1595.0
B098NRKMWV,,,,,7.0
B098NTFWQT,,,,20.0,
B098NZXT2Y,50.0,,,,
B098P3M4LK,,1595.0,1595.0,1595.0,1595.0
B098PFQ3HP,,,,,170.0
B098PS97L6,,,,18.0,
B098PSX5PQ,12.0,,,,
B098PVYS4D,121.0,,,,121.0
B098Q7TK2J,,,,,976.0
B098Q8VLYH,,28.0,,,
B098Q9LJWM,,,,,5.0
B098Q9NJMP,,,59.0,59.0,
B098QDM22X,,,63.0,,
B098QF3WS7,,,,,6.0
B098QGQHZ7,,,,,7.0
B098QH3NJK,,,,198.0,198.0
B098QHBTHR,202.0,,,,
B098QJJ8MD,,,202.0,202.0,202.0
B098QLMVWG,,,,7.0,7.0
B098QR377N,34.0,,,,
B098QYZFPK,61.0,,,,61.0
B098RY2YN6,151.0,,,,151.0
B098RYNRJD,,,,151.0,
B098S5VDX3,,,685.0,,
B098SJXFM8,,,,,6.0
B098SK67XH,,,,,685.0
B098SQFCP2,,,7.0,7.0,
B098SSNVCH,,,,,18.0
B098SXZPYF,862.0,862.0,,862.0,862.0
B098SYHMP7,,,,191.0,191.0
B098SYTHPW,,191.0,,,
B098T18N6G,,,,,168.0
B098T1PQ8W,,,,767.0,767.0
B098T3VZDK,,,,76.0,76.0
B098T7B3MY,1.0,1.0,,,1.0
B098T7DGSW,,,806.0,,
B098TMXLH8,,,,,144.0
B098TVVG2M,,,,,12.0
B098VZ4RG1,,,,,8.0
B098WQSHS2,,,,32.0,
B098X4LRR8,84.0,,,,
B098XCQLLB,,,,,121.0
B098XF5HT6,262.0,262.0,,,262.0
B098XF9DZW,66.0,,,,66.0
B098XH8GXQ,,,,,47.0
B098XHRR6Q,10.0,,,,
B098XJKXBM,93.0,,,,93.0
B098XKJSSJ,,,,,50.0
B098XLL32M,,,463.0,463.0,463.0
B098XMKY3J,2.0,,,,
B098XQRSL1,,,,,63.0
B098XVFKL3,,,,,28.0
B09919XNG8,,,,,22.0
B0991GYC3L,223.0,,,223.0,
B0991SDCLX,,,,85.0,
B0991VCCR3,,,,,34.0
B0991VM53C,,173.0,,,173.0
B0991Z238G,,,440.0,,440.0
B09923VQFS,25.0,,,,
B09924KWPC,,,,27.0,
B09925WLLF,347.0,,,,
B09926W6GH,,,,,7.0
B0992866WW,,,,,36.0
B09928SL2Z,,,39.0,,39.0
B09928WW6K,,9.0,,,9.0
B0992J22T9,,,,,55.0
B0992RQ4WR,,,,,32.0
B0993397N5,,,,,1322.0
B099363GK4,,,,,15.0
B0993BN2DS,1322.0,1322.0,1322.0,,1322.0
B0993BQGRS,1322.0,1322.0,1322.0,1322.0,1322.0
B0993CJ2G6,,,,,67.0
B0993DGWXT,3.0,,,,
B0993FG3L7,,,,,28.0
B0993WP367,349.0,,,,
B0993WXTR4,,349.0,,,
B0993XTV9W,349.0,349.0,,,
B0993XVV5Q,,,349.0,,
B0993Y7R45,,,,,349.0
B0993Z23MT,349.0,,,,
B0993ZBK44,,,,,349.0
B0993ZFSF8,,349.0,,,
B0994612D3,,,,,17.0
B0994894L9,,,,,548.0
B0994J6BYK,34.0,,,,34.0
B0994XQ3TK,,18.0,,,
B099531BQG,1.0,,,,
B0995GTKT5,,,,,9.0
B0995H1WW5,,,,,24.0
B0995HCFVY,,,,,9.0
B0995J8WZH,,,,46.0,46.0
B0995JXY91,,,,,66.0
B0995KVSJS,,,,,67.0
B0995LHBCJ,8.0,,,,
B0995N6W6J,258.0,,,,258.0
B0995NKVMV,,,,,377.0
B0995PNY4B,256.0,,,,256.0
B0995PRW83,,,,,258.0
B0995Q7NXB,,,,,23.0
B0995QCKX7,,,,,259.0
B0995QYSB5,48.0,,,,
B0995QYW48,,,,,48.0
B0995R8L7Z,,,,,12.0
B0995S7TQK,,,,,48.0
B0995VZHCZ,210.0,,,,210.0
B0995W5MPL,,,,19.0,19.0
B09967FZMB,,,,,4.0
B09968K63C,,,19.0,,19.0
B0997Z3YWX,,,,,57.0
B09983GFX9,225.0,,,,225.0
B09984DFGG,,,,,38.0
B0998FTZNL,,,,38.0,
B0998PTZ2V,,,,,5.0
B0998YJW7X,6.0,,,,
B09992ZNZ9,,,,,62.0
B09994BFC6,,,10.0,,
B099955KWN,507.0,,,,
B09995XC78,,,5.0,,
B09998X75Y,,,25.0,,25.0
B0999BD31J,26.0,,,,
B0999BZVJ1,11.0,,,,11.0
B0999C57TB,,,,25.0,
B0999C7KSK,,,,,558.0
B0999QRK2B,,,,407.0,407.0
B099CFKFVQ,,,,,23.0
B099CGZD4W,42.0,,,,
B099CKQG5S,,,,,25.0
B099CS36VD,,,,5631.0,5631.0
B099D9J3HY,,,7.0,,
B099DCYC75,,,,12.0,12.0
B099DF7358,10.0,,,,
B099DJF6KG,1139.0,,,,1139.0
B099DL7HZ3,550.0,,,,
B099DMV71R,,12.0,,,
B099DQC94K,550.0,550.0,,,
B099DRPWL8,,,,,21.0
B099DS1ZFY,550.0,550.0,550.0,,550.0
B099DW15PS,36.0,,,,
B099F36CTM,31.0,,,,31.0
B099F8M3FX,,,18.0,,
B099FB974H,,,,,3.0
B099FBNM74,386.0,,386.0,,386.0
B099HLPP5X,,,3059.0,,
B099HM76M5,,,,,3059.0
B099HSNCY1,17.0,,,,17.0
B099HXR6CC,,,309.0,,309.0
B099J1D4VP,,,3059.0,,
B099JCQ4RF,,,,,309.0
B099JK7ZT3,396.0,,,396.0,396.0
B099JK9248,,,,,6.0
B099JKQJTF,,,,,22.0
B099JWKNDB,,79.0,,,79.0
B099JXFMDT,,,,,2.0
B099JXKHLX,,,,,496.0
B099K3TFJZ,,,,,34.0
B099K5HN2B,,,,,6.0
B099KD28DX,15.0,,,,
B099KK88ZM,,15.0,,,
B099KLL6N5,6.0,,,,
B099KXGNBM,,,,207.0,207.0
B099KXZMYY,,207.0,,,207.0
B099L5Z6S4,,,,,18.0
B099LHHWJ1,,,,,207.0
B099LLC62F,,,,,1601.0
B099LPWWCV,,,,,1601.0
B099LR5NR7,207.0,,,207.0,207.0
B099LV99P6,,,,,1601.0
B099M5D7VZ,,,,,1601.0
B099M5PQ9T,,,,,1601.0
B099MKMWSD,,,,,18.0
B099ML2G5N,,,,9.0,
B099MM4TZW,,,,,17.0
B099MPC77K,,,51.0,,
B099MQGQTP,,,,,23.0
B099MVVDWW,,,17.0,,17.0
B099N8KWR9,,,,,78.0
B099NCJFMZ,,,,,24.0
B099NFK1GQ,,,,79.0,
B099NFT72Z,,,3.0,,
B099NGG137,,,,,687.0
B099NGS1SY,92.0,,,,92.0
B099NJ593S,,806.0,,,
B099NRS5GR,,,,,7.0
B099NS7N81,,14.0,,,14.0
B099NV7PHS,43.0,,,,
B099NX1FCD,,,,,23.0
B099NZCX5C,,2424.0,2424.0,2424.0,2424.0
B099PFFHQK,,,,,647.0
B099PFRDK1,,,,,647.0
B099PGT2SR,,,,,53.0
B099PHGSTV,,,,,242.0
B099PLYTSD,,,,,58.0
B099PMGQ79,,,14.0,,14.0
B099PNMXX7,,,,1164.0,1164.0
B099PPBQQC,,1164.0,,,1164.0
B099PQMSSG,,,1059.0,,1059.0
B099PRPGBM,,,,,1.0
B099PZLBRS,,262.0,,,
B099Q1NHKD,,,,262.0,262.0
B099QK9MKF,,,,,279.0
B099QL3QK2,,,,,943.0
B099QL957Q,,,,,943.0
B099QQ11V9,,,,,1.0
B099R7NXTD,,,,,5.0
B099R8TDBH,3464.0,3464.0,3464.0,3464.0,3464.0
B099RCS2HD,,,,41.0,41.0
B099RFSZNZ,,,,,261.0
B099RSJXDD,17.0,,,,
B099RSPZB3,,,51.0,,
B099RST6RC,,,17.0,,17.0
B099RSYNFN,4.0,,,,
B099RT4BCJ,32.0,,32.0,,32.0
B099RTVYT7,,,,17.0,17.0
B099RWQD6F,,,,,38.0
B099S12BZV,26.0,,,,26.0
B099S2JM58,,27.0,,,
B099S2P59C,,,,,27.0
B099S8VS5H,,,,,3.0
B099S9MXNK,,273.0,273.0,,273.0
B099TJJLP7,,,,11.0,
B099TMXKWD,,,,,1.0
B099TN2B4P,,,,,1.0
B099W58QPL,,,,,30.0
B099W5HQP2,,,,,21.0
B099W6PKMX,,,,,12.0
B099W8C3NJ,,,,,31.0
B099WDXH8X,,,42.0,42.0,42.0
B099WK9B9J,24.0,,24.0,,
B099WLGSSB,,,,,39.0
B099WP1B6K,,,,,1.0
B099WT1FXK,,,,,92.0
B099WT218B,,,,305.0,305.0
B099WV1RHN,,,,,35.0
B099WXVH3G,,,,,1.0
B099WYNPZ2,,,,,11.0
B099WZ9JPS,,,,,2.0
B099X5PFMP,11.0,,,,
B099X9M5DJ,,,,,74.0
B099XB6NK2,,,,50.0,50.0
B099XC4QRN,,,,13.0,13.0
B099YSGMFQ,,,,,2.0
B099YZY6HS,21.0,,,,
B099Z2NW5L,,,,,10.0
B099Z3CXGN,,,,,200.0
B099Z9LDHS,,,,,159.0
B099ZC19LH,434.0,,,434.0,434.0
B099ZCP8K1,,,,,6.0
B099ZJ4LG6,,,,38.0,38.0
B099ZJJRVX,,,,,59.0
B099ZK4YY3,,,159.0,,
B099ZP9XYX,12.0,,,,
B099ZQ6M8L,,46.0,46.0,,
B09B12RFS7,,,,29.0,
B09B13FCZ4,,,,,29.0
B09B13QW2S,,,,29.0,29.0
B09B1JNVT2,302.0,,,,
B09B1THVXS,,,,,10.0
B09B1VLJR2,,,,,10.0
B09B1WXWSK,,,,,17.0
B09B1YVM7N,,,,81.0,81.0
B09B1YXK66,,,,,30.0
B09B211BDR,,,112.0,,112.0
B09B21CC9H,,,,601.0,601.0
B09B22LJ8K,601.0,,,,601.0
B09B23JXD1,,,,,16.0
B09B26DCKP,120.0,120.0,,120.0,120.0
B09B2TS7MB,1091.0,1091.0,1091.0,1091.0,1091.0
B09B33KW93,,8.0,,,
B09B3BX44F,,,,,200.0
B09B3DZ96H,,,,,73.0
B09B3G2JGY,,,,,49.0
B09B3HN41Q,,,,1045.0,1045.0
B09B3LNMK9,,,,,53.0
B09B3SQ1CG,,,642.0,642.0,642.0
B09B3TYD4Q,,,,,10.0
B09B4QPDP7,,,,,361.0
B09B51699F,,,,,354.0
B09B521PLV,,,,,62.0
B09B56F5CW,,,,,20.0
B09B5K4TQJ,,,,,51.0
B09B5RXK8B,,,,1.0,
B09B6FKCZ5,,,,,2263.0
B09B6RCCBX,24.0,,,,
B09B6TP2SY,,,,,19.0
B09B6V42WF,2.0,,,,
B09B6VTPSG,,,,,74.0
B09B71QG1H,,104.0,,,
B09B74ZYW9,,,,,1.0
B09B78QC8R,,,,,140.0
B09B79MLJ7,,47.0,47.0,,
B09B7BHFQP,,178.0,178.0,178.0,178.0
B09B7FCJQZ,,,1467.0,1467.0,1467.0
B09B7GQVB1,,,,,17.0
B09B7H2T9H,,,,,62.0
B09B7J5QY1,,,,,864.0
B09B7J9JFR,591.0,,,,591.0
B09B7KQRP9,,,,56.0,56.0
B09B7NP5MK,,,2003.0,,
B09B7QYWCK,,,,,94.0
B09B7YJH89,,,,23.0,23.0
B09B812F3W,,,,,9.0
B09B9H9QLK,,,,,42.0
B09B9KGX56,,,,,200.0
B09B9MFX81,,,,29.0,
B09B9MVQQ1,,,15.0,,
B09B9P3YZT,164.0,,,,164.0
B09B9PF6Z3,305.0,,305.0,305.0,305.0
B09B9RQHYY,,,,,29.0
B09B9T2FGV,,,,,97.0
B09B9YG3F5,,,9.0,,
B09B9ZRH3D,,,,,26.0
B09BB8KMVD,,,37.0,,
B09BCB6CM7,,,,660.0,660.0
B09BCBH5B7,,660.0,660.0,660.0,660.0
B09BCC4W1F,,660.0,660.0,660.0,660.0
B09BCFZR8M,,,,,93.0
B09BDC8N64,,,,,180.0
B09BDFDKMY,,,,,81.0
B09BDVDF2S,,,,,10.0
B09BDXHFVW,,,,,5.0
B09BDZ6MJK,1469.0,,,,1469.0
B09BDZBRTP,1.0,,,,
B09BFBJKPV,,,,11.0,
B09BFC5FHC,,,,,16.0
B09BFH5TY7,,,,,81.0
B09BFNMS7T,,,,,203.0
B09BFNXQ98,,5.0,,,
B09BFP1S9H,,,,,4.0
B09BFPWXP5,,,,,22.0
B09BFPZKRP,,,,,163.0
B09BHPV3G2,,,,,112.0
B09BHRRYSF,,,,,84.0
B09BJJ7GTL,118.0,,,,118.0
B09BJJXBVS,27.0,,,,
B09BJV4LL9,,,,,1035.0
B09BK286R3,119.0,,,,119.0
B09BKHPZWZ,,,,,18.0
B09BKJ7Q4K,,,,,18.0
B09BKKX46T,123.0,,123.0,,
B09BKRS513,24.0,,,,24.0
B09BKWXT25,142.0,,142.0,,
B09BKWYND3,18.0,,18.0,18.0,18.0
B09BKX5L8Y,17.0,,,,
B09BKX7G7D,18.0,,,,
B09BKX9CT4,142.0,,,142.0,142.0
B09BKXCM63,46.0,46.0,,,
B09BKXTW8W,18.0,,,18.0,18.0
B09BKYDLZP,142.0,142.0,142.0,142.0,142.0
B09BKZ64MP,,,,,12.0
B09BKZM835,,,18.0,,18.0
B09BL1GF84,,,,,59.0
B09BLCV3L6,,,,13.0,13.0
B09BLT1QYC,,,,,59.0
B09BLTFTSS,,,56.0,,
B09BMQYHGL,,,,,139.0
B09BMRRTX2,,,,,9.0
B09BMS1TSJ,,,,48.0,
B09BMT3QQW,,,,,247.0
B09BMTP8QF,85.0,,,,85.0
B09BMVZG8J,,,,21.0,
B09BMXX4GH,,,,,13.0
B09BN1PQCH,,4056.0,,,
B09BNFNCWX,,,,,7.0
B09BNGJ7SX,,,,,7.0
B09BNJNR7R,,,,,77.0
B09BNNGS1W,,,,,143.0
B09BNXLYGL,,,,,196.0
B09BPYY2CR,,,1322.0,1322.0,1322.0
B09BPZGB1G,,,193.0,193.0,193.0
B09BQ13MX9,,,,,37.0
B09BQ7X35S,,,,6.0,6.0
B09BQMDKRY,,262.0,,,
B09BQNC8H1,484.0,,,484.0,484.0
B09BQQCGS9,,,,,14.0
B09BQQS9DT,,97.0,,,97.0
B09BQRYXKJ,6249.0,6249.0,6249.0,6249.0,6249.0
B09BR86YQP,,,,,265.0
B09BTBTGKG,,,,,4.0
B09BTJPRS6,,,,3.0,
B09BTQJBH3,,,,,25.0
B09BTSGF6B,289.0,,289.0,289.0,289.0
B09BTTCQ52,,,25.0,,25.0
B09BTV4TX3,46.0,,,46.0,46.0
B09BV9GRR7,,,,,96.0
B09BVD87T4,,,,,22.0
B09BVSFFF1,,,,,1345.0
B09BVV9TRR,,251.0,,,
B09BW4S4S8,,,,131.0,
B09BX84DMY,,,,,38.0
B09BYHFD6C,,,,,144.0
B09BYLHC7T,,,,70.0,70.0
B09BYQF9MR,238.0,238.0,,,238.0
B09BYQMCMH,,,,,44.0
B09BYQPRTY,,,,,42.0
B09BYRHMPR,,113.0,,,113.0
B09BYVX7S7,,,,,237.0
B09BYXX4M8,208.0,,208.0,,208.0
B09BYY26P5,,,,92.0,
B09BZ2PR38,72.0,,,,72.0
B09BZ3ZSS6,19.0,19.0,19.0,,
B09BZ83BZL,,,,,72.0
B09BZ9PV6S,,,,,13.0
B09BZBFXS6,,,,,30.0
B09BZDJ8NL,,,,47.0,
B09BZGQMS5,174.0,,174.0,,174.0
B09BZM2V1G,1.0,,,,
B09C1MWFDD,,,,87.0,
B09C1RV1JN,1.0,,,,
B09C1TYT32,,,,32.0,
B09C1W63PS,554.0,554.0,,554.0,554.0
B09C1Z16TC,,,30.0,,
B09C2ZDZL3,,,,43.0,
B09C2ZKY8M,53.0,,,53.0,
B09C3HP7CZ,,,455.0,455.0,455.0
B09C3HXPL4,,,,,455.0
B09C3LTDSH,,105.0,,,
B09C3YWRFL,,,,,16.0
B09C4H5F76,109.0,,,,109.0
B09C4J3WD6,,,109.0,,
B09C5F17W3,78.0,,78.0,,
B09C5H17DL,,,,,23.0
B09C5J8P33,,,,,2003.0
B09C5M654Y,,,,,26.0
B09C5N32TF,,49.0,,,
B09C5Q3W5R,365.0,,365.0,,365.0
B09C5SQS85,,,,,72.0
B09C5SY2ZC,,,,,20.0
B09C5VDQSD,,,,,2.0
B09C5XRMMP,,,,,15.0
B09C5YSP3B,,,,,313.0
B09C61B1GM,,,,313.0,
B09C61QMXG,,,,155.0,
B09C62NQF7,,,,,460.0
B09C6932F7,75.0,,75.0,75.0,
B09C6BY64B,,,,,127.0
B09C6G4FCV,,10.0,,,
B09C7K1WP3,,,,,113.0
B09C7KQC47,,,,,71.0
B09C7YMKCJ,,,322.0,,322.0
B09C82GQC7,46.0,,,,
B09C83DLGR,,,,,39.0
B09C855985,453.0,,453.0,,453.0
B09C89NBM9,,,,,16.0
B09C8C676K,,,,,24.0
B09C8HFK9M,2.0,,,,
B09C8K2CC5,178.0,,,178.0,
B09C8PPTV5,,,55.0,,
B09C8T3XTR,,,,,6.0
B09C8W3122,,,,40.0,
B09C916M7Y,,49.0,,,
B09C919TQK,50.0,,,,
B09C93YL2Y,,,,,49.0
B09C94BVP7,,,,,49.0
B09CBXW2BT,,,,,214.0
B09CCJVR8S,,,,,214.0
B09CCSDDTG,,,,1357.0,
B09CCTMDQB,,,,,18.0
B09CD1V8QH,,,150.0,,150.0
B09CD36DXQ,,,,84.0,
B09CD7BTWM,,,,,31.0
B09CD86H3V,,,,,159.0
B09CD9JC7D,,,,,43.0
B09CDCRN9J,,,,71.0,71.0
B09CDVQMVY,,,61.0,,61.0
B09CDXW5YH,,,,,45.0
B09CFMJGXC,,63.0,,,
B09CFY8RMK,,,,,14.0
B09CG1SF54,,373.0,,,
B09CG5XV6C,,,,,4.0
B09CGLRLRQ,,,,,740.0
B09CGN5R2W,,,,,1.0
B09CGNQ6G5,,,,,740.0
B09CGPSW92,,,,,33.0
B09CGS5WS1,73.0,,,,73.0
B09CGST2S1,,,,,65.0
B09CGTTT7P,756.0,756.0,,756.0,756.0
B09CHJ3963,51.0,,,,
B09CKFH4ZS,,,1.0,,1.0
B09CKRLCGG,,,,,2.0
B09CKS4PDV,,14.0,,,
B09CKS4SCL,,,,23.0,
B09CKVC83P,,,141.0,,141.0
B09CL157PS,,,,460.0,460.0
B09CL3PR8P,,,70.0,,
B09CL4Q2XP,2341.0,,,,2341.0
B09CL9TZWP,,,42.0,,
B09CLDBRSZ,4.0,,,,
B09CLLR5WL,131.0,131.0,131.0,131.0,131.0
B09CLLTDQJ,,,121.0,,121.0
B09CLN86XB,131.0,131.0,131.0,,131.0
B09CLNYFVP,121.0,,121.0,121.0,121.0
B09CLPFDFW,,,,,121.0
B09CLZ8SDM,,,,,90.0
B09CM13TLL,82.0,,,82.0,
B09CM6VQRX,,,,4.0,
B09CMDP3NC,,,,,15.0
B09CMGBWZ8,,213.0,213.0,213.0,213.0
B09CMHLBK3,,,,25.0,
B09CP5VVC8,,,,,20.0
B09CP6CCQM,,,44.0,,44.0
B09CPB4NPH,,,,10.0,
B09CPB83TS,18.0,18.0,,,
B09CPBPYHH,,,,,18.0
B09CPG6RZW,,,,,9.0
B09CPH1M9X,,,,,84.0
B09CPH83JR,2.0,,,,
B09CPH9CXM,,,,,84.0
B09CPJDKZ1,,193.0,193.0,,193.0
B09CPK66K3,,,196.0,196.0,196.0
B09CPK9XHJ,185.0,,185.0,185.0,
B09CPN7HCC,,,,340.0,340.0
B09CPNG2J4,340.0,340.0,,340.0,340.0
B09CPQ12HT,,,,,17.0
B09CPQGQBL,,,,,6.0
B09CPR196R,,,,,44.0
B09CPR3B5R,,,,133.0,133.0
B09CPTVK47,,,,,24.0
B09CPW3NQ7,,,,,24.0
B09CPW65PV,,,,83.0,
B09CPX3FFD,,,,,44.0
B09CPXD3F4,,,,,8.0
B09CPZDS3Q,,,,,10.0
B09CQ14P3W,24.0,,,24.0,
B09CQ177M2,,,,,21.0
B09CQ1D55Z,,,,,39.0
B09CQBDSDH,,,,62.0,62.0
B09CQBRD3L,,,,,561.0
B09CQCGVX3,561.0,561.0,561.0,561.0,561.0
B09CQGKVJ5,131.0,131.0,131.0,131.0,131.0
B09CQKH3Z3,,,,36.0,
B09CT3BB2Z,,16.0,,,
B09CTGLVP4,,,54.0,,54.0
B09CTH5JTD,1.0,,1.0,,1.0
B09CTQ2Z7D,131.0,,131.0,131.0,131.0
B09CTQSYWR,,,,21.0,21.0
B09CTSSV8Q,107.0,,,,107.0
B09CTVCNZV,,,,21.0,
B09CTVRJ8Q,,,,,37.0
B09CV29QQL,,,,,25.0
B09CVCKPDK,,54.0,,,54.0
B09CWGRK5J,,,,,180.0
B09CWSD9FV,38.0,,,,
B09CY26588,,32.0,,,
B09CYL8YDG,,,,,7.0
B09CYN9T3Z,,,46.0,,
B09CYQVR2G,,,862.0,,862.0
B09CYSSCNY,,,35.0,,35.0
B09CYTD7ZF,,,,,862.0
B09CYXHY73,,,,,32.0
B09CYY3ZB5,1469.0,,,,1469.0
B09CZ362W7,,,,,105.0
B09CZCSHF8,,,,,57.0
B09CZHL7Z9,57.0,,,57.0,57.0
B09D2GDWT8,,,,,34.0
B09D2N3K1M,,16.0,,,
B09D2WMMS7,,34.0,,,34.0
B09D32FHQJ,347.0,,,347.0,
B09D339LNM,,,43.0,,
B09D33MHND,,,,,96.0
B09D33QNBL,,,,347.0,347.0
B09D346NTH,347.0,,,,
B09D37PGJ7,,,,,21.0
B09D39MM52,347.0,,,,
B09D3BK1CT,,,,,103.0
B09D3BVHYC,,9.0,,,
B09D3DSP2Z,112.0,,,112.0,
B09D3G7Z13,,,11.0,,
B09D3K6NRD,9.0,,,,
B09D3KQ9DL,174.0,,174.0,,174.0
B09D3L1SS8,,,,,9.0
B09D3L2HYJ,,,174.0,174.0,174.0
B09D3MSVJF,,,,,9.0
B09D3NZK9L,9.0,,,,
B09D3VGPBM,74.0,,,,74.0
B09D3WC3SW,,,,,8.0
B09D46PRY7,15.0,,,,15.0
B09D5G8824,,,,,56.0
B09D785S7K,,,,,7.0
B09D797RMH,,,,,5.0
B09D7CQ8D3,7.0,,,,
B09D7D5FP3,,,,,5.0
B09D7PJT4P,,,,,1.0
B09D7PRR61,672.0,,,,672.0
B09D7QGKYY,,,,80.0,
B09D7RP1PC,,,,,4.0
B09D7RXJHN,26.0,,,,26.0
B09D7YL61N,,,82.0,82.0,82.0
B09D8CFHTP,,250.0,,,250.0
B09D8GZ3LJ,,,,,3.0
B09D8J9KTW,,,,,25.0
B09D8JXTMG,,,39.0,,39.0
B09D93QRJW,,,,,2579.0
B09D987JB9,,89.0,,,
B09D9CKB56,,,,,30.0
B09D9CM12X,,,,,30.0
B09D9DH1M6,,44.0,,,
B09D9J357H,,,,,236.0
B09D9SD6RP,,,,,17.0
B09DBPWFYZ,,,,,63.0
B09DBTC51J,,,,,17.0
B09DBTG4S2,442.0,,,,442.0
B09DC4Q73B,,,458.0,,458.0
B09DC7ZL3P,,,41.0,,
B09DC9RYS3,,,,,53.0
B09DCBMCS8,,,,,622.0
B09DCJBFCS,,,,,174.0
B09DCJQ9L5,,248.0,,,248.0
B09DCM935L,,251.0,,,251.0
B09DCQHMTT,,74.0,,,
B09DCSG164,,,14.0,,
B09DD14G25,,,,,7.0
B09DD1MJJD,,,,,603.0
B09DDC57M3,,262.0,,,
B09DDD9GDD,,,50.0,,50.0
B09DDF8WVF,,,,52.0,52.0
B09DFFXDDW,,,,,1732.0
B09DFMTDK6,,31.0,,,31.0
B09DFQ4C6V,84.0,,,,
B09DFSPB6S,,,9.0,,
B09DFW55W2,,,,,2.0
B09DG58K79,,,,,200.0
B09DG998VN,,128.0,128.0,,
B09DG9GZ11,,,33.0,,33.0
B09DGMF6C9,,,,10.0,
B09DJ2HMCY,,,,44.0,44.0
B09DK1CQRF,,,36.0,,36.0
B09DK2RDMP,366.0,,,,366.0
B09DK6YMFN,,36.0,,,
B09DKB5GQM,,,,,113.0
B09DKD5LW3,202.0,,,,
B09DKDMNF8,,,,44.0,
B09DKGC2B6,,,,,7.0
B09DKKJH1V,,,,,35.0
B09DKLJT7R,5356.0,5356.0,5356.0,5356.0,5356.0
B09DKPH72F,,,48.0,,48.0
B09DKRYQLV,,,,49.0,49.0
B09DKTRMS6,166.0,,,,166.0
B09DKY1S3Q,,,,,16.0
B09DKY9W6H,,,,,76.0
B09DL12QRW,,,,,262.0
B09DL9NSBZ,,,42.0,,42.0
B09DLB97RN,341.0,,,,
B09DMWJHNM,,,,,96.0
B09DMY8B9V,,,,,108.0
B09DNXFHRX,,132.0,,,
B09DP2Y2YN,,216.0,,,216.0
B09DP3WQ64,,,,,440.0
B09DPC3J46,75.0,,,,75.0
B09DPLT36V,6.0,,,,6.0
B09DPM9X86,,,,,440.0
B09DPN7TZ8,,,,,21.0
B09DPQ3CH9,233.0,,,,233.0
B09DPQMTR9,,12.0,,,
B09DPYLCYN,142.0,,,,
B09DQ5P76B,,,,,34.0
B09DQBBPBW,,,,64.0,
B09DS4RXWZ,,,,344.0,344.0
B09DSF7GC4,,674.0,674.0,674.0,674.0
B09DSNZ69T,,,73.0,,73.0
B09DSQ28X2,,,558.0,558.0,558.0
B09DST5899,,,,,13.0
B09DSV7WJD,,,,,227.0
B09DSWSBKC,,,,,55.0
B09DSX5Q3H,,,,50.0,50.0
B09DSYYL25,,11.0,,,
B09DT1R8RM,,,,,7.0
B09DT29791,,,,,4855.0
B09DT2ZC4S,,,,,4855.0
B09DTGVVSV,,,,,11.0
B09DTKG96B,,,,,37.0
B09DTW6QH1,,,,,30.0
B09DTYJ6SW,,,9.0,,
B09DTYXLXY,,10.0,10.0,,
B09DTYZSF3,,,,,25.0
B09DTZFYN8,,,,24.0,
B09DV166NH,,28.0,28.0,,
B09DV5NFMB,,,,,8.0
B09DV9MCQV,,,,,131.0
B09DVC47F2,,,,,47.0
B09DVF3Q54,,,,,11.0
B09DVPJ8GF,,,,,28.0
B09DVPKX1C,,28.0,,,
B09DVQYZ64,,,,,11.0
B09DVV1D75,,,,,32.0
B09DW5Y26N,,,,,24.0
B09DWQW77J,15.0,,,,
B09DX7HV79,,,,,374.0
B09DXTPWDL,,,,,359.0
B09DXV43TX,984.0,,,,984.0
B09DXX9ZHN,,,,,13.0
B09DXZ57GS,,,,,113.0
B09DY25H3X,11.0,,,,
B09DY3YL7J,,,,,1258.0
B09DY9RR3X,,,151.0,151.0,151.0
B09DYD1XVR,,,,,16.0
B09DYD2TG2,,64.0,,,64.0
B09DYK1CB1,,,,,36.0
B09DYLSXCS,1028.0,,,1028.0,1028.0
B09DYM2KW8,,,,,304.0
B09DYMTF21,,,,,304.0
B09DYPH46G,,,,,109.0
B09DYPZHHG,,,,,304.0
B09F19FRMG,,,,,3.0
B09F2J4SX1,10424.0,10424.0,10424.0,10424.0,10424.0
B09F2RJDL4,949.0,949.0,,,949.0
B09F2VY1S2,,,,,58.0
B09F2VY4KC,,,,,18.0
B09F341DQP,,,,,2.0
B09F39G9PF,,,,,12.0
B09F39KFK4,,,,,15.0
B09F3NTZ6P,,,1.0,,
B09F3QF4CZ,,,13.0,13.0,
B09F5CL9NF,,,,,763.0
B09F5GBC53,,,,,8.0
B09F5S8RF9,,,,,3.0
B09F5SJXLR,1280.0,1280.0,1280.0,1280.0,1280.0
B09F67ZJK6,,,,,41.0
B09F6C8Q97,,,,,73.0
B09F6J17SR,,3.0,,,
B09F6NRWPH,,,,,15.0
B09F6S7YPK,349.0,,,,
B09F6W5B7B,349.0,,,,
B09F6W69RF,25.0,,,,
B09F6XP8CT,349.0,,,,
B09F8J1JGJ,,,,158.0,158.0
B09F8R1BBW,,,,,147.0
B09F8ZVZWM,,,,2278.0,
B09F95MLJJ,,,,,103.0
B09F99QZLY,,,,,5498.0
B09F9F3ZLV,,,1517.0,,1517.0
B09F9J7T44,,,,,5.0
B09F9JKZZV,262.0,,,262.0,262.0
B09F9PD7DZ,,,,399.0,399.0
B09F9QTNNY,,,,,264.0
B09F9T9HXL,,1.0,,,
B09F9YQF6K,35.0,,,,
B09FB1S3NW,,,,,6.0
B09FDRW6SJ,,,,1.0,
B09FDVR3KB,5.0,,,,
B09FDXPGJL,,,,,10.0
B09FDZ1C6P,,,,,46.0
B09FF5P3CF,,,51.0,,
B09FFJDGB5,,,,,36.0
B09FFLHSJT,,,,,305.0
B09FFPN7VX,,,9.0,,
B09FFV8K6W,,,,,107.0
B09FGCS83T,,,,9.0,9.0
B09FGDCSJ8,,,,,6.0
B09FGNWR1D,,,,,9.0
B09FGY6YZY,14.0,,,,
B09FHM2SXL,,,,,85.0
B09FHR71Q6,,,,,340.0
B09FHZK9X5,,3227.0,,,3227.0
B09FJDPX4J,,,,,18.0
B09FJFMVQN,,,,,34.0
B09FJM3WSW,,,,,253.0
B09FJWJT14,1370.0,1370.0,1370.0,1370.0,1370.0
B09FK51PKR,3.0,,,,
B09FK5CLSQ,825.0,825.0,,825.0,825.0
B09FK5LSRC,130.0,,,130.0,
B09FKF24HX,,,746.0,746.0,746.0
B09FKGQ4BP,,,,11.0,
B09FKW439T,,,,6.0,
B09FKXFZSV,107.0,107.0,,,107.0
B09FKYYX6L,2.0,,,,
B09FKZ272G,6.0,,,,
B09FKZ3H16,,,,,6.0
B09FKZM8KF,806.0,806.0,,,
B09FL1NJG9,,,,,69.0
B09FL3B79M,,,,,1.0
B09FLHXJX7,36.0,,,,
B09FLJZCY5,,1.0,,,
B09FLK4K8H,,,,,17.0
B09FLKN86X,,,41.0,,
B09FLKP9PZ,,,24.0,24.0,
B09FLKQ52P,7.0,,,,7.0
B09FLKQS5T,17.0,,,,
B09FLKVW6H,,,,,41.0
B09FLLQJYF,,17.0,17.0,,
B09FLLVDX7,,,,,10.0
B09FLLYY46,,,,,41.0
B09FLMQR3N,,,,,96.0
B09FLN54HR,,,,505.0,505.0
B09FLQJLLR,336.0,336.0,336.0,336.0,336.0
B09FLQMFZG,,,,3.0,
B09FLRKTXL,,,,,70.0
B09FLT1YM3,,,,,23.0
B09FLTD4W9,,,13.0,,
B09FLTQM1L,,,,,18.0
B09FLX2N31,3.0,,,,
B09FM5CN21,,,22.0,,
B09FNKD2R2,,,,115.0,
B09FNXGKKQ,,,,746.0,746.0
B09FNXVVN9,,,,,17.0
B09FP3D1JS,59.0,,,,
B09FP62YJT,55.0,,55.0,,
B09FPGB7NH,,,,,746.0
B09FPHW1SP,,,444.0,,
B09FPJ3DLB,,,1326.0,1326.0,1326.0
B09FPLR6ZP,,,,,4.0
B09FPM19XF,,,,,36.0
B09FPN925F,,,,,12.0
B09FPSVX7Q,510.0,,510.0,510.0,510.0
B09FRYBW3H,,,,,44.0
B09FSBZ1C8,,35.0,,,
B09FSCMNGX,,,,,199.0
B09FSGPLTR,,,,,48.0
B09FSLGFX2,,,,,23.0
B09FSNK3W3,,,,1208.0,1208.0
B09FSNVQ3T,227.0,,,227.0,227.0
B09FSQTB7F,17.0,,,,
B09FSRSJK8,6249.0,6249.0,6249.0,6249.0,6249.0
B09FSTR3YF,1846.0,1846.0,1846.0,1846.0,1846.0
B09FSTVKKC,,,,,1846.0
B09FSV2JKR,6249.0,6249.0,6249.0,6249.0,6249.0
B09FSV6B3K,1846.0,1846.0,,,1846.0
B09FSXBF8W,,201.0,201.0,,201.0
B09FSYDY9Y,,,,,27.0
B09FSZX264,6.0,,,,
B09FT9Q1WQ,1006.0,1006.0,1006.0,1006.0,1006.0
B09FTCGBMR,,1370.0,1370.0,1370.0,1370.0
B09FXGDZ5W,,,,,6.0
B09FXGPHQP,,10424.0,10424.0,10424.0,10424.0
B09FXLBPCZ,,,,,184.0
B09FXLDGLX,184.0,,,184.0,184.0
B09FXMDYVT,,,,,36.0
B09FXQ73MH,,,825.0,825.0,825.0
B09FXSBQSZ,,,,,11.0
B09FXV3ZHN,,1.0,,,
B09FXY3KYN,,,1387.0,1387.0,1387.0
B09FY2TWVZ,,,,,148.0
B09FY5MV1J,,,,,148.0
B09FY92PNY,,,,,349.0
B09FYZHQ2C,,410.0,410.0,410.0,410.0
B09FZ2J83G,,,,,34.0
B09FZ66MC3,,,,,2.0
B09FZ94L1W,,,,,2.0
B09FZ982WJ,,,,,178.0
B09G1717X6,4.0,,,,
B09G17YRP8,11.0,,,,
B09G1K9WF6,,,14.0,,14.0
B09G2CVGF2,,,7.0,,
B09G2TXP81,385.0,,,385.0,385.0
B09G2YL23Y,,,,,108.0
B09G343RDM,,,,,766.0
B09G34XQ67,,,,106.0,
B09G36248W,,,,,38.0
B09G65QHWY,,,2.0,,
B09G68JG9C,,,9.0,,
B09G6B8QB6,107.0,,,107.0,
B09G6BBK65,,,558.0,,
B09G6JKKTW,,,,,30.0
B09G6KN9KM,,,46.0,46.0,46.0
B09G6RTZBR,,,9.0,,
B09G8FJ42R,,,,,373.0
B09G8GJLCZ,60.0,60.0,,,
B09G8Q8DHX,,,,,373.0
B09G8Y1GT7,,,,661.0,661.0
B09G947WKX,,,11.0,11.0,11.0
B09G98KBSC,,,,,11.0
B09G9C81YX,13.0,,,,
B09G9FPJL7,11.0,,11.0,,
B09G9H4WBK,149.0,,149.0,,149.0
B09G9LMHJK,,,,,1.0
B09G9W8CGJ,,,,,109.0
B09G9WCN4S,,,,21.0,
B09G9XBG2D,,,28.0,,
B09G9XFCNB,,,,11.0,
B09G9XL22Z,25.0,,25.0,,25.0
B09G9XPDFN,109.0,,109.0,,
B09G9YDM9B,,,,,136.0
B09G9YQGQG,,,,,28.0
B09G9ZDND6,,,,11.0,
B09GB4551Y,,,,,67.0
B09GB4SRL8,,,577.0,,577.0
B09GB5JN5F,,,,577.0,
B09GBGG6P7,,,,5.0,
B09GCH6H1W,,,,,3.0
B09GDT67HQ,,,2.0,,
B09GF6H7B8,,,,,406.0
B09GF7PM8Z,,,,,200.0
B09GF91GR5,,,,,100.0
B09GF92291,,,,,34.0
B09GFB4ZDC,,,,,6.0
B09GFC32K8,37.0,,,,
B09GFDSFZ3,,,,,1.0
B09GFF3ZSS,,345.0,,,
B09GFHZHCS,,,,,87.0
B09GFNL6NN,406.0,,,406.0,
B09GFSDZ76,6.0,,,,
B09GG55YKM,,,,,29.0
B09GG729PN,88.0,,,,
B09GG96GPB,,71.0,,,
B09GG98RMP,270.0,,270.0,,
B09GG9YF8Q,,,266.0,,266.0
B09GGDTKTJ,136.0,,,,
B09GGF39WT,,,,,35.0
B09GJGWV1S,207.0,,,,
B09GJKZQGZ,,,,,6.0
B09GJVTDNN,,,,,5.0
B09GJYW8ST,,,,,39.0
B09GK1FV3P,,,,2.0,
B09GK517X3,,,662.0,,662.0
B09GK6XTR1,,,,,24.0
B09GK7D5NP,,,,,2.0
B09GK8KTYC,,,,,56.0
B09GK8SY82,,57.0,,,57.0
B09GK9NRKR,,,,,18.0
B09GKCN378,,,,,24.0
B09GL1F6LP,,,,,2.0
B09GLHWVL3,5.0,,,,
B09GLQHZ38,,,53.0,,53.0
B09GLSKHMY,,,,,17.0
B09GLYDLLM,,,,,7.0
B09GM26X6J,,,,,5.0
B09GM2728Q,862.0,,,862.0,862.0
B09GM2MNPW,,,,,3.0
B09GM7RVFS,433.0,433.0,,,433.0
B09GM84CQY,,,433.0,,433.0
B09GMNTCKS,,,,373.0,
B09GMP79FS,,,373.0,,
B09GMPGWF2,,,373.0,,
B09GMPLFGC,,,,373.0,373.0
B09GMPQC39,,,,,373.0
B09GMPXZPW,,,,373.0,
B09GMQ1L74,,,,,373.0
B09GMRCDH1,,,,,373.0
B09GNRW2LH,,,,,21.0
B09GP231R8,,,,,395.0
B09GPHZFX5,,,,,1.0
B09GRCMDQC,,,,,77.0
B09GRG6Y53,,,,,124.0
B09GRGLG2J,,46.0,,,
B09GRJ6ZQG,,,,,51.0
B09GRRBWGC,,,,4.0,
B09GRTKW6D,471.0,,,,
B09GTMTNFP,68.0,68.0,,,68.0
B09GVDSZNG,550.0,,,,550.0
B09GVFTTKB,,,,,104.0
B09GVJJ5JD,,,,,8.0
B09GVLSQZZ,,,,,5.0
B09GVMN9Y7,393.0,,393.0,393.0,393.0
B09GVPYT8S,,,,14.0,
B09GVRN7LV,,,,,48.0
B09GVVHHLG,,,77.0,,
B09GVW38R9,25.0,,,,25.0
B09GVWGHMN,18.0,,,,
B09GVZMRYZ,,225.0,,,
B09GW74VT2,,,,24.0,
B09GW89D44,,,,,5.0
B09GX9LQPJ,,53.0,,,
B09GX9PSDH,,,,,9.0
B09GXC688K,,,,9.0,9.0
B09GXLHW46,,,,,44.0
B09GXW8KVK,,,,,83.0
B09GYBNTVQ,,,49.0,,49.0
B09GYG7JC5,,,,,79.0
B09GYL47S9,,,,,65.0
B09GYL7L98,,,,,65.0
B09GYM8RHF,,12.0,,,
B09H22FFYQ,,,,,569.0
B09H2DMGYJ,,,,,56.0
B09H2N8PQX,,309.0,,,
B09H2RHWRZ,17.0,,17.0,,
B09H2WHG2J,,,20.0,20.0,
B09H2WS1YC,,,6.0,,
B09H2XP2R4,,,,,3.0
B09H3J965Z,57.0,,,,57.0
B09H424BGD,,,,,3.0
B09H4DLJBT,,,,,79.0
B09H4WVWMQ,,,,84.0,84.0
B09H59B7MM,,5.0,,,
B09H5FCZX7,,,,,91.0
B09H5MNKPH,,,,,2.0
B09H5Q2ND8,162.0,,,,
B09H5RS76M,,,,827.0,827.0
B09H5RVSKY,,,,,67.0
B09H5SWG2F,105.0,,,,105.0
B09H5VC4JF,,,,,77.0
B09H5VYZBH,,,,,5.0
B09H6KKC5Z,,,,,94.0
B09H6LZ2HL,,,,,94.0
B09H6NB36D,,,2503.0,2503.0,2503.0
B09H6QXDN2,,,,265.0,265.0
B09H6T6PZY,,,,,31.0
B09H6V9NB4,,,,,141.0
B09H6VHXV5,141.0,,,141.0,
B09H6VKQ9R,,,,,141.0
B09H6VY4K9,,17.0,,,
B09H6W57WM,,8.0,,,
B09H6WSDVD,,,,141.0,
B09H6X34GJ,,,,,141.0
B09H6XC3LS,,,,,141.0
B09H6XZJVN,,,,,114.0
B09H6YKSLQ,,,,,67.0
B09H6Z6H7V,,,40.0,,
B09H7BH76K,27.0,,,,
B09H7FVRCK,,,,,16.0
B09H7GHHN7,,,,14.0,
B09H7JYHKK,,,,,14.0
B09H7JYNLV,253.0,,,,253.0
B09H7LPR24,,,,1035.0,1035.0
B09H7N147T,,253.0,,,253.0
B09H9XWZX6,,,3.0,,
B09HB649FF,167.0,,,167.0,167.0
B09HB8L7G2,,,,101.0,101.0
B09HB8MW85,,,,,2.0
B09HBC9596,,167.0,,,167.0
B09HBCJ2NJ,,,,,5.0
B09HBLJK8R,,1.0,,,
B09HBLMBKC,,,,,5.0
B09HBQQ2F2,,,,,4.0
B09HBRWW96,,42.0,,,
B09HBXQ7L3,10.0,,,,
B09HCD95FM,,,,20.0,
B09HCJM56S,141.0,,,,
B09HCJXKZD,16.0,,16.0,,
B09HCK9B8T,141.0,,,,
B09HCQNNJP,,,,,12.0
B09HCX38FV,119.0,,,,
B09HF3M6MC,,,,52.0,
B09HGJN3N9,,369.0,369.0,,369.0
B09HGL3TCX,,,200.0,,
B09HGR39G8,,,,,61.0
B09HH1H3RM,,,,110.0,
B09HHMYHTY,,,,,949.0
B09HJNCCW4,,,,,1601.0
B09HJYQ6YS,,,,,96.0
B09HJZY1PB,,,,59.0,
B09HK6WGNG,,,,,59.0
B09HK8R3GM,69.0,,,,
B09HKF6LXW,,,647.0,,647.0
B09HKZZDJD,,,,,2105.0
B09HL2JBGD,1601.0,,,,1601.0
B09HL4TSNX,,,,,68.0
B09HL5FMS4,,,,,52.0
B09HL5N79W,,,,,2105.0
B09HL6GDNK,,,,,1.0
B09HMZDXRF,,,,,8.0
B09HNJN18Y,,17.0,,,
B09HNJNWCJ,,,,17.0,
B09HNSG8Z8,,,,,22.0
B09HPPK77X,,,17.0,,
B09HPQM39C,17.0,,,,
B09HPQVV9H,,17.0,,,
B09HPR2J4B,,,,17.0,
B09HPRMDHC,,17.0,,,
B09HQ25XG3,,2702.0,,,2702.0
B09HR75H54,,,,,43.0
B09HRD77HY,5.0,,,,5.0
B09HRD8N5F,,2.0,,,
B09HRG7H49,8.0,,,,
B09HRNT1P1,154.0,154.0,,154.0,
B09HRNTDFJ,,,,,56.0
B09HS962VT,,,,,154.0
B09HSBWJKZ,,,,,10.0
B09HSDCQ4Y,,,,36.0,36.0
B09HSLVLQ1,,,,,447.0
B09HSPJBYX,,,,,281.0
B09HSQLYYD,,,34.0,34.0,34.0
B09HT1LPPG,,,,,510.0
B09HT2Z4XD,,,,,10.0
B09HT9SHJ6,11.0,,,,
B09HTB7Q8J,,9.0,,,
B09HV5SV76,,,,1337.0,
B09HVFNZB7,,11.0,,,11.0
B09HW6XS9C,,,,,9.0
B09HXB3KDD,,,,,348.0
B09HXMF5CC,,,,,141.0
B09HXQZX8C,,,,,166.0
B09HXRK16L,166.0,,,,
B09HXYJF39,,,,,66.0
B09HYNHG6H,,,,,8.0
B09HZK7Z4N,,,,,4.0
B09HZX277S,,,,,75.0
B09HZX3KLJ,,,,,75.0
B09HZYBXC7,,,,,4.0
B09J128Y1Z,195.0,,,,
B09J1559TX,,3.0,,,
B09J1GKY6K,,,,,32.0
B09J1X72CM,687.0,687.0,687.0,687.0,687.0
B09J21S51H,,,,,36.0
B09J29467K,,,2694.0,,
B09J29W5BV,,1.0,,,
B09J2D71V4,444.0,,,,444.0
B09J2H5HK7,,,,,10.0
B09J2PCCMK,36.0,,,,36.0
B09J2SNQ86,,,,,127.0
B09J2SP52Q,38.0,,,,
B09J3DGPN4,,,,,4.0
B09J3FS6C5,,,,,8.0
B09J41B141,,,,,32.0
B09J4FDNKM,,,,,33.0
B09J4G68X5,,,,,33.0
B09J4H7KFD,,,,,179.0
B09J4HH1Y1,,,,,59.0
B09J4HJBGF,,,,,128.0
B09J4J67ZZ,,,,,128.0
B09J4TLQ65,,,,,15.0
B09J4X7773,,17.0,,,
B09J5XD74N,,,69.0,,69.0
B09J66C5Z1,1.0,,,,
B09J7GT3RK,90.0,,,,90.0
B09J7RN3YT,364.0,,,,364.0
B09J7YJK2G,,,,,155.0
B09J84LTWL,2.0,,,,
B09J852DMM,,36.0,,,
B09J8BJQ4M,,,,788.0,788.0
B09J8F82DN,,80.0,,80.0,
B09J8H2S9C,,,102.0,,
B09J8JRQJ9,,,,,10.0
B09J8JZLL8,,,,23.0,
B09J8LWLRR,,,,,202.0
B09J8NQNJF,,,,42.0,
B09J8R7DBL,,,,,108.0
B09JB1VSJ2,,,,,56.0
B09JB76Y3Q,,,,,42.0
B09JBCPPW1,,,,,4.0
B09JBFSBP3,,,,,7.0
B09JBQ7PYF,704.0,704.0,704.0,704.0,704.0
B09JBRW86Z,,,,,40.0
B09JC3SH8B,,,,,1.0
B09JC42ZVK,,,,,7.0
B09JCF1G8D,,,,,215.0
B09JCLMGR7,222.0,,,,
B09JDLTQ27,,,,,7.0
B09JF4LXWN,,,,,678.0
B09JFJ7ZB1,,,32.0,,32.0
B09JFR4Y2F,,,,,81.0
B09JFR82RW,41.0,,,,
B09JFSTQHC,,,,,930.0
B09JFV6YF8,,,,13.0,
B09JFVVD87,,,,,9.0
B09JFXPC9V,,,,,24.0
B09JFYSR8W,,,,,11.0
B09JFZ28S3,,,,,13.0
B09JFZJ19W,,,,,33.0
B09JG4DXQW,,,,446.0,446.0
B09JG7RZ1P,,,,,37.0
B09JGPN154,27.0,,27.0,,27.0
B09JHZCRL9,,,,,18.0
B09JJLHSK6,,,370.0,,370.0
B09JJTNXYJ,9.0,,,,
B09JK1Q9F6,,,370.0,,
B09JK1VF4M,,,,,85.0
B09JK3CBTD,7.0,,,,
B09JK4GQ6N,,9.0,,,
B09JK9TVDR,,,,20.0,
B09JKBV4QL,,,,1.0,
B09JKFRNYL,,,,,43.0
B09JLHB6NP,,,,158.0,158.0
B09JLKZWWT,,158.0,,,158.0
B09JLR8ZYT,,,,,57.0
B09JLV3VSL,,,27.0,27.0,27.0
B09JLXLDGY,,3.0,,,
B09JLZSFXB,,,,,37.0
B09JM4XT3F,25.0,,,,
B09JMR692V,77.0,77.0,77.0,,
B09JMSQ699,,,,,11.0
B09JMV9BX3,,,,,9.0
B09JNJGYZ9,1.0,,,,
B09JNPWW4J,,,,,1.0
B09JNSD18R,,,,2694.0,
B09JNV474W,,,,163.0,
B09JNVXYVP,,,,,90.0
B09JNXTWV2,,,,,1.0
B09JNYRYGY,,,,,16.0
B09JNZN6DD,,42.0,42.0,42.0,42.0
B09JP1VHB8,,66.0,,66.0,66.0
B09JP2CM7R,,,,5.0,
B09JP2ZW81,20.0,,,,
B09JP663DD,,,,,54.0
B09JSD8NG6,,,,83.0,
B09JSKN6JM,,166.0,166.0,,166.0
B09JSNLGY1,153.0,,153.0,153.0,
B09JV2ZDB2,365.0,365.0,,365.0,365.0
B09JVHGPHK,,,,,25.0
B09JVPRR4X,,,,,1.0
B09JVSFTWJ,,,,16.0,
B09JVV43GX,,,,,44.0
B09JVVRVZ7,,,,,9.0
B09JVYYQYR,2.0,,,,
B09JW19H2F,,,,69.0,
B09JW7BHFR,,,,15.0,
B09JW8R7CR,28.0,,,,28.0
B09JWDXX2Y,,,174.0,174.0,174.0
B09JWFPRY6,,,,200.0,200.0
B09JWHVNKD,943.0,,,,943.0
B09JWHXPS8,,,,,57.0
B09JWHZ4KJ,,1326.0,,1326.0,1326.0
B09JWJ7MWH,,,,,89.0
B09JWMVFPX,,,,,11.0
B09JWPJVCP,266.0,,,,
B09JX1PDQC,75.0,,,,75.0
B09JY8RBH8,261.0,,261.0,261.0,261.0
B09JYGB1H8,,,,61.0,
B09JYKPWKB,,,,,13.0
B09JYQX4R1,,,,57.0,
B09JYRWWGZ,,,,,285.0
B09JYSCLJ1,,,,,57.0
B09JYT6MF5,,,,65.0,65.0
B09JYVK6GK,,,18.0,,
B09JYY7DN1,,,,,5.0
B09JYZHD5J,,40.0,,,
B09JYZQRYX,,,,,336.0
B09JZ41NRX,,,,,7.0
B09JZ4MD2R,,,,,7.0
B09JZ687SD,56.0,,,,
B09JZ8NJL1,,,17.0,17.0,
B09JZBNPZY,,,,,41.0
B09JZGNP3R,40.0,,,,
B09JZKZJ57,,,,,80.0
B09JZQ2R54,,,,173.0,
B09JZRVDV7,,,,,173.0
B09JZVDWG3,,,,,3.0
B09JZW2Q55,,46.0,46.0,,46.0
B09K3QCYWP,,,,,385.0
B09K3T8HFW,,,,,1.0
B09K3TQ2N8,,,,75.0,
B09K3Y5M9H,,,,,55.0
B09K471V1T,13.0,,,,
B09K4YJ77S,71.0,,,,
B09K531QS4,,,,48.0,
B09K53Z7F2,,,,,12.0
B09K55HYCX,,7.0,,,7.0
B09K564SJ4,2.0,,,2.0,
B09K56GRCN,3.0,,,,
B09K57H7BL,,,,,26.0
B09K57N7C6,,,,,3.0
B09K57VKDR,,,3.0,,
B09K67N5JB,,,,,3.0
B09K6DZX25,,,,,64.0
B09K717PD7,,,15.0,,15.0
B09K787XJD,,,,,8.0
B09K793PW2,,,,,12.0
B09K799G5S,,148.0,,,
B09K7BDTZ9,,,,,11.0
B09K7BT36P,,,,,42.0
B09K7C4CHM,,,,,122.0
B09K7CL1N7,,,63.0,,63.0
B09K7KNCZC,10.0,,,,
B09K7PCBHJ,,18.0,18.0,,18.0
B09K7W6ZPV,,89.0,,,
B09K8KD2BR,,110.0,110.0,,110.0
B09K9N693F,,,,,38.0
B09KBMK3HN,65.0,,,65.0,65.0
B09KBND44B,1847.0,,1847.0,1847.0,1847.0
B09KBWJY9W,,,,36.0,36.0
B09KBZ9ZQ9,,,,19.0,
B09KBZGT76,,,,,31.0
B09KC34HQJ,,,,793.0,793.0
B09KC37PR3,,793.0,,793.0,793.0
B09KC3FRN6,,,,,42.0
B09KC3JWMP,,,793.0,793.0,793.0
B09KC66WLP,,,,1.0,
B09KC754KP,1269.0,1269.0,1269.0,1269.0,1269.0
B09KC76RX1,,1.0,,,
B09KC8RKH2,,,,,41.0
B09KCKYPKD,,,,,252.0
B09KCL5RMT,,,,,252.0
B09KCLXWHQ,,,,,252.0
B09KCMM4TP,,,,252.0,252.0
B09KCP3TXM,,,,,22.0
B09KCPWCB4,,,,,16.0
B09KCQJ58X,,,,93.0,
B09KCR2P9S,,,,,93.0
B09KCRD5L3,,,,,22.0
B09KCRMD8Q,,,,,18.0
B09KCSV121,,,93.0,,
B09KGNK15S,6.0,,,,
B09KGQK4RC,,,,55.0,55.0
B09KGWQWM2,,,,,5.0
B09KGZSMKK,3.0,,,,
B09KH5L8LM,,418.0,,418.0,418.0
B09KHHW55Q,20.0,,,,
B09KHJ5884,11.0,,,,
B09KHNJHF5,,,,,147.0
B09KJC2C4S,,,,,22.0
B09KJCT2BJ,,,136.0,,136.0
B09KKCQ7FK,,,34.0,,34.0
B09KKRBYSZ,,,,,38.0
B09KKXDF7F,,10.0,,10.0,
B09KL27QQK,,,4.0,,
B09KL3KQFR,,,,,380.0
B09KLFT59Z,,,,,158.0
B09KLMW4VB,,,,,80.0
B09KLPJ951,,,115.0,,
B09KLQ5CVZ,,,135.0,,
B09KLQ7C7M,,,10.0,,
B09KLSB3FP,74.0,,,,
B09KLWBNYL,15.0,15.0,15.0,,
B09KLWDYN3,,,,,407.0
B09KMC7CZQ,,182.0,,,182.0
B09KMC97KB,,,,,182.0
B09KMCDC8D,,,,,182.0
B09KMD52XZ,,,,,26.0
B09KMFF214,,,,,202.0
B09KMFN2G8,,,,202.0,202.0
B09KMV7441,1.0,,,,
B09KMYTG8J,,,,47.0,47.0
B09KN1KRJJ,,,,,56.0
B09KNB2RMC,2299.0,2299.0,2299.0,2299.0,2299.0
B09KNG9C2V,8.0,,,,
B09KNGJZS7,41.0,,,,
B09KNGTR1M,,,,,73.0
B09KNJ82QT,287.0,287.0,,,287.0
B09KNM76SC,,,,,19.0
B09KP14RMZ,,,53.0,53.0,53.0
B09KP8LJ5X,,,,,6.0
B09KPRL9CF,,,18.0,18.0,18.0
B09KPRV542,142.0,,142.0,,142.0
B09KPWM9PN,,,,,9.0
B09KPZDVS1,,,,20.0,20.0
B09KQ4HN8M,,,,,5.0
B09KQ6Z27S,,,,,152.0
B09KQH9K6W,,,,,916.0
B09KQHHPS2,,,,,916.0
B09KQJ3TQ3,,,,,916.0
B09KQL8C3M,15.0,,,,
B09KQW9GH9,13.0,,,,
B09KR6H8TG,537.0,537.0,,537.0,537.0
B09KR8N21M,,,,269.0,
B09KR8ZBCX,,,,,31.0
B09KRBWQ87,,,,,49.0
B09KRFZ95C,,,,,72.0
B09KRGMD4Q,8.0,,,,
B09KRGT6QT,,8.0,,,
B09KRJNR5C,,,3.0,,
B09KRK2K32,,,4.0,,
B09KRL6QH1,,,,,84.0
B09KRL93YB,,,,,103.0
B09KRLNXZN,,,,,8.0
B09KRMXH9G,,103.0,,,
B09KRMZPV1,21.0,,,,
B09KRN52MC,21.0,,,,
B09KRPHXFB,,103.0,,,103.0
B09KRZLZHN,,,,,7.0
B09KS6XG4L,36.0,,,,
B09KSBL81W,,,,,131.0
B09KSCD5HM,131.0,,,,131.0
B09KSCQG4G,,,,,41.0
B09KSXGFLJ,,,,,82.0
B09KT1WHJ6,,,,82.0,
B09KTRC3RV,,75.0,,,
B09KTVXK4T,,,,,170.0
B09KTY1MHD,,,,207.0,207.0
B09KV1K43C,,,,,106.0
B09KV1LK63,75.0,,,,
B09KV1ZVVB,,,,,106.0
B09KV21ST1,,,,,104.0
B09KV2XML9,,,,,105.0
B09KVBC7G3,,,5.0,,
B09KWZMN66,,,,,1.0
B09KXBCQT7,,,,,244.0
B09KXT9BYS,,,19.0,,
B09KXX973J,,,10.0,,
B09KXXXT9P,5.0,,,,
B09KXY2LT2,1.0,,,,
B09KZLGC11,75.0,,,,75.0
B09KZNMVK4,,,,98.0,98.0
B09KZP93XN,3.0,,,,
B09L1CK9HV,,,,,19.0
B09L1N3G3L,38.0,,,,
B09L1NYQR1,,,,,23.0
B09L3TSXF2,,,,,67.0
B09L49NGF6,1.0,,,,
B09L4FZK11,,,,,949.0
B09L4KCBV2,,,,,181.0
B09L4LZSYK,2928.0,2928.0,2928.0,2928.0,2928.0
B09L4N4WYV,181.0,,,,181.0
B09L4SMPG1,,130.0,130.0,,130.0
B09L4TGJQ1,,,1269.0,,1269.0
B09L4TSCZC,1269.0,1269.0,1269.0,1269.0,1269.0
B09L4V8Q2W,,,,24.0,
B09L549LR2,,,,,15.0
B09L5NW2DQ,1.0,,,,
B09L5Z9D3R,12.0,,,,
B09L626TRC,,,12.0,,
B09L6C5999,,,,,23.0
B09L6M92BN,374.0,,,,374.0
B09L6PKCVL,,,,,3.0
B09L7Z12ZV,,,,,604.0
B09L83T36Z,,,,,11.0
B09L897FKT,,,,32.0,32.0
B09LC2RBQY,101.0,,,,
B09LCGV924,,,,,163.0
B09LCPHMT1,,,,,1259.0
B09LCPLCMH,,,,,13.0
B09LCPTDN6,209.0,209.0,,209.0,
B09LCPZ8TS,156.0,,,,
B09LCTKZBK,3.0,3.0,,,
B09LCX4Y4V,,,,39.0,39.0
B09LD19LNL,71.0,,71.0,71.0,71.0
B09LD79L95,,,13.0,,
B09LDCRSG1,,,,,11.0
B09LDDQLL2,8.0,,,,
B09LDZNQNH,,,,14.0,
B09LF7FHJ7,,,,14.0,
B09LF8NR5C,2.0,,,,
B09LH3LLBZ,,,,49.0,49.0
B09LHDZD3W,,,93.0,,
B09LHJPT6H,,,5356.0,5356.0,5356.0
B09LHNY51G,,60.0,,,
B09LKGNV43,,,,,617.0
B09LKGYDX6,,,,,171.0
B09LL9GG1Q,,,,,172.0
B09LLFFWRK,,,,57.0,57.0
B09LLLB7WN,,,,,171.0
B09LLMJHKY,,,172.0,,
B09LLMLK6J,,,,,171.0
B09LLMT1FN,,,172.0,,172.0
B09LLMT1FQ,,,,,50.0
B09LLQ4XVZ,171.0,,,,
B09LLRQV4V,,,,,19.0
B09LLS1F7R,,,,,49.0
B09LLSPRJ8,,,,,172.0
B09LLSX3Z1,,171.0,,,
B09LLTN9C2,172.0,,,,
B09LLWT9TX,,,172.0,,
B09LLX1JNG,,,,,6.0
B09LLX2JTW,,,,,171.0
B09LLYSZ26,,,5.0,,
B09LM1VX6Z,,,,,7.0
B09LM4DVTM,172.0,,,,
B09LM52D6P,,,,171.0,
B09LM53KLZ,,,,,21.0
B09LM55CMB,171.0,,,,
B09LM5FBPT,9.0,,,,
B09LM7BPL6,,,,297.0,297.0
B09LM8H84L,,,,,17.0
B09LMB7HGG,,,,,1.0
B09LMBX7H3,,,,,22.0
B09LPPVNL6,137.0,,137.0,,137.0
B09LQ7JJGY,,,,,322.0
B09LQBJ9TB,,,,,24.0
B09LQBW6GS,,,,322.0,322.0
B09LQD2GV7,,,,,85.0
B09LQG4CN2,,,,43.0,43.0
B09LQGLBWJ,,,,,546.0
B09LQGW7RP,,,,,322.0
B09LQJRQS5,,,,322.0,
B09LQJX72G,322.0,,,322.0,322.0
B09LQKTZQD,,,,104.0,104.0
B09LQVF8J6,,,,,873.0
B09LR27BQT,,,,,9.0
B09LR7MHDN,,,,,2.0
B09LR7T2XF,,75.0,,,75.0
B09LRBX51K,,,,10.0,
B09LRYQLTB,,,,,276.0
B09LS44CJF,2829.0,,2829.0,2829.0,2829.0
B09LS51DF1,2829.0,2829.0,2829.0,,2829.0
B09LS5B2VH,2829.0,,2829.0,2829.0,2829.0
B09LS63NGL,10.0,,,,
B09LS6FKGV,,,,,130.0
B09LT9T9FB,,,,,90.0
B09LTT888T,4.0,,,,
B09LTTTBC5,165.0,165.0,165.0,,165.0
B09LTVND1M,,,,,6.0
B09LTY22MS,,,,,1122.0
B09LTY7Z9B,,,,,55.0
B09LV7NN13,,,,,63.0
B09LVBNZJW,,62.0,,,
B09LXHL557,,,,,6.0
B09LXJXZZX,,,,,68.0
B09LXJZQG4,,,,,21.0
B09LXS856G,,,,14.0,14.0
B09LY2NB2X,,,,,85.0
B09LY3SF8V,,,,,5.0
B09LYJ9RYZ,3.0,,,,
B09LYKJMQS,,,,,40.0
B09LYL6BPZ,2.0,,,2.0,
B09LYM62PW,,,,,884.0
B09LYNS166,,,,,32.0
B09LYSHSQP,,,,,2.0
B09LYY9G6N,,,,,91.0
B09LZ5WXVY,,,,,385.0
B09LZ76L83,,,,,47.0
B09LZ7FPV1,,,,,52.0
B09M314K2Q,,,,,45.0
B09M3NLMC7,251.0,251.0,,251.0,251.0
B09M3NMS7Z,54.0,,,,
B09M3T28B7,,8866.0,,,8866.0
B09M3TS47C,,,,,3.0
B09M3ZCCQL,,,12.0,12.0,
B09M46HY8B,5.0,,,,
B09M5Z53L6,,,,,1837.0
B09M66KZJR,,,,,61.0
B09M6G4BTB,,,,191.0,191.0
B09M6GSL9Z,,550.0,,,
B09M6KHL65,,3.0,,,
B09M6KQ2FX,1837.0,1837.0,1837.0,1837.0,1837.0
B09M6RH9XM,,,,,83.0
B09M6VBQS9,,,1.0,,
B09M6W5TX5,,,,,26.0
B09M74D31L,276.0,,,,
B09M7FBS53,,,,,385.0
B09M7YXMYG,,,,,1138.0
B09M83HX27,,,,,60.0
B09M83NGD9,,,60.0,,
B09M84FQCS,,60.0,60.0,,60.0
B09M84MHJV,,60.0,,,
B09M89MLWK,,35.0,,,
B09M8D1FMR,68.0,,,68.0,68.0
B09M8F13JW,460.0,460.0,460.0,460.0,460.0
B09M8FT6SR,35.0,,,,
B09M8LSFT7,,,,,85.0
B09M9QL2C1,,,,101.0,101.0
B09M9T5T86,,,,,2.0
B09M9VPHD4,,,,,399.0
B09M9X8ZT6,399.0,,,,
B09MB7D5ZF,,,,,160.0
B09MB7GHZB,,,235.0,,235.0
B09MBP44X7,,,,,46.0
B09MBQ4J8G,,,,,1.0
B09MBSKXJN,,,,561.0,
B09MBSRGB8,4.0,,,,
B09MCDTP4R,13.0,,,,
B09MCHYPGC,,,,,33.0
B09MCR5988,,,,,661.0
B09MCSBGD1,,,,,35.0
B09MCSZ3G6,,,,,13.0
B09MD14SN4,22.0,,,,
B09MD17Y1R,1.0,,,,
B09MDQ5J58,,,,,658.0
B09MF8V5LL,,,,,24.0
B09MFJ677X,,,,,2.0
B09MFPHJDB,402.0,,402.0,,402.0
B09MG29154,,,,,454.0
B09MGCW3MZ,,,,,137.0
B09MGWNWYF,,,,374.0,374.0
B09MHB2JYW,,,,,160.0
B09MHCGF7H,,,,,379.0
B09MHD2FFJ,,,,,379.0
B09MHF3H26,54.0,,,,
B09MHFH1CZ,,,,,379.0
B09MHFW9FT,,,,,379.0
B09MHGBTSY,,,,,28.0
B09MHL5TKW,,,,,14.0
B09MHTYZHJ,29.0,,,,
B09MJ1NJ5J,,,,,66.0
B09MJVP68S,,,,,7.0
B09MJXJ7BZ,,1.0,,,
B09MJZJ6HX,,,,,1029.0
B09MK2VYQ3,,,68.0,,
B09MK7MDT3,,,,,23.0
B09MK7RQZ2,,,,,26.0
B09MK7ZFNK,,,,,211.0
B09MK8NW1H,,,,211.0,211.0
B09MKDB2PF,,48.0,,,48.0
B09MKDRHWL,,,,101.0,101.0
B09MKF2ZV7,,,,,27.0
B09MKFLDKH,,27.0,,27.0,
B09MKGRSS7,18.0,,,,
B09MKHQ9JW,,,,,122.0
B09MKJMQ3K,,,,,122.0
B09MKJTZF4,,,,,15.0
B09MKRDXBC,,,,,60.0
B09MKRVJBT,,,2510.0,2510.0,2510.0
B09MKZVQQK,,,,,3.0
B09MLF47GL,,,,5.0,
B09MLFCQ9F,,,11.0,,
B09MLPTY5Z,,,,,350.0
B09MLR58J4,,,,,738.0
B09MLRRDC3,,,,,738.0
B09MLXGFR1,,13.0,,,13.0
B09MM4ZV77,,,,61.0,
B09MMLPFLJ,,242.0,,242.0,242.0
B09MMWLC7X,3.0,,,,
B09MMZP5SY,,,,,1330.0
B09MN964K2,,,,1400.0,1400.0
B09MN975X6,,,,,53.0
B09MN9FGH5,53.0,,,,
B09MNKJTF3,,,,,460.0
B09MP7PKL9,,,,,16.0
B09MP8TMTR,12.0,,,,
B09MPBVYQ5,88.0,,,,
B09MPDFKC3,2722.0,2722.0,2722.0,2722.0,2722.0
B09MPDLM4L,2722.0,,,2722.0,2722.0
B09MPJCNBB,,,,,6.0
B09MPJSCD3,,,,,36.0
B09MPT9QQ7,,,,,1.0
B09MPVG5BM,,26.0,,,26.0
B09MQ593L1,,,,15.0,15.0
B09MQ9RM21,,,,,139.0
B09MQHP2Z2,,,,,17.0
B09MQJG169,,,,,3.0
B09MQXBF9Q,,,,,21.0
B09MQZQ5LJ,,,,,3.0
B09MRKLLSH,,,,,187.0
B09MRVKKP8,,,44.0,44.0,44.0
B09MRVV8P6,,,55.0,,55.0
B09MRWHQKK,90.0,,,,90.0
B09MRWXZW1,8.0,,,,
B09MRX4622,,,,107.0,107.0
B09MRXLRMT,,,,142.0,
B09MRZP2YH,83.0,83.0,,,83.0
B09MRZQR7K,,,,,24.0
B09MS2J6QD,,,,,14.0
B09MS35WPS,5356.0,,5356.0,5356.0,5356.0
B09MS3R7WP,2.0,,,,
B09MS57QV2,,,,,5356.0
B09MS6YL8W,,,,,33.0
B09MS78WGF,,,,,2.0
B09MSGPLBR,135.0,,,,
B09MSRJDW8,479.0,479.0,479.0,479.0,479.0
B09MSV8C8Z,400.0,400.0,400.0,,400.0
B09MT31JZK,3.0,,3.0,,
B09MT9Q81Z,,,,,2.0
B09MTBQJLS,7.0,,,,
B09MTC13P6,,,,,2.0
B09MTGZ3ML,,12.0,,,
B09MTHCSFL,,464.0,,464.0,464.0
B09MTLVRJ2,4.0,,,,
B09MTRPX9L,,,,,3.0
B09MTS591K,,,,,18.0
B09MTVBD54,,25.0,25.0,,
B09MV3B1LV,,145.0,,145.0,145.0
B09MVBYCMY,,,,63.0,63.0
B09MVK4VWC,,,,,483.0
B09MVKHNLS,,2829.0,,2829.0,2829.0
B09MVKSJFF,,,,,2829.0
B09MVMX1T7,,,,,200.0
B09MVTZP65,,,,,430.0
B09MVW932R,,,,,495.0
B09MW2LQ63,,,,,285.0
B09MW2SFC3,,,,,70.0
B09MYHGCFP,,,1952.0,,1952.0
B09MYNQLNR,1952.0,1952.0,,,
B09MYPTC16,,,724.0,,
B09MYQ8TDZ,,,,,74.0
B09MYSH31T,1952.0,,1952.0,1952.0,
B09MYSJ9LT,,,,,724.0
B09MZ27Y1N,,,,,13.0
B09MZ28MB9,78.0,,,,78.0
B09MZ5771J,,,,,16.0
B09MZ5ZJQ4,8866.0,8866.0,8866.0,8866.0,8866.0
B09MZ8V6C5,8866.0,8866.0,8866.0,,8866.0
B09MZQT8G8,,,110.0,,
B09N148BRB,,,,,75.0
B09N14N1BC,75.0,75.0,,,75.0
B09N14ZWYW,,,,,3.0
B09N1566DL,,,32.0,,
B09N15TLT5,390.0,,,,390.0
B09N1619JC,,,,,390.0
B09N16DTGJ,390.0,,,,390.0
B09N16K5YB,,,,6.0,
B09N18WKXP,18.0,,,,
B09N1PRWCG,,,,,84.0
B09N1SB8XY,118.0,,118.0,118.0,118.0
B09N2CL8PJ,,,,,107.0
B09N2Q3NK8,,,,,11.0
B09N32TPTF,57.0,,,,
B09N33NXWK,,,,,60.0
B09N33SCKZ,,10.0,,,
B09N3C7VMJ,,,,,79.0
B09N3CCP22,,,,,35.0
B09N3CSTT6,,,83.0,,
B09N3CT1T6,,,2.0,,
B09N3GTLVM,,,473.0,,473.0
B09N3JFMHZ,,,,,1.0
B09N3KH231,,,,,7.0
B09N3LGCKF,,,,,175.0
B09N3P2T9P,11.0,,,,
B09N3SC8NB,,,23.0,,
B09N5N6184,,120.0,,120.0,120.0
B09N6JJ8QN,4.0,,,,
B09N6LB45V,,,,,3.0
B09N6T788R,,,,9.0,
B09N6TQ12X,,,,8.0,
B09N6VY8ZZ,,,,,1035.0
B09N6WKLV6,,,,72.0,
B09N73M45P,,,,12.0,
B09N74TZDL,141.0,,,,
B09N8LRL7P,10.0,,,,
B09N8VGNYC,11.0,,,,
B09N8XJV32,1.0,,,,
B09N8XVQTV,,,,,3.0
B09N8Y8R1L,186.0,,,,
B09N8YTJ3J,,149.0,,149.0,
B09N8ZV3MK,,24.0,,,
B09N912V4T,,2.0,,,
B09N91S6NY,,,,,3.0
B09N959C4X,174.0,,174.0,,174.0
B09N99HYJ9,,,16.0,,
B09N9V3GDC,,,,12.0,
B09NBBHPQN,99.0,,,,99.0
B09NBM77ZJ,,,,145.0,
B09NBN19D7,,,,66.0,
B09NBRKZW8,155.0,,,,
B09NBSP3MF,,,,,116.0
B09NBTP1LK,,,66.0,,
B09NBVVTNY,,,,,397.0
B09NBZ2LJ9,,,,,23.0
B09NC9TH4P,,,,,11.0
B09NCB7TJ7,,,,70.0,70.0
B09NCBH594,,,,65.0,65.0
B09NCT64K4,,,,566.0,566.0
B09NCVLCMT,,,,,38.0
B09ND2ZM54,,497.0,497.0,497.0,497.0
B09ND6HH4N,,,,,14.0
B09ND6K5WY,20.0,,,,
B09ND86ZXW,,,3.0,,
B09ND9JZTS,,1.0,,,
B09NDFXRVB,,,,,86.0
B09NDHNQMN,,6.0,,,
B09NDK156R,,21.0,21.0,,
B09NDKZ4G9,,5.0,,,
B09NDP53VB,,,,,109.0
B09NDSLGMF,,,,,5.0
B09NDT7JFP,,,,,214.0
B09NF1C5VV,,,,,237.0
B09NF1P3YX,,,,,237.0
B09NF9HPTV,,29.0,,,
B09NFBNZ17,,,,,29.0
B09NFMQPNM,,,,,5.0
B09NFTNZ58,2.0,,,,
B09NGC2BN1,11.0,,,,
B09NGGY6JW,,,,,1.0
B09NHQXM9J,631.0,,,,631.0
B09NHSH8V1,,,,,19.0
B09NK6KF81,104.0,,,104.0,
B09NKBPV2J,1.0,,,,
B09NKDDFMN,,,,,631.0
B09NKF9Z41,631.0,631.0,,,631.0
B09NKH7M16,,,631.0,631.0,631.0
B09NKJQBFQ,,,,,65.0
B09NKN4ZQH,,,,,31.0
B09NKT22TM,,,,,12.0
B09NKTHGLS,17.0,,,,
B09NKW5KPT,,,,,21.0
B09NKW9Z8J,71.0,,,,71.0
B09NKYJ44J,,,,2449.0,
B09NKYS9HG,,,2449.0,,
B09NKZD5TS,,,,2449.0,2449.0
B09NLVG87B,,,,,17.0
B09NM5VGKM,,,,1.0,
B09NN1SCDV,,,,106.0,106.0
B09NNB3NGX,457.0,,457.0,,457.0
B09NNCHB4Q,,,,14.0,
B09NNJ5D5T,,,,,1.0
B09NNK3SKD,,1.0,,,
B09NNNFTYP,,,,,17.0
B09NNYB7FT,,,,27.0,
B09NNYCP7N,1269.0,,,,1269.0
B09NPC6XGY,,,,,209.0
B09NPCPXBP,117.0,,,,117.0
B09NPL68T7,,,,,4.0
B09NPLJHCV,,,9.0,,
B09NPLWVSS,,,,,32.0
B09NPPTZC7,,,,10.0,
B09NPTG71N,,,21.0,,
B09NQ8TN1L,,,61.0,61.0,61.0
B09NR1JFFT,,,,554.0,554.0
B09NR6G21X,,,,,1357.0
B09NR6WXWX,23.0,,,,
B09NR7WV52,,,,30.0,30.0
B09NR8KTP2,,,,,8.0
B09NR9FYP8,,,,,1.0
B09NR9ST8F,,,,,7.0
B09NRT8JX9,,,18.0,,
B09NS6T9LT,,,,,146.0
B09NS7JRXS,,,,,9.0
B09NSDJJWG,,,7.0,,
B09NSG4QCQ,,41.0,,,
B09NSMD2VP,,,,,2.0
B09NSMT1R4,,,,,70.0
B09NTBYLBV,,,,,12.0
B09NTK59BJ,11.0,,,,11.0
B09NV88SR8,,,2.0,,
B09NVCWJP4,346.0,,346.0,346.0,346.0
B09NVQCM57,142.0,,,,
B09NVRBYDX,,,,,42.0
B09NVX8D9H,,,,,11.0
B09NVYZF3Y,,,23.0,,
B09NW76R4B,,,1.0,,
B09NW7R2FN,,,,50.0,50.0
B09NW7S32J,,,,50.0,50.0
B09NXGKVQM,,,1280.0,,
B09NXNY44J,,,,,46.0
B09NXQNZSQ,,128.0,,,
B09NXV8WSM,,,,,18.0
B09NXX1Y57,,,,,23.0
B09NY1CSQ6,,53.0,,,53.0
B09NY8NJGB,1.0,,,,
B09P15PDV3,,,,195.0,195.0
B09P178RVV,,,,,585.0
B09P179KJ1,,,,,33.0
B09P1DDS8S,,,,,149.0
B09P1DZ6F8,,,,,12.0
B09P1KYXVP,,,,,129.0
B09P329C4X,,,,,97.0
B09P358498,,81.0,,,
B09P3JYPDD,,69.0,,,
B09P3KFPQL,,,,,69.0
B09P3KG3LP,,69.0,,,
B09P3S4WFN,,,,,86.0
B09P3W2VRG,32.0,,,,
B09P4NYLSM,,,,8.0,
B09P4P3QV8,77.0,,,77.0,77.0
B09P4RBVD8,,,,,334.0
B09P4TXZ75,,,,,738.0
B09P4V9WCF,,,,,661.0
B09P4W9X33,60.0,,,,60.0
B09P4XTJYP,,,3.0,,
B09P55SNXV,41.0,,41.0,41.0,
B09P55V45C,,,,41.0,
B09P5D7F9V,,,77.0,,77.0
B09P5HGHBJ,,22.0,22.0,,22.0
B09P5KYK9T,,,,,93.0
B09P5L1T9G,,,,,93.0
B09P5PN1DK,,20.0,,20.0,
B09P6BM9LZ,1198.0,1198.0,,,1198.0
B09P6BRZ5N,,1198.0,,,1198.0
B09P6D5H68,,1198.0,,,
B09P6WZPFT,,,,,10.0
B09P6Y1M14,,,,,96.0
B09P6YN7TH,,,,,10.0
B09P7D7CLS,,,,,52.0
B09P7N2853,,,,,2.0
B09P7N4SF4,,,,,27.0
B09P7WJ1VM,,,,19.0,
B09P7WWCYF,,,,44.0,
B09P7WX246,,,,,15.0
B09P7X5JLC,,,,173.0,
B09P7XF6ZD,,,,,173.0
B09P7YJRKF,,,,,173.0
B09P7YLJ7Z,2.0,,,,
B09P81S749,,,,,6.0
B09P84KLXY,364.0,,364.0,364.0,364.0
B09P85HP2P,,,,4.0,
B09P873XVG,,,,,5.0
B09P87Q5MJ,,,,,57.0
B09P8BNFST,,,,,73.0
B09P8BNLRL,,,,,28.0
B09P8C29SQ,,,,,115.0
B09P8C86FT,,,,73.0,
B09P8CP1KY,,,,,73.0
B09P8G4SMX,,24.0,,,
B09P8KXX4Z,,,,,58.0
B09P8PW6D2,,,,,197.0
B09P8RM1MP,,,,,25.0
B09P8S228Z,,,,,25.0
B09P9JN9LV,2128.0,,2128.0,2128.0,2128.0
B09P9P23Z8,,,25.0,25.0,
B09P9XSN39,,,,,48.0
B09P9Y9PLL,,,,,8.0
B09PB2J1BG,,,,,316.0
B09PB2MKGW,,,,,82.0
B09PBB4XCP,,,,,37.0
B09PBC4YJY,,,,,73.0
B09PBD4RKQ,106.0,106.0,,,106.0
B09PBD5JS2,76.0,,,,76.0
B09PBDP1QH,,,,76.0,76.0
B09PC4LNNL,,,,,12.0
B09PC8T8ZC,127.0,,,,
B09PD6YN3L,,,,,6.0
B09PD7JV1D,,,,,52.0
B09PDC36HD,,,,,11.0
B09PDF2GXJ,,,,,8.0
B09PDM1ZP6,,,,,43.0
B09PDRQKN4,,3.0,,,
B09PF7KZYN,,,,,19.0
B09PFL7KWW,31.0,,,,
B09PG1P727,,,,,64.0
B09PG4W6QZ,,,154.0,,154.0
B09PGC6PH3,,,,,21.0
B09PGY2PSS,,,,,10.0
B09PH4SKM1,,,85.0,,85.0
B09PH5653K,,2.0,,,
B09PH6RZDH,,,,,50.0
B09PH79L6L,,,,,3.0
B09PH8LF1M,,,,,5.0
B09PH8RXSL,,,,,348.0
B09PHBSS88,,,,,348.0
B09PHWXDVN,,,510.0,510.0,510.0
B09PHX7633,,,,510.0,510.0
B09PJBRXNF,35.0,,,,
B09PJN74JS,,,,,41.0
B09PJW36L7,,,,,2.0
B09PKZBKFN,,3.0,,,
B09PKZZ23J,,412.0,,412.0,412.0
B09PL18YX8,,,,,412.0
B09PL4NJ66,111.0,,,,
B09PMKMZSC,350.0,,,,350.0
B09PMMKLGJ,,,,,33.0
B09PMPZG45,,,190.0,,
B09PMXYZMV,,,,,104.0
B09PN12H17,,,,,56.0
B09PN3ZFT6,,,,,57.0
B09PN6J5RB,,,5.0,,
B09PNBS896,,,,,26.0
B09PNGWVPT,,,7.0,,
B09PNLYP2L,,,,,11.0
B09PNSGPH4,,,,,9.0
B09PNTG5RH,,,,,83.0
B09PNVFX8Q,,,,,9.0
B09PQKJ2V8,7.0,,,,
B09PQYZZMV,12.0,,,,
B09PR883JF,,,22.0,,22.0
B09PRB3MVD,174.0,,,,174.0
B09PRB3PPF,,,,174.0,
B09PTC61L7,,,,,47.0
B09PTDR3H3,,,,187.0,187.0
B09PTG9VPV,,,,,187.0
B09PTGTVHS,,,,,356.0
B09PTQ9851,,,,50.0,50.0
B09PTR9KTS,,,,,86.0
B09PTVRZPX,,,,,11.0
B09PTZ4XG7,,,,22.0,
B09PV4262B,,,,,8.0
B09PV6PN8C,16.0,,,,
B09PV7CFXX,,,,,4.0
B09PVJNG83,,,381.0,,381.0
B09PVL4DGS,,,381.0,,381.0
B09PY6RJQS,,,,,262.0
B09PY89968,,,,,6.0
B09PYPS73V,,,,,262.0
B09PYYV34Q,,,62.0,62.0,62.0
B09PZ1QGW7,,971.0,,,971.0
B09PZ3FGHY,4.0,,,,
B09PZ3QM73,,8.0,,,
B09PZSZ1KF,,,43.0,,43.0
B09Q2PQRY1,,6.0,,,
B09Q2Q6DDS,,,,,13.0
B09Q2T24K1,,,,35.0,35.0
B09Q2VBSKC,,,58.0,,58.0
B09Q2VWR7R,,,,,33.0
B09Q2X2D8L,,,,,11.0
B09Q32WWHQ,,,,109.0,109.0
B09Q33LQWD,,,,,199.0
B09Q351VG3,,,,,180.0
B09Q55RSN8,,,18.0,,18.0
B09Q5GJ1SK,1322.0,,,,
B09Q5HV9XY,42.0,,,,
B09Q5NMJ2L,92.0,,,,92.0
B09Q5RZPZL,,,,,578.0
B09Q5Y7SLL,1.0,,,,
B09Q62VPKJ,,,,,36.0
B09Q8297NP,258.0,258.0,,258.0,258.0
B09Q82F6Q1,,,,5.0,
B09Q834L2C,,,,,27.0
B09Q84JHGG,,5.0,,,
B09Q8VPZMQ,,,50.0,,
B09Q8YLYD5,,,,17.0,
B09Q9BSN3S,1351.0,1351.0,1351.0,1351.0,1351.0
B09Q9D1VKN,1351.0,1351.0,1351.0,1351.0,1351.0
B09Q9YPWF2,1351.0,1351.0,1351.0,1351.0,1351.0
B09QBPMR5Z,,,481.0,,481.0
B09QBPNRM9,,,,,24.0
B09QBTLSL1,141.0,,141.0,141.0,141.0
B09QBXXZ3F,,,,,161.0
B09QC3RZRJ,,,,,2.0
B09QCJD2TL,262.0,,,,
B09QCTHP5C,,,,,2105.0
B09QCVYWX3,72.0,,72.0,,72.0
B09QD2YWP5,35.0,,,,
B09QF1FTSY,,,,,2.0
B09QFGV8CG,,,,,203.0
B09QFH9R2K,,,,,197.0
B09QFHRSL8,15.0,15.0,,,15.0
B09QFSVK73,,,,,25.0
B09QFW9LNW,,,,,203.0
B09QG39TF8,,,,,2.0
B09QG4V4DV,,203.0,,,
B09QG4YJNF,,,,,3.0
B09QG6LR5J,,,,,413.0
B09QGCSQMM,3.0,,,,
B09QGJWZ5X,,,,115.0,
B09QGXXH21,,,56.0,,
B09QHLGG6H,11.0,,,,11.0
B09QHMW1S6,,,,,109.0
B09QHMXXJ7,,,4.0,,
B09QHQ44CR,372.0,,,372.0,372.0
B09QHRLGHY,,,,,207.0
B09QHS11KM,,5.0,,,
B09QHW9BXJ,28.0,,,,
B09QJ4HDY3,,,,,55.0
B09QJ9M9W6,,,,,105.0
B09QJNR3L6,,,8.0,,
B09QJRCRMC,,,,,4.0
B09QKB4BM4,,,28.0,,28.0
B09QKDS62V,,,,,32.0
B09QKFBXK3,,,,,64.0
B09QKFYW9D,,74.0,,,
B09QKFZPXJ,,,,,74.0
B09QKG4Y6G,,273.0,,,
B09QKGG61J,,4.0,,,
B09QKJ555X,,,90.0,,
B09QKLRG7P,,,,,1.0
B09QKZRTZK,,,,,1.0
B09QL7NNGZ,16.0,,,,
B09QL9CDYB,,7.0,,,
B09QM6RRTC,,,,,14.0
B09QMG4BP8,,,,13.0,
B09QPCD15W,,,,,125.0
B09QPCD15X,,,,,125.0
B09QPJ9LZ5,,,,,63.0
B09QPN9MFF,,,,,20.0
B09QPP7QHS,,,,,63.0
B09QPVFGGZ,,,7.0,,
B09QPWL9P9,,,,93.0,93.0
B09QPX1N8F,,,,,63.0
B09QPXFFYQ,,105.0,,,105.0
B09QPZR9V2,123.0,,,,
B09QQ369QG,30.0,,30.0,30.0,30.0
B09QQ55DQD,,,,,129.0
B09QQ5MCT2,,,,,10.0
B09QQ5VMHN,,,,129.0,
B09QQ667XJ,,,41.0,,41.0
B09QQQVNSM,,,,,135.0
B09QRD9L24,,,,,83.0
B09QRW4BYY,,,25.0,,
B09QRW61Q5,,,,,2.0
B09QRY4CW7,,,,,5.0
B09QS1NK29,,67.0,,,67.0
B09QS9J927,65.0,65.0,,,
B09QSMV8HY,75.0,75.0,75.0,75.0,75.0
B09QSZ6Q8P,4.0,,,,
B09QT35561,,,10.0,,10.0
B09QV9Z2Q5,,,,18.0,
B09QV9ZCP3,,,,,321.0
B09QVBWLVY,,,,55.0,55.0
B09QVC68MG,242.0,,,242.0,242.0
B09QWBLF36,,,,,67.0
B09QXBT673,,,,,39.0
B09QXCYSC9,724.0,,,724.0,724.0
B09QY7MXVS,,3.0,,,
B09QYL2XDC,,,,,69.0
B09R1J7VB4,,,,,129.0
B09R1NDJ3B,123.0,,,123.0,123.0
B09R1WMT7N,,,,,13.0
B09R246GMW,194.0,,194.0,194.0,194.0
B09R24F1FY,172.0,172.0,172.0,172.0,172.0
B09R24G6N7,89.0,89.0,,89.0,89.0
B09R2C8MCF,,,,,94.0
B09R3R24PZ,,,,41.0,41.0
B09R47DGPZ,,,,,145.0
B09R6KHXKN,,,,,74.0
B09R825J9W,,,,,51.0
B09R8QRJGT,,,38.0,,
B09R9522DS,3.0,,,,
B09R9FC2KP,,,12.0,,
B09R9VQH2W,,,,,105.0
B09RF95MZD,,,,,3.0
B09RFHZL1S,2.0,,,,
B09RK4BK78,,,220.0,220.0,
B09RNGDQYM,28702.0,,28702.0,,28702.0
B09RPDS1W5,8.0,,,,
B09RPK4K6T,,,,15.0,15.0
B09RQ1CLVH,,,,14.0,14.0
B09RQ1FLNN,,,,13.0,13.0
B09RQ4S2RQ,,,,26.0,26.0
B09RQM2SXN,,,,657.0,657.0
B09RQMFL9K,,,,657.0,657.0
B09RTCMXC3,1.0,,,,
B09RTFSDKF,,,,41.0,41.0
B09RTGSPQH,,,,,8.0
B09RTGX57M,,,,,125.0
B09RTK9L8V,,,,,20.0
B09RVVPZHZ,,,,,163.0
B09RWHVVLB,,,41.0,,41.0
B09RWNC5B3,8.0,,,,
B09RWNCWG5,8.0,,,,
B09RWX83R7,,,,,200.0
B09RZG3C5T,,,,157.0,157.0
B09RZHRDQC,,,,,10.0
B09RZQCTNJ,,,,36.0,36.0
B09RZVJMHH,,,,,4.0
B09RZVTXWJ,,,4.0,,
B09S15TBJL,,,,,110.0
B09S2RTKG1,,,,9.0,
B09S3235KP,,,,,32.0
B09S37MM9Z,,,,,8.0
B09S3DR7QB,,,,,578.0
B09S3H7TX6,,,,,16.0
B09S3X8HTY,,,,18.0,
B09S3YM1LK,,,,19.0,
B09S5JNNVT,,,,,19.0
B09S5NBQS3,,,44.0,,44.0
B09S5R9ZS8,15.0,,,15.0,
B09S5V4SDP,,,,,8.0
B09S5VWGFM,,,,42.0,
B09S66H8ZZ,48.0,,,,48.0
B09S68HXYZ,,,685.0,,
B09S6M75N8,,,,,17.0
B09S6VF1TK,,,,2702.0,2702.0
B09S7MZ3S2,,,,,316.0
B09SB4X4C3,,,,,13.0
B09SB5SD3J,,,,,1440.0
B09SBBZBVQ,,,32.0,,32.0
B09SCHWV6Z,26.0,,,,
B09SCMCV5P,1.0,,,,
B09SF4M1S4,,4.0,,,
B09SF6PSDL,16.0,,,,
B09SFTSYNK,,,,,396.0
B09SFX623Q,,390.0,,390.0,
B09SFYFNMZ,,,,240.0,240.0
B09SFZGGS1,,52.0,,,
B09SG6KH7X,,,,,6.0
B09SGDBKPH,,,,87.0,87.0
B09SH4WT9P,418.0,,,,
B09SHB7GNM,,,,,11.0
B09SHGWRPN,,,,,7.0
B09SKSX35N,,,,,62.0
B09SKWNVKB,,,,,62.0
B09SKZNR78,5.0,,,,
B09SL2D6J6,,135.0,,,135.0
B09SLM96GW,34.0,,,,
B09SLP2MKY,,,,,262.0
B09SLPN6L5,,,,17.0,
B09SLS8W9B,,,,,20.0
B09SLT1CY9,58.0,,58.0,,
B09SM6FQYM,,,,,7.0
B09SN11CP7,,60.0,,,60.0
B09SN5B5XL,,,,,153.0
B09SP1FJLY,,,45.0,,
B09SP4SGN4,1.0,,,,
B09SP4T9DG,,,,,2.0
B09SPXPRRT,,,,51.0,
B09SPZ5HZW,,,,,51.0
B09SQDGGQ6,,,,,83.0
B09ST2KW3K,,,,,18.0
B09ST81FNB,793.0,,,,793.0
B09STG4ZMZ,,,5.0,,
B09STG6M2C,822.0,822.0,822.0,822.0,822.0
B09STKMR7N,,,,4697.0,
B09STZ936K,,,,,6.0
B09SV6VNW4,,,838.0,838.0,838.0
B09SVD4GDB,,,2.0,,
B09SWQQVFW,,,,39.0,39.0
B09SX1116P,,98.0,,,
B09SX1Y1FN,,,20.0,,
B09SXP3N7K,84.0,,,,84.0
B09SXSH62G,,,,,41.0
B09SY2JJVH,145.0,,,,
B09SYRCRH7,,,,,24.0
B09SYXQZCC,,,,,714.0
B09SZ5RG1C,,,,,5.0
B09SZ6MWB8,,,,359.0,359.0
B09SZ9YHW5,,,,,101.0
B09T2QZ7VJ,,,,,54.0
B09T2VML4D,,,60.0,60.0,60.0
B09T2YH6HG,,,,,37.0
B09T33STGB,,,24.0,,
B09T36H1RS,,,,,63.0
B09T3DB9M5,,,,,2.0
B09T3P6Z9D,,,,,5.0
B09T4YW9BN,,,66.0,,66.0
B09T5KB5YK,,,,,128.0
B09T5P392G,,,,,128.0
B09T5TNFWJ,25.0,,,,
B09T5V3RSM,132.0,,,132.0,
B09T5VBB62,,,,,4.0
B09T5WN1XC,,,,52.0,52.0
B09T677CKH,,,121.0,,
B09T67FJLB,,,,,4.0
B09T6BKVM4,,,72.0,,72.0
B09T6DB383,,,,,128.0
B09T6H5D98,,,,,315.0
B09T91SJ5C,,,77.0,,
B09T95JB6L,,,,,869.0
B09T99J9G6,2.0,,,,
B09T9BWC4B,,,203.0,,203.0
B09T9KK3J3,,,,869.0,869.0
B09T9S9JP5,,,,,203.0
B09T9T5J95,,,,,17.0
B09T9TXZM6,,,,34.0,34.0
B09T9VH8JG,,,,,2.0
B09TB5TWV4,1.0,,,,
B09TD1B8LZ,,,,1.0,
B09TD4X4PT,,,,,4.0
B09TD8TML2,207.0,,,,207.0
B09TD9QKJV,,,,,55.0
B09TDLN4CR,,,,,11.0
B09TDMP63J,,,,,25.0
B09TFDZPCB,70.0,,,,70.0
B09TFF6NGB,,,,57.0,
B09TFQV37Q,,,99.0,,
B09TFS9GN7,80.0,,,,
B09TFTGDQ2,14.0,,,,14.0
B09TG4VGRT,,,,,4488.0
B09TGDML54,,,,25.0,
B09TGFXRFR,,,,,17.0
B09TGGDVMS,,,,,29.0
B09TH1QJRR,,,,,930.0
B09TH2QZQ4,,,12.0,,
B09TH2Y29J,,930.0,930.0,930.0,930.0
B09TH666JH,,,,,1.0
B09TH9N46Z,,,57.0,,
B09THHM9B7,,,,,2.0
B09THRBSFN,,,,,1047.0
B09TK2RW67,,,,,166.0
B09TK56F3H,,,77.0,,77.0
B09TK7JVX3,,,,,1.0
B09TKGHHS9,,,,8.0,8.0
B09TKJMGRR,,286.0,,,
B09TKLW8XM,,,29.0,29.0,29.0
B09TKM51JQ,,4.0,,,
B09TKPWC37,,,12.0,,
B09TKRQ581,,,,21.0,
B09TKVZTP5,,,,77.0,
B09TKYQXZK,345.0,345.0,345.0,345.0,345.0
B09TL1ZH9B,,,,,19.0
B09TL396T5,,,157.0,,157.0
B09TMX9831,,,,,8.0
B09TN3M7QQ,,,,374.0,374.0
B09TN6X5DD,,,,,59.0
B09TN8M31R,,,,,59.0
B09TNDHKPG,,,,14.0,
B09TNFRXHV,,,,,35.0
B09TNGN5GK,,,1.0,,
B09TNJRYCJ,10.0,10.0,,,10.0
B09TNPL94F,,,,,11.0
B09TNRL2BJ,,,,,211.0
B09TNT9C9Z,,,,,211.0
B09TNX7TVY,,,,,869.0
B09TNZXXKG,5.0,,,,
B09TP19QJG,,,,,121.0
B09TP5BNVC,,,98.0,,
B09TP7ZPX3,,,,,6.0
B09TP8215K,,,,76.0,
B09TP8VNLD,10.0,,,,
B09TP9SNN9,,,,,328.0
B09TPF64SC,,,,,59.0
B09TPGBJP2,,,,,115.0
B09TPLRJQB,,,,,44.0
B09TPMHR48,44.0,,,,
B09TPW7M3F,19.0,,,,
B09TQD74DJ,,,,,661.0
B09TQF5X6Q,,,2.0,,
B09TQJSZJL,,,2.0,,
B09TQK75TN,,,,126.0,126.0
B09TQLQ6PL,83.0,,,,
B09TQLT7ZZ,,,,,483.0
B09TQZMC77,,,,,84.0
B09TR27GRL,,,,,19.0
B09TR2DV9L,,,44.0,,
B09TR2PF2X,,,,,84.0
B09TR3M3FB,115.0,,,,
B09TR46VXR,,15.0,,15.0,15.0
B09TR5FTP9,,,,15.0,15.0
B09TR9DYDY,,,32.0,,
B09TRBBW21,,,,,29.0
B09TRBTSM2,17.0,,,,
B09TRCJJ83,17.0,17.0,,,
B09TRCVMQC,18.0,,,,
B09TRDFLVK,17.0,,,,
B09TRDMGJ3,,,,4.0,
B09TRK2F3G,,,125.0,125.0,125.0
B09TRL4PRW,,,,239.0,
B09TRP3ZPZ,,,,,96.0
B09TSBQ8BT,,,,,11.0
B09TSJBDD5,,,,,2.0
B09TSJQBSB,,,,,100.0
B09TSK5K9R,174.0,,,,
B09TSKP1RH,174.0,,,,
B09TSMFNYY,,,174.0,,
B09TSR7MP7,1.0,,,,
B09TST5LK8,6.0,,,,
B09TSV5SPS,78.0,,,,
B09TSZFZFW,128.0,,,128.0,128.0
B09TT4NCSC,,,,104.0,104.0
B09TT5SCQZ,,47.0,,,
B09TT6C1M5,109.0,,,,
B09TT6Z317,,,,,109.0
B09TT92XML,,,,,11.0
B09TTCDH8M,,,,,11.0
B09TTHW514,,,,,27.0
B09TTKXSL5,,,,,1.0
B09TTN1YCG,,,,,1047.0
B09TTNZW96,56.0,,,,
B09TTYTVSN,,,,,2702.0
B09TVF4GZW,207.0,,,,207.0
B09TVHZD9V,,,,,24.0
B09TVLLFTD,,,,,33.0
B09TVPNZKM,,,,766.0,766.0
B09TVYGFZC,,,,,74.0
B09TVYLVJS,33.0,,,,33.0
B09TW3KNCG,,,,,62.0
B09TW3VSMQ,,,,62.0,62.0
B09TW5WL4S,,,,,78.0
B09TW6M5T9,,,46.0,46.0,46.0
B09TW8MKJ3,14.0,,,,
B09TW8WNYB,,,,,192.0
B09TWMX4FL,,,185.0,,185.0
B09TWN1CKV,150.0,,,150.0,150.0
B09TWNX96G,,,,,66.0
B09TWPLXSP,,,,,64.0
B09TWPV74B,,,,64.0,
B09TX7C1WB,,,,,2260.0
B09TXDV53H,,22.0,,,22.0
B09TXRNC9W,,,1837.0,1837.0,1837.0
B09TY77K1X,,,,,407.0
B09TZ5CQVV,,,,,407.0
B09TZFYQJ6,,,,,1.0
B09TZKCKNR,24.0,,,,
B09TZQCC57,192.0,,192.0,192.0,192.0
B09TZRG8M2,181.0,,,,
B09TZVNTHS,,,,,29.0
B09TZXKZ92,,,,,97.0
B09V15P6PW,,,,,53.0
B09V182F6J,,,,,5.0
B09V1TZ1X3,110.0,,110.0,,110.0
B09V25WQZD,,,,7.0,
B09V26K28L,,,,,6.0
B09V2FWP7M,31.0,,,31.0,31.0
B09V2K2L64,,,,,166.0
B09V2K9KJN,,,,167.0,167.0
B09V2SCVWT,,,,,70.0
B09V2X6RD2,,141.0,,,141.0
B09V37ZCWS,,,,,7.0
B09V4BBH7F,2161.0,,2161.0,,2161.0
B09V4L2XNM,3.0,,,,
B09V4NLHP8,,,,,14.0
B09V4RFWC8,,,10.0,,
B09V4YJFB5,,,,,8.0
B09V528RZ3,,,,374.0,374.0
B09V53GNZN,,,,374.0,374.0
B09V56MWMY,,297.0,297.0,297.0,297.0
B09V58LX2G,,,,,297.0
B09V5FRQDF,,165.0,,,
B09V5G3PQY,,,165.0,,
B09V5HJT63,520.0,,,,520.0
B09V5PYW21,,,,,100.0
B09V5QDBJD,,,,,241.0
B09V6QNH46,,,3.0,,
B09V6S84JJ,,,113.0,113.0,113.0
B09V71NGW8,,,4.0,,
B09V74914C,,134.0,,134.0,134.0
B09V74MLW5,,,,,109.0
B09V7GD5QD,,,1884.0,,
B09V7HRLZ5,,,340.0,,340.0
B09V7HS39P,,,,,340.0
B09V7HZ218,,,,,340.0
B09V7J6L29,,,,134.0,134.0
B09V7SHT6S,134.0,,,134.0,134.0
B09V7T8SXZ,,,,,22.0
B09V84BP8F,,,,,76.0
B09V8CK21J,,287.0,,,
B09V8DHTH8,,,,,37.0
B09V8G6NGN,,,,,37.0
B09V99XF4T,,,,,23.0
B09VB5T4ZJ,,,,,1223.0
B09VB8HZBP,,,34.0,,34.0
B09VBBPX9N,,34.0,34.0,34.0,34.0
B09VBH978R,,,,,62.0
B09VBLZHVJ,,933.0,933.0,,
B09VBSCTP3,,,,62.0,62.0
B09VBWHTDN,,197.0,,,
B09VC94M9J,,,,,15.0
B09VD4BK5Z,,,,,1368.0
B09VD4RJ6C,,,,1.0,
B09VD8SFM6,,,1952.0,1952.0,1952.0
B09VD927SJ,,,,,1952.0
B09VD9KZWZ,,,,1952.0,1952.0
B09VDG51RZ,,,,55.0,55.0
B09VDJ7YYN,24.0,,,,
B09VDJRXRP,24.0,,,,
B09VDL1DC7,,,,,15.0
B09VFB2SPN,,,,,8.0
B09VFKGL92,,,,,737.0
B09VFKMJZW,,,,,737.0
B09VFM32PM,,,,,737.0
B09VG531XN,,,,,1.0
B09VG6MQ93,,,,,195.0
B09VG93R9V,,,,,4.0
B09VGWZLS3,,,,37.0,
B09VH46TFN,,,,18.0,
B09VJ9XN5X,,,,,10.0
B09VJQLH2D,,,,10.0,
B09VL1B3KV,,,198.0,,
B09VMP7S6D,393.0,,393.0,,393.0
B09VMR36YW,,,,,369.0
B09VMWYQVM,,,,,3154.0
B09VN11CB8,,,75.0,75.0,
B09VNHDW6Y,,,,597.0,597.0
B09VNHFCNQ,,,,,22.0
B09VNHQ8PS,,,,,393.0
B09VNL1SLH,,,597.0,597.0,597.0
B09VNP8TT3,149.0,,,,
B09VNPB22F,,,,75.0,75.0
B09VNTJCT9,939.0,,939.0,939.0,939.0
B09VNV1WHG,,,393.0,,393.0
B09VNXSS5P,,,,,149.0
B09VP2KX2Z,,,,,393.0
B09VP3VNTB,,,,,84.0
B09VP7VNN9,,,,,44.0
B09VPDD3HS,127.0,,,,
B09VPG2W2H,,,,,3.0
B09VPGLCPS,81.0,,,81.0,
B09VPRYQMD,,,,23.0,
B09VPY1J12,,,,460.0,460.0
B09VQ56NW7,,26.0,,,26.0
B09VRVZ35W,,,61.0,,61.0
B09VSCJ7FJ,,,369.0,,
B09VT37T39,,,,27.0,
B09VT5N8F7,9.0,,,,
B09VT84WQR,,,,,5.0
B09VTDPZGG,1.0,,,,
B09VWXRJV2,,,,,239.0
B09VX1DZSC,1.0,,,,
B09VX1VR79,,,4.0,,
B09VX46XVY,,,,,6.0
B09VX7ZQ3M,,,34.0,,
B09VXCQ7FZ,,,,,9.0
B09VXPDFM8,,,,,191.0
B09VZ3X6KR,,,,,30.0
B09VZ7FSQ1,,,,,12.0
B09VZ81F4Q,,,,42.0,
B09VZB62R4,,,27.0,,27.0
B09W17RYBG,3.0,,,,
B09W1S2Q66,,,,,29.0
B09W1ZZB2V,,,,,3006.0
B09W21SQMX,,,,,10.0
B09W24485X,,,,,4.0
B09W25D662,11.0,,,11.0,11.0
B09W25WMX9,,,,9.0,
B09W25Z1S9,,233.0,,,
B09W2D2G9C,,38.0,,,
B09W2J6SGB,,,,,1.0
B09W2KQRW1,,4.0,,,
B09W2NZWFY,,,13.0,,
B09W2Q7ZY6,,46.0,,,46.0
B09W34VWL1,,,3.0,,
B09W4B3PLQ,,,,,4.0
B09W4SGLXF,,,2.0,,
B09W4WPY95,,,,,69.0
B09W58J5V5,,,7.0,,
B09W5J3FJS,69.0,69.0,,,
B09W5JCLNQ,,,,,68.0
B09W5MB57S,68.0,,,,68.0
B09W64G1T2,31.0,,31.0,31.0,31.0
B09W64J3CY,2.0,,,,
B09W7KMMHZ,,,908.0,,908.0
B09W89WFBX,1847.0,1847.0,1847.0,1847.0,1847.0
B09W8R97DS,,,,36.0,36.0
B09W8SXG5Q,,,,,36.0
B09W94K86M,,,,797.0,797.0
B09W98DHWJ,,,6.0,,
B09W98N776,,,12.0,,
B09W98RXM5,,,,,16.0
B09W98W8K3,,,,,13.0
B09W99N3HV,,,,,15.0
B09W9B5FP8,2.0,,,,
B09W9BQYHS,,,,28.0,
B09W9CGDGB,,,12.0,,
B09W9DG7WG,,,69.0,,
B09WB1Z1HV,,,,,4.0
B09WB5LV5H,,,,,18.0
B09WCF6GMJ,,,,,110.0
B09WCXYMVK,,,,,33.0
B09WCYD563,,,,101.0,101.0
B09WCYMPLM,,272.0,,,
B09WCZC8ZC,,4.0,,,
B09WD33YC9,,,,,26.0
B09WD7RFG2,33.0,33.0,33.0,33.0,33.0
B09WD7WG8W,,,,101.0,
B09WDCDX1Y,,,,,12.0
B09WDGNZCC,286.0,,286.0,,286.0
B09WDQ4H6Z,,,,,6.0
B09WDQNH2D,,,,642.0,642.0
B09WDRY637,,,,,7.0
B09WF1MVM6,,,12.0,,
B09WF7Z6LS,,,,,15.0
B09WFBC7QP,,,,15.0,15.0
B09WH174WG,432.0,,,432.0,432.0
B09WH1Y72V,41.0,,,,41.0
B09WH2MJ2G,,,26.0,,
B09WHPPZ9K,2056.0,2056.0,2056.0,2056.0,2056.0
B09WHV62FV,,,,342.0,342.0
B09WHWS6P1,,,,,342.0
B09WJG6TXS,,,,,19.0
B09WJJ5VL1,,,,,15.0
B09WJJF89M,,,,8278.0,
B09WJK7WSH,8278.0,,,,
B09WJLNL53,,,,,8278.0
B09WJN23JR,,,,,283.0
B09WJYQN7T,42.0,,,,42.0
B09WJZBWY2,,,125.0,125.0,125.0
B09WK527VC,,,,5.0,
B09WKCJP8D,,,,,8.0
B09WKGY8D8,,,,,29.0
B09WKPWZ7C,,,,185.0,
B09WLHRHMT,37.0,,,,
B09WLNXMJ5,,,,238.0,238.0
B09WMDGCK8,,,,,40.0
B09WMLDWWK,6.0,,,,
B09WMPNG53,317.0,317.0,317.0,317.0,317.0
B09WMZ21GR,,,,1.0,
B09WNB8N6Z,,,,,1.0
B09WNBVJ9V,,,,139.0,
B09WNM13PT,,,,,3.0
B09WP3PY7Q,,,,,24.0
B09WP9NWWC,,58.0,,,
B09WPC1YS4,,,,1.0,
B09WQ1RFPP,,,,,31.0
B09WQ87WS2,31.0,,,,
B09WQTVTP1,96.0,,,,96.0
B09WQY3FJL,71.0,,,,
B09WR1FMKQ,105.0,105.0,105.0,,105.0
B09WR1N4YL,105.0,,,,105.0
B09WR3F84P,105.0,,105.0,,
B09WR9N2YR,,,24.0,,
B09WRDGJPF,,6.0,,,
B09WRPT31R,,,,,1198.0
B09WT9RG2F,,,,104.0,
B09WTHX78J,,,,,11.0
B09WTMGL3W,,,,,104.0
B09WTMGTXW,,,,,24.0
B09WTVBFBG,,,,,58.0
B09WTYQS6J,,,,,58.0
B09WV13BW8,,,,,72.0
B09WV5QQV4,,,1.0,,
B09WVB9Z17,,,,,27.0
B09WVDKK6C,,,,,9.0
B09WVH7CL8,,,,,10.0
B09WVN1GW4,,,5499.0,,5499.0
B09WVQ9QXM,,4.0,,,
B09WW3H5PT,,,,,482.0
B09WY5G3ZY,,,,,14.0
B09WY85G8D,,,,,3.0
B09WY8MRB9,,,,,22.0
B09WYDZD6B,,,124.0,,124.0
B09WYGRJR5,,,3.0,,
B09WYMLCGR,,,,,5.0
B09WYPH1Y8,,,,,87.0
B09WYZ1S7P,,,,,2.0
B09WZ1ZKWR,,,25.0,,
B09WZNLMXF,,,,,24.0
B09WZRSQ8D,,,,,8.0
B09X11HQ65,,25.0,,,
B09X149YG5,442.0,,,,442.0
B09X14QQLK,32.0,,,32.0,
B09X1523VQ,,,,,32.0
B09X1CYXMM,,,,,63.0
B09X1GW12R,,,,39.0,39.0
B09X1K36NT,,,34.0,34.0,34.0
B09X2SGTH6,,,,,16.0
B09X2VDFKM,,,59.0,,
B09X36DZW8,,,200.0,,
B09X3GG67L,958.0,,958.0,,958.0
B09X4HCQTB,,,,53.0,53.0
B09X4MSCH1,,,,14.0,
B09X5B6VZ9,,,,,36.0
B09X5DRGG8,,,,36.0,
B09X6BTR3F,14.0,,,,
B09X6XD81S,,,,,29.0
B09X6Y2G88,,9.0,,9.0,
B09X7DC68P,,,6.0,,
B09X9NY9WJ,,,,,8.0
B09X9QR33C,,,,,83.0
B09XB3JLCS,3054.0,3054.0,3054.0,3054.0,3054.0
B09XB47766,,,,3054.0,3054.0
B09XB4MY2D,3054.0,3054.0,,3054.0,3054.0
B09XB5F8ZW,84.0,,,,
B09XB9XB69,,,,,74.0
B09XBBX4TF,,,,,314.0
B09XBCB8NW,,,,,74.0
B09XBFGWQ6,,,,,2912.0
B09XBL6VYY,,1212.0,,,1212.0
B09XBMWD8X,,,,138.0,138.0
B09XBNSX8K,,,,132.0,132.0
B09XBQ8Z49,,,,,1212.0
B09XC8RXYJ,58.0,58.0,,58.0,58.0
B09XCHSLVD,,,,,63.0
B09XD2XB92,,3.0,,,
B09XDKTJZB,37.0,,,,
B09XDPSD5W,2912.0,,,,2912.0
B09XDR8Z18,,44.0,,44.0,
B09XF4ZQKZ,,,,,2694.0
B09XGVX7Q1,,,,93.0,93.0
B09XGZM4PF,,,3.0,,
B09XHBP69H,,,,,133.0
B09XHLCK9P,,,,,12.0
B09XHN6956,2.0,,,,
B09XHPDPQ9,,,34.0,,
B09XHSPXRG,,,,,3.0
B09XJ3KLWG,,,131.0,131.0,131.0
B09XJ3SGYZ,,,,,14.0
B09XJTBX41,,,,39.0,39.0
B09XJVRN2S,,,,,52.0
B09XK87BG7,28.0,,,,
B09XL87WSB,,,,,16.0
B09XLFDVWP,,,27.0,,27.0
B09XLKSTBT,,,32.0,,
B09XM16CHC,,,171.0,171.0,171.0
B09XM455D1,,,,9.0,
B09XM7W94R,,,,795.0,795.0
B09XMFC8MZ,,,,,13.0
B09XMH7XWY,25.0,,25.0,,
B09XMHBPRV,,,,,4.0
B09XMHCFKK,,,,,4.0
B09XMHR9J4,,,,,4.0
B09XMJ6PGH,,,20.0,,20.0
B09XMKZPSP,,,,,203.0
B09XMN43JV,107.0,,,,
B09XMNR83L,,,,,9.0
B09XMPXWSV,,,154.0,,
B09XMSMVGJ,,,,,154.0
B09XMVCNKG,,,,,8.0
B09XN49ZB3,,,,,76.0
B09XN65JYL,,,,76.0,
B09XPX85NZ,,,,,32.0
B09XPXJGN4,,,,24.0,24.0
B09XPZS4TV,,,,185.0,185.0
B09XQ14VMM,3.0,,,,
B09XQFP5XF,24.0,,,24.0,
B09XQLMBKP,,19.0,,,19.0
B09XQTHQ8R,,1212.0,,,1212.0
B09XQV93QB,,,,,1212.0
B09XQVN62S,1212.0,,,,
B09XQY1QJG,,,,,14.0
B09XQZLJL5,,,,6.0,
B09XR3ZSHD,,29.0,29.0,29.0,29.0
B09XR6WR68,,,,,4.0
B09XR7GBDG,,,,,4.0
B09XR7NCBK,,,,,4.0
B09XR8L43Z,,,,4.0,
B09XRD52KP,,,,32.0,
B09XSXXL48,,,,44.0,44.0
B09XTDXYL8,,,,,196.0
B09XVKX4TH,,,,,36.0
B09XVLQDZ4,,,,,5.0
B09XW9XK9F,297.0,,,,
B09XWH1XX8,,,46.0,,46.0
B09XWV5CGC,,,,1847.0,1847.0
B09XWX9V6L,162.0,,,162.0,162.0
B09XWY6J2P,,,,,75.0
B09XX2JW9M,,,269.0,269.0,269.0
B09XX6FLQT,,,,52.0,52.0
B09XXK93H4,,,4.0,,
B09XXS3CCV,,,38.0,,38.0
B09XXVLVF8,,,1.0,,
B09XXXBHJP,,,,20.0,
B09XXXKHH2,,58.0,,,
B09XXXRB9F,,,,,15.0
B09XXZJGDC,,,63.0,,
B09XY16QXJ,,,,58.0,
B09XZ66NMF,,,,,42.0
B09Y1DR1Z4,,,,33.0,33.0
B09Y1HLF9Z,,,,,21.0
B09Y231SPS,,,1.0,,
B09Y2VH384,,,,,498.0
B09Y346PFP,,,,,24.0
B09Y373RMT,4.0,,,,
B09Y37MMML,,,,,129.0
B09Y37PHWQ,,,129.0,,
B09Y3H1QDC,,,,,57.0
B09Y3KNF7R,,,,,99.0
B09Y47Q69S,,22.0,,,
B09Y49X3X6,236.0,,236.0,,236.0
B09Y4B3LW8,236.0,,,,
B09Y4C848Y,236.0,,,,236.0
B09Y55XB7W,,,,,25.0
B09Y58G16X,29.0,,,,
B09Y592W35,,,,,21.0
B09Y5BDVB4,20.0,,,,
B09Y5CQQKJ,,,,47.0,47.0
B09Y5DFLJW,,,,,7.0
B09Y5FCPD3,,,,,3.0
B09Y5J8WSJ,,,1517.0,1517.0,1517.0
B09Y5JX2LN,,,,,635.0
B09Y5LJNX7,,788.0,,,
B09Y5R2DFL,,,,272.0,272.0
B09Y5S12GD,,,,,2.0
B09Y5SYNBH,,,,36.0,36.0
B09Y682F22,,,,,22.0
B09Y75WZVW,,,,,8.0
B09Y84CF3C,1379.0,,,,1379.0
B09Y8C371R,83.0,,,,
B09Y8GQ683,,,,,53.0
B09Y8QWHPC,,,,,53.0
B09Y8WGCS5,,,,,200.0
B09Y8XQ9HF,,,,,33.0
B09Y8YWX49,1.0,,,,
B09Y9CWGNG,,,,,33.0
B09YC5XJJM,,,,92.0,92.0
B09YCDW9VY,1130.0,,,,
B09YCWP5FC,,36.0,,,36.0
B09YD8D1F5,,,,,63.0
B09YDHN9D7,,192.0,,192.0,192.0
B09YDMWT9Y,,,,38.0,
B09YFNXHH6,3.0,,,,
B09YFPZXSB,,,,,18.0
B09YGC6VYS,,,,31.0,31.0
B09YGDRBXT,,,,,46.0
B09YGGPM2B,,,,,41.0
B09YGGRJXR,,,,,46.0
B09YGV7VL8,,,,,738.0
B09YGZW4K2,,,,244.0,244.0
B09YH15B1D,,,,738.0,738.0
B09YH2FJ36,,,,,4.0
B09YH2HJJY,,,,,68.0
B09YH5Z4HH,276.0,,,,276.0
B09YH9PWGR,,,,,171.0
B09YHDKMXC,,,6.0,,
B09YHJXR92,3.0,,,,
B09YHK44Q8,,176.0,,176.0,176.0
B09YHLNWFM,,,,,5.0
B09YHMGGLW,,,,43.0,
B09YL5M9P8,,,6.0,,6.0
B09YLLLMS6,,,,,44.0
B09YLNWRRX,,,,,449.0
B09YLSZ9LP,,,,10.0,
B09YLT82W6,,,,,211.0
B09YMHLD4R,,,,,59.0
B09YMMCZ3D,,,,59.0,59.0
B09YMPFL4X,,,22.0,,22.0
B09YMWKVY7,,,,,45.0
B09YNDQZVF,,,,,7.0
B09YP1LQB4,,4.0,,,4.0
B09YPQS6X8,,74.0,,,
B09YPSR8VG,,,,,9.0
B09YPYDGH4,,78.0,,,
B09YPZZJ5G,,,,,46.0
B09YQ16MFG,,,25.0,,
B09YQ3Y63B,60.0,,,,
B09YQBZZD7,,,,,401.0
B09YR2DFHQ,,2123.0,,,2123.0
B09YR6PJMS,,,849.0,,849.0
B09YRCHDMB,,,11.0,,
B09YRDGX3T,,,,,642.0
B09YRDWQBQ,13.0,,,,
B09YRG3MVV,,,42.0,,
B09YRGN5LD,,,,,55.0
B09YRH6TNX,,,,,113.0
B09YRHBR28,,,,,53.0
B09YRHFT5F,,,16.0,,16.0
B09YRHQX4D,,,,,11.0
B09YRJ1K67,,,,,16.0
B09YRJDHBD,,,,,1656.0
B09YRK3Z5Q,3.0,,,,
B09YRLYBDP,,,,,196.0
B09YRM1DHS,,,39.0,39.0,39.0
B09YRMN6KN,,,,30.0,30.0
B09YS3RX7M,,7.0,,,
B09YSYLJZF,,,29.0,29.0,29.0
B09YTBDPN6,,,,169.0,169.0
B09YTDNHVS,,,,,336.0
B09YTJ7FHK,,,,32.0,32.0
B09YTKGGQM,,,,9.0,
B09YTPKDHN,,,,,53.0
B09YTQ7D5D,,,,,112.0
B09YTSXGXX,,,,,1.0
B09YTXV6NN,,,1.0,,
B09YTYVQTP,,,,,2.0
B09YTZPQQR,,,,,119.0
B09YV1G223,,,,,17.0
B09YV4948C,,,,,44.0
B09YVKQ6R3,,,,2.0,
B09YVPWJYJ,,,,29.0,
B09YVQWZXF,,59.0,,,
B09YXJG2HW,,,,,11.0
B09YXPNMB9,2.0,,,,
B09YXPNZ9X,,22.0,,,22.0
B09YXRX854,,,,,505.0
B09YXZBQLL,,,7.0,,
B09YY1ZV75,,,,31.0,
B09YY41GQJ,,46.0,,,
B09YY9C2C3,,,,,29.0
B09YYB15MT,,,,,39.0
B09YYBC22S,39.0,,,,
B09YYF9NN5,7.0,,,,
B09YYG5Y8P,1517.0,,,1517.0,1517.0
B09YYK1ND1,,,,,4.0
B09YYLMVZ6,7.0,,,,
B09YZXVDCM,,,,,1811.0
B09Z1QKHXP,,,,,115.0
B09Z1SF1NW,,,,,2829.0
B09Z1TS4WG,,,,131.0,
B09Z1VS98W,,,,,5.0
B09Z1WFZPK,39.0,39.0,,,39.0
B09Z1ZV93B,,,,2829.0,2829.0
B09Z1ZZR4T,115.0,,,,115.0
B09Z21SNW8,,,,166.0,166.0
B09Z23G2S3,,,28.0,,
B09Z23GHHW,,,,,9.0
B09Z2624GS,,,15.0,,15.0
B09Z275MXL,,,166.0,166.0,166.0
B09Z27KBKG,,,8.0,,
B09Z2C774N,,,,115.0,
B09Z2CKHGN,,,,,460.0
B09Z2CPPX5,,,,14.0,
B09Z2LVC12,,,,867.0,
B09Z2VMWSV,5.0,,,,
B09Z2XC98N,163.0,163.0,,,163.0
B09Z33NZJ4,372.0,372.0,,372.0,372.0
B09Z362N7R,372.0,,372.0,372.0,372.0
B09Z38PR1R,,,,,2.0
B09Z4WSTDJ,,,,,2.0
B09Z64SVH8,,,,94.0,94.0
B09Z66HYWG,,,,,51.0
B09Z68CD33,,,,,3.0
B09Z6DMH1H,,,,,460.0
B09Z6K5J4F,24.0,,,,
B09Z6XVTQ9,,,,,30.0
B09Z74FTCN,7.0,,,,
B09Z76S25Y,,,,,8.0
B09Z7NND4L,,,,,2.0
B09Z7NR4M8,,,,5.0,
B09Z8CXHXR,4.0,,,4.0,
B09Z9XYGHW,,,,,171.0
B09ZB9JKZX,,,189.0,,189.0
B09ZBM6FKZ,,,169.0,169.0,169.0
B09ZCDJXDN,,,,,3.0
B09ZD48K6F,,,,,80.0
B09ZF6Y7CD,,,,,110.0
B09ZF7VJ2T,,,,,110.0
B09ZF9CMXY,,,91.0,,91.0
B09ZF9CRKS,,,,,94.0
B09ZFCXBYM,,,597.0,,597.0
B09ZHL1TWH,,,,,30.0
B09ZHSQV7Q,,,,,4.0
B09ZHX7DVG,,,,205.0,205.0
B09ZJ665QX,,,,,67.0
B09ZJ6JTMY,908.0,908.0,908.0,,908.0
B09ZJ71MCT,,,,44.0,44.0
B09ZJ818F5,,,,,46.0
B09ZK1NBL1,,,,,3.0
B09ZK9SMSZ,,,,,33.0
B09ZKXTKCV,,1049.0,,1049.0,1049.0
B09ZKXXT97,,,,250.0,250.0
B09ZKYQQBW,,,34.0,,
B09ZL62YYP,,,,77.0,77.0
B09ZL6686B,,,,126.0,126.0
B09ZL9MLY9,109.0,109.0,,109.0,
B09ZL9Y4QY,,,,701.0,701.0
B09ZLB9GLT,,,,701.0,701.0
B09ZLC9FXP,,286.0,,,286.0
B09ZLGFDHD,,,,,31.0
B09ZLRPBHV,204.0,,,204.0,
B09ZNG26N9,35.0,,,,
B09ZNKNTX9,,,,,197.0
B09ZNKVP7R,,,27.0,,
B09ZNN2GH2,35.0,,,,
B09ZNNP1FY,,6.0,,,
B09ZNRFCYZ,,,25.0,,
B09ZNSDNHY,,,,,27.0
B09ZNVR1G3,,35.0,,,35.0
B09ZNVX4RY,,,,,71.0
B09ZP4K86L,,,,,25.0
B09ZP4MP1S,,,,25.0,25.0
B09ZP543VY,,,,25.0,25.0
B09ZP54HTJ,,,,,25.0
B09ZP7TLMJ,,,,,25.0
B09ZP8QC7J,,,,,25.0
B09ZP9W9KG,,,,59.0,59.0
B09ZPC54HM,27.0,,,,
B09ZPG6WHW,,,1208.0,1208.0,
B09ZPGDN1T,,,,,132.0
B09ZPHPGCL,,,,,94.0
B09ZPHX3NN,,,,,12.0
B09ZPV4R1L,,,,,82.0
B09ZPVPZG8,,,,,82.0
B09ZPVQJS5,,,,,82.0
B09ZPW2YYY,,,,,82.0
B09ZPX5VFG,,,,,82.0
B09ZPX74DF,,,,,82.0
B09ZPXWH43,,,,82.0,
B09ZQ9CS5W,,40.0,,,
B09ZQGL2PH,,,,,38.0
B09ZQH43S1,,,,,44.0
B09ZQHDQPH,,,,,44.0
B09ZQHMXK9,,,,44.0,
B09ZQHXYRS,,,,,44.0
B09ZQJLR64,25.0,25.0,,,25.0
B09ZQL55D4,,91.0,,91.0,91.0
B09ZRP3XQM,,,,,1.0
B09ZRTCSH8,,,,2.0,
B09ZRXRK1J,,,,,12.0
B09ZTKDHQL,,,,2606.0,
B09ZTPYBQS,,,,,6.0
B09ZTTT34X,,,,,32.0
B09ZTV38ZY,,,,,77.0
B09ZTZ1NDC,,,,,60.0
B09ZTZJ4LX,69.0,,,,69.0
B09ZV4XVX9,,27.0,,,
B09ZXDTJN3,,,,,43.0
B09ZXWXKHR,163.0,,,,163.0
B09ZXXRLNQ,2.0,,,,
B09ZY6SHR8,,,,8.0,8.0
B09ZY6WM7Q,,,,,37.0
B09ZZFG4SD,,,,,1.0
B0B11WRK9H,,,,,1.0
B0B12BXT3W,,,,,9.0
B0B12CPM3C,,,,115.0,
B0B12FVW1D,,,,,9038.0
B0B12FWFQ4,9038.0,9038.0,,,9038.0
B0B12KDKJK,,,,,5.0
B0B12KLD5F,,,,,31.0
B0B12MXVRK,,,,,3.0
B0B12TKS2Z,,,,32.0,
B0B12WW9SZ,,,,60.0,
B0B12X8K27,,,,29.0,
B0B12YJLFB,,,,,60.0
B0B1343CZ8,,,79.0,,79.0
B0B134J46J,,,,,79.0
B0B136797J,,,,,140.0
B0B13W91V5,94.0,,,,
B0B14CZNV8,,,,84.0,84.0
B0B14DX6R9,,,,,2.0
B0B14LTYLW,,,,,321.0
B0B14LZVBB,,,,,1.0
B0B14NMYVC,,,,84.0,84.0
B0B14YQR4C,6209.0,6209.0,,6209.0,6209.0
B0B14ZFVXB,,,,,110.0
B0B151JFNG,,,,,15.0
B0B1532LBC,,,,,43.0
B0B1548LBD,,,,43.0,
B0B154BB6C,,,,,44.0
B0B1584Y98,,,,,5.0
B0B159XP6L,,,,55.0,55.0
B0B15B944T,,,89.0,89.0,89.0
B0B15JKKHP,427.0,,,,427.0
B0B15L8X1W,,,44.0,,
B0B15LNSM5,,,459.0,,459.0
B0B15N4FZR,,,,,459.0
B0B15NF36F,459.0,,,,459.0
B0B17PZJ94,,427.0,,427.0,
B0B17ZGHS7,,,,,54.0
B0B1881T86,,16.0,,16.0,
B0B188P39Y,,,,,17.0
B0B18HWBGH,,34.0,,,34.0
B0B18KFFD5,,,,,7.0
B0B18PJFYK,,,,43.0,43.0
B0B19FKTC1,,,,,17.0
B0B19G5BYZ,,,,,7.0
B0B19HZKQH,,,,,4.0
B0B19XXSNX,,,,50.0,50.0
B0B1B2MDRW,,,,6.0,
B0B1BCQWBF,,,,,2933.0
B0B1C2NGZL,,,,,19.0
B0B1CS1JPF,,,744.0,744.0,744.0
B0B1DCCFRS,,,,,1.0
B0B1DDLYM1,,,,,173.0
B0B1DF5KF5,,,,,18.0
B0B1DWN33Z,,,,,7.0
B0B1H4KC64,,,,,316.0
B0B1H65NPX,,,,,4.0
B0B1HGD1M4,,,,18.0,18.0
B0B1HV8NTM,,,237.0,237.0,237.0
B0B1J1W5DC,,,,67.0,67.0
B0B1J22VC4,,,,,71.0
B0B1J33T3Z,,,,71.0,71.0
B0B1J4VTFW,,,,,22.0
B0B1J5HP4J,,,,19764.0,19764.0
B0B1J6RQ2J,,19764.0,19764.0,19764.0,19764.0
B0B1J8PQMC,,,,,71.0
B0B1JG97G6,,,32.0,,
B0B1JPNHJ5,,5.0,,,5.0
B0B1JPYNPG,,,,,8.0
B0B1LL4BF5,,,,,78.0
B0B1LPV4MD,1.0,,,,
B0B1LV3DX6,,,78.0,,78.0
B0B1M32R4P,,,,,11.0
B0B1MFMS7W,,,,182.0,182.0
B0B1MG7J4Z,,,,,35.0
B0B1ML59RH,,,68.0,,68.0
B0B1MLT41L,,,,68.0,
B0B1MLWWP8,,,,,68.0
B0B1MM9ZVX,,,,,68.0
B0B1N3WPQ6,,,,,27.0
B0B1PK1ZK2,869.0,,,,
B0B1PQPKWJ,,,,,2.0
B0B1PWT18C,,,,3464.0,3464.0
B0B1Q3WY2H,,,,,6.0
B0B1Q6KY31,,,2.0,,
B0B1Q9ZS51,,,,,1028.0
B0B1QCFJHL,,346.0,,,346.0
B0B1QPQGYC,,,,,20.0
B0B1QPY8PJ,,,,,122.0
B0B1QSXSBT,,,,,6.0
B0B1QVCDQG,,,,,3.0
B0B1RLZ552,,51.0,,,51.0
B0B1RR8GKR,,,,373.0,373.0
B0B1RTFMK1,373.0,,373.0,,
B0B1RXPLK9,,,,,373.0
B0B1S2D187,,,,,51.0
B0B1S2X5KV,,,,51.0,
B0B1S3XYJ4,,,,,51.0
B0B1S9CVWR,,373.0,373.0,373.0,373.0
B0B1S9D6Q1,,,,,373.0
B0B1T33WG8,,,,,40.0
B0B1T8RGFS,,,,,10.0
B0B1THSD9Y,,,,,81.0
B0B1TJGS9Q,,,,393.0,393.0
B0B1TLJ2HV,,,,7.0,
B0B1TMX2K8,,,,,30.0
B0B1TVMZHX,,,,,5.0
B0B1TW3L9B,,,,,61.0
B0B1TX8VPW,65.0,,,,
B0B1TY6RDX,,,,,47.0
B0B1TYTV84,,,,47.0,
B0B1TZ6YS5,39.0,,,39.0,39.0
B0B1V3Y8BD,,,,,8.0
B0B1VF917T,,,,,71.0
B0B1VG9BM1,,,,,71.0
B0B1VGM1F7,,,,,71.0
B0B1VGP4ZY,,,71.0,,
B0B1VHXCKJ,,,,71.0,
B0B1VJ78HW,,,,,71.0
B0B1VJNPNX,,,,71.0,
B0B1VND5L2,,,,,19.0
B0B1VRFQ3W,8.0,8.0,,,8.0
B0B1VS59CS,,,,8.0,
B0B1VSHN13,,,,,8.0
B0B1VYPHK7,,,15.0,,
B0B1W9S3WK,,,,,238.0
B0B1WCX34L,,,,,112.0
B0B1WPZMNM,5.0,,,,
B0B1WT1KCX,,,,74.0,74.0
B0B1WX6TVS,,,,,83.0
B0B1ZMZ774,,,46.0,,
B0B1ZS198K,,,,,74.0
B0B1ZYFBMQ,,,,245.0,245.0
B0B1ZYK9Q8,,,,,39.0
B0B1ZYQ7RM,,,,,256.0
B0B21467VL,,1.0,,,
B0B21CXBG9,159.0,159.0,159.0,,159.0
B0B21F48RR,,,,,44.0
B0B2373SSN,,,,,17.0
B0B23P1RY8,44.0,,,44.0,44.0
B0B23SQBX6,,,,51.0,51.0
B0B243899F,,,,,32.0
B0B243WXNZ,,,,,17.0
B0B2461GWB,,,,,4.0
B0B248L7J6,,,,,4.0
B0B2494XJD,,,,,1.0
B0B24BJ5X2,,,,,46.0
B0B24NFSDH,,,,,6697.0
B0B24R1VDD,,19.0,,19.0,
B0B24VYMNF,,,,27.0,27.0
B0B24W2SXD,,78.0,,,78.0
B0B252FN4J,,,,7.0,
B0B25N8K13,,187.0,,,
B0B25RWQNX,187.0,,187.0,,187.0
B0B281K6K4,,8.0,,,
B0B282DKKZ,,,95.0,,95.0
B0B28RHKXB,284.0,,284.0,284.0,284.0
B0B28T4ZX4,284.0,,284.0,284.0,284.0
B0B28Z24FF,,,,,745.0
B0B2914B14,,,,,24.0
B0B291XCBN,,,,299.0,299.0
B0B293LM92,,253.0,,,253.0
B0B294FNLN,,,,,4.0
B0B29BF8VH,,,,,281.0
B0B29CDS1V,,,,,281.0
B0B29DQW79,,,,,281.0
B0B29FRPYR,,,194.0,,194.0
B0B2BKP22N,,33.0,,,
B0B2BQHNCL,,,,,12.0
B0B2BQKQSM,,,,,68.0
B0B2BSMSBN,,,,,440.0
B0B2BTJF3Q,,,,,440.0
B0B2CSSMQX,,,,,61.0
B0B2D4CP1X,417.0,,417.0,417.0,417.0
B0B2D4JYZH,,,,440.0,440.0
B0B2D4KT1J,,,,33.0,
B0B2D81Q78,130.0,130.0,130.0,130.0,
B0B2DLY6Z5,,,72.0,,
B0B2H1Y5DN,,,32.0,,
B0B2HSFQD9,,,,,135.0
B0B2HWWMB7,,,94.0,,94.0
B0B2J1H3F8,,,,1.0,
B0B2J356Z4,,,,55.0,55.0
B0B2J4VW79,,,,,25.0
B0B2J5BG8X,35.0,,35.0,,
B0B2J5R1PF,,,4.0,,
B0B2J5T648,,,,,135.0
B0B2J6PMPT,,,,,135.0
B0B2JKTK55,,,,,135.0
B0B2JSCHML,,6.0,,,6.0
B0B2JTC54N,,,,37.0,
B0B2JWTD1Q,,,,,24.0
B0B2JX7825,25.0,,,,25.0
B0B2JXKK4S,,,,,25.0
B0B2JYXD77,,,,,29.0
B0B2JYYGGZ,,,,,58.0
B0B2JYYZQ2,,,,,25.0
B0B2JZ6L4G,,,29.0,,29.0
B0B2JZHZC8,,,,,25.0
B0B2JZY7NK,,,58.0,58.0,58.0
B0B2K1293L,,,,25.0,25.0
B0B2K2FGLB,,104.0,104.0,,104.0
B0B2K3G8FN,,3.0,,,
B0B2K3QBCY,,,,,25.0
B0B2K5J23L,,8.0,,,
B0B2K6L6NC,,,,29.0,29.0
B0B2KMFPQC,,,,26.0,
B0B2KN32G7,,,,142.0,142.0
B0B2KPL329,15.0,,,,
B0B2LLLSZS,23.0,,,,
B0B2LLZTWP,,,,,7.0
B0B2LNJB3S,,,,,195.0
B0B2LNJMVK,,,,,56.0
B0B2LPSGQ4,,,,,19.0
B0B2LQLPQJ,,,,414.0,414.0
B0B2LQQCLG,,,,,195.0
B0B2LR3G8X,,,,,195.0
B0B2LR5NHZ,,,,195.0,195.0
B0B2LRLGGN,,,,,195.0
B0B2NMNVBC,,,10.0,,10.0
B0B2NQ67QV,,,3154.0,3154.0,3154.0
B0B2NQFB2Y,,504.0,,504.0,504.0
B0B2NRB4KX,,504.0,,,504.0
B0B2NRQXLQ,313.0,313.0,313.0,313.0,313.0
B0B2NZ3TQR,,,,,20.0
B0B2P56ZVZ,,,,,53.0
B0B2P5WPBW,,,,,38.0
B0B2P6YDXV,,,,130.0,130.0
B0B2P7V7LL,19.0,,,,19.0
B0B2PCF7DN,,,,,191.0
B0B2PHBBW2,,,42.0,,
B0B2PHWC5N,,,,,42.0
B0B2PQ2ZGM,,,,42.0,
B0B2PY5GBB,,22.0,,,
B0B2PYDHSW,1151.0,,,,
B0B2Q5HNS3,,,1.0,,
B0B2QT9QJG,,,,,1551.0
B0B2QW2HBG,,,2.0,,
B0B2R3CYPN,,,5.0,,
B0B2R3JD48,,,,33.0,33.0
B0B2RC77NC,,,,,62.0
B0B2RF5DV1,62.0,,,62.0,
B0B2RHQFYB,,,,,90.0
B0B2RPYQJB,51.0,,,,
B0B2VMBVCT,4.0,,,,4.0
B0B2VPD37G,,167.0,,167.0,167.0
B0B2VQ59MD,5.0,,,,
B0B2VRF33M,,,,,315.0
B0B2W5F86S,,,,69.0,
B0B2W9NFKL,,,,,287.0
B0B2WB2QLM,,,,,287.0
B0B2WC7ZYW,,,,,252.0
B0B2WF1ZHS,,,11.0,,
B0B2WHM7Q4,,,,,15.0
B0B2WNMRPL,,,,,31.0
B0B2WQWVSB,,,110.0,,
B0B2X2WYM3,,,,,69.0
B0B2ZXNL7T,,,,,84.0
B0B314SZZR,11.0,,,,
B0B317STBP,,,,682.0,682.0
B0B31GJ9XW,,,,,23.0
B0B31KW2SD,,,,,37.0
B0B31M7VLB,,,40.0,,40.0
B0B31MVH24,,,,,40.0
B0B31NGC7W,,,195.0,,195.0
B0B31PDN28,,,,,40.0
B0B34NXPG9,,,,,9.0
B0B34P8CM1,,,,,9.0
B0B353BK23,,,5.0,,
B0B35L6D9L,,,,,20.0
B0B376MZY9,,,,,29.0
B0B37FL8PP,194.0,,194.0,194.0,194.0
B0B37RFBLZ,,,,60.0,60.0
B0B386DYPQ,,,,,67.0
B0B386X34F,,,,,24.0
B0B38FQXTM,,,,,67.0
B0B38L1YKT,,,,,14.0
B0B38NQWGJ,4.0,,,,
B0B38PFDQD,6.0,,,,
B0B38RRSJW,,,,481.0,481.0
B0B38TWZGZ,13.0,,,13.0,
B0B38WS9X4,,,,,11.0
B0B38XGZ8Q,24.0,,,,
B0B38YD259,9.0,,9.0,,
B0B38YMKTK,39.0,,39.0,39.0,39.0
B0B38YX6PR,233.0,,,,
B0B394676P,,,,161.0,161.0
B0B395D9TS,,,161.0,,
B0B39JX5KX,,,,,54.0
B0B39KZJJR,33.0,,,,33.0
B0B39MG5DC,,,54.0,,
B0B3BXRW37,,,,,53.0
B0B3D3Y2KJ,,,15.0,,
B0B3D999V8,,,,27.0,27.0
B0B3DG3BXV,,,,,20.0
B0B3DHH7FN,,,,,148.0
B0B3DPG8JN,,,,,80.0
B0B3DRZC4M,,,,,31.0
B0B3DX79JN,,,,,31.0
B0B3F54CQB,,,,,16.0
B0B3G66YTJ,,,10.0,10.0,10.0
B0B3GF3DM6,6.0,,,,
B0B3GHLWY4,1.0,,,,
B0B3GJHDZX,,,153.0,,153.0
B0B3H6CN7Y,,47.0,,,
B0B3HRRS6W,,59.0,,,
B0B3HTQP75,,,,,80.0
B0B3HXM6TQ,,,,,3.0
B0B3J6RTV5,,,,,164.0
B0B3J7XJK6,,,,164.0,164.0
B0B3J8DBYQ,,,,,164.0
B0B3J8WQ7F,,,164.0,,
B0B3J9FJ3V,,,,,164.0
B0B3JDZS7W,,,,,31.0
B0B3LDLTTQ,350.0,350.0,350.0,350.0,350.0
B0B3LKGLVZ,12.0,,,,
B0B3LRLL6T,,,,,88.0
B0B3LW7XCT,,,,,1.0
B0B3M7PC5M,5.0,,,,
B0B3M83862,,,,,4.0
B0B3MGTWS2,,26.0,,26.0,26.0
B0B3MKQVWL,,,,1.0,
B0B3MSF9NL,,,52.0,,52.0
B0B3MX6KLB,,,,,10.0
B0B3N5B6FL,,,,75.0,75.0
B0B3N9M8W8,,,,,10.0
B0B3QQZL93,,,,,393.0
B0B3QXT61S,,,,,56.0
B0B3R4N76W,,,,,56.0
B0B3R4QVMW,,,41.0,,
B0B3R7YW2V,,,,,305.0
B0B3RGGH6V,,,,56.0,56.0
B0B3RH6HM9,,,,,6.0
B0B3RJPTGV,,,5.0,,
B0B3RKQ97Z,,,,,15.0
B0B3RL2F3M,,,,,65.0
B0B3RNFRNQ,,,,,20.0
B0B3RNGPZB,,,,,20.0
B0B3RP94XC,,,,,267.0
B0B3S2W928,,29.0,29.0,,
B0B3S3P3JF,29.0,,,,
B0B3S3YR7K,,,29.0,,
B0B3SC1ZRT,,,,29.0,29.0
B0B3SJJFQJ,,,,,8.0
B0B3SPR2RF,158.0,158.0,,,158.0
B0B3SQYG28,62.0,,,,
B0B3SRJSZR,484.0,484.0,,,484.0
B0B3SSNP16,484.0,,,,484.0
B0B3T7NHQJ,,,,,1.0
B0B3VDRBF7,,,,97.0,97.0
B0B3W6HTXB,1.0,,,,
B0B3WM87VN,,,25.0,,
B0B3WMDLLH,,,,,18.0
B0B3WPMKQW,,,,,37.0
B0B3WTQDX7,2.0,,,,
B0B3WTRBQD,,,,,10.0
B0B3WVNSGZ,,,,,11.0
B0B3WW2724,,,,,4.0
B0B3WWH1W3,,,,31.0,
B0B3X3K281,,,,,240.0
B0B3X5WV7B,,,,,128.0
B0B3X9YJLD,,,,208.0,208.0
B0B3XFJQFK,,,,498.0,
B0B3XHSTZB,,,,56.0,56.0
B0B3XJ5J8V,,,,,56.0
B0B3XKYYY5,,,,56.0,56.0
B0B3XMMT55,,,,,67.0
B0B3XSMB5H,,,201.0,201.0,201.0
B0B3XXCMNF,162.0,162.0,,162.0,162.0
B0B3YDPQ3P,,,,,236.0
B0B3ZWFVF8,,,,,56.0
B0B41PT62H,,,,,1.0
B0B41WTVD7,,,,27.0,
B0B41WXNMR,,,,,2.0
B0B424Z4NC,1294.0,,,,1294.0
B0B42D2VB7,,7.0,,,
B0B42DM332,21.0,,,,
B0B42FGM3M,,,,,75.0
B0B42Z1XVZ,,5.0,,,5.0
B0B432667Q,234.0,,,234.0,234.0
B0B452B8P1,,,2829.0,,2829.0
B0B45CPXVP,,,,,2829.0
B0B45FJSQG,128.0,,,,128.0
B0B45HYCMT,,,26.0,26.0,26.0
B0B45NH9RJ,,,,,14.0
B0B45NJCNR,,,,,1.0
B0B45NZZ7V,,,,,18.0
B0B45TWY1V,,94.0,94.0,,94.0
B0B45X41QZ,,,,,6.0
B0B465VHB7,,,,,54.0
B0B467P1DZ,,,,,645.0
B0B4691KNH,15.0,,,,
B0B46BK46M,,,,,1.0
B0B46JYQ8C,58.0,,,,
B0B48YLGCJ,1.0,,,,
B0B49LPBDG,,,,,158.0
B0B49SKZ5L,15.0,,,,
B0B4CJ6R2V,,,,115.0,
B0B4CS57L5,,,179.0,,179.0
B0B4D7JFGG,,,,,145.0
B0B4D8DZP7,,31.0,,,31.0
B0B4D8GLB6,145.0,,,145.0,145.0
B0B4DDJ9R6,26.0,,,,
B0B4DF7B3N,,,,,26.0
B0B4DF9S4L,,,29.0,29.0,
B0B4DFKRWY,1.0,,,,
B0B4DH4V6B,,,,24.0,
B0B4DHBZ56,9.0,,,,
B0B4DNP8CC,,,89.0,,89.0
B0B4DVC6DF,,,,22.0,22.0
B0B4DVZSYP,,,,,19.0
B0B4DZNRLZ,50.0,,,,
B0B4F3YKMR,,,,,1952.0
B0B4F4TYY6,551.0,,551.0,551.0,551.0
B0B4FLHL1Z,,,,,2.0
B0B4FNGH43,,,,,26.0
B0B4FP2C1R,,,,,50.0
B0B4FP374S,,,,50.0,
B0B4FWZYL7,,23.0,,,
B0B4FXRQ8S,23.0,,,,
B0B4G4LFXW,23.0,,,,
B0B4G5PW81,,,781.0,,781.0
B0B4J2G3PZ,,,,,10.0
B0B4J6WZ9V,,,,,73.0
B0B4JDZ4LL,9038.0,9038.0,9038.0,9038.0,9038.0
B0B4JF4KQL,,,,9038.0,
B0B4JJJ6V2,,,,,15.0
B0B4JL4SWK,,,,78.0,78.0
B0B4JMTPHM,,,,,78.0
B0B4JNH3YS,,,,78.0,78.0
B0B4K9SB83,,,,,122.0
B0B4K9XT7H,,,,122.0,122.0
B0B4KBR9SL,,,,,122.0
B0B4KCDDLM,,,,,55.0
B0B4KFBD47,,,,,122.0
B0B4KFQ1WG,,,,,122.0
B0B4KHQLCH,,,,,59.0
B0B4KHSKFH,,,,,3.0
B0B4KKK1KB,,30.0,,30.0,30.0
B0B4KPV4H6,5.0,,5.0,,
B0B4KT18W1,,,,,28.0
B0B4MM67YD,,,,,146.0
B0B4MVG2CC,,,350.0,350.0,350.0
B0B4MX4HN8,1080.0,,,,1080.0
B0B4N31YV9,14.0,,,,
B0B4N4LNVH,,,,82.0,82.0
B0B4N8RWRT,,,,,55.0
B0B4N9CMSY,,,,,28.0
B0B4NGC6LH,,,,65.0,65.0
B0B4NH5ZBR,,,,,1006.0
B0B4NLK3YL,,,114.0,,114.0
B0B4NLQDFN,,,,,64.0
B0B4NMRD9N,141.0,,141.0,141.0,141.0
B0B4NP7HG2,,,,,141.0
B0B4NQFZLZ,,,,64.0,
B0B4NSS3HX,,,,,2.0
B0B4P2LG1X,,,,146.0,
B0B4P318JQ,,,,,146.0
B0B4P44N2N,,146.0,,,
B0B4P4CYCL,,,,146.0,146.0
B0B4P4G2JK,21.0,,,,
B0B4P5F3Z7,,,,122.0,
B0B4P7DRPL,,,17.0,,17.0
B0B4QX3LGY,,21.0,,21.0,21.0
B0B4RLMWZG,,,,,15.0
B0B4RZ35NV,,,,55.0,55.0
B0B4RZYCSM,,,,43.0,43.0
B0B4S8Q3G9,,,,,317.0
B0B4SHDS9R,,,223.0,,
B0B4SJJ78V,18.0,,,,
B0B4SJTPW7,,,,24.0,24.0
B0B4VV6F9D,,25.0,,25.0,25.0
B0B4VVHW9B,,,,,4.0
B0B4VYVX7L,,,,,11.0
B0B4W2BBLM,,,,,79.0
B0B4W2R51V,,,,79.0,79.0
B0B4W439LC,,,113.0,,
B0B4W446ZQ,113.0,,,,
B0B4W5G2QC,,,,,94.0
B0B4W9BKT9,,,,,265.0
B0B4WCKYPM,,,,,265.0
B0B4WFSQXM,265.0,,,,265.0
B0B4WFSWSW,,,,,170.0
B0B4WGJ2RS,170.0,,,,170.0
B0B4WLRVTS,,,,8.0,
B0B4ZHJCP9,,,,,899.0
B0B4ZPL2KP,,,,54.0,54.0
B0B4ZSPFZ3,,,,,4.0
B0B4ZZGJFQ,,,73.0,,73.0
B0B511M11J,,,,,73.0
B0B5183DJD,,,,,80.0
B0B518WF3P,,,,,80.0
B0B51CNJ9L,,,59.0,59.0,59.0
B0B51P44XR,,,,,11.0
B0B51P94ZG,,,,15.0,15.0
B0B51QQMQ4,,,9.0,,9.0
B0B51TY6TV,22.0,,,,
B0B52LJ2VD,,,,,38.0
B0B52LWJ5D,,,60.0,,60.0
B0B52MMMQQ,,,,13.0,
B0B52N9B1P,,,,48.0,48.0
B0B52NGC2K,,,,,9.0
B0B52TXHX1,,,,,105.0
B0B52Y5YBN,,,4.0,,
B0B52Y5YBP,,,,60.0,
B0B536J8M9,,,,,26.0
B0B54J1NGX,30.0,,30.0,30.0,30.0
B0B54JDVCN,,6.0,,,
B0B54VKWXX,,,,,107.0
B0B553RXSX,,,,,107.0
B0B55B9TXB,,,,,18.0
B0B55VZGZZ,,,,79.0,79.0
B0B56BS66V,,,31.0,,
B0B56HMQ6T,,,,,92.0
B0B57131LS,,,33.0,33.0,33.0
B0B5773248,,,49.0,,49.0
B0B57STYF9,,,48.0,,48.0
B0B57T67Y6,,,,,2.0
B0B57V5J9K,,60.0,,,
B0B57XRZ3G,,,,60.0,60.0
B0B581VM4D,,,,,1.0
B0B58FSPRP,,,,,81.0
B0B58JSQ8W,,,,43.0,43.0
B0B58PRHKK,,,,,90.0
B0B58VWRS4,,,,27.0,
B0B594KTXF,,,,,25.0
B0B599WX8F,,,,,20.0
B0B59D5NNQ,,,,,20.0
B0B59S41NC,,,,,4.0
B0B5B9MKG2,,1.0,,,
B0B5D6824M,,,,,19.0
B0B5DMNLLP,,,,,35.0
B0B5DMX6ZJ,,,,432.0,432.0
B0B5DN92VT,,,,3.0,
B0B5DP7166,,,432.0,432.0,432.0
B0B5DTKKZW,,,,3355.0,3355.0
B0B5FC66PK,,,,,10.0
B0B5FF47WX,,,,,234.0
B0B5FGCL7G,,,,,16309.0
B0B5G46Y1N,,,,,22.0
B0B5G65ZHQ,,,,,118.0
B0B5G9HWQ2,,57.0,,,
B0B5GHMJ1M,,,,,33.0
B0B5GZRKDB,,,110.0,,
B0B5H3SBCJ,,,,,1332.0
B0B5H5QPHP,,,,,11.0
B0B5HC8TPL,3.0,,,,
B0B5HD5CKZ,1.0,,,,
B0B5HD9XDM,,8.0,,,
B0B5HHMCDR,,,,,5.0
B0B5LDQRG8,,,,,43.0
B0B5N74FQW,,,,,11.0
B0B5N8MJDR,,,,,1.0
B0B5N9P4KJ,,2.0,,,
B0B5NB7CZZ,,,,,2.0
B0B5NDJC7D,,,,,2.0
B0B5PCRM9G,,,35.0,,
B0B5PCRQXT,,,,,35.0
B0B5QJH36P,,,,,82.0
B0B5QZMRGG,,,15.0,,
B0B5R25NSS,,,,97.0,97.0
B0B5R5G3NN,,,,,4.0
B0B5RKW5Y8,,,2.0,,
B0B5RZ8X4X,,,,5.0,
B0B5T26WZM,,,,299.0,299.0
B0B5T74RFQ,,,,299.0,299.0
B0B5T88ZT9,,,,,364.0
B0B5T9XLQT,,,,70.0,
B0B5T9YRPT,1.0,,,,
B0B5TFQ4PX,,,,299.0,299.0
B0B5TJFYJD,,,,,299.0
B0B5TMGBY7,,,,299.0,299.0
B0B5TMVKXC,299.0,,,,299.0
B0B5TMWTCD,,,,,299.0
B0B5TNQ5V2,,,,,299.0
B0B5TNQH5K,,,,,299.0
B0B5TZVRRT,,33.0,33.0,,
B0B5V16SHM,4.0,,,,
B0B5V1CZ45,4.0,,,,
B0B5V2YL44,,,33.0,,
B0B5V464X1,7.0,,,,
B0B5V9SDRB,,,,,9.0
B0B5VX7Z4Y,,,,,12.0
B0B5WMYTMT,,,,45.0,45.0
B0B5WNH68H,,,95.0,,95.0
B0B5WNW64H,,,,45.0,45.0
B0B5X6JL3W,,,,57.0,57.0
B0B5X9JFJK,,,,,8.0
B0B5XFLTBL,,,,10.0,
B0B5XK4W7P,,,,8.0,
B0B5XLN6YC,,,6.0,,
B0B5XP8FH8,,,,,6.0
B0B5Y7161Y,287.0,,,,
B0B5YBFPJT,,,,,2.0
B0B5YGP92N,,,,15.0,
B0B5ZT3DYD,11.0,,,11.0,11.0
B0B613JPK9,,,,,69.0
B0B6146WT5,,640.0,640.0,,640.0
B0B6176LB7,,,,,5.0
B0B61BPTFT,,,100.0,,100.0
B0B61M1XVT,,,,393.0,393.0
B0B62D45B4,54.0,,,,
B0B62LT1JV,,,,24.0,24.0
B0B62PMMHY,,,,2.0,
B0B631JKLW,,,,,81.0
B0B631M8NF,,,,,307.0
B0B633B3WB,61.0,,,,61.0
B0B633HM9D,,27.0,,,
B0B637D9PV,12.0,,,,
B0B6386H8V,,,,,4.0
B0B63GXZRS,,,,215.0,
B0B646DYSF,,,5.0,,
B0B64B571L,,,32.0,32.0,32.0
B0B64CXB9T,,,,,660.0
B0B64J2X6J,,,,,10.0
B0B657LV5F,,,,,9038.0
B0B659HR3X,,40.0,,,
B0B65DQMBG,,,,2.0,
B0B65J9P3L,,,,,3.0
B0B65JJZ6B,,,,190.0,
B0B65JP9MW,,,,,190.0
B0B65LKRSL,,,,,7.0
B0B65MFMTM,,,,,64.0
B0B65PRDD4,,,23.0,,
B0B65R2F37,,,,,122.0
B0B65RH9K6,25.0,,25.0,,
B0B661BBML,,,,,190.0
B0B67STY8K,,,,,98.0
B0B67T2TTR,,,,,98.0
B0B67Z49K3,,,,,98.0
B0B688CDQ5,,,,5.0,
B0B68FJTRF,,,32.0,,32.0
B0B68GKWPQ,,,,,51.0
B0B68HVGJ1,63.0,,,63.0,
B0B68MZR55,,,,,48.0
B0B68SCFTL,,,,,48.0
B0B68SYSS9,,,,,48.0
B0B68TCSRR,,,,,48.0
B0B68TT1FM,,,,,13.0
B0B68VMKYN,,,,,48.0
B0B68W4V94,,13.0,,,
B0B68WMVRM,,,,,12.0
B0B693SPXN,,,,,8.0
B0B69VMN8M,55.0,,,,
B0B6B42GZZ,2.0,,,,
B0B6B6DNYJ,,,,27.0,
B0B6B9SMWQ,,,,,48.0
B0B6BBW1VG,,1.0,,,
B0B6BCLZK6,,25.0,,,
B0B6BJ511P,,,,,83.0
B0B6BLWXBC,,,,,30.0
B0B6BNMCDB,,,,30.0,30.0
B0B6BZGV2C,,,,,919.0
B0B6C2T428,,122.0,,,122.0
B0B6C43MJH,,122.0,,122.0,
B0B6C5JWMV,,,,122.0,122.0
B0B6C8G5BG,,,,33.0,33.0
B0B6CBPRS7,,11.0,,,
B0B6CMM1LY,,,243.0,243.0,243.0
B0B6CVKW4Y,,,,,2722.0
B0B6D2P24Q,,,,2722.0,2722.0
B0B6DD1MCL,,21.0,,21.0,21.0
B0B6DHMF79,,,,,1.0
B0B6DVJPSC,,,,,18.0
B0B6DWZGGL,48.0,,,48.0,48.0
B0B6FLFKGP,,,,,32.0
B0B6FWJJNH,,,5.0,,
B0B6G22T7J,,,7.0,,
B0B6G25NRJ,7.0,,,,
B0B6G59PXJ,69.0,69.0,,,69.0
B0B6GQXXMT,,,13931.0,13931.0,13931.0
B0B6GTYBWC,,,,,706.0
B0B6GY62DL,,,120.0,120.0,120.0
B0B6H3B69Y,,,,,422.0
B0B6H7G3MD,,,69.0,69.0,69.0
B0B6HNPNWD,,,,,2.0
B0B6J4P2XV,,,,,26.0
B0B6J4VWTG,,,,,148.0
B0B6J4ZFSR,,,2.0,,
B0B6JSL7JB,297.0,,,297.0,297.0
B0B6N11T5W,,,156.0,156.0,156.0
B0B6N69P1F,,,,,6.0
B0B6N7BTY7,,,156.0,156.0,156.0
B0B6NDLH9V,,,,364.0,
B0B6NTDS7V,,,,,21.0
B0B6NWP2QZ,,,,,40.0
B0B6P1H9PG,,,,463.0,463.0
B0B6P2S4QC,,,,2.0,2.0
B0B6P4YJ5F,,,101.0,,
B0B6P7Q95Y,,,,122.0,122.0
B0B6P8BVN4,,,,,32.0
B0B6PCZ2RR,,,,20.0,20.0
B0B6PFWVZK,,,,,1.0
B0B6PGT8SM,,,,,9.0
B0B6PKGPBX,,,,,3.0
B0B6PMS13K,,,22.0,,
B0B6PPTBZP,,,,,47.0
B0B6PRHF3R,,,,,15.0
B0B6PVVM3G,60.0,,,60.0,60.0
B0B6QZNJW7,6.0,,,,
B0B6R8HJ11,,,,,31.0
B0B6RN3NPF,973.0,,,,973.0
B0B6T3R1YR,,,,,35.0
B0B6VBMZ1B,,,,,162.0
B0B6VCHW82,,,156.0,,156.0
B0B6VFMJXV,,,,,156.0
B0B6VH8LZK,,,,,156.0
B0B6VM4NT2,65.0,,,,
B0B6VNRQT8,8.0,,,,
B0B6VPZ76H,,,,,156.0
B0B6VV66J3,,,,,244.0
B0B6VVTT5Z,,,,,126.0
B0B6W67ZVY,32.0,32.0,,,
B0B6W7H6M5,32.0,,,,32.0
B0B6W969P3,,,52.0,,52.0
B0B6WPHS55,,,,,33.0
B0B6WVZ2TD,,,,,117.0
B0B6WX2Z9S,,117.0,,,117.0
B0B6YSBSPB,,,,20.0,20.0
B0B6YSK7FT,,,235.0,,
B0B711BLL2,,,,,165.0
B0B718JYZL,,,,,142.0
B0B71MYRJH,,,62.0,62.0,
B0B71NBRD9,,,,,62.0
B0B71Q3LZ6,,,,374.0,374.0
B0B728TNJP,,,,,8.0
B0B72PJY68,,,,,59.0
B0B72QC3WJ,,105.0,,,105.0
B0B749GR2C,,,,,46.0
B0B74M3VQN,,,,212.0,212.0
B0B74MLP1Q,59.0,,,,
B0B74YVKR1,,,737.0,,737.0
B0B74Z4RWY,,,737.0,,737.0
B0B75FKWZ6,,,,,17.0
B0B75G264S,12.0,,,,
B0B75KLXJ2,,,,76.0,76.0
B0B75LVZY9,2.0,,,,
B0B75MNQ4H,,,43.0,43.0,43.0
B0B75R1K8N,,,29.0,29.0,29.0
B0B75RCBBN,,,,40.0,40.0
B0B76KRZXT,,,,34.0,34.0
B0B76MSCLX,,,51.0,51.0,51.0
B0B76Y5K5X,,,27.0,,
B0B76ZB6KY,,,,,10.0
B0B773MHTF,,,,,2.0
B0B774G1YC,,,,,5.0
B0B779GC5J,,,,,21.0
B0B77CX21M,21.0,,,,
B0B77DQFRX,,106.0,,,
B0B77F6TWG,,,,,1.0
B0B77J49ZY,,,,,106.0
B0B77VZ55X,,,,73.0,73.0
B0B77WXNSP,,,,,17.0
B0B783BP2S,,,,,1.0
B0B783S3Y9,,,,71.0,71.0
B0B783TMQ9,,,9.0,,
B0B7845FFG,,,,,71.0
B0B784Z52H,,,,,71.0
B0B78622BR,,,,,71.0
B0B78699WB,,,,,1.0
B0B7879FQG,,,29.0,29.0,29.0
B0B787QV4G,,,,71.0,71.0
B0B787ZD53,,,,,127.0
B0B79QMN9M,,,,,56.0
B0B7BFT856,,,,,39.0
B0B7BKH274,,,,,70.0
B0B7C8YGK9,,,,36.0,36.0
B0B7DF5GTK,,,340.0,,
B0B7DG6T6N,,,340.0,,
B0B7DPDQJW,,,1.0,,
B0B7DPWL9Y,,,123.0,,
B0B7DPYDMJ,123.0,,,,
B0B7DQ3T7W,,,,,195.0
B0B7FFDYVY,,484.0,,,
B0B7G53LH6,,,,,107.0
B0B7G6MMP2,107.0,,,107.0,107.0
B0B7G898SG,107.0,,,,107.0
B0B7HTBML1,,,,,22.0
B0B7HTDYWD,61.0,,,,
B0B7HZR6DZ,,,,,25.0
B0B7J4XV9N,,,,130.0,130.0
B0B7J51MPF,,,173.0,,173.0
B0B7J8WNPF,,,,41.0,41.0
B0B7JBYRD4,,28.0,,,
B0B7JFSM3B,4.0,,,,
B0B7JS16D9,,,,,9.0
B0B7KJQKX4,15.0,,,,
B0B7L2FPQK,1633.0,,,,
B0B7LKBLJY,139.0,,,,139.0
B0B7M9Z9NC,,,,,20.0
B0B7MH2DBQ,,276.0,,,
B0B7MK1W1G,,,,,3355.0
B0B7MNRPLH,,,,10.0,
B0B7MPWB27,,,,,40.0
B0B7MSBYRD,,129.0,,,
B0B7NNWNCB,,,27.0,,27.0
B0B7NQ2F2N,,,27.0,,27.0
B0B7NS68JC,,,,,27.0
B0B7P9MN5W,,,,,27.0
B0B7PBQ8Z9,,,27.0,,27.0
B0B7QF4TX7,,,,115.0,115.0
B0B7QFYHTW,,,,,13.0
B0B7R9YMRM,,,,,53.0
B0B7RBSD3Q,,,,,58.0
B0B7RC6465,,,,,53.0
B0B7RCQVK3,,,,,53.0
B0B7RCX4FZ,,,,,58.0
B0B7RFV2GV,85.0,,,,
B0B7RSHVJB,26.0,,,,
B0B7RST3N6,,,,8.0,
B0B7RXNLJ5,,,,,2.0
B0B7SJ89Q4,36.0,,,,
B0B7SJKQKB,,,,737.0,737.0
B0B7SLDVK9,,,,737.0,737.0
B0B7VDSSFS,,,102.0,102.0,102.0
B0B7VQ54X5,,,,,23.0
B0B7VQC814,,,,,235.0
B0B7VXDLRP,,20.0,,,
B0B7W7FPC3,,,,6.0,
B0B7X65RXY,,,1.0,,
B0B7X6K9DG,,,,,51.0
B0B7X85V8F,,51.0,,,
B0B7X8CWZM,1955.0,1955.0,,1955.0,1955.0
B0B7XCMTH5,9508.0,,9508.0,,9508.0
B0B7XH2GXP,,,,,21.0
B0B8153P3V,,,,,16.0
B0B819DYX8,,,,,94.0
B0B822W45X,,,,,59.0
B0B827PPF8,,,,1.0,1.0
B0B8285J5J,,,26.0,,
B0B829CZS6,10.0,,,,
B0B82MSF7K,,,,,130.0
B0B82PMM82,4.0,,,,
B0B82RML7S,,,,,12.0
B0B831PN2N,8.0,,,,
B0B84DX87H,,,,16.0,
B0B84ZCBZS,,,,29.0,29.0
B0B86V1G34,,,,26.0,
B0B878LXL3,,,80.0,,80.0
B0B878V5PK,,,,,80.0
B0B87BYG9D,,,,,84.0
B0B87CDVJ4,,,,80.0,80.0
B0B87GJJ8Z,,132.0,,,132.0
B0B87WYSN3,,,,27.0,27.0
B0B87ZK4VH,,,,33.0,33.0
B0B87ZNWWD,,,,33.0,33.0
B0B881DTY9,,,,,33.0
B0B889ZQYJ,,,58.0,,58.0
B0B88BQ8JC,,20.0,,,
B0B88DVDSB,,5.0,,,
B0B88KZS9W,,,,,1.0
B0B89P16MC,1588.0,1588.0,1588.0,1588.0,1588.0
B0B8BV9RGT,,,,,131.0
B0B8C1VYQ9,,,,1326.0,
B0B8C7JK8K,,,,,265.0
B0B8CM4ZL6,,,,,106.0
B0B8CTGP8M,,,,,3.0
B0B8D5GJSR,,267.0,,,
B0B8D76XQG,,,376.0,376.0,376.0
B0B8G152HJ,,,,,27.0
B0B8GP8147,18.0,,,,
B0B8GQ2719,333.0,333.0,,,
B0B8GVKTBK,,60.0,,,
B0B8H49N4H,,,58.0,58.0,58.0
B0B8H6SBQS,,,,,126.0
B0B8HNK7TN,6.0,,,,
B0B8HZJ24H,,18.0,,18.0,18.0
B0B8JTBMLH,,,,,113.0
B0B8JZ3HN5,,,,,113.0
B0B8LVWB4Q,,,12.0,12.0,
B0B8M2YBVC,96.0,,,,
B0B8M8HPX5,,,,,7.0
B0B8MCYGDB,,37.0,37.0,37.0,37.0
B0B8MFTRGR,,,47.0,47.0,
B0B8MGS4D1,,,,,6.0
B0B8MJ7FG3,,28.0,28.0,28.0,28.0
B0B8MN7HP6,,,,,107.0
B0B8N9V66P,,,,,2.0
B0B8NHYZ9R,,,,,6.0
B0B8NJ9DMF,,,,,56.0
B0B8NJCG25,,,,,128.0
B0B8NP7SJP,,6.0,,,
B0B8NRX7VB,,,,124.0,124.0
B0B8P1BL7T,,,,,79.0
B0B8P29KLH,,,,,79.0
B0B8P3L3R6,,79.0,,,
B0B8Q3Y8X8,,,,,49.0
B0B8QKHV6W,,,,46.0,46.0
B0B8QRGH7M,,,,,2056.0
B0B8QRHX92,,,2056.0,2056.0,
B0B8QRT78F,,,,3355.0,3355.0
B0B8QXXQXX,,,,,231.0
B0B8R15GH8,,,,,231.0
B0B8R9GWKG,,,,13.0,
B0B8RK1NLP,,,,,37.0
B0B8RMVB7X,,,,43.0,43.0
B0B8S5SVZ8,,,,,20.0
B0B8S6LW1V,,,33.0,,33.0
B0B8SSWWMT,253.0,,,,
B0B8ST4LKX,,,2.0,,
B0B8VKKCBY,196.0,196.0,196.0,196.0,196.0
B0B8VNHZ4B,,,1.0,,
B0B8VQTV6B,,,,,32.0
B0B8W7V3MD,,,,51.0,51.0
B0B8X1ZMV4,1.0,,,,
B0B8X2KNJL,,,28.0,28.0,28.0
B0B8X72MKD,,,,31.0,
B0B8XSNC6W,229.0,,,,229.0
B0B8YG4K2T,,,,,269.0
B0B8YG7YH8,,,,269.0,269.0
B0B8YG82FV,,,,,269.0
B0B8YLTGYH,,,9.0,,
B0B8YMW9MN,,,,,124.0
B0B8YQLG38,,,,,269.0
B0B8YQY62V,,7.0,,,
B0B8YRM63J,,,,3.0,
B0B8YSQKXQ,3.0,,,,
B0B8Z1X6FZ,387.0,387.0,,387.0,387.0
B0B8ZCN6M4,,,10.0,,10.0
B0B8ZNSDWY,,,,,2.0
B0B91153XD,,,5.0,,
B0B914XLML,,,,,44.0
B0B924D7XF,342.0,342.0,342.0,342.0,342.0
B0B92KF9H4,243.0,243.0,243.0,,243.0
B0B92MKCBV,,,,,120.0
B0B93CXD8B,,,,,38.0
B0B93DKJX2,,,,,38.0
B0B93DQLT2,,,,,67.0
B0B93KMNSN,,,,23.0,23.0
B0B93L6PJG,,,,,26.0
B0B93MNHC3,50.0,,,,
B0B93PDHZC,,,31.0,,31.0
B0B93R8ZTH,,,82.0,82.0,82.0
B0B93TTKXY,,,,82.0,82.0
B0B942PBPF,,,,,66.0
B0B968JBY3,,825.0,,,
B0B96CWMNV,,170.0,170.0,170.0,170.0
B0B96WMT7J,,,,,7.0
B0B975VT3K,,,33.0,33.0,33.0
B0B976TC8T,,,,152.0,152.0
B0B978CHQ3,,,,,31.0
B0B97B39J5,,,,,45.0
B0B97D2RDY,23.0,23.0,,,23.0
B0B97FJT9J,,,33.0,33.0,33.0
B0B97Q9DYM,13.0,,,,
B0B9838MZZ,,,,201.0,201.0
B0B98XQ815,2.0,,,,
B0B993CP5Z,,,,77.0,77.0
B0B99V7C19,,,,,23.0
B0B9B6H2NN,,,,,3.0
B0B9B83NQG,,139.0,,,
B0B9BBSL1D,,,,,139.0
B0B9BDFGL6,,,,,27.0
B0B9BH2TKP,,,,32.0,32.0
B0B9BJ1CXJ,,,,,145.0
B0B9BMWPFY,,,,,8.0
B0B9BSHLX5,4.0,,,,
B0B9BSM2SY,,,52.0,,
B0B9BTTTQL,,,,,52.0
B0B9C8XHNW,,,,,49.0
B0B9CHTQL8,,,,3364.0,3364.0
B0B9FF2B1T,,,36.0,36.0,36.0
B0B9FQ7D1X,,,,,6.0
B0B9FYKS3Y,,,,,71.0
B0B9G786C9,,,,37.0,37.0
B0B9GG6N2G,,,,,179.0
B0B9GPVX9L,,,,,46.0
B0B9GSK2BM,,,18.0,,18.0
B0B9J7NS3T,,,,,118.0
B0B9K9CWGN,,,,88.0,88.0
B0B9KF683H,,,,,88.0
B0B9KFSWRX,,,,,4.0
B0B9L27D43,,94.0,,,
B0B9M1VQN5,,,,,26.0
B0B9M5G1JY,,,,,9.0
B0B9MP617V,,,67.0,67.0,67.0
B0B9MP76V1,,,,16.0,
B0B9MSPWVF,,,,,14.0
B0B9MTKHXQ,,16.0,,,
B0B9QVDZMB,,,,,29.0
B0B9QZV48M,,,,,29.0
B0B9R654MR,,,,,5.0
B0B9R6H2VY,180.0,,,,180.0
B0B9R72WH7,60.0,,60.0,60.0,60.0
B0B9R87Z81,,,,,29.0
B0B9R9KG36,,,,34.0,34.0
B0B9RKKHLP,,,7.0,7.0,
B0B9RKT9VZ,,,,116.0,116.0
B0B9RTKWRP,,,,,3464.0
B0B9RYW53X,4.0,,,,
B0B9S51VR9,28.0,,,,
B0B9SJTFLK,,,,54.0,54.0
B0B9T75QY6,,,,,12.0
B0B9TLDH2G,5.0,,,,
B0B9TRRHYL,,,,,10.0
B0B9WB7HSZ,,,,103.0,103.0
B0B9WG925R,,,,,180.0
B0B9XC3QYT,,,,40.0,40.0
B0B9XG3XN2,,,,,2.0
B0B9XNFP34,,,,24.0,24.0
B0B9Y2CKSM,,,,,16.0
B0B9Y2SQFJ,,,,,90.0
B0B9YJ1F35,,,,87.0,87.0
B0B9YL7QBD,,,,,87.0
B0B9YLT55X,,,,87.0,87.0
B0B9YM1JNK,,,,,87.0
B0B9YPGSC1,,,,,192.0
B0B9YQJ5RW,,,,192.0,
B0B9YRN3GG,,,,,187.0
B0B9YRZ6HR,,,192.0,192.0,192.0
B0B9YSBGTF,,,187.0,187.0,187.0
B0B9YTBMVD,,,,,187.0
B0B9Z9YQ3G,5.0,,,,
B0B9ZFKSNM,,,,,15.0
B0BB136NX3,,1.0,,,
B0BB16KQG7,82.0,,82.0,82.0,82.0
B0BB1BJTZ2,,30.0,,30.0,30.0
B0BB1H915W,,,,,5.0
B0BB1LJ6RF,,,,62.0,
B0BB1P4Q1H,30.0,,,,
B0BB23178T,,,145.0,,145.0
B0BB256P4B,29.0,29.0,,29.0,29.0
B0BB25FM25,,,,,62.0
B0BB27FYVJ,,,,,20.0
B0BB2DKSJV,,,,,1215.0
B0BB2NNQ8N,,,,,31.0
B0BB2P9GKW,257.0,,,257.0,257.0
B0BB2T8791,224.0,,,,
B0BB2WLDYP,,224.0,,,
B0BB3219BH,29.0,,,,
B0BB4JLLR7,,,,584.0,584.0
B0BB52FX3H,,,,262.0,262.0
B0BB5BZ44W,,,49.0,,49.0
B0BB5XZX8R,,,,,3.0
B0BB5YFJVF,247.0,247.0,247.0,247.0,247.0
B0BB61S2CR,,,,,12.0
B0BB6CX35X,,,,,262.0
B0BB6S4C32,,,,,38.0
B0BB6S9DBV,,,,,67.0
B0BB6TYNSV,,,,,38.0
B0BB6VK9TH,,,38.0,,
B0BB6VP7VV,,,,38.0,
B0BB6W9L24,,,,,38.0
B0BB6WB9K5,,,,,15.0
B0BB6WHYGW,,,,,38.0
B0BB7YJ75H,,,,,60.0
B0BB93698S,,120.0,,120.0,120.0
B0BB9TD2DD,,,,35.0,35.0
B0BB9ZCLX2,,,,,20.0
B0BBBBX8DP,,,,,33.0
B0BBBHW74X,,,31.0,31.0,31.0
B0BBCG4R6K,8.0,,,,
B0BBCGBTZT,2.0,,,,
B0BBCHVZZT,,,25.0,,
B0BBFBYYWW,9.0,,,,
B0BBFCMVJD,,52.0,,,52.0
B0BBFHVCB8,,,,,108.0
B0BBFLF2XW,,,,,108.0
B0BBFR6ZKG,,,139.0,,139.0
B0BBFRQ4NJ,,,,,581.0
B0BBH45QXN,,,,,40.0
B0BBHF7BGN,,,,,40.0
B0BBKH65YR,,,257.0,257.0,257.0
B0BBKPR4G9,,,,,1.0
B0BBKVLCDH,,,,,6209.0
B0BBLBDMVL,,,,,4.0
B0BBLHT9GR,,,333.0,,
B0BBLLBBZ8,,,,333.0,333.0
B0BBM25JTT,,,75.0,75.0,75.0
B0BBMCS6W7,,,35.0,35.0,35.0
B0BBPQ5YDM,,,,211.0,
B0BBQ5M1R3,,,,2829.0,2829.0
B0BBQPQ9GB,45.0,,,45.0,45.0
B0BBQQG9DC,,,,,37.0
B0BBRLMPRR,,,,26.0,26.0
B0BBSG5F8F,42.0,42.0,,,
B0BBT3YKZQ,13.0,13.0,,,
B0BBT5GFRF,,744.0,,744.0,744.0
B0BBT67K4T,75.0,,,,75.0
B0BBT7VL4Z,,,,,74.0
B0BBTG2HBV,,14.0,,,
B0BBTQHF44,18.0,,,,
B0BBV35L9H,,,512.0,,
B0BBVGLD7Q,20.0,,,,
B0BBVJ1RHY,,,73.0,,73.0
B0BBVPMM8J,,,,,8.0
B0BBVYRG6C,40.0,40.0,40.0,,
B0BBVYTRF8,,,82.0,,
B0BBWL6M1G,,,,,120.0
B0BBWMFTS1,,,,,120.0
B0BBWND5VT,,,,,120.0
B0BBWQ19W9,,,,120.0,120.0
B0BBXMSD81,,,120.0,,
B0BBXMTBW1,,,,,120.0
B0BBYZ93TD,,,,,527.0
B0BBZ8HX3C,,,,,19.0
B0BBZ91W56,,108.0,,,108.0
B0BBZSDSKQ,,,24.0,,
B0BBZW5TRZ,,,58.0,,
B0BBZW66LP,,,,,73.0
B0BBZWWJV7,,,40.0,,40.0
B0BBZXS8PC,,,,,73.0
B0BBZY4ZSQ,,,40.0,,
B0BBZYXGJ7,,,,73.0,73.0
B0BBZZF455,,,73.0,,
B0BC11J21B,,,,,40.0
B0BC124FVD,,,,,884.0
B0BC143MLD,,,,40.0,40.0
B0BC16PLZG,,,22.0,,22.0
B0BC1BM566,,,,32.0,32.0
B0BC1D23KJ,,,,,32.0
B0BC1WDVZQ,257.0,257.0,,257.0,257.0
B0BC1WRDY4,,,,,257.0
B0BC1ZK1WS,,,,,2.0
B0BC24JRL8,,3.0,,,
B0BC25YPR9,,,,,118.0
B0BC29LWKZ,,,81.0,81.0,81.0
B0BC3NSGQT,,,,,74.0
B0BC3PQLNY,,,,,74.0
B0BC3TVB3B,,,,,54.0
B0BC3VJ1DK,,,,,54.0
B0BC3XZPWV,,,,,29.0
B0BC41QMHB,,,,,133.0
B0BC46H6FD,1.0,,,,
B0BC4C1325,,,,,9.0
B0BC5CB4CR,,,,21.0,
B0BC5XZR5L,,,,,737.0
B0BC6BRVDY,,,,,66.0
B0BC6BSHWJ,,,,66.0,66.0
B0BC6CNWJ9,,,,381.0,381.0
B0BC6CPSSW,,,,66.0,66.0
B0BC6F2GQ9,,,,,66.0
B0BC6FJCRG,,,,,66.0
B0BC7686NV,,,,84.0,84.0
B0BC7P551Y,,,,15.0,
B0BC7P6TLB,34.0,,,,
B0BC82RK49,,,,23.0,23.0
B0BC837CFL,,,,,29.0
B0BC85TYTC,,,,,370.0
B0BC86FVRZ,,,,,370.0
B0BC87BJMB,370.0,,,370.0,
B0BC8C8RHD,43.0,,43.0,43.0,43.0
B0BC8HWN4H,,,,,99.0
B0BC8JWRRG,,,4.0,,
B0BC8WF1KV,,,,795.0,795.0
B0BC94JD4G,,,,32.0,32.0
B0BC94L4JQ,,,,,27.0
B0BC9X6NVT,,196.0,,,
B0BCCZQR1H,,,,,3355.0
B0BCDHSM9X,,,,42.0,42.0
B0BCDQ9YY3,,,,,18.0
B0BCDV1GWZ,,,,,795.0
B0BCF2NMPM,,,,,658.0
B0BCFD4FK5,,,,,3.0
B0BCFHZQF5,,,,2510.0,2510.0
B0BCFTGZRH,,,,,37.0
B0BCFZPW3W,,,59.0,59.0,59.0
B0BCG13T6X,,,,,41.0
B0BCG1ZZDF,,,,,55.0
B0BCG8HJM7,,,,,41.0
B0BCHS3XH3,,,,,61.0
B0BCHSQ37S,,,,,61.0
B0BCHTC7V4,,,,,23.0
B0BCHTJ67J,,,67.0,67.0,67.0
B0BCHWX4F7,,,,,9.0
B0BCJFM9DN,33.0,,,,
B0BCJHBXY6,,529.0,,529.0,529.0
B0BCJHDGNR,,,,,33.0
B0BCJNY9CQ,,,,80.0,80.0
B0BCJTJ5NJ,,,,,4.0
B0BCKHXYBT,,,,,10.0
B0BCKKJQLL,,,,,28.0
B0BCL3WBYG,,,,,42.0
B0BCL56BCW,,,,,78.0
B0BCL59B1M,,,,,42.0
B0BCL5DB2F,,,,,78.0
B0BCL5SGX4,,,,,42.0
B0BCL6PZW8,,,,,78.0
B0BCL7DMJ1,,,,,78.0
B0BCL7GS4T,,,,,42.0
B0BCLVWMYB,,,,,78.0
B0BCLYDX9J,,,,,42.0
B0BCM1YZV5,,,42.0,,
B0BCM9YNYJ,,,,,42.0
B0BCP1FDXV,,,,,10.0
B0BCPC4RZF,,,,,19.0
B0BCPGLVP9,,,,,10.0
B0BCPNLVVC,,,270.0,,270.0
B0BCPPW971,,,21.0,,21.0
B0BCPQLZLH,270.0,,,,
B0BCPS2LVR,,,,,270.0
B0BCPW4XKT,,,,,86.0
B0BCPW62HG,,,,707.0,
B0BCPWVYT9,2.0,,,,
B0BCPXJSVD,270.0,,,270.0,270.0
B0BCPYJCYH,,,,,79.0
B0BCPYMBNK,,,899.0,899.0,899.0
B0BCPZGJQV,79.0,,,,
B0BCPZQGCR,1.0,,,,
B0BCQ25N7V,,6.0,,,6.0
B0BCQ2BT7S,,,15.0,,
B0BCQ43Z6B,,,,,38.0
B0BCQ7VP9C,,,29.0,29.0,29.0
B0BCQPRCQC,,,,,5.0
B0BCR4WR9R,,,,,87.0
B0BCR5GYTJ,,,,52.0,52.0
B0BCTGYVML,,,,7.0,7.0
B0BCTSYN77,,,,,33.0
B0BCVV1HR4,2.0,,,,
B0BCW1Z875,,,,,11.0
B0BCWGB1VC,,,26.0,26.0,26.0
B0BCWY1PWS,,,,,63.0
B0BCXPDWX3,3.0,,,,3.0
B0BCXR4VRH,,,,,66.0
B0BCY5MVT5,,47.0,,,
B0BCYV66C4,5.0,,,,
B0BCZ17N2F,,,,,18.0
B0BD18JG8G,,,,,97.0
B0BD19SHYN,,,,97.0,97.0
B0BD19ZV8M,,,,43.0,43.0
B0BD1B8VVJ,,,90.0,,
B0BD1BFNTD,,,,97.0,
B0BD1KN29V,38.0,,,38.0,38.0
B0BD2LDPKG,,,,,158.0
B0BD3GGK9P,,,,248.0,
B0BD3TK1GP,,,,,269.0
B0BD3WWFKK,,,170.0,,170.0
B0BD45KD66,,,,93.0,93.0
B0BD45XD2N,43.0,,43.0,,43.0
B0BD469V8K,,,,,96.0
B0BD47YSJQ,,,,,93.0
B0BD483Q8N,,14.0,,,
B0BD4JZ3B9,,,,,51.0
B0BD4K78BZ,,,,,59.0
B0BD4MH7YN,,324.0,324.0,324.0,324.0
B0BD4MJDZ6,2.0,,,,
B0BD4SNT1V,357.0,,,357.0,357.0
B0BD5228KT,,,,190.0,190.0
B0BD59W13C,,,,81.0,81.0
B0BD5S8D42,,,,,13.0
B0BD5V7WT6,,60.0,,,60.0
B0BD5VCNY6,,,,,66.0
B0BD66WBKC,,,,,110.0
B0BD6TW78F,,,,,603.0
B0BD7228BQ,,,18.0,,
B0BD743ZZ9,,,,,17.0
B0BD79L95F,,,23.0,,23.0
B0BD7DTDGN,23.0,23.0,23.0,23.0,23.0
B0BD7L1NS9,90.0,90.0,,90.0,90.0
B0BD7QSPY1,,,,,1.0
B0BD7TNGPS,80.0,,,,80.0
B0BD7VBQSP,,,,,39.0
B0BD81YYCV,3.0,,,,
B0BD83LVNM,,,54.0,,54.0
B0BD87LCJX,,,,,4.0
B0BD88MK82,,,,211.0,211.0
B0BD89TQ8S,,,211.0,,211.0
B0BD8BH3L5,,,,,54.0
B0BD93X68Z,,,,,21.0
B0BD99BK51,,,4.0,,
B0BDDH6Q3Z,75.0,,,,75.0
B0BDDW9JQ9,17.0,,17.0,,17.0
B0BDDZQW3Y,,,,104.0,104.0
B0BDF221ZL,,,11.0,,11.0
B0BDF36WL4,,,22.0,,22.0
B0BDF8BV1N,,104.0,,,
B0BDF8J7C1,,,35.0,35.0,35.0
B0BDFBSTL2,,,,,42.0
B0BDFDY5CJ,,,,41.0,41.0
B0BDFJZWD6,,,,,34.0
B0BDFWLKBF,,44.0,,44.0,44.0
B0BDFWTMKF,526.0,526.0,526.0,526.0,526.0
B0BDFZ31FF,,,,,44.0
B0BDFZQYMV,,,,,44.0
B0BDG166FD,,,,13.0,13.0
B0BDG257L1,,,,,44.0
B0BDGGLCG7,,,,,3364.0
B0BDGP56V1,,,,25.0,25.0
B0BDJW98Q7,,,,,87.0
B0BDJYPSJJ,,,,,18.0
B0BDK11NCM,,,,,77.0
B0BDKFCLKF,,,,1.0,
B0BDKG2BX1,10.0,,,,10.0
B0BDKPY11C,,,,,77.0
B0BDKQ7TFQ,,,,77.0,77.0
B0BDKXTMY4,,,,,4.0
B0BDLYB5N7,,,,,139.0
B0BDM9XDG7,,,,,34.0
B0BDMWFT53,,,,,3.0
B0BDPCY51S,,38.0,,,
B0BDQGGVLV,,,,34.0,34.0
B0BDR4SVZH,,,,6.0,
B0BDRB6W31,,,117.0,117.0,117.0
B0BDRF244Y,,29.0,,29.0,29.0
B0BDRHNDSS,,75.0,,75.0,75.0
B0BDRJJ6XL,,,17.0,,
B0BDRKQKPK,,,,,3.0
B0BDRW23VC,,,,99.0,99.0
B0BDSK7T5L,,,,,6.0
B0BDZLCZQ9,,20.0,,,20.0
B0BF21Z37Q,,,,,75.0
B0BF2GHFZY,,,,,26.0
B0BF4DQ7DP,,,,19.0,19.0
B0BF4KV2SC,48.0,,48.0,48.0,48.0
B0BF4LLCSF,,,,,49.0
B0BF4S7RJQ,,,,33.0,33.0
B0BF4W11X9,,,,,1857.0
B0BF4YGQX5,,,,,19.0
B0BF4Z46KP,,,5.0,,
B0BF51Y2FC,,,,,90.0
B0BF54RBJR,,,,,37.0
B0BF56HC6M,,,30.0,30.0,30.0
B0BF5C9C4T,,,,,170.0
B0BF7C4CMD,26.0,,,,
B0BF95XCF6,,,,22.0,22.0
B0BF9BSHK4,,,,33.0,33.0
B0BF9DJX4K,,,,33.0,33.0
B0BF9KF3CD,,,,,118.0
B0BFB1XZHC,,,,58.0,58.0
B0BFB988HZ,29.0,,,,
B0BFBVHYQW,,,,,16.0
B0BFC2495G,,,,3.0,
B0BFCGD7YD,21.0,,,,
B0BFCMSYZS,55.0,,,,55.0
B0BFDKK3JZ,,,,87.0,87.0
B0BFDM4Q4Q,,,,87.0,87.0
B0BFF41DSP,9.0,,,,
B0BFF5JYJJ,53.0,,53.0,53.0,53.0
B0BFF5NVQP,,,,10.0,
B0BFF61CHZ,,,270.0,,270.0
B0BFF7MJ4F,,,,,39.0
B0BFF8BKS7,,,38.0,,38.0
B0BFFJ5NGN,,,64.0,,64.0
B0BFFLVXXS,,,,,64.0
B0BFFPG4CZ,,,,,6.0
B0BFG5M4ZD,,,,,5.0
B0BFGFBVWB,,,,5.0,
B0BFGLFBZD,,939.0,939.0,939.0,939.0
B0BFHCJ92V,,,56.0,56.0,56.0
B0BFHSX315,,,129.0,,129.0
B0BFHTCGFX,,,,,10.0
B0BFHTCKRZ,,,,129.0,129.0
B0BFHV3QFV,,,,,114.0
B0BFHZKW23,,,,,1.0
B0BFJ22NTW,,,,,31.0
B0BFJ8L8WB,33.0,,,33.0,33.0
B0BFJFQD36,1.0,,,,
B0BFJQ5623,,,32.0,32.0,32.0
B0BFJTVWNJ,,,,32.0,
B0BFK3JHFM,,,,,10.0
B0BFK4FQ97,,,,,18.0
B0BFKC39MF,5.0,,,,
B0BFKFYSFW,,,,,10.0
B0BFKG2T45,,,56.0,56.0,56.0
B0BFKH99XV,,,,,56.0
B0BFKMFPCJ,,,,,40.0
B0BFKXC711,,,,,56.0
B0BFL2GM1M,,,,,40.0
B0BFL8KLMY,,,,,40.0
B0BFL9LTVS,,,,61.0,61.0
B0BFLBL3T9,40.0,,,,
B0BFLC5QT9,,,,,40.0
B0BFLNLY2J,,,495.0,,
B0BFM28744,,,,,94.0
B0BFNV2KGN,,33.0,,33.0,33.0
B0BFP3XV39,,,,,24.0
B0BFPV1RF2,,,,,490.0
B0BFPW7CSG,,,2.0,,2.0
B0BFR2YV39,,,,,122.0
B0BFR3PN8G,,,,122.0,
B0BFRLRK5F,,,49.0,,49.0
B0BFRV6ZN9,,,,,276.0
B0BFRVJ5BQ,,,,,2307.0
B0BFRXQWZH,160.0,,,,160.0
B0BFV8W2BF,,,,,6.0
B0BFVFLLXP,,,,,1.0
B0BFVK9CFH,101.0,,,101.0,101.0
B0BFWXM9C4,,,67.0,67.0,67.0
B0BFX61N45,,,,,270.0
B0BFXNZBTT,,,57.0,,
B0BFZXL8SF,,,,,58.0
B0BG13BY3P,,,208.0,,
B0BG1DKPVD,,,,,21.0
B0BG21TMHH,,,,,1.0
B0BG2D5MYM,21.0,,,,
B0BG2FVFM4,185.0,,,,185.0
B0BG352BPC,,,22.0,,
B0BG36LHMF,,,,,3.0
B0BG3HLD6Z,,18.0,,18.0,
B0BG3KPSTX,,,153.0,,
B0BG3LMK8S,,,,8.0,
B0BG3XMJT8,,,,127.0,127.0
B0BG3ZCKT4,46.0,46.0,,,46.0
B0BG46NMRD,,,,,16.0
B0BG4K5465,,,,27.0,27.0
B0BG4KMBBB,,,,,64.0
B0BG4N2BDF,,,,,27.0
B0BG4QCLYN,,,,,6.0
B0BG4Y2KLV,,91.0,,91.0,91.0
B0BG4ZVTRX,,,,19.0,
B0BG52H1GT,,,,,32.0
B0BG539THM,,,,124.0,124.0
B0BG54CQG3,,,,,135.0
B0BG562WN7,,,,185.0,185.0
B0BG56XRMN,,185.0,,,185.0
B0BG5C5QR2,,,109.0,,
B0BG5D3C8F,,,,,17.0
B0BG5HY5VP,,2.0,,,
B0BG5J6TSQ,,,,,32.0
B0BG5TNBB6,,,,,412.0
B0BG6VJ1J4,,,,14.0,14.0
B0BG72SJLS,,38.0,,,
B0BG7RPCSM,,,,,20.0
B0BG86VL2P,,43.0,,43.0,43.0
B0BG86Z2S4,317.0,,,,317.0
B0BG8826C9,,3.0,,,
B0BG885YM2,,,,,25.0
B0BG9QFY87,,,,,37.0
B0BGBFCKNT,,,,,97.0
B0BGBS6K5D,,,,7.0,
B0BGDCYTTV,,,,,181.0
B0BGG8KQ1N,,,9.0,,
B0BGGGRTL8,,,,,30.0
B0BGHFTV39,,,,,42.0
B0BGHH64Q6,,,,,102.0
B0BGHL47S3,,102.0,,,102.0
B0BGHP2XVN,,,,,3464.0
B0BGHV7VNQ,,,,,28.0
B0BGHX9RHD,,,,,28.0
B0BGHXCMKL,,28.0,,28.0,28.0
B0BGJ6JSH4,,,,,60.0
B0BGJ8VN4H,,,,62.0,62.0
B0BGJCFBQC,,,,,62.0
B0BGJHD1R1,,,,62.0,62.0
B0BGJKLRHP,,,,,62.0
B0BGJND954,147.0,,147.0,147.0,
B0BGK2V34C,,,,,1.0
B0BGK67SVY,35.0,,,,
B0BGL8D917,,,,,13.0
B0BGLBS5RD,,,,,16.0
B0BGLC32RC,,,77.0,,
B0BGLF1CWF,,16.0,,,
B0BGLG7HW2,,,,,40.0
B0BGLLK6TD,,,,,4.0
B0BGMGPFKF,,,,,22.0
B0BGN58XR1,,,,9.0,
B0BGN8BZMT,,,,23.0,
B0BGNDP2KR,,52.0,52.0,52.0,52.0
B0BGNKZDQM,,,,504.0,
B0BGNQPW1C,,,,11.0,
B0BGNQXL3B,,,,,73.0
B0BGNSGJST,,,251.0,,251.0
B0BGNSZFK6,,,,,64.0
B0BGNTFTD4,,,,,64.0
B0BGNTGPSZ,,,,,148.0
B0BGNVFKLB,,,251.0,,251.0
B0BGNVVP97,,,,251.0,251.0
B0BGNX8HKR,,,,,251.0
B0BGNYYJ4N,520.0,520.0,,520.0,520.0
B0BGP8MMVF,9508.0,,9508.0,,9508.0
B0BGPCBKMD,,,,34.0,34.0
B0BGPJJ1J9,,,,,19.0
B0BGPJYRTK,,,,,8.0
B0BGPKMLBY,,,,48.0,48.0
B0BGPLCF9X,,,,504.0,
B0BGPQ89VC,,,,,26.0
B0BGPQR5DV,,,,,81.0
B0BGQ4R379,,,156.0,156.0,156.0
B0BGQ9C3N2,,,,123.0,123.0
B0BGQB8RGP,,,123.0,,123.0
B0BGQBWZGH,,,,,123.0
B0BGQLGRPT,,,,,123.0
B0BGQZ9BQ6,,,,,42.0
B0BGR61FCZ,,,,108.0,108.0
B0BGR93LQK,,,110.0,,
B0BGR9K547,,,,,2.0
B0BGS5C5NC,81.0,,,81.0,81.0
B0BGS6S7Q5,,,25.0,,
B0BGS77KJC,,,,67.0,67.0
B0BGS89RTN,,,,,1.0
B0BGSCJC78,,,,106.0,106.0
B0BGSDYQZ7,,,,106.0,106.0
B0BGSJ3SMZ,63.0,,63.0,,
B0BGX5ZGNX,,,,7.0,7.0
B0BGX74W2K,,,41.0,41.0,41.0
B0BGXKPGCQ,,,,,2.0
B0BGXNJVX9,,,,70.0,70.0
B0BGXNLZZT,,,,,93.0
B0BGXYMJ67,,,,,14.0
B0BH6Y3BL4,,,,,3.0
B0BH9BG8GV,,,,,66.0
B0BH9CNQLL,,,,115.0,115.0
B0BH9FDMNG,,,,,66.0
B0BHC7HH8H,,,,,40.0
B0BHD518WZ,,,,,90.0
B0BHD6Z1LJ,,,,,58.0
B0BHD77NQK,,,,58.0,58.0
B0BHD9Q8B4,,,,,58.0
B0BHDNYLGC,,,,3.0,
B0BHDPC941,,,102.0,,102.0
B0BHDR3GQD,,,,,58.0
B0BHDZR13V,,,,73.0,73.0
B0BHHX668S,,,,47.0,47.0
B0BHJCS3WW,,,,80.0,
B0BHKP7TWW,,,,,62.0
B0BHKTCQNV,84.0,,84.0,84.0,84.0
B0BHKYZPDQ,1.0,,,,
B0BHL35V8M,,,48.0,,48.0
B0BHL4G3JL,,,,,8.0
B0BHMF8Z34,,,,,29.0
B0BHMJ3W48,29.0,,,,
B0BHMVYFKF,,,173.0,,173.0
B0BHN42Y9V,,,41.0,41.0,41.0
B0BHN4R61P,,,,,21.0
B0BHN67XDM,,,,,21.0
B0BHN6W34F,,,,41.0,41.0
B0BHN95C8L,1.0,,,,
B0BHNGP6RY,,,,26.0,26.0
B0BHNS4TJT,,1.0,,,
B0BHNSHZ4K,,9.0,,,
B0BHNT2Z7Q,,,10.0,,
B0BHNTLPQW,,,,,53.0
B0BHNVJPT9,,,,,53.0
B0BHP6VXBQ,,,67.0,,67.0
B0BHP75Q8M,,67.0,,,67.0
B0BHQJHS8L,,,,,60.0
B0BHQM7N81,,,,,60.0
B0BHQTMR2H,,,,,33.0
B0BHQTSQSM,,,,4.0,
B0BHQVZZ33,,,,,33.0
B0BHQXLS4P,,,,,14.0
B0BHR5BS2M,,,,,197.0
B0BHS58RZB,,,,39.0,39.0
B0BHS81FYH,,,,75.0,75.0
B0BHSJ9FRJ,160.0,,160.0,160.0,160.0
B0BHSJFCR7,,,,160.0,160.0
B0BHSJH7TF,,,,12.0,12.0
B0BHSMC3SB,,,,,163.0
B0BHST2SWN,1.0,,,,
B0BHT2Z1TF,,,,,31.0
B0BHV9992P,,,,1.0,
B0BHV9B963,,,,,193.0
B0BHVWGHK1,,,,,38.0
B0BHW341X3,,197.0,197.0,197.0,
B0BHW62463,,,,,26.0
B0BHWBQT6V,,,,,27.0
B0BHWFJ7RC,,,,,53.0
B0BHWNCDN4,,,,,10.0
B0BHY5QSX6,1.0,,,,
B0BHYLDTRH,28.0,,,,
B0BHYNCYCL,,,,,1.0
B0BHYP538D,,,129.0,,129.0
B0BHYXSDVP,,,,396.0,396.0
B0BHYXVHP6,,,,,1.0
B0BHZ2369W,,,26.0,,26.0
B0BHZ3GP6M,,6.0,,,
B0BHZ7H64R,,,,5.0,
B0BHZCWQ7D,,,,,39.0
B0BHZD27D1,,,,7.0,
B0BHZFFL8Q,,,,1.0,
B0BHZFHHH8,,,,,33.0
B0BHZH4337,,39.0,,,
B0BHZMCD4Y,5.0,,,,
B0BHZMDLT9,,,,5.0,
B0BJ24XC8X,42.0,42.0,42.0,,42.0
B0BJ2D41PH,,,,49.0,49.0
B0BJ2Q4S7F,10.0,,,,
B0BJ2Q67W5,,,,5.0,
B0BJ2ZP4Q7,,,,,2.0
B0BJ5VHSKV,,60.0,60.0,60.0,60.0
B0BJ6C6JJ9,,,,,13.0
B0BJ6MNLW3,,,,,1.0
B0BJ6R6MY4,,,13.0,,
B0BJ6TS3DS,,,,,308.0
B0BJ71K8RZ,6.0,,,,
B0BJ73RVMZ,,,,,13.0
B0BJ8LLHF5,,,,187.0,187.0
B0BJ8WBDGH,,,,,53.0
B0BJ8WY11D,,,,,499.0
B0BJ8Y96ZW,,,,,499.0
B0BJ8ZFG6G,,,499.0,,499.0
B0BJ962JPB,,,,,108.0
B0BJ9KRB5W,,,,,54.0
B0BJ9KY62H,,,,,54.0
B0BJ9MV6ZH,,,,,54.0
B0BJ9XN79Y,,,,54.0,54.0
B0BJBMXGB8,,,,,35.0
B0BJBQBXK6,,,34.0,,34.0
B0BJBX6GVP,,,,,168.0
B0BJCTQ7KM,,,,170.0,
B0BJD2NJL7,,,115.0,115.0,115.0
B0BJD5R3SM,,,115.0,115.0,115.0
B0BJDLV84F,,,,,21.0
B0BJDYC6P1,,,,,504.0
B0BJDZ7HJR,,,,31.0,31.0
B0BJJXSSLN,1.0,,,,
B0BJKFYG1W,,,,,18.0
B0BJKGNSK5,,,,43.0,43.0
B0BJKHN4KN,,,,10.0,10.0
B0BJKJ4RW2,,,,21.0,
B0BJKM1RGX,,,,40.0,40.0
B0BJKM7CKD,40.0,,,40.0,
B0BJKS23ZF,,61.0,,,61.0
B0BJKT5CLW,,,232.0,,
B0BJKTL6QQ,,,54.0,,
B0BJKV1S7H,,,,,232.0
B0BJLC8445,,,,,27.0
B0BJNSHJZR,,,,,6.0
B0BJP1DTVH,,,,,69.0
B0BJPCNQGX,,,40.0,,40.0
B0BJPKXV31,,2.0,,,
B0BJPML442,,,,,33.0
B0BJPX5WMH,,,,,150.0
B0BJPXHCS3,,14.0,,14.0,14.0
B0BJQ1ZLG9,,,,,31.0
B0BJQPNP73,,,28.0,,28.0
B0BJT8GPP4,,,93.0,,93.0
B0BJTWVJ3R,,,,156.0,156.0
B0BJV6331K,,,128.0,,128.0
B0BJV8FZ4N,,,,,62.0
B0BJVCL8P6,,,82.0,,82.0
B0BJVFDQ8J,,,,82.0,82.0
B0BJVG95PV,82.0,,,,82.0
B0BJVH6GJD,,,,82.0,
B0BJVHG9KY,,,90.0,90.0,90.0
B0BJVJ1YRC,6.0,,,,
B0BJVK7PYQ,6.0,,,,
B0BJW33BQR,18.0,,,18.0,18.0
B0BJZ1D93Q,,,,,269.0
B0BJZB1SDJ,,,236.0,,236.0
B0BJZC27SV,,,,,4.0
B0BJZDRSD9,,,,89.0,89.0
B0BJZP8299,,,,,279.0
B0BJZQ61JV,,,,,50.0
B0BJZQL9QF,,,,58.0,58.0
B0BJZSF4MD,,,,229.0,229.0
B0BJZZ212H,3.0,,,,
B0BK15XBKC,,,,,113.0
B0BK1QCLF5,31.0,,,,31.0
B0BK2G3QW2,121.0,,,,121.0
B0BK319Z94,,,39.0,39.0,39.0
B0BK38SKPQ,43.0,,,,43.0
B0BK39R382,,,43.0,43.0,43.0
B0BK3T3181,,,,,1.0
B0BK4BCKQD,,9.0,,,9.0
B0BK53XP4Z,,,,32.0,
B0BK69CHS9,15.0,,,,
B0BK6C4DLZ,,,,,2.0
B0BK773M4N,27.0,,,,
B0BK7TJ8YP,,161.0,,161.0,161.0
B0BK7V1BRH,,,,161.0,161.0
B0BK7VCXC1,,,,,23.0
B0BK7ZJW18,,,,,11.0
B0BK8SSY2S,,,,,56.0
B0BK9MS8MT,,,,,43.0
B0BKFHN9SC,,,27.0,27.0,27.0
B0BKFMP7JK,,74.0,,,74.0
B0BKFQ7XM6,,,,77.0,77.0
B0BKFRJ2DS,,,1.0,,
B0BKFVD9QC,,,,,14.0
B0BKG1SHQS,77.0,,,77.0,77.0
B0BKG6J87Z,,,29.0,29.0,29.0
B0BKGCZ7TK,,,,644.0,644.0
B0BKGGHLB7,,,,,20.0
B0BKGHS21T,,,,,12.0
B0BKGJ214G,,,,,644.0
B0BKGTNVFV,,,,4.0,
B0BKGZP5MY,,,,,64.0
B0BKJSJMY7,,,19.0,,
B0BKJWBYXY,,,19.0,,
B0BKKKW4NY,,,,65.0,65.0
B0BKKQTWM1,,,,,65.0
B0BKKT5N53,,,,65.0,65.0
B0BKKZ5QSK,,,,,53.0
B0BKL34T7Z,,,,65.0,
B0BKL36R62,,,,14.0,14.0
B0BKL5MZSX,,,,,118.0
B0BKL6JJBV,,,,,118.0
B0BKL74MP3,,,,118.0,
B0BKL951N8,,,,,118.0
B0BKL9Y77T,,,,,3.0
B0BKLGZTLZ,31.0,,,,
B0BKP3LBYH,,,,56.0,56.0
B0BKP8JX43,14.0,,,,14.0
B0BKP91T57,,,,,6.0
B0BKP9Z16G,,25.0,,25.0,25.0
B0BKPBXYY2,,,14.0,,
B0BKPFG73F,,,,48.0,48.0
B0BKPH6FST,,4.0,,,4.0
B0BKPHKBVH,,,,25.0,25.0
B0BKPM6354,,,,45.0,45.0
B0BKPPMRKR,,,,,4.0
B0BKPRWGX5,,,,,45.0
B0BKPS2NZS,,,,,2.0
B0BKPWQ87L,,,,45.0,
B0BKPWVKWF,,,,,12.0
B0BKPX8XJP,,,,10.0,
B0BKPYVY7S,,,,,115.0
B0BKPZMNPY,,,,115.0,115.0
B0BKPZT1KC,,,,29.0,29.0
B0BKQ179L5,,,,,115.0
B0BKQ1H73V,,,,,115.0
B0BKQ1TCBF,,,,,115.0
B0BKQ36QJP,,,29.0,,
B0BKQ373NH,50.0,50.0,,50.0,50.0
B0BKQ3FKCB,,,,115.0,115.0
B0BKQ4G7X7,,,,,115.0
B0BKQDP3CM,,,,180.0,180.0
B0BKQNPYRM,,,,,28.0
B0BKQX9Z9Q,,,,,120.0
B0BKRCV9D4,,,,40.0,40.0
B0BKRD13N1,,,40.0,,40.0
B0BKRN3DGL,,,,,38.0
B0BKRP4YPW,,,,38.0,
B0BKRPK43P,,,,,38.0
B0BKRQJYZ3,,,,38.0,
B0BKRQQHL8,,,,,38.0
B0BKRQYBT1,,,,,38.0
B0BKRRCKG6,,,,38.0,38.0
B0BKSRYYR5,3.0,,,,
B0BKSYMK6P,,,,264.0,
B0BKT31D2T,,,,,53.0
B0BKTJV2ZG,1.0,,,,
B0BKVH2599,307.0,,,,
B0BKWQXHHD,,,,61.0,61.0
B0BKXZ62G9,,,108.0,,108.0
B0BKXZPG3K,,,,108.0,108.0
B0BKY1TT63,,,,108.0,108.0
B0BKYG9Y3N,,14.0,,,
B0BKZ2P9GT,,,,,44.0
B0BKZ3M69X,,,,44.0,44.0
B0BKZ3V5X2,44.0,,44.0,44.0,
B0BKZ3YHJK,,,31.0,31.0,31.0
B0BKZL69P3,,,,,16.0
B0BKZMWHY4,,,,,3.0
B0BKZZMTYD,,,,,48.0
B0BL19FL5H,,,,,36.0
B0BL2C2M4C,,,,,116.0
B0BL2HBXFN,,,9.0,,
B0BL2HTDXH,3.0,,,,
B0BL2KV851,,,1.0,,
B0BL338LWM,,,,,314.0
B0BL352BKW,,,2.0,,
B0BL37D16B,,,,,1.0
B0BL3HT27H,,71.0,,71.0,71.0
B0BL4YN2CB,,,28.0,28.0,28.0
B0BL6KG2QP,652.0,,,,652.0
B0BL6WW1J9,,,,652.0,652.0
B0BL7669HG,,,,,30.0
B0BL7L57NB,,,,,8.0
B0BL8H1ZZS,23.0,,,,
B0BL9PY65J,,,,,68.0
B0BL9VVG69,,,,,50.0
B0BLBPPS2B,,,,,862.0
B0BLBZW912,,,,38.0,38.0
B0BLC135WN,,,,,38.0
B0BLC2M364,,,,,34.0
B0BLC2T31P,,,,,38.0
B0BLCBCM7G,,,,,38.0
B0BLCZRN6B,,,,,62.0
B0BLD1FQS2,,,,,31.0
B0BLDZFF4G,,,,,252.0
B0BLF8MKXS,,,,,60.0
B0BLFTXWDV,,,60.0,,
B0BLGPHWNM,,,,,58.0
B0BLJVPKG1,,,,,38.0
B0BLK4CZ65,,,,,25.0
B0BLLBSW1S,,,,60.0,60.0
B0BLLBVXQX,,12.0,,,
B0BLLBY77V,,,,,60.0
B0BLLCQS2D,,12.0,12.0,,
B0BLLXYQN7,,,26.0,,26.0
B0BLMS7195,,,,26.0,
B0BLMS97RT,,,,,26.0
B0BLN6YCJD,,,,26.0,
B0BLN7DPV7,,,2.0,,
B0BLNF3JF6,,,,,207.0
B0BLNHGL4M,,,,,19.0
B0BLNJN5KY,,,,,1.0
B0BLNNCW4J,,,,,128.0
B0BLP1NTFS,35.0,35.0,,35.0,35.0
B0BLQH5M7X,,,,,64.0
B0BLRHQ49T,,,,,31.0
B0BLRV5HCH,,,,,42.0
B0BLS4HK9T,,,,,79.0
B0BLSF3X7K,3.0,,,,
B0BLSK7ZD1,,,,,4.0
B0BLTNG5X3,,,,30.0,30.0
B0BLTWGB9Y,,,,31.0,
B0BLTZWG8M,,,,,34.0
B0BLV1D2P8,,,,,34.0
B0BLV1RPTF,,,,,34.0
B0BLV25F4W,,,,,34.0
B0BLV2W4KY,,,,,34.0
B0BLV3FQ92,,,,,34.0
B0BLV8KHR6,65.0,,,,
B0BLV8WWNX,,,,,65.0
B0BLVBVVPJ,,,10.0,10.0,10.0
B0BLVD8TFG,,,,,65.0
B0BLVDNR6V,,,,,33.0
B0BLVF99YH,,,33.0,,
B0BLVFSX9F,7.0,,,,
B0BLVG4YJQ,,,,,33.0
B0BLVGSR68,,,,,33.0
B0BLVHW8DP,6.0,,,,
B0BLVJQW7G,,,,,60.0
B0BLVJYN4C,,,,,7.0
B0BLVK4P4P,,,,,33.0
B0BLVNRHDG,,,,,88.0
B0BLVP4CS1,,,,88.0,88.0
B0BLVQ1BFT,,,,15.0,15.0
B0BLVXQ198,,,,40.0,40.0
B0BLW1G45V,,,,,44.0
B0BLW2KZN9,,,,,44.0
B0BLW2ZSRQ,,,,,31.0
B0BLWC24J4,,,,,116.0
B0BLZ5L2H5,,,,13.0,13.0
B0BLZ6LGVB,,,,,16.0
B0BLZ9LDGL,,,,,16.0
B0BLZB4WHW,,,,,16.0
B0BLZX6KZD,,,,,13.0
B0BM3CXT27,,,,21.0,21.0
B0BM3MSBQ1,,,,49.0,49.0
B0BM3N28GF,,,,,65.0
B0BM3RLP77,,,5.0,,
B0BM3VFXQQ,,,,,20.0
B0BM4JD3XP,,,,50.0,50.0
B0BM4KFVM2,,,,,9.0
B0BM5Z3F8W,,,,,52.0
B0BM7RSMQG,,,27.0,,27.0
B0BM8BYBM6,,,6.0,,
B0BM8RFY7N,,49.0,,,49.0
B0BM8SF2YZ,,,50.0,,50.0
B0BM9JTBT5,,,,,1.0
B0BMF1G6LB,,,,,606.0
B0BMF9ZWC8,,,,54.0,54.0
B0BMG35DLD,,,,,70.0
B0BMG8WBS7,,,,,7.0
B0BMGVK9F6,,,,81.0,81.0
B0BMKB1CMV,,,,135.0,135.0
B0BMKH5Y4B,,,,,3.0
B0BMKVBQ4F,,,,,2.0
B0BMLJ3HSQ,,,,33.0,33.0
B0BMLQT692,,43.0,43.0,,
B0BMLRP13Z,,,,,54.0
B0BMLT529Q,2928.0,,,,
B0BMLXCGD5,,,,15.0,
B0BMM515KW,,,,,17.0
B0BMP7ZRNJ,,,,,370.0
B0BMQ4XK4H,,,,370.0,370.0
B0BMQ4ZFD6,,,,,370.0
B0BMQ53JD1,,,19.0,,
B0BMTCG38X,,,,,7.0
B0BMV52PPH,,,,,33.0
B0BMVFJQPY,,,,47.0,47.0
B0BMVHLBJ7,,43.0,43.0,43.0,43.0
B0BMVJD6XK,43.0,,,43.0,
B0BMVM7SNM,,,,43.0,
B0BMW16KH4,,,,,14.0
B0BMWRLB59,,,,48.0,
B0BMWRSPKG,,,48.0,,48.0
B0BMWSTVYM,,,,48.0,
B0BMWV7SNF,48.0,,48.0,48.0,48.0
B0BMX4997J,160.0,,,,
B0BMX6JTHG,,160.0,,160.0,160.0
B0BMXKK7BD,,608.0,,,
B0BMZWBZT6,,,38.0,38.0,38.0
B0BN1K1VWS,,,,33.0,33.0
B0BN1MFTG6,15.0,,,,
B0BN271SL5,,,,,2.0
B0BN2Q7L1X,,,,,104.0
B0BN2RN1TR,,,,,104.0
B0BN2ZD87J,,,,,157.0
B0BN33TLSZ,,,,71.0,71.0
B0BN347SVW,,,,,157.0
B0BN3B7JL8,,,,151.0,151.0
B0BN3B7L66,,151.0,,151.0,151.0
B0BN3B8XS2,,,,151.0,151.0
B0BN3C3SF4,,,151.0,151.0,151.0
B0BN3G5SBN,,,,,26.0
B0BN3MC87C,,,,25.0,25.0
B0BN4KHYKR,,,,142.0,
B0BN64N1N1,,,,,25.0
B0BN6VNNKK,,,,,1.0
B0BN7P3V71,,,,36.0,36.0
B0BN85GNLS,,,,51.0,
B0BN8D44K7,,1.0,,,
B0BN8PYDZ5,34.0,,,,
B0BNB8C1X1,,,,,2.0
B0BNBC9151,50.0,,,,
B0BNBHHN83,,,,,19.0
B0BNBTY3K9,,,98.0,,
B0BNBVGP47,,98.0,,,
B0BNDGR4PQ,,,,18.0,18.0
B0BNDJBJSP,,,5.0,,
B0BNDKFBJW,,,,,215.0
B0BNDNQL2K,,,,,50.0
B0BNDPYX16,9.0,,,,
B0BNDQKH5R,,,,,50.0
B0BNDRVMTQ,,,,50.0,50.0
B0BNG23P5F,,44.0,44.0,44.0,44.0
B0BNGDZX2L,,,,,30.0
B0BNH148ZL,,,25.0,25.0,25.0
B0BNH15L1Z,,,274.0,274.0,274.0
B0BNH3Y26T,,,,274.0,274.0
B0BNH4Z778,,274.0,274.0,274.0,274.0
B0BNHP1836,,,,,67.0
B0BNHRCZVF,,,,,67.0
B0BNHTD5D5,,,,,25.0
B0BNHVPNBP,,,,,53.0
B0BNJ1LG1C,,,,,2.0
B0BNJ2Q4MZ,,274.0,274.0,274.0,274.0
B0BNJ2XYYH,,,274.0,,
B0BNJ5B4V9,,,,,17.0
B0BNK8PGSZ,,,,,17.0
B0BNKC3QVR,,,,,17.0
B0BNKH2WS4,,,,,88.0
B0BNKNYT9T,,16.0,16.0,,16.0
B0BNKVW592,131.0,,,,131.0
B0BNKWDBNY,,,,,51.0
B0BNKY5SD1,,,,51.0,51.0
B0BNL44MVW,,,,,1.0
B0BNL46H5V,,,,,47.0
B0BNL5LGWG,,,,47.0,
B0BNL62JZP,,,,8.0,
B0BNLNP5YQ,,,,,68.0
B0BNM9FR5R,,,,,59.0
B0BNMBH53P,80.0,,,80.0,80.0
B0BNMBMTHC,,,,80.0,
B0BNMCDP7J,,,,80.0,80.0
B0BNMT6XS7,,,,,6.0
B0BNNHF5H8,,,,124.0,124.0
B0BNNMLQQW,,,,44.0,44.0
B0BNNPKKHL,,,44.0,,
B0BNPPB2KV,,51.0,,51.0,51.0
B0BNPTNDKJ,,,,,1955.0
B0BNQ8KFHY,,,,,504.0
B0BNQDCLNV,,,,554.0,554.0
B0BNQDVRH9,,,,,554.0
B0BNQFXMMS,,,,554.0,554.0
B0BNSQ632S,,,64.0,,64.0
B0BNSSH614,4.0,,,,
B0BNT9CFQQ,,,,,11.0
B0BNTB7P86,82.0,,,82.0,82.0
B0BNTR2ZD1,,,,64.0,
B0BNTTFR4F,,,47.0,47.0,47.0
B0BNTTPFKG,,,,,64.0
B0BNTXCP9C,,,62.0,62.0,
B0BNV9S3JS,,,,47.0,47.0
B0BNVC7ZWT,160.0,,,,
B0BNVQFGMG,,,,,4.0
B0BNX3T2R5,,,,,17.0
B0BNXFBBBP,,,41.0,41.0,41.0
B0BNZ6T81C,,,,,212.0
B0BP12YTPR,,,,,11.0
B0BP1739YR,,27.0,,,
B0BP1R841S,,,554.0,554.0,554.0
B0BP1T4D2F,,,171.0,171.0,171.0
B0BP1X6JJ1,,,,171.0,171.0
B0BP2JMSZF,219.0,,,219.0,219.0
B0BP2KBG5T,,,,,37.0
B0BP68NJJS,,,,,11.0
B0BP6RC4LX,,,,,10.0
B0BP6YXZVY,,,,,9.0
B0BP87M28W,,,278.0,278.0,278.0
B0BP9R2VGK,,,,33.0,
B0BP9VH6Z6,,,,33.0,33.0
B0BPBZHGMV,,,414.0,,414.0
B0BPBZPX93,,,,,31.0
B0BPCP878M,,,,,14.0
B0BPCY2T5Z,,,,,80.0
B0BPCY9HSQ,,,,,80.0
B0BPDXKL5N,,,,,44.0
B0BPGYN39J,19.0,,,,
B0BPH9WL9K,,,,,45.0
B0BPJV1FJM,,,51.0,,
B0BPLCKLDN,,,,,19.0
B0BPLGKXFJ,,,,,52.0
B0BPLHGF44,,,,116.0,116.0
B0BPLHJGHR,,,,52.0,52.0
B0BPLWM4S9,,,,,9.0
B0BPM3SDY2,,,,,11.0
B0BPM452XR,,,,9.0,
B0BPM7QGSP,,,,33.0,33.0
B0BPMQ9KZY,,,,,56.0
B0BPP86YH4,1.0,,,,
B0BPPHD9L8,,,,60.0,60.0
B0BPPV3GS1,,,20.0,,
B0BPSBQ425,,,,88.0,88.0
B0BPSGP5FQ,,,10.0,,
B0BPSR7FLR,,,,,20.0
B0BPSXNZCV,,,15.0,15.0,
B0BPT4T7CH,,,,,4.0
B0BPYDQLHK,,,,,270.0
B0BQ22R2QD,,,,22.0,22.0
B0BQ2TPHQT,,,,,44.0
B0BQ3H3SXC,,,,24.0,
B0BQ5GST31,,,,,8.0
B0BQ5QGP16,,,,,44.0
B0BQ5QVCXG,,,,,7.0
B0BQ5SQ6H6,,,,,44.0
B0BQ6D8Z2S,,,,,12.0
B0BQ6PSWC3,,,,,29.0
B0BQ6RXJK4,,,,,83.0
B0BQ6VPJRK,,,,,8.0
B0BQ79XQCX,,,,,21.0
B0BQ9LRPGP,,,,40.0,40.0
B0BQC2TLDH,,,,,173.0
B0BQCDN4JX,,,,,1.0
B0BQD8DW5B,,27.0,,,
B0BQJ2RRRY,,,,,58.0
B0BQJ2RT3Z,,,49.0,,49.0
B0BQJ3GL7M,,,,58.0,58.0
B0BQJ7L9G1,,,,,19.0
B0BQJBDBV7,,,,672.0,672.0
B0BQJK16MH,,,,,21.0
B0BQM869GY,,,,,4.0
B0BQMRH4GM,,,,,21.0
B0BQN7VFQ9,,,,,672.0
B0BQQ3BPC3,,,,,25.0
B0BQQY76D5,,,,,20.0
B0BQRCJ85C,,,,,62.0
B0BQVVL7WG,,,42.0,,42.0
B0BQW6WP1Y,,,42.0,,42.0
B0BQW8RMQF,,,,,42.0
B0BQYLYYTZ,,,,,1317.0
B0BQYMS3XT,,,,,1317.0
B0BQYMVZXD,,,,,20.0
B0BQYRKH8B,,,,,199.0
B0BQYRVXG2,,,,,199.0
B0BQYVJS5X,,,52.0,52.0,
B0BR12W6SQ,,,,118.0,118.0
B0BR1422DH,,,,112.0,112.0
B0BR14JJ5M,,,,,118.0
B0BR15CT8M,118.0,,,,
B0BR3HD17R,,,41.0,41.0,41.0
B0BR3MGN3L,,,,,1.0
B0BR4DJ228,,,,,14.0
B0BR5FTCKF,,,24.0,,
B0BR5FY7LY,20.0,,,,
B0BR5GXVTL,,,,,35.0
B0BR5JHYZQ,,,,,48.0
B0BR654GTN,,,,,9.0
B0BR7SJ1WN,,,,,26.0
B0BR9RRRPQ,,,,,28.0
B0BR9S4D14,,,,,28.0
B0BR9ZJL7V,,,,,28.0
B0BRC5TQKN,,,,,58.0
B0BRC82ZHR,11.0,,,,11.0
B0BRCP3J52,,,,47.0,
B0BRCT1KSD,,,,,26.0
B0BRCX8T2H,,,,25.0,
B0BRCY9Q24,,,,,25.0
B0BRFJ1277,,,,,504.0
B0BRGBCMDQ,,,,,21.0
B0BRGBDQF3,,,,,21.0
B0BRJBR6W5,,,,32.0,32.0
B0BRK5XSD7,,,,,25.0
B0BRK751W6,,27.0,27.0,27.0,27.0
B0BRKHQT3D,,,,268.0,268.0
B0BRKHTW6Z,24.0,,24.0,24.0,24.0
B0BRKJHTYW,82.0,,,,82.0
B0BRKJL1MF,,,2.0,,
B0BRKLLW9P,82.0,,,,82.0
B0BRKW6VPN,,,,134.0,134.0
B0BRPZBVJD,,,,2.0,
B0BRQ4GRG6,,,,,123.0
B0BRQ9SS53,,,,,17.0
B0BRQB4XMV,,,,17.0,17.0
B0BRQBRXCK,,,,,17.0
B0BRQCTNC5,,,,17.0,17.0
B0BRQDDRYB,,4.0,,,
B0BRQDFCN4,,,,17.0,
B0BRQDJH7K,,,,17.0,17.0
B0BRQFV2TS,,,,,17.0
B0BRQK8NBT,,,,,17.0
B0BRTBSP59,234.0,234.0,,,234.0
B0BRTCZJJG,,,,,17.0
B0BRVGXK56,,,183.0,183.0,183.0
B0BRXSLLCB,,,,82.0,82.0
B0BRXSPQ77,,,,,82.0
B0BS1VSM98,1.0,,,,
B0BS2PFYL2,,,,46.0,46.0
B0BS333BZQ,,,,,40.0
B0BS361P5W,,,,,38.0
B0BS377NRQ,,38.0,,,38.0
B0BS3J8FYK,,,,,32.0
B0BS3TN5MW,,,,,15.0
B0BS5WW22X,,,,51.0,51.0
B0BS6RBVK5,,,,46.0,
B0BSFX7RKW,,,,,251.0
B0BSLYC27R,,,,,3.0
B0BSMZRTD8,,,,,6.0
B0BSZ8Z251,,,36.0,36.0,
B0BT9MW1M5,,,,,10.0
B0BTD3SKNK,,,,30.0,
B0BTDB69MQ,,,,,4.0
B0BTGWC3WK,,,78.0,78.0,78.0
B0BTHWYQSF,86.0,,,,
B0BTJ74XDG,,,,,115.0
B0BTL7N5D7,,,,22.0,
B0BTM58FRZ,,,,,30.0
B0BTMV1RZL,,,,58.0,58.0
B0BTSXZQTL,,,,,27.0
B0BTTDQBC1,,,,,36.0
B0BTTF2JHY,,,,36.0,36.0
B0BV21QWN7,,,,,47.0
B0BV5TZZ65,,,,6.0,6.0
B0BV6THR91,,,,,86.0
B0BVB6HHKQ,,,,,74.0
B0BVFC3JM5,,,,,2.0
B0BVHHQ5QZ,,,,72.0,72.0
B0BVKV6VB2,,,,,1.0
B0BVTMB6ZL,,,,,32.0
B0BVVCD1RR,,,,34.0,34.0
B0BVVXPPYK,,,,,15.0
B0BVW46W9Q,,,78.0,,78.0
B0BW63Q9L3,,,28.0,28.0,28.0
B0BWDZZFFL,,,,118.0,
B0BWF1KM9G,,,,,118.0
B0BWRQHZD7,,,,,3.0
B0BWXGM9T7,,,,,23.0
B0BX57BWM2,,16.0,,,
B0BX5F51FM,,,,,153.0
B0BXF3J3Z3,,,,,35.0
B0BXFBDBB6,,,,,35.0
B0BXFPNVFX,,,,,35.0
B0BXLXDTV3,,,,,26.0
B0BXPBMXJS,,,,,23.0
B0BXPBSPF1,,,,,23.0
B0BXWRC8BJ,,,,,32.0
B0BY1GLGCN,,,,29.0,29.0
B0BY1KG176,,,,29.0,
B0BY24CN5Q,,,,,51.0
