product_id,1.0,2.0,3.0,4.0,5.0
602260074X,100.0,,,100.0,100.0
8921463321,,,,,2.0
B0000C6HHY,27.0,,,,27.0
B00012MKKK,,,13.0,,13.0
B000277N7Y,,,132.0,132.0,132.0
B0002VHMI0,,,,,3.0
B00063VX48,,,,6.0,
B0006I9YK8,,,,309.0,309.0
B0006I9YLC,,,,,309.0
B0006I9YLW,,,309.0,309.0,309.0
B0006VXMYY,,,,,4.0
B0007TC9I0,,,,,13.0
B0007TFRP2,,,,,13.0
B00081UY0M,,,,,2.0
B0009DMHRM,,,,,12.0
B0009OVJ1Q,7.0,,7.0,,
B0009WH0DY,,,,,73.0
B0009WONHU,,,,32.0,32.0
B0009WONIE,,,,10.0,10.0
B000A3R168,,,,5.0,
B000A43P7G,,,,,2.0
B000AMQK6G,16.0,,,,
B000B45BUE,634.0,634.0,634.0,634.0,634.0
B000B5SSH6,,,,,1.0
B000B9J3JY,,,,10.0,
B000BD0NQM,18.0,,,,18.0
B000CBYHYC,343.0,343.0,,343.0,343.0
B000E5S1W0,140.0,,,140.0,140.0
B000EIHT7U,,,,1.0,
B000EQ1NCE,,,,6.0,
B000ET951C,,,,8.0,
B000F5MNCS,,,,309.0,
B000H8KFC8,,,,,41.0
B000HARYRU,,,1.0,,
B000HDM9WM,,,,,2.0
B000HKIC8U,,,,,132.0
B000I7SD5Y,,,,34.0,34.0
B000IEHLGY,,,,,11.0
B000ITIVZE,,11.0,,,11.0
B000ITKTGS,,,,,11.0
B000ITKTJK,,11.0,,,11.0
B000ITM3OO,,11.0,,,11.0
B000ITM3OY,,,,,11.0
B000ITM3QC,,,,,11.0
B000IY3W26,,,,,9.0
B000JF0YJS,,,35.0,35.0,35.0
B000KE1UZU,,,,92.0,92.0
B000KKE7MM,6.0,,,,
B000KPXF7K,,,,,1.0
B000KUBSTW,,,,,132.0
B000L6SB5Y,,,,,1.0
B000M57S7Q,,,4.0,,
B000NISHKY,219.0,219.0,219.0,219.0,219.0
B000NISJXY,,,,,18.0
B000NIYAGY,,,,,6.0
B000NJ015M,,37.0,,37.0,37.0
B000NJ01R0,,,10.0,,
B000NJE39M,88.0,,88.0,88.0,88.0
B000NJG9LC,36.0,36.0,,36.0,
B000NJHOPM,110.0,,110.0,110.0,110.0
B000NJJBNU,,50.0,,50.0,50.0
B000NJJBTE,,451.0,451.0,451.0,451.0
B000NW8DAY,,3.0,,,
B000NZS2BG,,,,36.0,
B000NZVD3A,,886.0,886.0,886.0,886.0
B000OIBJT4,,3.0,,,
B000PDEUP8,,,,309.0,309.0
B000PDFU4S,309.0,309.0,,309.0,309.0
B000PDHO3I,,309.0,309.0,309.0,309.0
B000PDJHT2,,309.0,309.0,,309.0
B000PHFWGK,160.0,160.0,160.0,160.0,160.0
B000QV50B2,,,,7.0,7.0
B000ROFZRW,17.0,17.0,,17.0,17.0
B000RY278C,15.0,,,,15.0
B000SQUKH4,,,,,4.0
B000ST98Y2,,,,,8.0
B000UL64H2,,,,1271.0,1271.0
B000UQCHNM,,,31.0,,31.0
B000UQCR4G,,,,,9.0
B000UQDRYA,,,,,113.0
B000UTH1OY,25.0,,,,25.0
B000V36VAY,,,,,16.0
B000VKP1OY,,,,,19.0
B000VUWRPK,87.0,,,87.0,
B000VUYGM2,,,,,2.0
B000VXEDBI,13.0,,,,
B000WA4SF6,,,,,3.0
B000WNQKCW,,,1.0,,
B000WQU5LQ,10.0,10.0,,,
B000WQU5U2,,10.0,,10.0,10.0
B000WQY81E,,,10.0,,10.0
B000WQY8BY,10.0,,,,10.0
B000WQZ65Q,10.0,,,,
B000WR0TH0,,,,10.0,
B000WR0TJS,,,,10.0,
B000WR8UAI,1.0,,,,
B000XEX9OC,,,,,45.0
B000YD40HM,,,,,2.0
B000YN5NZK,,,,884.0,
B0010ELJUU,,,,20.0,20.0
B0010H5TNK,,,10.0,,
B0010H5TVC,,,,,6.0
B0016ZQS40,,,,,11.0
B0017DLYQ8,10.0,,,,10.0
B0017HV9N2,,,,,1.0
B00180RPMW,,66.0,66.0,66.0,66.0
B001843LY4,165.0,165.0,165.0,165.0,165.0
B0018QNCAU,,,,,11.0
B0018TMU2S,,,,,5.0
B0018ZDQES,,17.0,,,17.0
B00196R1LU,,,,5.0,5.0
B001A61IWC,,,,11.0,11.0
B001ASAEPC,113.0,,,113.0,113.0
B001BB4NB4,,152.0,,,152.0
B001CCUQ9A,,,,,2.0
B001CLGG5E,,,,,6.0
B001CY87US,,,,,1.0
B001CY882K,,,,,12.0
B001CY883E,,,1.0,,
B001CY88HA,297.0,,297.0,,297.0
B001CYA0ZS,74.0,74.0,74.0,,74.0
B001CYA1HA,317.0,317.0,317.0,317.0,317.0
B001CYA1LG,,,,,8.0
B001CYC4EI,908.0,908.0,908.0,908.0,908.0
B001CYCSN0,,,,50.0,50.0
B001CYEQJ4,,,,,4.0
B001CYEQR6,4.0,,,,4.0
B001CZKXP4,,46.0,,46.0,46.0
B001CZT1MU,,27.0,,27.0,27.0
B001DZQLYU,,,23.0,,23.0
B001EDBPL0,,,,,18.0
B001EHGSTK,,,,73.0,
B001EQFM0W,,,,,17.0
B001FLMWWW,,,21.0,,21.0
B001FWXIF6,848.0,,,848.0,848.0
B001G3STNA,,,,,1.0
B001H3TBRM,,16.0,,,
B001JB8YH0,1.0,,,,
B001JK7Q34,,,,,2.0
B001JTK308,1085.0,1085.0,1085.0,1085.0,1085.0
B001LL4VHU,22.0,22.0,,22.0,
B001LNRHQA,,,,,17.0
B001MP0PKC,102.0,,,,102.0
B001MP49Q8,149.0,149.0,149.0,,149.0
B001O62VAQ,,,,,426.0
B001O62VBA,,,,,426.0
B001O62VC4,,426.0,,,426.0
B001ODVX6W,,,,343.0,
B001OPGS2E,,,,8.0,
B001OYN3XW,,,,,7.0
B001OYN3ZA,,,,,7.0
B001S5JDBS,,,,,1.0
B001TQUZBS,,,,,4.0
B001U1ND52,,,,353.0,353.0
B001UU454G,,,,,19.0
B001UU455A,,,,,19.0
B001X71D0K,,,,,23.0
B002208B8O,322.0,322.0,322.0,322.0,322.0
B00237Z058,,31.0,,,
B0023XCK9G,,14.0,,,14.0
B0023XCK9Q,,98.0,,,
B0023XCKA0,,,98.0,98.0,98.0
B0023XCKEG,98.0,,,98.0,98.0
B0027DJPFE,,,,,20.0
B0027DJPFY,,,,,20.0
B0027PLZ5U,,,,10.0,10.0
B002A2SLDY,,,43.0,,
B002AXQV8K,,,,6.0,6.0
B002C0HGT4,,20.0,20.0,,20.0
B002C5N1MK,,,,,18.0
B002C71NEG,,,36.0,,36.0
B002CD577Y,,,,,7.0
B002DCJ5EU,,,,,20.0
B002HIEFQS,,,13.0,,13.0
B002HJ3DII,217.0,217.0,217.0,217.0,217.0
B002HJ3DJC,217.0,,217.0,217.0,217.0
B002HJ3DKG,,217.0,217.0,217.0,217.0
B002IELZHI,,,,4.0,
B002IKSET4,43.0,,43.0,,43.0
B002IRNFBO,,,,47.0,47.0
B002K4BT0E,,,36.0,,
B002KJ7818,,,,,11.0
B002KW3I28,,57.0,57.0,57.0,57.0
B002KW3I2I,,57.0,,57.0,57.0
B002L2012W,,,,,1163.0
B002NKM82I,,,2.0,,
B002ONBGX6,,,,,11.0
B002ONBGYU,,,,,11.0
B002ONBHEY,,,,2.0,
B002PMUZM4,,126.0,126.0,126.0,126.0
B002QRPG1S,6.0,,,,
B002RWY55A,,,,,2.0
B002T07AIY,,,8.0,,8.0
B002T3L4WE,,,,8.0,
B002UD54IS,,,,1.0,
B002V94KAY,,,,,2.0
B002VOUHDS,,,,,2.0
B002VRLGX0,251.0,,251.0,251.0,251.0
B002VS8H3G,1163.0,1163.0,1163.0,1163.0,1163.0
B002VVMAKO,,,,,27.0
B002W4CHMG,,,,,2.0
B002WUVOBA,1163.0,1163.0,1163.0,1163.0,1163.0
B002Y2HDQG,,62.0,,,62.0
B002Z3LO1E,,,,,1.0
B002ZI1RSO,,,,,5.0
B002ZVTRMO,,,3.0,,3.0
B003177DZY,,,,5.0,5.0
B00346EGMU,,,,,62.0
B0034939WK,,,,,12.0
B00350I9A0,,,,,10.0
B0035RGWSE,,13.0,13.0,13.0,
B0035Y5M7Y,,,438.0,438.0,438.0
B00386XGXQ,,,,,6.0
B0038NJIVI,,,,10.0,10.0
B0038T47QS,2.0,,,,
B00394SSF8,,,35.0,,35.0
B0039VM8F2,,,,,1163.0
B003AT8YAQ,,,,,101.0
B003BW3DCG,,,,,8.0
B003CHSUC8,,,,,6.0
B003DRLHHW,,,,,11.0
B003E6JU5S,19.0,,19.0,,
B003EH400C,,426.0,426.0,,426.0
B003FIQIK0,,,2.0,,
B003FJ6ZS4,213.0,,213.0,213.0,213.0
B003GSKT2C,17.0,,,17.0,17.0
B003I5VOLI,,,,,9.0
B003I5XHK4,93.0,93.0,93.0,93.0,93.0
B003I5XLFA,,,41.0,,
B003IBM7L8,,,,10.0,
B003IGNBC2,42.0,,,42.0,42.0
B003JJ1D2S,36.0,36.0,36.0,,36.0
B003JO0RFM,,,,8.0,
B003JPBC1O,,,,3.0,
B003K5B0OW,,832.0,,832.0,832.0
B003LDFQUW,,,,,17.0
B003LDFR3S,,,,,3.0
B003LX3WVM,,29.0,,29.0,29.0
B003N4MIAK,,,42.0,,42.0
B003NFWPXE,,,,,1.0
B003O58YUG,,,,,2.0
B003OIHOFY,,,,9.0,9.0
B003PIOA14,,,,27.0,
B003PM2NKU,70.0,70.0,70.0,70.0,70.0
B003RDCN66,,,,,1.0
B003SG1YEO,,,,176.0,176.0
B003SG5QFC,,,175.0,,175.0
B003T0CRFO,,7.0,,,7.0
B003T0KY4K,,,8.0,,8.0
B003TU47YS,3.0,,,,
B003U1BAB4,,,10.0,10.0,10.0
B003UNAD92,,,,34.0,34.0
B003VKQL04,,,,2.0,
B003WLWJVC,,,,,13.0
B003XCGS58,,,,3.0,
B003XKVSMS,,,,,1.0
B003XLU94K,,,,25.0,25.0
B003XXK20Y,,,,,9.0
B003Y8147S,,,,,3.0
B003YAKS4Q,,,,,14.0
B003YCVC1W,,,,,35.0
B003YCWZMC,,5.0,,,
B003YCXIRI,35.0,,35.0,,35.0
B003YCXJ4U,35.0,,,,
B003ZQAV8M,3.0,,,,
B003ZZM0UU,,,,,86.0
B003ZZNSN8,,,,,86.0
B003ZZNSNI,,,,,86.0
B00408IY92,,,,18.0,
B00408MOG6,,,,,5.0
B0040R2ODK,,,,,17.0
B0040Z2CN4,,,70.0,,
B004119SPC,,63.0,63.0,,
B00412304Q,,,,,24.0
B00428EMJG,,,,,1163.0
B0042HLXYY,,88.0,,88.0,88.0
B0042YE8U8,,426.0,,426.0,426.0
B0043R3JJ0,,,,,426.0
B004405X90,,,,,186.0
B00440CYBU,,,,,3.0
B00440CYD8,,168.0,168.0,168.0,168.0
B00443TSTS,,,10.0,,
B00443TSWA,,,,,10.0
B0044D8CWC,,,,8.0,8.0
B0045EX7I4,,,,,1.0
B0046CQQWO,43.0,,43.0,43.0,43.0
B0046LXLQ4,,,,37.0,
B0046M1BJM,,,27.0,,
B0046M1BK6,,,,,8.0
B00474EFIS,,,,,17.0
B00474EGEG,,,,18.0,18.0
B0047E5384,,,,,3.0
B00499C5Y2,,,37.0,,
B00499C61Y,,,,,9.0
B0049H9V4Q,,,,,27.0
B0049H9VCS,,,,,5.0
B0049HA4J2,27.0,,,,27.0
B0049HA4K6,,,,,8.0
B0049U05KM,241.0,241.0,,241.0,241.0
B004A16JYG,,,,32.0,32.0
B004A16K0E,,,,,32.0
B004A79MVC,,,5.0,,
B004ARO3OS,789.0,789.0,789.0,789.0,789.0
B004AY8OAA,,,2.0,,
B004DF94SM,,,76.0,76.0,76.0
B004DJUCBQ,3401.0,3401.0,3401.0,3401.0,3401.0
B004DRAZEC,,,2.0,,
B004FNJRAW,,,,,2.0
B004GZ6EY6,,,,,14.0
B004GZ6EZU,,18.0,,18.0,18.0
B004ILOUFI,,,,,10.0
B004JYM5SI,,,,,1.0
B004L5T73G,,436.0,,,436.0
B004L5UMOO,,78.0,,,
B004L5UOHY,,86.0,,,
B004L5UPLE,,,,79.0,
B004L5WRII,86.0,,,86.0,
B004L5WRXS,,,,416.0,
B004L5WUP8,81.0,,,,
B004L60FJ0,,,,436.0,
B004LQ0JGO,,4.0,,,
B004M0WXHM,,,,,4.0
B004O2NTLM,,,,,4.0
B004QGXJES,,,,,1.0
B004RCSJPA,,,,17.0,
B004RLBW46,,,,,2.0
B004SP9OSC,,,,,12.0
B004T3COSU,,,,,16.0
B004TIATHI,,,3.0,,3.0
B004TLWCXO,,,,,3.0
B004TM3GBK,,,,,3.0
B004TMU9LA,,,1.0,,
B004TMXAE8,,,,,3.0
B004TNC5PC,,,,27.0,27.0
B004U4N92S,,,,,2.0
B004UNUFIU,,,,,13.0
B004URWUOI,,,,,9.0
B004UUB3CA,,17.0,,,17.0
B004UWYV0O,,,,,24.0
B004V1OV1I,416.0,416.0,416.0,416.0,416.0
B004X7UGPU,,17.0,,,17.0
B004Y59UFS,,,,,3.0
B004YDHLUG,,,,,11.0
B004YXMEWQ,,,,,24.0
B004Z24168,,544.0,544.0,544.0,544.0
B004Z241BS,,,,,543.0
B004Z241HM,,,541.0,541.0,541.0
B004Z24LH2,7.0,,,,
B004Z24PPU,,,,,8.0
B0050JC96Y,,,,,2.0
B0050ON2FQ,,,27.0,27.0,
B0051LC3G2,,,,,135.0
B0051PDNXU,,83.0,83.0,83.0,83.0
B0052D49AC,,,,,24.0
B0052U38F2,,,,1.0,
B0052UWILM,,,,10.0,10.0
B0052UWIQW,,10.0,,,
B00539RIF8,39.0,39.0,39.0,39.0,39.0
B00539RISA,,,,39.0,39.0
B0055E7B5I,,,,,24.0
B0055LAPJK,,,,,4.0
B0055VJU6Y,,39.0,,,39.0
B0055WQCLE,,,,,22.0
B0055WQLJ2,,,,,12.0
B0057BZ1B0,,,,,6.0
B0058SNR68,,,,,2.0
B005B0Y4K6,121.0,,,,121.0
B005BRINBU,,,,1.0,
B005CXRIMI,,,,,9.0
B005DEUNHI,,13.0,,13.0,
B005DG9F4I,,,,1.0,
B005DJO3YM,,,,,2.0
B005DQGNP2,,,,1.0,
B005FG95DM,,,1.0,,
B005FMTAC2,152.0,152.0,152.0,152.0,152.0
B005G01SNW,,,,,1.0
B005G01TNQ,37.0,,,,
B005GYL9C8,346.0,346.0,346.0,346.0,346.0
B005IGMNOM,,,,,4.0
B005J2WUFM,,,,,11.0
B005LK8VPU,,8.0,,,
B005MDSSN6,,,,17150.0,17150.0
B005N5JFNK,,,,,13.0
B005NI56W6,1046.0,1046.0,1046.0,1046.0,1046.0
B005OBKLHW,,,,,37.0
B005P0S192,102.0,,102.0,102.0,102.0
B005PU2C5G,,,,,6.0
B005QZDAQU,,,,,11.0
B005R48Z5Q,,,,,1.0
B005RR1834,,,,,12.0
B005US3MGQ,4.0,,,,
B005WXBQC6,,,,,1.0
B005XFVRWW,,,,,3.0
B005XG8NKK,,,,,16.0
B005XN4KY6,,,,,1.0
B0061I4LTQ,,,,,61.0
B00620OK9Y,,,265.0,,265.0
B00623F6IU,,,,,35.0
B00637PAG8,,,,,7.0
B0063K9LCE,,,,,5.0
B0065CNV4Y,,,,15.0,
B0065TZ8WA,,,,,18.0
B0067U2BMW,11.0,,,,
B0067U2DAC,,,,,18.0
B0067U2DCU,,,,,29.0
B0068C7C9G,,,,5.0,
B0069AOZYC,,,,16.0,16.0
B006AC93DM,,,,,1.0
B006AC94WW,,,,8.0,
B006C52RQM,,,,,26.0
B006CETTJQ,,,,,4.0
B006GTTWO4,6.0,,,,
B006H6XDXM,,,,,5.0
B006H7F1WW,,,,25.0,25.0
B006IVJUCO,,,,,8.0
B006IVJX8K,,,,10.0,10.0
B006IVJXGM,,7.0,,,
B006JZJIUS,,,,,1.0
B006L7U7PE,,,16.0,16.0,
B006MRDKXE,,,,,127.0
B006MREIQW,,,590.0,,
B006NNESVU,,,,,8.0
B006O9YD1S,,,,,1.0
B006OUSNVI,,,,,1.0
B006QQZZT8,,,,,8.0
B006RAZ8AO,,1.0,,,
B006VYICS6,,438.0,438.0,438.0,438.0
B006WK6JFW,,,,,5.0
B006WK7ZI2,,,,,1.0
B006WKC2YY,,,,,7.0
B006WOFCGA,,,,,2.0
B006WPBU2O,,,,,1.0
B006ZNR446,,,,,7.0
B006ZUCBR4,,,,,67.0
B00700DW9Y,40.0,,,,40.0
B00701SUPO,,,,,162.0
B00729TNT6,,,,,43.0
B0073XUJDU,,,,,1.0
B0074BGFF2,,,,309.0,309.0
B0074E49ES,,,,,2.0
B0075LS9PK,,,,,83.0
B0076DNUEW,1163.0,1163.0,1163.0,1163.0,1163.0
B0078PVPKO,,,,,28.0
B0078PVPT0,,,,,2.0
B0078PVQD0,,,,,28.0
B0078PVS0Q,,,,,28.0
B0078QWY62,,,,,7.0
B0078QX1ZK,,,,,4.0
B0078T5F9W,,,,,11.0
B0078T5FAG,,,,,11.0
B007A30BDQ,,,,,434.0
B007AX7OZO,,,1.0,,
B007C30XC8,,,,28.0,28.0
B007C30YOK,,,,,19.0
B007G0KD40,,3.0,,,
B007HXHRJ0,,,,5.0,
B007HXHTK2,,,,,6.0
B007IYDCV0,,,,,199.0
B007JVWH5Y,,,,67.0,67.0
B007KHBFYG,,,,3.0,
B007KHEZIY,,,,,2.0
B007KHF0HY,,,,15.0,15.0
B007LQU8X0,,,6.0,,
B007LTSIRU,,,,,8.0
B007MJVN3U,,,,2.0,
B007MJVWIG,,,133.0,133.0,133.0
B007N6T866,564.0,564.0,564.0,564.0,564.0
B007NSZ1MO,,,,1.0,
B007OWR6MW,98.0,,98.0,98.0,98.0
B007P531AY,,,,,251.0
B007PKHDD0,486.0,486.0,486.0,486.0,486.0
B007PLZYG2,,,,,1.0
B007Q5IN4M,,,,,12.0
B007QUT0L2,,,,,1.0
B007RHW70U,,,,,1.0
B007RNE27K,,,,,2.0
B007RPVEM4,71.0,,71.0,71.0,
B007SOV5QY,3.0,,,,
B007TS96DI,,,,170.0,170.0
B007U3HJVI,12.0,,,,
B007VWJV6Y,,,,,6.0
B007WFY77I,,13.0,,13.0,
B007WFY7GO,,,18.0,,
B007WQII2C,77.0,,,77.0,77.0
B007XDNCNO,,,27.0,,27.0
B007XT0F6K,,,3.0,,
B007Y77QNG,,,,150.0,150.0
B007Y944NY,2.0,,,,
B00807DVJ2,,,,,1.0
B00807FANW,,,,,25.0
B00807FBB8,,,,,25.0
B00807FM94,,,,,6.0
B00817ERIK,,,,,9.0
B0081IOELE,,,,,21.0
B0081IPQB6,,,,,16.0
B0081SMK1K,,,,,1.0
B0082PIIC2,,,,,2.0
B00847SF12,,,,1.0,
B0084FTY0K,,,,,17.0
B0085326L0,,,125.0,125.0,125.0
B0085DIMAE,,8.0,,,
B008846LTO,4690.0,4690.0,4690.0,4690.0,4690.0
B0088DTIPY,,,,,5.0
B0089154SU,,,,,6.0
B0089IIX4A,,,26.0,,26.0
B0089UFV52,23.0,,,23.0,23.0
B008B18F8O,,,,,5.0
B008B1AECY,,,,,1.0
B008B93VXK,,,,,15.0
B008B9ELGQ,,,4.0,,
B008BUC77A,,,,,6.0
B008CQRQEM,,,,,3.0
B008DK9A2I,,,,14.0,14.0
B008E64ZE4,,,,,7.0
B008EPBN2C,,,,5.0,
B008ERAZRY,,,,1.0,
B008GC8VB4,,,,,12.0
B008GC8VCI,,,,,12.0
B008GRAVNA,,,,,6.0
B008GRG43G,,,,,4.0
B008GRG4T0,,,,,13.0
B008H5YEHA,4.0,,4.0,,
B008I0CL3S,,,,,20.0
B008I11UM0,,,6.0,,
B008I5SEVQ,,,3.0,,
B008J5N7WG,,,2.0,,
B008K1QW4E,,26.0,,,
B008KH9VMI,115.0,115.0,115.0,,115.0
B008KY0MZ6,,,,3.0,
B008L0HDSS,43.0,,43.0,43.0,43.0
B008LIB2M8,,,,,15.0
B008LXQ63I,,,,,1.0
B008N0DZM4,,,,,4.0
B008N1R7UO,,,,,3.0
B008N1UVH0,,,,,2.0
B008NZ718S,27.0,,27.0,27.0,27.0
B008OELP08,,,97.0,,97.0
B008P3KAV8,,,,3.0,
B008PBAC72,,,,,8.0
B008PIS3F8,,,,,13.0
B008PX1TF4,,,,,4.0
B008PY2VZK,,,,,27.0
B008QBI70K,6.0,,,,
B008QYVULK,,,,,3.0
B008RRHL00,,,,,8.0
B008RWY1L2,,,,3.0,
B008S1ANZ0,,,,,2.0
B008S1AO68,,,,,3.0
B008S4VGEE,,,10.0,,
B008TSO0L0,,,3.0,,
B008TSPGIG,,,,,2.0
B008U6123A,,,,14.0,
B008UAF1YC,,,,3.0,
B008UDJX5W,,,19.0,19.0,
B008UDJYCE,,,,,19.0
B008W1AN9C,,,,,4.0
B008W1ANQK,,,9.0,,9.0
B008W1AO14,,,,,2.0
B008ZO1Z5C,,,,,1.0
B009134BYS,,,,,1.0
B0091CIS98,,,,,4.0
B0091CIT9M,,,,,6.0
B0091CJFZO,,,,,3.0
B0092S95CU,,,,11.0,
B0093C9AT8,,,,,25.0
B0093C9AUW,,,,,25.0
B0093C9AYI,,,,,25.0
B0093C9B8S,,,,,25.0
B00942X0Y8,,,,,30.0
B0094X9HIU,,,,,5.0
B0095DBM5K,,,2.0,,
B00977ICLQ,66.0,66.0,,,
B0098LJQXY,,,,,10.0
B0099675RW,217.0,217.0,217.0,217.0,217.0
B0099I0ZB8,,,,3.0,
B009C95TBU,,,,,8.0
B009DKKVFW,48.0,,,48.0,48.0
B009DKKWRE,,,,,7.0
B009F7IZAG,,,,,16.0
B009GI4T0E,360.0,,360.0,360.0,360.0
B009GKTJCA,,,,,2.0
B009IFQ6EM,,,,,2.0
B009JVM6YO,,,,,6.0
B009K25WRA,,,,,1.0
B009M3XH1U,,,,210.0,
B009MB7600,,,10.0,,
B009NI1N74,,,5.0,,
B009NJUQ6W,,1163.0,1163.0,1163.0,1163.0
B009NJUYI2,1163.0,,1163.0,1163.0,1163.0
B009NJVSXC,1163.0,1163.0,1163.0,1163.0,1163.0
B009NUFNBY,,,,8.0,8.0
B009NWELW4,,35.0,,,35.0
B009RVW17S,,,,,10.0
B009SFNWJO,,,,1.0,
B009SJ8XU8,33.0,,,33.0,
B009SJ8Y2K,108.0,108.0,108.0,108.0,108.0
B009TEWOUC,31.0,31.0,,,31.0
B009V3O7ME,,,1.0,,
B009VPIU52,,,,7.0,7.0
B009VPQ6TE,,,,,2.0
B009W2FQUG,,10.0,,10.0,
B009WXPNDU,,,,,8.0
B009XFISXE,,,,,8.0
B009XOJ5PU,,,,,2.0
B009XUBWMS,,,,,8.0
B009Y404G8,,,,,3.0
B009Z2MH8W,,,,,1.0
B00A0RV4Y4,,5.0,,,
B00A298EE8,252.0,,252.0,252.0,252.0
B00A2C6DRA,335.0,,335.0,335.0,335.0
B00A3IO3D4,,,,,4.0
B00A3IOASM,,,3.0,,
B00A3LRB5I,,,,,25.0
B00A3V6D7U,,,2114.0,,2114.0
B00A3V6DVQ,,,,2114.0,2114.0
B00A3V6EOC,,,,2114.0,2114.0
B00A3V6FXW,,,,,2114.0
B00A3XR9ZI,,,,,1.0
B00A525GF2,11.0,,,,
B00A68RIQ0,,,,7.0,
B00A8CGG9Y,,,,,23.0
B00A8M8I9A,,,4.0,,
B00A9XNC7G,,,,,10.0
B00AAD8EGE,,,,51.0,
B00AAD8F7M,51.0,,,,
B00AAD8G94,,,,,52.0
B00ABZSC7M,560.0,560.0,560.0,560.0,560.0
B00ABZSCBS,,564.0,,,
B00ABZSCHW,,,,564.0,
B00ABZSDSA,,,,,564.0
B00AFCLETY,,,,,4.0
B00AFCMSCQ,,,,,15.0
B00AFHZFVW,,,,5.0,
B00AFJTD86,,,,,1.0
B00AFZ95QK,,13.0,,13.0,13.0
B00AFZ9PFG,,,,,1.0
B00AFZ9SIU,,,,,8.0
B00AG1BX5Y,,,,,6.0
B00AG1CIZI,,,,,35.0
B00AG1CKRY,,,35.0,,35.0
B00ALLO9O6,,,,,34.0
B00AOJW1UO,,,,1.0,
B00AQ4YC90,,,,2.0,
B00ARBS7Y8,,,,1.0,
B00ARX8GGA,,104.0,,104.0,104.0
B00ATIGZ4I,,,,,5.0
B00AU4JZES,,,,,1.0
B00AWCK2WW,,,,4.0,
B00AX8VAYE,,,,,1.0
B00AXGXZXU,,,36.0,36.0,36.0
B00AYOW1ZO,,,,,5.0
B00AYPNZ6W,,,,,12.0
B00AZPH7NS,,,,3.0,
B00B0XFTUC,,,44.0,,44.0
B00B0XFUUQ,,,,11.0,
B00B0XFY20,,,,,19.0
B00B0XFYAW,,,,14.0,
B00B0XFZOM,,,,,13.0
B00B146MKG,,,,,48.0
B00B166I58,193.0,193.0,,,193.0
B00B1D3VVA,106.0,106.0,106.0,106.0,106.0
B00B1GM1Y0,,,,,15.0
B00B1JDG9Q,,,,2.0,
B00B1N38B8,,,8.0,8.0,
B00B1NHF30,,,,,1.0
B00B22VJUK,,,,,12.0
B00B2DYXTI,,3.0,,,3.0
B00B2IFXQK,,,,5.0,
B00B362LBQ,1013.0,1013.0,,,1013.0
B00B4G9OCY,,,1.0,,
B00B4G9RL2,,,,,2.0
B00B4HAKA8,,,,,1.0
B00B6LNEUA,,,,20.0,20.0
B00B7RYTP2,,,,,6.0
B00B88ZEYK,,,,,16.0
B00B8927BM,,,,,6.0
B00B8SRV50,,,19.0,,
B00B9IW078,,,,48.0,48.0
B00BBB4BJS,,,1.0,,
B00BCAQV5K,,,,43.0,43.0
B00BCOLYVM,,,,,37.0
B00BCTBWKU,,,,,1.0
B00BD3PBKC,,,,21.0,
B00BFW8IF6,,1.0,,,
B00BG4ZD9W,,16.0,,,16.0
B00BGVIHZC,,,1.0,,
B00BH0RQPO,,,,,13.0
B00BHNWX86,33.0,33.0,,,
B00BI14H86,,,,,13.0
B00BK2RMBC,,,13.0,,
B00BK4BNJW,,,127.0,,127.0
B00BMIY7F8,579.0,579.0,579.0,579.0,579.0
B00BMRRCA6,,,,1.0,
B00BMWWBZM,,,,,1.0
B00BPNIVPM,,,,,7.0
B00BR0S360,,,30.0,,
B00BR0TJAO,22.0,,22.0,22.0,22.0
B00BS7ICIQ,,,,,3.0
B00BSEWBZE,,10.0,,,10.0
B00BXMRS4K,,,,,22.0
B00BYD0732,,,,,7.0
B00BZ13VR2,,,7.0,,
B00BZ77QTU,,,,,5.0
B00BZ7TEYK,,,,,4.0
B00BZ8PCNQ,,,,,6.0
B00C22GGIE,,,,,1.0
B00C3UFWF8,63.0,,,,
B00C40PRLQ,,,,,1.0
B00C40YUIC,,29.0,,,
B00C458H3G,,,,,22.0
B00C53WYDG,,,,,8.0
B00C5Q8RN4,,,,,9.0
B00C5Q8RS4,,,,,3.0
B00C62T2E0,,,,,18.0
B00C6U891Y,,,,44.0,44.0
B00C7HFO2I,,,,,1.0
B00C7OIDVK,,,,,9.0
B00C7OLLOQ,,,,,1.0
B00C7ZTZ5W,,,,,24.0
B00C83CDP2,,,50.0,50.0,50.0
B00C8UN372,,,,,1.0
B00CBZVWCM,130.0,130.0,130.0,130.0,130.0
B00CDAP334,,,,,9.0
B00CH0ZXHQ,163.0,163.0,163.0,163.0,163.0
B00CH3VCLE,,338.0,,,338.0
B00CIZFZAA,,,,,14.0
B00CJHD5HC,,,,,10.0
B00CJSGF14,,,,,37.0
B00CJSGFM8,,37.0,,,37.0
B00CJSGFMS,,,,,37.0
B00CJSGG90,,,,,19.0
B00CMR5YGE,,,,,7.0
B00CN7EHQQ,,,5.0,,
B00CO8KBPK,,,,,4.0
B00COHVR3Q,,,,,2.0
B00CP55OFE,7.0,,,,
B00CPEUAL8,12.0,,,,
B00CPEUANG,,,,,12.0
B00CPS98XA,,,,,2.0
B00CQ83F7Y,,,,2.0,
B00CRH2XHM,,,,,2.0
B00CRT59E4,,,,29.0,29.0
B00CRT59FI,,,,123.0,123.0
B00CUUI0AA,,19.0,,,
B00CUUI5TQ,19.0,,,19.0,19.0
B00CUUI89S,19.0,,19.0,,
B00CWMV1YS,,,,7.0,
B00CX1NDNU,,,,302.0,302.0
B00D2ICRLW,,,,,17.0
B00D2ZZNNE,,,,,7.0
B00D46U7DC,1.0,,,,
B00D7TCWRA,,,,35.0,35.0
B00D8GNDKM,,,,,113.0
B00D8PVJ5E,,,,,134.0
B00DBQQ0O0,,,,33.0,33.0
B00DBQVHB6,,,,,9.0
B00DC3EGP2,,,5.0,,
B00DENBNYC,,,,,44.0
B00DGXZP7G,39.0,,,,
B00DHV679W,,,,7.0,7.0
B00DI1FW6K,59.0,59.0,59.0,,
B00DI3YYM6,52.0,,52.0,52.0,52.0
B00DM0550U,,13.0,,,13.0
B00DM055L4,,2.0,,,
B00DM0567W,,,,,6.0
B00DM2QX90,,37.0,37.0,,37.0
B00DNO1DGU,,,,,2.0
B00DNRY1VG,,,,,6.0
B00DOF7UQU,,,,3.0,
B00DPWQ0YA,,43.0,,43.0,
B00DQ3Z2JW,63.0,63.0,,63.0,63.0
B00DQELHNG,,,,,6.0
B00DQK6D9I,,,,,5.0
B00DQMCKHK,,,,,72.0
B00DQYTRXI,,,,,5.0
B00DQYVURO,2.0,,,,
B00DQYWIPC,,,,,1.0
B00DQYYLVQ,,,,,2.0
B00DQZ2NH4,,,,2.0,
B00DQZ6F9Q,,,,,8.0
B00DQZAV64,64.0,,,,64.0
B00DS7M9LA,,,,,2.0
B00DSY7I9G,,,10.0,,
B00DSY7KKS,,,,,35.0
B00DSY7KMG,,,,,35.0
B00DSY7L0C,,,,,25.0
B00DSY7LGG,,,,,25.0
B00DSY7M0Q,,,,,35.0
B00DSY7M1U,,,,,35.0
B00DTXPITS,,,,,24.0
B00DUF91NY,,,,,4.0
B00DUGZBHI,85.0,,,,85.0
B00DUINM5Y,,,,,4.0
B00DUKCXPC,,,,,5.0
B00DUT6U1Q,16.0,,16.0,16.0,
B00DW5KH44,,,,,14.0
B00DW5KI5W,,,,,14.0
B00DW5N0QG,,,,,12.0
B00DW5N462,,,,8.0,
B00DXP60K8,,,,,2.0
B00DYAWOGG,,,,,11.0
B00DYOYKZA,,,,,2.0
B00DZML6SA,,,,,2.0
B00DZMLBIK,,,,,12.0
B00DZQQDSY,,,,,86.0
B00DZWRGFW,,,,,86.0
B00DZWRGG6,,,,,86.0
B00DZWYQ4Q,,,,,86.0
B00E2HW8V6,,,1.0,,
B00E3GMM94,,,,,29.0
B00E420ONI,,,,,64.0
B00E49BUNO,,,,,2.0
B00E4DG59O,,,,,37.0
B00E6GRC0A,37.0,37.0,,,37.0
B00E6L53JC,,,,,1.0
B00E6QGKMG,,,7.0,,
B00E72E80K,,,,,7.0
B00E8CWQQC,,,,,1.0
B00EA4SI9M,,,,,56.0
B00EA82KT2,,,,,56.0
B00EA82LPK,,,,,56.0
B00EA82M2W,,,56.0,,
B00EA82MV8,,,,56.0,56.0
B00EA8VR50,,,,,50.0
B00EA8VRZA,,,,50.0,
B00ED35B0Y,,,43.0,,
B00EFUMB30,,,,6.0,
B00EJDWEWQ,,,,,11.0
B00ELQH62E,,,88.0,,88.0
B00EN7MRTI,,,,,8.0
B00ENWKVU0,,,,,7.0
B00ENWL50K,,,,2.0,
B00ENZIP0K,,,,,6.0
B00ENZIQ86,,,,30.0,30.0
B00ENZNHDK,,,,,8.0
B00EO9CLC8,,,81.0,,81.0
B00EOOWAYW,3398.0,3398.0,3398.0,3398.0,3398.0
B00EOU42LK,,2.0,,,
B00EOZB9KM,,,,,12.0
B00EQ55UY6,,,,,15.0
B00EQ7EF2M,,,5.0,,
B00EQ7EK2C,,,,,6.0
B00ES7M4IM,,,,,1.0
B00ESKEAXQ,,,,54.0,54.0
B00ESKEAYU,,,,,54.0
B00ESKEB0S,,,,54.0,54.0
B00ESQU5KC,,,,,6.0
B00ETOHPJ2,6.0,,6.0,,
B00EU8S9LA,,,,,16.0
B00EVY9ZFM,760.0,760.0,760.0,760.0,760.0
B00EZMBD9Q,,,,55.0,55.0
B00EZMLSIM,,,,8.0,
B00F1318S4,12.0,,,,12.0
B00F2RAANI,,,,195.0,195.0
B00F3HRMVU,,,,7.0,7.0
B00F4C1MJM,,,,14.0,
B00F4D4EY6,,,,,10.0
B00F5YLEME,,,,,4.0
B00F6AHZA2,,,,,4.0
B00F6KJHEE,,,5.0,,5.0
B00F7IBT4Q,,,,,3.0
B00F7IC4RC,,,,,47.0
B00F7IC56C,,,,,47.0
B00F7IC7TC,,,,,47.0
B00F86UQG4,5.0,,,,
B00F8NVE6I,22.0,,,,22.0
B00F8NVF0S,,,15.0,15.0,15.0
B00F8NVGRK,,,,,17.0
B00F9ERDZM,,,,3.0,
B00F9MKXII,,,,26.0,
B00FAMVDC2,,,,,12.0
B00FAVOSJI,106.0,,106.0,106.0,106.0
B00FB8ETEE,,,,,2.0
B00FCP79MU,,,,,5.0
B00FF2FKIA,,,,,8.0
B00FFXGYXE,,,,,7.0
B00FFXH1B8,,,,29.0,29.0
B00FG0J6CW,58.0,58.0,,58.0,
B00FGLRBDM,,,,83.0,
B00FHXDFUW,,,,,3.0
B00FKEQDRA,,,,,7.0
B00FKSKD5O,,,,,9.0
B00FLOGP54,,,,,6.0
B00FMF85KK,307.0,307.0,307.0,307.0,307.0
B00FMRU4R0,,,,,1.0
B00FMRUBE6,,,,,64.0
B00FMRUDC6,,,,,7.0
B00FMRUE1G,,,,,1.0
B00FPA0W9E,,,,,2.0
B00FS6SHUQ,88.0,88.0,88.0,88.0,88.0
B00FU2DIVG,1.0,,,,
B00FU8BC54,54.0,,54.0,,54.0
B00FW95YZ0,,,,,12.0
B00FY8Y14E,253.0,253.0,253.0,253.0,253.0
B00G05HONA,,,,,2.0
B00G0U2BUG,526.0,526.0,526.0,526.0,526.0
B00G1RR3NS,,,,,1.0
B00G32KF18,,,,,3.0
B00G43JI5A,,,,,31.0
B00G4GXMBS,,,,,1892.0
B00G4H5M3S,1892.0,,1892.0,,1892.0
B00G4H5NK0,1892.0,,1892.0,,1892.0
B00G4H5Q52,1892.0,1892.0,1892.0,1892.0,1892.0
B00G4IEMCE,10.0,,,,
B00G5ILXF2,,,760.0,760.0,760.0
B00G6PAQSE,22.0,22.0,22.0,22.0,22.0
B00G72SWLO,,,,,309.0
B00G9PYKUQ,,,12.0,,12.0
B00GB51ORQ,,,,,100.0
B00GBTGSZA,,,,51.0,51.0
B00GBYNDXK,,,65.0,,65.0
B00GFHAF8Y,,,,,1.0
B00GGBVI26,,55.0,55.0,,55.0
B00GGBVLO6,45.0,45.0,45.0,,
B00GHI8MKE,26.0,,,,
B00GHQNHY2,,,,,1.0
B00GHYD3JI,,,,37.0,37.0
B00GHYD3LQ,,,,37.0,37.0
B00GHYD3N4,,,,,37.0
B00GIEKE4O,,61.0,61.0,61.0,61.0
B00GJ2YRT8,,,,,4.0
B00GJBTNL6,,,30.0,,30.0
B00GJBTP9G,,17.0,,,
B00GJWACAG,,,,,3.0
B00GLT5ZEK,,,,,10.0
B00GLTC1II,69.0,,,69.0,69.0
B00GM48B0Y,,,,,11.0
B00GOAI3PE,,37.0,,,
B00GOAICB4,,37.0,,,
B00GOKJK1K,14.0,,,14.0,
B00GQU5YY0,2078.0,2078.0,2078.0,2078.0,2078.0
B00GRAUI5Y,,,,,6.0
B00GTALZDG,,,,,16.0
B00GTAT5R4,,,,,2.0
B00GU1FS96,,,,,9.0
B00GW7E9A2,,141.0,141.0,,141.0
B00GWQ80TE,,,4.0,,
B00GX0707C,,,,,11.0
B00GXDXU8W,1.0,,,,
B00GXH3JZ2,,,,,13.0
B00GY0YLOQ,,,,1.0,
B00GYSZGUQ,,,,1.0,
B00GZZ0FDQ,,,,35.0,35.0
B00GZZAACM,,,,,6.0
B00H2SN7NK,,,,,2.0
B00H34JYYE,,,,,1.0
B00H4TAVTK,3.0,,,,
B00H594X8Y,236.0,236.0,236.0,236.0,236.0
B00H6B5WM2,,,,4.0,
B00H78KWTM,,,,,45.0
B00H7TD8GU,,,,,1.0
B00H889LMK,,,,,10.0
B00H889LSY,,,,8.0,8.0
B00H964P9A,,,,11.0,
B00HA4WVV0,,,2.0,,
B00HA69PNA,417.0,,,417.0,417.0
B00HAW0OEI,,,,,12.0
B00HC4XJ82,,,,,17.0
B00HC6NECQ,,1.0,,,
B00HC6NI4K,,,,,7.0
B00HC6NT7Q,,,,,8.0
B00HC6NUI4,,,,,64.0
B00HC80YHC,,,,,2.0
B00HC81EGM,,,,,2.0
B00HDYTX2C,,,,,4.0
B00HDYU1RS,,4.0,,,
B00HF4LGSY,,5.0,,,
B00HFCLKTG,18.0,,,,18.0
B00HGMFH8A,,,,,5.0
B00HGRFAMI,,,,,189.0
B00HHAUF0G,,1.0,,,
B00HI9LFZU,,,,,7.0
B00HKXJRXQ,4.0,,,,
B00HLRV86A,,24.0,,,
B00HMS55IK,,,,,27.0
B00HN1LVA2,,,,,6.0
B00HPD6W4I,8.0,8.0,,8.0,
B00HQ2MO2M,,,9.0,,9.0
B00HQW4IN0,,,,,215.0
B00HV92272,,161.0,161.0,161.0,161.0
B00HV9I5IC,,,,,102.0
B00HVB0JDY,,,,37.0,
B00HWGUMVC,,,,,1.0
B00HX4K0KQ,,,,,12.0
B00HXZX2WS,,,,,76.0
B00HXZX2YG,,,,,76.0
B00HXZX2Z0,,,,,76.0
B00HZ0UOFO,,,,,2.0
B00I076QBW,,,,86.0,86.0
B00I076R0C,86.0,,,,86.0
B00I076R2A,,,,,86.0
B00I1HFB6M,,,,,8.0
B00I3OMSTQ,,,839.0,839.0,839.0
B00I4V0LQU,,,,,7.0
B00I6TH83O,,,,9.0,
B00I7NTXGO,,,,,1.0
B00I86OMJS,,,,,5.0
B00I8G78Y4,,,,,6.0
B00I8G7O0W,,,,,6.0
B00I9N4SUI,,,,,3.0
B00ICGKN2E,,,,,19.0
B00ICGKN6K,,,19.0,,
B00ICUA6VI,,,,22.0,
B00ICZR4KO,96.0,96.0,96.0,96.0,96.0
B00ID2D1K8,,,,,34.0
B00IEX91SC,,,19.0,,
B00IEX92M2,,,2.0,2.0,
B00IEX93QC,16.0,,16.0,,16.0
B00IEX94UC,,,,,13.0
B00IF1OEZS,,,,,25.0
B00IHIDS7E,,,,,1.0
B00II913SI,,,,,36.0
B00IIJDOWG,,5.0,,,5.0
B00IIQWCYK,,,,,2.0
B00IJGK2KU,,,22.0,,22.0
B00IJZ6LUQ,79.0,,,,
B00IK07L5Y,,,,,13.0
B00IKF3SJW,,,,,3.0
B00IMKJ1GO,180.0,180.0,180.0,,180.0
B00IMY7J82,,,2.0,,
B00IN1PUZ8,200.0,200.0,200.0,200.0,200.0
B00IOA0QPW,,,,11.0,11.0
B00IOA0ROC,,,,,11.0
B00IOA5YJ0,,,,5.0,
B00IPL93K4,,,,,3.0
B00IRHSZB4,,,,,45.0
B00IRVNH22,,,,290.0,290.0
B00IRVNH2M,297.0,,297.0,297.0,297.0
B00IRVNH3Q,,,83.0,83.0,83.0
B00IRVNH40,,,,,27.0
B00IRVNH4K,,,,297.0,297.0
B00IRVNH7W,,28.0,,28.0,28.0
B00IT5TFOA,,,,11.0,11.0
B00ITJ21I8,,8.0,,,
B00IUE5GJ8,,,,,56.0
B00IUE66OC,,,56.0,,
B00IUE6DMW,,,,46.0,
B00IUE8O4M,,,,,167.0
B00IUE8PKK,167.0,,,,
B00IUE8WCQ,,,,,167.0
B00IUE8WS0,,,167.0,,
B00IUE8X52,,,,,167.0
B00IUE9JYG,167.0,,,,
B00IUE9PFY,,,167.0,,
B00IUEA5DU,,,,167.0,
B00IUEA9EA,167.0,,,,
B00IWR9F5E,3.0,,,,
B00J1K1CBQ,,,,,5882.0
B00J1NX4L4,,,,,6.0
B00J2LUZ9E,,,,3.0,
B00J2LUZH6,,,,,4.0
B00J2M6IR6,,6.0,,6.0,6.0
B00J55PZR4,297.0,,,297.0,297.0
B00J65UYG0,,,,,6.0
B00J65VD38,4.0,,,,
B00J7SN198,,,,,2905.0
B00J86NF9A,,,,,1.0
B00J8EPDFQ,,,,,5.0
B00J8ETIJI,,,,,6.0
B00J8EU0EU,,,,,4.0
B00J8EVEIG,,,,,5.0
B00J96MQ4O,,,,,386.0
B00J9BMV4O,,,,,5.0
B00J9LCCFM,,,,,19.0
B00JA2FIBU,,,31.0,,31.0
B00JADQ4S0,,,,,99.0
B00JADY6MQ,,,,,29.0
B00JAEI3RE,,,,,7.0
B00JAZ7VY4,,,,99.0,
B00JAZ7ZBI,,,,,99.0
B00JAZ81RA,,,,,99.0
B00JB6G814,,,,,5.0
B00JCJA29O,1.0,,,,
B00JCSLA6O,6173.0,6173.0,6173.0,6173.0,6173.0
B00JDA3RJY,,,,,23.0
B00JEQU5QA,,,,,4.0
B00JEX8BBE,63.0,63.0,,,63.0
B00JEZ0ZLQ,,,,,2.0
B00JGMXTYW,,,,,1.0
B00JGMXU0U,,1.0,,,
B00JGQJDYI,,,,,149.0
B00JGQJUAU,,,,,4.0
B00JGZFAIC,,,,9.0,
B00JGZFC6C,,,,9.0,
B00JGZFEJ2,,,,,1.0
B00JH9646E,,,12.0,12.0,
B00JHIB5W8,,,,48.0,
B00JJB1P4Q,,,,251.0,251.0
B00JJB1PPK,251.0,251.0,251.0,251.0,251.0
B00JK9Z8I6,,,,,28.0
B00JL8T7MO,,,,,3.0
B00JLA8Y6W,46.0,46.0,,46.0,46.0
B00JLAC7O2,,,,,6.0
B00JLAL3RY,,,,4.0,
B00JME5K9G,,,,9.0,9.0
B00JME5Q6S,,,,,5.0
B00JME5W4E,,,,,1.0
B00JME60YA,,,,,2.0
B00JME66HG,,,,14.0,14.0
B00JME68BK,,,4.0,,
B00JME6GKS,,,,,5.0
B00JMF49X8,,,,,7.0
B00JMF4MOO,,,,,4.0
B00JMKBCJC,2.0,,,,
B00JMQH16E,842.0,,,842.0,842.0
B00JOLXMAG,,,,25.0,25.0
B00JP4XCSO,205.0,205.0,205.0,205.0,205.0
B00JQ9MFD6,,,,,5.0
B00JRGZ5DK,,1.0,,,
B00JSL8CFC,,,,,45.0
B00JX8SOIA,,,242.0,242.0,242.0
B00JY2QZUO,120.0,120.0,,,120.0
B00K04WWU2,,,,,13.0
B00K1917PW,,,47.0,47.0,47.0
B00K1PCJ6C,,,,,5.0
B00K2FWIOO,,,,,1.0
B00K4QJY4I,,,35.0,,
B00K4QJY7U,35.0,,,35.0,35.0
B00K5MQ8R2,,,,,41.0
B00K5Q8VLY,,7.0,7.0,,
B00K6KZAEK,21.0,,,,21.0
B00K7CQRDK,,,,,3.0
B00K7CUH0Y,,,,,1.0
B00K7GJ37S,,,,,28.0
B00K82M9A4,,,,,1.0
B00K82MKEO,,,,,8.0
B00K8E6XFY,77.0,,77.0,,77.0
B00KA2XNZC,,,,35.0,
B00KA7V4Z8,,,,,5.0
B00KAPPRVW,,,,20.0,
B00KAPPRY4,,8.0,,,8.0
B00KCYUP7W,,,,,45.0
B00KDM3N8Q,,,,107.0,107.0
B00KECBMHE,,,,,3.0
B00KGJTHOA,,,,,16.0
B00KGY2EAY,,,,,2.0
B00KKIEH9W,,63.0,,,
B00KM5D5RI,129.0,129.0,129.0,,129.0
B00KMNHIIW,,32.0,32.0,,
B00KMONL96,108.0,108.0,,,108.0
B00KN2DHAK,567.0,,,,567.0
B00KN2DLPQ,,567.0,567.0,567.0,567.0
B00KN2DQ0Q,,,,567.0,567.0
B00KN2DTRQ,,,,567.0,567.0
B00KN2DXTU,,,,,567.0
B00KN2E0NI,,567.0,,567.0,567.0
B00KO32NLW,,,,18.0,18.0
B00KO32NOO,,,,,21.0
B00KO32NP8,,,,23.0,23.0
B00KO3OIFG,,,,,12.0
B00KS0IND8,,,,,99.0
B00KSA14G6,,28.0,,28.0,28.0
B00KVI3F76,,,,,142.0
B00KVW4QIO,140.0,,140.0,140.0,140.0
B00KXD00CW,,,,17.0,17.0
B00L29CMY0,,,,,22.0
B00L29CSX0,,,,,23.0
B00L29CTDY,,23.0,,,
B00L29F8GY,,,4.0,,
B00L29LH8M,,,,,10.0
B00L4JXT40,,,,,77.0
B00L8I2M4U,,,,,11.0
B00LA8B3SO,,3.0,,,
B00LAVAV3E,,,45.0,45.0,45.0
B00LAVB1TC,,106.0,106.0,106.0,106.0
B00LBCZPQA,,,88.0,,
B00LBE23T0,46.0,,,,
B00LCAJL1Q,,,,,38.0
B00LFN3TS6,,,107.0,107.0,107.0
B00LFW5TXA,,,,,6.0
B00LFW72P8,,,,13.0,13.0
B00LFW92ME,,,,,4.0
B00LFW9VRA,,,,,8.0
B00LH2JX80,,,,,4.0
B00LH762IY,,,,30.0,30.0
B00LL3NHBE,76.0,76.0,76.0,76.0,76.0
B00LMKY7QA,,,,,31.0
B00LNMVNYQ,,,,,2.0
B00LNMVT18,,,,,2.0
B00LNMWEEY,,,,,4.0
B00LO8H2T4,,,,,1.0
B00LO99052,,4.0,,,
B00LOUD750,187.0,,187.0,187.0,187.0
B00LPUVSJQ,,,,,2.0
B00LPUVURQ,,,,,5.0
B00LPUVZ8U,,,,,4.0
B00LPUX66O,,,,,6.0
B00LPUXR4U,,,,,5.0
B00LPUXZJ2,,,,,2.0
B00LPWEKFS,,38.0,,,38.0
B00LPY04R4,,,,3.0,
B00LPYODJY,,,,,3.0
B00LQZ8U1Y,,,,,7.0
B00LSCFS2E,,,,,1.0
B00LVP6VRY,,,,,1.0
B00LXX5TKE,,,,,16.0
B00LXX60UM,16.0,,,16.0,
B00M2UCGB2,,,,,16.0
B00M3UJJ1G,,,,,30.0
B00M4KS9KW,,,,,35.0
B00M4WWMHG,,,,2.0,
B00M78V958,,,13.0,,
B00M7DKUHG,,,6.0,,
B00M86WLV0,,,22.0,22.0,22.0
B00M883GBM,8.0,,,8.0,
B00M8UPXBQ,690.0,690.0,690.0,690.0,690.0
B00MBVU5BA,1.0,,,,
B00MCZVGBS,,,86.0,86.0,86.0
B00MCZVGDG,86.0,,,86.0,
B00MCZVGFY,,86.0,86.0,,86.0
B00MF8CS3W,,,,3.0,
B00MFQR1KO,,,,,14.0
B00MGMBXNI,,,50.0,,50.0
B00MGSBAQC,,,,,5.0
B00MHG6O3M,,83.0,,83.0,83.0
B00MJAWMKK,,,,,87.0
B00MMPC99G,,,81.0,81.0,81.0
B00MNNXZ0O,,,7.0,,7.0
B00MNNY41S,,,,,39.0
B00MNNY65W,20.0,20.0,,,20.0
B00MPKWIOO,,,,,4.0
B00MQ4XLU4,25.0,,,,25.0
B00MTZ937K,,16.0,,16.0,
B00MU2R79I,,,,,1.0
B00MV481R2,,,,,3.0
B00MV48F4G,,,,,2.0
B00MVNLQEI,8.0,,,,
B00MVNLRDI,10.0,,,,
B00MVNLS4Q,,,3.0,,3.0
B00MVNLUUI,,,,4.0,
B00MVNLYZY,6.0,,,,6.0
B00MVNM4UI,,,,,6.0
B00MW0LRVC,,,,,34.0
B00MXF1OBY,,,,,18.0
B00MXF2UQ2,,,,18.0,
B00MZMXS5U,,158.0,158.0,158.0,158.0
B00MZYWGNI,,,,17.0,17.0
B00N1U3HMY,,,,,1.0
B00N1U3R1A,,,,6.0,
B00N7S6XUS,,,,,18.0
B00N7S7JT2,,,,,5.0
B00N7S8R0C,,,,,2.0
B00N98WFDU,2511.0,,2511.0,2511.0,2511.0
B00NAQ8Q4S,,,,24.0,
B00NAQG5UA,,,99.0,,
B00NC6PIWO,1700.0,1700.0,1700.0,1700.0,1700.0
B00NEOK888,,,,,10.0
B00NGODAYK,,,,,2.0
B00NI1MZFQ,15.0,,,,
B00NI1N406,,,,11.0,
B00NI7BS30,6.0,,,6.0,
B00NIA7NRW,,,,,5.0
B00NIFEDJI,,,,,9.0
B00NL84OG4,,11.0,,,
B00NLXIYHO,,,14.0,,14.0
B00NN6UNV4,,,,,4.0
B00NO2PIEY,,,,,150.0
B00NPEGLH4,,,78.0,78.0,78.0
B00NRZLM6G,,3.0,,,
B00NSY954W,,,,16.0,16.0
B00NSY9592,,,,,9.0
B00NU6MO96,,,10.0,,
B00NUAURUA,52.0,,,52.0,52.0
B00NVQ4BZK,61.0,,,,
B00NXDEQ7Y,,,,,99.0
B00NXL6E5S,,,,,10.0
B00NY5CVPA,,,,,99.0
B00NY71QFO,,,,,8.0
B00O13UTXA,,,,11.0,
B00O1JXMS8,,,,26.0,26.0
B00O2CQ24K,,,,,122.0
B00O2Y77KQ,7.0,,,,
B00O2Y78VE,,,,7.0,7.0
B00O2Y8AUC,,,,,1.0
B00O2YVHMA,,,,,5.0
B00O2YVL58,,,,,4.0
B00O4FID38,,,,,5.0
B00O7MSAB8,,,7.0,,
B00OA61JQO,,,,,18.0
B00OAK2M4I,,,19.0,,19.0
B00OAK2N6K,,,,,141.0
B00OAK2O1O,,124.0,,,124.0
B00OCGN2U8,,,,,2.0
B00OE1G0Z0,4.0,,,,
B00OGJLSHK,,,,1.0,
B00OH21JRU,,,,8.0,8.0
B00OH6F0XA,,,,,2.0
B00OHSIV2A,,,,,15.0
B00OI0XHS0,,,,,13.0
B00OJFZLMY,,,,,21.0
B00OLNEQD4,,,,,7.0
B00ON3M6PW,,,,,4.0
B00OQJR3T2,544.0,544.0,544.0,544.0,544.0
B00OU0GIZM,,,,,4.0
B00OUS93D8,,,,3.0,
B00OV4I69S,,,,,99.0
B00OV4IISW,,,,,36.0
B00OV4JAY8,,,,,48.0
B00P2PIR8K,,,526.0,,
B00P2UVTW6,,,,,6.0
B00P74HAY8,773.0,773.0,773.0,773.0,773.0
B00P8LLDO8,170.0,,170.0,,170.0
B00P9XTQ0S,,,,,37.0
B00PA7VMD2,,122.0,122.0,122.0,122.0
B00PDAQ55G,,,,,5.0
B00PDAQVKU,,,,,149.0
B00PDAURJ6,,,48.0,,
B00PDCBV4O,,,,,29.0
B00PDH4MRC,,,,,150.0
B00PDHRPYE,,,,,29.0
B00PGLY7YS,,68.0,,,68.0
B00PGPAPH2,,,,,1.0
B00PJOXA54,,,40.0,40.0,40.0
B00PJQ007S,,,,28.0,28.0
B00PKKD3BS,,,96.0,96.0,96.0
B00PKKD3CM,,,,,96.0
B00PKKD3EK,96.0,,96.0,96.0,96.0
B00PKKD3G8,,,,,96.0
B00PKKSRYQ,,,,,96.0
B00PP83QQ2,8091.0,8091.0,8091.0,8091.0,8091.0
B00PRJ2YOY,5.0,,,,
B00PRJ2YTY,,,,,2.0
B00Q07PY5S,,,,,7.0
B00Q4D3LI0,,,,,99.0
B00Q5MSFJU,,,,1892.0,
B00Q60EFS6,,,,,48.0
B00QFKZQGW,,,,426.0,426.0
B00QFY9FY2,,,,,16.0
B00QHF9PAS,1892.0,,,,
B00QHS4B18,,,,14.0,
B00QNA11PY,,,,14.0,14.0
B00QQ1MAG4,,,14.0,,14.0
B00QQ1MAWI,,,,,4.0
B00QQ1MG0O,,,,,6.0
B00QQ1MG90,,,,6.0,6.0
B00QRAWUB4,,,78.0,78.0,78.0
B00QRQEQI8,,,,,212.0
B00QX4YKTO,,,,,8091.0
B00QX4YKXA,,,,,8091.0
B00R1PFL92,,,,,11.0
B00R1RZ2UI,,,18.0,,18.0
B00R34UIJE,,,,,3.0
B00R3DA3OA,,,,,2.0
B00R3GFB76,,,,45.0,45.0
B00R3THKEU,,,,,1.0
B00RFRL4DS,,,,,327.0
B00RG6GUCS,,,1.0,,
B00RGJF6DO,,,,7.0,
B00RGXAYCI,,,,,47.0
B00RLRUNH0,,,,492.0,492.0
B00RVBJ674,,,,,3.0
B00RVBJ6Q0,,,,,6.0
B00RXHHUIS,,,32.0,,32.0
B00S00M1TU,,,,2905.0,
B00S0D1HJC,251.0,251.0,251.0,251.0,251.0
B00S0DBYAY,,251.0,251.0,251.0,251.0
B00S2U12LQ,55.0,,,,55.0
B00S3FHZP2,19.0,,19.0,19.0,19.0
B00S3FKZ40,,,,12.0,12.0
B00S8J68B0,,,943.0,943.0,943.0
B00S9SVF7C,,,,,12.0
B00SA48TPQ,,,,9.0,9.0
B00SB0I7J2,,,,,17.0
B00SGCGN0A,7.0,,,,7.0
B00SGCWMFA,8.0,,,,8.0
B00SLGDBAG,,,25.0,25.0,25.0
B00SNCP0UC,,,,,2.0
B00SOD4S3A,46.0,,,,
B00SOFFJN6,,,,12.0,12.0
B00SOI1L2Q,,,,,3.0
B00SOI1T64,,,,,5.0
B00SOJ62DI,,,,,2.0
B00SOJ65H6,,,,,4.0
B00SQZ4VCO,,,,,19.0
B00STHOVQA,,,,327.0,327.0
B00SV8JAL8,,,,,34.0
B00SXI7SKG,266.0,,,266.0,266.0
B00SYF1DA4,,499.0,,499.0,
B00T059ZUM,,,,,7.0
B00T3DAD6Q,,30.0,,,
B00T3DAOR4,,,,,51.0
B00T3DAQ18,,,,20.0,
B00T4W4L28,,,,,327.0
B00T893A2O,,,,,7.0
B00T9OH6P0,84.0,,84.0,84.0,84.0
B00TEXI6S2,,,,,3.0
B00TEXII44,,,,,1.0
B00TEZ15CO,,,5.0,,
B00TF74N2K,,,,,9.0
B00TFDK5US,,,,,22.0
B00TFVSO94,,,,,374.0
B00TFVSPK2,374.0,,374.0,,374.0
B00TFVSRJ6,374.0,,374.0,,374.0
B00TFVSTLW,374.0,374.0,,,374.0
B00TFVSUD4,,,,,374.0
B00TI9S56K,,,64.0,,64.0
B00TI9SCZ4,,,,,104.0
B00TI9SE6G,,,104.0,,104.0
B00TIUA1G6,,,,,11.0
B00TKIHCRM,2666.0,2666.0,2666.0,2666.0,2666.0
B00TP8CMYA,,,,,17.0
B00TQYB0NW,,,,,118.0
B00TQYB7MG,,,,361.0,361.0
B00TQYBB6S,,,25.0,25.0,
B00TTGBOEW,37.0,,,,37.0
B00TTGBQ5E,,,,,74.0
B00TTGBRC6,,,,,74.0
B00TV9452K,,,,79.0,
B00TV9476E,,,,139.0,139.0
B00TXLB90W,,81.0,,81.0,81.0
B00TXLBF10,,,,,81.0
B00TXLBIW6,,,,,81.0
B00TZ3T9AA,,,,1.0,
B00U1KWKC0,,,516.0,516.0,516.0
B00U1S4YF8,,,,7.0,7.0
B00U20D8DE,,,,,33.0
B00U7848T4,,,36.0,36.0,36.0
B00U7848XK,88.0,,88.0,88.0,88.0
B00U94D5O0,,,4.0,4.0,
B00U9R3YFC,,,,,1.0
B00UCEYNGQ,,,2675.0,,
B00UI978J4,233.0,,,233.0,233.0
B00UK9Q9CE,,,7.0,,
B00UKUSQ56,,,,,29.0
B00UKUSQ7E,,,,29.0,
B00UMDATZ6,,,,59.0,
B00UMDB2ES,,,,,59.0
B00UMPLI9K,,58.0,,,
B00UO58LZC,,,,2588.0,2588.0
B00UOZVB22,,,,,5.0
B00UVRZ8GI,1350.0,,,1350.0,1350.0
B00UVSFR1S,,,1.0,,
B00UVYFNWK,,,,16.0,16.0
B00UVYIVKG,,,,,1.0
B00UYZJX2W,,,,1.0,
B00V0E8IU4,,,,2.0,
B00V0E8S2C,,,,,23.0
B00V47DT6U,9.0,,,,
B00V53UVVY,,,60.0,,
B00V5MHNUW,,18.0,18.0,,
B00VB8181K,5.0,,,,
B00VIG1JTG,,,,,38.0
B00VIG1JTQ,,,,,38.0
B00VIG1JWS,,,,38.0,38.0
B00VIP577M,2114.0,,2114.0,,2114.0
B00VIPK5N8,,,2114.0,2114.0,2114.0
B00VIXO3RY,352.0,,,,352.0
B00VIXO49G,57.0,,,,
B00VIXO6W6,271.0,,,,271.0
B00VIXO9G4,,385.0,,385.0,385.0
B00VIXOEFU,,,71.0,,71.0
B00VIXOESW,,,,,35.0
B00VL0R4JS,,,30.0,30.0,30.0
B00VMWB7AC,,27.0,,27.0,
B00VU91VHG,,,,,4.0
B00VWDQF08,,,,173.0,173.0
B00W3JM5FY,,,26.0,26.0,26.0
B00W5HFGNW,170.0,170.0,,170.0,170.0
B00W8WEBWQ,189.0,,189.0,,189.0
B00W9VXNR0,,,,37.0,37.0
B00WABWPG4,,,,118.0,118.0
B00WALAE6W,,,,,3.0
B00WIP75C6,,,,,636.0
B00WIP7DPA,,,,,661.0
B00WIP7OT0,,,,,5.0
B00WIP92GS,,,,,282.0
B00WIPD3H2,,,,,10.0
B00WIPDSL8,,,,,223.0
B00WIPDVQ0,,,,,223.0
B00WIPE1VO,,,,,223.0
B00WIPOJZ2,,,,223.0,223.0
B00WIPOO5M,,,,,223.0
B00WIPT6E6,,,,3.0,3.0
B00WIPTDM6,,,,,4.0
B00WQQPPN8,,,,,1.0
B00X0Y0INC,,,,11.0,11.0
B00X0Y0ITQ,,,,,10.0
B00X0ZKL4W,,,19.0,19.0,19.0
B00X0ZKLQ0,,,11.0,,11.0
B00X10AI08,,14.0,,,14.0
B00X11MINC,,,,,8.0
B00X168HCS,,,,,2.0
B00X5RKV8G,,,14.0,14.0,
B00XA1VNA2,,,,,1.0
B00XBN76TG,,,,,19.0
B00XBN76V4,,,,22.0,
B00XBN76VO,,,11.0,,
B00XBOUWG4,650.0,,,,
B00XBOUYQC,,,,,650.0
B00XBOV16E,,,,650.0,650.0
B00XBOV40M,,,,,650.0
B00XBOV6NC,,,,,650.0
B00XDBRE7A,,,,,19.0
B00XIJLODW,,296.0,,,296.0
B00XJCLOW4,,,,,26.0
B00XLFUN9Y,,,,,38.0
B00XNMWUFA,101.0,101.0,101.0,101.0,101.0
B00XTO8KRO,2.0,,,,2.0
B00XU16AAK,,,,,32.0
B00XUKDKKY,,292.0,,292.0,
B00XVB3DG8,,,,,100.0
B00XVB3NAO,,,,,100.0
B00Y1FM5I0,,,49.0,49.0,49.0
B00Y271B3C,,,,,31.0
B00YBDETR2,2702.0,2702.0,2702.0,2702.0,2702.0
B00YCVTXU6,1084.0,1084.0,,1084.0,1084.0
B00YEMGB4E,,,,,2.0
B00YF5LQDQ,,,,,3.0
B00YHYZQYK,,,,,2.0
B00YK38T4C,,,,,1.0
B00YMJUB22,,,,,2.0
B00YZ9AKTI,,,,,3.0
B00YZGXUFC,,,,,83.0
B00ZDZEPVC,,,,,9.0
B00ZI8IXR6,5876.0,5876.0,5876.0,5876.0,5876.0
B00ZIEQU1G,,,,,7.0
B00ZIER39Y,,,,,4.0
B00ZIERS7Q,,,,,7.0
B00ZIF2DAC,,,,,99.0
B00ZIHXXTA,,,,,48.0
B00ZRYW3SG,,,,,5.0
B00ZUG8ZWO,416.0,,416.0,416.0,416.0
B00ZUYPFUQ,,,,,6.0
B00ZV7WOYW,,,,37.0,37.0
B00ZYXTD0Q,,,,,3.0
B01056EGYO,,,4.0,,4.0
B0105TLW1G,5704.0,5704.0,5704.0,5704.0,5704.0
B0106F3AJG,,,,,54.0
B0107EF5LW,,,,,2.0
B010B8UAWS,,,,123.0,123.0
B010GNJVVO,,,,,2.0
B010GS0MX0,,,,11.0,
B010LF5FS0,,,4.0,,
B010MS4BP4,,,,,19.0
B010MS4E0G,,,19.0,,19.0
B010P4A9N8,81.0,81.0,81.0,81.0,81.0
B010RGODSQ,,,,,19.0
B010ULTCKC,,16.0,,16.0,16.0
B010UNK8SK,,,,,149.0
B01117RZK8,83.0,,83.0,83.0,83.0
B0111C14WI,,2.0,,,
B01176BYZU,,,,,4.0
B011A89C4K,,,,,4.0
B011AMQ1XQ,,,,,438.0
B011EUQIIC,,48.0,48.0,48.0,48.0
B011HRKXB0,,,,,11.0
B011L0690W,2488.0,2488.0,2488.0,2488.0,2488.0
B011L069DO,2488.0,2488.0,2488.0,2488.0,2488.0
B011NBORTO,,,,,6.0
B011NU7T1S,,,,,2.0
B011OWP3OK,,,,,3.0
B011SD4NP0,,,,,6.0
B011U6HTII,,,,3.0,
B011UUP6X4,,,,,1.0
B011Y3N9EK,,,,2.0,
B012CX74TW,,,,,1.0
B012D30P9M,,,,,3.0
B012EIOSAS,,,,12.0,
B012H1SWYK,,,,567.0,567.0
B012H1T0L4,,567.0,567.0,567.0,567.0
B012H1T186,,,,,567.0
B012H1T53M,,,567.0,567.0,567.0
B012H5SNUO,,,,,11.0
B012I08N4E,246.0,246.0,246.0,246.0,246.0
B012QRHB38,,,,,400.0
B012T8AGU4,,,820.0,,820.0
B012U1O3EK,,,11.0,,11.0
B012VPB87A,,,60.0,,60.0
B012VPB8GQ,,,,,60.0
B012VPBLHW,,,,29.0,
B012X2DTXC,,,,,7.0
B012Y659JE,,,,,4.0
B012ZQDZB2,599.0,599.0,599.0,599.0,599.0
B012ZQPX26,,,,,15.0
B012ZQQOSI,,,16.0,,
B012ZQRE6O,,,,,18.0
B012ZQS5MQ,,,,,18.0
B0131LB97C,,,,,38.0
B0133DFCPS,,,,,5.0
B0133DFHO4,,,,,4.0
B0133DFX9S,,,,,223.0
B0133DG1LM,,,,,223.0
B0133GWPGY,,,,,2.0
B0133I01P4,,6.0,,,
B0133I55XW,,,,,148.0
B0135M6E8G,,,,,36.0
B0136UDP5M,,,,,35.0
B0138RVPLE,,,,134.0,
B013AZG9W4,,,,,18.0
B013AZG9WO,,,,,18.0
B013AZGIW0,,,,11.0,
B013AZH6P8,,,,,22.0
B013AZKH8G,,,,,15.0
B013E07KY6,,1919.0,1919.0,1919.0,1919.0
B013E07N7U,,,1919.0,,1919.0
B013F0TT9E,,,,37.0,37.0
B013F0TXTK,,,,,60.0
B013F0U26S,,,,,149.0
B013FJ35P4,,,,691.0,691.0
B013GEXH9C,,,,,8.0
B013GM35L4,,,,,23.0
B013HUO3FM,,,,,99.0
B013HUO3GQ,,,,,99.0
B013HUO6QS,,,,,18.0
B013HUO6RM,,,,,18.0
B013HUOP4G,,,,,60.0
B013JTG2VY,,,2.0,,
B013KWOCIA,,15.0,,,15.0
B013KWOEH4,,15.0,,,15.0
B013KWOG6S,,15.0,,,
B013KWOGL8,15.0,,15.0,15.0,15.0
B013PVD08O,,,41.0,41.0,41.0
B013QXLXZS,230.0,230.0,230.0,230.0,230.0
B013RO0RFI,374.0,374.0,374.0,374.0,374.0
B013TMKI2K,2026.0,2026.0,2026.0,2026.0,2026.0
B013TMKJ3S,217.0,217.0,217.0,217.0,217.0
B013VN4E9K,240.0,240.0,240.0,,240.0
B013YQRICE,,,,31.0,
B01417QH0O,,,,,374.0
B01417QM68,374.0,,374.0,374.0,374.0
B01417QUB0,374.0,,374.0,,374.0
B01417QVMS,,,374.0,374.0,
B0141QBL3I,,,,,22.0
B01497371I,,,,,4.0
B0149NENRO,,,,,2.0
B014DQ3R9W,,,,,7.0
B014IERSM6,,,,,78.0
B014IQJQYC,,149.0,149.0,149.0,149.0
B014J6XRAK,96.0,,,96.0,96.0
B014J7HDFY,,,,,104.0
B014JAFSYY,52.0,52.0,52.0,52.0,52.0
B014KTZTO8,216.0,,216.0,216.0,216.0
B014PNL36W,,,,,6.0
B014Q7ZRFA,,,,,172.0
B014QFMB4M,,,,18.0,
B014QZ80S8,,,,,3.0
B014S5N5HM,,,,,19.0
B014S5N9W8,,,29.0,,29.0
B014S5NF9K,9.0,,,,
B014S5NHGQ,,,,,64.0
B014S5NURM,,,,,29.0
B014S5NXC4,,,,,50.0
B014TB91G4,,119.0,119.0,119.0,119.0
B014TY3FDQ,,,,,9.0
B014VESTDA,,,,,541.0
B014VESUQ6,,,,541.0,
B014VET1BO,,,,,541.0
B014VET5ZG,,541.0,,,
B014X5PT80,,116.0,,,
B014X5PTA8,,,,,208.0
B014X5PTD0,,,,157.0,157.0
B01542PGHA,,,107.0,107.0,107.0
B01542PJG8,,,,107.0,107.0
B01542PLTI,107.0,,,,
B01542PQM0,,,,,107.0
B01554RD6O,123.0,,,123.0,123.0
B01554RD7S,,,,,132.0
B0156LTSBO,,,,,7.0
B0156LU3E0,,,,,5.0
B015EVCMS2,,,,,17.0
B015EVCMSC,,31.0,,31.0,31.0
B015EVCN2M,,33.0,33.0,33.0,33.0
B015FAT4SS,,,949.0,949.0,949.0
B015GBQABU,,,,41.0,
B015H3KL62,,,,,1.0
B015IRR32C,,19.0,,19.0,19.0
B015KCM7O4,,,,,6.0
B015L9MJXU,,,,,4.0
B015MMZQHC,,,,,2.0
B015OXEBMK,,37.0,,,
B015OYJ91C,,,,,149.0
B015OYJAI4,,,,,149.0
B015QV206O,,,,8091.0,
B015QV207I,,,8091.0,,8091.0
B015QV20AU,,,,,8091.0
B015QV20B4,8091.0,8091.0,8091.0,8091.0,8091.0
B015QV20EQ,8091.0,8091.0,8091.0,8091.0,8091.0
B015QV20GE,8091.0,8091.0,8091.0,8091.0,8091.0
B015THI6IQ,,,,426.0,
B015WQVBU4,,,,,10.0
B015XA95Q6,,,,,251.0
B015XL1N42,,,,,6.0
B015YGRTVC,,2.0,,,
B015YI1Q2S,,,,,13.0
B0160FCIIU,,,72.0,,
B0160FCIK8,,72.0,,,
B0160FCILC,,,,,72.0
B0163AF8VQ,162.0,162.0,162.0,162.0,162.0
B0167JXZX6,,,7.0,,7.0
B0169175BK,,,,,37.0
B0169936E2,,,,,5.0
B016CDZTRC,,,,,7.0
B016CW3AX8,147.0,,,147.0,147.0
B016D0FY6K,,128.0,,,128.0
B016D0FYB0,,,,,128.0
B016D0FYFQ,,,,128.0,128.0
B016F1IKYK,,,,,6.0
B016HIB6B0,,,,,3.0
B016HVE14G,4007.0,4007.0,4007.0,4007.0,4007.0
B016HVE14Q,4007.0,4007.0,4007.0,4007.0,4007.0
B016L1XVXO,,54.0,,,
B016M5ESFE,,,,15.0,
B016MT0DB8,,,,,60.0
B016MVZ1F4,,,37.0,,37.0
B016MVZ1FO,,,,,18.0
B016MVZ1MM,,,,,74.0
B016MW5PT0,2623.0,2623.0,2623.0,2623.0,2623.0
B016MW5Q5I,,2623.0,,,2623.0
B016MW5Q6W,,2623.0,2623.0,2623.0,2623.0
B016MW5Q8A,2623.0,2623.0,2623.0,2623.0,2623.0
B016MW5QB2,2623.0,2623.0,2623.0,2623.0,2623.0
B016OF42IK,,,,,4.0
B016OFEYU6,,,12.0,,12.0
B016PCKDLM,,188.0,,,188.0
B016Q004L2,,,,,6.0
B016QG9UZW,,,26.0,,
B016R8VBL0,,,,,223.0
B016R8Z6G6,,,,,151.0
B016R8ZG9I,,,,,283.0
B016R8ZNT6,,,,,147.0
B016UL23LG,,34.0,,,34.0
B016UL5GYC,,,,,18.0
B016UL5IGS,,,,,6.0
B016UL5K1Q,,10.0,,,
B016WQYQIM,,,,,6.0
B016YII224,7.0,,,,
B016YVU5DU,,36.0,,,36.0
B016YVU5NK,,,,,10.0
B016YVU8KU,,,,,6.0
B016YVUE6S,,,33.0,33.0,
B016YVUM38,,,,30.0,
B016YVUOJK,2.0,,,,
B016YVUOMW,,,,,22.0
B016Z07TZW,,,1.0,,
B01706YIIQ,,,,,26.0
B017071T00,,,,,26.0
B0170O83H0,,,,,2.0
B0172GZA04,,,,53.0,53.0
B0173RDOWI,,,,,355.0
B017744S54,,,,,19.0
B0178G83HA,,,,,541.0
B017912SWA,,,19.0,,19.0
B0179B5Y26,,,,,20.0
B017D8VWPI,,,,,18.0
B017HOSAZS,,,22.0,,
B017HVVUO4,,,,,8.0
B017J7LFS2,,,,,9.0
B017K0XN3I,5704.0,,5704.0,5704.0,5704.0
B017KO9NE2,1922.0,,1922.0,1922.0,1922.0
B017KO9OHS,1922.0,1922.0,1922.0,1922.0,1922.0
B017NJWHJM,,,,,8.0
B017QTM3MK,,,,,10.0
B017SGMCUE,,95.0,95.0,,95.0
B017SYFW30,,,27.0,,27.0
B017TH7MQQ,,,,,6.0
B017UM8LAG,,,25.0,,
B017VO28MU,,,,,12.0
B017W1H9JO,,,,,1.0
B017WS4EZE,1274.0,,1274.0,1274.0,1274.0
B017YFRJUC,,,,,8.0
B017YWNBIE,,1944.0,1944.0,1944.0,1944.0
B017YWNBJI,,,,1944.0,
B017YWNBLG,1944.0,,1944.0,1944.0,1944.0
B0181GBXUU,,,,,1.0
B0181S9NDW,,,,,2.0
B0183XOT6G,,,,,327.0
B01844VSYA,,,,,2.0
B0185NPS6O,,,10.0,,
B01885YETG,,,,,2.0
B0189WXZ2A,,,,,1.0
B018AUYR6E,,4.0,,,
B018BL8VZU,117.0,,,117.0,117.0
B018G4NNDM,,,,5.0,5.0
B018HV582I,,,,,3.0
B018IV7G6S,,,,,57.0
B018IV7J38,57.0,,,,
B018IV7LZ4,,,,,57.0
B018IV7MV2,,,,57.0,
B018JNTVZO,,4.0,,,
B018JW05E6,,,,,150.0
B018JW097E,,,,,150.0
B018KKX83C,,,,,2.0
B018ND76R0,,,,,1.0
B018ND88T0,,,,1.0,
B018NKYDHY,,,,,20.0
B018NKZ01C,,,,,14.0
B018Q2QP0W,,,,,159.0
B018R5N91G,,,29.0,,29.0
B018ROH0O4,,,,,13.0
B018ROH2CY,,,,,36.0
B018ROH3XC,,,,,13.0
B018ROH5FS,,,,,36.0
B018S0H4JI,,,,,6.0
B018SAJWJS,,,,,13.0
B018TPV9Q6,,,,,15.0
B018XXQJ3W,,,,,4.0
B018YHFTJM,,,,,5.0
B018YVRUKE,,,,247.0,247.0
B018YVRUKO,,,,,247.0
B018YVRUO0,,,,244.0,244.0
B018YVRUPO,,,,248.0,248.0
B01917KK66,,,,,4.0
B0192UFL8O,,,,28.0,28.0
B0196XUQ1O,2987.0,2987.0,,2987.0,2987.0
B0196YYHH2,,,,,18.0
B0196ZF0AO,18.0,18.0,,,
B019BVLRKU,1877.0,1877.0,1877.0,1877.0,1877.0
B019D1ZJ5M,,,,,1.0
B019E4J62K,,,,121.0,121.0
B019R0C5WO,,,,25.0,
B019RF59O0,131.0,,131.0,131.0,
B019YE9PR6,,,,,5.0
B019YRY4LA,,,,,438.0
B01A5HTABM,1606.0,,1606.0,1606.0,1606.0
B01A7O3RTO,,,,25.0,
B01A8ZUF1K,,,17.0,,
B01A9H0R0Q,,,,345.0,345.0
B01A9JT87C,,,28.0,,28.0
B01AAVFVAW,,63.0,,63.0,
B01AD26XW8,,,,,90.0
B01AD2712O,,,,,90.0
B01AFHU1ME,,,,,2.0
B01AFU67TM,,,,85.0,85.0
B01AHRMR5G,,,,6.0,
B01AHRMSJG,,,,,3.0
B01AHRSEH6,,,,,3.0
B01AHS612A,,,,,6.0
B01AHSPVE4,,,,5.0,
B01AHSRCLY,,,,,36.0
B01AJGU2AC,,,117.0,,117.0
B01AKNB2MQ,,,,,1.0
B01AKO7QXY,,,39.0,39.0,39.0
B01AKSP150,,,,,92.0
B01ANLJY2A,,,,,1781.0
B01ANLK6PE,,,,,1782.0
B01ANLK8SO,,,,,1781.0
B01ANLKFLE,,,,,1734.0
B01ANLKKNC,,,,,1781.0
B01ANLKLY0,,,,1755.0,1755.0
B01ANLKMUS,,,,,1665.0
B01ANLKQDQ,,,,,1665.0
B01ANLKSJ8,1781.0,,,,1781.0
B01ANLKVYU,,,,,1664.0
B01ANLKZCS,,,,,1665.0
B01ANLL18U,,,,,1733.0
B01ANLL19O,,1665.0,1665.0,1665.0,1665.0
B01ANLL62G,,,,,1665.0
B01ANLL8FG,,,,,1783.0
B01APDS75G,,,,360.0,360.0
B01APEI0TS,676.0,,,676.0,676.0
B01AR4HTNE,,6.0,,,
B01ARMV8YC,,,,,297.0
B01ASMENUM,,,,,9.0
B01AU7K9Y4,,,,110.0,110.0
B01AU9G9EG,,64.0,,,64.0
B01AU9OT7A,,15.0,,15.0,
B01AUQCQEG,,263.0,,,263.0
B01AUQCQEQ,,,263.0,263.0,263.0
B01AUQCQFA,,,,,263.0
B01AVCDM6A,55.0,55.0,55.0,,55.0
B01AVFTUO0,,,,,3.0
B01AXUWV26,4007.0,4007.0,4007.0,4007.0,4007.0
B01AXUWV6M,,,,4007.0,4007.0
B01B17YYXO,,,,24.0,
B01B17YZ74,,,,,13.0
B01B1GHSNI,,,,,2.0
B01B36BDL4,,,7.0,,
B01B5ZKY7M,,,148.0,148.0,148.0
B01BCQ2LZW,,,,,130.0
B01BDFD1UG,15.0,,,,15.0
B01BEXANSU,,,,,10.0
B01BGXAI1U,,,,,21.0
B01BHT4P9E,,,,,92.0
B01BK1WCTE,114.0,,,,114.0
B01BL3HBEM,,,,,102.0
B01BP7HALI,,1554.0,,,1554.0
B01BS59G0U,,,,,3.0
B01BTGX7D0,,,,,15.0
B01BWHH87C,,,,,263.0
B01C0SYMGW,,,,,52.0
B01C1FLSN4,,,,,713.0
B01C1FLSNE,,,,,713.0
B01C1FLSNO,,,,,713.0
B01C1FLSOI,,713.0,713.0,713.0,713.0
B01C2K8DUE,,,45.0,,
B01C2K9D0S,8.0,,,,
B01C2LUDNI,3.0,,,,
B01C31116K,,,,,26.0
B01C3111CE,,,,,26.0
B01C4ACFZQ,,,5.0,,
B01C8AWPDY,,,,,60.0
B01C8O9KWE,,8091.0,,8091.0,8091.0
B01CCGY8E8,2.0,,,,
B01CD6ZCC4,,,246.0,246.0,246.0
B01CEUO7JI,,17.0,,,
B01CIFQY7C,,,,,36.0
B01CNK6ALW,,,,50.0,50.0
B01CNK6C9C,39.0,,39.0,,39.0
B01CO72YIM,,,,,32.0
B01COPORBQ,,,,,21.0
B01CPTLK0W,,,,,134.0
B01CPTLK6Q,,,,,134.0
B01CPYCDJO,,,,,2.0
B01CQAFMTU,1567.0,,,1567.0,
B01CQAFN5I,1567.0,1567.0,1567.0,1567.0,1567.0
B01CQAFNWG,,,1567.0,1567.0,1567.0
B01CQAFO66,,,,1567.0,1567.0
B01CQAFP1U,1567.0,1567.0,,,1567.0
B01CQHK5PY,,,,,4.0
B01CQMFQXK,2623.0,2623.0,2623.0,2623.0,2623.0
B01CSASTGQ,,1567.0,,1567.0,
B01CSASXQW,,,1567.0,,
B01CSW8JKU,,,,,12.0
B01CURMQV6,,,,,18.0
B01CURMR3S,,,,,18.0
B01CURURGC,,,,5.0,
B01CX5RKYS,,,16.0,,
B01D47EB6O,,,81.0,81.0,81.0
B01D57354C,,,,,3.0
B01D5739KW,,,,,2.0
B01D5R5UEK,,,,,187.0
B01D6IDL2Q,,,,,348.0
B01D6IDL3A,348.0,348.0,348.0,,348.0
B01D6IDL44,,,,,348.0
B01D6ZS3G8,2443.0,2443.0,2443.0,2443.0,2443.0
B01D7K6ELI,,,,,19.0
B01D94NBXQ,,,,,21.0
B01DBIERWY,,,,,16.0
B01DBIES2I,,,,,16.0
B01DBRFYSG,39.0,39.0,39.0,39.0,39.0
B01DBRFYW2,50.0,,,,50.0
B01DCSNNIM,,,,105.0,105.0
B01DHFLJSQ,,,,,1.0
B01DHXD7PQ,,,,,4.0
B01DIII7MI,,,,947.0,947.0
B01DIJ4AC8,,,,947.0,947.0
B01DIJ75TS,,,947.0,947.0,947.0
B01DIJDGOQ,,,,,947.0
B01DIKNEKG,160.0,160.0,,160.0,160.0
B01DIV3C52,,,,,6.0
B01DJZM2IU,,29.0,,29.0,29.0
B01DKAV86Q,,,,,10.0
B01DKC09KU,,,,1867.0,1867.0
B01DKC0FZY,,,,,1867.0
B01DKC0T6Y,,,,,1867.0
B01DKC11K2,,,,1867.0,1867.0
B01DKV1SIS,,,,2.0,
B01DKV1T64,,,,,5.0
B01DKVT218,,,,1.0,
B01DNUZBD4,,,,,28.0
B01DOG6NI4,,,,,10.0
B01DT36F3K,,,,,170.0
B01DTEUARQ,,,,,18.0
B01DTNJK8C,,,,,5.0
B01DUJPOGM,,3730.0,3730.0,3730.0,3730.0
B01DUMRF3O,,,,,4.0
B01DW1TE8C,3730.0,,3730.0,3730.0,3730.0
B01DW1TEQ4,,3730.0,3730.0,3730.0,3730.0
B01DW270XW,,,,,1867.0
B01DXLT6KC,,,,3.0,
B01DZAAC04,,,,,161.0
B01DZPK42U,,,,37.0,
B01DZPK7PE,,,,60.0,
B01E3FXZR2,16.0,,,,
B01E3FY4EK,,,,,117.0
B01E3FYEHM,117.0,,,,
B01E3FYG20,,,17.0,,17.0
B01E3FYJKO,31.0,,31.0,,
B01E3FYMLA,,,,,19.0
B01E3FYOIG,,,,,21.0
B01E3FYP9Y,,12.0,,,
B01E525LMA,,31.0,31.0,31.0,31.0
B01E66TUVI,,,,,5.0
B01E6LAFP8,12.0,,,,
B01E6UIK38,,,,,113.0
B01E78HK2Q,,,,,223.0
B01E79AZ90,,,,,151.0
B01E79BQUC,,,,,282.0
B01E7CY4N0,1420.0,1420.0,,1420.0,1420.0
B01E7NLNYC,,,,,14.0
B01E8HY8EY,,,,,147.0
B01E8HYG1E,,,,,282.0
B01E9VK1K4,20.0,,20.0,20.0,20.0
B01E9VK1LS,3730.0,3730.0,3730.0,3730.0,3730.0
B01EACZHFG,9.0,,,,
B01EFO0W5Y,,,,3.0,
B01EGMDGN0,11027.0,11027.0,11027.0,11027.0,11027.0
B01EGMDI06,,,,11027.0,
B01EGMDOK0,,,,,11027.0
B01EKCMDPI,,,,274.0,
B01EMJLY9A,,,,4.0,
B01EODJFA4,,,6.0,,6.0
B01ER11EAM,,,,947.0,947.0
B01ERRG6RC,,,10.0,,
B01ERU9OQE,19.0,,,,19.0
B01ESFFBFG,5.0,,,,
B01ESIGS00,,,,,438.0
B01ESIGTZE,,,,,438.0
B01ET3IIVQ,,,,,6.0
B01ETPG85W,,,75.0,,
B01ETPGE38,,,,,75.0
B01EUFH1K2,34.0,,,,34.0
B01F22NS36,2488.0,,2488.0,2488.0,2488.0
B01F2GENEK,,3.0,,,
B01F3HR5XE,,,,,5.0
B01F3HR5Z2,,,,,3.0
B01F41M0TS,,,,,4.0
B01F42TKB8,,,,,4.0
B01F42TKD6,,,,,4.0
B01F5A50WC,,,,,15.0
B01F5NRH2K,,,,,25.0
B01F5NRH84,,,,,25.0
B01F8IJH3Y,,,,,676.0
B01F9MFG7K,,,,14.0,
B01FD8F3FU,,,,39.0,39.0
B01FEIBWP4,,352.0,,352.0,352.0
B01FEIUZZM,,,352.0,,
B01FK7TWSI,,,,7.0,
B01FLYJCVC,45.0,,45.0,45.0,45.0
B01FOPFHBW,7.0,,,,
B01FS11NRE,,,,,23.0
B01FSARNR4,15.0,,15.0,15.0,15.0
B01FSARPPO,,,,,15.0
B01FSARRDE,15.0,,,,15.0
B01FSARTC8,,,,,15.0
B01FSARWKC,,,,,15.0
B01FSARZE0,,,,,15.0
B01FSAS1KW,,,,,15.0
B01FSAS3C8,,,,15.0,
B01FSVSJTE,1.0,,,,
B01FU8J4X0,,,,,1.0
B01FUZC7A0,842.0,,,,842.0
B01FV7OW2S,,,,,11.0
B01FVPOWD4,5704.0,5704.0,5704.0,5704.0,5704.0
B01FWM0FXW,,,13.0,,13.0
B01G0D8Y1C,,,,,83.0
B01G1ZN3BU,,,,,5.0
B01G32JHVQ,,,,,374.0
B01G3GNOFM,,,2.0,,
B01G3GNPU6,,5.0,,,
B01G3YTY0I,,,,,2.0
B01G4V364A,,,,,364.0
B01G5VZ2JG,1.0,,,,
B01G5VZ43U,,,,,1.0
B01G5ZLE1M,,,,,48.0
B01G6451VG,,,,10.0,10.0
B01G6UXF3Q,,447.0,,447.0,447.0
B01G7OT0NK,,,,,34.0
B01G7P3MI8,,,,,1.0
B01G976DTY,,,,,1.0
B01G98VWHQ,,,,,1.0
B01GB6385U,,,,,1.0
B01GCGMSAU,17.0,,,,
B01GDNDWCU,,,,3.0,
B01GDWASEG,,,,5704.0,5704.0
B01GEEOQ6Y,327.0,,,,
B01GG2EWYU,,,,,22.0
B01GG5UGBA,3.0,,,,
B01GJ2SIK6,,,,8.0,
B01GL9X6E0,,,,,10.0
B01GLA11JQ,,,,,3.0
B01GLML51I,,,,,3.0
B01GMQ5Y88,,,8.0,,8.0
B01GOX2HHA,,,,,8.0
B01GQY1ZT8,50.0,,,,50.0
B01GRWIRMC,,,,,7.0
B01GS0LYKA,,,,,327.0
B01GUIW2MY,,2.0,,,
B01GULJ8L4,,4.0,,,
B01GVWQRWK,,,,,13.0
B01GYGPQIY,947.0,,,,947.0
B01GYGVWUA,,,,947.0,947.0
B01GYGZ2B0,,,,,947.0
B01GZFINSO,,,,,393.0
B01GZP4SRO,,,,,1665.0
B01GZP4SS8,,,,1664.0,1664.0
B01GZP4SSI,,,,,1734.0
B01GZP4STM,,,,,1665.0
B01GZP4TOQ,,,,,1665.0
B01GZP4TPK,,,,,1664.0
B01GZP4TPU,1665.0,1665.0,,,1665.0
B01GZP4UCC,,,,,1773.0
B01H38ORPK,,,,,7.0
B01H3BIVM2,84.0,84.0,,84.0,84.0
B01H5DU0S6,,,,,5.0
B01H5JV7J6,,,,,23.0
B01H6DH6T6,,,26.0,,26.0
B01H6WJQU4,,,,,2.0
B01H71ZP2W,,,1567.0,1567.0,1567.0
B01H88PQU0,,,,,30.0
B01H88PWQI,,,,,37.0
B01H88Q3Q6,,16.0,,,
B01H9I29JA,,,,,10.0
B01H9I29K4,,,,36.0,36.0
B01HAF35E0,,,3.0,,
B01HAZ9O2W,,,,,947.0
B01HCGOHXU,,947.0,,947.0,947.0
B01HCUOXTY,,,,6.0,6.0
B01HFFK2OG,,,4007.0,4007.0,4007.0
B01HG2UV2Q,10.0,,,,
B01HG3UUS0,,,63.0,63.0,63.0
B01HG712AQ,8.0,,,,8.0
B01HG712C4,,,,,8.0
B01HHX4KCQ,,,,,676.0
B01HI3M1QC,,,18.0,,18.0
B01HI3WV1W,,,,,24.0
B01HJ2FLSC,,,,78.0,78.0
B01HLHSU4W,,,,6.0,
B01HMP26J8,,1733.0,1733.0,,1733.0
B01HMP271U,1733.0,,1733.0,1733.0,1733.0
B01HMP27D8,,1733.0,1733.0,1733.0,1733.0
B01HMP2ALM,1733.0,,,1733.0,1733.0
B01HN47RHY,,,,31.0,31.0
B01HN47TM2,,,,,31.0
B01HP3KDK6,,3.0,,,
B01HQUOWO6,,,,7.0,
B01HSV6XRW,,,,,7.0
B01HTCCVHQ,,,,820.0,820.0
B01HTCCVIK,,820.0,,820.0,820.0
B01HTCCVKI,,,,,820.0
B01HTCCWYI,,,,,820.0
B01HTWTPS4,,,,,6.0
B01HVB8T44,102.0,,,,102.0
B01HXF17IS,27.0,,,27.0,27.0
B01HXF17PQ,,,,27.0,
B01HYPMCAY,,,,1.0,1.0
B01HZCJ0F6,,,,4.0,
B01I139DR8,,,,,90.0
B01I17G1K6,,,,,2.0
B01I1FXTM6,,,,1567.0,1567.0
B01I1FXVX8,1567.0,,1567.0,,1567.0
B01I3NXOCQ,,,,1365.0,1365.0
B01I6BLWGK,9.0,,,,
B01I7NHOYG,,,,14.0,14.0
B01I9K2974,35.0,35.0,,,35.0
B01IB43IUA,,,43.0,,43.0
B01IB43KPS,39.0,39.0,39.0,39.0,
B01IB46BQ8,,,,,4.0
B01IBD0SOK,18.0,,18.0,,18.0
B01IBRQL10,,,,,4.0
B01IFR2GH4,,,,1733.0,1733.0
B01IHBH70O,,163.0,163.0,163.0,163.0
B01IHBH96Q,,,,,128.0
B01IHBH9LG,,75.0,,75.0,75.0
B01IHBHBT6,,75.0,75.0,75.0,75.0
B01IHBHCOA,,127.0,,127.0,127.0
B01IHHVXYY,,,,,58.0
B01ILFY6GO,,,,,35.0
B01INM0E0C,2631.0,2631.0,2631.0,2631.0,2631.0
B01IQKWVFC,,,244.0,,244.0
B01IQV4EVU,,,,,9.0
B01IQV4P32,,,8.0,,
B01IQVVAGC,,,,,30.0
B01IR3L230,,,,,53.0
B01IR3L4OM,,,,,53.0
B01IR3LJGU,,,,,53.0
B01ISIE6OQ,,,,,31.0
B01ITPZJRG,,,,,8091.0
B01IUSD5IM,,,,11.0,11.0
B01IVKWSUK,,,8.0,,
B01IYDWKG6,,,,,108.0
B01J0B6ZXK,,,,26.0,26.0
B01J1WET68,,,,,8091.0
B01J1WEV9S,,,,,8091.0
B01J33FH02,1227.0,1227.0,1227.0,1227.0,1227.0
B01J34ADT6,96.0,,,96.0,96.0
B01J4HPARW,1.0,,,,
B01J7IAC44,28.0,,,,28.0
B01J7T23OA,,,,,5.0
B01J92JQPY,,,,,6.0
B01J94C1OA,1051.0,,1051.0,1051.0,1051.0
B01JCWUTZ2,12.0,,,,
B01JEB8DYK,,,,,12.0
B01JEB8EK8,21.0,,,21.0,
B01JEB8F5W,43.0,,,,
B01JIHS2VY,,,,,100.0
B01JLNNILE,172.0,,172.0,172.0,172.0
B01JLNNITQ,,,,172.0,172.0
B01JNRD6T2,,,,196.0,196.0
B01JNRD70A,,,,,195.0
B01JNRD72I,,,,,196.0
B01JRHD2LK,,,,,4.0
B01JRYH232,,,,,79.0
B01JZ2G5M0,2265.0,2265.0,2265.0,2265.0,2265.0
B01JZ6DGWI,,,,,18.0
B01K1LUBEM,,,,,10.0
B01K1V5TV2,,,1488.0,1488.0,1488.0
B01K1V5TVW,1488.0,1488.0,1488.0,1488.0,1488.0
B01K1V5U8Y,1488.0,,1488.0,,1488.0
B01K1V5UAM,,,,,1488.0
B01K1V5UCK,,,1488.0,1488.0,1488.0
B01K3BIRH8,103.0,,,,103.0
B01K9SBY66,55.0,,,55.0,55.0
B01KCBZVAU,,,,,20.0
B01KD0I7JM,,,85.0,,85.0
B01KD0I8NM,,,,,25.0
B01KGL9800,,,,,26.0
B01KH2444S,,805.0,,805.0,805.0
B01KHGHNTW,649.0,,,649.0,649.0
B01KIFREB4,,,,,25.0
B01KIL3K3E,,,,,20.0
B01KJ6ZFL8,,24.0,,,
B01KJ6ZH3Y,,,,,24.0
B01KJHXRB2,,947.0,,,947.0
B01KJI2NRA,,,947.0,947.0,947.0
B01KJI9R38,,,947.0,947.0,947.0
B01KJIDKBI,,,,,947.0
B01KJIDKZ4,,947.0,,947.0,947.0
B01KJK7NZK,189.0,189.0,189.0,189.0,189.0
B01KK9BFCM,,,,1867.0,1867.0
B01KKCDH34,,,,,1.0
B01KKYKF1O,,,,,661.0
B01KKZ840W,,,,,223.0
B01KKZK0GS,,,,,32.0
B01KKZK3E2,,,32.0,,
B01KMNQ8Q4,,,,,52.0
B01KN5A4I4,,,,,223.0
B01KN5Z984,,,,,117.0
B01KN5ZB5K,,,,117.0,117.0
B01KO1SF42,,,,16.0,
B01KTJ0N08,,,,,2.0
B01KW5VOFW,,39.0,39.0,,
B01KYRLMSW,,162.0,,,162.0
B01KZD9RIM,,,,,14.0
B01KZD9YMG,,,,,11.0
B01KZDA43E,,,,,10.0
B01KZGUQMU,7.0,,,,
B01KZJ2XBE,18.0,,,,
B01L0C2Z6S,,74.0,,74.0,74.0
B01L0Q8GUI,62.0,,,,
B01L0YGTNQ,,,,,15.0
B01L0ZPXU0,639.0,639.0,639.0,639.0,639.0
B01L2IXIBG,842.0,,842.0,,842.0
B01L2IXIFM,842.0,,,842.0,842.0
B01L2IXJ2E,842.0,842.0,,842.0,842.0
B01L2IXJUQ,,842.0,,842.0,842.0
B01L6LGLTK,,,2.0,,
B01L6S8YU2,,,8.0,,
B01L6XBPXK,729.0,,729.0,729.0,729.0
B01L6XBSAA,,729.0,,729.0,729.0
B01L6XBTXG,728.0,,728.0,728.0,728.0
B01L8FC1YS,,,,303.0,303.0
B01L969ESW,,,,101.0,101.0
B01L9VB610,1165.0,1165.0,1165.0,1165.0,1165.0
B01LC3VLWO,25.0,25.0,,,25.0
B01LE6EA6I,,,,45.0,45.0
B01LFPEVCG,,,502.0,502.0,502.0
B01LJCX6MQ,,,,,2.0
B01LLLI8IW,1944.0,1944.0,1944.0,1944.0,1944.0
B01LLQN4LS,,1733.0,,1733.0,1733.0
B01LM3PJV8,,,,,567.0
B01LM3PL52,,,567.0,,567.0
B01LMK79QY,,,,,102.0
B01LNBSJCU,,,,,27.0
B01LPIBPMW,32.0,,,,32.0
B01LQ51XGC,,10.0,,10.0,
B01LQCVDU6,,,,,19.0
B01LQE69S0,191.0,,,191.0,191.0
B01LQLPJGQ,,,,,26.0
B01LVWCC9Z,,,,,6.0
B01LW1O1PV,,,,,5.0
B01LW7NTJP,,,96.0,,96.0
B01LWRXBB2,,,,,49.0
B01LWS5M4V,,,,,1.0
B01LWTSPF6,,426.0,426.0,426.0,426.0
B01LWVKNVN,,,,,31.0
B01LX1FGYY,,,,,8.0
B01LX3JA6O,,,,,49.0
B01LX8SUIR,5.0,,,,5.0
B01LXDJGI0,,,,,19.0
B01LXIQLXA,55.0,,,55.0,55.0
B01LXP806V,,,,13.0,13.0
B01LXTHYYK,,,,,36.0
B01LXW2RMT,,,,,37.0
B01LXWYRNQ,223.0,,,,
B01LXY5Z6H,30.0,30.0,,,
B01LXYJTC7,59.0,,,,59.0
B01LXZTORM,,,8.0,8.0,
B01LY8KF2I,223.0,,223.0,223.0,223.0
B01LY8KHY4,,,,223.0,223.0
B01LYGZ2IY,,,,691.0,691.0
B01LYHAXDX,87.0,,,,
B01LYKCDBG,,,,,374.0
B01LYMRCG2,,20.0,20.0,20.0,
B01LYNPLUJ,,,848.0,848.0,848.0
B01LYQ726Z,,,,49.0,
B01LYUF4ZA,,,,,5.0
B01LZ1WSJ3,49.0,,,,
B01LZ3Z5FM,,,,42.0,
B01LZ5DDBY,,,205.0,205.0,
B01LZJFYEW,,374.0,,374.0,374.0
B01LZXKMIR,,,,,8.0
B01M036SI3,,,,3.0,
B01M06AFI9,,9.0,,9.0,
B01M06WHFX,,,,,374.0
B01M0EG9NH,426.0,,426.0,426.0,426.0
B01M0EGGK1,426.0,,426.0,426.0,426.0
B01M0EQ87Z,80.0,,80.0,80.0,80.0
B01M0H7U7X,,,,,1.0
B01M0MMAX8,,,,,19.0
B01M0OATD0,,,,,21.0
B01M0YBO4A,,,,,15.0
B01M117QTI,,,,421.0,421.0
B01M18E4SK,,,,,8.0
B01M1EKUMP,,,,,691.0
B01M1HRGKG,,,223.0,223.0,223.0
B01M1JU9G9,,,,8.0,8.0
B01M1S0KB0,,374.0,374.0,374.0,374.0
B01M1SK4I7,3.0,,,,
B01M27JSJU,,,,,37.0
B01M27JU55,,,142.0,,142.0
B01M2VBTFF,,,,676.0,676.0
B01M2VNZ51,,,,,9.0
B01M3306OY,,,,21.0,
B01M35LK5Z,,,2.0,,
B01M3TB9MR,71.0,,,71.0,71.0
B01M3XHI4T,,,6.0,,
B01M4IMXX0,3.0,,,,
B01M4KD75H,,,,,27.0
B01M4L2CVF,,,,,570.0
B01M4LQHLF,22.0,,,22.0,22.0
B01M4NIH3V,329.0,329.0,,329.0,329.0
B01M4OARXL,5.0,,,,
B01M5FJGIZ,676.0,676.0,676.0,676.0,676.0
B01M7N6371,,,,,92.0
B01M7SOCZZ,,,,,4.0
B01M7Y0HDY,7.0,,,,7.0
B01M8HNQHO,,95.0,,95.0,95.0
B01M8KGIM2,,,,,128.0
B01M9D4XG2,,,,128.0,
B01M9D5335,,,128.0,,
B01M9IX9SH,,15.0,,,
B01MA6UIIQ,27.0,,,27.0,
B01MAXO2CO,,,,,25.0
B01MCWN267,,,,125.0,
B01MDJYQE9,,,15.0,,15.0
B01MDQ3QCM,,,,,11.0
B01MEFIJEJ,,,,,9.0
B01MEI0MRK,,,,,125.0
B01MF4I4ZC,59.0,,59.0,59.0,59.0
B01MQFXBLJ,,,,,7.0
B01MQIZBWM,,,,1867.0,1867.0
B01MQJPBDR,,,,115.0,
B01MQRKXYS,,,,,9.0
B01MQY7YKI,,,,,3.0
B01MR4B6YG,,,,,6.0
B01MR7FPL6,,,,,29.0
B01MRHQTQG,,,4.0,,
B01MRP88YY,,6077.0,,,6077.0
B01MRUBVKQ,,,,,223.0
B01MRUBZH4,,661.0,,,
B01MRYUF0E,,,,,2114.0
B01MRYUJEN,,,2114.0,,2114.0
B01MS6C95X,,,,,76.0
B01MS8SGKB,,,,,6.0
B01MSAJKLZ,,,,,3.0
B01MSLF024,,,,,3.0
B01MSNIPRD,,,,67.0,
B01MSPELJX,,,,,30.0
B01MSXGE2K,247.0,,,,247.0
B01MT913RR,,,,,12.0
B01MTEUYH7,,,,,16.0
B01MTFM33I,,,,,27.0
B01MTJ6MFA,,,,,6.0
B01MTWFQBQ,,,,6.0,
B01MTZ0SZT,,,,,2.0
B01MU2IJ8D,,,,2114.0,2114.0
B01MU2Z1KS,,,,,74.0
B01MU2Z35A,,,,75.0,75.0
B01MU4ZE1O,247.0,,,247.0,247.0
B01MUGOOXD,,,,,22.0
B01MXF8KDE,,,,,38.0
B01MXRY13E,,,,11.0,11.0
B01MXVN8AD,,,,,66.0
B01MXY37DK,,,,,11.0
B01MXZOITS,,,,2114.0,2114.0
B01MY2EAX0,,438.0,,438.0,438.0
B01MY7636H,,45.0,,,45.0
B01MYFO1HK,,,20.0,,20.0
B01MYMMN69,439.0,,,,439.0
B01MYN9FJO,,,,2.0,2.0
B01MYRHEYT,,,,,14.0
B01MYTAV1W,,,,,26.0
B01MYWO1NH,,,,,151.0
B01MYZ8U7T,75.0,,,75.0,75.0
B01MYZMEJ1,,,158.0,158.0,158.0
B01MYZMFAZ,,,158.0,,158.0
B01MZ1NZGF,,,,,25.0
B01MZ2BCT0,,,453.0,,453.0
B01MZ4EZEN,,,,,13.0
B01MZ69CJF,,,,8.0,
B01MZ6FO2K,,,,27.0,
B01MZ8F2F8,,,,,2.0
B01MZX1RX5,58.0,58.0,,,58.0
B01N05W780,1.0,,,,
B01N0A1T3G,,,,,14.0
B01N0NPF0T,,,,,661.0
B01N0UPGYN,,,2114.0,,2114.0
B01N17FTHT,,,,51.0,51.0
B01N1T0S60,151.0,,151.0,151.0,151.0
B01N1U7SDO,,,25.0,,
B01N1UADLN,1567.0,,1567.0,,1567.0
B01N1UQGCL,,2.0,,,
B01N213XIY,,,,,3.0
B01N23YRMO,,1010.0,1010.0,1010.0,1010.0
B01N2K56OI,,,,,30.0
B01N2QSBRZ,,,,,223.0
B01N2RYCFQ,12.0,,,,
B01N2VD8ZJ,2114.0,2114.0,,2114.0,2114.0
B01N2VV8WZ,,,,,1567.0
B01N2VVBIE,,,,,1567.0
B01N36NTFH,,46.0,46.0,46.0,46.0
B01N3JQJU4,,,,,3.0
B01N3OJDFQ,,,,438.0,
B01N43IYG7,,,,,78.0
B01N44DYDG,,,,,54.0
B01N49DAHW,,,,,9.0
B01N4E226V,,,,,4.0
B01N4FF9S3,,,,,2114.0
B01N4HV9CV,,2114.0,,,2114.0
B01N4MQX8P,47.0,,,,47.0
B01N4MR9CG,47.0,,47.0,,
B01N4N0KMF,726.0,,,,
B01N4UCZT5,,,,143.0,143.0
B01N4X16I6,,,24.0,,
B01N53B0VX,,,86.0,86.0,86.0
B01N5AW6HC,,,,70.0,70.0
B01N5D1ZT9,,,,,68.0
B01N5FHUOT,,,,,4.0
B01N5FZB1J,,44.0,44.0,44.0,44.0
B01N5HQGO0,,74.0,74.0,74.0,74.0
B01N5JLXYW,,,,,5.0
B01N5QDN17,,,,,2.0
B01N5WG0HU,12.0,,,,
B01N631AAY,,,,,1.0
B01N6ITJZT,,,,1567.0,
B01N6ITL4Q,,,1567.0,,
B01N6NIAZ1,212.0,,212.0,212.0,212.0
B01N6NPGD6,,,,34.0,34.0
B01N6URA53,,,,,1.0
B01N7H5AJW,,,2114.0,,2114.0
B01N7J8JAQ,,,,,7.0
B01N7JMQOT,,,2114.0,2114.0,2114.0
B01N7OK1HA,,,,,22.0
B01N7P28WS,142.0,,,142.0,142.0
B01N7QXX17,,,,,3.0
B01N7T40BK,,,,193.0,193.0
B01N9EFNUI,,,,1.0,
B01N9EHEQU,,,,,99.0
B01N9F6R03,,,,17.0,17.0
B01N9MW3GP,,,,,4.0
B01N9O9UZF,,,,26.0,
B01N9OA5ES,,,,,11.0
B01N9SQO6G,,,,28.0,28.0
B01NAKM5US,,,2114.0,,2114.0
B01NAKM6GC,,2114.0,2114.0,,2114.0
B01NAKMCSN,,,,,2114.0
B01NALQ4EM,,,,,8.0
B01NAPTWKD,,,3.0,3.0,
B01NAS4KXK,46.0,,,,46.0
B01NAUNZSB,,,,,29.0
B01NB0F183,,,,,11.0
B01NBI1W99,,,,,66.0
B01NBLYAM3,,,2114.0,,2114.0
B01NBN6E1X,,,14.0,,14.0
B01NBOAQ6Y,,,,,2114.0
B01NBRA3PX,,41.0,,,41.0
B01NBUO1HQ,,,,,8.0
B01NC1WDHM,,,,,15.0
B01NCIDO3K,,147.0,,,147.0
B01NCJMHKR,,41.0,,,41.0
B01NCNK18R,,,,2114.0,2114.0
B01NCNY5L8,,,,2114.0,2114.0
B01NCOH99W,,75.0,,,75.0
B01NCSQW53,,,,,9.0
B01NCV3YX6,,,,,100.0
B01NCWQFMK,,,,,1.0
B01NCZ8ASZ,,,71.0,,71.0
B01NCZAK4F,,,,,1.0
B01NH54SZX,257.0,257.0,257.0,,257.0
B06VT5NDD3,15338.0,15338.0,15338.0,15338.0,15338.0
B06VTR58MT,32.0,,,,
B06VV65RYB,,,,,637.0
B06VV65VS4,,,,,223.0
B06VV68N14,,,,,119.0
B06VW8LHLZ,,,,51.0,
B06VW9HLSY,,,,,61.0
B06VWC3WK7,,,,,19.0
B06VWCW7LC,173.0,,,,173.0
B06VWCYD1R,,,,1420.0,1420.0
B06W2K8YYM,,,,,49.0
B06W2K9KF6,,,,,223.0
B06W2KBGTH,,,,,1363.0
B06W55C5RR,,,,,82.0
B06W55CJRR,,,,,117.0
B06W5K71P7,,,,,4.0
B06W5MRRCN,,,,22.0,22.0
B06W9FJ554,15338.0,15338.0,15338.0,15338.0,15338.0
B06WGKN6X2,,,,,45.0
B06WGYN4C6,,,70.0,,70.0
B06WLL36FX,,,,,1363.0
B06WP1LR9V,,45.0,,,
B06WP2G5T2,15338.0,,15338.0,15338.0,15338.0
B06WRSJX33,374.0,,,,374.0
B06WRT6R6M,1980.0,1980.0,1980.0,1980.0,1980.0
B06WRVHW3P,2623.0,2623.0,2623.0,2623.0,2623.0
B06WVJGT32,14.0,,,,
B06WWCLLSD,,,,,6.0
B06WWL5LDX,,,11.0,11.0,11.0
B06X14Q6ZP,,,,,45.0
B06X18YCPW,,,,,635.0
B06X3QF9YW,1347.0,1347.0,1347.0,1347.0,1347.0
B06X3VMJPF,,,,,147.0
B06X421JJZ,,,,9.0,9.0
B06X6LPF92,,,49.0,49.0,49.0
B06X936S4F,,,,,374.0
B06X939GTL,,1420.0,,,1420.0
B06X96XQ7H,,,,,22.0
B06X9FRPH3,,,,,272.0
B06X9HZQJG,272.0,,,,272.0
B06X9M6852,,,,272.0,272.0
B06X9MR3ZZ,89.0,,,,89.0
B06X9N3VPK,,,272.0,,272.0
B06X9S7WHV,,,,,125.0
B06X9TK8X5,,,,,237.0
B06XB8V8MF,207.0,207.0,207.0,207.0,207.0
B06XCSL9FH,,4.0,,,
B06XCYX9KL,,,,,44.0
B06XD7T64J,6752.0,6752.0,6752.0,6752.0,6752.0
B06XDQ46WN,,,,179.0,179.0
B06XDSQR3T,,,,,2.0
B06XFC4T38,,1420.0,1420.0,1420.0,1420.0
B06XFDJTSP,,,,,5.0
B06XFDW4YT,,,,,1420.0
B06XFHXV3F,,,,,168.0
B06XFJHWNT,,,,8.0,
B06XFQ9477,15338.0,15338.0,15338.0,15338.0,15338.0
B06XG38WGQ,,,2.0,,
B06XG852VM,,,,,21.0
B06XGN9KKZ,,,,,21.0
B06XGNXPPV,,,,,21.0
B06XGPB57R,,,,,2.0
B06XGQHKM7,,,,,21.0
B06XGTH8HT,,,,,161.0
B06XH83TGX,,,,,602.0
B06XHKNMK1,,,,,602.0
B06XK7VWQ7,,,,,267.0
B06XKGF36R,,,27.0,27.0,
B06XKLRLS3,,,,,7.0
B06XKNRPHR,,,,,3.0
B06XKNZS3D,86.0,,,86.0,
B06XKP3BHS,,,,117.0,117.0
B06XKPX897,,,,,1420.0
B06XKQ9L97,,,,,334.0
B06XKRX615,,,,,276.0
B06XKWYB54,,,,,1420.0
B06XNKLFPN,,,,,276.0
B06XNMDGGY,1420.0,,,,
B06XNN8GLG,,,,,374.0
B06XNSL5MF,,,,374.0,374.0
B06XNSMCBB,,,,6.0,
B06XNV9PRV,,,,374.0,374.0
B06XQ35CY9,,585.0,585.0,585.0,585.0
B06XQ4156B,,,,,8.0
B06XRPMSY9,,,,,10.0
B06XRQ5HHK,,,,32.0,
B06XRY7G33,112.0,,,,
B06XS68RDX,,,11.0,11.0,
B06XSB13F8,49.0,49.0,,49.0,
B06XSW2K87,,,,178.0,178.0
B06XW36W3J,,,1227.0,1227.0,1227.0
B06XW3LHZY,,,,,1663.0
B06XW3Q63P,741.0,741.0,741.0,741.0,741.0
B06XW7HFTW,327.0,,,,
B06XWHHQY4,,,,,1.0
B06XWJ2HHY,,,9.0,9.0,
B06XXFCN3T,,,,11.0,
B06XXZNMV1,,502.0,,502.0,502.0
B06XY3SJMH,,,,,21.0
B06XYF63XR,,,,,26.0
B06XYFDL9S,,,,42.0,42.0
B06XYLR3VK,,,21.0,,21.0
B06Y1QT9BQ,,,,,21.0
B06Y1SFXMV,,,,,426.0
B06Y24CY8Z,,,142.0,,142.0
B06Y28S4WJ,,,,3.0,
B06Y293D5H,,,,,7.0
B06Y29LZPX,,,,,47.0
B06Y2B9LN7,,,,,47.0
B06Y34XR91,1186.0,1186.0,,1186.0,1186.0
B06Y39J9Z3,,,,1186.0,1186.0
B06Y41DB8T,,,,1919.0,1919.0
B06Y464H5M,,,,48.0,48.0
B06Y469ZP5,,,,,66.0
B06Y5HSQ7T,,,,,15.0
B06Y612PDW,,,,,1567.0
B06Y65ZGH5,,,,,345.0
B06Y67S363,,,,602.0,602.0
B06Y6CQT4G,,,,,33.0
B06ZXV433R,95.0,,95.0,95.0,95.0
B06ZXXLCT2,,,,,128.0
B06ZY6KQP1,78.0,,,,78.0
B06ZY6QYYC,,,,,84.0
B06ZY7XTXP,3.0,,,,
B06ZYTPCF1,6.0,,,,
B06ZZ2C6Y4,41.0,,,41.0,41.0
B06ZZ4MLGH,1.0,,,,
B06ZZQWKKN,,,,,602.0
B06ZZX9GJ6,508.0,,508.0,508.0,508.0
B07111K2JT,,,,,6.0
B0711DCZ19,,,31.0,,31.0
B0711DD4QQ,,,,,3.0
B0711HMBDR,,,,15.0,15.0
B0711X1LTF,,,,,1.0
B0713MD6Q3,,,,486.0,
B0713YZMDK,,,,,6.0
B0713ZPTH5,,,,40.0,40.0
B0714CH98V,,,,,3.0
B0714HZKN7,,,,,3.0
B0714QYMJG,,,,,111.0
B0714R1BBF,,,,,204.0
B0716NZJ2J,244.0,244.0,244.0,,
B0716RGGLQ,,,,,27.0
B0716XXNND,8.0,,,,8.0
B071782KCL,,,83.0,,
B0718SRQVB,,,,,390.0
B07194N7MR,368.0,368.0,368.0,368.0,368.0
B07195CKFY,,30.0,,,30.0
B07199G5H3,,,,,35.0
B0719DCKYC,,193.0,193.0,193.0,193.0
B0719M5CH6,,635.0,635.0,635.0,635.0
B0719TMHYT,,,,,83.0
B071CDB64W,,,,,1186.0
B071CP4N2B,,,,1186.0,1186.0
B071CT77X5,,91.0,91.0,91.0,91.0
B071CX5TG3,,,,,148.0
B071D55BMF,,,128.0,,
B071DB8Z94,,,,112.0,112.0
B071DGGFQ8,,,,,80.0
B071DSPR8D,4.0,,,,4.0
B071DVV5M8,,,,,56.0
B071DWJTSN,,8.0,,,8.0
B071F4N4RD,2062.0,2062.0,2062.0,2062.0,2062.0
B071F8M74H,,,,,8.0
B071FF9N61,,,,,49.0
B071FT4T2F,,,34.0,34.0,34.0
B071G7BDZS,,8.0,,,8.0
B071G8JHMC,,,,,2.0
B071GBFPWK,15338.0,15338.0,15338.0,15338.0,15338.0
B071GMRXMG,,,201.0,,
B071GVG1V6,481.0,,,,481.0
B071GZNNBZ,,,,,233.0
B071HRH4YD,,,,,10.0
B071HY286K,,,635.0,635.0,635.0
B071J87XPZ,,,,,25.0
B071JQ4SSC,,,,,5.0
B071JTMXNT,,,,,4.0
B071K9SKH5,,,,,263.0
B071KC33V2,,1165.0,1165.0,1165.0,1165.0
B071KLNPH5,,,233.0,,
B071KLPJN9,,233.0,,233.0,233.0
B071KRVR58,,,,,502.0
B071L933YC,185.0,,,185.0,185.0
B071LG2R2C,,,,,8.0
B071LGYHX2,,,,,55.0
B071NDJJRQ,,,2.0,,
B071NDJMV7,,,,,7.0
B071NN1NG7,,,,13.0,
B071NNRYV3,,,9.0,,
B071P1NGX9,9.0,9.0,,,
B071P2B1DY,585.0,,,585.0,585.0
B071P4DGS2,,635.0,635.0,635.0,635.0
B071R4L74Z,,,,,223.0
B071RCDWTM,79.0,,,,79.0
B071RDDRL1,,,,,84.0
B071RSVVWS,,,,,147.0
B071RTP4FN,,,,,9.0
B071S2WDCH,,,,,193.0
B071SLYYBN,,,,29.0,29.0
B071V74NFR,,327.0,,,327.0
B071VBG7NQ,4007.0,4007.0,4007.0,4007.0,4007.0
B071VFW4VX,,,,,3.0
B071VLWX6P,,,,,4.0
B071VSBB1X,,,,,23.0
B071VZSGM8,,,,,10.0
B071W6KR21,,,4.0,,
B071W6L4B9,,,,,342.0
B071WCG85P,,,,,34.0
B071WNFSJY,,,,,30.0
B071X8GMHG,,,,173.0,173.0
B071X92VLN,,,,,3.0
B071XTRRDW,,,,,56.0
B071XXR1X5,,,13.0,,
B071YDGV78,,,,,79.0
B071YRTZKJ,,,,,4007.0
B071YVSQ7X,,,,,15.0
B071Z2PRRM,,,,,1255.0
B071ZFHKDL,,,,,8.0
B071ZH81D2,,,,,102.0
B072149SXF,,,,,12.0
B0721LY931,,201.0,201.0,,201.0
B0721M11R3,,,,,29.0
B0721XSF1Y,,,,1347.0,1347.0
B0721YTFRX,,,,233.0,233.0
B07221LDYG,,,,,27.0
B072223CGC,12.0,12.0,,,
B07228B23L,128.0,,,,
B0722N6YZL,,4.0,,,
B0722R6C4B,,,,,16.0
B0722R6CZG,,,,,9.0
B0722SZP48,,,,3.0,3.0
B0722ZGMT7,,,,,1.0
B07237R8FF,,,,343.0,343.0
B07238ZNN1,,,,,751.0
B07239TMTQ,,,,,30.0
B0723F69F7,,,,83.0,
B0723GK8FR,,,,201.0,201.0
B0723HSMZH,,,,,25.0
B07253F42M,973.0,973.0,973.0,973.0,973.0
B07258TW1Z,688.0,,688.0,,688.0
B072592KBW,,,,,21.0
B0725BWJGY,,,13.0,,13.0
B0725WN3WW,,,,30.0,
B0726122BH,,,83.0,,
B0726126WY,,,,,83.0
B07263QVT9,,,287.0,287.0,287.0
B0727L1FZ7,390.0,390.0,,,390.0
B0727QT924,317.0,317.0,317.0,317.0,317.0
B0727WZS2J,,,,,1.0
B0727Z8PP6,,45.0,,45.0,
B0728G8M39,41.0,,,,
B072F41JNS,12.0,,,,
B072F71C77,,,,,98.0
B072FQKQT5,,,,,7.0
B072FSF34Y,3093.0,3093.0,3093.0,3093.0,3093.0
B072FSFHTF,,,83.0,,
B072J46DCC,,,,,24.0
B072J7MKGB,,,,,5.0
B072JD1R3S,,83.0,,,
B072JGN5XD,,,,,25.0
B072JQNCS2,,,,,259.0
B072K2DSBT,,,,16.0,16.0
B072K4YXF9,,,,83.0,83.0
B072K5C9RH,83.0,,,,
B072KJWSSD,,,,,173.0
B072KNMMB3,,10.0,,10.0,10.0
B072KR8KX3,,,,,91.0
B072KT52DC,,,,,233.0
B072KT58GJ,,,,,233.0
B072L2DVF9,,,,,11.0
B072L3ZQ6W,1567.0,1567.0,1567.0,,1567.0
B072LPZBBL,,,,60.0,60.0
B072LX2F4M,1944.0,1944.0,,1944.0,1944.0
B072M2CQZM,,,,,25.0
B072M2FWJH,,,,,25.0
B072M31GMB,,,,,35.0
B072M47FTF,,,,,8.0
B072MJKC89,,,,,9.0
B072MM6BBF,,,,,27.0
B072MZCBNJ,,,,228.0,228.0
B072ND5VKX,,233.0,233.0,,233.0
B072NDKRKX,,,,233.0,233.0
B072PTWF5N,,,,,83.0
B072PWCK1H,83.0,,,83.0,
B072QLMH9D,,,,,14.0
B072QYNCYF,201.0,,201.0,201.0,
B072R48T8V,,,,,1.0
B072RCGR51,,1347.0,1347.0,1347.0,1347.0
B072SY7HVW,,,28.0,28.0,28.0
B072T9MLM5,,481.0,481.0,481.0,481.0
B072XPQRXT,,,,,1563.0
B072XQW11F,,,1563.0,,
B072XRXPZG,,,,1563.0,1563.0
B072XTH2W8,,,,1563.0,1563.0
B072YTVPXX,,,,,6.0
B072ZZHWN2,,,,,7.0
B073151L3G,,,,,3.0
B0732PBP1S,,,,,454.0
B07354MV2V,,,,,2.0
B0735FWBDC,,,,,3.0
B0736QZ7K8,,,,58.0,58.0
B0737HMCFZ,,,,19.0,
B0737JKTDR,,,,,19.0
B0737YC9MZ,,,,82.0,82.0
B0737YQFLZ,,,,,68.0
B073B162BV,1107.0,1107.0,,1107.0,1107.0
B073CJWQCN,,,,652.0,652.0
B073CMDLH4,15338.0,15338.0,15338.0,15338.0,15338.0
B073DBTGVV,,2257.0,2257.0,2257.0,2257.0
B073DPPH84,8.0,,,,
B073DSY9XJ,,,,,13.0
B073F3P8C3,,,,,5.0
B073F7X2TZ,,,,2.0,
B073J2HQVJ,,,,,10.0
B073MJDTCH,,,,145.0,
B073MYGWQF,,,,,178.0
B073P1BSJD,,235.0,,235.0,235.0
B073P56HZM,,,,,31.0
B073P79Y7S,,,,,40.0
B073P945FG,,,,,726.0
B073P9HQX7,,,178.0,,
B073PBHNL7,,,,3.0,
B073PV5SQB,22.0,,,,
B073PVJPBV,1896.0,,1896.0,1896.0,1896.0
B073PYQ6X3,,54.0,,,
B073PYVS3X,,,,,3.0
B073PZG9SB,,,,,4.0
B073Q31JRB,,,833.0,,833.0
B073QK5SQC,,,,,14.0
B073QMSSN3,,,,,9.0
B073QMYLY8,,,,10.0,10.0
B073QWCGRQ,,,,,178.0
B073QWZ57M,,,,,178.0
B073RD1QJS,,15338.0,15338.0,15338.0,15338.0
B073RDHCD7,1564.0,,,,1564.0
B073RDNTNK,1564.0,1564.0,,,1564.0
B073RDXPH1,,252.0,,,252.0
B073RDZQPH,1564.0,1564.0,1564.0,1564.0,1564.0
B073RF25GJ,,,,,1564.0
B073RFQWRY,1564.0,1564.0,1564.0,1564.0,1564.0
B073RYH93M,,,,178.0,
B073TXG45M,,53.0,,,
B073TY2959,426.0,426.0,426.0,426.0,426.0
B073WSX4W9,,,,,1.0
B073X7QPKD,,,,,48.0
B073XCJJMS,,,,,193.0
B073XDCJYM,20.0,,,,
B073XQGG6W,,,,48.0,48.0
B073Y544LL,1700.0,1700.0,,1700.0,1700.0
B073Y6TXLX,,1700.0,1700.0,1700.0,1700.0
B073Y71R3R,,,,8.0,
B073YBF5J6,,5.0,,,
B073YNBMXT,20.0,,,,
B073ZC7T8V,,,,3.0,
B07412FSJY,,14.0,14.0,14.0,14.0
B0742642PW,,252.0,,252.0,
B07426L1QG,,,,2.0,
B0742CLGHK,,,,46.0,46.0
B0742DTKKF,,,,,66.0
B07434TH7T,1636.0,1636.0,1636.0,1636.0,1636.0
B0743546L7,,,,17.0,
B07439TWYG,,,,,4.0
B0743CBVGP,253.0,,253.0,,253.0
B0743VGC8N,,,,14.0,
B0743W5VTW,,,,,14.0
B0744BKZJM,19.0,,,,
B0744QQCXN,,,,,9.0
B0744QYT7S,,,,,9.0
B0745ZMLKK,,,,,133.0
B0745ZPYPT,,,,133.0,
B074634981,,,,,3.0
B07475Y9QR,,,,,29.0
B0747N9T1P,44.0,44.0,,44.0,44.0
B0747ZGH3D,,,,,28.0
B0747ZMBYR,,,,,195.0
B074819J82,,,,,21.0
B0748BD6VK,,,,,18.0
B0748D6FM7,,,109.0,,
B0748KLCYD,,,,,1036.0
B074BR9NDF,,,,,66.0
B074C6GVJD,27.0,,,,27.0
B074CH1453,,220.0,,,220.0
B074CHGVQX,,,,,9.0
B074F4ZZBH,,,81.0,81.0,81.0
B074FC5NCW,81.0,,,,
B074FYNDXT,,,,,6.0
B074FZ6TGP,,,,,21.0
B074GZ78XG,,,,,5.0
B074HCB158,,,,,27.0
B074HTG15B,,,,,48.0
B074JMB5JX,,48.0,,,48.0
B074KDR3M3,654.0,654.0,654.0,,654.0
B074KLBNZH,1806.0,1806.0,1806.0,1806.0,1806.0
B074KW3XBT,4.0,,,,
B074M6WHV8,,,,,430.0
B074M7NMKX,,,,,11.0
B074MQL9MB,,,4.0,,
B074MTM8WM,,,602.0,,602.0
B074MTMPRK,,,,,602.0
B074MXWW7Q,,,,,19.0
B074MYCHWP,,602.0,,602.0,602.0
B074N3SPPR,,548.0,548.0,,548.0
B074N7H729,,,,602.0,
B074NRJSWW,,,,,361.0
B074P1YMMM,,,,,2.0
B074P6QGBP,,,15.0,,
B074P9BDBR,,,,,7.0
B074P9J17V,5.0,,,,
B074PV553Z,,,228.0,,228.0
B074QQYHLV,,,,,213.0
B074QR5T44,,,,,168.0
B074QRNJPG,,,,,1.0
B074S8KDZP,,,,,98.0
B074S8YJ45,,,,,98.0
B074T9C129,,,,,11.0
B074TP1YC2,,8.0,,,
B074V47Q3M,,,,,1.0
B074V73BBR,206.0,206.0,206.0,206.0,206.0
B074V758PN,,,1.0,,
B074V761LG,,206.0,206.0,,206.0
B074V7RPJ6,,,206.0,206.0,206.0
B074V7VQ3X,,206.0,206.0,,206.0
B074V7WYW9,,281.0,,281.0,281.0
B074V8JKPZ,,39.0,,39.0,39.0
B074V8PYY9,,206.0,,206.0,206.0
B074VZG8H6,,,,,17.0
B074VZHH74,,50.0,,,
B074W2HV1V,,,582.0,582.0,582.0
B074W2YFT8,,141.0,141.0,141.0,141.0
B074WG3KTK,,,,52.0,
B074WNHQ45,,,,3730.0,3730.0
B074WNM438,,,,3730.0,3730.0
B074WPDLV7,,,4.0,,
B074WPFMVV,,,,,3730.0
B074WQ4VWM,,3730.0,,3730.0,3730.0
B07511VK7Q,,,,1573.0,1573.0
B07516NR9S,,1573.0,,1573.0,1573.0
B0751GGNQ3,,,,,4.0
B0751H4LZK,,,,,2.0
B0751HDGZQ,,,,,1.0
B0751LB4D6,,,,,2.0
B075232F6B,,4.0,,,
B0752BPQ8K,,,1567.0,,
B0752R7JSC,,,,,64.0
B0752RSYGD,,,1363.0,,1363.0
B0752VLHTP,,,,,64.0
B0752YYQQS,,,,,1286.0
B0753BHQ14,,,640.0,,640.0
B0753DCDZV,,,,,87.0
B0753F7QW3,315.0,315.0,,315.0,315.0
B0753KFGP4,,,,,432.0
B0753LWFBC,,,,5.0,5.0
B0753PSKPS,,52.0,,,
B0753ZPDFC,,15338.0,15338.0,15338.0,15338.0
B07549QG32,,,,189.0,
B0754DGJDM,,,,,331.0
B0754DHQX8,,,,,331.0
B0754KZYH3,,,,331.0,
B0754L5BB5,,,,,2307.0
B0754MFRZS,,,,,402.0
B0754N1MTC,,,,,636.0
B0754P53CP,,,,,501.0
B0754PH4VV,,,,99.0,
B0756K34RC,,16.0,,,
B0756SH1JR,7.0,,,,
B0756T9B3M,,,7.0,,
B0756TLJZB,,,,,34.0
B0756X1B85,,,114.0,,
B0756X5FHH,,,114.0,,114.0
B0756XD5P2,,,,,114.0
B0756XYTD2,298.0,,298.0,,298.0
B07573HXDX,,,374.0,,374.0
B07573X6FL,,,,374.0,
B07575PD2R,811.0,811.0,,811.0,811.0
B07575QCWH,,,2631.0,2631.0,2631.0
B07577TZJL,,,,,501.0
B07577VW7Z,,,,,636.0
B07577WCLY,,1363.0,,,
B0757CFZVZ,,,,,231.0
B0757CY9P8,,,,1286.0,1286.0
B0757FV9QJ,,19.0,,19.0,19.0
B0757TT6SP,275.0,275.0,275.0,275.0,275.0
B0758BSJFP,318.0,,,318.0,318.0
B0758G91PF,,,,,11.0
B0759ZTXTH,,,,,2.0
B075B11BTT,158.0,,,,158.0
B075BWP36C,,,,3.0,
B075CFPQ7B,,,,,7.0
B075CHQXBM,,,21.0,,21.0
B075CKVLTT,,,,,677.0
B075CL2VTM,,,,1567.0,1567.0
B075CNQ1SV,,,,,2588.0
B075CS1MXC,,,,,2516.0
B075CSJL9V,,,7.0,,7.0
B075CSLXPR,,2516.0,,,
B075CXCQWY,,,509.0,509.0,509.0
B075CXTVBQ,,,,,13.0
B075CZ245W,,,14.0,,
B075F1N1K2,33.0,,,,
B075F53SCZ,,,,,23.0
B075F59CGT,31.0,31.0,,31.0,31.0
B075F59CGW,,34.0,,,
B075F5KN8V,,18.0,,18.0,18.0
B075F6H6N6,,,,18.0,
B075F6P7XN,,,,26.0,26.0
B075F76BNF,,,,,22.0
B075F7W2YF,,,24.0,,24.0
B075F9T4DV,,,,39.0,39.0
B075FKHYKJ,,,,,2307.0
B075FKKVKP,,,,,1286.0
B075FKR624,,,,,1363.0
B075FM4RM2,,,,,402.0
B075FMLV7X,,,,,8.0
B075FQ9P99,254.0,,,,254.0
B075FRCMW7,,,,,501.0
B075GSSV6C,40.0,,,,40.0
B075HCNJJR,,,27.0,,
B075J25CV4,,,,,79.0
B075J7FHTG,,,,,4.0
B075J85FHF,,,,,1.0
B075JGSZ68,10.0,,,,
B075LJPF48,,,,,34.0
B075MJRSTF,,,,,69.0
B075MW6X3F,,,,,86.0
B075P2XN33,,,13.0,13.0,
B075PCSYM5,,,,,11.0
B075QZ6YLB,,95.0,95.0,95.0,95.0
B075RWG4N3,,,,,387.0
B075TJ2YGK,,,,,77.0
B075TL4BZ5,5624.0,5624.0,5624.0,5624.0,5624.0
B075TMYTPN,5624.0,5624.0,5624.0,5624.0,5624.0
B075TNDQ9S,5624.0,5624.0,5624.0,5624.0,5624.0
B075TNGHWP,5624.0,,5624.0,5624.0,5624.0
B075TNKVRG,5624.0,,5624.0,,5624.0
B075TNKVRQ,5624.0,5624.0,5624.0,5624.0,5624.0
B075TNKVRX,5624.0,,,,5624.0
B075TNS1RS,5624.0,5624.0,5624.0,5624.0,5624.0
B075TNZ9V9,5624.0,5624.0,5624.0,5624.0,5624.0
B075TNZ9VD,5624.0,,5624.0,5624.0,5624.0
B075TPMNL1,5624.0,5624.0,5624.0,5624.0,5624.0
B075TPMNLF,5624.0,5624.0,5624.0,5624.0,5624.0
B075TRYCG9,,,5.0,,
B075TZBXYC,465.0,,465.0,,465.0
B075VBKGTQ,90.0,,90.0,90.0,90.0
B075WLSXTG,,,,,449.0
B075WR7N7L,,,17.0,,
B075WS7WG6,,,,,111.0
B075Y52ZNZ,,,,,41.0
B075YRRSK9,,,,,59.0
B075Z7FHZR,1181.0,,1181.0,1181.0,1181.0
B075Z7T331,,,,,3.0
B075ZPSS43,,,,,254.0
B075ZWHW1T,,,,,55.0
B075ZWZMTV,5624.0,5624.0,5624.0,5624.0,5624.0
B075ZXWCPX,,,,,1783.0
B075ZYZHGR,,,,,1665.0
B075ZZ7HPC,,,,,1665.0
B075ZZCC8J,,,,,1779.0
B07614BH2Q,,,,755.0,755.0
B0762KMKR9,,,,,2.0
B076418HLS,68.0,68.0,,68.0,68.0
B0764CBSWR,,,,,3.0
B076871RDQ,,,,45.0,45.0
B0768N81CM,,,,,33.0
B0768TSBVT,12.0,12.0,,12.0,12.0
B07696N338,,6.0,,,
B0769912BR,1342.0,1342.0,1342.0,1342.0,1342.0
B0769DZ52J,,,,,18.0
B076B429YG,,,30.0,,
B076B8DGLF,,,,,30.0
B076BBRJ1Z,689.0,,689.0,689.0,689.0
B076BNKBGX,9.0,,9.0,,
B076BQZM7Q,,,9.0,,9.0
B076BR9JNN,,,,,12.0
B076CRBX27,,,,,19.0
B076CVM4RP,,,,,1.0
B076DD3L7R,,,1265.0,1265.0,1265.0
B076DGZ9NP,122.0,,,,122.0
B076DHDG62,,,,,200.0
B076F8B59L,,,,,152.0
B076FCZHZN,,9.0,,,9.0
B076FG2S64,,,,,16.0
B076FGZ8HX,,,,26.0,26.0
B076FHLGVY,,93.0,,,
B076FTF7RJ,,,,,276.0
B076G1JGCL,,24.0,24.0,,
B076GQ59B1,,,,,84.0
B076GYT257,,,250.0,,250.0
B076HPG5P7,,,,,1867.0
B076HT1533,,,,,15.0
B076J35XXP,,,,,69.0
B076KBS2KT,,,,,219.0
B076KC72ZK,,,,,6.0
B076KLZDQY,17.0,,,,17.0
B076KLZDS2,,17.0,,,17.0
B076KNBHP1,202.0,,,202.0,202.0
B076KQ3HLD,202.0,,,,202.0
B076KQNDHL,,,,,228.0
B076KQRW7W,,,,,69.0
B076KR7R5T,161.0,,161.0,,161.0
B076KSKPHB,165.0,,165.0,,165.0
B076KVCPFR,,,,,88.0
B076LFD78T,17.0,17.0,,17.0,17.0
B076LZT44Z,,,,21.0,21.0
B076PZMPDM,169.0,,169.0,,169.0
B076PZYJ6K,103.0,,103.0,103.0,103.0
B076Q123XG,222.0,222.0,222.0,,222.0
B076QG6ZJW,,,,,3093.0
B076R975LM,46.0,,,,
B076T7XS65,,,21.0,21.0,21.0
B076V75CH8,,8363.0,8363.0,8363.0,8363.0
B076V7MPDF,8363.0,8363.0,8363.0,8363.0,8363.0
B076VBQ3RY,8363.0,8363.0,8363.0,8363.0,8363.0
B076VQ6RH2,,,,,34.0
B076VWKBFW,,,,,14.0
B076WRFBJV,,,4.0,,
B076X3CMFQ,,,,,47.0
B076Z2CJDF,,,,,15.0
B0771RK4B5,,38.0,,38.0,38.0
B0771SQ3QY,1165.0,,,1165.0,1165.0
B0772V2YZT,,,,,3.0
B0772WF7M3,,,,48.0,48.0
B0772X6S86,107.0,107.0,107.0,,107.0
B0772X6VFV,,,,,2.0
B0773J6Z1Q,,53.0,,,
B0773JBYLG,,334.0,,334.0,334.0
B0773LMYYD,388.0,388.0,388.0,,388.0
B07753NZQR,,,,585.0,585.0
B0775M98RZ,37.0,,,,
B0776QT2P3,114.0,,,,
B0776ZNS7X,,,,,36.0
B077718PK8,,,,,15.0
B0777BG95Q,,,,,8.0
B0777F8952,,450.0,450.0,450.0,450.0
B0777FPDFJ,,,,,27.0
B0777JNDBH,,,,11.0,
B0777KTVBX,,,,,15.0
B0777PRL7C,,,,,10.0
B0777RXQQT,,,,,14.0
B0777XT3YQ,,24.0,,,24.0
B07798STR4,395.0,,,395.0,395.0
B07798VFN9,,,,95.0,95.0
B077DBVLFX,,13.0,,,
B077F127M1,,147.0,,,147.0
B077F2RF2Y,,,,4.0,4.0
B077GRJVRX,,,,,7.0
B077GVXBFF,243.0,,,,243.0
B077GW6QHN,,,,,251.0
B077GXM55Y,,177.0,,,
B077GYXG7B,,,,,228.0
B077N9L2XK,,15.0,,15.0,15.0
B077NTQ78K,,9.0,,,
B077PL6HBM,,,,,17.0
B077R9K4NV,,,,,3.0
B077SD8FSY,12.0,,,,
B077SX9HPG,,,,,2.0
B077W2WGW4,6.0,,,,
B077X4T69K,,,,,8.0
B077X66TZ9,,471.0,,,
B077X6XBF8,,,,,22.0
B077X77Z6B,,,,,471.0
B077X7BFZK,,,471.0,,
B077XF9SYJ,,167.0,,167.0,
B077XH4MLC,,1.0,,,
B077XNQZL8,,,,,55.0
B077XX7Z61,,,760.0,760.0,760.0
B077XZ7HXV,,,,5.0,
B077Y1YX81,,,,,25.0
B077Y551FK,,,,,33.0
B077Y8BBS6,,,,,41.0
B077YKHMHB,,,,,3.0
B077YT3H54,,,,1922.0,
B077Z1NYZX,,,,,24.0
B077Z2LLG4,,,,,1821.0
B077Z7W2N9,,,,,16.0
B0781SZHFV,,,,,541.0
B07846712M,10.0,,,,
B0784NYTJT,,,,,3.0
B0785DBBQK,,,,,20.0
B0785DNKQ1,,,,471.0,
B0785JLTJS,,,,,760.0
B0785Q4W7V,,,,133.0,
B078683ZBG,,,,1.0,
B0786BWNQR,,,,227.0,227.0
B0786Y7HX7,,,,,5.0
B07882M6H1,4.0,,,,
B0788DGCKS,,477.0,,477.0,477.0
B0788K4M44,,,478.0,478.0,478.0
B0788L7XRY,326.0,,326.0,326.0,326.0
B078932VMF,,,,102.0,102.0
B0789B75GT,,,,8.0,
B0789FJD7H,,392.0,,,
B0789FS2R7,,,,,98.0
B0789KC67N,,,51.0,,51.0
B0789LZ14W,,,,392.0,392.0
B078B58933,392.0,392.0,392.0,,392.0
B078DF2QMJ,,,,,3.0
B078FY25SG,110.0,,110.0,110.0,110.0
B078GNDK3C,,26.0,,,
B078HDMNNL,12.0,,,,
B078HT3PDC,,,,,1.0
B078J4Z469,,,,3093.0,3093.0
B078JZDMY7,,,,,471.0
B078K3TLBK,,471.0,,471.0,471.0
B078KC4XH8,,,,,26.0
B078KP18LT,,,,20.0,20.0
B078MFGYTV,677.0,677.0,,,677.0
B078MGY2T1,,,1.0,,
B078MKGQ7R,,,,6.0,
B078MLZZNN,,,,,676.0
B078MMGBX7,,,,,19.0
B078N4D65J,1393.0,1393.0,1393.0,1393.0,1393.0
B078NLKVNY,,,,,1.0
B078P985CD,,,,23.0,
B078RCJ8BL,,,,6833.0,6833.0
B078RHSX54,,,,6833.0,6833.0
B078RHV4F1,,,,6833.0,6833.0
B078RJJBGH,,,,6833.0,6833.0
B078RJK5KR,,,,,6833.0
B078RK64SB,6833.0,,6833.0,,6833.0
B078RK6QWR,,,,,388.0
B078RK6SZ3,,,,,388.0
B078RK74R9,,,388.0,388.0,388.0
B078RPMTNZ,,,388.0,,388.0
B078RQ49PB,,388.0,,,
B078RQ51M8,,,,,388.0
B078RQ5WDM,388.0,,,388.0,
B078RQGXGR,388.0,,,,388.0
B078RQSLV3,,,,,388.0
B078RV22WC,,,8363.0,,8363.0
B078RWJVQN,3.0,,,,
B078RZD2CJ,,,1037.0,,1037.0
B078S44WTL,,,8.0,,
B078SLY48Q,24.0,,,,24.0
B078SMJKQ4,,,147.0,147.0,147.0
B078T14V4R,,,3.0,,
B078TK4DR8,200.0,,,,200.0
B078TLZCRJ,,,200.0,,
B078TM5YRS,,,,,200.0
B078TNL7W3,,,,5.0,5.0
B078TS35L1,5.0,,,,
B078TWJVP6,,,,,28.0
B078V5CTBV,,,,,167.0
B078VKH2ZL,,,,40.0,40.0
B078W6PMB7,15338.0,,15338.0,15338.0,15338.0
B078W767MW,15338.0,,15338.0,15338.0,15338.0
B078W7TM7V,15338.0,15338.0,15338.0,15338.0,15338.0
B078X88WXL,,,,,167.0
B078X9NZDX,,,,,1573.0
B078XZZZ13,,,,,21.0
B078Y733BJ,,,,885.0,885.0
B078Y77983,,,,,885.0
B078Y8VFZS,,,,885.0,885.0
B07918KZW2,,,160.0,160.0,160.0
B0791CKKRJ,,,,39.0,39.0
B0791WXXXX,,,,,33.0
B07922CYHZ,,,,,563.0
B079264MNN,,,,276.0,
B07926GKVG,142.0,,,,
B0792B6QC2,,427.0,,,
B0792CC3M6,,,,,427.0
B0792CZNZ7,,,,,427.0
B0792D8PBF,,,,142.0,142.0
B0792PNLBP,,,,833.0,833.0
B0792Q8WP8,,833.0,,,
B0792S8CF6,,,,13.0,13.0
B0792VMGC7,,1733.0,1733.0,,1733.0
B0792X7NK9,,,43.0,,43.0
B07935MGN9,,,,,276.0
B0793KQSMH,19.0,,19.0,,
B0793QJWGT,,,,3.0,
B0793ZZGHG,,1036.0,1036.0,,1036.0
B07941VMML,8363.0,,,,8363.0
B07941XT42,,,,8363.0,8363.0
B07942XFLM,8363.0,8363.0,8363.0,8363.0,8363.0
B0794WLBNK,,,,,16.0
B0795MBQ1F,,,,,150.0
B0795RM4K5,,,,,150.0
B0795RX65J,,,,150.0,150.0
B0795S4H2G,150.0,,150.0,150.0,
B0795TW3WH,,,150.0,150.0,150.0
B07963CR52,,,3093.0,,
B0796RTZBK,3.0,,,,
B0797B65CV,844.0,,,844.0,844.0
B0797BZMMM,,844.0,,,844.0
B0797GWY53,,,,,171.0
B0797HRXBD,844.0,,,,844.0
B0797JY5NZ,,,,,844.0
B0797KJY25,,,,,844.0
B0797N83RN,844.0,844.0,,844.0,844.0
B0798WGFN6,,,,,6.0
B079936VCV,,,,,1363.0
B079957RP6,,,,,82.0
B07995L123,,,,,238.0
B0799734MY,,,,,56.0
B0799734NB,,,,,1363.0
B07997HFDD,,,2307.0,,2307.0
B0799BXZZC,,,,,402.0
B0799LWFCP,,,,,101.0
B0799MRPLH,,,,19.0,19.0
B079BQRN6Z,38.0,38.0,,38.0,38.0
B079C3TQKL,,,,,40.0
B079DDWKMJ,276.0,276.0,,,276.0
B079DQCT5P,,3730.0,,,3730.0
B079DQGSQD,,,,3730.0,3730.0
B079F52HC1,475.0,,,475.0,475.0
B079F8ZH6J,,,,2840.0,2840.0
B079FHNJVZ,,,,94.0,94.0
B079FJRLX7,,,,,2840.0
B079FK3P1V,,,,,94.0
B079FL8GN2,,,,,11.0
B079GMY4RJ,5.0,,,,
B079GPZDTR,,115.0,,115.0,115.0
B079GRGY8C,,,,111.0,111.0
B079GRQLBZ,,,,,95.0
B079GS26MZ,,,18.0,,18.0
B079GSB3N7,,,598.0,598.0,598.0
B079GSNF83,,,,2.0,
B079GTHKKK,,,108.0,,108.0
B079GTTCYZ,,,18.0,18.0,18.0
B079GX6ZQZ,,,9.0,9.0,
B079GY3YCT,12.0,,,,
B079HTSPGT,,,,,13.0
B079JKHJ6N,,,,5.0,
B079JVGRKH,,,,,4.0
B079K3GJ55,2.0,,,2.0,
B079KBN9G5,,,,52.0,
B079LVYT9M,,,,,12.0
B079M6BKSJ,,,,,1286.0
B079M6BKSN,,,,,661.0
B079M8N41F,,,,,1286.0
B079P5QCYB,,,,3.0,
B079QJL2XP,,,,10.0,
B079QJQCSH,6.0,,,,
B079R99T8F,,,,,1.0
B079RW1Y95,,,,,6.0
B079TLDTC6,,,,,14.0
B079TZ53W8,117.0,,,,
B079V3BN6R,117.0,,,,117.0
B079V6BTHX,,,,,117.0
B079VPFX7R,,,,,25.0
B079Y6RVS2,,,,2.0,
B079ZL7B6P,,2.0,,,
B07B1PXTBL,,,,,40.0
B07B1Y83D8,,,,,1.0
B07B1YJ4KF,,,,191.0,191.0
B07B276N9L,,,,,16.0
B07B2XB5G2,7.0,,,,
B07B3JC4M9,,,,,174.0
B07B3K33WQ,,,,,98.0
B07B3KKHGV,,,,,885.0
B07B3LZ6MM,,,,,174.0
B07B3M7DZV,,,,,290.0
B07B3NJV67,,,,,290.0
B07B3NP7J3,451.0,,451.0,451.0,451.0
B07B3W42KW,,,,,290.0
B07B4QNQMF,,,,,15.0
B07B53WXXQ,,,56.0,,56.0
B07B5S36ZY,,,,,17.0
B07B724RC3,,,,81.0,81.0
B07B75TWHP,,,,81.0,
B07B76XPQP,,,,,15.0
B07B7QMK17,,,108.0,,
B07B8DXTG4,,,,,39.0
B07B8Q2H74,,,,,3.0
B07B8VZ2NW,,,,,23.0
B07B92R6MY,,,,,6833.0
B07B92RHKC,,,,6833.0,6833.0
B07B92ZZBR,,,6833.0,6833.0,6833.0
B07B93BYKS,,6833.0,,6833.0,6833.0
B07B973LXY,113.0,,,,113.0
B07B974B3P,,113.0,,,
B07B98QKGL,,113.0,,,113.0
B07B9DLR7Z,3.0,,,,
B07B9FK8GJ,,113.0,,,
B07B9JKT99,,,113.0,,
B07B9L23ZK,,,,,7.0
B07B9LW3CL,,,,,2.0
B07B9MP68J,,,,,3.0
B07B9QLWYR,,,,,947.0
B07B9QZCRF,,,,,947.0
B07B9Y6BTP,,,,65.0,65.0
B07B9YBY62,,,113.0,,113.0
B07BBMFXV2,,,,,3.0
B07BBVR239,,,,,65.0
B07BC8S5LB,,,3.0,,
B07BCJ7WMG,,,,128.0,
B07BD364FX,,,,,6.0
B07BDN69ZD,,,,10.0,
B07BDQFHMZ,,,,,3.0
B07BFCTTMZ,,,,,1105.0
B07BFDNRMY,,,1105.0,,1105.0
B07BFDQPFZ,,,,,1105.0
B07BFDT281,,,1105.0,,1105.0
B07BFJRQQT,,,378.0,378.0,378.0
B07BFJTGYY,,378.0,,,378.0
B07BFJW52P,378.0,378.0,,,378.0
B07BFNJ523,,2.0,,,
B07BFRFVQM,,,,,31.0
B07BH3MCF8,12.0,,,,12.0
B07BH46L61,,,,15.0,
B07BHBXL7C,,,,,27.0
B07BHD5635,,,,,8.0
B07BHGYBNJ,,,,,7.0
B07BHTZXYB,,,,,200.0
B07BJZJ471,,,,1037.0,1037.0
B07BKNYM32,,,,,4.0
B07BKQGVZP,,,423.0,,423.0
B07BKRW1NT,558.0,558.0,558.0,558.0,558.0
B07BKTPPWS,,,,509.0,
B07BKX8Y3L,,83.0,,,
B07BL4SPB7,,,,36.0,
B07BL4YSW9,,,,,36.0
B07BL55HT9,,36.0,,,
B07BLQZVKK,,,,,174.0
B07BLR54RL,,,,,1.0
B07BLRNHK9,,9.0,9.0,,
B07BLXYVNG,,,,288.0,288.0
B07BMKWXHY,,,454.0,,
B07BMSHQQ9,,,,,454.0
B07BNGT6FW,,,,193.0,193.0
B07BNKW5PL,,,,,1867.0
B07BNLKGV1,,,,,14.0
B07BPKDTJ6,259.0,259.0,,,
B07BPWWX4K,,,,,467.0
B07BRWSPC6,,1506.0,1506.0,1506.0,1506.0
B07BS4XKVV,,,,46.0,46.0
B07BT6N2X8,,,,,1806.0
B07BT84VVW,,,,,45.0
B07BT9C1Q8,,,2.0,,
B07BTB5D71,,,186.0,,186.0
B07BTN93F4,,,,,9.0
B07BVMDSSY,155.0,,155.0,,155.0
B07BXB77P3,671.0,671.0,671.0,671.0,671.0
B07BXW493N,714.0,,,,714.0
B07C1PT74W,,,,,1.0
B07C1QDB21,33.0,,,,
B07C23V2B9,,,,,16.0
B07C2NYM6Z,,,692.0,692.0,692.0
B07C2TJRGK,,309.0,,,
B07C2XDXZC,,,37.0,,
B07C37GL83,,,,1.0,
B07C3GR241,1726.0,,,1726.0,1726.0
B07C3H8JZG,110.0,110.0,110.0,110.0,110.0
B07C3JN7RQ,,,,9.0,
B07C3M1XG5,,1726.0,1726.0,1726.0,1726.0
B07C3MMG1G,,,,,80.0
B07C3Q83FB,382.0,,,,382.0
B07C463WPZ,,,,45.0,
B07C4WGLL5,,,,,21.0
B07C52RWLT,,,,,1821.0
B07C55T6CD,,,,,1821.0
B07C5Q61N8,,,,,22.0
B07C6JYSQD,,,1806.0,1806.0,1806.0
B07C6VV1WX,,,,34.0,
B07C71CLY9,,,,,8.0
B07C798SF6,,,8363.0,8363.0,8363.0
B07C7BXHM9,,,,1.0,
B07C7C5FDS,465.0,,465.0,465.0,465.0
B07C7C6CV6,,,,1.0,
B07C7SGRK2,,,,,62.0
B07C7SQHGG,349.0,349.0,349.0,,349.0
B07C7VGF6P,,,,,1867.0
B07C7VGGB1,,,,1867.0,1867.0
B07C7X28NV,,,,1867.0,
B07C7ZZX93,,,,,1867.0
B07C842P8Q,,,,222.0,222.0
B07C84GSSJ,,,38.0,,38.0
B07C8HVHG2,,,,947.0,
B07C8YNPCC,,,,,1.0
B07CBS6J2S,808.0,,808.0,808.0,808.0
B07CC4QNLG,91.0,,,,91.0
B07CCKVQKY,2959.0,,2959.0,2959.0,2959.0
B07CCMZ1NP,,,,,467.0
B07CFQHFWL,,,,1726.0,1726.0
B07CFW73T8,,,,,9.0
B07CG6S9HY,,,,,86.0
B07CG8PZQK,,,,,4.0
B07CG95XJK,,,2959.0,2959.0,2959.0
B07CG9LPKH,,,,3730.0,3730.0
B07CGDYHW3,,26.0,,,26.0
B07CGKT7F8,8363.0,8363.0,8363.0,8363.0,8363.0
B07CHQBB9C,1476.0,1476.0,,,1476.0
B07CHQMN9C,,,2343.0,2343.0,2343.0
B07CHTX48Y,,,,,1286.0
B07CHYNTG7,,,,2343.0,2343.0
B07CHYP13G,,,2343.0,2343.0,2343.0
B07CJ5M47X,,,,,8.0
B07CJTPWYB,,,,,199.0
B07CJZT2MW,126.0,,,,126.0
B07CK154R8,,,199.0,,199.0
B07CK155K4,,,,,199.0
B07CK513LS,,,,,199.0
B07CKHRLP3,,8363.0,,,8363.0
B07CKVTM6P,,,,,4.0
B07CL2MBWZ,,8363.0,8363.0,8363.0,8363.0
B07CL5M78X,,23.0,,,23.0
B07CL8BCT8,,,,1165.0,1165.0
B07CL92Q4B,,,,,4.0
B07CLKLHHQ,1726.0,,1726.0,,1726.0
B07CM1RPLP,,,468.0,,468.0
B07CM5VXJQ,,,,42.0,
B07CM6RKQL,,,,,468.0
B07CM7WDMF,,,,,2.0
B07CML4JGD,4.0,,,,
B07CMSM5ZV,,3.0,,,3.0
B07CMSQXR3,,,,,7.0
B07CMWHGD6,61.0,,,,61.0
B07CMX3PH8,,3.0,,,3.0
B07CN2G57D,,,,45.0,45.0
B07CN6S1HW,465.0,465.0,465.0,465.0,465.0
B07CNM2JL3,,,,,26.0
B07CNNK9LY,,,,,61.0
B07CNNKC1H,,,22.0,,22.0
B07CNNXL3F,,,,4.0,
B07CNPRRYK,,,,18.0,18.0
B07CNY3PV1,,,,,18.0
B07CNZFZC2,,,,49.0,49.0
B07CP46G7T,,,,,22.0
B07CPKJZBR,,,614.0,,614.0
B07CPN7P96,,,,,147.0
B07CPNM6M4,,68.0,,,
B07CPQJRVN,,,,,109.0
B07CPWZ5K5,,22.0,,,22.0
B07CR15T3P,,,,,1363.0
B07CR39W5R,,,49.0,,49.0
B07CR6R1S5,,,,,1286.0
B07CR9P3S5,,,,,8363.0
B07CSPSJHD,96.0,,96.0,96.0,96.0
B07CSSVGVJ,96.0,,96.0,,
B07CTBD5BY,,,,,12.0
B07CVYCZS2,,12.0,,,
B07CW3SWYX,263.0,263.0,,,
B07CWD7PRR,,,153.0,,153.0
B07CWNK9MV,,,1432.0,,1432.0
B07CWNVP89,,,1432.0,1432.0,1432.0
B07CWPL66T,,,,,1432.0
B07CWPRRQF,1432.0,,,1432.0,1432.0
B07CWR1QC9,,,,,158.0
B07CWRW6MF,,,,,901.0
B07CWT1SSQ,,,65.0,,
B07CXKBJFZ,,,,,1.0
B07CXLZM3Z,,,,,10.0
B07CXPC4SB,,,,,7.0
B07CXQTC6L,,,32.0,,32.0
B07CXS9K89,,,,,38.0
B07CXXT6XY,,,,,31.0
B07CY6KV32,,,,3.0,
B07CYJLQSW,,177.0,,,
B07CZN47BP,,,,,44.0
B07CZNWYVB,,,25.0,,25.0
B07CZP6GNR,,,,,13.0
B07CZPPG1Q,,,,,5.0
B07D1L4CTG,,,,33.0,
B07D1P5VZN,,,,,59.0
B07D1PLKMV,,59.0,,,
B07D1Z7BNS,,,,,248.0
B07D28GYJQ,,85.0,,,85.0
B07D2YY5JY,,,,12.0,
B07D37R32K,,,,,1019.0
B07D3BPT95,,,75.0,,
B07D3MWNS1,,,,2488.0,2488.0
B07D3NQ8SF,,,,,59.0
B07D3PLP3G,,,,1726.0,1726.0
B07D3R9J2H,,,25.0,,
B07D3TC4K6,,,,,667.0
B07D3TFP3P,,,,,667.0
B07D3XDSDS,,12.0,,,
B07D47B6ZV,9188.0,9188.0,9188.0,9188.0,9188.0
B07D47YGMY,9188.0,9188.0,9188.0,9188.0,9188.0
B07D484VW3,9188.0,9188.0,9188.0,9188.0,9188.0
B07D48MYL7,,,123.0,,123.0
B07D4B3T9J,,,,,23.0
B07D4BH62H,,,,,1358.0
B07D4D5MWM,,,,,35.0
B07D4DY2LR,,,,,4.0
B07D4G6V2W,,,,,1.0
B07D4MB3GK,,,,,2.0
B07D4NJ75G,,,,,327.0
B07D4PR3PY,9155.0,9155.0,9155.0,9155.0,9155.0
B07D4PVS4X,,,,,15.0
B07D555Y95,,,,,374.0
B07D59L3DL,,,,584.0,584.0
B07D5BB5X1,584.0,584.0,584.0,584.0,584.0
B07D5HN9QR,,,,,184.0
B07D5ZP661,,,,,1.0
B07D6NWLD3,,,,,20.0
B07D6P8NGB,,,5.0,,5.0
B07D728DD3,,,,,227.0
B07D76PRZY,373.0,,,,373.0
B07D7HFND4,,,,,9.0
B07D7HLCTK,,,,,1811.0
B07D7Z25BX,,,,,3.0
B07D8R1ZCV,,,,,12.0
B07D98HTXM,,,,,458.0
B07D98N477,145.0,145.0,,,145.0
B07D98QTNC,,,,,15.0
B07D9B5485,,5.0,,,
B07D9CBHWQ,,33.0,,,
B07D9JPDNH,,,,8.0,
B07D9N3RPV,,,,,167.0
B07DB5K4PY,,,87.0,,
B07DC3B4TQ,,,1563.0,,1563.0
B07DC3TTGM,,,,477.0,477.0
B07DCHYZ14,125.0,,,,125.0
B07DCMTBDD,,,6833.0,6833.0,6833.0
B07DD7C8YD,,,,,2959.0
B07DDD1YWH,,937.0,,937.0,937.0
B07DDD4ZCW,,,,,22.0
B07DF42P8H,,,,,2.0
B07DFW8FZD,,,,2062.0,2062.0
B07DFYPG16,,,57.0,,57.0
B07DGM5BYY,,,,,16.0
B07DGNV6L8,,,,,1.0
B07DGQ7KG4,9.0,,,,
B07DGQTPRX,,,38.0,,
B07DGRHLXB,,,,,87.0
B07DGS5KQ5,,,,,87.0
B07DGY3TL1,,,,8.0,
B07DH6L6GK,,,,,112.0
B07DH6VMP5,,,,,4.0
B07DH7PXYV,,,,,830.0
B07DHXQM7V,,,,1892.0,1892.0
B07DHXVRHW,,1892.0,,1892.0,1892.0
B07DHY6GPG,,,,,1892.0
B07DJ1W34D,,,,,3.0
B07DJ49NXS,,388.0,,,388.0
B07DJ514W8,,,,,388.0
B07DJ64PX2,77.0,,,,
B07DJ6Y7PK,,,,,388.0
B07DJ7B8BX,388.0,,,,
B07DK1SJZH,,,,,471.0
B07DK1TWY7,,,,,471.0
B07DK37BCF,,,,,471.0
B07DK3HHZZ,,,,,471.0
B07DK3J915,,,,,471.0
B07DK3LJRN,,,,,17.0
B07DK5LH1F,,,,6.0,
B07DK9B87S,618.0,618.0,618.0,618.0,618.0
B07DKT2QF6,,,,,31.0
B07DL1D8D3,,,,,1105.0
B07DLBLDKM,,,,,5.0
B07DLFWMDK,,,,,3.0
B07DLS9R2D,,,,,25.0
B07DLWCBFN,,,,,48.0
B07DN1H6RZ,,,,2.0,
B07DN1KPQV,,5.0,,,
B07DN8XBMW,,,,,4584.0
B07DN9FB9J,,,4584.0,4584.0,4584.0
B07DND2T85,,,,,1199.0
B07DND8NNY,,,1199.0,1199.0,1199.0
B07DND9JWX,,,,,1199.0
B07DNDD9PM,,,,,1199.0
B07DNDHHF8,,1199.0,,,1199.0
B07DNDMYMP,,,,,1199.0
B07DNDSPMV,1199.0,1199.0,1199.0,,1199.0
B07DNF4PQZ,,,,,1199.0
B07DNF5M32,1199.0,,1199.0,,1199.0
B07DNF9LZG,1199.0,,1199.0,,1199.0
B07DNFGDB6,,,1199.0,,
B07DNFKRK9,1199.0,1199.0,,,1199.0
B07DNFN6K6,,1199.0,,,1199.0
B07DNFWP56,1199.0,,,,
B07DNHL4RS,,1199.0,,1199.0,1199.0
B07DNLKT4M,,,,,3.0
B07DNM9D9W,,,,,3.0
B07DNQ6VJ1,,,,,7.0
B07DNYQFH2,,,,274.0,274.0
B07DP1BKPH,,,,,55.0
B07DPFFMG5,403.0,,403.0,403.0,403.0
B07DPGH94M,,,147.0,147.0,147.0
B07DPK6NW4,,,,,6.0
B07DPKKZB5,,,,,14.0
B07DPRXH4P,,,,,1286.0
B07DPSCSKX,2307.0,,,,
B07DPSDN86,,,,661.0,661.0
B07DPSK1XQ,,,,,661.0
B07DPT9HMP,,,,1286.0,1286.0
B07DQJP6S7,,,1877.0,1877.0,1877.0
B07DQKC939,,14.0,,,14.0
B07DR57LNZ,8363.0,8363.0,8363.0,8363.0,8363.0
B07DRCTXHP,,,,,115.0
B07DRD3M4F,,,8363.0,8363.0,8363.0
B07DRNXB1M,,,286.0,286.0,286.0
B07DSWM2DQ,,,,,1.0
B07DVMCDPQ,8.0,,,,
B07DVZZQ33,68.0,,,,
B07DW43J54,69.0,,,,
B07DW6QSF4,,,,,202.0
B07DW8KDT8,,,,8363.0,8363.0
B07DW9BFGK,,,,,202.0
B07DWT5C13,14.0,,,,
B07DWWRZ2M,,,21.0,,21.0
B07DWX47SH,552.0,,,,552.0
B07DWXZLYW,,,,552.0,552.0
B07DWZ1KX8,,,,,5.0
B07DX11ZMZ,,,,,14.0
B07DX3Y8H7,317.0,,,317.0,317.0
B07DXK83KJ,,,,,1.0
B07DYKMTSF,,,,,33.0
B07DZ6WZ3W,,,7.0,,
B07F15ZPDG,263.0,,,263.0,263.0
B07F192WP9,,,,,110.0
B07F1JJF51,954.0,954.0,954.0,,954.0
B07F1RND97,954.0,,954.0,954.0,954.0
B07F27M6TM,,,,,84.0
B07F28KYLV,,,,456.0,456.0
B07F2G4ZP9,,,,6833.0,6833.0
B07F2K5H5B,,,,6833.0,6833.0
B07F2SVCVK,,,,80.0,
B07F2X7T3R,,,389.0,,389.0
B07F2Y19R8,389.0,,,,389.0
B07F3GZM34,,,,,811.0
B07F3KHYQG,,,,,3.0
B07F3MFBD2,,,,,95.0
B07F3VCK45,,1307.0,1307.0,1307.0,1307.0
B07F3XGHTV,,,,,450.0
B07F44J48Q,,,,,5.0
B07F62DXZM,,,,,26.0
B07F66V3FV,,,,97.0,97.0
B07F6728QD,,,,,80.0
B07F6DVQ2G,,,,,10.0
B07F6F2T8C,1036.0,,,,1036.0
B07F6HVWP5,1037.0,,,1037.0,1037.0
B07F6QPS7B,,,311.0,,311.0
B07F6ST3GH,,,,,200.0
B07F6WHCN7,,,,,39.0
B07F6ZVVV9,,,,,39.0
B07F6ZYZZ4,311.0,,,311.0,311.0
B07F72SLQM,,,,,57.0
B07F743Y5H,,,,1.0,
B07F7SH3DQ,,,,30.0,
B07F84XR1S,,,,,3.0
B07F85S2JB,,,,8363.0,
B07F88TGN6,,,,,1.0
B07F9K1YJQ,,,6833.0,,6833.0
B07F9LDNX4,6833.0,,6833.0,6833.0,6833.0
B07FB1612H,,,752.0,752.0,752.0
B07FB33LFX,744.0,,,744.0,744.0
B07FB37V2R,,,,,212.0
B07FB61SRY,,,,,212.0
B07FB643LL,,,,,164.0
B07FB88JDK,,,212.0,,
B07FB8TLNY,,,,,212.0
B07FBCZQ4N,,,,212.0,
B07FD8W1JS,,,,,6.0
B07FF48VGH,2.0,,,,
B07FG1ZMGW,,,,,7.0
B07FGF17BG,,,,,1036.0
B07FJ753J9,,,,,106.0
B07FJVJXHN,936.0,936.0,,,936.0
B07FJVMJRG,,,,938.0,938.0
B07FKMCWB2,,,,,97.0
B07FL7K5G6,,415.0,415.0,,415.0
B07FLDMMRQ,,,,160.0,160.0
B07FLSR7H8,,,,298.0,298.0
B07FLSR8TG,,,,299.0,
B07FM4MXRP,6077.0,6077.0,6077.0,6077.0,6077.0
B07FMHQDBG,,,,,787.0
B07FMYN5JV,,,,,3.0
B07FNCBXS5,,,,,11.0
B07FNSR17P,1821.0,,,,1821.0
B07FNSZVYR,1806.0,,,1806.0,1806.0
B07FNW62R3,,,,,52.0
B07FQ5DMCY,,,,,321.0
B07FQ669LH,,,,321.0,
B07FQ6F7ZX,,,321.0,,
B07FQ8CPDJ,,,24.0,,24.0
B07FQC93Z9,,,,183.0,183.0
B07FQGKJ2L,,24.0,24.0,24.0,24.0
B07FQHW5TN,,,,,321.0
B07FQMPF8X,,,12.0,12.0,
B07FQMRC6N,,183.0,,,183.0
B07FQNX77R,,,,24.0,24.0
B07FRQMF4B,,28.0,,28.0,28.0
B07FS5T91Q,,,,,66.0
B07FSF22JX,,,,167.0,167.0
B07FT8HHBM,220.0,220.0,,,220.0
B07FTGGTVQ,1716.0,1716.0,1716.0,1716.0,1716.0
B07FTXZ6VR,,,,,182.0
B07FVPB3QS,,,,,5.0
B07FW45X9Y,,,,,13.0
B07FW88PMY,6.0,,,,
B07FY9KF6D,,,,,37.0
B07FYSBZW1,,,,,2.0
B07FZR6GVX,,,10.0,,
B07FZRTNGL,,,,,3.0
B07FZRY9WL,,,,,6.0
B07G134ZJ4,15338.0,15338.0,15338.0,15338.0,15338.0
B07G1G3MCT,,,,,11.0
B07G1TF6QX,,,,,182.0
B07G281HT7,15338.0,15338.0,15338.0,15338.0,15338.0
B07G31936M,,706.0,706.0,706.0,706.0
B07G36RQ6B,,,,42.0,42.0
B07G37P8MJ,,,,,282.0
B07G3W2YFK,,,,,16.0
B07G541NVY,127.0,,127.0,,127.0
B07G56YYBQ,,,,,14.0
B07G7HHD9Y,,,,,9.0
B07G7LHC5C,159.0,,159.0,159.0,
B07G7LTPL9,,,,414.0,
B07G87QNSY,,,,,1.0
B07G8G716L,,,,,694.0
B07G8HWS1X,,,,,694.0
B07G9625WV,,,,,8.0
B07G9BSRV9,119.0,,,119.0,119.0
B07G9CCGDC,,,119.0,,119.0
B07G9DBJKS,,,,,28.0
B07G9FJ87H,,,28.0,,
B07G9G23QH,841.0,841.0,841.0,841.0,841.0
B07G9L8NTL,,,,,221.0
B07G9PTCQL,135.0,,135.0,135.0,135.0
B07G9Y1JQG,,,173.0,173.0,
B07G9Z2Q55,,12.0,,,
B07G9Z4SJP,371.0,,371.0,371.0,371.0
B07GB4TDST,1084.0,1084.0,,1084.0,1084.0
B07GBN799P,,,,,7.0
B07GBVBBTR,,,,,7.0
B07GCQT2H3,,,,,2400.0
B07GD7K7CR,1363.0,,,,1363.0
B07GDNP5CV,,,,,22.0
B07GF2L4K9,,,,,12.0
B07GF55CKZ,,,,,12.0
B07GGVXFB5,,,,,38.0
B07GH1Z3WG,,,,,49.0
B07GJ6SJHK,,,162.0,,
B07GJ78CCC,,,,164.0,164.0
B07GJB7VSH,16.0,16.0,,,
B07GJFNJLB,,,162.0,,162.0
B07GJFSC7F,213.0,,,,213.0
B07GJLC9JT,,,,,22.0
B07GJLKMZV,,,,,60.0
B07GKFJ6CQ,,,,,192.0
B07GKFJ6CR,,,,,26.0
B07GKN33YY,,,192.0,192.0,192.0
B07GKNT7XB,,,,,103.0
B07GKR4DGG,,,,,65.0
B07GKZZS8Z,,,,,22.0
B07GLK3WGS,,,,,1.0
B07GLKPLW2,,,,,210.0
B07GNBKPN4,,,,78.0,
B07GNCB1LP,,,,,6.0
B07GNCZC8Y,,,,,14.0
B07GNVSFGV,,,,,4.0
B07GPDK2JF,,,,4584.0,4584.0
B07GPHVHWT,,,,,4584.0
B07GQFZRZM,,,16.0,,
B07GQWHHY3,,,,,3.0
B07GRW21D8,,,,,3730.0
B07GS2273H,,,,,3.0
B07GT6MDQ9,522.0,522.0,,,522.0
B07GT7PW66,,,,,19.0
B07GTD8SLP,,,,,30.0
B07GTF1NK9,,,,,660.0
B07GTF7N7X,,,,30.0,
B07GTFLCQY,,,,,331.0
B07GTG4XPB,,,54.0,,
B07GV2YZXL,,,,,170.0
B07GVKFBXH,,,918.0,,918.0
B07GWJ5W8V,,,,374.0,374.0
B07GWJBJ3J,,,,,19.0
B07GWL1G6F,,27.0,27.0,27.0,27.0
B07GWSTQ5T,,,,,19.0
B07GWWK78Z,,,,,1286.0
B07GWYK82N,,,,,2307.0
B07GX8PR7S,23.0,,,,23.0
B07GXKG2ZB,,,,,60.0
B07GXMKSRK,,,,,246.0
B07GY4LT21,,,208.0,208.0,208.0
B07GY5R88Q,,,,,4.0
B07GYL6G38,,,,56.0,56.0
B07GZB8P95,871.0,,,,871.0
B07GZC9KZK,,4.0,,,
B07GZDWR6X,,872.0,,872.0,
B07GZH1DD3,,872.0,,,872.0
B07H111RHJ,,28.0,,,28.0
B07H13WPDB,,,,,221.0
B07H14WFX8,,221.0,,,221.0
B07H25D9QZ,,,3.0,,
B07H261V4B,,,,,13.0
B07H2F26JJ,,,386.0,386.0,386.0
B07H2FTW94,,,,355.0,355.0
B07H2GHP8T,,,,,357.0
B07H2JH3W5,,116.0,,,
B07H2NYNZ8,,,,,4.0
B07H2VJF5D,,,,,9.0
B07H2VL831,,,,5.0,
B07H2XP38R,,,,4584.0,4584.0
B07H31X7Q5,,,,,184.0
B07H32BNN5,,,,,12.0
B07H39MBTC,1825.0,1825.0,1825.0,1825.0,1825.0
B07H3K69C9,21.0,,,,
B07H3LXWP7,,,,,29.0
B07H3MZ8GM,,,,,31.0
B07H4HV4VW,,,,,114.0
B07H4JSVJ8,,,,,1.0
B07H4X2WV6,,,,,2.0
B07H6G13W1,1.0,,,,
B07H6VDCPY,10.0,,,,
B07H79YLN1,,212.0,212.0,212.0,212.0
B07H7M5FZ9,,,,,14.0
B07H7QNL8H,,,,,1782.0
B07H7RGL1T,,,,,1783.0
B07H7RP7DP,,,,,1665.0
B07H859CRR,,109.0,,109.0,109.0
B07H86M122,,,,202.0,202.0
B07H8VSL5P,,,60.0,,60.0
B07H8W8WW5,,,,,117.0
B07H91RNGF,,9.0,,,9.0
B07H92SZVJ,,,,,1567.0
B07H937JSJ,1567.0,,1567.0,,1567.0
B07H938ZPD,,,1567.0,1567.0,
B07H93G982,,,,1567.0,
B07H93NZF2,,,,,1567.0
B07H94WTWX,,,,,1567.0
B07H96HJLQ,,,,,311.0
B07HB5PHCS,,,320.0,,320.0
B07HC41W5H,,,,,291.0
B07HC74318,,,225.0,225.0,225.0
B07HC7D1LB,,,3.0,,
B07HCFL6BM,,,15.0,,15.0
B07HCG6JZF,,,,,225.0
B07HCN1YN1,,,,29.0,29.0
B07HCN9776,63.0,,,,63.0
B07HD77Y5F,,,,,1.0
B07HDW7B7B,,5.0,,,
B07HDY35BF,,28.0,,,28.0
B07HF471K1,,,,,19.0
B07HF781QZ,20.0,,,,
B07HFZ3Q3Z,,,,1.0,
B07HGY3KQS,,,,225.0,225.0
B07HGY9S4L,493.0,,,493.0,493.0
B07HHWLDZ8,,,,,31.0
B07HJ6S4CK,,,,63.0,
B07HJZHJY3,,,,,12.0
B07HM2RXZG,,8.0,,,
B07HMGCTXJ,,,,,177.0
B07HNK44XJ,,,1208.0,1208.0,1208.0
B07HNS8V3W,,,,479.0,479.0
B07HNS9BCV,,,,479.0,479.0
B07HNVG3LV,,,,,4.0
B07HNXLTXM,,,,,4.0
B07HP175P9,,,102.0,,102.0
B07HP1Q485,,,,,102.0
B07HP1ZR2F,,,,,102.0
B07HP2NQSK,,102.0,,,
B07HP6MHG4,,,,,14.0
B07HPW8FNJ,,,,42.0,
B07HPYSWYY,,,,,32.0
B07HPZ2FJM,,,,,62.0
B07HPZ95KS,,,31.0,,31.0
B07HPZT2MF,,,,,52.0
B07HQ12WX6,,,,,13.0
B07HQ189NJ,,,,49.0,49.0
B07HQ7CD8P,2.0,,,,
B07HQCSNRF,,,,,1700.0
B07HQKHMS1,,,,,1700.0
B07HQSYBFQ,,,,,104.0
B07HQWL8GF,,,,,6.0
B07HRKYRWB,,,,,16.0
B07HRL81DK,,130.0,,130.0,130.0
B07HRZHDT5,,,,,993.0
B07HSRYSKF,,,,,6.0
B07HT55KM3,,,,300.0,
B07HTKKGMV,,,,323.0,323.0
B07HYNZYB4,,,31.0,,31.0
B07HZ334HZ,,,,8.0,
B07J15G7YR,,,274.0,,274.0
B07J1SC7M2,,,,57.0,57.0
B07J2NSV7K,,,,,694.0
B07J2P1VT8,,,,,694.0
B07J2P5YBY,,,,,694.0
B07J2QZ2HW,,,,,694.0
B07J3D1NGL,1942.0,,,1942.0,1942.0
B07J3G5DYX,,,,1942.0,1942.0
B07J3HQRXQ,,,,,1942.0
B07J3XZHQT,667.0,,,667.0,667.0
B07J3Y4FS2,667.0,,,,
B07J3YLXNJ,667.0,,,667.0,667.0
B07J4BHXJH,131.0,,,,131.0
B07J4P6ZNG,,,,,28.0
B07J56428F,,,,,8.0
B07J5LQ7XC,,,,,27.0
B07J5MDYLZ,,,22.0,,
B07J5N1BXB,,,,,40.0
B07J5PK2FM,,,,90.0,90.0
B07J694DHF,,,,,14.0
B07J6FGPYG,307.0,,,307.0,307.0
B07J6RHLC5,22.0,,22.0,,
B07J9YSCB9,,,,218.0,218.0
B07JBWDJR2,45.0,45.0,,45.0,45.0
B07JBYBQKF,,,,,667.0
B07JC8PDCP,44.0,,,,
B07JC8R3YB,,,,,91.0
B07JC9H5KX,667.0,,,,667.0
B07JC9VHZW,,,,,3.0
B07JCLZ2L8,968.0,968.0,,968.0,968.0
B07JCMQC8P,,,847.0,,
B07JD3TSL1,,,,,847.0
B07JD8X9LK,,,,,2.0
B07JDTJCD8,,,,,1.0
B07JDYHSHW,,,,90.0,
B07JG891D9,,,,15.0,
B07JGB514C,,,,1867.0,1867.0
B07JGDBPMQ,,,,,3.0
B07JGNDS1W,,,,,162.0
B07JH3QTCB,,,,,301.0
B07JHCV5T6,,,23.0,23.0,23.0
B07JJD8F8V,,,,,1867.0
B07JJJBF3C,,547.0,,,
B07JJZKYHK,,,,,547.0
B07JL7H3CN,4660.0,4660.0,4660.0,,4660.0
B07JLV7D8B,4660.0,4660.0,4660.0,4660.0,4660.0
B07JMR54W1,,10.0,,,10.0
B07JMX4V9Q,,,,,29.0
B07JNHPT1D,,918.0,,,918.0
B07JNHTJYV,,,,,3.0
B07JNKS78V,,,,,3.0
B07JNRRDGW,,,7.0,,
B07JNVV5C6,,,,13.0,13.0
B07JP84DWY,5.0,,5.0,,
B07JPDNV4G,,,,152.0,152.0
B07JPG42W7,,,,196.0,
B07JQVG1ZR,71.0,,,71.0,
B07JR7BT3H,9.0,,,,
B07JRHJLQG,233.0,,233.0,,233.0
B07JVLJ1ZT,,,605.0,605.0,605.0
B07JVLZKVP,,,,,667.0
B07JVPM5DK,,113.0,,,
B07JVPW5G6,,,108.0,,
B07JVQ25HV,,,,,60.0
B07JX9QFM1,4.0,,,,
B07JY6BKSB,,,,,18.0
B07JYK87DT,,,,,99.0
B07JYLZTZG,,,,,37.0
B07JYPZG46,,,,59.0,59.0
B07JZ8BKHS,,,,,1.0
B07K1QF8Z2,,,,,71.0
B07K1TYDNS,214.0,,,,
B07K1VJXJ5,,214.0,,214.0,
B07K1YDKPJ,,,96.0,,96.0
B07K1ZRZBP,,,,,71.0
B07K22MWBP,1197.0,,,1197.0,1197.0
B07K2437VP,,6.0,,,
B07K4VRQ47,,16.0,,,
B07K4W5GBX,,,,,16.0
B07K4X9G1J,,,,,16.0
B07K4ZYDGY,,,133.0,,133.0
B07K51N6JB,133.0,133.0,,,133.0
B07K57F3WT,,,,,10.0
B07K6D9N23,,,,,110.0
B07K73N4GM,,,,,401.0
B07K7BS18H,,,,151.0,151.0
B07K7L52JC,,1716.0,1716.0,1716.0,1716.0
B07K843NPB,240.0,,,,240.0
B07K9M5DYY,,,,,21.0
B07KBQ2Q7T,,,118.0,,118.0
B07KCJD163,6.0,,,,6.0
B07KCJLRGD,,,10.0,,10.0
B07KCNFGS8,,58.0,,,58.0
B07KCWKX9B,,,,,2.0
B07KCZ1SKL,,,,,16.0
B07KD5RFMW,,160.0,160.0,,
B07KDW36FS,,,,,1.0
B07KF6PVHH,,,,,226.0
B07KG22PQZ,9188.0,9188.0,9188.0,9188.0,9188.0
B07KG34P2H,,,,,1563.0
B07KG575SP,,,,29.0,
B07KG5NLLV,,,,,29.0
B07KGPCJKC,,,,,4.0
B07KHPCYPS,,,,,6.0
B07KLX6QTW,,,,,2.0
B07KNDW2L6,,,,,61.0
B07KNQTVXK,2652.0,,,,
B07KP8Y2TT,,,,,7.0
B07KPB71F6,1336.0,1336.0,1336.0,1336.0,1336.0
B07KPCHXQX,1336.0,1336.0,1336.0,,1336.0
B07KPZB5VS,,,,,49.0
B07KPZP387,,,,,24.0
B07KQRMVW4,,,,,10.0
B07KQZL2F5,,,,,75.0
B07KR1LDB8,,222.0,,,222.0
B07KR22CGD,,,,,43.0
B07KR6LJD9,,,,125.0,125.0
B07KRTXRWJ,,,,,6.0
B07KTDDFB9,,,,,14.0
B07KWD7Y7B,,,,63.0,
B07KWLM8F5,,,,,36.0
B07KXM4DM6,,,28.0,,28.0
B07KXNQ9CV,107.0,,,107.0,
B07KXP8LHY,,92.0,,,
B07KY8ZPXY,,,,,8.0
B07KYBFFR1,,,,1444.0,1444.0
B07KYBJH12,1444.0,1444.0,,1444.0,1444.0
B07KYC3DM6,,1444.0,,1444.0,1444.0
B07KYF2Z6Z,257.0,,,,257.0
B07KYMK678,,,,,12.0
B07KZDNTBY,56.0,,,56.0,
B07L1BJPK4,,,,,1942.0
B07L2V65GN,573.0,,,,
B07L33YSYC,,,,,173.0
B07L3BQTKS,12.0,,,,
B07L3NPSSR,,,,389.0,389.0
B07L3PFW81,,9188.0,9188.0,9188.0,9188.0
B07L3PR7JH,,,,578.0,578.0
B07L4PBSJJ,,,4.0,,
B07L58RPYM,146.0,,,,
B07L597JNX,,,,,11.0
B07L59M7BT,,,,,146.0
B07L5H2857,,,,857.0,857.0
B07L5HCCJX,,,,,857.0
B07L5T44HB,,,,,76.0
B07L6BJWCX,,,,80.0,
B07L8Q2CH6,,,,,108.0
B07L8SXLB6,,,903.0,903.0,903.0
B07L8VWZMZ,,,,,23.0
B07L94GT5C,,,,,8.0
B07L9JFKP5,30.0,,,,
B07L9L7B25,,,226.0,,226.0
B07L9NJVWS,,,,,212.0
B07L9Q15PN,,,,,19.0
B07LBJTQXP,,,,,14.0
B07LBLCK8F,,,,,2.0
B07LBXK2VC,1494.0,,,1494.0,1494.0
B07LBXL9DR,,,,1494.0,1494.0
B07LBXNJV5,,,,,1494.0
B07LBXTYR8,,,,1494.0,1494.0
B07LBXZ14W,1494.0,,,1494.0,1494.0
B07LBY8SNP,,,,,1494.0
B07LBY9N5T,,,,1494.0,1494.0
B07LBYRPTB,,1494.0,,,1494.0
B07LBZ4YH1,,,,,1494.0
B07LD75ZNH,,,,,5.0
B07LDGXDCB,,,,,2.0
B07LFQGKGR,,,,,248.0
B07LG29CCJ,,,,215.0,215.0
B07LG5KKJ8,,,11.0,11.0,
B07LH2F5P3,,,,,2307.0
B07LH443LR,,,,,1286.0
B07M5BRV67,,,,168.0,
B07M5M15T9,,,,,228.0
B07M5M17S9,,,,,322.0
B07M5S9MKT,,,,,2400.0
B07M5SLCJ1,,,,,11.0
B07M62G78X,,,,642.0,642.0
B07M6F8K3B,,,,15.0,
B07M6Q36JP,,8.0,,,8.0
B07M6W69SV,,,,,33.0
B07M6W72TP,,,,,226.0
B07M6ZYPSW,,,,,11.0
B07M7DPJ2V,,,,,72.0
B07M7FD4CY,8.0,,,,
B07M9BW8WZ,,54.0,54.0,,
B07M9CFY9Z,,,,,228.0
B07M9NKD6S,,,,,783.0
B07M9SNH7P,,,642.0,,642.0
B07MBML72N,22.0,22.0,,,
B07MBNCVVL,,,,28.0,
B07MCDJ4G9,,,,,44.0
B07MCHK7Z7,,,,,49.0
B07MCVPCRG,482.0,,,,482.0
B07MDDNVKH,,642.0,,642.0,642.0
B07MDDP5VN,,,,,642.0
B07MF81CX1,,,,,30.0
B07MFFFG2Q,9.0,,,,
B07MFHFN5J,,,,,597.0
B07MFJ1GLC,,1.0,,,
B07MFN5JJ8,,,,218.0,218.0
B07MFSVQCD,,,,,22.0
B07MFZNGB1,,,,,44.0
B07MGTJ932,,,,,33.0
B07MGV2S39,,,,783.0,
B07MGV2TNQ,,,782.0,,782.0
B07MGVRDSR,,,,,37.0
B07MGYFQ1Y,806.0,806.0,806.0,806.0,806.0
B07MGZ9BZ8,,,642.0,642.0,642.0
B07MGZCNFK,642.0,,,,642.0
B07MH1CRNT,,,,,554.0
B07MHHJGX1,,,,,322.0
B07MHNSLM6,,,,,3.0
B07MHTTT6X,,,,,1.0
B07MHV24MH,,,,,17.0
B07MHVQRB4,,,,,4.0
B07MHWY2Z6,,,,,11.0
B07MJ3R1WN,,,,,597.0
B07MJ3R9D7,,,,,597.0
B07MJBJDCN,1712.0,,1712.0,,
B07MJBKF2H,,,,,72.0
B07MJBWZ17,14.0,,,,
B07MJJ8Z8G,,,,5.0,
B07MJLGGDM,242.0,,242.0,242.0,242.0
B07MJM6KQ9,,19.0,,,
B07MJRV71J,,,,,918.0
B07MJT9B4V,,,,,5.0
B07MJVXKCJ,,,,,10.0
B07MKGG9GN,,,,,782.0
B07MKGGG8Q,,,782.0,,782.0
B07MKLLYG4,,,,,641.0
B07MKLM9BR,,,,,642.0
B07MKWHZB2,,,390.0,,
B07ML69T4K,,,,,36.0
B07MLH4HP7,,,,,31.0
B07MLKQDM1,,,,,5.0
B07MLZ7CLR,,,,,3.0
B07MM67N47,,,,,44.0
B07MMQQ98G,,,,,47.0
B07MNFLZZF,,,,,918.0
B07MNTQRF2,,,,642.0,642.0
B07MPBXLZ1,,,,85.0,85.0
B07MPN8F4K,,,,,31.0
B07MPRLHF8,,,,,597.0
B07MPSQDPV,,,,,2.0
B07MPSTPXB,,,,,597.0
B07MPV4RPP,,,,,597.0
B07MPW86KK,,,,,3.0
B07MPWXM4D,,,,,6.0
B07MPXSJY9,,,,479.0,479.0
B07MQ5MQZN,,,,,1229.0
B07MQTGQ8W,,,,,110.0
B07MQXHZ1S,,,,,482.0
B07MQY24NY,,,,,4.0
B07MR68KGN,,,,,64.0
B07MT5QTTG,,22.0,,,
B07MT8V7NC,,,,168.0,168.0
B07MT8ZLB2,,,,,1.0
B07MT9DBS8,,,28.0,,
B07MTBCWHD,,,3.0,,
B07MTCD2NB,86.0,,,86.0,86.0
B07MTCF13Y,,,11.0,,11.0
B07MTCHQMG,,,,,11.0
B07MTFV8QD,,,,,13.0
B07MTWHH8D,625.0,625.0,,625.0,625.0
B07MTWXNX6,24.0,24.0,,24.0,24.0
B07MTX856T,468.0,,,468.0,468.0
B07MVWD68B,,,,,17.0
B07MX3V1NX,,68.0,68.0,,68.0
B07MXK9DYF,,225.0,,,225.0
B07MYQD3MS,4660.0,,4660.0,,4660.0
B07MYQDF7Q,4660.0,4660.0,4660.0,,4660.0
B07MYQF99P,,,4660.0,,4660.0
B07MYQL4C4,4660.0,,4660.0,4660.0,4660.0
B07MYR98WK,,4660.0,4660.0,4660.0,4660.0
B07MYSKD41,,51.0,,,51.0
B07MZ3XR9C,,,,,1265.0
B07MZ76KRG,,,61.0,,61.0
B07N13TCTN,,,,,44.0
B07N1JZT94,,,1.0,,
B07N2HJX1J,,,,,147.0
B07N2M524Q,,,,,240.0
B07N42Q944,5.0,,,,
B07N57HR11,,,,,237.0
B07N5DKJLK,,,,,6.0
B07N8MJ3F3,,2550.0,2550.0,,2550.0
B07N8MNWYK,2550.0,,2550.0,2550.0,2550.0
B07N8MQVFF,,,,326.0,
B07N8MQXNP,,,,,2550.0
B07N8MTH3R,,,,,2550.0
B07N8NKDLG,,,,1.0,
B07N8NRMWD,,,,,326.0
B07NBZV1Z7,11.0,,,,
B07NDNZHV6,,,,,1.0
B07NDXDJ1Y,,,,,6.0
B07NDXQ76P,,,,,2.0
B07NF85NCH,,242.0,,242.0,242.0
B07NF8TFVM,,,242.0,,242.0
B07NFP8CY3,,16.0,,,
B07NH1Z3PQ,,,,,157.0
B07NH2TDHT,,,,,157.0
B07NH2XRX3,,,,,157.0
B07NH44SZJ,,,,,157.0
B07NJ4JTYG,,,,,13.0
B07NJ4L1K7,,,,,9.0
B07NJ9KNRL,,,,,18.0
B07NML143F,233.0,233.0,,233.0,233.0
B07NNVBGVM,,,11.0,,
B07NNXKKM8,,,1.0,,
B07NP2VRC4,,,,,1363.0
B07NP67JGS,,,,,1.0
B07NP8YB3M,,,80.0,,80.0
B07NPCVS7L,,,,172.0,172.0
B07NPKJXCW,,,,,17.0
B07NPZJM4B,,,,,68.0
B07NQBC7Q9,,,,,192.0
B07NQDXR1P,,,19.0,,
B07NQK9GRH,,,,,325.0
B07NRM16FV,31.0,,,,31.0
B07NRNBYXL,,46.0,46.0,46.0,46.0
B07NRTRRNT,,,,,5.0
B07NSQGZCL,,59.0,,59.0,59.0
B07NTC8XND,,,,,9.0
B07NV2XY9H,,,50.0,,
B07NV7JYT4,50.0,,,,
B07NV9PNTL,,,,,56.0
B07NVM5S3H,,,35.0,,35.0
B07NVZKFW2,,,,,167.0
B07NVZNWBN,,,,,167.0
B07NVZTC8J,,,,,1363.0
B07NW1TQCT,,,,,73.0
B07NWCSDX2,,,,,23.0
B07NWJK4B1,26.0,,,,
B07NWNSBXM,,,,,31.0
B07NX43GNW,,,,,113.0
B07NXP7DF5,,,,,1783.0
B07NYMRYSK,,,,,145.0
B07NYYLXPC,,12.0,,,
B07NZ5GKS2,12.0,,,,12.0
B07NZCJYX3,,,,,29.0
B07NZLDYN5,290.0,,,,290.0
B07NZMJG99,2985.0,,,2985.0,2985.0
B07P1XGWH3,,,75.0,75.0,75.0
B07P24R2WS,,,282.0,,
B07P2D6DN4,,,,,918.0
B07P2L1B6W,42.0,,,,42.0
B07P2VTT1S,2985.0,2985.0,2985.0,2985.0,2985.0
B07P2W5FNT,,2985.0,,,2985.0
B07P2YMRX5,10.0,,,,10.0
B07P38BS22,75.0,,,,
B07P3FVD59,,,,1363.0,
B07P3ZVV6J,2985.0,,,2985.0,2985.0
B07P4J8X3M,,,,,237.0
B07P54H2P8,2985.0,2985.0,2985.0,2985.0,2985.0
B07P54KSHY,2985.0,,,2985.0,2985.0
B07P6VBQVM,,,,,18.0
B07P71FFZP,,,,57.0,57.0
B07P7F313V,144.0,,,,144.0
B07P7G8PXR,,,,,6.0
B07P83NDLG,,,,,44.0
B07P8HYK76,,,,,29.0
B07P8K93GJ,1413.0,,1413.0,,1413.0
B07P8K9F71,,,1413.0,,
B07P8KB35N,,,,,1413.0
B07P8LLSNV,,97.0,,97.0,97.0
B07P8LP74J,,,153.0,,153.0
B07P8MBWR8,87.0,,,87.0,
B07P8THLCC,,,5.0,,5.0
B07P8ZWDVM,,,,,33.0
B07P99Q8K4,,,,,156.0
B07P9NSNWR,1413.0,1413.0,,,1413.0
B07P9QZFC5,,,,,11.0
B07PBCRCGP,,,,,120.0
B07PBF2RCJ,,,,156.0,156.0
B07PBMJN3W,,,,,1.0
B07PBT9745,,144.0,,,144.0
B07PBV1QMS,691.0,,691.0,,691.0
B07PCHGHF3,,,,,13.0
B07PCMDDQQ,,,,,329.0
B07PCQYWKY,,,22.0,22.0,22.0
B07PCYTRHV,,,,610.0,
B07PD9P19S,,,29.0,,29.0
B07PDN4M82,,,,,12.0
B07PDP799V,,,,,58.0
B07PDXRK47,5.0,,,,5.0
B07PDYCFT2,6.0,,,,
B07PF2C52F,,,,,101.0
B07PF6X6DR,,,,,96.0
B07PFVYKGC,,,,,6.0
B07PGSM1BW,,,,,135.0
B07PH42PPK,,,,112.0,
B07PHK93J1,541.0,,,541.0,541.0
B07PHNK3D4,,,,52.0,52.0
B07PHPV6X4,,,35.0,,35.0
B07PHWBM2S,,,,,58.0
B07PHWKXMC,,,,,212.0
B07PHX8TS3,,,,135.0,135.0
B07PJKMCZR,423.0,423.0,,,
B07PJKN376,423.0,,,423.0,423.0
B07PJM6M1P,,,,,4.0
B07PJYRCY9,,,,,135.0
B07PK63XNP,,,,,7.0
B07PKDR118,,,,,112.0
B07PLDLT44,627.0,,,,627.0
B07PLHGXZZ,,,,,20.0
B07PLN3VBB,,9.0,,,
B07PLRXNGM,,,,,218.0
B07PM3SQ8N,,,,,3.0
B07PM6B27K,,,,29.0,29.0
B07PMCSR8M,,83.0,,,83.0
B07PMWTVJD,,,,,698.0
B07PNCFJJ9,39.0,,,39.0,39.0
B07PP12JS5,,,51.0,,51.0
B07PP6X2BL,13.0,,13.0,,13.0
B07PP9XZG7,,,,,5.0
B07PPJB3XX,,,,,39.0
B07PPQLZL3,62.0,,,,
B07PPTRCR7,,,,100.0,100.0
B07PR1GTV5,,,,59.0,
B07PR4DBXP,,,,,51.0
B07PR8ZVGV,51.0,51.0,51.0,51.0,51.0
B07PR8ZWGP,,,51.0,,51.0
B07PRJH6G3,,,,,1363.0
B07PRK7JYB,,,,,1.0
B07PRN76CD,,,,7.0,
B07PRNW6JF,,,,,7.0
B07PRS4QG9,123.0,,,,
B07PRTSFT9,15338.0,15338.0,15338.0,,15338.0
B07PRVSXHM,15338.0,,15338.0,15338.0,15338.0
B07PS3CGFC,,,,698.0,
B07PSFB5HP,,,,,25.0
B07PV635SQ,,,,41.0,41.0
B07PVCJ5PP,,,,374.0,
B07PVM3L8Z,,,,376.0,376.0
B07PVMT46R,190.0,,,,190.0
B07PW9HZQS,374.0,,,,374.0
B07PWBTBZD,,,,2.0,
B07PWC1T6D,,,868.0,,868.0
B07PWVMK7W,,78.0,,,78.0
B07PWVTVV9,,,56.0,,
B07PX8PQVL,,209.0,209.0,,209.0
B07PXBYG91,,,,,10.0
B07PXFNJJB,,374.0,,,
B07PY29BBQ,,,,,248.0
B07PY86GCT,246.0,,,246.0,246.0
B07PYSXPHT,,,,,57.0
B07PYZQQQ7,,,23.0,,
B07PZKQL17,20.0,,,,
B07PZSMLQW,,,,,66.0
B07Q1K4TT5,,,,,8.0
B07Q1K9K8P,,,76.0,,
B07Q1NLNFK,,,,,872.0
B07Q2QXNFV,,,,,31.0
B07Q2S4PJJ,4584.0,,,4584.0,4584.0
B07Q2VBDST,,,,,71.0
B07Q2X6W1Y,,,,,8.0
B07Q2XYCY9,,,,,103.0
B07Q2YBZPR,,,,,76.0
B07Q311T4S,,,,,44.0
B07Q311T55,,,,,13.0
B07Q348W42,,,,497.0,497.0
B07Q3G3KTM,,,,,85.0
B07Q3GS2KJ,2307.0,,,,
B07Q4CFGXQ,,,,,237.0
B07Q4DFC4V,,,,1363.0,
B07Q4L82K3,,,,,6.0
B07Q4PW2L2,,,,,1199.0
B07Q4PWTVL,,,,,1199.0
B07Q4SJ2KX,,,,167.0,167.0
B07Q5868FL,,,,,26.0
B07Q5VVR4R,,,,,56.0
B07Q6YM1K6,,,,,1199.0
B07Q6YPN6Z,1199.0,,,,
B07Q7GQRL9,6.0,,,,
B07Q7NHYS4,,,146.0,,146.0
B07Q7NXTD9,263.0,,263.0,,
B07Q7TBLGJ,,,,,489.0
B07Q8352VW,,,,,1199.0
B07Q83DXWM,1199.0,1199.0,,,
B07Q84Z8HH,,,814.0,,814.0
B07Q8QTPR9,,,,,7.0
B07Q9JRB8H,,,,,33.0
B07QB32S68,,,202.0,,202.0
B07QCGTGXX,,,,12.0,
B07QCH22P3,,13.0,,,
B07QCTNRMQ,180.0,,,180.0,180.0
B07QD8GBHL,,,,8.0,8.0
B07QDBQ6BN,1354.0,1354.0,1354.0,1354.0,1354.0
B07QDMMVVD,,,,289.0,
B07QDZW61D,,,,49.0,49.0
B07QFCM8X9,,,,,121.0
B07QFCRS3K,,,1212.0,,1212.0
B07QGYKWHC,63.0,,,,63.0
B07QH4N3G5,1756.0,,1756.0,1756.0,1756.0
B07QHXFCSJ,,,,338.0,338.0
B07QJ1DL9P,,,15.0,,
B07QJ3TWWZ,,,,,20.0
B07QJ88KH4,,,,,2.0
B07QKQ459Q,,,,560.0,560.0
B07QL4D3CC,,,53.0,,53.0
B07QL7JK6L,,490.0,490.0,490.0,490.0
B07QLLDGNK,,,,,6.0
B07QM9SHKX,,,36.0,,
B07QMMRWLS,166.0,,,,166.0
B07QMQ36HS,,,62.0,,62.0
B07QNHY14M,28.0,,,,
B07QNVKX2J,,,,5.0,
B07QNW2H4D,,,,,471.0
B07QNWYQ3G,,,5.0,,
B07QNYNHVQ,294.0,,294.0,,
B07QPDVNF5,,,,,104.0
B07QPZFN5Q,,,,,8.0
B07QQ2GQPH,,,,,2307.0
B07QQ2LGXH,,,,,238.0
B07QQ2V2S2,,,,,182.0
B07QQBLFJ8,,,27.0,27.0,27.0
B07QQBWQVK,158.0,158.0,,158.0,
B07QQCH7KP,,,,,87.0
B07QQPVQ81,,,,,240.0
B07QQS41Y1,,,,,6.0
B07QRG8KRH,,,,,53.0
B07QS6FZH4,388.0,,,,
B07QSBX285,,,,,331.0
B07QSCGB55,,,,,3.0
B07QT1QJHT,,,961.0,,
B07QT6YVWQ,,,,,182.0
B07QTJKNVC,2335.0,,2335.0,2335.0,2335.0
B07QTXRDJM,,,,,23.0
B07QV64DHX,,,323.0,323.0,323.0
B07QV7MGLW,,,323.0,323.0,323.0
B07QV7MNWK,,,,,323.0
B07QVGC2C9,,5.0,5.0,,
B07QVLDWRY,4884.0,,,4884.0,4884.0
B07QW7BFPR,,323.0,,,
B07QWCNWML,486.0,,486.0,,486.0
B07QWCPN9M,,477.0,,,
B07QWFKFJR,16.0,,,,
B07QWH3G26,1286.0,,,,
B07QXF7TNC,,,,,259.0
B07QXQDFVZ,,,,,698.0
B07QY787KS,,,1472.0,,
B07QYLPHVL,,,,53.0,53.0
B07QYSLH7G,,,7.0,,
B07QYT41TH,,,,,38.0
B07QYVCR6Z,,,,,698.0
B07QYYCVYQ,,,,1454.0,1454.0
B07QYZ5V5F,,,,1454.0,1454.0
B07QZC2LJ7,,37.0,,,
B07QZCCR3Q,,,,,1472.0
B07QZH42BX,,,,,2.0
B07QZMZ7DY,,,,2.0,
B07QZS1D2B,4884.0,4884.0,4884.0,4884.0,4884.0
B07R1HXM19,,,,,1472.0
B07R1J9M2Y,,,,323.0,
B07R28QW13,,,,,1454.0
B07R29BTS3,,,,1475.0,1475.0
B07R2KKTTR,,,1472.0,,1472.0
B07R3JMHDY,,,,,117.0
B07R3QR8ZG,,,,,1454.0
B07R3XB84C,1432.0,,,1432.0,1432.0
B07R4FSV62,,,,,1149.0
B07R4FTJ5F,,,,,1149.0
B07R4GM243,,,54.0,54.0,
B07R4LHK23,,,,28.0,
B07R4M1XXY,,1255.0,1255.0,,1255.0
B07R4M93D8,,17.0,,,
B07R4W3151,,,,,1432.0
B07R4W3QY3,,,,,108.0
B07R5FZV8F,,,,,1149.0
B07R5G1VVY,,,,,1149.0
B07R5G2DB7,,,,,1149.0
B07R5G2HP2,,,1149.0,,
B07R5LZ155,,,,,1255.0
B07R5M1QVG,,,,,1255.0
B07R5QC7CQ,,,,,101.0
B07R662DPP,576.0,,,,576.0
B07R6D5Y81,,,,42.0,42.0
B07R6DVZH4,1149.0,,,,
B07R6DWLM1,,,1149.0,,
B07R6KTJ93,,,1255.0,,1255.0
B07R7H6MLS,,,,11.0,
B07R7HQ9HX,,,,,1149.0
B07R7NMHBP,,,,,1255.0
B07R7NN4QQ,,,,,1255.0
B07R8BZLF8,23.0,,,,
B07R8HNW6K,,,,135.0,135.0
B07R8MKKZG,,,1149.0,,
B07R8MLDDP,,,,,14.0
B07R8SXBWL,150.0,150.0,150.0,,150.0
B07R9J34MD,478.0,,478.0,,478.0
B07R9KGVLV,,,,,194.0
B07R9LZVHM,,1149.0,,,
B07R9M9QK3,,,,,1149.0
B07R9MRHVL,,,88.0,88.0,88.0
B07R9NRL6Z,,1149.0,,,
B07R9R8YKX,2193.0,2193.0,2193.0,2193.0,2193.0
B07R9XLBQN,,1255.0,,1255.0,1255.0
B07R9YKY5G,,,,,1255.0
B07R9YWCRY,,,,,1255.0
B07RBK8S82,,,,,12.0
B07RCKDHNQ,10.0,,,,
B07RCKDV1Y,,,,,152.0
B07RD14T8R,,,,10.0,
B07RDHP1DP,,,,,16.0
B07RDXRD74,,,,152.0,
B07RGPQZ2R,,2.0,,,
B07RGSLX9R,,,,,1942.0
B07RGTXDPY,,,,,1377.0
B07RHGJZ8Q,,,,,10.0
B07RHJL6M3,,,,,4.0
B07RHMX1VJ,,,,,11.0
B07RHV1TBR,,,,87.0,87.0
B07RHY5LR5,,,,,1377.0
B07RHY7FWT,,,,,1377.0
B07RHYJSB8,,,,,1726.0
B07RHZ9QTD,,,32.0,32.0,32.0
B07RJH1X8S,,,,,25.0
B07RKR1YFQ,,,,,448.0
B07RL42XCM,,300.0,,300.0,300.0
B07RL7B4RF,543.0,,543.0,543.0,543.0
B07RMT8FZM,3.0,,,,
B07RND1WYQ,,,,,82.0
B07RND213L,82.0,82.0,,,82.0
B07RP9DKYY,,,,,389.0
B07RPFLPP9,,,547.0,,547.0
B07RPFLQC1,547.0,,,,547.0
B07RPFVKFX,,,,,82.0
B07RPJ3LP3,,99.0,,,
B07RPLTT36,,,,,1.0
B07RPRYMJ2,162.0,,162.0,,162.0
B07RQD7TC2,82.0,,,,
B07RQG5YC9,,,,,1261.0
B07RQRGWWC,,,226.0,226.0,
B07RQRLC6D,,,,,311.0
B07RQRTFK1,,,,,32.0
B07RRHJJX1,,,,,82.0
B07RSJTDCX,,,82.0,,82.0
B07RSVGCPC,,,,193.0,
B07RTBHFM8,,,5.0,,
B07RTJLTMZ,,,,,82.0
B07RTKZJDW,,82.0,,,
B07RTLBWZR,,,,82.0,
B07RTZGPDX,,,,,31.0
B07RV5LTM9,,,,331.0,331.0
B07RV5SRVP,,,130.0,,130.0
B07RV8ZWF8,,,,,168.0
B07RVBTVRS,,,,,375.0
B07RWRQCSZ,,,,,58.0
B07RX9V3LQ,,,,,1564.0
B07RXPLRKL,,,,4884.0,4884.0
B07RXZT76Y,,,,10.0,
B07RY2T997,,,,,8.0
B07RY342JY,,,,,1.0
B07RY7WHCP,,,,,4884.0
B07RYKM2KZ,,,,,20.0
B07RYLNCBR,,,,1783.0,
B07RYQ7TPK,,,,,210.0
B07RZR8DHZ,,,,,51.0
B07RZRW1KB,1033.0,,1033.0,1033.0,1033.0
B07S19GZT8,,,,37.0,
B07S1DJ98P,670.0,670.0,670.0,670.0,670.0
B07S1DM654,,66.0,,,66.0
B07S1Q1PXX,,,,,63.0
B07S229MN4,,,,,12.0
B07S2NY9MK,,,,,2550.0
B07S2NZ255,,2550.0,,,
B07S2VZTGC,,,973.0,973.0,973.0
B07S3YVSVM,,,,4884.0,4884.0
B07S48B2YK,,,9.0,9.0,9.0
B07S5YWKBP,,,,,4.0
B07S6LWC31,,,,,715.0
B07S9WSC9V,2187.0,2187.0,,,2187.0
B07SB3QVRG,34.0,,,,
B07SBT3KST,,,,,715.0
B07SCXYH15,,,,,11.0
B07SCYV7VH,,,,,1.0
B07SDB7ZHN,,,,2176.0,2176.0
B07SFDKHJH,,,,,6833.0
B07SG446T7,9188.0,,9188.0,9188.0,9188.0
B07SG9GDRY,,,,,12.0
B07SGC7YYB,,,,,1474.0
B07SH65K7Q,,,9188.0,9188.0,9188.0
B07SHDKJPK,,,1718.0,,1718.0
B07SHS8QFW,20.0,,,20.0,20.0
B07SHV9J5L,,,252.0,,252.0
B07SJL96YV,2641.0,2641.0,2641.0,2641.0,2641.0
B07SJZQHJP,,,,,86.0
B07SK673N1,,,100.0,100.0,100.0
B07SKN1DGN,,,2.0,,
B07SL5MYPT,,,3.0,,
B07SN3H3LN,,,25.0,25.0,25.0
B07SNPTDD3,,,,1474.0,1474.0
B07SPBJZJN,,,146.0,,146.0
B07SPH437C,563.0,,,,563.0
B07SPMD2SS,80.0,,,,
B07SQ6T4ZP,734.0,,734.0,734.0,734.0
B07SQHGG4V,,,,,8.0
B07SQQ5K5D,,,,,8363.0
B07SRSL2LR,8363.0,,8363.0,8363.0,8363.0
B07SRSM1QZ,8363.0,8363.0,,,8363.0
B07SRVYXR7,,,4007.0,4007.0,4007.0
B07SRWQ2N5,,,,,2959.0
B07SS6GPZC,,,,,33.0
B07SSS1L76,,,833.0,,
B07SST9Q3L,,,,,4007.0
B07STHFS8L,,,395.0,,395.0
B07STHYVM2,,,,,395.0
B07STLWM5T,6.0,,,,
B07STRD388,,77.0,,,
B07STRG987,,,,,23.0
B07STW7NSK,,,,4007.0,4007.0
B07SVCJ5JZ,,840.0,,840.0,840.0
B07SVV7TX8,1602.0,1602.0,1602.0,1602.0,1602.0
B07SVZ85CP,,,,,61.0
B07SW1CTL8,,4007.0,,,4007.0
B07SW7XJ1X,,,,,5.0
B07SW8GZ8K,1604.0,1604.0,1604.0,1604.0,1604.0
B07SWTJSFT,,,,,37.0
B07SX14GWD,,,,,8363.0
B07SX24KQD,,,,,4007.0
B07SX3NWM2,,,,4007.0,4007.0
B07SX491RM,,,,4007.0,
B07SXBLTMX,,,,,286.0
B07SXSHP3X,,,,,1.0
B07SY85VV6,,,872.0,,
B07SY8G39J,,,,,264.0
B07SZ4KMJX,,,,,27.0
B07SZBBS3D,,,,,48.0
B07SZH2FLC,2369.0,,,2369.0,2369.0
B07SZH3GKH,2369.0,,2369.0,,2369.0
B07SZK3CHT,24.0,,,,
B07T18N3QR,,,4884.0,,4884.0
B07T1F8SH4,,,489.0,,489.0
B07T1L2P2Z,,,,,2369.0
B07T1L3H51,,,,,2369.0
B07T1MVJT4,,,,,642.0
B07T2K9F1P,2369.0,,,,2369.0
B07T2LMMY9,,,,2369.0,2369.0
B07T31L8Z8,167.0,,,,167.0
B07T3D8SVF,,,,,4.0
B07T4FRMGT,90.0,,,,
B07T4H91YG,29.0,,,,
B07T4NDRHJ,,,,,1286.0
B07T4SQGG2,,,642.0,,
B07T57K8B9,734.0,734.0,734.0,734.0,734.0
B07T6CMSTK,,,,11.0,
B07T6NSYKH,,,,,1363.0
B07T83P6J9,,,,,25.0
B07T8WPDCP,,,,526.0,526.0
B07T9FQK9G,,,,,715.0
B07T9FSCSS,,,,,715.0
B07TBLNMV8,,,,,167.0
B07TC4WVFL,,,,,26.0
B07TCKB2XT,,,,,167.0
B07TDH28GT,,,,,1.0
B07TF4Y8RQ,,,39.0,,
B07TF7HVD6,,,,,37.0
B07TFM8P3K,715.0,,,,
B07TFWQ1B1,,,,,1286.0
B07THSXX3Y,26.0,26.0,,,
B07THW7R4C,,,26.0,,
B07THXD2J8,,,,2.0,
B07TJ15X6H,,,,,402.0
B07TJ9W5HY,,,,11.0,
B07TKD5BLC,,15.0,,,15.0
B07TKMM274,,,,,610.0
B07TL4Z8BT,,,,,636.0
B07TL6RWCF,,,,,1.0
B07TLVVJPP,,,,,107.0
B07TLYLRM9,,,,88.0,
B07TMR48ZQ,,,,,11.0
B07TMSBHQB,,,,5.0,
B07TMX7DMN,,,,,46.0
B07TNH2Y6C,,,,,288.0
B07TS2NSMR,,,,4674.0,4674.0
B07TSFMHYH,,,,,48.0
B07TSGHMJ5,,,,,1.0
B07TSN2GMK,,,,,119.0
B07TSN2K2G,,,,,2307.0
B07TSRN41C,,,,176.0,
B07TT5CD3D,882.0,,882.0,,882.0
B07TTQRD2J,,,,,27.0
B07TTXY9CH,,,,,39.0
B07TV5JW7V,39.0,,39.0,,39.0
B07TVDNVKJ,,,,280.0,280.0
B07TVG4RMH,,,,,973.0
B07TVJ4684,9.0,,,,
B07TVRYBNX,,,,,183.0
B07TW4Q6H2,728.0,728.0,,,728.0
B07TW53FPW,,,,728.0,728.0
B07TWC1HTD,,848.0,,848.0,848.0
B07TWDN86T,,848.0,848.0,,848.0
B07TWLWZBD,,,,,35.0
B07TWR57R1,,87.0,87.0,,87.0
B07TWSTW1Y,,,,,1.0
B07TWVYR1K,,,,,1363.0
B07TX5NZ63,,,,,78.0
B07TXCGVL3,,,,,402.0
B07TXDMXH5,,,,,25.0
B07TXF2QFS,,,,,274.0
B07TXN1R5J,,973.0,973.0,,973.0
B07TXQQGJF,,,,,252.0
B07TXTR51W,,,,2.0,
B07TXYDVZ1,,,,,79.0
B07TXYZDDC,,,,,1286.0
B07TY4R322,,,,,156.0
B07TYHQSZZ,,,,,91.0
B07TYHTP2G,,,,,91.0
B07TYL1LGN,,,,,973.0
B07TYMQC4P,,,,,35.0
B07TYQ5K8F,,280.0,280.0,280.0,280.0
B07TYQJT65,,,,280.0,280.0
B07TYZS4FC,,,,,18.0
B07TZ2J57W,,,,,1363.0
B07TZHJLMC,,,,,275.0
B07TZNRRFQ,610.0,,,,
B07V1TQ4ST,,,728.0,728.0,728.0
B07V1Z489Y,,,1825.0,1825.0,1825.0
B07V2DH266,,,,,13.0
B07V2SYV7Q,,,,,34.0
B07V2XTCCV,,,,728.0,728.0
B07V3G8R2K,,,,,65.0
B07V3PR1LV,,,432.0,432.0,432.0
B07V4BVM68,113.0,,,,
B07V4VB1R3,,,,,12.0
B07V5R28VS,,,,,104.0
B07V6P45YC,,,79.0,,79.0
B07V721RHH,,,102.0,,
B07V7BDBK3,,,,,7.0
B07V7S5M7G,,,79.0,,79.0
B07V7SFZ8P,,,,,688.0
B07V7XKMFZ,,,486.0,,
B07V8FQBB1,,,,,20.0
B07V8HB3LH,,,,63.0,
B07VB85BXN,,,,,85.0
B07VB878LW,,,31.0,31.0,31.0
B07VBRW8P3,,,,972.0,972.0
B07VBRX8FV,,,,,973.0
B07VCHSSLK,,,,793.0,793.0
B07VCXNDQ6,,,,973.0,
B07VD9TFKV,,,,,6.0
B07VDHV1NH,,,,,291.0
B07VDWDQ5Q,,,10.0,,
B07VDXPSFR,,,,973.0,973.0
B07VF3JJ4W,,,265.0,,265.0
B07VFH9PKT,,,,,1.0
B07VFLT4C3,,,,697.0,697.0
B07VFMDY6G,,,,,398.0
B07VFS1QLC,,,,,288.0
B07VG6LCJW,375.0,,375.0,375.0,375.0
B07VG7XHJC,,,,,14.0
B07VGF2HL4,,,,130.0,130.0
B07VGGT8V1,,,,,85.0
B07VGJC92R,,,,85.0,85.0
B07VGJVRRW,,,,,130.0
B07VGPT18D,,,,,244.0
B07VGTQ52L,28.0,,,,
B07VGXFNPK,,,,,26.0
B07VH4V55N,,,,974.0,974.0
B07VHJ1J5S,,,840.0,840.0,840.0
B07VHMV2M9,,139.0,,,139.0
B07VHYFSJJ,,,,,48.0
B07VJ3JHCK,,,,970.0,970.0
B07VJ47GVG,,,,334.0,
B07VJKNLNR,,,,,522.0
B07VJNCTZ1,,,,,90.0
B07VJYGXVL,,,17.0,,17.0
B07VK8HKQ6,,,,32.0,32.0
B07VKKWT6Q,,,,,90.0
B07VL39DFQ,8.0,,,8.0,8.0
B07VL87TV1,,,,,378.0
B07VL87TZP,,,49.0,49.0,49.0
B07VMDNSLJ,,,,,55.0
B07VMJGVRC,6.0,,,6.0,
B07VN46F3T,,,,,78.0
B07VN6S3Q7,,,,19.0,
B07VN6WHW3,,,712.0,,712.0
B07VNDL43X,,,,45.0,45.0
B07VNJBWLK,,,235.0,235.0,235.0
B07VNJR76S,,8.0,,,
B07VNKH8HD,,,20.0,,
B07VPDKSCB,,29.0,,29.0,29.0
B07VPF3N9Y,356.0,356.0,356.0,356.0,356.0
B07VPH8WQ3,,130.0,,,
B07VPSSYX9,,246.0,,,246.0
B07VQ6TRFQ,21.0,,,,
B07VQQ39TY,,,,,25.0
B07VR3369B,,,26.0,26.0,26.0
B07VRBNYHC,21.0,,,,21.0
B07VRBYRJQ,,,21.0,,
B07VRDV4JZ,,,,263.0,263.0
B07VS3CVXL,,37.0,37.0,,37.0
B07VSF44VS,,,21.0,,
B07VSFBDM8,,,21.0,,
B07VSPYYZR,,,,,166.0
B07VSZXHFG,,,,21.0,
B07VT13S44,,,,,21.0
B07VT1WCKL,,21.0,,,
B07VT316B3,,,,,21.0
B07VT33HBV,,,,21.0,
B07VTMX4B4,,,,,23.0
B07VTNGDS2,,,,,24.0
B07VTV616S,590.0,590.0,,,590.0
B07VV82CK9,,,,48.0,48.0
B07VWBTJ9M,,,,,46.0
B07VWMY9CS,,53.0,,,
B07VWV1284,,,,,220.0
B07VWVXFKM,,,,,4884.0
B07VXCQQQY,,,,,60.0
B07VY52Q7B,,,,610.0,
B07VY95JXH,,,7.0,,
B07VY9P1XY,,,,,23.0
B07VYN67P1,,,,,4.0
B07VYPLGLL,,,,,34.0
B07VYV1RYK,,,,,5.0
B07VYXNGZQ,,,,,47.0
B07VZF24WB,,,,,298.0
B07VZP67S8,34.0,,,,34.0
B07VZS4LWR,,4.0,,,
B07W12K4Y5,,,,,221.0
B07W1F48J7,,,,973.0,973.0
B07W2ZXCZB,,,,,55.0
B07W498RCB,,,,,12.0
B07W4B43NP,,,,130.0,130.0
B07W4TWBFC,,,,10.0,
B07W4WX3P2,,,,,15.0
B07W4YS4QJ,,,,,215.0
B07W4ZF1DH,4884.0,4884.0,4884.0,4884.0,4884.0
B07W514TGT,,,,,82.0
B07W51C8RK,,,,,298.0
B07W5FJCKM,,,,,2307.0
B07W5FJXDH,,,,,77.0
B07W5FSFSV,,,,610.0,610.0
B07W5H2GDN,,,,,85.0
B07W5SXP7B,,,,,3.0
B07W63B4BF,,,,,6.0
B07W68VZ67,,,,,20.0
B07W6DPWJV,,,,53.0,53.0
B07W72LGLH,,,,,16.0
B07W7TG7BW,,,,,27.0
B07W7W6N5Y,,,,,16.0
B07W8LMNVH,,,,,1286.0
B07W8N31MW,15338.0,15338.0,15338.0,15338.0,15338.0
B07W8V7D85,,,,,16.0
B07W8Y4SMH,,,,16.0,16.0
B07W9136T6,,,,462.0,462.0
B07W91XS3B,,,18.0,,
B07W9F74N2,,,,,6.0
B07WBYP8C8,,,,,10.0
B07WBYZ33X,,,,,16.0
B07WCC9M3D,2652.0,,2652.0,2652.0,2652.0
B07WCGMC1F,,,,,82.0
B07WD218GQ,,,3.0,,
B07WD79ZCZ,,,,,872.0
B07WDPGWG3,,,15338.0,,15338.0
B07WDSGW4P,,22.0,,,
B07WDSZYBY,,,,,5.0
B07WDWDFBF,1284.0,1284.0,,1284.0,1284.0
B07WFC8KBF,,,,,872.0
B07WFJX3P1,,4660.0,4660.0,4660.0,4660.0
B07WFK92XP,4660.0,4660.0,4660.0,4660.0,4660.0
B07WFZBCWW,909.0,909.0,909.0,909.0,909.0
B07WGBD9KW,,,,,146.0
B07WGD4PJL,,872.0,,,
B07WGGRRFW,,,39.0,39.0,39.0
B07WGQTB7R,,,,,1181.0
B07WHN568R,1779.0,,,,1779.0
B07WJ7W7R7,127.0,,,,
B07WJF6QW8,,,282.0,282.0,282.0
B07WJXG8R9,,,,,1181.0
B07WK4CTBY,,,,34.0,34.0
B07WKV8PGG,,,,227.0,227.0
B07WLS7SBQ,,,,,82.0
B07WLXNQF9,223.0,223.0,223.0,,223.0
B07WMMHQ9T,,,1779.0,1779.0,1779.0
B07WMNTBL3,,,,,1779.0
B07WMYRBXL,,,,149.0,149.0
B07WNJPF2R,,,,779.0,
B07WNSV36Z,,,,,624.0
B07WNSVK2F,,,,624.0,624.0
B07WP9BRCT,,,,9.0,
B07WPHHVQX,,,,,25.0
B07WQY2R41,,,,,779.0
B07WR7672Q,,,,,175.0
B07WR834XY,175.0,175.0,175.0,,
B07WRKMM2L,,,,9188.0,9188.0
B07WRNDHH7,,,,624.0,624.0
B07WRNFQ2Y,,,,624.0,624.0
B07WRPMKR1,825.0,825.0,825.0,825.0,825.0
B07WRPNH4Y,6839.0,6839.0,,6839.0,6839.0
B07WRT3JPZ,,,,,4.0
B07WRZNZ79,762.0,762.0,762.0,762.0,762.0
B07WSN5133,,,,,2257.0
B07WSN526T,,10.0,,,10.0
B07WSNBL69,81.0,,,,
B07WSR4DHJ,,,,29.0,29.0
B07WSTZ38Z,247.0,,247.0,247.0,247.0
B07WTTJXXV,6839.0,6839.0,6839.0,6839.0,6839.0
B07WTTK2TM,6839.0,6839.0,6839.0,6839.0,6839.0
B07WTXV2YN,,,,,117.0
B07WV2HS1M,,43.0,,43.0,43.0
B07WVRRJ8D,,,,,624.0
B07WVSL4LM,,,,624.0,
B07WVSYBYK,,,,,624.0
B07WVTB5TT,,,,,624.0
B07WVV42KL,,624.0,,,624.0
B07WVV6KRK,6839.0,,6839.0,6839.0,6839.0
B07WVWXTHJ,6839.0,6839.0,6839.0,6839.0,6839.0
B07WVY1H8M,6839.0,6839.0,6839.0,6839.0,6839.0
B07WWVZWCW,,,6839.0,6839.0,6839.0
B07WWZBXQW,,6839.0,6839.0,6839.0,6839.0
B07WXP5QG6,,872.0,,,
B07WYC7VWD,,,282.0,282.0,282.0
B07WYJ2CG3,,848.0,848.0,848.0,848.0
B07WYV7MG4,,481.0,,,
B07WZ7VTLC,,,,,1261.0
B07WZBSX5K,,,,,260.0
B07WZLC4YZ,17.0,,,,
B07WZPJ9QJ,,,,,2.0
B07WZS1PX4,,262.0,,262.0,
B07WZTX83H,,,,,11.0
B07X13LY91,,,,,4.0
B07X173NL3,,,,,1261.0
B07X1KJRP2,,,,,2.0
B07X1N1FBQ,,,,,19.0
B07X27F1N4,,,,374.0,374.0
B07X27GC64,,,,,374.0
B07X2C61WW,,,,,34.0
B07X2QJF9Z,,,,49.0,49.0
B07X2R1KT2,,,,,12.0
B07X32YJ9C,,,22.0,,22.0
B07X37325B,,,,,374.0
B07X3DRDSC,,481.0,481.0,,481.0
B07X3SM66V,,,,,96.0
B07X42S5SJ,,,,,11.0
B07X541PH4,263.0,,263.0,263.0,263.0
B07X54SSRW,,,,,76.0
B07X5C5ZVT,,,,13.0,13.0
B07X5C6BQK,,,,374.0,374.0
B07X5SQBK6,,,,,121.0
B07X6QXKPH,1573.0,1573.0,,1573.0,1573.0
B07X7WFDWL,,88.0,,,
B07X8C4VND,1573.0,,,1573.0,1573.0
B07X8XXK28,715.0,,,715.0,
B07X8XZK32,,,715.0,,715.0
B07X92QS7G,,,,,25.0
B07X9QLMLN,445.0,,,,445.0
B07X9V7BPT,,416.0,,416.0,416.0
B07XB6TXMF,,,,,9.0
B07XBFNVVV,,,,,2257.0
B07XBM9CS9,,8.0,,,
B07XBST35J,,,317.0,317.0,317.0
B07XCTX58F,167.0,,,,
B07XCXW4YC,,,,,30.0
B07XDR4J1M,,,,386.0,386.0
B07XF1723B,,,,,107.0
B07XF1PLPK,144.0,,144.0,,144.0
B07XFHMGXG,,,,,235.0
B07XG1CP7G,,,,,541.0
B07XG9H162,,,41.0,,
B07XGBMDYL,,,,,44.0
B07XJ9RPK5,,,,,94.0
B07XJ9RTDN,,,,,937.0
B07XJLL4P2,65.0,,,,
B07XJLVCW5,1573.0,,,,1573.0
B07XJQJKNN,,,,6.0,
B07XJT44XB,,,,,226.0
B07XJWKG2S,,,,,75.0
B07XK1WLJZ,,,,,226.0
B07XKQXQ76,1573.0,1573.0,,,1573.0
B07XKT5DWQ,,222.0,,,222.0
B07XKT6VF1,,,,,222.0
B07XKZLRBS,,151.0,,,151.0
B07XKZRLZ3,,,,,63.0
B07XL5VDVY,,486.0,,,486.0
B07XL7FHN4,,,,,5.0
B07XLHYGLY,,,,,25.0
B07XLQNTYN,,,,260.0,260.0
B07XLXJ5F4,715.0,,,,
B07XM5QCLK,,,,,47.0
B07XM9QSFV,,,,,9.0
B07XMHWY8S,4341.0,,,4341.0,4341.0
B07XNC4P6N,,,,,32.0
B07XNLHQX4,,,,,251.0
B07XNMZ8P2,,,1573.0,1573.0,1573.0
B07XNPW9B3,1573.0,,,,1573.0
B07XP2Z99C,,,,,198.0
B07XP4VN5L,,,222.0,,222.0
B07XPB63MQ,,222.0,,,222.0
B07XQBB19C,,,,,478.0
B07XQZPXLX,1563.0,,,,1563.0
B07XRPJPLK,,,,,18.0
B07XT2LR6V,,,,98.0,98.0
B07XTB5WRQ,,,5.0,5.0,
B07XV91JMD,210.0,,,,210.0
B07XWNLN31,,,,,38.0
B07XWQMMFV,,,131.0,,
B07XWR8R63,,,,,9.0
B07XWSSQVT,,,,131.0,
B07XWTLYXQ,,,,131.0,131.0
B07XX88VYC,,,,,41.0
B07XXB9YVR,,,,,363.0
B07XYS58D2,,,,,9.0
B07XYT6LTT,,,,20.0,
B07XYXFVL7,,,,,115.0
B07XZB4N7X,,,,,15.0
B07XZG2Q8J,,,,,1.0
B07Y16WQ9Y,,,,,11.0
B07Y1W27PN,,486.0,,,
B07Y221WVK,,,,,284.0
B07Y2QRGYC,,,,21.0,
B07Y2WFLBB,,,,45.0,
B07Y2XHB4D,,,14.0,,
B07Y31Y923,456.0,,456.0,456.0,456.0
B07Y36D814,,,,431.0,431.0
B07Y458GJ8,2791.0,2791.0,2791.0,,2791.0
B07Y45DFSV,,,,,2791.0
B07Y45HHVD,,2791.0,2791.0,,2791.0
B07Y4J531D,150.0,,,,
B07Y4T2BLT,,,,,150.0
B07Y4XWP61,,,,136.0,
B07Y4ZBNBM,,,,,150.0
B07Y535FRQ,122.0,,122.0,122.0,
B07Y53M54Q,715.0,,,,
B07Y5B7GLR,715.0,,715.0,,
B07Y5BNBJT,,,715.0,,
B07Y6C6X64,,,,12.0,
B07Y6SH7QD,,,,87.0,
B07Y739XGM,,,,,16.0
B07Y7KFZWF,,72.0,,,72.0
B07Y7Q6HVH,,,,,624.0
B07Y7TQVJK,,,4341.0,,4341.0
B07Y7TXJ6R,,,4341.0,4341.0,4341.0
B07Y7V23ZR,,,,,4341.0
B07Y7V5Q6M,,,,4341.0,4341.0
B07Y7V7BLH,,,,4341.0,4341.0
B07Y7VCH7J,4341.0,4341.0,4341.0,,4341.0
B07Y7VJZCF,,,,4341.0,4341.0
B07Y7VLM4Z,,,,,4341.0
B07Y7VR1XM,,,,,4341.0
B07Y7VSL3R,,,,4341.0,4341.0
B07Y817Y4R,23.0,,,,
B07Y84TWKB,,,,9.0,
B07Y9F7WXD,,2187.0,2187.0,2187.0,2187.0
B07Y9H7FSQ,,,,2158.0,2158.0
B07Y9JDXPK,,,2158.0,,
B07Y9M3BWJ,2158.0,,2158.0,2158.0,2158.0
B07Y9MKYVL,,2158.0,2158.0,2158.0,2158.0
B07YBK3QYV,,,,,69.0
B07YCRSVNQ,,,,,6.0
B07YCXJW22,,,,,18.0
B07YCY69M6,,5.0,,,
B07YCYMKJ4,,,5.0,,
B07YD3X56V,,,,,11.0
B07YD3X574,,,499.0,,
B07YD4753T,,,,,20.0
B07YD499GM,,,,,179.0
B07YD4CKK5,,,,,636.0
B07YD4D677,,89.0,,,
B07YD4FMH8,,,,152.0,152.0
B07YD4J5TX,,,,,152.0
B07YD4KBW8,,,,,133.0
B07YD4N3DM,,,,,1363.0
B07YD4SMJ7,,,,,133.0
B07YD4VKKR,,,,,82.0
B07YD4XVL1,,,,,2307.0
B07YD51S97,,,,,610.0
B07YD5FRDW,,,,89.0,89.0
B07YD5GHM2,,,,,152.0
B07YDB924B,,,,4584.0,
B07YDBSYBT,,,,,255.0
B07YDC5HDD,,,,182.0,182.0
B07YDKD6H9,290.0,,290.0,,290.0
B07YDVGNB3,,,,,254.0
B07YFQSSSK,8.0,,,,
B07YFRPXYV,,,17.0,,
B07YGTKRRK,,11.0,11.0,,
B07YHB5KC3,,,,,21.0
B07YHL2TQF,,1.0,,,
B07YHYTS3P,,,,,9.0
B07YJ58L7V,,,253.0,,253.0
B07YJFKTXL,222.0,222.0,222.0,,222.0
B07YJFQMTL,,,222.0,222.0,222.0
B07YJSM1PY,158.0,,158.0,,158.0
B07YK2HQTM,,,,,1149.0
B07YK7PGXC,190.0,,,190.0,
B07YKHMB95,,,,,33.0
B07YKL4ZQT,,,,19.0,19.0
B07YMRN2K7,,,,2.0,
B07YQSMM5B,,,,,5450.0
B07YR2SMGT,,,,,140.0
B07YR3MVLJ,1199.0,,,,
B07YR4QZ5Z,,,,,140.0
B07YR5JZFP,,,,,204.0
B07YRRKSQ7,,,,,21.0
B07YS4NTXL,250.0,,,,
B07YS5S5RT,2252.0,,,2252.0,2252.0
B07YTW6H7Z,81.0,81.0,81.0,,81.0
B07YXJDD5H,,,,,190.0
B07YXN8453,,,,715.0,
B07YZFNYX4,53.0,,,,
B07YZFX8QT,,,,138.0,138.0
B07YZQ56MD,,,,,28.0
B07YZTQF9Z,,27.0,,,
B07Z1B1HQP,,,,,270.0
B07Z1BRK6V,,,,,8.0
B07Z1DHWYV,,,,270.0,270.0
B07Z1DYZPD,,,,36.0,
B07Z2JSL9W,,18.0,,,
B07Z3958YH,,,,,33.0
B07Z3BPMHH,,,,,4.0
B07Z3C494K,,,,,1942.0
B07Z3V25P6,,,,,673.0
B07Z3VXBCZ,,,,,673.0
B07Z41VVL3,,,673.0,673.0,673.0
B07Z4DBWQ5,158.0,,,,
B07Z5BSG5G,,,,,5.0
B07Z5VHFWM,,,,,12.0
B07Z69MZKY,385.0,385.0,,,385.0
B07Z6GB2T3,,,,104.0,104.0
B07Z6GYHH8,,,4.0,,
B07Z79V5P8,,,,,13.0
B07Z7PRXY6,,,,,17.0
B07Z7SFCGV,,320.0,320.0,320.0,320.0
B07Z89VFQZ,,54.0,,,54.0
B07Z8JXWL9,,,,,556.0
B07Z8K6PKD,,,,556.0,
B07Z8KFQX4,,,556.0,,
B07Z8KFQXM,,,,,116.0
B07Z9HQYF3,,,,,8091.0
B07Z9JSN87,8091.0,,,,8091.0
B07Z9NJ4P1,,107.0,,,107.0
B07Z9RJPPP,,,,,1.0
B07Z9Y12K7,,,598.0,,598.0
B07ZB141Q4,598.0,,,,598.0
B07ZB325P2,,,4884.0,4884.0,4884.0
B07ZBY3XP1,,,,,7.0
B07ZC2GK1R,,,,,48.0
B07ZD4RG2V,505.0,505.0,505.0,505.0,505.0
B07ZD4ZQBZ,,,,,64.0
B07ZDDQXPX,,,,,459.0
B07ZDMTKPZ,43.0,,43.0,,
B07ZF5C1JW,,,,,65.0
B07ZFH97D7,,,,,4884.0
B07ZGZS66Y,38.0,,,,
B07ZH3CBXX,,,,,59.0
B07ZJ2LTGM,14.0,,,,
B07ZJCNTKQ,,,,,36.0
B07ZJD7TSR,,,,,227.0
B07ZJP4H45,,,,,75.0
B07ZKLBP31,,,100.0,,100.0
B07ZKRJSNL,,,,,1.0
B07ZLZ6PXC,,,,,30.0
B07ZMXCK7M,,14.0,,,
B07ZNB1KPT,212.0,212.0,212.0,212.0,212.0
B07ZNGKB19,,,,,8.0
B07ZNPK156,,212.0,212.0,212.0,212.0
B07ZNPYWTX,,,212.0,212.0,212.0
B07ZNV2FZ4,,,,,212.0
B07ZNW21JW,212.0,212.0,,,212.0
B07ZNW455S,,,,212.0,212.0
B07ZP626XN,,,,,3093.0
B07ZP8YMW1,92.0,,,,92.0
B07ZPZSFY3,,,,,230.0
B07ZPZVNNT,,,,,230.0
B07ZQ14X57,,,,,11.0
B07ZQ1816V,,,,,230.0
B07ZQ1BMTX,,,230.0,,
B07ZQ1LH3M,,,,230.0,
B07ZQ1TSV2,,,,230.0,
B07ZQ84VWR,,,,,230.0
B07ZQ8NJKS,,106.0,,,106.0
B07ZQPZH1Z,,,136.0,,
B07ZQQKNFY,,,,,136.0
B07ZSB1373,,,,,44.0
B07ZSBFMW4,15.0,,,,
B07ZSGZRRZ,,,,,8.0
B07ZSW4PTP,,,26.0,,
B07ZTQRLKG,,,,9.0,
B07ZTWQX2H,,,,,802.0
B07ZVD59HP,715.0,,,,
B07ZVDDC4Q,715.0,,,,
B07ZVFB7CJ,,,,,77.0
B07ZWHZXKZ,,,,,188.0
B07ZXZJ1H1,,,,,14.0
B07ZYHHNGC,,,,,3.0
B07ZYK2YV5,,,,,5.0
B07ZYLNDH7,,,6.0,,
B07ZYM57JQ,29.0,,,,
B07ZZH4SDT,3.0,,,,
B0812FXGSD,,,823.0,,823.0
B0812G92MG,,,828.0,,
B081341JPF,,342.0,,,342.0
B0813D7ZXK,52.0,,,,
B0813HD1JP,,,,,1.0
B0814QMXBP,3313.0,,3313.0,,3313.0
B0814QTP3S,3313.0,,,,
B08152B4Q5,,,,,3313.0
B08154B6L9,,,3313.0,,3313.0
B08154DDCX,,,3313.0,,3313.0
B08154GZ8L,3313.0,,,,3313.0
B08154JGDT,,,3313.0,3313.0,
B08154LRC4,,,3313.0,,
B08154TBRW,,,,3313.0,
B08154VBFM,,,,,3313.0
B08154W5B2,3313.0,,,,
B08154ZYN7,,3313.0,,,3313.0
B0815515QJ,,,,3313.0,3313.0
B081551C1S,,,,,3313.0
B081552BFV,3313.0,,,,3313.0
B081553297,,3313.0,,,
B081553G1Y,3313.0,,,,
B0815549F5,,,,,3313.0
B0815574PD,,,3313.0,,3313.0
B081557B4D,,,,3313.0,
B081557TWV,3313.0,,,,
B08155BKPL,,,,,3313.0
B08155HKTC,,3313.0,,,3313.0
B08155JDF9,3313.0,,,,3313.0
B08155JJ88,3313.0,,,,3313.0
B08155LCL2,,,,3313.0,3313.0
B08155R5WT,,,3313.0,,
B08155RDNK,,,3313.0,,3313.0
B08156GVKS,,,,,29.0
B081576DHL,,,,59.0,
B08157JJVK,,,,,142.0
B08159YDC2,,,,,43.0
B0816JV8K2,,,,,59.0
B0816P7S5K,,118.0,,,118.0
B0819BPW3Z,,,,23.0,
B0819BZXYF,,,38.0,,
B0819CDGJW,,,,38.0,38.0
B0819SWXTL,,,,,7.0
B081DBDBJW,,,,,1.0
B081DBVWLZ,,,32.0,32.0,
B081DJMVR9,,,,92.0,92.0
B081DS2BL6,,,,,1.0
B081H6Y2VT,12.0,,,,
B081JGXNS8,211.0,,,,
B081LJ92GB,,,,,286.0
B081LLNPVG,19.0,,,,
B081MY9T74,,,,227.0,227.0
B081N4CT4K,,734.0,734.0,734.0,
B081N4FKP6,734.0,,,,734.0
B081N4K18J,,,,,734.0
B081N4LMJ1,,,,,734.0
B081N4PHWC,,,,,201.0
B081N5C2HQ,,,734.0,734.0,
B081PV47VZ,,,,,24.0
B081PXQYTK,,19.0,,,
B081QDDH17,,,,,99.0
B081QDJFRD,,,,,99.0
B081QDZVQK,,,,,99.0
B081QXLKVM,,2189.0,,2189.0,2189.0
B081QY6D1D,,,,,43.0
B081RV88JG,,,,170.0,170.0
B081TB91T3,,,,,60.0
B081TC1NMQ,,,,34.0,
B081TQJ9BR,10.0,,,,
B081TWD8RM,,,,,235.0
B081TZCR55,351.0,,,,
B081VQQVD3,,,143.0,,143.0
B081W9NLYY,,,,,68.0
B081X15GZT,,,,,231.0
B081XW7XNW,,1104.0,1104.0,1104.0,1104.0
B081XWD8R5,,1104.0,1104.0,,1104.0
B081YNYBVM,,,,,86.0
B081YS1W24,,,,,17.0
B081Z5JKJL,201.0,,,,
B081ZQK7D3,,,,,218.0
B0821SX237,,,,,35.0
B0822CB1M4,,,,4660.0,4660.0
B0822FF16C,,,,,471.0
B0822GLCX3,,,,,25.0
B082326Z3Q,,,130.0,130.0,
B0824D84L4,,36.0,,36.0,36.0
B0824DTRJ2,,,,,36.0
B0824J8HPX,,,117.0,,117.0
B0825R1FRD,,,,1.0,
B0825TKZQ2,,,,,536.0
B0826NH24Z,,,,208.0,
B0826VM5VQ,,,,,22.0
B082832QMP,3.0,,,,
B0828N3BQ6,,271.0,,,271.0
B0828ND4MP,,,,,271.0
B0828RG2RQ,,,,,8.0
B0828T9Y2R,2791.0,,,2791.0,2791.0
B0828TX1LK,298.0,298.0,,,298.0
B0828YRKBJ,,,99.0,99.0,99.0
B082B926Q1,8.0,,,,
B082CHSDV8,,,,247.0,
B082DJZJL4,,,,,378.0
B082F1FNVW,23.0,,,,
B082FDCTRT,,,,125.0,125.0
B082FKPGGS,,,,,235.0
B082FZ7PHH,4.0,,,,4.0
B082G1MVTN,,,,,29.0
B082G7QM7F,,,,,60.0
B082GG8SPP,,,,,398.0
B082H2TYWD,2627.0,2627.0,2627.0,2627.0,2627.0
B082KFWXVK,,,,,36.0
B082KLPTWB,439.0,439.0,439.0,439.0,439.0
B082M2JDP7,,,,3.0,
B082MK7LH2,,,,,1601.0
B082MKZ2D5,,,182.0,,
B082ML9GT3,,3.0,,,3.0
B082MXFBBH,,,,,78.0
B082MZFZS4,,,,,78.0
B082P529BC,,,,,417.0
B082P5RZ64,,,,417.0,417.0
B082PRCGHS,,,,260.0,260.0
B082QXZ4QD,182.0,182.0,,,
B082RBLL29,,,,330.0,330.0
B082S63HW3,,,,,42.0
B082SK83QC,,,,,43.0
B082SS1819,,,,,6.0
B082SSQ2FM,67.0,,,,
B082TQ29WF,,9.0,,,
B082TX2BZG,,,,,16.0
B082V1H2RS,,21.0,,,
B082VG7NL4,,,,,21.0
B082VPPKV7,238.0,,,,
B082VQ5SRS,1101.0,1101.0,,1101.0,1101.0
B082VQ75V4,,,,1105.0,
B082VXLGKN,,,,,83.0
B082WZFTNX,,,549.0,549.0,549.0
B082X7SGQD,,,,,386.0
B082X8HQ3L,,,,,1056.0
B082X9WZGH,,326.0,,,
B082XB9CYM,,,,222.0,
B082XPD9GD,,,,,386.0
B082YC2V33,,,,,2516.0
B082YKXXM4,,,,,537.0
B082YQ9GNS,,,,,552.0
B082YR39N7,,21.0,,,
B082ZBHWHQ,,,17.0,,
B082ZH1HSM,,,,,13.0
B082ZTCCMC,,90.0,,,90.0
B082ZY7D18,,,,,85.0
B08317FFKD,,715.0,,,
B08317HR5Z,,,,,715.0
B08317MJ6B,,,,,715.0
B08317RYZG,,,,715.0,
B0832F43FN,1673.0,,1673.0,1673.0,1673.0
B0833PGZFY,75.0,,,75.0,
B08345X11K,,,,,104.0
B08346PCFP,,,,,92.0
B0834S9BKK,104.0,,,,
B0834TCBZB,,,,,63.0
B0834VZZJX,,,292.0,,292.0
B0836BHVWN,,,,,212.0
B0836L5SPL,,212.0,,,212.0
B0837CDDK8,,,,,649.0
B0837FJ4FG,,,,,2623.0
B0838XN5T7,751.0,,,751.0,751.0
B083988BSQ,,,,,270.0
B08398PGQ1,,,,,269.0
B083B7R1L4,,,,19.0,
B083B9D3LQ,,,185.0,,185.0
B083BHQ1K3,,430.0,,,
B083F759D8,,,,,209.0
B083FZ4DRL,,,715.0,,
B083G9KB8Z,,54.0,,54.0,54.0
B083GC69JC,,,1.0,,
B083GJYYXH,,,,,16.0
B083GPQY73,,,,,22.0
B083H1F835,,,,,1.0
B083HT8KFP,264.0,,,264.0,264.0
B083J4TQ7Q,,,,,311.0
B083J4ZMSC,,,311.0,,
B083J63VCT,,,,,4884.0
B083J7N1SX,,,,,30.0
B083J7XG17,,,,,10.0
B083J7Z9F1,,,,,1.0
B083JWY285,,67.0,,,
B083K7GYTH,,,,,5.0
B083L58HGT,770.0,,,,770.0
B083LK6XRW,,,,,24.0
B083LYT12L,,,110.0,110.0,110.0
B083M6V938,,,,,2.0
B083NNJFBP,587.0,,,587.0,587.0
B083NRF3BV,,,,,174.0
B083NWHF8J,,,,,8.0
B083PP1PRS,,,,,3.0
B083Q29XYL,,,7.0,,
B083RZ5PJM,,,,,1603.0
B083T9DQL2,149.0,,,,
B083TBC7BW,4138.0,4138.0,4138.0,4138.0,4138.0
B083TN71P6,,,,,149.0
B083TSVV2W,,,149.0,,
B083TZK5VT,129.0,,,,129.0
B083V676ZW,14.0,,,,
B083V6C13W,,,,,14.0
B083V6HF77,,,14.0,,
B083VT3C4L,,,,,4.0
B083W7HZ13,,,,,67.0
B083XTWL13,224.0,,,224.0,224.0
B083Y253GQ,,,,,258.0
B083YT184V,,,,129.0,129.0
B083Z4RH4Y,,,129.0,,129.0
B083Z66Y48,5.0,,,,
B083Z7FGSN,,,,,20.0
B083Z9VW5G,,,129.0,,129.0
B083ZBC2VS,,,,,2.0
B083ZKWT64,,,,541.0,
B083ZKXZV4,,,406.0,406.0,406.0
B0841NMKM1,26.0,,,,
B08423D9DW,119.0,,,,
B0843K8P1S,,,,,2114.0
B0843SVMJ8,4.0,,,,
B0844NXFLH,2666.0,2666.0,2666.0,2666.0,2666.0
B0844PKGX1,2666.0,2666.0,2666.0,2666.0,2666.0
B0844Q6G67,2666.0,2666.0,2666.0,2666.0,2666.0
B0844RQF7Q,2666.0,2666.0,2666.0,2666.0,2666.0
B0845Z1458,,,,,1013.0
B0847J1V96,,,,,1.0
B084DW1NTW,,1363.0,,,1363.0
B084DW2WVX,,,,,2307.0
B084DW4PXT,,,,,610.0
B084DW4RS2,,,,,89.0
B084DW5S2W,,,,,275.0
B084DW6QKQ,,,,,402.0
B084DW6QQD,,,,,50.0
B084DW9CY5,,,,,501.0
B084DWDJDQ,,,,,179.0
B084G5WBHD,,,112.0,,112.0
B084GSZMBF,,,,,1494.0
B084H9Z8VP,,,,,213.0
B084HB76GT,,,,,8.0
B084JFJ3NW,,,,,252.0
B084JSVJF6,,11.0,,,
B084KLNMWS,,,,,43.0
B084KMDJQY,,,,43.0,
B084KPMZF6,,54.0,,54.0,
B084KX1CF4,,,43.0,43.0,
B084L1WPSZ,,,,,43.0
B084PMWD7L,,,,,144.0
B084Q2Y46S,,,,,13.0
B084QHBRHZ,271.0,271.0,271.0,271.0,271.0
B084RDH2SR,,,543.0,543.0,543.0
B084S8PCNB,,,26.0,26.0,
B084SPCPP4,,,,,13.0
B084VQG6W9,,,23.0,,
B084VQLWPW,,,25.0,,25.0
B084VTZ5Q1,,,,,5.0
B084W3KM84,,,,,112.0
B084WPZVY2,,,,,694.0
B084YP8RZ2,,,,,9.0
B084ZRZ24Y,9.0,,,,
B085253WDS,,,,,556.0
B08527Y3SV,,,,,131.0
B0852NQ6Y4,,,,,1261.0
B0852Z5NDP,,,,,720.0
B0852ZCXV3,1061.0,,1061.0,1061.0,1061.0
B0852ZQPDK,,,980.0,,980.0
B08544RW4H,,,,63.0,
B08545PMNX,,,,63.0,
B0854SS8QB,,,,,1892.0
B0855CLB9C,,,,,1892.0
B0855D8BZ1,,,,1892.0,
B0855KCLXS,,,,,1892.0
B0855N7LL1,,839.0,,839.0,
B0856SQ3K5,842.0,,,,842.0
B0856Y6KZ1,,,,,842.0
B08575N76M,,,,,543.0
B0858Y7KLV,406.0,,,,
B0859QFN9F,,,,,51.0
B0859QPNZY,,,26.0,,
B085BMLMKJ,39.0,,,,
B085DP7RD2,,,21.0,,
B085DQ9HXS,,,,,63.0
B085DQHS24,,,,5.0,
B085DS2J73,,,,,6.0
B085F4B263,,263.0,263.0,,263.0
B085FSY299,15338.0,15338.0,15338.0,15338.0,15338.0
B085G7LMC6,15338.0,,,,15338.0
B085H85FBT,,,,,3.0
B085HCDXJ1,,,,,37.0
B085HLCR6Q,,,,187.0,
B085HY42P5,,87.0,,,87.0
B085HY727Q,,,,,87.0
B085HYJMYZ,,87.0,,,
B085HYLJ4M,,,,87.0,87.0
B085KTV4YD,,,,,190.0
B085KXZ6ND,254.0,,,,254.0
B085L1H9FB,61.0,,,,
B085LD46V4,190.0,,,,
B085LDCKGY,,,,,190.0
B085LDR3TB,,,,,190.0
B085M21573,,,,,9.0
B085M3N314,78.0,,,,
B085M5BXBM,,,,,51.0
B085MTV5VR,,,,,84.0
B085NDPRBL,4894.0,,,4894.0,4894.0
B085NHBWYD,3874.0,,3874.0,3874.0,3874.0
B085NK93XF,,,,,3.0
B085NNTL29,104.0,,,,
B085QGT7KG,,,,,48.0
B085QGZ7HQ,,,,48.0,
B085QHLF4C,,,,,48.0
B085S7DWNG,,,,,99.0
B085T7F67T,,,,,117.0
B085T9L7HK,,,,,117.0
B085TBV4MQ,,,,8.0,
B085TR26T4,,,,,457.0
B085WKHCJ5,98.0,,,,98.0
B085WQ2H7M,,131.0,,,131.0
B085XB7H59,,,,,101.0
B085YFJYWF,,,,,161.0
B08611B72C,,,2158.0,,2158.0
B08611RSB5,,,2190.0,,2190.0
B08621QNYV,55.0,,,,
B0863D27CR,,,,5.0,
B0863JPPTY,715.0,,,,
B0863KN756,,715.0,,,
B0864TFL1N,,,,,311.0
B0864X97XF,,,,,311.0
B08651V1DH,,,,311.0,
B0865PLZP5,,103.0,,,103.0
B0865TT2LR,130.0,,130.0,130.0,130.0
B0865VJX8J,,,,,31.0
B0865XVSBL,,,,,43.0
B0866CNZGF,,108.0,,108.0,108.0
B0867DLCT8,,,,,11.0
B08682PD8J,,,,,5.0
B0868C93D1,,,37.0,,
B0869L1V24,,,,173.0,
B0869QJ7Q6,492.0,,,,492.0
B086B882GK,,,,,68.0
B086DKT3SN,,,239.0,239.0,239.0
B086DVJ81N,,3.0,,,
B086GDWWM4,,,,,136.0
B086GG81QL,,,,,1.0
B086GHY7WW,,,37.0,,
B086GJ8HF9,118.0,,118.0,,
B086GJRGTN,,,127.0,,
B086GM1Z78,,,23.0,,
B086GN2L81,1.0,,,,
B086GPCHYJ,,,,,57.0
B086GPTG7R,,,,,4584.0
B086H1SJ3L,,,,,354.0
B086HFYZC2,,,,,214.0
B086JP963J,,155.0,,155.0,155.0
B086JQK5CY,,,,,1465.0
B086JWC3MY,,,295.0,295.0,295.0
B086JXCTJN,,,,103.0,103.0
B086KQNG4B,,,,,1.0
B086PD27W5,1678.0,,1678.0,1678.0,1678.0
B086PLLT5C,,,,,1695.0
B086PPVSYT,,,,,86.0
B086PR7SHR,,,149.0,,149.0
B086PW44N5,,,,,117.0
B086QRP47K,,,84.0,84.0,
B086QWG1PB,,,165.0,,165.0
B086R7JN7F,,,,259.0,259.0
B086RC6FCS,,,,,41.0
B086RCNGLY,,,,48.0,48.0
B086RD5VD6,,,,,88.0
B086SHPRQJ,,,,,27.0
B086SQX5D9,715.0,,,,
B086T11VDX,70.0,,,,
B086TTKYJC,1379.0,,1379.0,,1379.0
B086TTLT3T,,,,1379.0,1379.0
B086V9S78S,,,323.0,,323.0
B086VCWX8P,122.0,,,,122.0
B086WGT7N8,6.0,,,6.0,
B086Y9824B,,,,,83.0
B086YJ3YSY,,,,602.0,
B086YSR3JV,602.0,,,,602.0
B0871LCFB4,,,354.0,,354.0
B0871SYZJC,8.0,,,,
B08722H51M,,,64.0,,
B087243RMG,,,164.0,164.0,164.0
B0872NPCK7,,,,53.0,53.0
B08734MPRH,,,,,17.0
B087368WVS,,,23.0,,
B08736YBVD,,,,674.0,674.0
B087398N37,,,,,19.0
B08739BYV5,,,,,17.0
B0873BVGL5,,,,,7.0
B0874VKBMC,,2.0,,,
B0875KFB7X,,,,,8.0
B0875LNSYK,,,,,6.0
B0875TWPSD,,,,,136.0
B087775LT8,,,,,3.0
B08787FDTB,185.0,185.0,,185.0,
B0878FWCML,4679.0,4679.0,4679.0,4679.0,4679.0
B0878RTXQL,,,,,172.0
B0878WB55R,196.0,196.0,,,
B0879861VP,,,,83.0,
B08798NNRK,,,,,8.0
B0879JXRX7,7.0,,,,
B087B8LZBS,,,,16.0,
B087BS12FF,,,,,7.0
B087C1X4TM,35.0,,,,
B087C32PF2,,,,,212.0
B087C51ZHD,12.0,,,,
B087CBMF8D,,,,,332.0
B087CRSLPX,,,106.0,,106.0
B087DY9T74,352.0,,,,
B087F25Z8Y,97.0,,,,
B087F3FS7R,,,,,1258.0
B087F5F1ZC,225.0,,,,
B087FD71WJ,,,,2791.0,
B087FTZL11,,,,,266.0
B087FWXG89,,,,,1255.0
B087GHVD6J,,,,1255.0,1255.0
B087JD8TDC,,,,,120.0
B087JGP22M,,,,,48.0
B087JH2VLK,,,,,11.0
B087JJPZ7R,,,,288.0,
B087JL5NSK,,,,,288.0
B087JMWLST,,,4.0,,
B087JP6PWL,484.0,,,,
B087JQXMVJ,,,,,288.0
B087LV2VMH,4216.0,,,,
B087LXLGD7,606.0,606.0,606.0,,606.0
B087M2682N,4216.0,,,,4216.0
B087M3NXF5,606.0,,,,
B087N47ZPJ,,,5.0,,
B087N64W9G,,,,176.0,
B087N82LV2,,,,,116.0
B087N8WP9Z,,,,,556.0
B087NF8PRH,,,,,5.0
B087NKFQB7,,,,,556.0
B087NN51LD,,,,82.0,
B087NRQBV3,,,,,47.0
B087P7W1TL,,,,569.0,
B087P7WJ1F,478.0,478.0,478.0,,478.0
B087P96VFY,,,,,569.0
B087Q59CMQ,,,,6.0,
B087QDBMTX,72.0,,,,
B087QTCNMS,,,,,137.0
B087R2FJBT,,,,,1379.0
B087R812CB,2098.0,,,2098.0,2098.0
B087RFSSQ7,1250.0,1250.0,,1250.0,1250.0
B087TWNB7M,,,,,155.0
B087TWQY2Y,,,,,155.0
B087TXBCY2,,,,,155.0
B087WPLL38,,,27.0,,
B087WQ2DY8,,,,,118.0
B087WTS4C1,553.0,,,,
B087X6YPX7,,,452.0,452.0,452.0
B087X73BHM,1827.0,,,,
B087ZD4PBL,,,,,30.0
B087ZKVSW5,,,,,17.0
B087ZNTBPG,,,,,135.0
B087ZWHX2Z,,,,,12.0
B0881LFT4Q,,,,,4.0
B0882HR5GC,,,,,89.0
B0882Q3K7M,,,504.0,,504.0
B088367JGK,,504.0,,504.0,504.0
B0883C2G5L,,,2307.0,2307.0,2307.0
B0883CL4T1,,,,,49.0
B0883CMR8Y,,,,,86.0
B0883CRBPW,,,,,2307.0
B0883D2R6W,,,,,169.0
B0883D2SMD,,,,,331.0
B0883D4WY4,,,,175.0,
B0883DBD6C,,,,,175.0
B0883DCXVP,,,,,2307.0
B0883DDHC8,,,,,8.0
B0883DJ66M,,,,,86.0
B0883DJHWX,,,29.0,29.0,29.0
B0883DK1T2,,,,1363.0,1363.0
B0883DL4FT,,,,,502.0
B0883DQCGN,,,,,1286.0
B0883DR9RB,,,,,231.0
B0883DVRLQ,,,,,1286.0
B0883DXNN2,,,50.0,,50.0
B0883DZYV1,,,,,91.0
B0883F1KNK,,,,,71.0
B0883FLKKM,,,,,489.0
B0883FZ8RT,,,,21.0,21.0
B0883GCPXL,,,,,34.0
B08847ZZ6G,211.0,211.0,,211.0,211.0
B0885VD61T,,82.0,82.0,,
B08864GC9Y,,15338.0,,,15338.0
B088877C7P,,,,,10.0
B088BK24Y6,,,62.0,,
B088BR3155,,,,,81.0
B088C2C35Q,,,,,19.0
B088CQMWPV,,,,,141.0
B088CWLCK8,,,,,68.0
B088CZ9GB2,,,,,39.0
B088D2133F,,,,,35.0
B088D2ZNHR,,,,,86.0
B088D4P2DT,,,202.0,202.0,202.0
B088D4T6XP,,,,318.0,318.0
B088D91XHR,,313.0,,313.0,313.0
B088FL5WRC,,,36.0,,
B088FN593H,40.0,,,,
B088FNN5GN,,,,,15.0
B088FP4HD6,,,,,277.0
B088FQ7F28,,,,,277.0
B088FSVLV3,,,,,238.0
B088G2NGL8,25.0,,,25.0,25.0
B088GPCPWB,,,,,143.0
B088GTQN8H,,,,,235.0
B088GTYTRW,,,,,27.0
B088H94FM8,27.0,,,,27.0
B088JZPCSS,,,,438.0,438.0
B088K1XYFV,,,,,263.0
B088K2KCW6,,,,,39.0
B088K3TF6Z,,,,,298.0
B088KB7CP8,108.0,108.0,,,
B088KDDHN9,,,619.0,,
B088KDJ44K,,,39.0,,
B088KFNZZG,,,,,235.0
B088KGK4V6,64.0,,64.0,,
B088KRS284,,,,,390.0
B088LQL7XB,,,,52.0,
B088LWYZPQ,570.0,570.0,570.0,,
B088MDMVF6,,,,,61.0
B088MMJPZ3,,,,,22.0
B088MMN9N9,,,,,5.0
B088N7B2HK,,,,,41.0
B088NG59N1,,228.0,,,
B088NHYYF3,,,,,12.0
B088NPFB4H,146.0,,,,
B088NSRQCS,,,,,6.0
B088NZ2L1J,,4.0,,,
B088P2H89Q,,,148.0,148.0,
B088Q99QKN,,,,,48.0
B088R1CV8T,,40.0,,,
B088SYTV93,,,,60.0,60.0
B088T1S8CC,848.0,848.0,848.0,848.0,848.0
B088T29RNG,,,,,63.0
B088THD5Y7,,,,,29.0
B088W8F3RZ,34.0,,,,34.0
B088WBBZBW,,56.0,,56.0,56.0
B088WQWB2M,,123.0,,,123.0
B088WY83FD,,,,75.0,
B088Y368NT,,,,,15.0
B088YQCR3Z,130.0,130.0,,,130.0
B088ZSP4YX,,,,796.0,
B088ZTND5C,,,,16.0,
B0891YS2QR,,606.0,606.0,,606.0
B089223KKP,,,15.0,,
B08929XR38,,,,,6.0
B0892T8S2P,,,,,2631.0
B08932BZF5,,,,,107.0
B0893H5KW9,320.0,,320.0,320.0,320.0
B08943BS1Z,,,,,10.0
B08946DG5K,,,85.0,,
B0894B3BF2,26.0,,,,
B0894RB4W2,,,,,94.0
B0894ZN38H,,82.0,82.0,,82.0
B089538JZP,,,,,45.0
B0895H7YTD,,,,,756.0
B0895XBJ55,,,,2725.0,2725.0
B0895XW2XW,,,,,2725.0
B0895YHNDC,,,,,11.0
B0895Z4YK4,,,2725.0,2725.0,2725.0
B08965GZSJ,,,579.0,,579.0
B08966Z56W,41.0,,,,
B08975ZCQH,,,,,14.0
B089CPYJTH,,,,,579.0
B089DGDYSF,,,142.0,,
B089DGVSP3,61.0,,,,
B089DHFLB7,,,,57.0,
B089DJTXVN,,,,,142.0
B089DJVDVC,,,,,142.0
B089DK7SSZ,,,,,142.0
B089FVR1PQ,,,,,24.0
B089G6QWGM,43.0,,,,43.0
B089GC3YB8,,,,,43.0
B089GGSVL2,,,,,19.0
B089GX51NS,,,7.0,,
B089LL3452,261.0,,261.0,261.0,261.0
B089LR67Z8,106.0,,,,
B089LZX6M3,,,45.0,45.0,
B089NBTVDY,206.0,,,,206.0
B089NQYXR4,,129.0,,,129.0
B089NY1PJH,,,,,106.0
B089PTJ7WY,298.0,,,298.0,298.0
B089Q1Z5X4,142.0,,,,
B089Q6QJMP,,,,,527.0
B089Q6SPRH,19.0,,,,19.0
B089Q7GHM4,,,527.0,,
B089Q88K74,,,142.0,,
B089QB3GM3,,,527.0,,527.0
B089QCCPYL,,68.0,,,
B089QPJ4K2,8.0,8.0,,8.0,8.0
B089QQF2QY,250.0,,250.0,,250.0
B089RGGJ6N,,,,,33.0
B089RGJL9B,81.0,,,,81.0
B089RK72VF,,,,,6.0
B089SBG57Y,163.0,,,163.0,163.0
B089SJSKK1,,,207.0,,
B089SY9G6L,129.0,,,,129.0
B089SZ6PP8,,,,,118.0
B089T77GN5,,,,,122.0
B089VT2R9Q,,688.0,,,688.0
B089XZ5RQD,,,,272.0,272.0
B089Y47KTH,,,,,579.0
B089YB18Q3,,,,,106.0
B089YTWSWR,,,,,5.0
B089ZZCZMR,,,,,13.0
B08B1BWLR1,,,,,141.0
B08B1FS2G2,,,,,32.0
B08B1GW2S1,,,,,96.0
B08B1WBX1T,635.0,,635.0,635.0,635.0
B08B2H7LTL,,,,,659.0
B08B2H8ZC6,,,,,659.0
B08B2R4SNC,,,,,659.0
B08B2Y2GB4,,,,,659.0
B08B3D8TC8,,47.0,,,
B08B3J11HV,,,,107.0,
B08B3SRQGP,,,,387.0,
B08B45JWMD,,,,27.0,27.0
B08B4B9KSD,,,,,238.0
B08B4RX16P,,,,,99.0
B08B5QCY5H,,,148.0,,148.0
B08B5ZW7Q7,,,,,166.0
B08B69LLX3,,,,,427.0
B08B69WHTV,,,,,427.0
B08B6B53XX,,,,,427.0
B08B6CBTJC,,,111.0,,111.0
B08B81VRVX,,,,,153.0
B08B8413FC,,882.0,,,
B08B84RBQ7,882.0,,882.0,,
B08B8FVHH3,,,,,288.0
B08BBTPJH1,,,,53.0,53.0
B08BC37QTG,,,,,855.0
B08BC4QB85,,,,,855.0
B08BC82FC7,204.0,,204.0,,204.0
B08BCB7591,,,,,9.0
B08BCBWM9H,,,,156.0,
B08BCFTK9N,,,,,855.0
B08BCN94S2,,422.0,,,422.0
B08BF3SMHM,,,8.0,,
B08BF99M1C,,,,346.0,
B08BFF9VMD,,,,,569.0
B08BFHL45H,,92.0,,,92.0
B08BFVGB3X,,,671.0,671.0,671.0
B08BFW5DRL,,,,,671.0
B08BFX2ZPJ,174.0,,,174.0,174.0
B08BFXFNJ4,,,,,671.0
B08BFY8FSG,,,44.0,,44.0
B08BG1TBXV,,,,,671.0
B08BH4X9NM,,,,,7.0
B08BHKYY59,4.0,,,,
B08BHW12XP,,,,,172.0
B08BJ4638G,,,197.0,,
B08BJ5MWTT,428.0,,,428.0,428.0
B08BJ6SPX9,,,,,313.0
B08BJFYFPW,,,,93.0,93.0
B08BJG6DHH,,,,,93.0
B08BJGL3LR,143.0,143.0,,,143.0
B08BJGN39R,,,,,55.0
B08BJH4FQ9,,,,,13.0
B08BJH547B,,,,,13.0
B08BJH66B5,55.0,,,,55.0
B08BJH8KX7,,,,,82.0
B08BJH8Z37,,,,,93.0
B08BJH91VS,143.0,,143.0,143.0,143.0
B08BJH9YPW,,,,55.0,
B08BJHBR4R,,,,,82.0
B08BJHJVGW,143.0,143.0,143.0,,
B08BJHPDJW,,,,,82.0
B08BJHQ4WN,,,143.0,,143.0
B08BJHX9WN,143.0,,143.0,,143.0
B08BJJ6TQ6,55.0,,55.0,,55.0
B08BJJ79MD,,,,93.0,
B08BJRZ366,,,,,409.0
B08BJSY187,,,,,409.0
B08BJSYZPL,292.0,,292.0,292.0,292.0
B08BJXX6SJ,,,268.0,,268.0
B08BJYDGKF,,78.0,,,78.0
B08BJZ9731,,,,,26.0
B08BK1PQF4,,,,,101.0
B08BKKRRXV,3.0,,,,
B08BL4BV46,,,,,64.0
B08BL4F369,,,,,14.0
B08BL4NZQC,,,,,54.0
B08BL4QRXQ,,,,,29.0
B08BL4WQWT,,,,,20.0
B08BLKY1MT,1175.0,1175.0,,,1175.0
B08BLLF1HV,,2245.0,2245.0,2245.0,2245.0
B08BLPFZ3J,,,,,3.0
B08BNKNMHR,,32.0,,,
B08BNLD65D,,36.0,,,36.0
B08BNNWH23,,,689.0,689.0,689.0
B08BNTCWQH,,,,,269.0
B08BP798MX,,79.0,,,
B08BQZ68G9,,,,,30.0
B08BR2RXD4,,,,,60.0
B08BR3TVXM,,,,,50.0
B08BR6TQY3,,,,,537.0
B08BRFMNLX,,,,,48.0
B08BRJ4XJJ,,,,,840.0
B08BRSCSRC,,,,,225.0
B08BRSN2PB,,,,,85.0
B08BRTKH59,,,,,1152.0
B08BRXJSQJ,,,,,260.0
B08BRY296W,,168.0,168.0,,
B08BS1TDCP,168.0,168.0,,168.0,168.0
B08BXBNZLT,,,,,143.0
B08BY8M5FX,,,,,23.0
B08BY9HL7H,,,,,184.0
B08BYM2FZX,,2.0,,,
B08BZ517QK,,179.0,,179.0,179.0
B08BZ76BN2,,35.0,,,
B08BZJVX8R,156.0,,,,
B08BZJWNNZ,674.0,674.0,674.0,,
B08BZKFJL9,,,,,409.0
B08C24C371,,,20.0,,
B08C2514K5,,,,,717.0
B08C25RC98,,717.0,,717.0,717.0
B08C263QVP,,2098.0,,2098.0,2098.0
B08C29GQLL,,,,,52.0
B08C2CQ6X2,112.0,,112.0,,112.0
B08C37GCNZ,,556.0,556.0,,556.0
B08C3VZP7Q,,,,,126.0
B08C3WW4P2,,,126.0,,126.0
B08C5DR3L3,,,,625.0,
B08C5DXPQH,,,631.0,631.0,631.0
B08C5GCJPM,630.0,630.0,,630.0,630.0
B08C5GPHNW,,632.0,,,632.0
B08C6CGN9W,,,,,83.0
B08C6YHK7J,316.0,316.0,316.0,316.0,316.0
B08C7V7FXF,13.0,,,,
B08C9LJQ2C,,,,,409.0
B08C9RV8YR,,65.0,,,65.0
B08C9TMXCM,,173.0,,,
B08CCJT4N8,,,,,240.0
B08CCJY7NC,,,,240.0,
B08CCTGCXZ,,,,,100.0
B08CCYTT4C,170.0,,,170.0,170.0
B08CDP8FPB,,,,,100.0
B08CF38RZB,1515.0,1515.0,,1515.0,1515.0
B08CGQMTF6,,,,,103.0
B08CH2LXV6,,,612.0,,612.0
B08CHD1RV6,,,435.0,435.0,
B08CHGCVV3,,,,,69.0
B08CKBRMPM,17.0,,,,
B08CKDCZY6,,,39.0,,
B08CKM3N9J,,,,,20.0
B08CMJHWN9,,,,,518.0
B08CN3Y48W,624.0,,,624.0,624.0
B08CN7JXZY,,230.0,,,
B08CNDFG6Y,,56.0,,,56.0
B08CNG49GY,,,20.0,,
B08CNHZ3FG,,,,,76.0
B08CNJ7WM3,,,,,22.0
B08CRXTHQS,,51.0,,,
B08CS7Z5W6,,,29.0,,
B08CSBSVV6,,,481.0,481.0,481.0
B08CSLMW14,,,,,23.0
B08CT6783K,,,,,24.0
B08CTGCCQY,,,,,1294.0
B08CTGHFZV,,,1294.0,1294.0,1294.0
B08CTGNKZG,,1294.0,,1294.0,1294.0
B08CTHGF1D,,1294.0,1294.0,,
B08CTZHFKL,235.0,,235.0,,235.0
B08CVD955X,23.0,,,,
B08CVDWV6W,,,,,609.0
B08CVJG8K8,22.0,,,,
B08CVS4XQR,205.0,,,,205.0
B08CX1RG84,,,1811.0,,1811.0
B08CX6ZSWK,,1811.0,,,1811.0
B08CX71SRC,,,,,1811.0
B08CXF14DT,,,,,1811.0
B08CXF9XHJ,,,,1811.0,
B08CXFMCX4,1811.0,,,,1811.0
B08CXFS8NN,1811.0,,1811.0,,1811.0
B08CXG73X4,,,,,160.0
B08CXGHZQH,,,1811.0,,
B08CXH17FW,,,,,110.0
B08CXJ42BQ,,,,,64.0
B08CXJ6WN7,,,,1811.0,1811.0
B08CXK3LM9,,121.0,,,
B08CXK82CY,,,,467.0,
B08CXKGB7G,,,182.0,,
B08CXL75N4,1811.0,,1811.0,1811.0,1811.0
B08CXL83MB,1811.0,,,,1811.0
B08CXL9LP2,1811.0,,,,1811.0
B08CXMNC8L,,,,,1811.0
B08CXNXZYS,,,1474.0,,1474.0
B08CXQ7TYT,,,,,1811.0
B08CXR2SVB,,,,,63.0
B08CXR6V7W,,,,,80.0
B08CXW8XXT,150.0,,150.0,,
B08CY2LNY1,20.0,,,20.0,
B08CY3WBP8,,,,,111.0
B08CZ1K34H,137.0,,,,
B08CZ9G4H9,,,,,163.0
B08CZCWKPX,,,,16.0,
B08CZF4X2Q,481.0,481.0,481.0,481.0,481.0
B08CZGLXWM,,,,102.0,
B08CZGY6QH,,1515.0,,,
B08CZKF49D,1515.0,,1515.0,1515.0,1515.0
B08D3FR145,50.0,,,,50.0
B08D3HV6D8,,,,,409.0
B08D3WFW1K,597.0,,,,
B08D3XPZLG,,,,,597.0
B08D64LT8P,,,,,21.0
B08D64P2D8,,,,,1.0
B08D6P6DTS,,,13.0,,
B08D89KMK1,,,,,1.0
B08D8VS3CS,146.0,146.0,,146.0,
B08D8W45M9,160.0,,,160.0,
B08D92ZYPL,2098.0,,,2098.0,2098.0
B08D9CDB6N,,,,,280.0
B08D9DM858,,280.0,280.0,280.0,
B08D9GZ294,,28.0,28.0,,
B08D9J7PMJ,,,,34.0,34.0
B08D9MDDL1,,,,,694.0
B08D9MGBSS,,,694.0,,
B08D9MXSNN,,,694.0,,694.0
B08D9MY1DD,,,,694.0,
B08D9NB2L7,,,694.0,,
B08D9NF5JQ,,,,,694.0
B08D9NPF9H,,,,,694.0
B08D9NQMXZ,,,,,694.0
B08D9NY45Y,694.0,,,,
B08D9P4QQ6,,,,,694.0
B08DD2NFRD,,,,,17.0
B08DDFPWNH,3093.0,3093.0,,,3093.0
B08DF8TS8D,,,1474.0,1474.0,1474.0
B08DFW4NWN,,,,,11.0
B08DG3W2CV,,,,,36.0
B08DG4Y2LG,,,,,116.0
B08DG69MB7,,,,4007.0,4007.0
B08DG6RZFT,4007.0,,,4007.0,4007.0
B08DG8B8CR,,,802.0,802.0,802.0
B08DH268LC,,,,141.0,141.0
B08DHRXS36,39.0,,,,
B08DK9PSF2,,,,839.0,
B08DKSVD1N,346.0,,,,346.0
B08DLHHV4F,570.0,,,570.0,570.0
B08DLP36DH,,,,,6.0
B08DNC2R38,,,,8.0,
B08DNCT6G5,,21.0,,,
B08DNL89J7,,,,,210.0
B08DNM6JK4,1007.0,1007.0,1007.0,1007.0,1007.0
B08DNMW2CX,,,,,5.0
B08DQVN7RP,,,,,156.0
B08DR7H2ZB,,,,,203.0
B08DR9M7KR,,,,,689.0
B08DRBVSB8,,,951.0,951.0,951.0
B08DRH2QKY,,,,,1.0
B08DRHJ56J,,,,,310.0
B08DRLTX29,1804.0,,1804.0,,1804.0
B08DRRN6B5,,,,,82.0
B08DRSD7VD,147.0,,,147.0,147.0
B08DRV2L9T,,,,,178.0
B08DRVJHWT,,64.0,,,
B08DT9N9ZF,,,46.0,,
B08DTKBCGZ,,,,,127.0
B08DVX14YT,,,,,103.0
B08DXDSMZ5,,,,,347.0
B08DXFWPZT,12.0,,,,12.0
B08DXK858Y,,,,,94.0
B08DXKXM9Q,,,,973.0,
B08DXS2Z5D,,,,,159.0
B08DXXJNTL,,,56.0,,56.0
B08DY1VQDN,,,,,9.0
B08DY7DWL2,,,,,142.0
B08F13FG7Z,,,,,109.0
B08F1FSTYJ,,,,,7.0
B08F1MKS39,,,,,9.0
B08F1W1CDL,1964.0,,,1964.0,1964.0
B08F1WN7Q9,1964.0,,,1964.0,1964.0
B08F2B9C7X,,,,1964.0,1964.0
B08F2C6BP8,339.0,339.0,339.0,339.0,339.0
B08F2CWCG3,1964.0,1964.0,,,1964.0
B08F2J42ZW,,,,,11.0
B08F2P3ZQ5,,56.0,56.0,,56.0
B08F2W29CV,,,13.0,,
B08F3GC4DM,,,,,32.0
B08F4PWG55,,,118.0,,
B08F4WG58H,,,,224.0,224.0
B08F4WL93L,,,13.0,,
B08F4XJL4R,,4.0,,,4.0
B08F54LV3M,,,,163.0,
B08F56HCTT,,,,,60.0
B08F56YHYJ,,,,,163.0
B08F5D53P9,22.0,,,,
B08F6CDHDG,,,,,81.0
B08F6DNNH5,,,83.0,,
B08F743B3D,,,,,352.0
B08F789HM4,,,,,157.0
B08F9MV6YW,,,,48.0,48.0
B08F9QRHKW,,,,,48.0
B08F9XN76J,,,,,31.0
B08FB5TH35,,,,,200.0
B08FCB8482,5.0,,,,
B08FCGDPF8,,,458.0,,458.0
B08FCH62H1,,,15.0,,
B08FCVGJVQ,,,,9.0,
B08FD2NT2W,,,,,125.0
B08FD2S2T4,,,,,47.0
B08FD2Y4PD,,156.0,,,
B08FD43G5H,,,,,42.0
B08FD44D48,,,,117.0,
B08FF883BS,,30.0,,,
B08FFX3SW8,847.0,,,847.0,847.0
B08FFYSCZS,,,,,280.0
B08FG7GRTT,,,,6833.0,6833.0
B08FGG3G7N,,,,280.0,280.0
B08FGV4JKZ,,,50.0,,
B08FGZHGJ9,,137.0,137.0,,137.0
B08FHC9GHL,,,,,33.0
B08FHT53NC,,,,,190.0
B08FHZZZ4K,,,559.0,,
B08FJ42BPV,,370.0,,370.0,
B08FJ9TVTQ,445.0,445.0,,445.0,445.0
B08FJB2L9R,,,,291.0,291.0
B08FJCTR3T,,,32.0,,32.0
B08FM9XGFD,,,,,1.0
B08FMLSR3B,3661.0,,3661.0,3661.0,3661.0
B08FMMBGX8,,,,,3658.0
B08FMMG9DD,,,,,3661.0
B08FMSFXMN,,,,,71.0
B08FQPZY66,,,238.0,,
B08FQWKPZG,,,,,17.0
B08FR35MRN,,,,,447.0
B08FR4FJL6,,,,861.0,861.0
B08FRBYN8F,,,,38.0,
B08FRHYSBJ,,,,,124.0
B08FRQNJ5Q,1108.0,,1108.0,1108.0,1108.0
B08FRRGW3V,1108.0,,1108.0,,1108.0
B08FRRWJ6D,1108.0,1108.0,,1108.0,1108.0
B08FRTFHGD,1108.0,1108.0,,1108.0,1108.0
B08FSFXLY8,,,,,1108.0
B08FSY368W,,,,,61.0
B08FT22JGL,,,,,32.0
B08FTB7GR7,,,,,245.0
B08FTJBJY7,,,,,8.0
B08FTLKNPZ,,,,,11.0
B08FWY76YM,69.0,,,,
B08FX3HSJQ,,,,,12.0
B08FX823JR,,,,,14.0
B08FX88W41,,,,,16.0
B08FX9S6L9,,,,,33.0
B08FXHP3G2,,,69.0,,
B08FXQ7H1H,,,,186.0,186.0
B08FXZWZK4,,,,,182.0
B08FYFB312,400.0,,,,
B08FYFN9TF,,,,,124.0
B08FYG1H5C,,,,54.0,54.0
B08FYH4ZSM,78.0,,,,78.0
B08FYHQ72Q,,,,,36.0
B08FZ7SPTS,,,,,1573.0
B08G11KGGY,,,,,81.0
B08G46HGQ6,554.0,,,,
B08G4D77SC,,,,175.0,
B08G4RWCVW,54.0,,,,
B08G7C5QCJ,,,,,1218.0
B08G83LTDD,,,,,20.0
B08G88KKPG,,,,,21.0
B08G8L1SNG,,,,90.0,
B08G8R3TLR,,,,,275.0
B08G8SXZPS,,,,82.0,
B08G9VFVWH,526.0,,526.0,526.0,
B08GC552SX,,,,,156.0
B08GC5JZZM,,30.0,30.0,30.0,30.0
B08GC67P2C,,62.0,,,62.0
B08GC7DVD9,,,,109.0,
B08GC86FDG,,,157.0,,157.0
B08GCD91Z9,,,,,157.0
B08GCD95F8,,,,,14.0
B08GCGZWGN,,,,,44.0
B08GCJTX16,,,171.0,,
B08GCKPZ84,,,,,156.0
B08GCNC4T4,,,,,22.0
B08GCPSQKB,159.0,159.0,159.0,,159.0
B08GCRHCTV,,,,179.0,
B08GCZ91WZ,305.0,,305.0,,305.0
B08GFCPDML,,,,,1.0
B08GFGQJ4W,,,,,12.0
B08GFKMQL3,,,,3663.0,3663.0
B08GFN6MPL,,,,,6.0
B08GFS95PG,17.0,,,,17.0
B08GFS9LQ3,,,,,3662.0
B08GFW16WH,,,7.0,,
B08GG2V3Q8,,,,516.0,516.0
B08GGFGM7D,,,,126.0,126.0
B08GGX4WBJ,862.0,862.0,862.0,,862.0
B08GH63TBY,,,,,76.0
B08GJ457Y5,77.0,,,,77.0
B08GJKZJHM,,,,,4.0
B08GK49RH5,,,,,156.0
B08GK4VGHS,,,,,156.0
B08GKLC44S,,,229.0,,229.0
B08GKLLVBM,1.0,,,,
B08GKLMM7B,27.0,,,,27.0
B08GL2J2QX,,177.0,,,
B08GLXJJV9,,,,,701.0
B08GLZDHLF,,,,,19.0
B08GLZZ5G9,,,,,78.0
B08GM1S4F1,,,,,78.0
B08GM898HS,,,,,45.0
B08GP2QPP2,,196.0,,,
B08GP3DYVV,,,5.0,,
B08GP79N42,,,,,53.0
B08GP86YW1,,,,,51.0
B08GP9W476,,,,,4.0
B08GPCPKVN,,,,,437.0
B08GPCX5PB,,,168.0,,168.0
B08GPDY5SR,,,,78.0,78.0
B08GPFCPJ5,,,,,51.0
B08GPHG46Q,725.0,725.0,725.0,725.0,725.0
B08GPHNZL5,,,,,37.0
B08GPJJFVD,,,,,196.0
B08GPK8GNB,,,,,196.0
B08GPTK8RF,50.0,50.0,,,50.0
B08GPVSMTX,,,170.0,,
B08GQ19JVC,49.0,,,,49.0
B08GQ26FY8,,,,,196.0
B08GR14ZDH,,,,,60.0
B08GR1HPWG,,,,60.0,
B08GR2ZNQV,,,,,639.0
B08GR4387R,,,,639.0,639.0
B08GS4N45Z,,,,,639.0
B08GS91RGW,,,,,639.0
B08GSD5CV5,,,,87.0,
B08GSS35Y1,,,,72.0,
B08GSTQDNL,,,72.0,,
B08GTMMX5Z,,3093.0,,,
B08GTMN54F,,3093.0,,,
B08GWQ8BS8,,,,,191.0
B08GX3HBVZ,,,,,699.0
B08GX6BS9K,,,,,699.0
B08GY83JFX,,,,,12.0
B08GYN256L,,22.0,,,
B08GZ3RPVJ,,,,,156.0
B08GZKP15S,,,,,168.0
B08GZRT4DF,,,,,15.0
B08H13MHT1,60.0,,,,
B08H13R43G,,,,,20.0
B08H14KXNK,1940.0,,1940.0,1940.0,1940.0
B08H15C36H,,,,,1940.0
B08H15VT25,,,,1940.0,1940.0
B08H15XB5R,,,1940.0,1940.0,1940.0
B08H17Z9G7,,133.0,133.0,,133.0
B08H18LL72,,54.0,54.0,,54.0
B08H18SC6F,,,,40.0,40.0
B08H1GX91G,133.0,133.0,133.0,133.0,133.0
B08H1PHDK9,,,,,93.0
B08H1PVL46,16.0,,,,
B08H1SCG1L,9.0,,,,
B08H2331VX,,,16.0,16.0,16.0
B08H4Z98ZB,,14.0,,,
B08H55TSHG,,,,,96.0
B08H5G7T9K,,,,159.0,
B08H5J25ZT,,,,110.0,110.0
B08H5MN2BW,,,,,16.0
B08H73RTP2,,,9.0,9.0,
B08H7PC96N,,,,,615.0
B08H8BC8DG,,,,,48.0
B08H8HDT35,,,568.0,,568.0
B08H8RW5CY,,,,24.0,
B08HCDXH8J,,,,,274.0
B08HCLYTQC,,,,,700.0
B08HCWT5CJ,,,,416.0,416.0
B08HCX1WC8,,,,,699.0
B08HD2QRFG,,,,127.0,
B08HD5X3JK,,,,,6.0
B08HGR4W4J,,,122.0,,122.0
B08HH2R4WD,,,,295.0,
B08HH3CYVX,,,,,13.0
B08HHS1G9K,,,,,174.0
B08HJ9PQC1,,,,,197.0
B08HJH1Q4F,,,,,278.0
B08HK562ZV,,,,,1.0
B08HL2MH94,,,,,174.0
B08HL3FJCL,,,,174.0,
B08HLCQ1VP,,,2192.0,2192.0,2192.0
B08HLGCFFQ,,,,,1589.0
B08HLQVM31,,,,,146.0
B08HLSFH2S,,,,,24.0
B08HLSVXZD,,,,65.0,65.0
B08HLWJWYM,,,,,55.0
B08HLXN38J,,,,,1589.0
B08HM129XQ,1589.0,,,1589.0,1589.0
B08HMJ8J61,,14.0,,,
B08HMLCLJ6,,,892.0,892.0,892.0
B08HMZLDDD,,,,433.0,433.0
B08HNBKV4V,,,,,24.0
B08HQ6HB1J,,,,,6.0
B08HQGZW8H,,,,,12.0
B08HRBVWZV,,96.0,,,96.0
B08HRGCRT8,,,,,147.0
B08HRKHM9H,,,,129.0,129.0
B08HRM8LT1,,129.0,,,
B08HS4MBDY,90.0,,,,
B08HSNPTR4,,,,69.0,69.0
B08HSNRSB6,,,69.0,,
B08HSZ43R5,,,337.0,,337.0
B08HSZ4Q4Q,337.0,,,,337.0
B08HSZ7SLY,,,,337.0,337.0
B08HSZR6PV,,,337.0,,337.0
B08HSZY7YD,,,,,700.0
B08HTZK72N,163.0,,163.0,163.0,163.0
B08HVJ7PDN,,,,,4216.0
B08HVS62LT,,,,,32.0
B08HVT4HRT,,541.0,,,541.0
B08HW4338N,957.0,,957.0,957.0,957.0
B08HWX2B2R,,,,,153.0
B08HYHT2RJ,4216.0,,4216.0,,
B08HYJHRBF,,,,,4216.0
B08HYK559C,,,4216.0,,
B08HYLD92V,,,,,1.0
B08HYM1HSW,,,,,1913.0
B08HYNRJHD,,1913.0,,1913.0,1913.0
B08HYP45GM,,,,,1913.0
B08HYPB3NC,,,1913.0,1913.0,1913.0
B08HYZ1PQZ,,,,,17.0
B08HZ5KD8G,,,,,129.0
B08HZ6L2MY,,,,,15.0
B08J3KPQZX,,,,,78.0
B08J3TGPB8,,197.0,,,197.0
B08J6M2HVK,,,,,56.0
B08J6TKT7D,,,,,502.0
B08J7Q5J91,,,,,115.0
B08J7W2RW7,,,,,3.0
B08J81RV36,,20.0,,,
B08J89D3HS,,,209.0,209.0,209.0
B08J9PVWSB,,,,15.0,
B08J9ZYGTS,16.0,,,,
B08JBJHQK8,,,,24.0,
B08JBZSS4P,,,,,11.0
B08JC81R4S,1302.0,1302.0,1302.0,1302.0,1302.0
B08JCBVSL8,,302.0,302.0,,302.0
B08JCKL9JH,,,,296.0,296.0
B08JCTKCXP,,,,961.0,961.0
B08JCXZDHP,,,,296.0,296.0
B08JDZ8771,,,,,33.0
B08JH9CNZQ,40.0,,,,40.0
B08JHBJTQT,,197.0,,,
B08JKD93H1,,,,,24.0
B08JLMRYFB,,,,,8.0
B08JLQJR6C,,,,,293.0
B08JLSDX1H,,,,293.0,293.0
B08JLSHL71,,,,293.0,
B08JLVWDNC,,,,293.0,
B08JLWCM88,,,,36.0,
B08JM2VS8D,,,,,9.0
B08JM6SB4D,,,4.0,,
B08JPFN1TM,,,,,16.0
B08JPGBZQ3,,,,47.0,47.0
B08JQBFKKX,,,,,166.0
B08JQNK37D,74.0,,,,
B08JSHXMPD,,,,,55.0
B08JSS81GV,,,,,40.0
B08JSTQ4M4,,316.0,,,316.0
B08JSTXXCN,,,26.0,26.0,26.0
B08JSWPMR2,,13.0,,,13.0
B08JSXGYH2,,,,,42.0
B08JTMYHS8,,,,,53.0
B08JTNQQGM,,,,,30.0
B08JTQW8RR,,143.0,143.0,,143.0
B08JTQY926,,187.0,,,187.0
B08JTYF2WR,,190.0,,,
B08JV3ZHR7,,,,,19.0
B08JVBBXQF,,,,,35.0
B08JXCMZ5F,579.0,,579.0,579.0,579.0
B08JYMC9P1,,,,,36.0
B08JZ7X52J,,,302.0,,302.0
B08JZ8WZMH,59.0,,,,59.0
B08JZGYR9J,,,,,5.0
B08K2MVT6Z,,,,,671.0
B08K2SCKXT,,,,,102.0
B08K3FQZNJ,,,,210.0,210.0
B08K3GJNQ9,,8.0,,8.0,8.0
B08K43SKRQ,,,,,48.0
B08K49PGW9,,,,,28.0
B08K94RYJF,,,,,403.0
B08K94YD1Y,,,,,404.0
B08K9515TB,,,403.0,,
B08K979CZG,,,,,403.0
B08KD3V6LD,,,,,2.0
B08KDSY28H,,,99.0,,99.0
B08KDVN5M6,,,,,1.0
B08KFH2VHB,,,,,56.0
B08KFM2CLV,,,,,568.0
B08KFMPGR1,,,,,86.0
B08KFQS85V,,,,,38.0
B08KFTW1TV,,,,,16.0
B08KFY8YCD,,,,100.0,
B08KGLK23C,,,,752.0,752.0
B08KGNRDDR,,492.0,,492.0,
B08KJ47R1J,,,,,134.0
B08KNV9WQ8,,,,,21.0
B08KP42JPN,,,,3089.0,3089.0
B08KR86W25,,,,,2516.0
B08KRQM833,,,,,76.0
B08KRWZZPZ,,,,,320.0
B08KS5K9L4,31.0,31.0,,,31.0
B08KTQVGGB,,,528.0,,528.0
B08KVQ9V4T,,,,,855.0
B08KVTN5DJ,275.0,,,,275.0
B08KW58996,,,416.0,416.0,
B08KW9CCM1,,,,,23.0
B08KXNF612,,,,,39.0
B08KXRXMV5,,,,,1718.0
B08KZG2KN9,,,,,82.0
B08KZGVGC7,,,86.0,,86.0
B08KZH41X2,,,,,8.0
B08KZJ27J2,,,,230.0,230.0
B08KZJNBT3,,,,,236.0
B08KZK2GHW,,230.0,,230.0,230.0
B08KZKVLLY,,,,,88.0
B08L32XXBT,226.0,226.0,,226.0,226.0
B08L35QS14,,,,,13.0
B08L3NG8XC,,,,,225.0
B08L4B8PY8,960.0,,,960.0,960.0
B08L4GFRXK,,,,,81.0
B08L4HRNCJ,,,,,55.0
B08L53SSVH,961.0,,961.0,,961.0
B08L56FKGX,,,,,1572.0
B08L5HTRQF,82.0,,,,
B08L5VLFGD,,,,,410.0
B08L5XB3SL,,,,,410.0
B08L5Y2GJL,1515.0,,,,
B08L5Y9FL6,,,,28.0,
B08L6KJMX8,244.0,,,,244.0
B08L6VTT18,161.0,,,161.0,161.0
B08L75H2PW,,,,,24.0
B08L81ZB7R,,,,,178.0
B08L8MBJKY,,,,72.0,
B08L8RL89Y,,,,,19.0
B08L8SFW7M,,,,,19.0
B08L8T9Q5C,,22.0,,22.0,
B08L8TJ91D,,,,7.0,
B08L97WZGT,,,,,155.0
B08L9WWZ1K,,124.0,,,124.0
B08LCXHBS7,,,,,14.0
B08LDV8Q3V,,,,,7.0
B08LFWKNSH,,,,,4216.0
B08LFYCGYX,,,,,3663.0
B08LG4SSFM,,,,,4.0
B08LG767S4,,,3661.0,,
B08LG7Y9SW,,,,,3661.0
B08LG9B5RW,,,,3662.0,3662.0
B08LGJS5WV,,,,,33.0
B08LGKHP1S,,,,,40.0
B08LGMB6W2,,,,,3661.0
B08LKHKZKF,,,23.0,,
B08LKHQ3RL,,,,,3.0
B08LKRWFX3,,,,,14.0
B08LKRXZDG,,,,14.0,
B08LMF7SPH,,,,,156.0
B08LMKGDFF,27.0,,,,
B08LMSY2GS,,,,,1964.0
B08LN4G1RB,1964.0,,,,
B08LNM8SLY,,,,,156.0
B08LNY9HCR,,160.0,,,160.0
B08LNYT9J4,,,,58.0,
B08LNZBKMW,160.0,,,,160.0
B08LNZL1Q6,,58.0,,,58.0
B08LNZM7LH,58.0,,,,
B08LNZRNVS,,,,,160.0
B08LP9JY46,,,,,3661.0
B08LP9JZT7,108.0,,,,108.0
B08LPJQXLW,,,,,71.0
B08LPXK8KF,385.0,,385.0,385.0,385.0
B08LPZYY3B,,385.0,385.0,,385.0
B08LQ3ZF5K,1673.0,1673.0,1673.0,,1673.0
B08LQ52GDQ,1673.0,1673.0,1673.0,1673.0,1673.0
B08LQ85RPV,,,385.0,385.0,385.0
B08LT42CC7,,,55.0,,
B08LVD1Q66,2583.0,,2583.0,2583.0,2583.0
B08LVMX28V,,,3618.0,3618.0,3618.0
B08LVN5HRK,3618.0,,,,3618.0
B08LVNM282,3618.0,3618.0,3618.0,3618.0,3618.0
B08LXJ4S2K,,,,113.0,113.0
B08LXLSRNZ,,,,113.0,
B08LYCTZ2D,,,,,1700.0
B08LYFS1Z6,,,,1700.0,1700.0
B08LZ3NVRK,17.0,,,,
B08LZ8HRCN,,,,,8.0
B08LZP3MM3,,,,,6.0
B08LZPBM49,,,,,556.0
B08LZQXDDH,,,,,138.0
B08LZQZQ9W,,,,116.0,
B08LZSHRVD,,,,,35.0
B08LZTKD77,,,528.0,528.0,528.0
B08M3B899F,,,,51.0,
B08M3MGFHB,,,,,30.0
B08M5CLWDQ,,,,,64.0
B08M5LGKVZ,110.0,,,,
B08M5W943D,,,3663.0,,3663.0
B08M63LX8S,,,,,45.0
B08M883NPY,3093.0,,3093.0,,
B08M8PCNCQ,,,,,133.0
B08M9DKYH7,,,,,132.0
B08M9M8Z9Q,,,,,21.0
B08M9YS9PR,,,,,699.0
B08MB7T3SC,,,,,119.0
B08MB84H7X,,,,,231.0
B08MB8YNM4,,,275.0,,
B08MB945MS,,,,,119.0
B08MB94HWQ,,,,,2307.0
B08MB9K994,,,,1286.0,1286.0
B08MB9WFH3,,,152.0,,
B08MBCB3P2,,,,,1363.0
B08MBFF9KR,,,,,84.0
B08MBHDJ6V,2307.0,,,,
B08MBNMTWT,80.0,,,,
B08MBPNNL2,,,,80.0,80.0
B08MBPPHGR,,80.0,,,80.0
B08MBT75PG,,4.0,,,
B08MDR6MB6,,,,,28.0
B08MDV5PJ3,,212.0,,,212.0
B08MDYP9T7,,,212.0,,212.0
B08MF15NP6,,,212.0,,
B08MF5RC7F,590.0,,,,590.0
B08MF7JGTK,,,587.0,587.0,587.0
B08MF7LTF8,586.0,,,586.0,586.0
B08MF94XL1,,,,,211.0
B08MFB5BP5,211.0,,,,211.0
B08MFCVWYT,,,,,211.0
B08MFD6269,211.0,,,,
B08MJ9GN4P,,,183.0,,
B08MKNZ5TR,,,,32.0,
B08MKT4T5D,,,,32.0,
B08MKVHCQ2,,,,,4.0
B08MLNFCMP,,,9.0,,
B08MQDHYJG,,,,44.0,
B08MQJN9MM,,,,,116.0
B08MSXWN41,,,,,9.0
B08MTVMBQS,,,109.0,,109.0
B08MTW2TTK,1.0,,,,
B08MTY4WBY,,,,,13.0
B08MV7YPB9,,,,970.0,
B08MV82W1D,,,,,970.0
B08MVKDKZ3,316.0,,,,
B08MWT8SHC,133.0,,,,
B08MX8FYHC,,,,,872.0
B08MXBGW1T,,,,,872.0
B08MYJNZJL,5.0,,,,
B08MZF2HJ4,,,770.0,770.0,770.0
B08MZMLHMG,,,,,12.0
B08N1FQ7M8,,,,,128.0
B08N1HRGJJ,,,,,241.0
B08N469L1L,,,,490.0,
B08N4B47R3,,,,,490.0
B08N4F7BSR,,,,,75.0
B08N4P7L4Q,,,,490.0,490.0
B08N4SVQNG,,,,,455.0
B08N53K5WV,376.0,,,,
B08N5JWMBR,197.0,,,,
B08N5Q1JYB,,,,,14.0
B08N5WGRGJ,,,,,48.0
B08N69KRZK,,5.0,,,
B08N6F6RG6,,,,143.0,
B08N6MRPNQ,,10.0,,,
B08N6SQ4J9,,,44.0,,44.0
B08N6T7SXR,86.0,,,86.0,86.0
B08N6XX7SN,,,,,47.0
B08N6Z8XX5,,,,,17.0
B08N9FLYPN,,,,,1294.0
B08N9K428H,,,,,249.0
B08N9WVNG2,,,,,17.0
B08N9YT1MY,961.0,961.0,961.0,961.0,961.0
B08NB7K1SJ,,,,961.0,961.0
B08NBFZ34G,,,,249.0,249.0
B08NBXV926,,,,,40.0
B08NBXVLVW,,,,,19.0
B08NBZQMB5,,5727.0,,,5727.0
B08NC4YQ2J,,,688.0,,688.0
B08NC7KXQ5,,,5727.0,5727.0,5727.0
B08NCBHTBV,,,,,57.0
B08NCD92ZM,5727.0,5727.0,5727.0,5727.0,5727.0
B08NCHLK2Y,,,,5727.0,5727.0
B08NCJ29VP,2.0,,,,
B08NCL7VWF,,,,80.0,
B08NCVF7R6,,,,80.0,80.0
B08NCWKRCP,,,,5727.0,5727.0
B08NCYXVJ4,,,,,21.0
B08NGYDGYF,2187.0,,,,2187.0
B08NHGFNWF,,,,,5.0
B08NHKQRSK,,,,25.0,
B08NHPMYGR,9.0,,,,
B08NJ7N8B8,157.0,,,,
B08NJJ69QF,,,,,3.0
B08NJRR9BD,,200.0,,200.0,
B08NK6DK76,598.0,,,,
B08NNRPJ8X,216.0,,,,216.0
B08NP2XQ5B,,,,,1972.0
B08NP6B2YL,,,,,1972.0
B08NP75ZCP,1259.0,1259.0,1259.0,1259.0,1259.0
B08NPBX32K,,,,,1972.0
B08NPC1ZPY,,,,1972.0,
B08NPF1BBC,62.0,62.0,,62.0,62.0
B08NPH6Q66,,,,,1972.0
B08NPHPSY5,,,,1972.0,
B08NPMNLGP,,,,,8.0
B08NPNNL3L,,,,,1972.0
B08NPTVFZQ,,,1972.0,,1972.0
B08NPV7KZ8,,,,,349.0
B08NPW57VF,,,,1972.0,1972.0
B08NPXQBXZ,,1972.0,,,1972.0
B08NSLD5SK,,,,,8363.0
B08NSP5NFY,,,,,147.0
B08NSX5PZ1,,,,,8363.0
B08NT1Q31W,,,,,8363.0
B08NT5BT1P,,,,,27.0
B08NTC3SCM,68.0,,,,68.0
B08NV1DT6L,839.0,,,,
B08NVNYT8P,,,,94.0,94.0
B08NVR8NTH,,,,,4.0
B08NVRQJT2,,,416.0,,416.0
B08NW1WZ3Z,,,,,45.0
B08NW6NQFL,116.0,,116.0,116.0,116.0
B08NWRYJS8,,,,,106.0
B08NWS4TT5,,,,,106.0
B08NWSG56C,,,3661.0,,
B08NWSN86H,,,,,6.0
B08NWY8HKQ,,,,17.0,17.0
B08NWZ9P2V,,8.0,,,
B08NX575D8,,,,,143.0
B08NX77MYC,,,,,5.0
B08NXG5R3W,,,,,679.0
B08NXN8W3S,,,,,22.0
B08NY5T3FK,,,,11.0,
B08NY6Z12L,,,,602.0,
B08NY8FV21,,,,,602.0
B08NYB2HPJ,,,,,32.0
B08NYLJWG3,,,,,81.0
B08NYLWJSF,,,,,81.0
B08P1BQZ3J,,,,,3663.0
B08P1TNWXL,681.0,681.0,681.0,681.0,681.0
B08P1W9FX6,,,,,104.0
B08P21MHZ8,,,,,151.0
B08P21N43Q,,,,,13.0
B08P2BP2KC,,,49.0,49.0,49.0
B08P343STR,227.0,,227.0,227.0,227.0
B08P3763L8,,,,,36.0
B08P42PWY6,,,,,5.0
B08P488KBF,,,,,8363.0
B08P48XTSC,79.0,,,,
B08P4C9P2N,,8363.0,8363.0,,8363.0
B08P4JPQ1K,2985.0,,2985.0,,2985.0
B08P58M5CJ,417.0,417.0,,417.0,417.0
B08P5BK7SN,,,,,67.0
B08P5GYWPW,,138.0,138.0,,138.0
B08P5HFZ9V,138.0,138.0,,138.0,138.0
B08P5JTXYN,,,,,115.0
B08P5K2Y9N,,,,,191.0
B08P5KGRPB,,,560.0,,560.0
B08P5KW5BC,,,,,560.0
B08P5KW8Q4,,,,,193.0
B08P5M7NC1,,,,560.0,560.0
B08P5M9V7P,,,,,560.0
B08P5PTCW9,728.0,,,,728.0
B08P5QK7WV,,,728.0,,728.0
B08P7FNC8B,,,,,10.0
B08P85Z2KB,,,,,114.0
B08P8KL5Y5,,8.0,,,
B08P8RXL4K,,,,78.0,78.0
B08PB5TX43,34.0,,,,
B08PBV4T6C,,,,,10.0
B08PC7HCJN,187.0,,187.0,187.0,187.0
B08PCTXW6P,,,,1913.0,1913.0
B08PCWX83D,,,,,1913.0
B08PDFXR1F,,,81.0,,
B08PDHK9FK,,,,,252.0
B08PFJ9Q16,20.0,,,,
B08PG1MH6Q,,20.0,,,
B08PHLX39H,,3618.0,3618.0,3618.0,3618.0
B08PHQ3WLP,8363.0,,,,
B08PK5SZ7Y,,,,8363.0,
B08PK6TKP1,,,,,1084.0
B08PK7M5BN,1084.0,,,1084.0,
B08PK7ZNMB,,438.0,,,
B08PKD31J2,438.0,,,,
B08PKX2D8M,1085.0,,,,1085.0
B08PNMLK4S,,,,,28.0
B08PNNG1JT,,,,,14.0
B08PNSSZ72,,333.0,333.0,,
B08PNT7Q3M,,,,,746.0
B08PNTQKS9,,,167.0,,167.0
B08PNTYKTX,,,,,746.0
B08PNTZ8XT,,,,,60.0
B08PNY8KVC,,,855.0,,
B08PNYNFVC,,,,,334.0
B08PP4F82Q,,,,,746.0
B08PP5WWMD,,,,,28.0
B08PPDLC6S,,,,,19.0
B08PPFN4BY,,,,,47.0
B08PPQ3J36,,,,,855.0
B08PPYZTJV,,,,,556.0
B08PPZPBX5,,116.0,,,
B08PQ2LP1V,,,,,556.0
B08PS3DL9Q,,,107.0,107.0,107.0
B08PT34Y9Z,219.0,,219.0,219.0,219.0
B08PTW3NHJ,,,,,16.0
B08PTZLCCM,,,,,157.0
B08PV894D7,,,,,438.0
B08PXQMG7T,281.0,,,281.0,281.0
B08PXZCZ5Z,,,140.0,140.0,140.0
B08PY7MF7L,,,,60.0,60.0
B08PYBCH4M,,,,,132.0
B08PYR3Y85,187.0,,,187.0,
B08PYTDYX1,,,,,7.0
B08PYTWTYZ,,,,,1084.0
B08PYVCQGD,,,,,1084.0
B08Q34PL2N,,,,,438.0
B08Q39MKVB,,,,,7.0
B08Q7N7VM7,458.0,,,,
B08Q7R3JKZ,,,,458.0,
B08Q859JVC,,,,,458.0
B08QBXY59P,10.0,,,,
B08QC7TRLX,,,,40.0,
B08QCM9JXG,,,,,143.0
B08QCP8DF9,,,1563.0,,
B08QCRWMKG,,7.0,,,
B08QCW4ZPB,,,,1563.0,
B08QCXJ8CQ,,,,,143.0
B08QCY7D83,,,,,143.0
B08QFH153P,,,,,370.0
B08QFP2HN9,,,,,64.0
B08QGK84SF,,,1526.0,,1526.0
B08QGKQ18Z,,,,,1526.0
B08QGN7Z8H,31.0,,,,
B08QHWLGVN,,,,68.0,68.0
B08QHX1WT8,,,,,15.0
B08QHYDFSS,90.0,,90.0,,
B08QHZM13Y,,,,,68.0
B08QHZP4HB,,,,2.0,
B08QJ5D4K2,,,53.0,,
B08QJBB39Y,,37.0,,,
B08QKVS431,,,,,327.0
B08QL84SXS,,,323.0,,323.0
B08QLFJZJN,,,52.0,,52.0
B08QLPGY76,,,,,329.0
B08QM73JRQ,,,,,6.0
B08QMSCLSG,,,,,1080.0
B08QR21NWP,,,,,190.0
B08QRF4797,,,,,746.0
B08QRRWPF4,,,,,537.0
B08QRYH527,,26.0,26.0,,26.0
B08QRZVG3Z,,,,,650.0
B08QS1YG23,,,,,4.0
B08QTVL7FL,,45.0,,,45.0
B08QV7V1G9,,,,,18.0
B08QVNX1SS,,,,7.0,
B08QVQRM16,,,,93.0,
B08QVX9MLW,705.0,,705.0,,705.0
B08QZ3PZL4,,,,,1377.0
B08QZ7BCKT,,,10.0,,10.0
B08R2PQL65,,,,,12.0
B08R2VR2S5,,,,,37.0
B08R3H6BLK,,,,,359.0
B08R3JFYGH,,,203.0,,203.0
B08R3PCL17,,,91.0,,91.0
B08R3Q6WXW,2985.0,,,,
B08R3QFCF1,,,,,2985.0
B08R3QJFDJ,2985.0,,,2985.0,2985.0
B08R3SZQGD,,,113.0,,113.0
B08R58YFQJ,,,,,199.0
B08R6C243W,2.0,,,,
B08R6F8V6C,,,,,88.0
B08R6KYX7Q,,,,,38.0
B08R6MJ849,117.0,,,,117.0
B08R6P6KW3,,,,,117.0
B08R6PNKN4,,117.0,,,117.0
B08R6RJ21S,,123.0,,,
B08R6S911S,,,,,240.0
B08R6SFH7Y,,123.0,,,
B08R6XWG9L,564.0,,564.0,564.0,564.0
B08R79443X,122.0,,,,122.0
B08R7C6N7F,,,,,121.0
B08R7HKGTM,,,,,24.0
B08R7HXCX6,,,,47.0,
B08R7JL816,,,,,41.0
B08R7YWFLV,,,,,11.0
B08R84VVL3,,,,,36.0
B08R867KQN,,,90.0,,90.0
B08R8KDVJT,199.0,,,,
B08R8KMR8W,,,,,182.0
B08R8LSRNM,,,,,182.0
B08R8M8XM1,,,,,182.0
B08R8MXKYS,,,,,182.0
B08R8W96BM,,,,,105.0
B08R92CVPS,,,73.0,,73.0
B08R9RP2N6,,,,,102.0
B08RB1D6S4,,,,,9.0
B08RB1X96S,687.0,687.0,,687.0,687.0
B08RB221SJ,686.0,,,,686.0
B08RBKCPZL,,,,152.0,152.0
B08RBWYJ3P,,,,10.0,
B08RD84QF7,438.0,,,,
B08RD8FHYK,438.0,,,,
B08RDBYH24,,746.0,,,
B08RDD4MG2,,,,746.0,
B08RHJZ524,101.0,,,,
B08RHNW3KY,,,,280.0,
B08RJ126D4,25.0,,,,
B08RJDRSWG,,,69.0,,69.0
B08RLJ4T55,18.0,18.0,18.0,,18.0
B08RMWCK7D,,,,,66.0
B08RN12TJ7,,,,,4884.0
B08RNBGKS7,51.0,,,,51.0
B08RNNSP2G,,3667.0,,,
B08RNX2PCS,,,,12.0,
B08RR7JR98,,,,,111.0
B08RRM6DWY,,,,24.0,
B08RS2DQJT,10.0,,,,
B08RXDGBK8,,40.0,,,
B08RY8GQ4X,,,,28.0,28.0
B08RYFB8W2,,,7.0,,
B08RYKZ6YN,,,,,1084.0
B08RYNBB4M,,,,58.0,58.0
B08RYPZQ78,,,,,493.0
B08RYQR1CJ,,,,,3618.0
B08RYVGJZT,,,,,1261.0
B08RYXCVQF,,,,1261.0,1261.0
B08RYYZ2QN,167.0,,167.0,,
B08RZF2PHX,,,,,45.0
B08S2TRXCC,,,,,10.0
B08S2WPJDK,,,,100.0,100.0
B08S344N5W,,,28.0,,
B08S36PX5D,,,,3.0,
B08S381XMY,,157.0,,,
B08S3B94JT,157.0,,,,
B08S3L9RPV,,,67.0,,
B08S3QHM3Z,,,,,157.0
B08S43SW4R,,,,,299.0
B08S44CSL5,,,,,299.0
B08S44XPD2,,,,,299.0
B08S45C6WY,,,,,299.0
B08S45ND34,,299.0,,,
B08S461B3W,,,,,299.0
B08S463KXS,,,,,299.0
B08S4756TB,,,299.0,,
B08S5JM6D8,,,3.0,,3.0
B08S5QNNTV,,,,95.0,
B08S5QNQW9,,3.0,,,
B08S5RZ1BM,,,1.0,,
B08S5YG79N,,,,,6.0
B08S6TZ5TY,,705.0,705.0,,705.0
B08S6X19F4,,,,,165.0
B08S6Z66H4,,,,131.0,131.0
B08S796WSH,,,133.0,,133.0
B08S79MHX7,,,,176.0,176.0
B08S7DB7HL,,61.0,,,
B08S7NZR9N,5.0,,,,
B08SBL1R18,,,,,19.0
B08SBLVR7V,17.0,,,,17.0
B08SBLZK94,,,,,16.0
B08SBN66G8,,,,,24.0
B08SBP6WYS,,,,,24.0
B08SBSCW9F,,,,95.0,95.0
B08SBSWCCD,,,,,26.0
B08SBWFXP8,,,,,13.0
B08SBYCLFV,,,,,21.0
B08SC12WH9,,,,,9.0
B08SC38J8S,,,,,23.0
B08SC79V84,14.0,,,,
B08SGJ7Z2H,,,,,8.0
B08SHG8SGV,,,,,33.0
B08SHKBXFT,,,,,57.0
B08SHYF9TM,,,45.0,,45.0
B08SJ3C35K,,,,,37.0
B08SJ3GZHV,,,28.0,28.0,28.0
B08SJBJBZD,,,,248.0,248.0
B08SJBQXBN,46.0,,46.0,46.0,46.0
B08SJC1GT3,,,,,21.0
B08SJQKFPQ,,,,,4.0
B08SJRB47G,,46.0,,46.0,
B08SKG12D2,,,,881.0,
B08SL3J4VG,,,,,37.0
B08SLPWBYZ,385.0,,,385.0,
B08SM1W4NR,,,43.0,,
B08SM8QQZM,,,,,948.0
B08SM8VLX4,,,,,948.0
B08SM9L9YW,,,,,948.0
B08SM9ZZWG,,,,,948.0
B08SMFN3VY,,,,,156.0
B08SPSJCVL,,,,117.0,117.0
B08SQHHD2G,,,,438.0,
B08SQJGTHV,,,,,117.0
B08SQNGT8Z,,36.0,,36.0,36.0
B08SQS31YS,,,,,143.0
B08SZV62XB,,,,,163.0
B08T1JC5VF,,,,,52.0
B08T1K1938,,,,,64.0
B08T1Q7WRZ,,,127.0,,127.0
B08T5P8Y3Y,79.0,,,,
B08T5V4Z9C,,,,,24.0
B08T5VWJNX,,,1.0,,
B08T5YTMNW,,,,,232.0
B08T5ZH1MP,,,,1718.0,1718.0
B08T61JVDJ,,,,,232.0
B08T678X7X,,,,232.0,232.0
B08T6B2TFN,,,,,28.0
B08T6KQ516,,232.0,,,232.0
B08T6YDKJB,,746.0,,,
B08T7PRVRW,27.0,,,,
B08T8Z13TF,,,,,41.0
B08T91S4LR,,,32.0,,
B08T94SY45,1589.0,,,,
B08TBFNRVY,,,,,25.0
B08TBJWRVJ,,,96.0,,
B08TBK4X7Y,,,,,135.0
B08TC9DCSN,20.0,,,,
B08TCHWBJ7,288.0,288.0,,,288.0
B08TF6GBTP,,,,,29.0
B08TFG2KJY,,,,29.0,
B08TH9QMQB,,,,,639.0
B08THC6XJM,,,,,40.0
B08THFQ3X2,,,,119.0,
B08TJXCN6R,,,,,66.0
B08TLZGXTQ,,,,,9.0
B08TLZP674,,,,176.0,
B08TM1FHBQ,,,,,543.0
B08TMBXN31,,,,10.0,10.0
B08TMCT7Y3,,,,,543.0
B08TMG5ZKC,,8.0,,,
B08TMGCZTV,,,,,543.0
B08TMGDP4L,,,,,92.0
B08TMK7K2Y,,,,,176.0
B08TMM71V7,,,,,4.0
B08TN12D8X,27.0,,,,27.0
B08TP3C27B,,,,175.0,
B08TP5XF1X,,,,,2307.0
B08TP6VP65,,,,,2307.0
B08TP8WKWQ,,,,,1363.0
B08TP9WG23,,,,9.0,9.0
B08TPB4WPP,,,,,14.0
B08TPHL58Y,,,,,1363.0
B08TPHWJVD,,,,1286.0,1286.0
B08TPK2MTM,,,,,175.0
B08TPM7B7L,,,,,2307.0
B08TPNXFZ2,,,275.0,275.0,
B08TPSQ3HM,,,,610.0,610.0
B08TPVS1QR,,,,,275.0
B08TPWZ5YH,,,,84.0,84.0
B08TQ2B1JD,,,,1286.0,1286.0
B08TQXWS8K,416.0,,,,
B08TR1CJT6,,,,,416.0
B08TT4V26W,,,,,2.0
B08TTNLMN1,,,,14.0,
B08TTQ3MYN,660.0,,,,660.0
B08TTRM8V9,,,,,655.0
B08TTZHR46,47.0,,,,47.0
B08TV1YRNK,,,,,14.0
B08TVBQ3WQ,,,,209.0,209.0
B08TVWK432,,,,,79.0
B08TVWPGS7,,,,,79.0
B08TW6CV3B,,,,,13.0
B08TW7KJLW,,,,,106.0
B08TW9G5KL,,,,,20.0
B08TWHF2KS,,,34.0,,34.0
B08TWQ5TH9,,,,8.0,
B08TWXJ4QZ,,,,,207.0
B08TX5VBR1,32.0,,,,
B08V11BJKT,,,,58.0,
B08V11XF3Y,,705.0,,,705.0
B08V1352QH,,,,,86.0
B08V1742KN,487.0,,487.0,,487.0
B08V1DGDSC,71.0,,,71.0,
B08V1J4D8X,,55.0,,,
B08V1PT27M,,,,,55.0
B08V24LLZW,,,,,47.0
B08V533FPJ,,,,,442.0
B08V568MWX,,,,,36.0
B08V5LBHZ3,,,,86.0,86.0
B08V8B6QS8,,,,,385.0
B08V8RWK7G,45.0,,,,
B08VDN3P8N,,,,,18.0
B08VG495YH,,,,,265.0
B08VGQJT63,705.0,,705.0,705.0,705.0
B08VGYBGXR,,,,,39.0
B08VH29WYL,,,154.0,154.0,
B08VH4NW3M,154.0,,,154.0,
B08VHY3WJV,,565.0,,,565.0
B08VJ36GL1,,,,36.0,
B08VJ3Y7RJ,,,,,565.0
B08VJ45P1P,,,,,565.0
B08VJ47FMK,565.0,,,565.0,565.0
B08VJ4YBWQ,565.0,,565.0,,565.0
B08VJBLV7Q,114.0,114.0,114.0,,114.0
B08VMRMGD4,29.0,,,,
B08VN3C69V,,,,,12.0
B08VN5DZ3H,,,,,101.0
B08VNGHSCQ,,,,32.0,
B08VNJLNX6,,,73.0,,73.0
B08VNLL4DC,1.0,,,,
B08VP1T5FM,,,,,25.0
B08VRXG2ZP,,,,1379.0,1379.0
B08VVYVNPR,,,,,220.0
B08VVYVTSQ,313.0,,313.0,,313.0
B08VVZ2B7B,8.0,,,,
B08VW3LHGV,,11.0,,,
B08VWKQFMW,,,8.0,,
B08W1MDDVZ,,,266.0,266.0,266.0
B08W1W417M,,1.0,,,
B08W1XGVKZ,,,,177.0,177.0
B08W24RH1G,7.0,,,,
B08W3DSPMJ,,,,3783.0,3783.0
B08W6N79JC,,,,,4.0
B08W9Q4QRJ,,,86.0,,86.0
B08WDRF64J,,,,,15.0
B08WDXTVVY,,,,,147.0
B08WF37WS1,,,,,37.0
B08WLMGB93,,,,,24.0
B08WR6WXRF,,190.0,190.0,,190.0
B08WRKHM15,,,,,18.0
B08WTF9N1C,,,,,2189.0
B08WTNZ7Y1,,,,,2192.0
B08WWLCG6Z,,,,,153.0
B08WWVSNYS,153.0,,,,
B08X1FXX83,,,,,102.0
B08X1KGZTR,,,221.0,221.0,
B08X26F3JP,,,,,92.0
B08X4NBG44,,,20.0,,
B08X64Z28F,,41.0,,,41.0
B08X69985C,45.0,,,,
B08XBKWPKP,678.0,,678.0,,
B08XBX6CX1,29.0,,,,29.0
B08XGN896P,,,,,8.0
B08XHSG6RN,13.0,,,13.0,
B08XHSS8LS,,,,,3662.0
B08XHVLMMR,,,,,5.0
B08XJ5J6NH,,,8.0,,
B08XJ6QPV4,,,12.0,,
B08XJDC8XT,,,,,4.0
B08XJZ4GS3,,,41.0,41.0,
B08XJZQ8VD,862.0,,,,862.0
B08XK4BPLN,,,,3.0,
B08XLQP1XJ,149.0,,,,
B08XLVPSF5,,,50.0,,50.0
B08XLXPSFQ,,12.0,,,
B08XM56RVW,27.0,,,,
B08XMKMJBQ,,,,4.0,
B08XNPLLMG,,,,,5.0
B08XNQ69NS,886.0,886.0,886.0,886.0,886.0
B08XNS7M1S,,,,,42.0
B08XNTGKFF,,,,,42.0
B08XQFPYGR,47.0,47.0,47.0,47.0,47.0
B08XVP89GL,,,,,580.0
B08XVV4SQW,,,,,21.0
B08XW3FV82,,,,,580.0
B08XX6ZHLF,,,,,1212.0
B08XXDPZSR,,,19.0,,
B08XXV2SJ6,,,,,36.0
B08XYP8X1Z,,,560.0,,560.0
B08XYRV8QQ,,,44.0,,
B08XYSW4QP,,,,75.0,75.0
B08XYSY4SD,,,,560.0,560.0
B08XZ2YT9T,3.0,,,,
B08XZGQQ4M,,,,,10.0
B08Y1YTNSP,,,,,71.0
B08Y268N9Y,,,,168.0,
B08Y5BKLP7,45.0,,,,
B08Y5F4Z9G,,,,,37.0
B08Y5KX891,,,,,420.0
B08Y5Q4XLP,,,,18.0,
B08Y66MCNR,387.0,387.0,387.0,,387.0
B08Y67QYM2,,,,,32.0
B08Y6R5Q5X,,54.0,,,
B08Y6TTP55,1295.0,,1295.0,,1295.0
B08Y7159GY,,,,,144.0
B08Y73KZL9,47.0,,,,47.0
B08Y7VZRTX,16.0,,,,
B08Y8D912X,,,,50.0,
B08Y8J4686,,,,,99.0
B08Y8LKPGF,,,,862.0,
B08YD1H362,,,,,16.0
B08YF2KVXD,,,,,705.0
B08YFNW3PS,,,,,37.0
B08YJYKCXG,,,,,200.0
B08YJYR8LX,,,,,385.0
B08YLW2NS8,,,,,63.0
B08YN5C6DD,13.0,,,,13.0
B08YNF9R8M,,,,,25.0
B08YNFFD6L,,,,,47.0
B08YP4P4W6,,,,,565.0
B08YP4PZWL,,,,565.0,
B08YQNQB53,,,31.0,,31.0
B08YQZ72J6,,,,,39.0
B08YQZDKSY,,,12.0,,
B08YR2C1F9,,,,,23.0
B08YR9CJN7,,,,,246.0
B08YRBKQQY,,47.0,47.0,47.0,47.0
B08YRPBLSL,,,,,23.0
B08YRYSXW4,47.0,47.0,,47.0,47.0
B08YVLC99R,,,,,20.0
B08YWLB33G,,46.0,,,46.0
B08YWQKWZ5,,,,36.0,
B08YYKQHB1,,,,,86.0
B08YYZYZWJ,,,1515.0,,
B08Z3C1RP9,,,,,4884.0
B08Z3N3PVH,,,,,4884.0
B08Z3Q6J7Z,,,948.0,,
B08Z3QJWV8,420.0,,,,
B08Z3RR8R9,47.0,,,,47.0
B08Z4GTBBP,,,,73.0,
B08Z4HJNMJ,,,,,111.0
B08Z6D3WST,,,,,40.0
B08Z7C9YN5,,,,,2.0
B08Z89G859,,36.0,,,36.0
B08Z8JSF4H,,,,,5.0
B08Z8LYMMX,,2244.0,2244.0,2244.0,2244.0
B08ZBM65Y3,2244.0,,2244.0,2244.0,2244.0
B08ZBZ7K5F,10.0,,,,
B08ZC4759S,,,,,234.0
B08ZC59ZNT,,,80.0,,80.0
B08ZC8GZMD,80.0,,,,
B08ZCHMY1D,,,,,80.0
B08ZCJ5H3C,,,,,74.0
B08ZCMSPJP,,,,,5.0
B08ZCTY391,183.0,,,,183.0
B08ZCVKTG9,,,,,22.0
B08ZDV6HPY,,2244.0,2244.0,,2244.0
B08ZHBB3ZD,,,51.0,,
B08ZHCRYQK,,,15.0,,
B08ZHMCNWH,,,,,855.0
B08ZHNQ6G1,,,,,855.0
B08ZHW47DJ,191.0,,,191.0,191.0
B08ZJJ4GWB,,,,,233.0
B08ZJJGPJ9,,,,,233.0
B08ZJJMR59,,,,,43.0
B08ZJK5CPR,,,,13.0,
B08ZJKF1M3,,,233.0,,233.0
B08ZJKNZ8C,,233.0,,,
B08ZJZ1SPP,,,,15.0,
B08ZK4B48R,,,,,53.0
B08ZLJRRXJ,,,,,129.0
B08ZMTT31C,,,829.0,,829.0
B08ZMTW8B4,829.0,,,829.0,829.0
B08ZMV39DP,,,,,455.0
B08ZMWWQYL,,,30.0,,
B08ZN4TSK7,,,,,8.0
B08ZN7ZZ4P,,,,,3662.0
B08ZN96SMN,,,,3662.0,
B08ZNCSX8W,,,,,19.0
B08ZND7KL2,,,21.0,,21.0
B08ZNF7T1F,,,,26.0,
B08ZRYCNTQ,,7.0,,,
B08ZRYK18C,,,1515.0,,1515.0
B08ZRYM2WV,,,,,2.0
B08ZRYZJ3L,,,,,3618.0
B08ZS1FLJS,,,,,4.0
B08ZS552VV,,,,,82.0
B08ZS62X5N,,,,,265.0
B08ZS85T8V,,,,4.0,
B08ZS914YG,3618.0,3618.0,,,3618.0
B08ZSCFQRN,,,,,3618.0
B08ZSHMJ58,,,,4216.0,
B08ZSK3RGK,,,10.0,,
B08ZSNM58B,,,,,43.0
B08ZSP8DX2,,,,,1515.0
B08ZSPLQJG,,,,,3618.0
B08ZSPX258,4216.0,,,,
B08ZXSS3GV,,,,,20.0
B08ZY989V8,,,,,1515.0
B08ZY9FBDM,,,52.0,52.0,52.0
B08ZYFTGTM,,,,,77.0
B08ZYKD3GD,,,3.0,,
B0912CF4V8,7.0,,,,
B0912CLD3S,,,,,60.0
B0912CWC14,,,,,131.0
B0912NX9BJ,,384.0,,,
B0912TS3G4,64.0,,,,
B09133KXMD,,,14.0,,
B09134981R,,,,,25.0
B0914VHHWZ,,,,,4216.0
B0915X69HV,,,,239.0,239.0
B0915YR2VW,,,,60.0,60.0
B09165C5YS,,,26.0,,
B09168711T,,,15.0,,
B0919MD8M6,,,526.0,,526.0
B0919NZ2JR,,,,2369.0,
B0919TVQM4,,8.0,,,
B0919V7XPB,22.0,,,,
B0919V8PXD,,,,,6.0
B091B3PP6B,,,,,6.0
B091B5JMS9,,,,,12.0
B091B5W77L,,,,,7.0
B091BKJXNM,,,,14.0,
B091BP6RKL,20.0,,,,
B091BVTY69,,,,,71.0
B091C1Y1CG,,,,,560.0
B091CB3MCN,,,,,27.0
B091CD6R6M,,,,4216.0,
B091CM71KP,,53.0,,,
B091CPGZMP,,,,20.0,
B091CVPY38,,,,,114.0
B091DKFMDN,,,,,14.0
B091DTSXYG,,,,,6.0
B091DVKT9V,9.0,,9.0,,
B091DVY9RN,,,,8.0,
B091DX39ZZ,,,14.0,,14.0
B091F4P6GP,,,,,14.0
B091F4WRXK,15.0,,,,
B091F71N4J,,,,,14.0
B091F8S9HT,,,170.0,,170.0
B091F9CD9G,,,1779.0,,1779.0
B091FBMR2W,,,,172.0,172.0
B091FFJVYK,165.0,,,,
B091FHZSG3,,,,14.0,14.0
B091FR8YV2,,,,411.0,
B091FX5PBJ,,,,411.0,
B091FXRHFD,,411.0,411.0,,
B091FYFT8F,411.0,,,,
B091G226P1,,24.0,,,
B091GFWYZB,,,,411.0,411.0
B091GLKRQF,,258.0,,,
B091GR4XKV,,,160.0,,
B091HS639Q,47.0,,47.0,,
B091HZ8XCX,,47.0,47.0,,47.0
B091JRX6QT,,,,,64.0
B091JYTJ6L,,,913.0,,913.0
B091JYTYX8,,,,,913.0
B091JYZSGP,,,,,913.0
B091KF8W5Q,,,,,17.0
B091KQ25R8,,,,,1424.0
B091KQ599W,,,,,913.0
B091L1BTBS,,,,,167.0
B091L5PJKT,,,167.0,,
B091L7GL8M,14.0,,14.0,,14.0
B091LD9ZP5,7.0,,,,
B091LWZLXY,,,,167.0,167.0
B091M4J2MS,,,167.0,,
B091PG73X6,167.0,,,,
B091PJRTKX,,,,,1286.0
B091PK25JX,,,,,610.0
B091PKTSCC,,,,,1363.0
B091PL5W8C,,,,,275.0
B091PL9XT3,,,,,179.0
B091SKX5K6,,,,,85.0
B091T7HRX5,,,,85.0,
B091T9KRSF,,,37.0,37.0,37.0
B091TKKF9V,,,,,226.0
B091TMRR6Z,,,,,226.0
B091TVGLXG,,,,,59.0
B091TXD7XF,,1284.0,,,
B091TYW9T4,1284.0,1284.0,,1284.0,1284.0
B091V24RZL,,,72.0,,
B091Y8ZSW4,36.0,,,,
B091YC6GLF,,,,,260.0
B091YDS9YF,,,,,260.0
B091YF4BC6,,,,260.0,
B091YH7GDZ,,,,260.0,
B091YH9HJ6,,,,,263.0
B091YKRQG8,,260.0,,,
B091YMGRJV,,,,,260.0
B091YQDVTK,,260.0,,,
B091Z1Q588,,,,,684.0
B091Z2HSJ6,684.0,,,,684.0
B0922C8YRR,,11.0,,,
B0922HBQNR,,,,,21.0
B0922Z85YT,,,,,78.0
B09233N2VC,,,,6.0,
B092342QV9,,,,69.0,
B0924DZQRT,4.0,,,,
B0924P3VJ4,,,12.0,,
B0925QVXVN,,,,,2.0
B0925V35RR,,,,,379.0
B09267JNGD,,,47.0,47.0,
B0926ZPYXW,291.0,291.0,,,291.0
B0927FX1VF,,,,1.0,
B0928FXDD5,,,,119.0,119.0
B0928GTKBX,,,,,99.0
B0928L81BR,,,,,22.0
B0928MHGVV,,,,688.0,688.0
B0928T5DNL,,,,,3662.0
B0928Z5RS2,,,,,18.0
B0929GR5DB,,,,,39.0
B092CZ1GVH,,,,,3662.0
B092D2M57N,50.0,,,,50.0
B092DHJH3Q,,,,,39.0
B092J4LWY8,,,,,7.0
B092JC8QQ3,,,,,140.0
B092JDBZ59,,388.0,,,
B092JDSM96,,,,,265.0
B092JDW8ZV,,,6.0,,
B092JM8QK9,,,,970.0,
B092JPJTYQ,,,,,970.0
B092LYKYYP,,,,,25.0
B092LYMQCS,,,,,149.0
B092MFK4FC,27.0,,,,
B092MGK1R8,,16.0,,,
B092Q51N2D,8.0,,,,
B092QDVDM8,,,,19.0,
B092QT7W4C,,,,,117.0
B092QV2BQ8,,,,,14.0
B092QW8K2Q,,,145.0,,145.0
B092QZCQ4R,3783.0,,,3783.0,3783.0
B092SL23YB,,,,,1515.0
B092SS6YP9,,,,,147.0
B092SS96HN,,,,,146.0
B092STJLTV,,,82.0,,
B092STM8D9,,,,,146.0
B092SVDZLJ,147.0,147.0,,,147.0
B092TD1FRP,43.0,,43.0,,
B092TFMMJV,,,10.0,,
B092V1PY18,,,129.0,,129.0
B092VJBKWR,,1.0,,,
B092VTJG7V,,,,,3618.0
B092VWH33B,,,45.0,45.0,45.0
B092VWLCM2,,,,3618.0,
B092W33VM1,,,,,14.0
B092YHSX4H,,,1829.0,1829.0,1829.0
B092YPV1S8,,,1829.0,1829.0,1829.0
B092YWDZNW,,,1829.0,1829.0,1829.0
B092Z1K9DP,,,51.0,,
B092Z2KZ8L,,,1829.0,1829.0,1829.0
B092ZH8CPQ,,,1589.0,1589.0,1589.0
B092ZJ8V8R,,,,,368.0
B0932BJC8R,,,,,3.0
B0932C6PD6,,,,,7.0
B0932YB1T6,,,,5.0,
B09336DMT6,,,,,33.0
B09338VDTK,,,,,23.0
B0933HJSJP,76.0,,,,
B0936NMY24,,,,,35.0
B0936TSDFR,,,5.0,,
B0937CG3KD,,,,165.0,165.0
B093B3RGZD,,,,,1964.0
B093BM7G3G,,,,1964.0,1964.0
B093BWPWL7,,,,,299.0
B093BX5J3K,,,,,379.0
B093BX664X,,,,,379.0
B093CT5Y2Q,,,,428.0,
B093CTFZG8,,,,,428.0
B093CV2P9N,,,,,428.0
B093CVBXRY,,,,,428.0
B093CVQBVT,,,,,428.0
B093CW687K,,428.0,,428.0,
B093CWCVCK,,,,428.0,
B093CWLKZJ,,,,,428.0
B093CX3T5P,,,,,428.0
B093CXMS2P,,,,428.0,428.0
B093D4QKN7,,116.0,,,
B093D68Q6F,116.0,,,,
B093DPRRWG,,,,,3.0
B093FH7683,31.0,,,,31.0
B093FJP2JL,,,,,76.0
B093GFWF24,8992.0,8992.0,8992.0,8992.0,8992.0
B093GK9JZG,,,,1804.0,1804.0
B093H6CJZZ,,,,,6.0
B093H7LK3S,8.0,,,,
B093JNSLYH,,,,,311.0
B093JP196T,,,,311.0,
B093K5WHF2,,,,,24.0
B093K67HSW,57.0,,,,
B093K997RN,311.0,,,,
B093KM5BSH,,,,,120.0
B093L2PQST,,,89.0,,89.0
B093L52F4M,,,3783.0,,3783.0
B093L9LKSK,,115.0,,,115.0
B093LFXBBZ,,,,,47.0
B093NW63ZP,,6839.0,,,6839.0
B093P15W36,,116.0,116.0,116.0,116.0
B093PBQFBR,,,,,14.0
B093PJ7VM7,,,,1573.0,1573.0
B093PPWLP1,,,1573.0,,1573.0
B093PQC3C7,,,,,1573.0
B093PRWBN8,1573.0,,1573.0,,
B093PS3HZZ,,6839.0,,,6839.0
B093PV6GPG,,,1573.0,,1573.0
B093Q5T4KZ,,,,,274.0
B093Q84GTN,1424.0,,1424.0,,
B093Q8PLNK,1424.0,,1424.0,,1424.0
B093Q92KVJ,,,,,1424.0
B093QFVG27,,,,35.0,
B093QLQYR8,,,,,1424.0
B093R1JR94,,,,,1424.0
B093RD6QPR,,1424.0,,1424.0,1424.0
B093SSVVPM,,,,,24.0
B093T26B7K,,,,,111.0
B093T675F8,62.0,,,,62.0
B093WN2DZT,,12.0,,12.0,12.0
B093ZZL99D,,,,,94.0
B0942VRG3M,,,,,80.0
B09432QWY6,,,,,80.0
B094477632,1424.0,1424.0,,1424.0,1424.0
B0946JC134,,,,,105.0
B09476QP1R,,,,,150.0
B09482VRRB,,,,,57.0
B0948LH1V1,,,,58.0,
B09494BYFK,,,,66.0,66.0
B09499BC2W,,108.0,,108.0,108.0
B0949BWDL3,,,,,147.0
B0949V6BZV,207.0,,,,207.0
B094C2MMQ1,1.0,,,,
B094CG2YB1,,,,,10.0
B094CLR7CG,,,,,24.0
B094DPRRTR,,,26.0,26.0,26.0
B094DWWS6Q,,,,,1892.0
B094FFFCNZ,,,,,303.0
B094FH49P4,,,,,303.0
B094G9MJWD,,,,38.0,38.0
B094HTK84Z,,,,,4.0
B094HV99JN,,,,,2.0
B094MKPZTS,,,,,23.0
B094ML6WG9,,,,9.0,
B094MPFXWK,,,,,23.0
B094MVFZFX,,,,,27.0
B094MY9TV2,,,,,6.0
B094N6T722,,,238.0,,
B094NMQ4RT,,,,,6.0
B094NXVWY9,,,,,1892.0
B094PMDXY2,,,,,204.0
B094PWQNHH,,,,,204.0
B094Q951N6,,,,,4.0
B094V3K1F5,13.0,,,,
B094V4XJW9,,,3.0,,
B094VB37BD,,,18.0,,
B094VRQZ6Y,,,38.0,,
B094X3LK3N,,18.0,,,
B094X6RNDP,,22.0,,,
B094XDPQBD,,,,,4.0
B094XMK594,,,,,21.0
B094XS36PP,,,,,4.0
B094XYXKNL,,,,,166.0
B094ZL9ZY7,4.0,,,,
B094ZQ42R8,,6.0,,,
B094ZQHZ9C,,,,,18.0
B0952TC9X7,,,,,146.0
B0953HX9RD,,,,127.0,
B0953J7Z2M,,3.0,,,
B0956NQK95,,534.0,,,534.0
B0956W69DD,,,,,534.0
B0956WP8PQ,,,,,534.0
B0956ZMTNV,,,,,7.0
B09581RP3D,,,,6.0,
B095H9YK97,,,,,167.0
B095HJ9KDD,,,,,54.0
B095LD8CPP,,,,,24.0
B095LKXDKS,,,,,402.0
B095LLCC5W,402.0,,,,402.0
B095LLD9RF,,,,,402.0
B095LLFJQR,,,,,402.0
B095LM4R5V,,,,,402.0
B095LZFMZ2,41.0,,,,41.0
B095LZTDQ5,,,,,41.0
B095M16H9W,,,,,41.0
B095M18G3V,,,,,41.0
B095M5WGJ2,,,,,109.0
B095MBXJ2W,4.0,,,,
B095MC2B2N,,11.0,,,
B095MCLZGX,,,21.0,,
B095P4TQ2L,,,,,25.0
B095PCPPRY,,,,,90.0
B095PDSG5Q,,,,,90.0
B095PKH3DZ,27.0,,,,
B095RG584C,,,,22.0,22.0
B095S7LVZF,913.0,,,,
B095S86NHK,,,,,913.0
B095S882YG,,,,,913.0
B095SFWXWP,,,913.0,,913.0
B095YVQVS7,,,182.0,,
B095YX911J,,,182.0,,182.0
B0963BXRHC,,,443.0,443.0,443.0
B0963SDCTF,,,,,9.0
B0963XQGDB,,,,,376.0
B09648VV6F,,,,,2.0
B0964PQGK3,,,,,4216.0
B0964PXR8R,,,,,4216.0
B09652RV7X,,,,,25719.0
B09652TFRP,25719.0,,25719.0,25719.0,25719.0
B09652VJP1,25719.0,25719.0,25719.0,25719.0,25719.0
B0965322N2,25719.0,25719.0,25719.0,25719.0,25719.0
B096533X58,,25719.0,,,25719.0
B096537F8Z,25719.0,25719.0,,,25719.0
B0965389V6,,,,,25719.0
B0965392S6,25719.0,,25719.0,25719.0,25719.0
B096539KV4,25719.0,,25719.0,25719.0,25719.0
B096539YWL,,25719.0,25719.0,25719.0,25719.0
B09653BT2L,25719.0,,25719.0,25719.0,25719.0
B09653BWXT,25719.0,25719.0,25719.0,25719.0,25719.0
B09653CV57,25719.0,25719.0,25719.0,25719.0,25719.0
B09653DM3Q,25719.0,,25719.0,,25719.0
B09653DSGL,,,25719.0,25719.0,25719.0
B09653G14F,25719.0,25719.0,,25719.0,25719.0
B09653GGYJ,25719.0,,,,25719.0
B09653L8RB,,,,,25719.0
B09653PT1L,,,25719.0,25719.0,25719.0
B09653SF8H,,,,,25719.0
B09653TC4H,25719.0,25719.0,25719.0,25719.0,25719.0
B09653VSSK,,,,,25719.0
B09653Y6RS,25719.0,25719.0,25719.0,25719.0,25719.0
B09653YWQ6,25719.0,,25719.0,25719.0,25719.0
B0965422NC,25719.0,25719.0,25719.0,25719.0,25719.0
B096544F7Q,,,25719.0,,25719.0
B09654BKF9,25719.0,25719.0,25719.0,25719.0,25719.0
B09654CWPG,25719.0,,,,
B09654HJNP,25719.0,25719.0,,,25719.0
B09654HWZB,,25719.0,,,25719.0
B096553KZM,,,,,55.0
B096556J9X,25719.0,,25719.0,,
B0966LTSYB,,,,,41.0
B0969TX463,,,,,83.0
B096BCVMN4,,,,,15.0
B096F17B7X,,,4.0,,
B096FNVDQF,,,,,808.0
B096GVF143,,,,,11.0
B096K5BLJX,,,,,1913.0
B096LPB5WB,973.0,,,,
B096LPGZWR,,,,,6.0
B096M4JPB9,,,,,4.0
B096M4T9YB,,,,,479.0
B096M4VDQZ,,,,,45.0
B096M5P1H4,45.0,,,45.0,
B096M5P51T,476.0,,,,476.0
B096Q3K496,,,,,3.0
B096QHRBGY,,,,2.0,
B096R85RV7,,,99.0,99.0,
B096R89BQS,,,,99.0,
B096R96X1W,,,,,99.0
B096RB61BY,,,379.0,,379.0
B096RBZT7W,,,,,379.0
B096RQ2SGW,144.0,,144.0,,144.0
B096TFPQYG,42.0,42.0,,,
B096TKDBCX,,,,,4.0
B096TQ5JRQ,,,,,15.0
B096VCNFSJ,,,,,274.0
B096VCYSHC,,,,,12.0
B096VPLPY4,,,23.0,,
B096XYYJXG,,,,,65.0
B096YZN8Y4,,,14.0,14.0,14.0
B096ZGMV2M,,,,,69.0
B096ZZ9KY9,,,,,100.0
B09727FBRJ,,80.0,,,80.0
B09728G477,,,,,80.0
B0972L2TF1,,,,,1284.0
B0972PHT4Z,,,,,46.0
B0972SR3CL,,,,,12.0
B0972T4HK3,,,,,10.0
B0972T6M6H,,,,,9.0
B0972VPQ33,,,,,913.0
B0972WKSQB,,913.0,,,
B0972XHBZW,,83.0,,,
B09735LR61,,,,,20.0
B097437N85,,,,,97.0
B097458DHM,,,,,226.0
B09745ZTR2,,,,294.0,
B097491QMJ,294.0,,,,
B097499GD4,,,,,294.0
B09749C2P1,,,,,294.0
B09749FG52,,,,,294.0
B09749RJFQ,,294.0,,,
B0974BNJ3T,,,,,294.0
B0974D3DVQ,,,,294.0,
B0974F6LC3,294.0,,,294.0,
B0974F7FZH,294.0,,,,
B0974SSVYG,,11.0,,,
B0975CCVLQ,,,,,2.0
B0977J8BFB,2.0,,,,
B0977JPWZB,,,,,4.0
B0977JX4DX,,,,,9.0
B09786G1MS,,62.0,,,62.0
B0978RJ6LM,,526.0,,526.0,526.0
B0979D69WW,,5.0,,,
B0979FHW5Y,,,,,36.0
B0979KCFTC,1250.0,,,,1250.0
B0979YFVFT,,,,,4.0
B097BBRXWF,,68.0,,,68.0
B097BGSD28,,,,79.0,79.0
B097BJJXGY,,,,,79.0
B097BJVMH4,,,,79.0,79.0
B097BPPJTK,,,,2.0,
B097BV16W5,,361.0,,,361.0
B097D9BNZ4,165.0,165.0,,,165.0
B097GP9TVC,,,,,157.0
B097H115G2,,3.0,,,
B097HF281X,,,,10.0,10.0
B097HL7P8R,,,,44.0,
B097HT7QCL,,,,,5.0
B097J2TYTS,,,,,427.0
B097JMFLW5,,,,,232.0
B097KJDN3Y,,,,,5.0
B097L3827F,,9.0,,,
B097MH7X4Z,,,,,107.0
B097MKB9MP,,,,120.0,120.0
B097MN9VTM,,,,49.0,49.0
B097MNVDMV,,,,,49.0
B097MP1WJK,,,,,49.0
B097MSZ4VF,49.0,,,,
B097Q63X2R,1071.0,1071.0,1071.0,1071.0,1071.0
B097QG3WPH,,,,,161.0
B097R7LBQW,,,,104.0,
B097RH94WT,,218.0,,,
B097RHKPZH,,,,20.0,
B097RL2SLC,,,36.0,36.0,36.0
B097TCQ5WM,,,,,458.0
B097TFTK91,,,458.0,,458.0
B097TGVBYZ,,,,458.0,
B097XHK3J2,,,,,378.0
B097XJYTBK,,,,973.0,
B097XSH7YC,,,3.0,,
B097YCSZTW,,,,,5.0
B097YD46NP,,,2.0,,
B097ZHL6W4,39.0,,39.0,,
B097ZQCNST,,,,,33.0
B09828WM8N,,49.0,,,49.0
B0982XBVS2,4.0,,,,
B098333W6W,,,,,187.0
B09838ZZV9,,,9188.0,9188.0,9188.0
B0983BMQFS,,,,,25.0
B0983CWYNY,,,,,25.0
B0983G1W5C,,,,,25.0
B0983Q2BRY,,,,,4138.0
B0986RN1Y6,,,90.0,,90.0
B0986ZYDC1,,,,11.0,
B09876JT8L,,,,3783.0,3783.0
B0987TVZGQ,,,,,2.0
B0988SH51P,,,,410.0,
B0988WXKPM,,410.0,,,410.0
B09898MWLB,,410.0,410.0,,
B0989RWLLW,1779.0,,1779.0,,
B098B73SDV,,,,71.0,71.0
B098DGSY42,,,,,2725.0
B098DQB794,,,264.0,,264.0
B098DT2QXC,,,2725.0,,2725.0
B098F2F82Y,,23.0,,,
B098FCJ7YC,137.0,,,137.0,137.0
B098FLWN62,,,,121.0,121.0
B098HTBM5X,,1.0,,,
B098HZT15L,,,410.0,,410.0
B098JN6VX8,2158.0,,,,
B098L2F4PH,,,,304.0,
B098LVB6XT,,,,,11.0
B098NSB6TG,,207.0,,207.0,
B098QBV9R3,,,,,152.0
B098QN5HD3,,,,,14.0
B098RCWMMD,,,,,41.0
B098STYZJT,,37.0,,,
B098SWFG75,,,83.0,,
B098WH97J2,,,,,88.0
B098WPVFQZ,30.0,,,,
B098XDJVH5,,,,,72.0
B0991MVLJW,,,,,86.0
B09927846J,,1718.0,,,
B0992FRT6V,,2.0,,,
B0992H4YMJ,,,,,13.0
B0993DVH6W,21.0,,,,
B0995S3H2C,,,,,42.0
B0995S7RDG,42.0,,42.0,,
B09986J9PB,31.0,,,,
B09987VRPN,,,,,51.0
B0999GYY2P,,3.0,,,
B0999JP4DZ,,,,,3.0
B099C2QS1L,,,17.0,,
B099D327WT,,,,,150.0
B099DGNDZJ,,150.0,,150.0,
B099DK7JNQ,,,,,11.0
B099DVBYQL,,,,,21.0
B099F81N4N,,,1.0,,
B099JCSLWV,50.0,,50.0,,50.0
B099MM6YV7,,,,,231.0
B099NH6R7J,10.0,,,,
B099PL39GP,,,,,26.0
B099PL4M78,,4.0,,,
B099PLKH79,,,,,26.0
B099PXS43J,465.0,,,465.0,465.0
B099PYYYN2,,,,,465.0
B099R8MFR3,,,,110.0,110.0
B099RLPDVV,,,,,43.0
B099W5DJXZ,,,,,10.0
B099W7HCTW,,,,,913.0
B099W88ZPB,,,,13.0,
B099WFLFVD,,,,,11.0
B099Z64QG1,8992.0,8992.0,,8992.0,8992.0
B099Z82NNH,8992.0,,8992.0,,8992.0
B099ZBYSMS,,8992.0,8992.0,,8992.0
B099ZSPJTQ,5.0,,,,
B099ZVBT2X,,,,6.0,
B09B148X7M,,,,7.0,
B09B1K37KK,,,106.0,,
B09B3YXPZR,,,,56.0,
B09B41P2W4,,,,376.0,
B09B44BC7H,,,,,154.0
B09B536RXZ,,,,,1.0
B09B557WZL,,,,,203.0
B09B572Z18,,,,,409.0
B09B5WTW44,3.0,,3.0,3.0,3.0
B09B5WVGV4,,,3.0,,
B09B5WVSB9,,,,,3.0
B09B5WY8MR,,,,,3.0
B09B5WZK5L,,19.0,,,19.0
B09B6WLLPT,,,,,60.0
B09B79TYXT,,,,,49.0
B09B7J8CL8,,,,,119.0
B09B7VZY39,,2550.0,,,
B09B7W49DV,,,,,29.0
B09B7X2Q1F,,,2550.0,,
B09BB33TGV,8.0,,,,
B09BCKTH9F,8992.0,8992.0,,,8992.0
B09BCNM62F,,,,15.0,
B09BG2PM7S,,,,,220.0
B09BG7X5H6,,38.0,,,38.0
B09BJV8SJ9,,,,,63.0
B09BLQS2SB,,,,,55.0
B09BLQYBNJ,,,,,267.0
B09BLRQ5D9,270.0,,,,
B09BNSFYTV,45.0,,45.0,,
B09BTL3G9C,,,,,5.0
B09BVD6VYH,,,,,347.0
B09BXDLTHS,,,,,6.0
B09BYZ7DFD,,220.0,,,
B09BYZGFBX,23.0,,,,
B09C13MXV8,,,,,238.0
B09C15JT2Q,,,,,235.0
B09C1H8KHS,,,,62.0,62.0
B09C1Q6S6W,,,,,25719.0
B09C1Q9Z11,47.0,,,,
B09C1QBQPG,25719.0,25719.0,,,25719.0
B09C1QF73S,,,25719.0,,25719.0
B09C1QKNQC,,,,,25719.0
B09C1QPPZ9,25719.0,25719.0,,25719.0,25719.0
B09C1QSQ75,,,25719.0,,25719.0
B09C1QWSL8,25719.0,25719.0,,,25719.0
B09C1RDB12,,,,,25719.0
B09C1RDFJ5,,,25719.0,,25719.0
B09C1RFQ87,25719.0,25719.0,,25719.0,25719.0
B09C1RMK52,,,,,176.0
B09C1RRB87,25719.0,,25719.0,25719.0,25719.0
B09C1S92LJ,25719.0,,25719.0,,25719.0
B09C1T1BK8,,,,122.0,
B09C2JWSS8,,,,,16.0
B09C35L5JN,,,,15.0,15.0
B09C3KQXQ4,,,,,235.0
B09C3PWB5B,,,,,235.0
B09C3TRXTK,,,,,16.0
B09C4L7LNW,,,,,157.0
B09C4LN8W1,,,,,157.0
B09C5JRWCY,,,,,48.0
B09C5NCS69,196.0,,,,196.0
B09C5SY8VP,,,833.0,,
B09C5TS2HC,,244.0,,,244.0
B09C5W4KNC,,,,244.0,244.0
B09C5WKMVW,,,,,9.0
B09C7YQFTZ,,,,35.0,
B09C8P63Y8,,,,,9.0
B09CCKB8QQ,519.0,519.0,519.0,519.0,519.0
B09CD1L6CK,,,,,210.0
B09CD2GP7V,,,,,6.0
B09CD34XWW,,,,,35.0
B09CD5RMMS,813.0,,,,
B09CDRS5JJ,,,,,1972.0
B09CDX58V6,,,,,659.0
B09CDXH8B2,,,,,659.0
B09CF126G2,,,,,659.0
B09CGMDWRX,,,,,48.0
B09CGZN34M,,,,474.0,474.0
B09CKGQNG3,,,299.0,,
B09CKQBHZ6,,,101.0,,101.0
B09CKVRXXR,68.0,,,,
B09CKWBQ5R,,,,,70.0
B09CKXFS2K,238.0,,,,
B09CL69WCK,15.0,,,,
B09CM2WKV4,18.0,18.0,,,18.0
B09CM63F6T,,,,,375.0
B09CM71CZN,,,,180.0,
B09CMP1C5H,,,,,251.0
B09CP83C3T,,,,,25719.0
B09CP8D2DH,,,,25719.0,25719.0
B09CPDG9HX,,,,,19.0
B09CPWNMYT,,,,,78.0
B09CPXB5BQ,,,,,5.0
B09CPZNDWR,,,,,41.0
B09CQ1WWZS,,,,,41.0
B09CQ2H717,,,,,41.0
B09CQ37HH1,,,,6.0,
B09CQ7ZWRH,,,,,18.0
B09CQF62LB,,,,170.0,
B09CSXHC6S,,,,,639.0
B09CT5947W,,15.0,,,15.0
B09CYPWFSP,,,,,476.0
B09CYRSHYF,,,,,4.0
B09CZ69Q7G,,,,,6.0
B09CZH7161,6033.0,6033.0,6033.0,6033.0,6033.0
B09CZHJ5LS,,,170.0,170.0,
B09D2T1FWC,,,,,3618.0
B09D3CFCDH,,,,,3618.0
B09D3K1Y3D,,,,2791.0,2791.0
B09D3LYPR5,,,,,116.0
B09D9233BF,,,,,5.0
B09D9722K4,,,,92.0,
B09D982376,,,,92.0,
B09D9F6Y7R,,,,,256.0
B09D9FXV4K,,,,,256.0
B09D9H9T62,,,,256.0,256.0
B09DBFZLR5,,,,,100.0
B09DCFN4VN,4138.0,4138.0,,,4138.0
B09DCLQRLN,25719.0,,25719.0,25719.0,25719.0
B09DCZXLDY,1.0,,,,
B09DFVVC14,,,,,24.0
B09DFW4FLM,,,,24.0,
B09DFXW3RB,,,,,24.0
B09DG531ZW,,582.0,,582.0,
B09DG5N64T,,582.0,,582.0,582.0
B09DGSFR6L,,,,,1.0
B09DHG22F7,121.0,121.0,121.0,,121.0
B09DK78XLH,,,,,137.0
B09DKVJQZS,,,,,4.0
B09DKYM14C,,,,353.0,353.0
B09DMVBWPS,,,,,46.0
B09DPGDDHN,,,,,3783.0
B09DPJS2MN,,3783.0,,3783.0,3783.0
B09DPK12WL,,,,,83.0
B09DPN7YL8,,,,,11.0
B09DPTYG58,,,,211.0,211.0
B09DRPCP59,66.0,,,,66.0
B09DSCS9VM,,,,16.0,
B09DSHS4R7,,,,,1718.0
B09DSKF2BT,,,,,1718.0
B09DVFXSXQ,4138.0,,,4138.0,4138.0
B09DVVLH34,,,,,22.0
B09DXBR5S7,,10.0,,,
B09DYLBCNR,,,111.0,111.0,111.0
B09F1HMWHT,,390.0,,,
B09F1KH7NH,,,,,115.0
B09F27C6BD,,141.0,,,
B09F2M17ZB,,,49.0,,49.0
B09F2QTHLB,,,141.0,,
B09F33R6XC,,,,,140.0
B09F35M2BR,,,,,143.0
B09F6PSVQJ,,,,,251.0
B09F9947HF,,,,,46.0
B09F9X3HXJ,,,23.0,,23.0
B09FB1MM7V,,,,23.0,
B09FDXXPPT,,,,,93.0
B09FF9YQF8,,,1.0,,
B09FGDFHL5,,,,,3.0
B09FGDSR8D,,,,4.0,
B09FGL12CD,,,42.0,,
B09FGQ7ZJ9,,,,,375.0
B09FJ6VC8M,,,,,368.0
B09FJ9RQQM,,,,,60.0
B09FKLQNLT,,,,,19.0
B09FKVR1KD,,,,,2959.0
B09FKXGNL5,103.0,,103.0,103.0,
B09FKXJ54D,,,,,1726.0
B09FLM7M3Q,,,,,23.0
B09FPDJ6W6,40.0,40.0,,,
B09FPG8T4B,,,,97.0,
B09FPGGKFL,45.0,,45.0,,
B09FPHHC87,,4138.0,,,4138.0
B09FPZ3H75,33.0,,,,33.0
B09FQ2JQ9T,,,,,5.0
B09FQ7HN5J,,,,,4.0
B09FQBS2P6,,,,28.0,
B09FS172Q8,,,,260.0,260.0
B09FS1J8VL,,,,,639.0
B09FWYL2QH,4.0,,,,
B09FXV17XM,,,,,114.0
B09FXYT723,,,,,29.0
B09FYGVVGF,,,,61.0,
B09FZF5RV7,24.0,24.0,,24.0,24.0
B09G2HNNWG,,,,9.0,
B09G2W128R,,34.0,,,
B09G2Z5PBS,,,,,100.0
B09G545J3W,,66.0,,,66.0
B09G65TLWS,,,,,25719.0
B09G697JMB,,,,25719.0,25719.0
B09G6CFSGZ,,,,,25719.0
B09G6FBGNX,,,,,2.0
B09G6G3RP8,,,,,122.0
B09G6H9D7P,,,,,25719.0
B09G6JRMJJ,,,,,22.0
B09G6KX1NZ,,,,22.0,
B09G6M89LF,,,,,10.0
B09G8Y3HRX,,,,19.0,
B09G919XYX,,,,,19.0
B09G9D22PQ,455.0,,,,455.0
B09GCRTBDG,,,,,233.0
B09GF6V3TQ,,,,,173.0
B09GFLTHV7,,,,,117.0
B09GK68Y3Y,,,,,5.0
B09GK9GKKJ,,,,,3.0
B09GKJP9S9,,,,,111.0
B09GKKDXQR,,,,,111.0
B09GM1HD2B,,,,,37.0
B09GPGGPBN,,,,,4.0
B09GRNWXDW,,,,,32.0
B09GRPK58Z,,,32.0,,32.0
B09GRSL56K,,,,,32.0
B09GRVBCYH,,,32.0,,
B09GS3GTS9,,,,,17.0
B09GS54S7P,,,,,1261.0
B09GS5SWY4,,,,,6.0
B09GTRHPH6,,,,,82.0
B09GVPYQ2C,80.0,,,80.0,80.0
B09GW4SCR7,,,,,2.0
B09GXFJD2C,,,,,3.0
B09GXG99ND,,,188.0,,
B09GXJP774,,5450.0,,,
B09GXLT2R8,,118.0,118.0,,118.0
B09GXNH9KM,,,,1261.0,1261.0
B09GY8MCLV,,,3.0,,
B09GY9LQFK,,,,117.0,
B09GYBBX14,,,,117.0,117.0
B09GYPYNYW,,,,,52.0
B09H1ZRRX5,,29.0,,,
B09H2BJF1V,,,,40.0,40.0
B09H2H3MRQ,40.0,40.0,,40.0,40.0
B09H2JVCLG,15.0,,,,
B09H2L9DWQ,,,,40.0,
B09H49NMZ1,,,,,36.0
B09H5VLY1H,,,,,20.0
B09H6SRVD7,83.0,,,,
B09H7HSZTC,,,,,6.0
B09H7JHQXF,,,,5.0,
B09H7JJHZ7,9.0,,,,
B09HC2HWWF,,,,355.0,355.0
B09HCCP9TZ,30.0,30.0,,30.0,
B09HGCG62Y,,,,,135.0
B09HGDRY4X,,135.0,135.0,135.0,135.0
B09HGJ5VWN,,,,,135.0
B09HJ9WTDY,,,50.0,50.0,50.0
B09HK843DZ,,,,409.0,
B09HSRVTTC,66.0,,66.0,,66.0
B09HSZT6LY,,,,,141.0
B09HW538XS,93.0,,,,
B09HXVNJFY,2.0,,,,
B09HZRN2LF,4.0,,,,
B09HZRQHJH,,,,,4.0
B09HZYKJH9,,,163.0,,163.0
B09J1D8V9F,,,,,476.0
B09J1G4VGC,,,,,89.0
B09J1HMP8J,,,,,87.0
B09J26459G,,46.0,,,
B09J2P5TM7,,,,,57.0
B09J4SWGWB,,,,,54.0
B09J8CGXZJ,,,,,80.0
B09J8TZZ4X,,,,,261.0
B09J8VJ88Q,,,,,30.0
B09JDHJ56K,130.0,,,,130.0
B09JFXD1S8,,,89.0,,89.0
B09JG5Q4GD,,,76.0,,
B09JK3T3H9,35.0,,,35.0,
B09JK4RCXH,,,,,37.0
B09JLHTGR4,,,,84.0,84.0
B09JLQH8QR,,,,,167.0
B09JLSNFWB,,,2.0,,
B09JP1LVKX,,,,,15.0
B09JP6FDLR,,,,24.0,
B09JSLQLGH,,,,,14.0
B09JWK1VKT,119.0,,,,
B09JYYJ7VB,,142.0,,,
B09K3DQ51J,,,,,298.0
B09K3VYS76,,,,200.0,
B09K3WVH9W,,200.0,,,200.0
B09K4G837D,,69.0,,,
B09K4S3XYB,,,,,204.0
B09K6GCF6X,,,3.0,,
B09K6X9FNW,,29.0,,,
B09K7J7KYG,,,,,38.0
B09K7QD5N8,,,,10.0,
B09KBB1RDX,,,,,11.0
B09KFZ3N34,,,,,51.0
B09KHB92VG,,,60.0,60.0,60.0
B09KJZ78MZ,,,,,24.0
B09KLLT6CV,,,,,19.0
B09KLQXGV9,,,,,46.0
B09KM3XNKW,,,6.0,,
B09KMV5FNH,28.0,,,,
B09KN6F2P9,,17.0,,17.0,
B09KNKXQRS,,60.0,,,
B09KPHP15W,,,6.0,,
B09KRM8G12,,,,,46.0
B09KRQ7KV3,3.0,,,,
B09KS9CHR9,,4.0,,,
B09KTGXCF6,,,,5.0,
B09KTVMTQ7,,,,6.0,
B09KVBWXF9,,,,,150.0
B09KVFBZTJ,,,,,149.0
B09L171RCP,81.0,,,,
B09L44BNPD,,,,,50.0
B09L4MPCHR,,,56.0,,56.0
B09L5NVVVS,238.0,,,,
B09L5ZXVLR,,,,,21.0
B09L618CV4,,,,,167.0
B09L735VZW,704.0,704.0,,704.0,
B09L75PX25,,,,,27.0
B09L86ND21,2.0,,,,
B09L9DBDMK,,,,,278.0
B09L9G786X,,278.0,,,278.0
B09L9VJ6T5,,,278.0,,278.0
B09LC93JM3,8.0,,,,
B09LCWSG8C,,,,,62.0
B09LD1WX98,,4138.0,,,4138.0
B09LD3JYVT,,,,,1.0
B09LD3K954,4138.0,,,,4138.0
B09LD3RTP9,,,,,11.0
B09LDDTSCD,,,,,165.0
B09LH9TVXP,,,,,157.0
B09LHJ4H4F,,,,3.0,3.0
B09LKPRPXR,,,,,53.0
B09LLS9W7G,,,,,51.0
B09LLTZ43J,,,,,375.0
B09LM1RZPS,,,,,53.0
B09LMB314W,,,,63.0,
B09LMFLXRH,,,,,86.0
B09LQ4YSH3,891.0,891.0,891.0,,891.0
B09LQFPXV3,,,,891.0,891.0
B09LQLDY9M,,24.0,24.0,24.0,24.0
B09LQNJK3N,,,891.0,891.0,891.0
B09LQQG9Q9,,,,,9.0
B09LQX2XW7,,,,29.0,29.0
B09LT8F51V,,,,,1.0
B09LVCJPD9,,,,,3.0
B09LVD14SC,,,,1.0,
B09LVQHY17,,,,1604.0,1604.0
B09LVS175X,,,,1606.0,1606.0
B09M34NK1M,,,,,15.0
B09M3HQB21,34.0,,,,
B09M3TNXQD,,,,19.0,
B09M43NN7C,,,,,179.0
B09M43Q9BZ,,,,179.0,
B09M4DN55F,,,,,81.0
B09M7J5854,,,,,89.0
B09M85R1XZ,,,,,15.0
B09M8B8P1N,347.0,347.0,347.0,347.0,347.0
B09M8GGFM2,,,163.0,163.0,163.0
B09M9KWQCR,,,,,3624.0
B09M9L6H17,,,,,3624.0
B09M9L9H54,3624.0,,,,3624.0
B09M9LBMY3,,,,,3624.0
B09M9M3666,,,,,3624.0
B09M9M8MST,,3624.0,,,3624.0
B09M9MJSZB,3624.0,,,,
B09M9MMF6G,,,,,3624.0
B09M9MSR52,,,,,3624.0
B09M9MTGDL,,,,,3624.0
B09M9MYBZP,,,,,3624.0
B09M9N884P,,,3624.0,,
B09M9NR44L,3624.0,,,,3624.0
B09MD4BT4T,,,,34.0,34.0
B09MD72G1F,14.0,,,,
B09MDB26K1,6077.0,6077.0,,,6077.0
B09MFP88B4,,,,,19.0
B09MHDP88N,,,,,1.0
B09MHFDRRX,,,,,3624.0
B09MHNJF33,,,,,3624.0
B09MKJ29RZ,16.0,,,,
B09MKRYMKZ,,,,,3.0
B09MKZ387L,,,,,18.0
B09MM24K84,,87.0,,87.0,
B09MQ4S2Y2,,,,,6.0
B09MQMDTPN,163.0,,,,163.0
B09MR2KYB2,,,,8992.0,8992.0
B09MR672C1,,,253.0,,
B09MR7T4HM,,,,,1250.0
B09MR82X1W,1250.0,,,,
B09MRHMZDW,,,,108.0,108.0
B09MRK9XQ8,,,,108.0,
B09MRQBBSS,519.0,,,,
B09MRR1SB6,,,,,519.0
B09MSYMT8C,,,,326.0,
B09MSZ11MJ,,,,,326.0
B09MSZ74F3,,,,326.0,
B09MSZPD5F,326.0,,,,
B09MT13N56,770.0,,,770.0,770.0
B09MT8D817,,,,,32.0
B09MTC6B79,,,,,59.0
B09MTFZV28,,,,24.0,
B09MV7PWC5,,,,1892.0,
B09MVMYF9L,63.0,,,,63.0
B09N3P9JGK,,,90.0,,
B09N8RDKVW,,,,1563.0,1563.0
B09N8XNW94,,,,,353.0
B09N8ZKYMF,,,353.0,,
B09N94P9FP,,,,,2.0
B09N96CV2C,,,,1901.0,1901.0
B09N96HBC3,,,,,1901.0
B09N971Z7Y,,,,,1901.0
B09N97THX9,,,1901.0,,1901.0
B09N98B98S,,,,,1901.0
B09N98BBFC,,,,,1901.0
B09N98XN1K,1901.0,,,,1901.0
B09N99FLB4,,,,1901.0,1901.0
B09N9RWFZY,,,,64.0,64.0
B09NB1284N,18.0,,,,
B09NBF9WXT,,,,,10.0
B09NBLPK1R,,,,,44.0
B09NBYVBM5,,,,,22.0
B09NJHB9N7,,,,19.0,
B09NJKKTXS,,,,,704.0
B09NJZF7ZX,,,,16.0,
B09NKBZ4FT,,,,,20.0
B09NKFWZFB,,,,,21.0
B09NKM46PQ,,,69.0,,
B09NKNK1NP,,,17.0,,
B09NKP38LX,,704.0,,,
B09NKQ9GHT,,,,,51.0
B09NKQFZGD,,,,,51.0
B09NKRDNDV,,,,704.0,704.0
B09NKRV2TF,,,,,51.0
B09NM4ZB46,1.0,,,,
B09NN3M6RJ,175.0,,175.0,175.0,175.0
B09NNFXLCF,,,,,375.0
B09NQ76KY4,,,,,117.0
B09NQ8J47Y,43.0,43.0,,43.0,
B09NR13W5Q,145.0,,,,145.0
B09NR57RPQ,,,,,82.0
B09NR6Z2T6,,,,,241.0
B09NRFFYW7,,,,,54.0
B09NRP3QCG,,,,,22.0
B09NRRH3TM,,,22.0,,22.0
B09NSNXJWR,,,,,1589.0
B09NVFS55M,,,,,399.0
B09NVGH8ZP,399.0,,,,
B09NVHSQY7,,,24.0,24.0,
B09NVPN9T8,,,,,39.0
B09NY8R5F2,,,,,3.0
B09NZC5WG8,,,8.0,,
B09P19M7B8,,,,,28.0
B09P1CWZJ6,,,,5.0,
B09P1F6D54,,,,,22.0
B09P1GCN66,,,,,33.0
B09P2NTR5D,,,5.0,,5.0
B09P36X9PN,,,,,2.0
B09P3K33QH,,,,7.0,
B09P4LLBZB,,2.0,,,
B09P688GLL,,,75.0,,
B09P6B7WMB,,,,139.0,139.0
B09P87HB7N,,,,915.0,
B09P87W2SV,,,28.0,28.0,28.0
B09P885MX6,,,,,915.0
B09P88Q854,,,,,915.0
B09P88XR93,,,,,915.0
B09P88Y553,,915.0,,915.0,915.0
B09P8CRWYT,,,,,82.0
B09P8PNWFL,,,,,17.0
B09PBK8D3J,,,975.0,975.0,975.0
B09PD5P7WC,,,312.0,,
B09PDNP1KL,,,,,10.0
B09PDR69WV,,,,422.0,
B09PDVK929,,,,,10.0
B09PFNW8GB,,,,,11.0
B09PFP6BL1,,,,,61.0
B09PGKT6D9,,,,476.0,
B09PGQC3LZ,,,,,9.0
B09PGS2W2B,,,,11.0,
B09PH6CYWG,,,,,9.0
B09PH94RSG,,,,26.0,26.0
B09PHC8264,,24.0,,24.0,24.0
B09PK72M1B,,,66.0,,
B09PK7RQ8G,,,66.0,,
B09PKSNYXQ,,,,,5.0
B09PL66ZG4,,,,,15.0
B09PLLX46N,,,,,34.0
B09PLMNXR8,,,,498.0,498.0
B09PNDXS8D,,,32.0,,
B09PV3KNHL,,,,,6.0
B09PVBTMGX,,,24.0,24.0,
B09PVGCLKZ,,,,,299.0
B09PVGR3HS,,,3.0,,
B09PVNKQMW,,,,,40.0
B09PWQ3G5X,,,,,50.0
B09PY14MTJ,,,1.0,,
B09PY2GL91,,,,,119.0
B09PY64K3L,,326.0,,,
B09PY6B2CQ,,,891.0,,891.0
B09PY796HQ,,,,,2.0
B09PY9MDRD,,,,,119.0
B09PYH4J8P,,,326.0,,
B09PYHHPR8,,,,,326.0
B09PYPLZJF,,,,,326.0
B09PYS6J18,,,,,326.0
B09PZZXKL8,,,,,115.0
B09Q11XSMZ,,,,,316.0
B09Q5C7F5V,,,,59.0,
B09Q5LW67T,,,,13.0,
B09Q65HYWG,,,,182.0,182.0
B09Q65K5WW,,,,,182.0
B09Q66CJ8F,,,,,14.0
B09Q66WKPC,,,,,182.0
B09Q676L4T,,,,,182.0
B09Q67MD7C,,,,,182.0
B09Q8DSDLX,,,,,65.0
B09Q99CH9L,,,,,36.0
B09QC46LNZ,,582.0,,582.0,582.0
B09QGS5L33,,,,,9.0
B09QHGH2BD,,,,135.0,135.0
B09QKF1YNS,,,,,30.0
B09QKJMSD9,163.0,,,163.0,
B09QKXQ6DJ,,,,,337.0
B09QKY291L,,,,,337.0
B09QKYSPDB,,,,,337.0
B09QKZ1KV3,,,,337.0,337.0
B09QM46K1J,7.0,,,,
B09QMBNFGC,,,,,283.0
B09QMCD9DF,,,,,497.0
B09QMFRLLJ,,,,,90.0
B09QRTB6L2,,,,,171.0
B09QRTFFTZ,,,,,402.0
B09QRWKPL8,,402.0,,,
B09QRWSXNK,,,,,402.0
B09QRX6ZQQ,,,,,402.0
B09QRXVYCF,24.0,,,,
B09QRYQ4GN,,,99.0,,99.0
B09QSBLR9X,,,,,5.0
B09QXJX6PX,,,,,4.0
B09QXXF4PV,,,,16.0,16.0
B09QYKJJJ9,,,,342.0,342.0
B09QYP5T2T,,,,,1.0
B09QYQ2JLS,,,,,1.0
B09QYZW34M,,,,,11.0
B09QZLYZLJ,,,,,13.0
B09QZMQ2J3,13.0,,,,
B09R2L5Q2M,,,,162.0,
B09R2LX482,,,,,162.0
B09R3WKV6F,147.0,147.0,,,147.0
B09R42H5R4,,147.0,,,147.0
B09RJGJ4BW,,,,30.0,30.0
B09RTF7DV6,,,,19.0,
B09RVCJ9RF,,,,,10.0
B09RWRBHNK,,,,,4.0
B09RYHC43S,65.0,,,,
B09RZTCY8D,,24.0,,,
B09S27J1V6,181.0,181.0,,,
B09S5V7NNR,31.0,,,,31.0
B09S62ZYYW,,24.0,,,
B09S63G9G5,56.0,,56.0,,
B09S8XCDFK,,,,,2.0
B09SD233F1,,,4216.0,,
B09SFZJP8V,,,,,15.0
B09SG7WHX5,,,,5.0,
B09SGN4NS3,,207.0,,,
B09SH3YWMT,,,,,1242.0
B09SH44GQV,,,,,1242.0
B09SH4MWDY,,1242.0,,1242.0,1242.0
B09SH4V7P2,1242.0,,1242.0,,1242.0
B09SH51PCF,1242.0,,,,1242.0
B09SH5C3ZN,,,1242.0,,1242.0
B09SH5NQQL,,,,1242.0,1242.0
B09SHBC516,,,,10.0,10.0
B09SHKXT69,,,,,17.0
B09SKN3XZN,1.0,,,,
B09SLJB3GK,25.0,,,,
B09SLPCTBZ,4.0,,,,4.0
B09SQFT7WB,,,,,3.0
B09ST61TKD,,,,,8.0
B09STM33C2,,,,,12.0
B09STMCC1H,65.0,,,65.0,65.0
B09STMT795,,387.0,,,
B09STQNVK9,,,387.0,,387.0
B09SWLGPRZ,,,,,151.0
B09SYNDC9Z,,,,,550.0
B09SYP7DGM,,,,,550.0
B09SYQN2PY,,,,,550.0
B09SZ1HMDC,,,,,7.0
B09T2L6VL9,,,,62.0,62.0
B09T2PM78K,,,,,1379.0
B09T36SXTP,,,,1.0,
B09T391RDC,,,,,2.0
B09T9G7WQG,,,,9.0,
B09TDR35MF,,,,,818.0
B09TDYCQXN,,,,,818.0
B09TFK7CJ3,,,,818.0,
B09TFVQC3T,,,,,818.0
B09TG4YFP5,,,,,61.0
B09TG8L8G8,,,,,89.0
B09THGF5LT,,22.0,,,
B09TJJGCVK,,,,,550.0
B09TJK3HXH,,,,,550.0
B09TJWGW7L,25719.0,25719.0,,25719.0,25719.0
B09TJWHXHJ,,,,,25719.0
B09TJWTHYF,,,,25719.0,25719.0
B09TJXH8L4,25719.0,,25719.0,25719.0,25719.0
B09TJXKR2B,,,,,25719.0
B09TJXRHWY,25719.0,,25719.0,25719.0,25719.0
B09TJXTW2J,,,,,25719.0
B09TJXXDHD,,25719.0,25719.0,25719.0,25719.0
B09TJYBGP2,,,,,25719.0
B09TJYCJKC,25719.0,25719.0,25719.0,25719.0,25719.0
B09TJYMPP9,25719.0,,,,25719.0
B09TJZGDWD,25719.0,25719.0,,25719.0,25719.0
B09TKM6XFN,,,,,3.0
B09TKP995Z,,3.0,,,
B09TKPSZNC,,,35.0,,
B09TKQF47C,,,,14.0,
B09TN9HNS4,,,,,13.0
B09TP596YF,,,,,490.0
B09TPL4PRV,,,,,6.0
B09TSSN5QZ,,,,,16.0
B09TT6CVZG,2.0,,,,
B09TVZWPJX,,,,,891.0
B09TX3P9G3,,,,,27.0
B09TY32R3K,91.0,,,,91.0
B09TZLSXKC,,,,,44.0
B09TZW5VRN,,316.0,,,
B09TZZ4RMJ,,,,,4.0
B09V24M3VK,,24.0,,,
B09V2GC8SS,,,409.0,,409.0
B09V2GQ15M,,,,,409.0
B09V4SHPBR,6.0,,,,
B09V4ZT3LW,,,,,65.0
B09V55GRCF,15.0,,,,
B09V58L323,,,,,45.0
B09V7C4FTS,,,,,302.0
B09V7FK4YR,,302.0,,,
B09V7P1YT2,,,507.0,,
B09V9VTMF6,87.0,,87.0,87.0,87.0
B09VC2QWKG,,,,,913.0
B09VFYFHBS,,,,,190.0
B09VG6L3CH,,,,,913.0
B09VGRT8VP,,,39.0,,
B09VGSHT5R,,,,,8.0
B09VGT11TY,,,7.0,,
B09VGTPP4Q,,,,,5.0
B09VK3Q5NL,,145.0,,,145.0
B09VKQLT2Q,,,,,353.0
B09VKX9Y8J,,1.0,,,
B09VMRC6L1,,,,,1901.0
B09VMS881X,1901.0,,,,1901.0
B09VMSCGX3,,,,,1901.0
B09VMTVMLG,,,,,1901.0
B09VNKTXDL,,,,1901.0,1901.0
B09VP1GLZ8,3.0,,,,
B09VP1TG2D,,,,,1901.0
B09VP3W4RS,,,,,1901.0
B09VRXW165,,,,73.0,73.0
B09VSWYXH8,,402.0,,,
B09VT545P3,184.0,,,,184.0
B09VT5GJ6J,,,,162.0,
B09VT5Z5K3,,,,,162.0
B09VT6R7GD,,,,,162.0
B09VT6ZF8J,,,,,162.0
B09VT741TT,,,,,3624.0
B09VT76NHF,,,162.0,,
B09VX5D5FJ,2.0,,,,
B09VXF5ZJ8,,,,,10.0
B09VXFYBYT,22.0,,,,22.0
B09VXJBL1K,,,,,10.0
B09VXZ8BGL,,56.0,,,
B09W117H8Y,,,,,4138.0
B09W11RCW8,4138.0,,,4138.0,
B09W12HXFJ,,1424.0,,,
B09W145X27,,,,,1424.0
B09W14L73F,,,98.0,,98.0
B09W1HJ7QD,,,12.0,,
B09W2TYX75,,,92.0,,
B09W2WZ8SR,92.0,,,,
B09W4DNBCL,,,8.0,8.0,
B09W4SMP6R,,,,,8.0
B09W4SQPYT,,,,,107.0
B09W5DPJFQ,,,,,40.0
B09W8KCCF4,,,,,9.0
B09W9T1P6K,,625.0,625.0,,625.0
B09WCFBQK6,,,,,15.0
B09WCXQZV7,,,,,77.0
B09WD111KF,,,,,1882.0
B09WD33X28,,,,2.0,
B09WDJZFQ9,,,1882.0,,1882.0
B09WDL7R9J,,,,,273.0
B09WDLJX6H,,,,,273.0
B09WDLQTC7,,,,,273.0
B09WDQVFCZ,,,,1882.0,
B09WDRZ1HV,,,,,1882.0
B09WF21HTY,,,,634.0,
B09WGXP782,,,106.0,,
B09WH4FR7T,,,,,292.0
B09WH755FW,,,,,1882.0
B09WH99QGK,,,,,37.0
B09WHBTJX9,,,,,292.0
B09WHX7ZT6,,,,,8992.0
B09WK12SHG,,,,,11.0
B09WK5XRBC,,,,,1.0
B09WKMMFVP,,,,272.0,
B09WKNN62N,,,,,272.0
B09WKNT8MQ,,,,,272.0
B09WQT6MP6,,,,,214.0
B09WQV9Q64,,,,214.0,
B09WTKVX4Z,420.0,,,,420.0
B09WTQD399,,,,,378.0
B09WXX8F1G,2.0,,,,
B09WXYG43B,1.0,,,,
B09WXZXBKB,,,,,32.0
B09WY1QCL3,,,,,748.0
B09WY5GCN9,,,,1829.0,1829.0
B09WY5WKQM,,,,,748.0
B09WY66CYX,748.0,,,748.0,748.0
B09WY75PD6,,,,27.0,27.0
B09WY7YX6P,748.0,,,,748.0
B09WY8GPXS,,,,,748.0
B09WY8NN8J,748.0,748.0,,748.0,748.0
B09WYJ9N44,,,748.0,,748.0
B09WYVKQH8,,,,,3.0
B09WYXWBQ1,,,,,1863.0
B09WYYKW5J,,27.0,,,
B09WYZ4NVH,1863.0,,,1863.0,1863.0
B09WYZB13N,,,,,1863.0
B09WZ1DD2Q,,,,1863.0,1863.0
B09WZ269FT,,,,,1863.0
B09WZ28VNP,,,,1863.0,1863.0
B09WZ4761G,,,1863.0,,1863.0
B09WZRHYL7,1863.0,,,,1863.0
B09X33JRK1,78.0,,,,
B09X5CXCSK,,,,,181.0
B09X8B7P4T,,,,,33.0
B09X8L8HDG,,,,33.0,
B09X8Q77T4,,,,,33.0
B09X8XPV4F,,,,,33.0
B09X9K16S3,,,,,25719.0
B09X9Q9XBQ,,,,,25719.0
B09X9RXKQJ,,,,25719.0,
B09X9W6C8X,,,,,25719.0
B09X9WBBGH,,,25719.0,25719.0,25719.0
B09XB9J769,,,,,163.0
B09XBB9RB5,163.0,,,,
B09XBJ5DD5,1717.0,,1717.0,,1717.0
B09XBJQM3Q,,,,,1717.0
B09XBJZKNR,,,,1717.0,
B09XD7T11B,,,,,78.0
B09XDBYGW2,,,,,78.0
B09XGNPQJ5,,,,27.0,27.0
B09XHKL28R,,,,,21.0
B09XHKRD69,,,66.0,66.0,
B09XHL317P,36.0,,,,
B09XHL53R4,,,,,85.0
B09XHLFWMR,,,,,18.0
B09XHN2KKT,,,,24.0,24.0
B09XHN4KFJ,,,,,35.0
B09XJ3F6JY,1240.0,,,,
B09XJ3F8NJ,,,1240.0,,1240.0
B09XJ45GG9,,,,,1240.0
B09XK5N39C,,,,,11.0
B09XK6BJBC,,,,,225.0
B09XK82C9M,,,,892.0,
B09XLHFDF7,,,,,50.0
B09XM91WRB,,,,50.0,50.0
B09XTQ1KVV,,,,,6.0
B09XTZHWXT,,16.0,,,
B09XV28K5Z,232.0,232.0,,,232.0
B09XV3TF84,,,,5.0,
B09XX6S4Z2,,,,,1901.0
B09XX7S4SS,,,,,1901.0
B09XXFFW5G,,,32.0,32.0,32.0
B09XXT45G7,,,4.0,,
B09XZBNP5J,,,,,82.0
B09Y13J3JZ,,,,60.0,
B09Y178XZX,,,60.0,,60.0
B09Y1Q8FPK,,,,,62.0
B09Y3163K3,60.0,,,,60.0
B09Y4C8Z4R,,,,,1424.0
B09Y6B2CX4,,,,,12.0
B09Y7KDSDZ,,,,11.0,11.0
B09Y7RJBBF,,,,,11.0
B09Y7SY39M,,11.0,,,11.0
B09Y7T3ZMQ,,,,,11.0
B09Y7V1KQK,,,,,11.0
B09Y7XZXPB,11.0,,,,
B09Y873KBP,,,,,361.0
B09Y89MP4B,,,,,11.0
B09Y9JLCY8,,,3.0,,
B09YC6JF7G,17.0,,,,
B09YCKHYLB,,,,,9.0
B09YGB9N7S,,,,,132.0
B09YGSCB21,,,74.0,,
B09YGWGFJ4,,,,132.0,
B09YM7XB8C,,,,,401.0
B09YM8QN9P,,,,,402.0
B09YMM64TY,,,,,4138.0
B09YMM7B6V,,4138.0,,,4138.0
B09YNCSNDL,,4.0,,,
B09YPWMWZT,,,10.0,,
B09YQ9T1K4,,,,8.0,
B09YR9JL1S,,,,,143.0
B09YRMSJBG,,,,,6.0
B09YRYGX4S,,,9.0,,
B09YTDC1HL,,,,,154.0
B09YTDJQ8C,,,,,154.0
B09YTFPNQJ,,,,154.0,154.0
B09YTFV72G,,,,,154.0
B09YTGGYZ3,154.0,,,,
B09YTGN1P1,154.0,,,,
B09YTH7T4P,154.0,,,,
B09YTHF9FW,,,,,154.0
B09YTHG2VK,,,,,154.0
B09YTKDQDL,,,,154.0,
B09YTLGYQV,,,,,154.0
B09YTSWRDM,,,,,1901.0
B09YTTLHPV,16.0,,,,
B09YTTLL3V,1901.0,,,,
B09YV2YQMK,,,,43.0,43.0
B09YV3NSLZ,,,,43.0,
B09YV5H9C6,,,,,624.0
B09YV6R8LL,,,,,56.0
B09YV92FP1,,,,,56.0
B09YYB7MNW,,,,,74.0
B09Z25VBC8,,,46.0,,
B09Z3QT14P,,,,,420.0
B09Z5RZ37D,4.0,,,,
B09Z5VZTXR,,,,,315.0
B09Z63JQ2H,,,,,58.0
B09Z65W1Q8,,,,,315.0
B09Z6TQCP3,,,,,64.0
B09Z7Y75L9,,,,,9.0
B09ZGXCSJN,,,34.0,,
B09ZGY1JYG,,,,51.0,
B09ZHCLDSH,,,,50.0,
B09ZHDNL1Q,,,34.0,,
B09ZHDSMMW,,,,,34.0
B09ZHR7XFC,,,,,58.0
B09ZKFFL99,,,,,85.0
B09ZL8K3RR,,,,,204.0
B09ZLHPSM8,,,,,18.0
B09ZLK9QSJ,,,18.0,,18.0
B09ZNW6Y8K,145.0,,,,
B09ZQLP8BC,,,,1.0,
B09ZQVXY7V,,84.0,,,
B09ZV5DJML,,,1.0,,
B09ZX9PGXG,,,,,292.0
B09ZXBRZ8N,,,,,1347.0
B09ZXPGZVG,,,,,14.0
B0B12V2ZBT,,,,,2.0
B0B15S331P,10.0,,,,
B0B16G41FP,,,,,10.0
B0B17JG5KH,,,,11.0,
B0B17N43MC,104.0,,,,
B0B18CFNW6,,,,,4884.0
B0B18CV3LN,4884.0,,,,4884.0
B0B18FDCF4,,4884.0,,,
B0B1CQ3X1Y,,,,,141.0
B0B1DD1BC6,,,,,260.0
B0B1J4NKLN,,,,,51.0
B0B1J5GPLM,,,,,51.0
B0B1J5W4FW,,,,,228.0
B0B1J61ZYR,,51.0,,,51.0
B0B1J8DDR8,,,,,229.0
B0B1LHG8LN,,95.0,,,
B0B1LKBCHM,,,,,1.0
B0B1M6BQZJ,,,,,228.0
B0B1M6V4FW,,,,,36.0
B0B1N9756W,,33.0,,,
B0B1NB23S4,,,,,33.0
B0B1NP9MH8,,33.0,,,
B0B1QJTHM2,53.0,,,53.0,53.0
B0B1QK5918,,,,,21.0
B0B1TWDCFD,112.0,,,,
B0B1VN94PX,,,,,31.0
B0B1WMKNRC,,,402.0,,
B0B1WMNV9S,402.0,,,,
B0B1ZCCSSZ,,,,342.0,342.0
B0B1ZDW4YB,,,,342.0,342.0
B0B1ZGCFCG,,,,,342.0
B0B1ZVLP7G,,,,,17.0
B0B23NCZ8W,,,,,224.0
B0B23NFP13,,,,,14.0
B0B23WW3C1,,,,,5.0
B0B23ZGZ6J,,,,,75.0
B0B242KWDJ,,,,,18.0
B0B24D78KY,,,,,224.0
B0B24JDFYS,,,,,210.0
B0B24YN9TX,,,1717.0,,
B0B24ZSG14,,,148.0,,
B0B25GHP6L,,,,106.0,
B0B28B5P6S,,,,6.0,
B0B28BMCFM,,,,6.0,6.0
B0B28KBFKP,,,19.0,,
B0B28LSHRC,,,,,19.0
B0B28LY735,20.0,,,,
B0B292WXG4,,,,,9.0
B0B2BDTWR9,,,,5624.0,
B0B2C17TZ1,,,,,5624.0
B0B2C3PL5B,,,,,2114.0
B0B2CMKVQN,,,,,205.0
B0B2CPFLJT,,,,,24.0
B0B2CWJCFQ,,76.0,,,76.0
B0B2DDD773,,,188.0,,
B0B2DFV5GZ,188.0,,,,
B0B2DGLC8V,188.0,,,,
B0B2DHQCBW,,,,,188.0
B0B2DJ1TQB,,,,,188.0
B0B2DJG1K4,,,,,188.0
B0B2DJVVP1,,188.0,,,
B0B2FH7G5C,,,,,2114.0
B0B2GMKLZM,,,,,2114.0
B0B2GWHNMD,2114.0,,,,
B0B2J45C8G,353.0,,,,
B0B2J6MXRT,,,,,2114.0
B0B2JJYRRW,,,3624.0,,
B0B2JM4238,,,,51.0,51.0
B0B2JP51L6,,,,51.0,51.0
B0B2JS667H,1.0,,,,
B0B2QR9RZ7,,,,465.0,
B0B2R62R6R,,,,,64.0
B0B2S9766J,,,,465.0,465.0
B0B2W9MN4J,,,,,4.0
B0B31H9256,,,,,115.0
B0B31HB4MR,,,,,162.0
B0B31LHRLS,,,17.0,,
B0B31TZJDC,57.0,,,57.0,
B0B33DTMTG,,,,,122.0
B0B34M9M72,,,36.0,36.0,36.0
B0B34Z86H9,,,,,7.0
B0B35FJCDG,,,15.0,15.0,15.0
B0B35FR2TF,,15.0,,,
B0B37CR17Y,,,,51.0,
B0B38CNNCL,,20.0,,,
B0B39789CN,,,,,27.0
B0B3CWLXP5,,,,,78.0
B0B3D86153,,,,,14.0
B0B3DJYK4J,,401.0,,,
B0B3DV2CLS,,,,,3.0
B0B3DVQKZB,,,,3.0,
B0B3GV3TZ8,,,,25719.0,
B0B3GVKL9B,,,,25719.0,25719.0
B0B3H81G2R,,,25719.0,,25719.0
B0B3H863CT,,,,,25719.0
B0B3HC6XV6,,,,,25719.0
B0B3HK7HYP,,,,25719.0,
B0B3HNBPHT,,,,25719.0,25719.0
B0B3HNVGM1,,,25719.0,25719.0,25719.0
B0B3HWHBHM,,,114.0,114.0,114.0
B0B3HXZNCK,,,,,114.0
B0B3HZCTBQ,,,,,114.0
B0B3LDP41W,,,,,1882.0
B0B3QCS566,,,,4.0,
B0B3QXN3LT,,,18.0,,18.0
B0B3QY6SZL,,,114.0,114.0,114.0
B0B3RTWKWK,519.0,519.0,519.0,,519.0
B0B3SHQLRL,2114.0,,,,
B0B3SQYQ3T,,,,,748.0
B0B3WTPRWY,,,,,6.0
B0B3WTQQ62,,,,,6.0
B0B3X67GSR,,,,624.0,
B0B3X77ZPQ,,,,,624.0
B0B3XDP1FJ,,,,,353.0
B0B3XGL1P3,,,3624.0,,
B0B3XHJZHT,,,,,3624.0
B0B42LTPSR,,,,,83.0
B0B46DC726,,,,,9.0
B0B4B4DBS4,,,,34.0,34.0
B0B4FP7YWZ,,,,30.0,
B0B4JH2FWS,,,,,3.0
B0B4JK6P8B,,,,,818.0
B0B4KKNHFR,,,,,5624.0
B0B4MSDH1W,,,,,1901.0
B0B4PTW2KF,,44.0,,,
B0B4QV4R66,,,1717.0,,
B0B4TY2FW6,,,,67.0,67.0
B0B4V1924Z,,,,,67.0
B0B4VJRZ4L,,,,67.0,67.0
B0B4W91NJ4,,,,,202.0
B0B4WCXYD9,,,,,6.0
B0B4WQWKK8,,1717.0,,,
B0B517ZKZ5,1.0,,,,
B0B51J2CQB,,,,,66.0
B0B52WNZNQ,,,,,1901.0
B0B55RZW5W,,,,,25719.0
B0B55SNMYT,,,,,25719.0
B0B55ST965,25719.0,25719.0,,,25719.0
B0B55TD5K8,,25719.0,,,
B0B56GXH5W,,,,,3.0
B0B57WWYSN,,,,,181.0
B0B58DXCSG,,,,,151.0
B0B58ZD24W,,,,,36.0
B0B5D1K2XD,,,,,432.0
B0B5G2M2LF,,,,,464.0
B0B5G32372,,,,,464.0
B0B5G3JGNT,,,,,464.0
B0B5Q34SNN,,,,,53.0
B0B5QMBSLJ,,,,18.0,
B0B5VPVNBZ,37.0,,,37.0,
B0B5VQZ4ZM,,,,,37.0
B0B5WDFDWJ,,2959.0,,,
B0B5WMVMCC,,,,,1474.0
B0B5WYK164,,,,,48.0
B0B5X125WJ,,,,,48.0
B0B5X1PPHK,,,,,48.0
B0B5X23D8T,,,,,48.0
B0B5YDFVWR,,,,,26.0
B0B619MTF4,,,,,2.0
B0B61SZ6CT,,,60.0,60.0,60.0
B0B622B97K,,,,,4.0
B0B63Q9KXW,,,92.0,92.0,
B0B64CMLVG,,,,,29.0
B0B64W94KM,,,72.0,,
B0B65HC2L1,,,,,1717.0
B0B65SVSMX,,,,,1829.0
B0B68MJ8KZ,50.0,,,,50.0
B0B6C46XWZ,,,227.0,,
B0B6CFLHWD,,,,92.0,
B0B6MNW7RP,,,,,6.0
B0B6V1R73M,,,,,355.0
B0B6YSMMD1,,,,218.0,218.0
B0B6ZRXNLR,,,,,18.0
B0B714YMKG,,,748.0,,
B0B71GQBMX,,,,,327.0
B0B74BXHS1,,,,,36.0
B0B74RH2N7,,,,,29.0
B0B74RSCXR,,,,29.0,
B0B74V5PFV,,29.0,,,29.0
B0B76SR9DT,,,,,420.0
B0B799PTJG,,,,39.0,
B0B7CY7C5Z,,,,,8.0
B0B7G7FDS6,,17.0,,,
B0B7K92T33,,,,,2.0
B0B7MJ24PT,,,,132.0,
B0B7MMJYKD,,,,,132.0
B0B7MNK3NJ,,,,,132.0
B0B7MW85TQ,440.0,,,,440.0
B0B7NQK47L,,,,132.0,132.0
B0B7QGPTTV,19.0,,,,
B0B7RKXNF6,,,,,251.0
B0B7RMJZ3W,,,,,218.0
B0B7RMLJV9,,,,,251.0
B0B7S3HQKR,,,,,57.0
B0B7XWZWH9,,,,,61.0
B0B7XZ8B4P,,,,,61.0
B0B8239X1J,,,,,21.0
B0B828583G,,,,,11.0
B0B841Z6WF,,,,24.0,
B0B8424216,,,,,225.0
B0B84277D9,,,225.0,,
B0B86WC6CZ,,,,,157.0
B0B87LYL5X,,,,,62.0
B0B87MF2P4,,,,,207.0
B0B87MMS7H,,,,,7.0
B0B87MN1MB,,,,,207.0
B0B87N4GY4,207.0,,,207.0,207.0
B0B87NH6ML,,,,,207.0
B0B885T67C,,,,,188.0
B0B886Z1K5,,,,,188.0
B0B8GHQX9F,,,,,278.0
B0B8K23Z61,,,,,67.0
B0B8NHGLGQ,,,,3624.0,
B0B8NZS48J,,372.0,372.0,372.0,372.0
B0B8P27RNT,,,372.0,372.0,372.0
B0B8P5XFP6,,,,,16.0
B0B8P6Y3ZD,,,,,16.0
B0B8PBFF8P,,,,,20.0
B0B8QDW7WL,,,25.0,,25.0
B0B8QKK9GT,,,144.0,,
B0B8QKQXRQ,,,,25.0,25.0
B0B8ST2N78,,,,1.0,
B0B8VJ1YR3,,,,,13.0
B0B8VJ79FZ,,,,,13.0
B0B8ZFK7PP,,,,,1261.0
B0B93BZJ7B,,,,,3624.0
B0B93RY1KJ,,,1.0,,
B0B96Z8LSX,,,,,19.0
B0B975LC44,,,15.0,,
B0B976GY5X,,,,,19.0
B0B97CZ77Z,,,,,134.0
B0B98XCXWJ,,,,,153.0
B0B99L8WVW,,,,,8.0
B0B9FWRTFS,,,,,62.0
B0B9GS25SK,,,304.0,,
B0B9GS2QFG,,,,,304.0
B0B9GSBB8C,,,,,304.0
B0B9GSHQ1H,,,,,304.0
B0B9GSKT8G,,,,,304.0
B0B9GY19GY,,,,,304.0
B0B9GYPZ24,,,,,304.0
B0B9JQMGTK,,,,,155.0
B0B9JRM8KK,,,,,155.0
B0B9MQHG7C,,,87.0,,87.0
B0B9MRWMZZ,,,,,624.0
B0B9MT6CLL,,,,,155.0
B0B9N1Q17P,,,,,273.0
B0B9QXTHPK,,,,,25.0
B0B9RT1VS5,1.0,,,,
B0B9SGCSYW,,,9.0,,
B0B9SP5S72,,,,,240.0
B0B9XDQFDP,3.0,,,,
B0BB5LDQTL,,,,5.0,
B0BB5Y495M,,,,,46.0
B0BB5YXX7F,,,25.0,25.0,25.0
B0BB63ZT1J,,,32.0,,
B0BBC55B7J,57.0,,,,
B0BBDST2DH,,,,,24.0
B0BBH1SRSP,,,,49.0,49.0
B0BBM6MC4M,,,,,44.0
B0BBRVRPW1,,,29.0,,29.0
B0BBRWZ1VP,,,29.0,,
B0BBRX4HNQ,,,29.0,,
B0BBRX89PF,,,29.0,,
B0BBRXZH5Y,,,,,29.0
B0BBV9XXFJ,,10.0,,,
B0BBVGFVNC,,,,23.0,
B0BBVKS7V2,,,,50.0,
B0BBYJ6S49,,,,186.0,186.0
B0BBYS3VP8,,,,,440.0
B0BBYWGFX4,,186.0,,186.0,186.0
B0BBZ7X6HX,,,,186.0,186.0
B0BBZWLX5L,,,,55.0,55.0
B0BC86V2D7,1240.0,,,,
B0BC9CLXQQ,,,,,12.0
B0BCDPWRDD,,,,198.0,198.0
B0BCF7G3S2,,,,,36.0
B0BCF7JHNG,,,,36.0,
B0BCF8JVNR,,,35.0,,
B0BCF9QXLV,,,,,35.0
B0BCFH5X3T,,,142.0,,142.0
B0BCFL32CJ,142.0,,,,
B0BCFW6G1F,,,138.0,,138.0
B0BCGSW5KF,,,,163.0,163.0
B0BCGSZP7J,,,,,163.0
B0BCGT7WV1,163.0,,,163.0,163.0
B0BCL1C5YT,,,25.0,25.0,25.0
B0BCL38F45,30.0,30.0,,30.0,30.0
B0BCNCHFQG,,,,,26.0
B0BCNCJ6YM,,,,,748.0
B0BCRTSF8C,,,,,14.0
B0BCTP9CV6,,874.0,,,
B0BCVS82ZF,874.0,,,,
B0BCVVWBXK,,,3.0,,
B0BCWHZPFL,,,,,78.0
B0BCXCCYW7,,,,,28.0
B0BCXDPS58,,,28.0,,28.0
B0BCXFCRZ4,28.0,,,,28.0
B0BD3QQH56,,,,17.0,
B0BD52G8CZ,1882.0,,,,
B0BD8JHMHB,,,,,72.0
B0BD8MZQGM,72.0,,72.0,,
B0BDCYQXNV,443.0,443.0,,443.0,443.0
B0BDDDHKFN,,,,,443.0
B0BDDLD9BG,,,443.0,,443.0
B0BDKGDXN7,,,,63.0,63.0
B0BDRPJSHJ,,,,,8.0
B0BDZS6217,,,,,240.0
B0BF3WX12D,,,7.0,,
B0BF4SSCCQ,355.0,,,355.0,355.0
B0BFDRP9M9,,,71.0,,
B0BFGLW4P3,,,,14.0,14.0
B0BFGPWXPV,,,,,14.0
B0BFJS7QHX,,,,,157.0
B0BFKDKFQM,,,,,18.0
B0BFM1Z9KP,1.0,,,,
B0BFNNXLBL,,,,,114.0
B0BFNPBB66,,,,,114.0
B0BFNPDRQK,,,,114.0,114.0
B0BFR15G7N,,,,,22.0
B0BFRS4CWK,,1.0,,,
B0BFW641P1,,,,10.0,
B0BFXHK4G9,,,,46.0,46.0
B0BFZYHSH6,,,7.0,,
B0BG2684RN,,,,,3.0
B0BG268CQP,,,,,28.0
B0BG2727BH,,,,,1882.0
B0BG27KJQ4,,,28.0,,28.0
B0BG2WN8KZ,40.0,,,,
B0BG3F2M72,,,,4.0,
B0BG4B5YQP,,,,,116.0
B0BG4C13KS,,,116.0,,116.0
B0BG6LY372,,,,,67.0
B0BGGGDC3Q,,,258.0,,
B0BGHBJSLN,,,53.0,53.0,53.0
B0BGHCJN6M,,,,53.0,53.0
B0BGHD2M5P,,,,464.0,
B0BGM7V76D,,,,,49.0
B0BGNW4WH8,,,,440.0,440.0
B0BGP8VMTX,,,,,27.0
B0BGR47LZ2,,,,,24.0
B0BGSFVXDX,,,,75.0,
B0BGY3MZ39,,,,,712.0
B0BGYP43FY,,,,,5.0
B0BHF53MYX,,,,50.0,50.0
B0BHGT7CSB,,,,,2.0
B0BHKH6XN7,,18.0,,,
B0BHP3ZGYR,,,,,1882.0
B0BHPPW4Z3,,,,,2.0
B0BHQMM8JF,,,,,20.0
B0BHQTHZY5,,,,145.0,
B0BHT4M723,,,,,11.0
B0BHTQ6HFB,,,,,4.0
B0BJ1BXGDK,14.0,,,,
B0BJ2XQF4X,,,,,31.0
B0BJ8YGY9X,,,,32.0,32.0
B0BJ8YXKR5,,,,32.0,
B0BJ8Z6JWW,,,,32.0,
B0BJD5JJB5,,,,,51.0
B0BJD86S75,4.0,,,,
B0BJH54ZR5,,,,,147.0
B0BJJPD2VX,,,,,30.0
B0BJJYF4MJ,,,30.0,,
B0BJK1K2MS,,,,30.0,
B0BJKTHQSC,,,,,4.0
B0BJKZLYPM,,,,,71.0
B0BJQGJ582,,,,,4.0
B0BJTYJ2G4,,,,,11.0
B0BK8PJ4RJ,,,,,756.0
B0BKG1JJ24,,20.0,20.0,,20.0
B0BKG51RR4,,,,,31.0
B0BKJWNGPH,,,,49.0,
B0BKJYMG43,,,,,49.0
B0BKK4PYXG,,,,,49.0
B0BKKFL871,,,,49.0,
B0BKKMSSNX,,,,,49.0
B0BKLJQ7SG,,,,,33.0
B0BKPQHLNQ,,29.0,,29.0,29.0
B0BKXWPJFT,,,,,7.0
B0BKZS76FN,252.0,,252.0,,252.0
B0BL41PH5C,,,,,847.0
B0BL92R5BD,,8.0,,,
B0BLBZFDYV,,,,,36.0
B0BLCJFR5R,,,,,36.0
B0BLCJV445,,,,,36.0
B0BLCPY13Q,,,116.0,116.0,116.0
B0BLMN4DLV,,,,,3.0
B0BLVSYXNX,1.0,,,,
B0BM3D3MPX,,,,,5.0
B0BM48KR8W,,,,9.0,
B0BM4BSLVP,,,,,16.0
B0BM4DZC2G,,,,,10.0
B0BM66FD6S,,,,,381.0
B0BM8HNHBJ,,,,,64.0
B0BM8HYJDB,,,,64.0,64.0
B0BM8KBC14,,,,,64.0
B0BM8L96MJ,,,,64.0,64.0
B0BM8P8DKT,,,4.0,,
B0BM8QFB93,,,,,4.0
B0BM95N66J,,,,,25719.0
B0BMB1B319,,1.0,,,
B0BMQ3RZJ9,25.0,,,,
B0BMT52JQV,,,,114.0,
B0BMVZJ6WF,,,,26.0,26.0
B0BN1KGQ7H,,,,38.0,
B0BN1SYMMH,,,38.0,38.0,38.0
B0BN4TTSG7,,,,,1.0
B0BN9XP8SV,,,71.0,,
B0BNB74ZS8,,,,,252.0
B0BNBFB9FK,,,29.0,29.0,29.0
B0BNJDDX23,,,,,21.0
B0BNXGKNG8,,,,59.0,59.0
B0BPBTS9BG,,,,,2.0
B0BPTFYYZ3,,,,,112.0
B0BQ2DSMLH,,,11.0,,
B0BQ654KTM,,,,,3.0
B0BQHY6S42,,,,6.0,
B0BQHYT6B6,,,,6.0,6.0
B0BQWLD6NC,,,,,27.0
B0BQWMBS4J,,,,,27.0
B0BQWNWR7W,,,,,27.0
B0BQWQ5VKQ,,,,,27.0
B0BR5KVFPX,,33.0,,,
B0BR62775Y,,,,11.0,
B0BRC8YFX4,,28.0,28.0,28.0,
B0BRC93NZK,,,19.0,19.0,19.0
B0BRKGKDN5,,,,66.0,
B0BRKRLFL3,,,,,29.0
B0BRQ38YCM,,,,,1.0
B0BRQNV3DT,,,,163.0,163.0
B0BRQQ37GS,,,,,163.0
B0BRSLG5T5,,,,,28.0
B0BRSLKJMH,,,28.0,28.0,28.0
B0BRSLQVCH,,,,,28.0
B0BRX7VMQW,,,,,3.0
B0BRXRVBPJ,,,,60.0,
B0BRXS1FCM,,,,30.0,30.0
B0BRXSX86J,,,,,60.0
B0BRXT15HW,,,,30.0,30.0
B0BRXT5P7W,,,,60.0,60.0
B0BS1B48HY,,,,342.0,
B0BS4G21FP,,,,,147.0
B0BSNZSSWT,,,,,17.0
B0BSP1BTSP,,,,,17.0
B0BSYGJSR6,,,,,1.0
B0BV2P1QHC,,23.0,,,23.0
B0BV2PD2WW,,,,,6.0
B0BVCHRHZH,,,,,2.0
B0BVK1VVNP,,,,,88.0
B0BVK266DF,,,,,88.0
B0BVK3JFCF,,,,,88.0
B0BVKBFLNF,,,,39.0,39.0
B0BVKBJP9H,,,,,39.0
B0BVKCGSQR,,,,39.0,
B0BVVMCNLF,,,,,55.0
B0BVVQ3DKP,,,,55.0,55.0
B0BW3QBHFZ,,,,,219.0
B0BWF8Y295,,,,75.0,
