product_id,1.0,2.0,3.0,4.0,5.0
1304622657,,,,,4.0
4020402779,,,,,2.0
7356985950,,,2.0,,
7398672004,,,,,255.0
7414204790,,284.0,,,284.0
8974525828,,,,,42.0
9080704067,,,56.0,,
9533225181,,59.0,,,59.0
974383785X,,,1.0,,
9790788592,,,,,19.0
9895517769,,,,,1.0
B00004SRCT,,,,151.0,
B000052YMD,1027.0,1027.0,1027.0,1027.0,1027.0
B000052ZSS,9541.0,9541.0,,9541.0,9541.0
B0000530I7,454.0,454.0,454.0,454.0,454.0
B0000531YI,36.0,36.0,,,36.0
B000053376,,,,,14.0
B000053675,,,108.0,,108.0
B00005373I,123.0,123.0,123.0,123.0,123.0
B0000537N5,,,,,10.0
B00005BWXD,998.0,,,998.0,998.0
B00005LBRX,,,,19.0,
B0000632EE,,81.0,,81.0,81.0
B0000664NL,,,,,27.0
B00006IV3Y,28.0,,,,28.0
B00007323F,,,,,7.0
B000079XVD,,,,,3.0
B00007E8FL,,,,,79.0
B00007EFKK,,,,,7.0
B00008V407,,76.0,,76.0,
B00009Q148,,,,,489.0
B0000AZWIB,,,,,6.0
B0000C88FH,66.0,66.0,,,66.0
B0000C88FS,106.0,,106.0,106.0,106.0
B0000YUWOA,,,,,1519.0
B00011QUPC,271.0,271.0,,271.0,271.0
B000141GSU,,,,,2.0
B000141KX6,,,,,19.0
B000142AZ8,505.0,505.0,505.0,505.0,505.0
B000142K3K,,501.0,501.0,501.0,501.0
B000142OPE,,,,,16.0
B000142X96,21.0,21.0,21.0,21.0,21.0
B0001439DK,,,,,13.0
B000143FZW,,,4.0,,
B000146LJE,201.0,,,201.0,201.0
B00014DH64,108.0,108.0,108.0,,108.0
B00014DN40,,,,,12.0
B00014EGNC,,,,,16.0
B00014EL2I,132.0,,,132.0,132.0
B00014G2JI,,,,,52.0
B00015HBE2,,,,5.0,5.0
B00015X6UU,,,,148.0,148.0
B00016WRFO,,,,,7.0
B00016WSTE,,10.0,,,
B00016WVVE,,,,,8.0
B00016XGS6,,,7.0,,
B00017UYOY,,,,79.0,79.0
B00017Y63O,,,1495.0,,1495.0
B0001BNYGK,,,,,112.0
B0001BOI24,,,,,27.0
B0001EKT8S,,,,,5.0
B0001FF80G,,132.0,132.0,132.0,132.0
B0001LAEHW,603.0,603.0,,,603.0
B0001M3K4U,424.0,424.0,424.0,424.0,424.0
B0001M7D7A,,,,,156.0
B0001Z5Z5E,,,,,10.0
B00020YY2I,,17.0,17.0,,
B00021BCG8,,,,2186.0,
B00021VTCA,,,,,1.0
B00021VYBQ,,,,,2.0
B00023EP5Q,,,1.0,,
B000248REK,,,,,3.0
B00026E74C,,,,,18.0
B00027C98M,,,,,6.0
B00027DD2I,,,92.0,92.0,92.0
B00027DH3S,,,151.0,,151.0
B00028NL6A,203.0,203.0,203.0,203.0,203.0
B00028OS1M,,,110.0,,
B00028PFF0,1391.0,1391.0,1391.0,1391.0,1391.0
B00028PNKW,,,,,9.0
B00028QF36,,,,1.0,
B00029V00I,,,,,16.0
B00029W5CA,190.0,,,,190.0
B0002AOO50,,,,,3.0
B0002BIRN4,,2.0,,,
B0002DNXZE,,,,5.0,
B0002DNZ9I,,,,,7.0
B0002DUTHE,,,,,18.0
B0002EB0OO,,,5.0,,
B0002F1XJK,,,80.0,,80.0
B0002GQEBG,,4.0,,,4.0
B0002I0UJQ,,,8.0,,8.0
B0002JBWI8,1.0,,,,
B0002JMZ7A,,73.0,,73.0,73.0
B0002KI3XO,1027.0,1027.0,1027.0,1027.0,1027.0
B0002MIK5S,,,,,85.0
B0002OCQU6,80.0,,80.0,80.0,80.0
B0002VQ4IE,,,,,1.0
B0002YE8R0,,3.0,,,
B0002YUFFY,,,,7.0,7.0
B0002Z83SO,,,,,12.0
B0002Z83SY,,,4.0,,
B0002Z8GEK,594.0,594.0,594.0,594.0,594.0
B0002Z8HX0,,,,,62.0
B0002ZZR42,,,,,15.0
B000301YWU,,,,,63.0
B0003G590W,,,,,1145.0
B0004F7H0M,,,,,5.0
B00062NZXQ,322.0,322.0,,322.0,322.0
B000630EHU,,,,,43.0
B000674CRE,,,,,11.0
B0006LJ7IE,,,,,1.0
B0006LNJVK,,,,45.0,
B0006LU82S,,,,,3.0
B0006O0KOQ,,,256.0,256.0,256.0
B0006O4NRQ,103.0,103.0,103.0,103.0,103.0
B0006OU06Y,,,,,2.0
B0006PJSQG,,,,,25.0
B0006PJTA6,,,,,74.0
B0006PJTJ2,,,,,14.0
B0006PKF18,,,10.0,,10.0
B0006PQ9JA,,,,,24.0
B0006PRT08,256.0,,256.0,256.0,256.0
B0006TIH14,,,,,3.0
B0006TK8RK,,,,,112.0
B0006TXPTI,124.0,124.0,124.0,124.0,124.0
B0006UZDY2,,,,,4.0
B0006V8J9W,231.0,,,,231.0
B0006ZPXRE,,,,,4.0
B0006ZT1UE,,,,,52.0
B00070D2Y4,,,,,7.0
B00076KRHS,,,,2.0,
B00076XSGK,222.0,,222.0,,222.0
B00078V8T2,,,,5.0,
B0007CG6U4,12.0,,,,
B0007KTJ8C,37.0,,,,37.0
B0007VP8FY,17.0,,,,
B0007XMDP0,,,,,2.0
B00081G6YA,,2.0,,,2.0
B0008D4QG8,,,,103.0,103.0
B0008IV7BU,26721.0,,26721.0,26721.0,26721.0
B00093UT9A,,,,,7.0
B00097FDU6,,101.0,,101.0,101.0
B00097HQGA,,4.0,,,
B0009BH8H8,,,,,7.0
B0009EIM8O,,,,,36.0
B0009EIMI4,102.0,102.0,102.0,,102.0
B0009F3NEG,,,,,1.0
B0009F3R7O,,,,,12.0
B0009PCT7I,,,,7.0,
B0009PCTE6,,,,,7.0
B0009R33US,,,,,8.0
B0009R33XU,,,,,135.0
B0009RLLT8,,,,,15.0
B0009VAKBE,,,,,18.0
B0009XAHUQ,,,,676.0,676.0
B0009XH6NW,4060.0,4060.0,4060.0,4060.0,4060.0
B0009YDO4Q,707.0,707.0,707.0,707.0,707.0
B000A26AB6,,,,,38.0
B000A3XHYI,,,,,22.0
B000A408W6,,,,,17.0
B000A7KC9M,25.0,,,,25.0
B000A7W5IS,,,,8.0,
B000AA5WGC,8.0,,,,
B000ACJYC8,,,,,4.0
B000AFGJMI,,,,,3.0
B000ALFTLE,,,,,10.0
B000ALFTQY,,,,329.0,329.0
B000ALIK88,,330.0,,330.0,330.0
B000ALIMU4,,3.0,,,
B000AMBEOE,,,,,95.0
B000ASKR96,,,,,4.0
B000AUX16A,,,,,28.0
B000B7ORYW,,8.0,,,8.0
B000B8YYBW,,,,,194.0
B000B9H4G8,,,,,1.0
B000B9L61C,,,,,4.0
B000B9L68U,253.0,253.0,253.0,253.0,253.0
B000B9NXEA,,,,,12.0
B000B9VF0Y,,,,,95.0
B000BAT6NG,,,218.0,218.0,218.0
B000BCN0H2,111.0,,111.0,111.0,111.0
B000BD4E9E,,,,,13.0
B000BEZVTA,,,,12.0,
B000BIPJ20,14.0,,,14.0,
B000BIRDRY,,,,,5.0
B000BO4YKW,,,,448.0,
B000BOA22G,,,,,2220.0
B000BR4DY6,208.0,,208.0,208.0,208.0
B000BR60HO,,,,1.0,
B000BU8WQI,,,,,191.0
B000BVCSKS,,,,,29.0
B000BW4U58,,,109.0,109.0,109.0
B000BYVFFE,,99.0,99.0,99.0,99.0
B000C1UER6,676.0,,,676.0,676.0
B000C1UF9S,807.0,,,,807.0
B000C1VX8U,,592.0,592.0,,592.0
B000C1W550,,,,,64.0
B000C1Z5WU,846.0,846.0,846.0,846.0,846.0
B000C1Z6F6,,,,1.0,
B000C1ZDW2,485.0,485.0,485.0,,485.0
B000C1ZEY4,12831.0,12831.0,12831.0,12831.0,12831.0
B000C238T6,,,,,4.0
B000CFILS6,,,,,26.0
B000CJVEHC,,1.0,,,
B000CMFU1A,,,,,4.0
B000CNIHF0,5025.0,5025.0,5025.0,5025.0,5025.0
B000COH08O,188.0,,,,188.0
B000CQXYOG,,,,,27.0
B000DZC23U,410.0,,,,410.0
B000E281FA,,,,861.0,861.0
B000E48R02,,,306.0,306.0,306.0
B000E48R0C,,,,305.0,305.0
B000E4AT0I,,,,,306.0
B000E4AT0S,,,,305.0,305.0
B000E4AT12,,,,305.0,305.0
B000E4C9SI,,,,305.0,305.0
B000E4C9SS,305.0,,,305.0,305.0
B000E6IIF4,,,,,515.0
B000E7SS0I,20.0,,,,20.0
B000E8WII0,,,2.0,,
B000EBFJX8,11.0,,,,
B000EBFLG8,760.0,760.0,,760.0,760.0
B000EBGREI,,,,,25.0
B000EBZ7XK,1013.0,1013.0,1013.0,1013.0,1013.0
B000EGNB74,,,,,32.0
B000EGSBQU,,,,1.0,
B000EHNMB8,,,,,147.0
B000EI0LV6,,,,,2.0
B000EI9OJG,,12.0,,,12.0
B000EMBJH2,,,,70.0,70.0
B000EN8MLC,,2.0,,,
B000ENMKP6,,,7.0,,
B000ENTG30,,,,,4.0
B000EORH4E,,,11.0,,
B000EPUY02,115.0,115.0,115.0,115.0,115.0
B000EVF8ZW,,17.0,17.0,,
B000EVGQ0S,586.0,586.0,586.0,586.0,586.0
B000EVGQ62,3.0,,,,
B000EYU0UM,,,74.0,,
B000F4CXTC,,,,,26.0
B000F8K6QU,,,,,16.0
B000FBF54A,,,,69.0,69.0
B000FBX8OE,,15.0,15.0,,
B000FDP8YK,,,221.0,221.0,221.0
B000FENFSU,13.0,,13.0,,13.0
B000FEPA2O,,1503.0,1503.0,1503.0,1503.0
B000FGJOB0,,,,2.0,
B000FI562O,,,,,14.0
B000FJ9A0M,8.0,,8.0,,
B000FJLX70,,,,,5.0
B000FJP2TU,,,,,46.0
B000FKJQ32,,,,,1.0
B000FKJZGK,,1.0,,,
B000FKKO3S,,,,,3.0
B000FKM31O,4.0,,,,
B000FL21XS,7.0,,,,
B000FL2200,,3.0,,,
B000FL5OVY,,,,,3.0
B000FL9EJW,,,,,10.0
B000FOA91Q,,,,,19.0
B000FP7M4C,13.0,,13.0,13.0,13.0
B000FPVMDO,,,,,4.0
B000FQ4X3E,,,,,30.0
B000FQ5T14,696.0,696.0,,,696.0
B000FQORYY,,,,,5.0
B000G1JTNC,,,,44.0,44.0
B000G62I1C,,,,,2.0
B000G67LF0,11.0,,,11.0,
B000GCR5IC,549.0,549.0,549.0,549.0,549.0
B000GCURBO,5032.0,5032.0,5032.0,,5032.0
B000GCXROS,,,,,5.0
B000GEW9YA,,,,,4.0
B000GFT8SE,,,18.0,,
B000GGU3RI,,,2.0,,
B000GHNLTE,,,,,34.0
B000GHVHN6,,,,,3.0
B000GHVKEW,340.0,340.0,,340.0,340.0
B000GHYUF8,,,,,1.0
B000GI3TOA,23.0,,,,
B000GIH1MQ,9.0,,,,9.0
B000GIL0IW,81.0,,,,81.0
B000GIZQZK,,,41.0,41.0,41.0
B000GL788A,,,,,17.0
B000H2BN0M,,,,,13.0
B000H3DC4Q,,,,,37.0
B000H3EPZQ,,9.0,,,9.0
B000H4DIKI,,,11.0,,11.0
B000H71R80,,,,2.0,
B000H727WU,,,,,27.0
B000H74VZG,3.0,,,,
B000H76QX6,,,,9.0,
B000HHCAKE,,,,49.0,49.0
B000HJVMNI,,,,,20.0
B000HKCA8I,,,,94.0,94.0
B000HLCG4K,,,,,10.0
B000HLF07A,,,,,106.0
B000HLHA7I,60.0,,60.0,60.0,60.0
B000HOXYKW,,,52.0,52.0,52.0
B000HOXYPC,,,,,12.0
B000HP0206,,,,,3.0
B000HP1IDG,5305.0,5305.0,5305.0,5305.0,5305.0
B000HP260U,,13.0,,,13.0
B000HZVS2M,729.0,729.0,729.0,729.0,729.0
B000I0ZHNM,,,,,12.0
B000I1ZUOM,,,,,2.0
B000I3OUFA,,15.0,,,15.0
B000I6G4OC,,,,7.0,
B000ICN9DK,4.0,,,,
B000IG2PGS,170.0,170.0,,170.0,170.0
B000IG2PH2,,,,,170.0
B000IG4G88,,,170.0,170.0,170.0
B000IG4G8I,89.0,89.0,89.0,89.0,89.0
B000IG4G8S,,170.0,170.0,170.0,170.0
B000IG6FC8,280.0,280.0,280.0,280.0,280.0
B000IG6FCI,,,,310.0,310.0
B000IG8FJO,310.0,310.0,,310.0,310.0
B000IHFP28,,310.0,310.0,310.0,310.0
B000IQ56RI,,,,23.0,23.0
B000IZAKLQ,,50.0,,,
B000J10I0W,,,,,8.0
B000J10J2Y,,,185.0,,185.0
B000J1CN64,6.0,,,,
B000J26BFC,,,,1.0,
B000J4092G,130.0,,,130.0,
B000JCAG8K,,,41.0,,41.0
B000JF508S,359.0,,359.0,359.0,359.0
B000JIK24M,,,,,12.0
B000JJYGES,316.0,,,316.0,316.0
B000JLEVP0,,49.0,,,
B000JO4T1S,,,,,78.0
B000JR324A,,,,,6.0
B000JR39M0,,,,58.0,58.0
B000JR4ZDM,596.0,596.0,596.0,596.0,596.0
B000JZ3HJC,,,,,2.0
B000K5HCMY,,,,,3.0
B000K5HCVK,,,,,13.0
B000K6I3J4,,,,,20.0
B000K8FUFM,,,,107.0,107.0
B000K8TXUA,,,,,1.0
B000KAMAIK,,,,,16.0
B000KDZES0,,,29.0,,29.0
B000KDZXRW,,91.0,,91.0,
B000KIGI1C,,,,,5.0
B000KIKC1O,,13.0,,,13.0
B000KOJVYM,,,,8.0,
B000KOWDBA,,,,16.0,16.0
B000KQ4SX4,,,9.0,9.0,
B000KRHSMG,,,17.0,,17.0
B000KZ3LJC,,,,,3.0
B000L6KBB6,,9.0,,,
B000L6U0K8,1969.0,1969.0,1969.0,1969.0,1969.0
B000L726BS,,,,,91.0
B000LEDR4Q,,4.0,,,
B000LF4BYK,,,,,15.0
B000LF4DLQ,,,216.0,,216.0
B000LGJ4NC,,,,25.0,25.0
B000LMM5Z0,,,,1.0,
B000LNG1RC,,1438.0,,1438.0,1438.0
B000LYRQH0,29.0,,,29.0,29.0
B000M514VC,,,,,5.0
B000MAQWCI,,,,,12.0
B000MH8CRY,,,,,1.0
B000MJ56VC,,,,,1.0
B000MN9D8K,,,14.0,,
B000MNB4F0,,,,,14.0
B000MR31K2,,,,18.0,
B000MSF6Z4,,,,,13.0
B000MVFFSO,,,9.0,,9.0
B000MVYJ0O,7.0,7.0,7.0,7.0,7.0
B000N96A16,,,47.0,47.0,47.0
B000N97T34,,4.0,,,
B000NATYO0,,,,,5.0
B000NCV5ZE,,,,,1.0
B000ND1TKE,,,,,421.0
B000NFEX5K,,,,54.0,54.0
B000NHKVNQ,16250.0,16250.0,,,16250.0
B000NHTYPM,159.0,159.0,159.0,,159.0
B000NHXC3W,,,174.0,,174.0
B000NHZVAO,,,,,101.0
B000NJ25G0,,,,,2.0
B000NJE1S0,45.0,45.0,45.0,45.0,45.0
B000NL21U8,,,,,9.0
B000NLHK4K,,,,,30.0
B000NLHXEC,,,1779.0,,1779.0
B000NMQRUC,48.0,,,,48.0
B000NPBPTC,,,,67.0,67.0
B000NTK4H2,,,,2.0,
B000NW6SKQ,,,7.0,,7.0
B000NW6WES,,,,,8.0
B000NW849Y,,,,,1.0
B000NW9YU2,241.0,241.0,241.0,241.0,241.0
B000O1ECCW,,,,,9.0
B000O24BCW,194.0,,,194.0,194.0
B000O7NLBE,1253.0,1253.0,1253.0,1253.0,1253.0
B000O7UCCU,,,,9.0,
B000ODTO1O,34.0,,,34.0,34.0
B000OFNDMS,591.0,591.0,591.0,591.0,591.0
B000OLQ2HK,73.0,73.0,73.0,73.0,73.0
B000OOKK2U,,,,12.0,
B000OQG0JU,,,,8.0,
B000ORVTW2,349.0,,,,
B000ORY7GW,26.0,,,,26.0
B000OV5ODI,,,,,55.0
B000P1C994,,,1.0,,
B000P27678,,,,32.0,32.0
B000P276E6,217.0,217.0,,217.0,217.0
B000P4ALDC,131.0,,131.0,,131.0
B000P5LSH4,,,,1.0,
B000P9DRZG,89.0,,89.0,,89.0
B000P9IF9Y,24.0,,24.0,,24.0
B000PB1ZG2,,,,,11.0
B000PBQZOO,,,,27.0,
B000PDWAC8,4.0,,,,
B000PDYBPC,,,,,11.0
B000PIGRY0,,,,,1.0
B000PSYZ3A,8.0,,,,
B000PUK8E8,,,,48.0,48.0
B000PWDG04,,,,63.0,63.0
B000PWLRRS,,,,,1.0
B000PWLZDE,,,,19.0,19.0
B000PWNQE0,,9.0,,,9.0
B000PXTLES,,,128.0,,
B000PY0C68,,,,,6.0
B000PY5N6W,,,,,7.0
B000PZC530,108.0,,,108.0,108.0
B000PZE8ZI,,,12.0,12.0,12.0
B000Q6T7HA,,,81.0,,81.0
B000Q85DMQ,,17.0,,,17.0
B000QC5BH4,19.0,,,19.0,19.0
B000QCFUJS,,,,,27.0
B000QCX7A2,,,,,5.0
B000QE11ZI,,,,,14.0
B000QJ40KQ,361.0,361.0,361.0,361.0,361.0
B000QSKH8G,,,,795.0,
B000QTW3L4,,,,,5.0
B000QUSAMO,,,,94.0,94.0
B000QUY4N8,4.0,,,,
B000QV8ATG,,22.0,,22.0,22.0
B000QXA15K,,,,,9.0
B000QY175C,,,,,43.0
B000QY2YSQ,,,,43.0,43.0
B000R0TO00,74.0,,74.0,74.0,74.0
B000R4U24S,,,,,6.0
B000R56DS6,,,,,49.0
B000R8I8I6,,,33.0,33.0,33.0
B000R8QTXM,,,,96.0,96.0
B000R8V3HY,662.0,,,,662.0
B000R8Z91K,,,,16.0,16.0
B000R94P5U,,,,,32.0
B000RBEP62,,,93.0,,93.0
B000RG4I1O,,222.0,222.0,,222.0
B000RI12WK,,,,,11.0
B000RLX8CE,,,317.0,317.0,317.0
B000RM8832,1973.0,1973.0,,1973.0,1973.0
B000RO0L4Y,,225.0,,225.0,225.0
B000RPQT9O,79.0,,,,79.0
B000RSJKTM,663.0,663.0,663.0,663.0,663.0
B000RSQ4XW,8.0,,,,8.0
B000RTZW9S,,,,29.0,
B000RXDJL2,,13.0,,,
B000RZFLQQ,,,2.0,,
B000RZSSJ8,,,20.0,20.0,20.0
B000S01LNW,,,,,15.0
B000S0ELFC,,,,,2.0
B000S2LT9Q,6605.0,,6605.0,6605.0,6605.0
B000S565O2,,,,89.0,89.0
B000S7ZV8G,7.0,,,,7.0
B000S7ZVVS,,43.0,,,43.0
B000S81ZOY,,,72.0,,72.0
B000S99CR0,,,,,2.0
B000SAPE3A,43.0,43.0,,43.0,43.0
B000SBMBXU,,,,,5.0
B000SWZQIG,155.0,155.0,155.0,155.0,155.0
B000SXBHQK,30.0,30.0,30.0,30.0,30.0
B000T1A3WK,,,,,2.0
B000T26QXY,,,,91.0,91.0
B000T98WTI,,1298.0,,1298.0,1298.0
B000TBXJSK,401.0,401.0,401.0,401.0,401.0
B000TF2LU8,32.0,32.0,,32.0,32.0
B000TFXH6U,238.0,,,,238.0
B000TGA3C0,9197.0,9197.0,9197.0,9197.0,9197.0
B000TKO6VK,,,,,7.0
B000TNU5QW,,,,4.0,4.0
B000TRIAFQ,3.0,,,,3.0
B000TTP8PO,,,78.0,78.0,78.0
B000TZ5BPA,,,3.0,,
B000U04WU4,,,,,29.0
B000U0DSAE,,,,,30.0
B000U0E9YI,,,,,18.0
B000U240P4,,,,,4.0
B000U7U4G8,,,,,10.0
B000U81BQ4,,,55.0,55.0,55.0
B000UAMTYK,,,,,2.0
B000UEMQQW,,,,,7.0
B000ULDA9C,,,,,32.0
B000ULETEM,,11.0,,,
B000ULETTC,,,,,4.0
B000ULJNEI,30.0,,,,30.0
B000UQGKVM,133.0,133.0,133.0,133.0,133.0
B000US7974,,,,,18.0
B000V31ZF0,,,,6.0,
B000V3PZ0Q,,,,,954.0
B000V4PMVM,,,,21.0,
B000V63P3C,,,,105.0,105.0
B000VCAWI2,,,7.0,,
B000VCAXBS,,,,,4.0
B000VDN46I,,,,,18.0
B000VENXK4,,,,,35.0
B000VHEL4I,,,,,8.0
B000VIGIK2,227.0,,,227.0,227.0
B000VOLNNS,,,,,71.0
B000VQW8EO,,,,,103.0
B000VT08AC,,,,21.0,21.0
B000VUM5AM,,,,,2.0
B000VUNFOW,1520.0,,,1520.0,1520.0
B000VV1T1M,,,,,2.0
B000VWE242,,,,1.0,
B000VZM8W2,,,,,5.0
B000W31ZZO,,,,7.0,7.0
B000W44T10,,,,,5.0
B000W8D5WA,23.0,,,23.0,23.0
B000W96YJK,,,,6.0,
B000W9ICGI,,11.0,,,
B000WBLA4C,73.0,73.0,,73.0,73.0
B000WIE3Z8,17.0,,,,17.0
B000WITSE4,,,68.0,,
B000WM3I64,,,,,43.0
B000WP2AF6,,,,,1.0
B000WQ4CME,34.0,,,,34.0
B000WUCJP2,,,,,49.0
B000WYLIWS,,,,,2.0
B000WZIRNK,,,,,34.0
B000X1M8W4,,,,74.0,74.0
B000X25L40,,,,,42.0
B000X28HAA,,986.0,,,
B000X2APX2,,,1.0,,
B000X2DMHS,4101.0,4101.0,4101.0,4101.0,4101.0
B000X2FPUU,84.0,84.0,84.0,84.0,84.0
B000X4KYU4,,,,5.0,
B000X4TZ7C,,,,2.0,
B000X7EMM2,,,29.0,,29.0
B000X9JJZU,,,,,547.0
B000X9UI32,3.0,,,,3.0
B000XE4ATK,171.0,,,,171.0
B000XE5MK6,,,,,7.0
B000XE7P42,632.0,632.0,632.0,,632.0
B000XEATFY,10.0,,,10.0,10.0
B000XEFECW,,13.0,,,
B000XEZ7N8,,,,,1.0
B000XRZORO,,,74.0,,74.0
B000XTCFN8,,,,16.0,16.0
B000XV8Q7A,,,,,10.0
B000XVCEG4,,,,17.0,
B000XVE1RY,,,,26.0,26.0
B000XXZ56S,,,,,23.0
B000XYBFZW,103.0,,103.0,103.0,103.0
B000XYPNLO,,,,,4.0
B000XZI3OW,,,,,37.0
B000Y8LS8G,,,,,28.0
B000YACUMM,,,,12.0,12.0
B000YBZIAC,256.0,256.0,256.0,256.0,256.0
B000YD47N4,294.0,294.0,,294.0,294.0
B000YFY08Y,,,,,7.0
B000YFZR1I,,,,,10.0
B000YHR85Y,,,,,3.0
B000YJX4VY,,,42.0,,42.0
B000Z61PV2,,,,,56.0
B000Z63QYG,,,,,4.0
B000Z63WBS,,,1.0,,
B000Z6I8UI,,,,,14.0
B000Z8UEUI,,,,2.0,
B000ZEA6WS,3395.0,3395.0,3395.0,3395.0,3395.0
B000ZHD03M,,,,,8.0
B000ZK1F7M,,,,,59.0
B0010B4EMI,,,,,1.0
B0010C9HUG,,,,,2.0
B0010CBGFA,,,78.0,,78.0
B0010H96K2,,,,,6.0
B0010LBHVY,,,,,1.0
B0010MA2M8,,,73.0,,73.0
B0010OKOEW,,,,,52.0
B0010VSCXA,,,,,17.0
B0010YVKQ8,,,74.0,,74.0
B0010ZNH1S,,,,30.0,30.0
B0011254TS,,17.0,,17.0,17.0
B001126Y0Q,,,,,7.0
B00112AJCU,,,90.0,,90.0
B00112B16S,,,,,3.0
B00112DVJI,,,,,1.0
B001181P4A,85.0,85.0,85.0,85.0,85.0
B0011DYTS4,,,7.0,,7.0
B0011FPIGO,337.0,337.0,,,
B0011ON8U8,,,,2.0,
B0011RYM28,,9.0,,9.0,
B0011UV9E4,,,,,614.0
B001203EI2,68.0,,,68.0,68.0
B00120XR1G,1436.0,1436.0,1436.0,1436.0,1436.0
B001231KN0,,,,,9.0
B00127C83M,,,,,1967.0
B00127YLQE,,,,,1.0
B00128JHTO,,,,,31.0
B0012CE0C4,,,,,172.0
B0012E58OG,,,,20.0,20.0
B0012FXO8C,,,,,1.0
B0012GVMWG,,,6.0,,6.0
B0012JS7GC,,,,,264.0
B0012KQOBG,,,,,26.0
B0012KU5IO,19.0,,,,
B0012NLGWK,,,,,12.0
B0012QD6UC,,,,,39.0
B0012RQZ9U,857.0,857.0,857.0,857.0,857.0
B0012RR24W,,,16.0,16.0,16.0
B0012RR3T6,178.0,178.0,178.0,178.0,178.0
B0012S21EW,12.0,,,,
B0012SAD1U,,,,,443.0
B0012VRQN0,,,4.0,,
B0012ZX17G,,27.0,,,27.0
B001331L74,,,11.0,11.0,11.0
B00133QH0A,39.0,,39.0,,39.0
B00138OVFI,18.0,,,,
B001394D1Y,,,149.0,149.0,149.0
B0013AEA4S,,,36.0,,36.0
B0013BCKSU,,,,,347.0
B0013CEYEC,206.0,,,206.0,206.0
B0013CH2DC,,,,,1.0
B0013EJP6M,,,,,1.0
B0013FHAO0,,,,,1828.0
B0013FHED2,,,,6.0,
B0013FIY7W,,,,,131.0
B0013FOKE8,921.0,,921.0,921.0,921.0
B0013FOKMK,3043.0,,,,3043.0
B0013MVQQ6,30.0,,,,30.0
B0013ND5X2,322.0,322.0,322.0,322.0,322.0
B0013NFYY0,,,,391.0,
B0013NVMUK,,,,9.0,
B0013V1SDI,7.0,,,,
B001441ZI2,66.0,66.0,66.0,,66.0
B00145B6PI,,,,,21.0
B0014ARGVG,275.0,275.0,275.0,275.0,275.0
B0014AYNBC,,,,,7.0
B0014GY3E8,,,,,6.0
B0014H8B6S,3.0,,,,
B0014HG8W2,,,,,388.0
B0014JWZYK,,,23.0,,23.0
B0014LQME2,,,,,3.0
B0014XG34E,,,,,22.0
B001501N7I,1613.0,1613.0,1613.0,1613.0,1613.0
B00153XRDI,,,,,1.0
B001544IYE,840.0,840.0,840.0,840.0,840.0
B00154MYG8,2399.0,2399.0,2399.0,2399.0,2399.0
B00154P2YO,,,,30.0,30.0
B00155O0S2,421.0,,421.0,421.0,421.0
B001561KGQ,,,,,22.0
B0015A9ROO,,58.0,58.0,58.0,58.0
B0015HFTBC,102.0,,,102.0,102.0
B0015IYNR2,1092.0,1092.0,1092.0,1092.0,1092.0
B0015KD1AK,14.0,,,,
B0015KDULA,,,,,15.0
B0015KO3L6,56.0,,,,56.0
B0015MFT1M,,,,,625.0
B0015MUYFS,,,,,6.0
B0015NKY1Q,,138.0,138.0,138.0,138.0
B0015RAMT6,463.0,,,463.0,463.0
B0015RXYT6,14.0,,,,
B0015SGKWS,,,,,2.0
B0015TBHK2,,30.0,,30.0,30.0
B0015TKA3W,,,,11.0,11.0
B0015WJPD0,47.0,47.0,47.0,,47.0
B0015WNYA0,,,,,19.0
B00161607O,217.0,217.0,217.0,217.0,217.0
B00161BEO8,813.0,813.0,813.0,813.0,813.0
B0016483Y4,,8.0,,,
B00164S2A4,,,,,104.0
B00166FAQ6,,,,,80.0
B00169XQH8,,,,,4.0
B0016AX2Z8,,,,77.0,77.0
B0016BEX64,,,,,8.0
B0016BFG1K,,,,,34.0
B0016BM244,215.0,215.0,,215.0,215.0
B0016GXOD2,359.0,359.0,359.0,359.0,359.0
B0016HURKE,29.0,29.0,29.0,29.0,
B0016YBWEM,,,,,226.0
B001707XQG,,,,,109.0
B00170D5UY,,,,1.0,
B001717AJU,,,,,169.0
B00175XZR2,443.0,,443.0,443.0,443.0
B00177EKRE,,,,,1.0
B00178M5M0,,240.0,240.0,240.0,240.0
B0017D1US0,,36.0,,,36.0
B0017INO5M,11.0,,,,
B0017JV50M,,,,,11.0
B0017P68Z8,,,,1.0,
B0017PWP50,,,15.0,,
B0017TYE2S,,,,31.0,31.0
B00181WCN8,,,,,229.0
B00185C4NM,,288.0,288.0,288.0,288.0
B00186X02K,,,,,1.0
B00188BQXI,132.0,132.0,,132.0,132.0
B0018COYUG,,,,,620.0
B0018DKDU0,,,,22.0,22.0
B0018MUUR2,,5.0,,,
B0018N3PA0,469.0,,469.0,469.0,469.0
B0018QRY0O,,,,,12.0
B0018QV1M6,,,,,40.0
B0018RESOS,556.0,,556.0,556.0,556.0
B0018SBRDC,9541.0,,,9541.0,9541.0
B0018WOFUK,,,,22.0,
B0018ZMU04,883.0,883.0,883.0,883.0,883.0
B0018ZTKC0,,206.0,,,206.0
B0019EX1WU,408.0,408.0,408.0,408.0,408.0
B0019FC8EG,,,,19.0,
B0019GLEGI,,,,37.0,37.0
B0019LWJDU,,10.0,,,10.0
B0019QEP8C,,,,,1.0
B0019QHBWE,,,,,74.0
B0019QT154,,,,,2.0
B0019WZP2G,,,45.0,,
B001A2WSNE,,,,181.0,181.0
B001A3D5V2,113.0,113.0,,113.0,113.0
B001A3H8YC,52.0,,52.0,52.0,52.0
B001A5RW28,,,,,41.0
B001A9AG7W,,,22.0,,
B001AF2VEM,161.0,161.0,161.0,161.0,161.0
B001AKO5XM,,,9.0,,9.0
B001AMTQV6,,,2.0,,
B001AO5Z7S,,,,,24.0
B001AQO9MI,,2434.0,2434.0,2434.0,2434.0
B001AUHG42,2197.0,,2197.0,2197.0,2197.0
B001AXIWGA,364.0,364.0,364.0,364.0,364.0
B001AZQEJK,,,,,16.0
B001B1R082,,8.0,,,
B001B1SVEO,,,,4.0,
B001B1T2SI,,,,,3.0
B001B2GGMC,,,,,9.0
B001B4UZJU,,67.0,67.0,67.0,67.0
B001B7EXZY,,,,158.0,158.0
B001BFOH9S,8.0,,,,
B001BGBUYW,145.0,,145.0,145.0,145.0
B001BKFGLG,,,,,6.0
B001BKK3LO,8690.0,8690.0,8690.0,8690.0,8690.0
B001BKREDO,,,,5.0,
B001BLEL2U,,71.0,,71.0,71.0
B001BLHPNM,,,26.0,,
B001BR2TN2,,,,2.0,
B001BX99UM,,,,,2.0
B001BXY4L6,2.0,,,,
B001C83KB0,,,,,121.0
B001CB9V1A,14.0,,14.0,14.0,
B001CBDU08,,,19.0,,19.0
B001CIERB2,,,,,41.0
B001CJSKUK,350.0,350.0,350.0,350.0,350.0
B001CN3QKK,,12492.0,12492.0,12492.0,12492.0
B001CO6OZS,,,,,40.0
B001CPKCNM,61.0,,,61.0,61.0
B001CRX0NO,146.0,146.0,,146.0,146.0
B001CT053A,502.0,502.0,502.0,502.0,502.0
B001CT08XW,,,,,5.0
B001CTC4YI,,,,18.0,18.0
B001CWGFYU,6589.0,6589.0,6589.0,6589.0,6589.0
B001CY88PW,,,,,277.0
B001CYC4T8,,,,2.0,
B001CYCTS4,,,,,4.0
B001CYCU6K,,,,,20.0
B001CZKWRI,,,,,40.0
B001CZKX4K,,,26.0,,26.0
B001CZKXD6,,,13.0,,13.0
B001CZKXG8,155.0,155.0,155.0,155.0,155.0
B001CZKXQ8,,,,97.0,97.0
B001CZKXTA,,,,,49.0
B001CZKXUO,49.0,,,49.0,49.0
B001CZMT4C,,12.0,,,
B001CZMT6U,,,,,26.0
B001CZMTFG,,,11.0,,
B001CZMTH4,,11.0,,,
B001CZMTRE,,97.0,97.0,97.0,97.0
B001CZMTWO,97.0,97.0,,97.0,97.0
B001CZOZAS,,,,,26.0
B001CZOZR6,,,,,97.0
B001CZT0HG,,,40.0,,40.0
B001CZT1RA,,,,49.0,
B001D4VRWM,,,,,83.0
B001D70IJC,,48.0,,,48.0
B001DKQ47E,1988.0,1988.0,1988.0,1988.0,1988.0
B001DLDX4K,,,,,12.0
B001DO3OXC,6.0,,,,6.0
B001DOA73C,,99.0,99.0,99.0,99.0
B001DSG9GC,,,,,272.0
B001E0C7UG,,,,1.0,
B001E0R42C,,,,,47.0
B001E0SH32,,,,,2.0
B001E0WLLQ,,,,,132.0
B001E0XDKE,,,118.0,118.0,118.0
B001E0XJGW,,,,,11.0
B001E0YGT6,191.0,,,,191.0
B001E0YLI2,,,31.0,,31.0
B001E174RQ,10.0,,,,
B001E18EWU,,,,,4.0
B001E1D7AY,100.0,,,100.0,100.0
B001E3EMDI,,,,,19.0
B001E5E9RK,229.0,,,229.0,229.0
B001E6SWRM,,146.0,146.0,,146.0
B001E6VHB0,,,1488.0,1488.0,1488.0
B001E722M2,66.0,66.0,,,66.0
B001E77KGK,,,,,15.0
B001E77M36,,,,,5.0
B001E77NSU,,135.0,,135.0,135.0
B001E8L6GE,,,,,72.0
B001E95GIC,,,,,34.0
B001E95HFO,1220.0,1220.0,1220.0,1220.0,1220.0
B001E96L40,,,,,30.0
B001EJMQXA,,19.0,19.0,,19.0
B001EJMS9M,479.0,479.0,479.0,479.0,479.0
B001EMDRDA,9.0,,,,9.0
B001ENSZ2W,,,,1.0,
B001EPQ252,,24.0,,24.0,24.0
B001ER4O7S,,,,,88.0
B001EROI4M,,,,,6.0
B001ES6XM6,780.0,780.0,780.0,780.0,780.0
B001ET6Y92,,,,,22.0
B001ET6ZIW,,,,,5.0
B001ET725C,,,,,3.0
B001ET78HY,5454.0,5454.0,5454.0,5454.0,5454.0
B001ET7BCG,,,,,2.0
B001ET7F3G,,,,,10.0
B001ET7F86,,12.0,,,12.0
B001ET7F9U,5526.0,5526.0,5526.0,5526.0,5526.0
B001ET7IWE,,8.0,,,
B001ET7J0K,,,,,17.0
B001EU5Z32,121.0,121.0,121.0,121.0,121.0
B001EWET7I,,,,,2.0
B001F0S2MM,477.0,,477.0,477.0,477.0
B001F51RL0,236.0,,,236.0,236.0
B001F51RS8,,,,,4.0
B001F51T9U,,,39.0,39.0,39.0
B001F635KK,,112.0,,,112.0
B001F97LDE,,,23.0,23.0,23.0
B001FB5HV0,956.0,956.0,956.0,956.0,956.0
B001FB5I3W,,,,,4.0
B001FCJNW8,2688.0,2688.0,2688.0,2688.0,2688.0
B001FORJW2,,,,14.0,14.0
B001FORK4Y,,129.0,129.0,,129.0
B001FUPCOI,,,,,1.0
B001FWP8N6,2.0,,,,
B001FWXIGU,,,,20.0,
B001G0ML96,,18.0,18.0,18.0,18.0
B001G2B8NO,1303.0,1303.0,1303.0,1303.0,1303.0
B001G60I2M,,,,,14.0
B001G72XL0,,,,,9.0
B001G7PMD6,,,166.0,,166.0
B001G7PN26,,,,,58.0
B001G7PQXW,,,,,2.0
B001G7PTE8,,,,,35.0
B001G7QO6U,,,,,6.0
B001G8PCYO,,,1.0,,
B001G8WF1M,,,,20.0,20.0
B001G8Y9HU,,,,,10.0
B001GBIMES,,,,,33.0
B001GIHKP8,,,,57.0,57.0
B001GQENLE,,,26.0,,26.0
B001H48N8O,,,2.0,,
B001H7WOMM,,26.0,,26.0,26.0
B001HRS3YU,,,,,20.0
B001HS6FEO,,,,,1807.0
B001HY4OZU,737.0,737.0,737.0,737.0,737.0
B001IBHL16,,,59.0,,59.0
B001II6J4E,,,22.0,,22.0
B001IK6NZM,,,,,4.0
B001IYM6N6,,,,,24.0
B001IYXU5O,,,,,26.0
B001IZ6WYE,377.0,,,,
B001J5XQM4,,,,,2.0
B001J6O0IM,,,300.0,300.0,300.0
B001J6O0PU,,119.0,119.0,119.0,119.0
B001J6O5Y6,636.0,,,636.0,636.0
B001J854H6,,,10.0,,
B001J9P9NE,,,,,11.0
B001JB55YA,,,,5.0,
B001JKR6AC,,,,,35.0
B001JKTE1Q,,,,,1.0
B001JPH2YC,,,,,45.0
B001JSZNWW,,,,,582.0
B001JYW17G,114.0,114.0,,114.0,114.0
B001JZ0GFO,,,,,77.0
B001K6EMQG,,400.0,,400.0,400.0
B001KT5P4G,,2.0,,,
B001KW8DHO,1109.0,1109.0,1109.0,1109.0,1109.0
B001KWCJGU,,,,,2.0
B001KYNYHQ,,,,,2.0
B001KYO4UM,136.0,,136.0,136.0,136.0
B001KYO8JO,13.0,,,,13.0
B001KYQ8CE,,,,,11.0
B001KYS8I6,,,,,6.0
B001KYSASO,,7.0,7.0,,7.0
B001KYTSMQ,,134.0,,134.0,134.0
B001KYUDWU,,,,,7.0
B001KYVKF4,,,,,9.0
B001KYVLSU,723.0,723.0,723.0,723.0,723.0
B001KYVV44,,,7.0,,
B001KYVZUO,,,,,7.0
B001KYW9TA,,,,,8.0
B001KZMCAU,,,,,359.0
B001LEYER4,1057.0,1057.0,1057.0,1057.0,1057.0
B001LF4I8I,360.0,,360.0,360.0,360.0
B001LFI33E,97.0,97.0,97.0,97.0,97.0
B001LIFVTA,,,,,16.0
B001LKOE9G,,,,,4.0
B001LNOEPW,,30.0,,30.0,30.0
B001LNOEQG,1.0,,,,
B001LR5A10,,,,,4.0
B001LTVF2G,65.0,,65.0,65.0,65.0
B001MA26YK,,,,,1.0
B001MIZBMG,13.0,13.0,13.0,,13.0
B001MP46IE,,,255.0,,255.0
B001MP7HQC,53.0,,,53.0,53.0
B001MS73JK,2.0,,,,
B001MTFMOM,,92.0,92.0,92.0,92.0
B001MXNKY2,,,,,1.0
B001NZTT94,,,,,5.0
B001O1IITE,,,,,18.0
B001O4EX4K,,,,62.0,62.0
B001O4LKCI,,,,,12.0
B001O7LDCC,2.0,,,,
B001OPLTQY,,,709.0,709.0,709.0
B001ORA2PG,,,,3375.0,3375.0
B001OT8U8U,,,,,4.0
B001P22WKI,36.0,,,36.0,36.0
B001P2PAEI,,,,74.0,74.0
B001P4EWLS,,,,3.0,
B001P5E668,43.0,43.0,,,43.0
B001PBTUYK,,,,,10.0
B001PEZNA2,,67.0,,67.0,67.0
B001PI4YZI,,,,14.0,
B001PIDLCK,,,,,15.0
B001PML7Z4,82.0,,82.0,82.0,82.0
B001PTFVS6,90.0,90.0,,,90.0
B001PTG0J0,,,,,2.0
B001PW4AF8,,,,5.0,5.0
B001Q24SCC,,,780.0,780.0,780.0
B001QCOV2O,,,,,3.0
B001QDJKM4,17.0,,,17.0,17.0
B001QGMLB8,,,2.0,,
B001QT3GVO,707.0,707.0,707.0,707.0,707.0
B001QTNFLK,,,,28.0,28.0
B001QX70E4,,,91.0,91.0,91.0
B001R4CLE6,,,,,32.0
B001RP05FW,,,80.0,,80.0
B001RSCRZ0,,,,,22.0
B001S46R72,174.0,,,174.0,174.0
B001SI9JC8,138.0,,,138.0,138.0
B001SYUUCK,,,,,41.0
B001SZ3K4Y,,,,,48.0
B001SZ3TIQ,,,,34.0,34.0
B001T0HH9W,,,,14.0,14.0
B001T8M9QU,,,,8.0,8.0
B001T8MA4G,,,,,1.0
B001T8MB04,3.0,,,,3.0
B001T8MBTK,,,,,6.0
B001T8OF62,1095.0,1095.0,1095.0,1095.0,1095.0
B001T8OF80,,,,,1.0
B001T8OYHW,,,,,243.0
B001T8S7SO,16250.0,16250.0,16250.0,16250.0,16250.0
B001T8UFHU,,,,,6.0
B001T8W4N8,,,,,2.0
B001T8W4W4,,,,,3.0
B001T8W4WO,8.0,,,,
B001T8W514,,,,,2.0
B001T8W5EQ,478.0,478.0,478.0,478.0,478.0
B001T8W7TE,49.0,49.0,49.0,,49.0
B001TH8MGW,,,1.0,,
B001TJQO6K,,,,,3.0
B001TJYFMK,,,8.0,8.0,
B001TK0GSQ,6.0,,,,
B001TSG056,,,76.0,76.0,76.0
B001TSPCP0,,,,,3.0
B001TVF7O8,79.0,79.0,,79.0,79.0
B001TVP7UW,,,156.0,,
B001U0OQL8,403.0,403.0,403.0,403.0,403.0
B001U3TJLC,11.0,,,,11.0
B001U3ULQY,,,,34.0,34.0
B001UHZ804,,,,,11.0
B001UKQ7DI,,9.0,,,9.0
B001UP1OLI,,,43.0,,43.0
B001V0OI4M,,,30.0,30.0,30.0
B001V9LB0C,,14.0,,,
B001V9N1KK,,,,,9.0
B001V9UYM8,,,696.0,,696.0
B001VD6PCM,,,,,9.0
B001VDFCC6,,,,,2.0
B001VDJ2AO,,5.0,,,
B001XCX9FC,,,,,14.0
B00200K6H0,,,,11.0,
B00204HB4W,,,,,2076.0
B0020C3S82,,,,8.0,
B0020C69TW,,,10.0,,10.0
B0020JD5M4,101.0,,101.0,,101.0
B0020MMCNY,,,,,29.0
B0020MMGXA,,,,3.0,
B0020MMM7U,,,,251.0,251.0
B0021LTOQC,,,5.0,,5.0
B0021OCOY8,,41.0,,41.0,41.0
B00222P0TU,,,,13.0,13.0
B0022JHNHK,,,,,74.0
B00236K9M8,,,,,2.0
B0023QX8F8,,,,24.0,24.0
B00243FMGI,5.0,,,,
B0024H2TT2,54.0,,,,
B0024H4I4Q,,394.0,,394.0,394.0
B0025AM4PC,,16.0,,16.0,16.0
B0025ZO1LW,,,,7.0,7.0
B00260HBOU,,,9.0,,9.0
B00261GWAI,,25.0,,,
B0026BZMSG,,,,,1.0
B0026EKH6A,87.0,87.0,87.0,87.0,87.0
B0026J3HBC,,,,,4.0
B0026K7FR8,,,,,1.0
B0026O4YTG,,,,,2.0
B0026PS0CM,,,,,2.0
B0026RJ4UC,38.0,,,,
B0026UD9OG,,,,9.0,9.0
B0027AJ106,1256.0,1256.0,,1256.0,1256.0
B00289E3WW,,18.0,,18.0,
B0028FMHM4,,,,,26.0
B0028LPG6W,,,26.0,,26.0
B0028QZCX4,,,,2.0,2.0
B00297UN6S,,5.0,,,
B0029F2HQY,,176.0,176.0,,176.0
B0029FNSIU,,,,1.0,
B0029RCDTI,,,,,2.0
B0029RL1K0,,,1.0,,
B0029U0Y78,,133.0,133.0,133.0,133.0
B0029Z9OUG,1677.0,1677.0,,1677.0,1677.0
B002A08M58,,,,,67.0
B002A0W3PI,664.0,664.0,664.0,664.0,664.0
B002A96V9S,42.0,42.0,,,42.0
B002ABRE06,,,2.0,,2.0
B002ACOKMU,,,3.0,,
B002AFH4TS,,,,800.0,800.0
B002AI5ULY,,,,,1.0
B002AMUGOQ,,,74.0,,
B002AR0R4U,,,,60.0,60.0
B002ATII7Q,,22.0,,,22.0
B002B8N0II,,,28.0,,
B002BABHZE,140.0,140.0,140.0,140.0,140.0
B002BD5ORS,,,,82.0,
B002BK70Y6,,,10.0,,
B002BRI3FO,,,,,620.0
B002BTY0Z4,,,,1.0,
B002BUYBIO,,,,,45.0
B002BVAKMO,13.0,,,,13.0
B002BWOXWQ,,,,,3.0
B002BYTLPI,,,,,19.0
B002BZ3770,,,,,33.0
B002C4EGJS,,,,13.0,
B002C5SJN6,,,,358.0,358.0
B002C7485C,,,,,45.0
B002C7GRTC,276.0,,276.0,276.0,276.0
B002C89MJI,13.0,,,13.0,
B002CJ3OGY,,,,,4.0
B002CL4IDU,,,,,22.0
B002CL7D3C,,,,,17.0
B002CPTPYS,486.0,486.0,486.0,,486.0
B002CRF0YA,,,,,1.0
B002CTAIJK,,,,,448.0
B002D4GBFE,,,,26.0,26.0
B002D4KAHE,9759.0,9759.0,9759.0,9759.0,9759.0
B002DMTV1M,30.0,,,,30.0
B002DP1A18,45.0,,45.0,45.0,45.0
B002DRG1YM,,5.0,,,
B002DW9662,51.0,,51.0,,51.0
B002DWFCE2,,,3.0,,
B002EUUG1M,,,,40.0,40.0
B002EX7WWU,,,17.0,,17.0
B002EZH44O,51.0,51.0,,51.0,51.0
B002F5DTOC,,,,,12.0
B002FAVO4O,,,,,11.0
B002FKDFU0,,,,3.0,
B002FRJZ4I,165.0,,165.0,165.0,165.0
B002FVXO82,,,39.0,,39.0
B002GDKU2C,2623.0,,,2623.0,2623.0
B002GP0JJY,,,,,9.0
B002GZVW40,13.0,,,,
B002H3J4M8,,,,,40.0
B002HEIGKS,72.0,72.0,,72.0,72.0
B002HHLQGQ,,,,,4.0
B002HIDQL8,,,,,2.0
B002HIJK7M,1013.0,1013.0,1013.0,1013.0,1013.0
B002HQ5YR4,,,1.0,,
B002I37TB0,6589.0,6589.0,6589.0,6589.0,6589.0
B002I37TBK,6589.0,6589.0,6589.0,6589.0,6589.0
B002I39OJK,6589.0,6589.0,6589.0,6589.0,6589.0
B002I3BLBO,6589.0,6589.0,6589.0,6589.0,6589.0
B002I68RIQ,,980.0,,980.0,980.0
B002IF3Q3S,,,,,4.0
B002IF5URI,,,,,1.0
B002IGAQU8,,,,297.0,297.0
B002IOTG9M,,,45.0,45.0,45.0
B002IPP2LW,,,3.0,,
B002IUHWQA,,,,14.0,14.0
B002IUPV54,,,,7.0,7.0
B002IVDABA,21.0,,21.0,,21.0
B002JKZNEW,519.0,519.0,,519.0,519.0
B002JNTBSS,,,,,1388.0
B002JP0SN8,,,4.0,4.0,
B002JW0BYM,,,,21.0,21.0
B002JXTZ16,,,,,14.0
B002K68I1A,,20.0,,20.0,
B002K6A7GE,7.0,,,,
B002K6H5DC,,515.0,,515.0,515.0
B002KKWVX2,,,,,2.0
B002L15WNG,,,,,233.0
B002L4G58Y,,,2.0,,
B002LDY122,,,,1.0,
B002LF8DCY,,,,,70.0
B002LHIQKQ,476.0,476.0,476.0,476.0,476.0
B002LK7DBG,,,,,4.0
B002LM5MEE,,,,,176.0
B002LMBD0G,,,,9.0,
B002LMFG22,473.0,473.0,,473.0,473.0
B002LMTPS8,26.0,,,,26.0
B002LMU2QW,,,,3.0,
B002LN1LRK,,,,260.0,260.0
B002LN4HNK,,,,,10.0
B002LN8PN8,,,,,2.0
B002LQDNGO,,,,,3.0
B002MA0GA0,,,,,21.0
B002MA229I,,,,,10.0
B002MVCWJM,53.0,,,,53.0
B002N6SBJ6,,444.0,,444.0,444.0
B002N6TY4M,,,,,476.0
B002N7RRT0,,,,,1.0
B002NCRDN0,,,,12.0,
B002OC76CW,119.0,119.0,119.0,119.0,119.0
B002OFYAB4,,,,18.0,
B002OHTOZE,3.0,,,,
B002OLYFCW,23.0,,,,23.0
B002P0XMYO,,,736.0,736.0,736.0
B002P4KNI8,1.0,,,,
B002P61GRI,,,,,5.0
B002P9EYZ6,,,,64.0,64.0
B002P9O45Q,45.0,,45.0,45.0,45.0
B002PCTS4U,,,4.0,,
B002PJUOQ4,211.0,,211.0,211.0,211.0
B002PK27R2,,,,17.0,
B002PK93F6,,,,,5.0
B002PUGH64,96.0,,,96.0,
B002Q7UU8M,87.0,,,,87.0
B002Q7WN7I,,,,161.0,161.0
B002QA77FS,38.0,38.0,38.0,38.0,38.0
B002QDZYXM,,,17.0,,
B002QO8BMC,37.0,,,37.0,37.0
B002QXS3P8,,,21.0,,21.0
B002R0976Y,,,,,19.0
B002R0PKVU,,,88.0,88.0,88.0
B002RAR0HC,,,,,33.0
B002RD72KY,52.0,,,,52.0
B002S405Y2,,5.0,,,
B002SINUOA,,,,,10.0
B002SPYL7S,583.0,,,583.0,583.0
B002SQ0RH0,,,,,3.0
B002SQ4LGI,,,1.0,,
B002SQ4O6A,,,,,3.0
B002SQ4Z14,,,,,13.0
B002SVHAPM,,,,66.0,66.0
B002SVIP06,,,,1.0,
B002SZKABY,82.0,,82.0,82.0,82.0
B002T3T2VE,,,,,19.0
B002T7486E,,,,,51.0
B002TDQP2S,,,,,262.0
B002TMXV62,,,,,15.0
B002TV5KM6,,,467.0,,
B002U75ANI,,,,,28.0
B002U888XG,,,,,1.0
B002UAV8KY,14.0,,,,14.0
B002UBVYK2,40.0,,,40.0,40.0
B002UED3XA,,,194.0,,194.0
B002UEILTQ,,,,,689.0
B002UL82DY,,,99.0,99.0,99.0
B002UNHTFE,,,141.0,,141.0
B002UOU55O,,,116.0,,116.0
B002URZUZG,,274.0,274.0,274.0,274.0
B002USC9FE,88.0,,,88.0,88.0
B002UUT3YM,266.0,266.0,266.0,266.0,266.0
B002UW9FA2,,,,3.0,3.0
B002V9C82G,,,,,2.0
B002VECJKW,119.0,,,,119.0
B002VEE8OM,,,,,563.0
B002VHSU3Y,,,,,3.0
B002VKKZU2,,,,2.0,
B002VRJC3G,,,,,3.0
B002VXBE5E,,,,52.0,52.0
B002W2BMRE,,,,1.0,
B002W2KXFG,62.0,62.0,62.0,,62.0
B002WJHK0A,,16.0,16.0,,16.0
B002WJHL68,8.0,,,,8.0
B002WRAP4A,,,,,23.0
B002WS3D98,,,,,222.0
B002XIU2BY,,,462.0,462.0,462.0
B002XO6OKG,,,,,2.0
B002XQ1R5G,,,,,10.0
B002XQ1VC0,,,,,4.0
B002XQ1Y2W,,,,7.0,
B002XQ1Y8G,,207.0,207.0,207.0,207.0
B002XWTIP6,,,2.0,,
B002XY4TGC,,,,9.0,
B002YIJUUW,,53.0,,53.0,53.0
B002YZ15ZS,,,,,115.0
B002Z6K3XQ,7.0,,,,
B002Z7FRQI,,,,,7.0
B002Z7FSDA,,8.0,,,8.0
B002Z7FSJY,,,,,22.0
B002Z7FUY2,,,81.0,81.0,81.0
B002Z7GODS,,,,,8.0
B002ZFXQG8,,,,,797.0
B002ZG9742,3.0,,,,3.0
B002ZJ1L84,,23.0,,23.0,23.0
B002ZQ3EFA,,,18.0,,
B002ZULJ76,,,,,1.0
B0030BAGNC,,,,7.0,
B0030FSGEO,,,2.0,,
B0030GMC16,,,,,18.0
B0030GOHHS,,,,,1.0
B0030I63WI,,,,1.0,
B0030ZW0MS,,,,29.0,29.0
B00312K4XW,,,,,3.0
B00314HJOM,,,,,301.0
B003156NP2,,,,,144.0
B0031H9VJ0,,,,,11.0
B0031IH5FQ,,,,,2.0
B0031IXM62,,,,5.0,
B0031LQVH6,,,,139.0,139.0
B0031VFMTE,,,,,3.0
B003297MHU,,,,,10.0
B0032C7FMY,,,,,5.0
B0032VD9S4,,,,9.0,9.0
B0032XD73Y,,,,,1.0
B003332Z9U,,,,,96.0
B0033M4YPY,,,,,14.0
B0033PSM72,111.0,111.0,,,111.0
B0033UMJNU,,,,,39.0
B0033Z8OYI,,,14.0,,
B00347BF0K,,,,,13.0
B0034C66R2,,,,,6.0
B0034K9AQ8,,,,2.0,
B0034KNXIE,65.0,65.0,,,65.0
B0034KZXJQ,,,,,1.0
B0034XCDX2,,,,,28.0
B00353X3GM,,,,,11.0
B0035R33G8,,,,,70.0
B0035RJXWG,103.0,,,,103.0
B0035TGISG,,,,,6.0
B0035Y8118,19.0,,,,
B003630JB8,,,,6.0,
B00368WM9A,,,,,2.0
B0036C73DG,,,,,1.0
B0036CQEX6,,2.0,,,
B0036FTEDA,,,,,5.0
B0036FTEIU,,,,,16.0
B0036FTF7A,715.0,715.0,,,715.0
B0036FWWNE,,,,,20.0
B0036YWDES,,,,,7.0
B0036YWF6O,,,,,11.0
B0036Z065K,21.0,,,,
B00371WMXM,,,,462.0,462.0
B00375W2GK,,,,7.0,7.0
B00375Y9IY,,,,,144.0
B003762J9E,,,,,27.0
B0037AZ2OO,,,8.0,,8.0
B0037B5G08,,18.0,,,18.0
B0037BHBME,,,,,4.0
B0037LIZK6,,,,12.0,
B0037MKHBA,,14044.0,,,14044.0
B0037ONFIK,57.0,,,,57.0
B00380HLS8,,,,,14.0
B00383R4NC,,,,640.0,640.0
B0038BC4MK,,,19.0,,
B0038CEZJE,4.0,,,,
B0038ESI40,55.0,55.0,55.0,55.0,55.0
B0038L5AZI,,,,,18.0
B00392ABS2,,,,,14.0
B00397J19M,,,,,3.0
B003981C5M,,,,,3.0
B003981CHK,237.0,237.0,,,237.0
B0039KQLAQ,,,44.0,,
B0039PD85C,,,,,9.0
B0039VYPLW,,,,,33.0
B003A8ALS0,,,,22.0,22.0
B003AJA7WO,,,,,3.0
B003ANFQVM,,,,20.0,20.0
B003ARGZQS,,,,2.0,
B003ASDVOG,,,,,4.0
B003ATF0AS,,,,,6.0
B003AVNLLG,119.0,119.0,119.0,119.0,119.0
B003AYEUUY,29.0,,29.0,29.0,
B003B2MFD4,,,,,1.0
B003B57A0Y,,,,,9.0
B003B6LKZE,,,,,26.0
B003B6ON3U,,,2.0,,
B003BMJIL6,8.0,,,,8.0
B003BMNI44,,,,,9.0
B003BQJ4Y8,,,,,8.0
B003C1V3EQ,1704.0,1704.0,1704.0,1704.0,1704.0
B003C1YFFU,20.0,,,,20.0
B003C2071A,,,83.0,,83.0
B003C2JHCU,,,,,11.0
B003C3Z42Q,,,,,28.0
B003CEBU64,,106.0,,,106.0
B003CILN3K,,,,,1.0
B003CJ0FJC,,,60.0,,60.0
B003CJ4IYK,,,,,11.0
B003COAYVG,,,,,7.0
B003CSS0MM,,,,,3.0
B003CYL3D4,26.0,,26.0,26.0,26.0
B003CZ3X0E,,,,297.0,297.0
B003D0K9RI,,,,12.0,
B003D2SJ5A,15.0,,,,
B003D6F5HQ,4372.0,4372.0,4372.0,4372.0,4372.0
B003DKU3CY,2910.0,2910.0,2910.0,2910.0,2910.0
B003DKVYSG,23.0,23.0,,23.0,23.0
B003DYE4UW,,,,,3.0
B003E0Y4GO,,,3979.0,,3979.0
B003E4NNC6,,,4.0,,
B003EAIWKI,,,297.0,297.0,297.0
B003ED9SW6,,,,,4.0
B003EDH486,29.0,,,,29.0
B003EE3A8S,,,17.0,17.0,17.0
B003EGYRP6,,,89.0,,89.0
B003ERA1NC,,67.0,,,67.0
B003EZ9BB2,,,,,13.0
B003F2N746,,,,,7.0
B003F6VJTM,,,,15.0,15.0
B003F8URW0,,,,,28.0
B003FEZ8OG,,,,218.0,218.0
B003FG6L36,,64.0,,,64.0
B003FI0VVW,,,,,77.0
B003FKZS9K,,,,,29.0
B003G4C0ZA,,,,,20.0
B003G5CXGA,,,,,117.0
B003GDBEN0,237.0,,237.0,,237.0
B003GE043U,,,,,1.0
B003GKPIIU,,,,,5.0
B003GSPFFI,,,,,3061.0
B003H16QPC,,,,,21.0
B003H2AUF8,,,,,131.0
B003H4Z1MI,,,,,31.0
B003H7Y0RW,,,,,10.0
B003H8E04Y,,,,,11.0
B003H8KDY0,,,,,32.0
B003HBDOYI,,,,,36.0
B003HLLX6E,,,,,701.0
B003HLQZ80,,,,,6.0
B003HLZ34M,,,,,7.0
B003I32A5Y,,,5.0,,
B003I37XLA,,,,,3.0
B003I9GH7A,,,,,5.0
B003IER1YS,,,,1.0,
B003ILH5C4,,,,,16.0
B003IMPTOY,,,,1.0,
B003IPA1NK,,,,,9.0
B003IPTTLA,1419.0,1419.0,1419.0,1419.0,1419.0
B003IS934A,,43.0,43.0,,43.0
B003IW5PFW,1.0,,,,
B003IWNDX8,,,,,24.0
B003IWXE8C,10.0,,,10.0,
B003J9UJIC,160.0,160.0,160.0,160.0,160.0
B003JA3KQE,407.0,407.0,407.0,407.0,407.0
B003JFJF5E,24435.0,24435.0,24435.0,24435.0,24435.0
B003JI092Y,91.0,,,91.0,91.0
B003JMYZI4,,,,,4.0
B003JN0W62,,,38.0,,
B003JN3PKC,,,,,2.0
B003JN4R9U,6589.0,6589.0,6589.0,,6589.0
B003JN5820,,,,,239.0
B003JU9I2Y,,,,,12.0
B003JYUKZE,,,,,27.0
B003JZCQIC,,,,,34.0
B003JZCQIM,,,,34.0,34.0
B003K4VC1E,,,,,9.0
B003KM4650,9.0,,,,9.0
B003KMQU3G,,,,,11.0
B003KMSBC4,,,,,11.0
B003KPG5J2,,,16.0,,
B003KRAZN2,,1.0,,,
B003KUXL58,11.0,,,,11.0
B003L4QWYK,,,,,603.0
B003LHJNFM,,,,,1.0
B003LJMJSS,,,,,41.0
B003LO7T24,,,,,3.0
B003LSKCOM,,,,,17.0
B003MRLTTY,,,,38.0,38.0
B003MRXMGC,,31.0,,,31.0
B003MXEHVA,,,,27.0,27.0
B003N0CKJ8,232.0,,,232.0,232.0
B003N3VS1G,1.0,,,,
B003N3W15S,6.0,,,,
B003N8CYGO,,,18.0,,
B003N9PNQG,,,,,111.0
B003NE7KXA,,,,,3.0
B003NLXDI4,9541.0,9541.0,9541.0,9541.0,9541.0
B003NOBRNY,,,,,1.0
B003NQJ78Y,,,,,5.0
B003NTMV52,,,,1.0,
B003NVCMEU,59.0,,,59.0,59.0
B003NYBXNS,,,,,9.0
B003O4I2WW,,,,,13.0
B003O5X94C,,,2.0,,
B003O6E3W8,,,,,1.0
B003O7U0N8,,,,,25.0
B003OG3CXO,116.0,,,,116.0
B003OO3BLY,,,,4.0,
B003OQUFSY,,,,,2.0
B003OQUFTI,,,,,3.0
B003OXY948,,,,29.0,29.0
B003P10Z0G,,,,,12.0
B003PCONCQ,,,,,5.0
B003PJZRGA,,,248.0,,248.0
B003Q1K4N8,,,95.0,,
B003Q6TC6I,322.0,322.0,322.0,322.0,322.0
B003Q95M4Q,,,,,9.0
B003QLM12A,,,,52.0,52.0
B003QRLKEO,,,,16.0,
B003QTNHCU,,,,,14.0
B003R2UA26,25.0,,,,25.0
B003RA24S6,,,,,2.0
B003RBQZKS,97.0,97.0,97.0,97.0,97.0
B003RIAGZQ,,,,,26.0
B003RPP582,,,162.0,,162.0
B003RV2K98,67.0,,,,67.0
B003RY2EU0,,,,,20.0
B003S6CVIC,1770.0,1770.0,1770.0,1770.0,1770.0
B003SC5DTU,,,23.0,,23.0
B003SD9JTO,,,,11.0,11.0
B003SKKZZ4,,,,,2.0
B003STQ25C,8.0,,,,8.0
B003SWZOK8,,,,,453.0
B003SZ2LO2,,,,,12.0
B003SZY35C,,,7.0,,
B003T2RLTY,,,61.0,61.0,61.0
B003TDZFVE,77.0,,77.0,77.0,77.0
B003THX986,,,,2.0,
B003TJCAPM,92.0,,,,92.0
B003TJDZKG,368.0,,368.0,,368.0
B003TJG6CK,,41.0,41.0,,41.0
B003TJI3EO,103.0,103.0,103.0,103.0,103.0
B003TO9NPM,,,,57.0,57.0
B003TV2TGK,,,,,73.0
B003TZ94UK,,16250.0,16250.0,16250.0,16250.0
B003U8CWE6,,,,53.0,
B003UBFRZO,,,,,15.0
B003UE612Y,,,,81.0,81.0
B003UNA0E0,,,7.0,,
B003UNA0HC,32.0,,,,32.0
B003UOVWYG,,,57.0,57.0,57.0
B003UOWVQY,10.0,,,,
B003UYW4MK,,,,,31.0
B003UYXSLG,,,,,80.0
B003V32UDI,250.0,250.0,250.0,250.0,250.0
B003V733SK,,,,,5.0
B003VDCC8Q,,,,,7.0
B003VFUI58,,,,13.0,
B003VI3LSG,,,,,2.0
B003VKZSL2,,,,,22.0
B003VPQUPU,,,,1.0,
B003VQOOLQ,,,,,58.0
B003VULKCS,,,,,1.0
B003W4YR50,,,,,16.0
B003WBYSTI,,,19.0,,19.0
B003WGMD8G,,,,,2.0
B003WWL5QG,,,62.0,62.0,62.0
B003X3XYTU,,,,,1.0
B003X62HS6,,,,,31.0
B003XA2GMY,,,,,15.0
B003XA2GTW,,,4.0,,
B003XEFOPQ,2132.0,,,2132.0,2132.0
B003XGLB38,,,,105.0,105.0
B003XL0VHU,,,,,17.0
B003XL6QOW,,,,,227.0
B003XN8PB2,,,,,2.0
B003XNLXK2,12.0,,12.0,12.0,12.0
B003XP0JIW,94.0,,94.0,,94.0
B003XP9KN2,,,,,10.0
B003XR9D7S,208.0,,208.0,208.0,208.0
B003XUB4P4,,184.0,,,184.0
B003Y0G2TG,55.0,55.0,55.0,55.0,55.0
B003Y54QB2,206.0,,206.0,206.0,206.0
B003Y57G7I,455.0,455.0,455.0,455.0,455.0
B003YC67LW,156.0,156.0,,,156.0
B003YDOL7S,85.0,,,85.0,85.0
B003YDV3Y2,,84.0,,84.0,84.0
B003YHLLEU,,,,,4.0
B003YJ8N08,,,,,779.0
B003YJCK2U,,,,226.0,226.0
B003YQ1UW4,,,,,277.0
B003YQ3OIM,,,,,2.0
B003YQ3XHE,,,,4.0,4.0
B003YQ5DY0,,,75.0,75.0,75.0
B003YUVMT6,19.0,,,,19.0
B003Z0JOD6,48.0,48.0,,48.0,48.0
B003Z9308M,775.0,,775.0,775.0,775.0
B003ZA6UH4,,,,,31.0
B003ZJIXZC,48.0,,,,48.0
B003ZP6N12,,,28.0,,
B003ZS8ME0,,,,,35.0
B003ZSJKZA,,3.0,,,3.0
B003ZSLQE8,,,,1.0,
B003ZW7INW,,,,13.0,
B003ZX2IYA,,,,,3.0
B00406JJ84,131.0,,,,131.0
B0040B631A,11.0,,,11.0,
B0040DDO38,,,,7.0,7.0
B0040E35LI,,2.0,,,
B0040KTL06,,,,1.0,
B0040LYG4G,,,1.0,,
B0040QF3ES,,,,,11.0
B0040URTFU,,9.0,,,
B0040VUQ2C,,,,,169.0
B00411R3LS,,,,,7.0
B00414G0YQ,,,,,6.0
B0041555MI,,,,,68.0
B00415AF9G,15.0,,,,
B0041FMKP8,48.0,,,48.0,48.0
B0041FSSB8,,,18.0,,
B0041M3M6M,,,,21.0,21.0
B0041O8XK0,,,,,31.0
B0041TBQMW,,,,,100.0
B0041TD7A6,,,,156.0,156.0
B0041U1W5C,,,2.0,,
B0041U2ZAS,,,262.0,262.0,262.0
B0041VJ2BW,,,,54.0,54.0
B00425ECYY,,30.0,,,30.0
B0042819A6,,,50.0,50.0,50.0
B0042DFATW,,,,,9.0
B0042IPOWK,,,,,20.0
B0042SLYGU,,,2.0,,
B0042T4LIC,,,,,2.0
B00430OKZO,,,6.0,,6.0
B00431I4SM,,,18.0,,18.0
B00435KZCQ,,,,1.0,
B00435O4VE,,,,,3.0
B00435X582,,,,,7.0
B00438A000,,,,,101.0
B0043C7ELO,,,,,13.0
B0043F6NAO,66.0,66.0,,66.0,66.0
B0043R52KO,268.0,,,,268.0
B0043WADB2,,,,,593.0
B00442VT9Q,,,66.0,66.0,66.0
B004490L2K,1.0,,,,
B0044938JI,,,,,13.0
B0044B5UF6,,,,371.0,371.0
B0044EDC7Q,15.0,15.0,,15.0,15.0
B0044JKV0C,,,,,2.0
B0044MHUT4,,,,,1.0
B0044Q4KPC,,,4.0,,
B0044TIP0K,294.0,294.0,294.0,294.0,294.0
B0044XKASQ,,,,,5.0
B00450NG52,,,,,16.0
B00451EA1A,,,,,14.0
B0045HWN22,76.0,76.0,76.0,76.0,76.0
B0045KB7KI,,,,,1.0
B0045KI9VS,,,,,8.0
B0045LUGH2,,,,,92.0
B0045U6EDS,3.0,,,,3.0
B004669IRK,,,,,21.0
B004669J9C,,,,,3.0
B00468IR0W,,,,,93.0
B0046A6T14,,,19.0,,
B0046DE6C0,3.0,,,,
B0046LEA0A,,213.0,,213.0,213.0
B0046Q90LY,,,,13.0,13.0
B004718000,,,,,3.0
B00471DLUE,,,,,8.0
B00474JDJE,,,,,1688.0
B00475GQ6Q,79.0,,,79.0,79.0
B0047HB81M,,,,,3.0
B0047HX04A,117.0,,117.0,,117.0
B0047HXKV8,,,,,3.0
B0047I0SWQ,,23.0,,,23.0
B0047JOM7W,,,,,21.0
B0047NLBCW,,,,,36.0
B0047PVX64,,,,,3.0
B0047W1XU8,,,,1665.0,
B0047X6DZM,,,,,68.0
B00480HS9O,497.0,497.0,497.0,497.0,497.0
B0048WXWPQ,,156.0,,,
B00497JPK6,,,,1.0,
B00497Z6JU,,,,,10.0
B0049BJ3U4,,13.0,,13.0,
B0049POUXA,54.0,54.0,,,54.0
B0049SBMZG,,,,,28.0
B0049XLVCA,,,5.0,,5.0
B0049ZIVNK,,,,,28.0
B004A2BSGE,,,,,37.0
B004A2BZEO,,,,,44.0
B004A7OVBI,317.0,317.0,317.0,317.0,317.0
B004AC6UMG,,187.0,187.0,187.0,187.0
B004AQAVUY,,,,2.0,
B004ASHR2C,,,,,14.0
B004ATCD3O,,,,,8.0
B004AWOPHI,,,,4.0,
B004B0CTVS,,,,6.0,
B004B9C8MO,,,,,74.0
B004BCVBYM,,,,,3.0
B004BCX8NY,,,,66.0,66.0
B004BCZHJW,236.0,236.0,236.0,236.0,236.0
B004BGDBU0,,,,,3.0
B004BL2DHC,,,,,43.0
B004BM3R0I,,,,,4.0
B004BOYTFI,49.0,,49.0,,49.0
B004BRJOU0,,,5.0,,
B004BRN154,205.0,,,205.0,205.0
B004BRS36G,178.0,,,178.0,178.0
B004BTWM7U,,,,,8.0
B004C1148K,75.0,75.0,75.0,75.0,75.0
B004C1YB4O,,,,,36.0
B004C2COAG,,,,,1.0
B004C380X0,,,98.0,98.0,98.0
B004C4PY8S,,,,1.0,
B004C6O9FK,134.0,,134.0,134.0,134.0
B004C8ON2W,,,,,31.0
B004CCP6LU,,,,,28.0
B004CDRVB2,2987.0,2987.0,2987.0,2987.0,2987.0
B004CHNKI6,,,,,3.0
B004CZ3V8W,,79.0,79.0,79.0,79.0
B004D1UI22,,,17.0,17.0,
B004D2812U,,,,19.0,
B004D2C5Z4,,,,,19.0
B004D2QJD8,45.0,,45.0,45.0,45.0
B004D58RBC,,,,,213.0
B004D59YWI,,,10.0,,10.0
B004D8E04M,,,,,365.0
B004D9RN0O,,,,,2.0
B004DB8NT2,,,8.0,,
B004DBUAOS,,580.0,580.0,580.0,580.0
B004DIVZIG,,,2.0,,
B004DIXWXC,,,,3.0,
B004DJUHMA,28.0,28.0,28.0,28.0,
B004DK79FW,,,,,10.0
B004DK8X2U,,,,,156.0
B004DN8F7K,456.0,456.0,456.0,456.0,456.0
B004DPBPK2,,,,43.0,
B004E039TQ,,,,,9.0
B004E2RM1A,198.0,,,198.0,198.0
B004E870WK,,,,,1.0
B004EHM9AY,,,,,17.0
B004EKH5XM,,,,,781.0
B004ETET4Q,,,,,7.0
B004F590XO,,,1.0,,
B004F949HM,,,,,4.0
B004FCZL7Q,161.0,161.0,161.0,161.0,161.0
B004FF9W3C,,,,,10.0
B004FFVUU0,,,,,21.0
B004FJZDPO,,,,23.0,
B004FK23SS,,,63.0,,63.0
B004FK5WN6,,359.0,,,359.0
B004FMAKXG,,,6.0,,
B004FNZ1QG,,19.0,,19.0,
B004FQK68Q,,,,,4.0
B004FQRXK0,425.0,425.0,,425.0,425.0
B004FRP8CO,229.0,229.0,229.0,229.0,229.0
B004FT2QJU,,,,,28.0
B004G37OW4,,,,,1.0
B004G49I1I,,,,52.0,52.0
B004G7T8LU,1964.0,1964.0,1964.0,1964.0,1964.0
B004G9UM6I,,,,123.0,
B004GBG4D6,,,,,12.0
B004GG4EVA,2608.0,2608.0,2608.0,2608.0,2608.0
B004GG9FFA,202.0,,,,
B004GJ0V2I,21.0,,,,21.0
B004GRQ26Y,,25.0,,,25.0
B004GTNW1U,,,,636.0,636.0
B004GV8H7C,4028.0,4028.0,4028.0,4028.0,4028.0
B004GX9NJ6,,,,328.0,328.0
B004GZPEM4,,84.0,,,84.0
B004H6WAQK,,2.0,,,
B004HGTTHI,,,,46.0,
B004HHJ8B4,,,,,6.0
B004HJ73GY,,,,,1.0
B004HPQP1C,,,,381.0,381.0
B004HQDK96,,1.0,,,
B004HQR6U0,66.0,66.0,66.0,,
B004HU20NO,3.0,,,,
B004I3PDA2,,,,,16.0
B004I3X994,,,3.0,,
B004I8NJGM,5.0,,,,
B004IGP8R2,,,,8.0,
B004IIY5RY,,,437.0,,437.0
B004IT3A6K,,,,37.0,37.0
B004ITBIFA,20.0,,20.0,,
B004IW9426,,,18.0,18.0,18.0
B004J2R4IG,,2471.0,,2471.0,2471.0
B004J40B8E,,,,,269.0
B004J9J05E,,,,,1.0
B004JFO01W,22.0,,,,22.0
B004JLBBYA,,,,,40.0
B004JTOBB2,464.0,,464.0,464.0,464.0
B004JYPO2M,433.0,433.0,,433.0,433.0
B004K0CRIY,183.0,183.0,,183.0,183.0
B004K2LOFE,,,,,12.0
B004K3PBAC,351.0,351.0,351.0,,351.0
B004K4IR4I,,,,,14.0
B004K9AZFM,,,,,2.0
B004KCMMJ6,,6.0,,,6.0
B004KEQGTQ,,,,,139.0
B004KEQLF0,,,,,1.0
B004KF1B0E,,,,51.0,51.0
B004KGM05S,,,,,10.0
B004KL89XK,,,,,15.0
B004KP210I,,,,,21.0
B004KRYM9O,,172.0,,172.0,172.0
B004KRYP7I,151.0,151.0,,151.0,151.0
B004L04Z56,,,,,11.0
B004L0AJQ0,,,,,9.0
B004L0OSWG,,,,,25.0
B004L23D8O,,,,7.0,7.0
B004L5J36C,,,,,1.0
B004L5VLJO,6.0,,,,
B004LA6JGO,,,,4.0,
B004LEWUW2,,,33.0,33.0,33.0
B004LQ2GOM,,,,219.0,219.0
B004LRR3V2,4776.0,,,,4776.0
B004LXHF14,,,,,9.0
B004LXHPRI,,56.0,56.0,56.0,56.0
B004LXHQ7W,,,27.0,,27.0
B004LXMLH2,308.0,308.0,308.0,308.0,308.0
B004LXOO4A,,,,,6.0
B004MCMYQA,6.0,,,,
B004MGXPQO,,,5.0,,
B004MJELGY,,,,1.0,
B004MKI1UA,38.0,,,38.0,
B004MKMHIW,43.0,43.0,43.0,43.0,43.0
B004MKMHPA,44.0,44.0,,,44.0
B004MNDFV2,,,,,3.0
B004MOF8ES,29.0,,,,
B004MTLGO4,,,,,2.0
B004MUNJH0,,18.0,,,18.0
B004MYAZFK,,,,,2.0
B004MZSCXQ,,110.0,,110.0,110.0
B004N1QRIQ,,,,,7.0
B004N2IL4I,,,,8.0,8.0
B004N2OO5I,,,,,123.0
B004N9XUL0,,,,,3.0
B004NHVTRO,,,,,2.0
B004NLVEIY,,24.0,,,24.0
B004NNA15Y,,,,43.0,
B004NVT580,,,2.0,,
B004NXZFDC,,,,,19.0
B004NZ8JLA,396.0,396.0,396.0,396.0,396.0
B004O3BUYY,,,,3.0,
B004O96N2M,,,3.0,,
B004O9EHMU,,,,,52.0
B004ODB87S,,,,,76.0
B004OG7WPW,,,2.0,,2.0
B004OJFTCC,,,,,2.0
B004OJU968,135.0,,135.0,135.0,135.0
B004OK9Y7C,,,,,33.0
B004OLSROM,,,,,14.0
B004OM43CG,,,,,3.0
B004OOQGN8,6.0,,6.0,,
B004P0HMPW,18.0,,,,
B004PEKOMQ,,,,,5.0
B004PP6OQU,,,,,1.0
B004PTK0HU,,,4.0,,
B004Q1FD6A,,,2.0,,
B004Q72Q6E,,,,5.0,
B004QB52K2,,,,,58.0
B004QEAJYS,,,,9.0,
B004QEI1X4,,,,,4.0
B004QF0938,,,,,919.0
B004QKBIEW,,69.0,69.0,69.0,69.0
B004QLOFTG,423.0,423.0,423.0,423.0,423.0
B004QMNCYY,,,,,10.0
B004QRYRHU,98.0,,,,
B004QTYO62,,,1.0,,
B004R7NK36,,,32.0,,
B004RAWXKO,20.0,,,20.0,20.0
B004RDMLCG,,,,,1.0
B004RINSZK,,,,,2.0
B004RLU1O8,,,,25.0,
B004S03FFU,4.0,,,,4.0
B004S8ABRW,,,,,4.0
B004S8N1OM,,,,,13.0
B004SCNFOY,,,,,44.0
B004SE8KH4,,,,,17.0
B004SG1VNC,,,,,9.0
B004SGKG5G,,,,17.0,17.0
B004SPAADK,11.0,,,,11.0
B004SU88CU,411.0,411.0,411.0,411.0,411.0
B004SUI5LE,1.0,,,,
B004SUXMF8,,,,6.0,
B004T0X036,,,,367.0,367.0
B004T3ZNBU,,12.0,,12.0,
B004T76IHY,,,,,1.0
B004TBCGFI,,,12.0,,12.0
B004TLJHTG,,,,12.0,12.0
B004TLKFB0,,,,,5.0
B004TMDV0Q,,,,,19.0
B004TPNMDO,,2.0,,,2.0
B004TQNO5Y,,,,,46.0
B004TXCUP2,,,,,2.0
B004TZKLRO,,,,,30.0
B004U2VHN8,,,,,7.0
B004UA2SF6,,,99.0,99.0,99.0
B004UAGKIM,,2.0,,,
B004UBTKNI,,,,,2.0
B004UD9EGY,,88.0,88.0,88.0,88.0
B004UDBC9G,7.0,,,,
B004UGQW48,21.0,,21.0,,21.0
B004UGUK6E,,,,,4.0
B004UJ00TI,,,,,7.0
B004UKENP4,,,10.0,10.0,10.0
B004UNH29U,,,28.0,28.0,28.0
B004URVSQY,,,,,3.0
B004V2OLCG,,5.0,,,
B004V6BZ9O,,,,,11.0
B004V8VD3A,,,,3.0,
B004V90KHY,1.0,,,,
B004V928GA,138.0,138.0,138.0,138.0,138.0
B004VAWJ8G,,24.0,24.0,,24.0
B004VD0V4W,,,,,11.0
B004VHNJ92,,,,,6.0
B004VJ2MWK,,,,,4.0
B004VTUOZW,,275.0,275.0,275.0,275.0
B004VTX1M0,1709.0,,,,
B004W0E6YU,3.0,,,,3.0
B004W3T6U6,14.0,,,,14.0
B004W8Z3IK,554.0,,,554.0,554.0
B004W9AUNC,,,4060.0,,4060.0
B004WKHOBW,,,84.0,84.0,84.0
B004WLCUMO,,,,10.0,
B004WS95AM,,,,,14549.0
B004WXGQ0E,,,,,11.0
B004WYAB6S,,,,,3.0
B004X6OXBY,,,,,1.0
B004X75IVW,,,,47.0,47.0
B004X8L1NA,,,,,98.0
B004X8P5TG,,,,52.0,52.0
B004X9BSX2,,,,37.0,37.0
B004XAY036,306.0,,306.0,306.0,306.0
B004XJNWIG,,,,6.0,6.0
B004XJO6EU,,,,7.0,
B004XJOALY,,,,,19.0
B004XNIR1E,138.0,138.0,138.0,138.0,138.0
B004XNKI9S,,,,,47.0
B004XOM4PS,15.0,15.0,,,15.0
B004XRS7VK,,,,,10.0
B004XSK6U4,22.0,,,,
B004XTTD1G,,,,16.0,
B004Y6AG5K,,,,34.0,
B004Y6YTBM,,,,,11.0
B004Y7K17M,,,,,3.0
B004Y9D90Q,779.0,779.0,779.0,779.0,779.0
B004YATNKA,,,,,26.0
B004YDTM9Y,,,,,6.0
B004YHT8ZS,101.0,,,101.0,101.0
B004YMRBPC,,,,,5.0
B004YR24JA,,,,,4.0
B004YT5S0A,,,,,3.0
B004YZCBVI,,,,,2.0
B004Z6PXB6,55.0,55.0,,55.0,55.0
B004ZADL8E,,,,,2.0
B004ZBT43Y,110.0,,110.0,,
B004ZD2M7W,,,,,15.0
B004ZNFAQ2,,,5.0,5.0,
B004ZPZ6SM,,,,,17.0
B004ZQ9LNC,,,,,25.0
B004ZQXNJU,216.0,,,,216.0
B004ZUCE9G,,,,,7.0
B0050256YS,,,,,31.0
B00505Q1NK,,,,22.0,
B00505YSF8,,,,,1.0
B00506YY0G,,,1.0,,
B0050CS1MM,,,,3.0,
B0050HFR24,,,,,68.0
B0050L7RUU,,,80.0,80.0,80.0
B0050QI38A,,,,,48.0
B0050WWHB8,,,,,12.0
B0050ZJ98E,,,,,12.0
B0050ZNF5M,17.0,,17.0,,17.0
B005138GA2,,,,,3.0
B00518N0GC,,,,,8.0
B005192KVW,,,,13.0,
B0051B6K3Y,,,,,67.0
B0051OL01S,,,,,18.0
B0051TPXBG,2.0,,,,
B0051UVAGM,,,,5.0,
B0051WSXIS,,,,,1.0
B00520I5NW,,,,,4.0
B0052333E0,,,,,13.0
B00524U54K,,,155.0,155.0,155.0
B00527TUY8,,,37.0,37.0,
B0052ESNVC,,,,,36.0
B0052GZ28C,218.0,,,218.0,218.0
B0052OTAZA,,,,,58.0
B0052OTT1K,,,,12.0,
B0052P0H9C,,,,,28.0
B0052P1BGU,290.0,290.0,,290.0,290.0
B0052Z93CO,,,,,4.0
B0053GF6M8,715.0,715.0,715.0,715.0,715.0
B0053H9GSC,,,,,2.0
B0053P77IK,,,,,25.0
B005428M0E,,,,,23.0
B0054H38OY,,,,2.0,
B0054JRKVY,152.0,,,,
B0054KHS6K,,88.0,,88.0,
B0054KJRNM,,,,,25.0
B0054RQ9IQ,,,,,15.0
B0054Y2FVE,,,,,27.0
B0054Y45T4,458.0,,,458.0,458.0
B0055BR1II,,,,,9.0
B0055KWK08,,,,32.0,
B0055LT3VG,,7.0,7.0,,
B0055OEO08,6.0,,,,6.0
B0055TGX2U,48.0,,,,
B0055UUM3A,,,53.0,,53.0
B0056B2M2W,172.0,,172.0,172.0,172.0
B0056GOHN4,,,126.0,126.0,126.0
B0057HLJQU,,,33.0,33.0,33.0
B0057QTSGO,,,,,38.0
B0057WY106,,,3.0,,
B0057XS9WQ,209.0,,,,209.0
B0057YFR7A,,,,,1.0
B00580HXMU,,,,,2.0
B0058DUW4I,39.0,,,39.0,39.0
B0058OYY6Y,,,,,12.0
B0058Y193K,,,,18.0,
B0058Z8NHY,208.0,,208.0,,208.0
B0058ZX93W,,,,,8.0
B00595GLCM,,21.0,,,
B00597AEPK,,,,,24.0
B00597ZP0Y,,,33.0,33.0,33.0
B0059RGIQY,,,,,11.0
B005AA86DI,270.0,,,270.0,270.0
B005ABAF3Q,,,,,227.0
B005AJ9OLW,107.0,,107.0,107.0,107.0
B005AL32SQ,,,1.0,,
B005ASLQM8,,,,4.0,
B005AU4182,,,,,1.0
B005AYBAIM,170.0,170.0,170.0,170.0,170.0
B005B0ZPGI,24.0,,,,24.0
B005B53LQ4,,2550.0,,,2550.0
B005B5CASY,2550.0,,,,2550.0
B005B5FQQM,,2550.0,2550.0,2550.0,2550.0
B005BE762K,,,,,1.0
B005BIRU1I,,,,,2.0
B005BT9PVU,,,,4.0,
B005C8KU5K,,,,,4.0
B005CD3MHI,,,,,7.0
B005CLKSSQ,7.0,,,,7.0
B005CLL81W,,,,,1.0
B005CSYVRI,16250.0,,,16250.0,16250.0
B005CV1XBM,,,,,13.0
B005CWKQ78,,,,2.0,
B005DDIN0I,,,,,21.0
B005DJ4O2I,,35.0,,35.0,35.0
B005DKK598,,,,,2.0
B005DMZJEC,,,,,114.0
B005DN2FRU,,,,,15.0
B005DO1LM4,,,8.0,,
B005DOLH4Q,,,7.0,7.0,
B005DU2RPI,,,,,12.0
B005DYJS4C,195.0,195.0,195.0,195.0,195.0
B005E027JI,,9.0,,,
B005E4X58G,,,,139.0,139.0
B005E6CNL4,,,,,2.0
B005ECBR9C,,,,,1.0
B005EFV41K,,,,,4.0
B005ELQNCO,,,,,21.0
B005EO9ICS,,,,414.0,414.0
B005EPLIJS,,,,,1.0
B005ET1QPU,,,5.0,5.0,
B005EVCIC8,,,19.0,,
B005EYSOBO,,42.0,,,42.0
B005EZB5XW,,,,21.0,
B005EZIWYW,,,,,1.0
B005F1R69W,,,,,1.0
B005F7PHMY,,,7.0,,
B005FC7J0M,,,,,151.0
B005FCBH2I,,,,2.0,
B005FCDLBI,16.0,,,,
B005FCUC2E,,,,,3.0
B005FCW0OC,,34.0,,,34.0
B005FCXTGK,13.0,,,13.0,13.0
B005FJQQMC,890.0,,890.0,890.0,890.0
B005FLP89W,12.0,,,12.0,
B005FLT37K,248.0,248.0,248.0,,248.0
B005FN215O,78.0,,,78.0,78.0
B005FO055G,13.0,,,,
B005FPN0AC,,,,,3.0
B005FSY3BO,,,,,1.0
B005FT3I6Y,,389.0,389.0,,389.0
B005FU08L6,,,,,11.0
B005FVV4AO,,,,,1.0
B005FY5MF4,,,,,155.0
B005G0ZO7I,,,,,4.0
B005G4RTJ0,,,,2.0,2.0
B005G801DW,,,,,60.0
B005GA1H06,,,,,79.0
B005GBWCKY,39.0,,,,39.0
B005GH3ZEK,,,,,11.0
B005GHGGIM,,,,14.0,14.0
B005GMXJZ0,,,,,3.0
B005GNTFWU,,,,,4.0
B005GQUMAQ,,,20.0,20.0,20.0
B005GTSVA6,,,,,93.0
B005GTUE38,,,,,14.0
B005GUQ4CM,515.0,515.0,,515.0,515.0
B005GUSKWO,,,,,80.0
B005H1541C,542.0,542.0,542.0,542.0,542.0
B005H44C3A,1397.0,1397.0,1397.0,1397.0,1397.0
B005HG8YGY,,,,22.0,22.0
B005HGAVMY,,,5.0,,
B005HONHAO,,515.0,515.0,515.0,515.0
B005HR7Q6M,,,,101.0,101.0
B005HTO2YE,,,,,2.0
B005HXDEK8,,,,,8.0
B005HXLIPQ,,,,,32.0
B005HXRNXM,,,,,4.0
B005HYLQA2,,,,,136.0
B005HYUZ0Y,,,,,1.0
B005IDIQGO,,,,,15.0
B005IHEB3M,,,67.0,67.0,67.0
B005IL0Q64,,,,77.0,
B005IMHBA2,16250.0,,,16250.0,16250.0
B005IMYU74,61.0,,,,61.0
B005IQ2IO2,,,,,5025.0
B005IR3K20,,,,17.0,17.0
B005IUKUAC,332.0,332.0,332.0,332.0,332.0
B005IUTJEK,12.0,,,12.0,12.0
B005IUXK9K,108.0,108.0,108.0,,108.0
B005IVZG0A,,,,8.0,
B005IW7EZY,,,,,4.0
B005IZKY8U,,,,,4.0
B005J1ATIS,,,1.0,,
B005J5HDDS,1.0,,,,
B005J6JJJS,3.0,,,,
B005J6MTB8,33.0,,,,33.0
B005JD4NKG,2.0,,,,
B005JK3CQK,,,154.0,154.0,154.0
B005JNVWBO,,,,,62.0
B005K846IO,,,,26.0,
B005KCV6J2,,,,,47.0
B005KCVB1A,,,,,6.0
B005KD6IMG,52.0,,,,52.0
B005KD6J5C,,,,,45.0
B005KJ3LPW,,,39.0,,
B005KM0IZK,,,,36.0,36.0
B005KQAS3I,,,,,15.0
B005LDBS34,,,,,8.0
B005LY4V28,86.0,,,,86.0
B005M2XHBK,2074.0,,2074.0,2074.0,2074.0
B005M93F60,,,,,5.0
B005MH68R0,,,,93.0,93.0
B005MJU1BC,,,,,2.0
B005MJVCME,,,1.0,,
B005MKEAJ0,,,,14.0,14.0
B005ML8VXA,,,,,57.0
B005MQ2456,,,,,26.0
B005MUA198,,,,,2.0
B005MXV676,,,,,1.0
B005MZ24QQ,,,,62.0,62.0
B005NDN2D6,,,,,17.0
B005NIC8SG,,,,,74.0
B005NISZF6,,,,,3.0
B005NIT3P2,,,70.0,,70.0
B005NIT7A8,,,,174.0,174.0
B005O7LB8Y,,,,,22.0
B005OB7EOK,,,,,23.0
B005OBBATK,1286.0,1286.0,1286.0,1286.0,1286.0
B005OL64P0,,,,,2.0
B005OTEL5W,,,,,135.0
B005OZHG5I,,8.0,,,8.0
B005P0GMKM,,,,,4.0
B005P0GY9Q,,,,,1070.0
B005P0OAJM,,,3.0,,
B005P0ULZ4,,,,,22.0
B005P0WGG6,59.0,,,59.0,59.0
B005P0WO0Y,,,,10.0,10.0
B005P4WV7G,,,,4.0,
B005P5LSMY,,,297.0,,
B005P965A0,,,,,58.0
B005PJXWLK,,,1459.0,1459.0,1459.0
B005PNDGE4,4.0,,,,
B005PPRPRG,13.0,,13.0,,
B005PPRRRE,,,11.0,,11.0
B005PR0MX8,,,,,3.0
B005PR13A4,,,,22.0,
B005Q20340,,,,,1.0
B005QDO55M,8.0,,,,
B005QZKOIM,,29.0,,,29.0
B005R1XV58,,,,,12.0
B005R5JPKO,,11.0,,,
B005S3POH8,,,,,3.0
B005SRL3VK,2.0,,,,
B005SVA8NA,6.0,,,6.0,
B005SWW242,,,67.0,67.0,67.0
B005T427JE,,,,,169.0
B005T4H6NQ,,,,,4.0
B005TVHNSM,,2.0,,,
B005TWTVM2,,,15.0,,15.0
B005U55HLW,5.0,,,,
B005U5GGGC,,,9.0,,
B005U8C8QG,,,,,1.0
B005UE1WPS,,,,,8.0
B005UHS3YS,,59.0,59.0,59.0,59.0
B005V0S2NQ,,,,,1.0
B005VBA4RC,,,,,11.0
B005VEDXI6,,,,19.0,19.0
B005VGUKBC,,,,73.0,73.0
B005W45Q9E,,,,,1.0
B005W4632S,,,,13.0,13.0
B005W5FDNW,,2.0,,,
B005WVIHUC,,,,,21.0
B005X5GHH2,,,10.0,,10.0
B005X7J6R8,,,,,49.0
B005XGNAEY,9.0,,9.0,9.0,9.0
B005XHCHQ0,,,,46.0,46.0
B005XOH4RU,,14.0,,,
B005XS6OT0,3069.0,,,3069.0,3069.0
B005Z22ZNI,,,,,8.0
B005Z5L0WC,,,,,5.0
B005ZHBZCU,,,,,1.0
B005ZI94OA,,,,,3.0
B005ZIGGBE,,,,,9.0
B005ZQ8HPE,,103.0,,,
B005ZSHY0G,,,,,7.0
B0060EWSTG,97.0,97.0,,97.0,97.0
B0060GKXOG,,496.0,,,496.0
B0060L1G1A,,14.0,,,14.0
B0061LZ9RG,,,,,1.0
B0061S501E,7.0,,,,
B0061WFXMQ,,,,37.0,37.0
B00620R0OQ,,,3.0,,
B00620VSGC,,,,,11.0
B00621OYPI,,,,,80.0
B0062CZDDE,,,,,34.0
B0062JUJVI,,,,,9.0
B0062RMMVA,,482.0,482.0,482.0,482.0
B0062T2FYM,,,,,1.0
B0062ZI982,,,,,3.0
B0063063I4,,,85.0,,
B00633SK5K,1.0,,,,
B0063IHXQC,58.0,58.0,58.0,58.0,58.0
B0063KD01W,,,,,17.0
B0063S9ZPY,,,,,28.0
B0063SF9HM,,,173.0,,
B0063SN0VE,173.0,,,,
B0063TWR4E,,,,,21.0
B0063WRJ8U,,,17.0,17.0,17.0
B0063XMW2W,2.0,,,,
B006425EE0,,,4.0,,
B00646C8U4,,,,,55.0
B0064FH3FA,,,,,1650.0
B0064PLPHM,,,,,1.0
B0064TOT8K,,,,,10.0
B0064TPMIQ,260.0,,260.0,260.0,260.0
B0064VND44,,,,,2.0
B0064ZK3J8,,,,,1.0
B006535TRK,,,,,1.0
B0065JM84G,,,,,30.0
B0065LPBGQ,,,,,31.0
B0065RZUK2,,,,,37.0
B0066NBIYW,261.0,,261.0,261.0,261.0
B0066SMB84,12.0,,,,12.0
B0066XZQ2C,9.0,,,,
B0067JF8CI,4971.0,4971.0,4971.0,4971.0,4971.0
B00685H39C,51.0,,,,
B00686SRUU,,,,13.0,13.0
B00687SWTA,,,,2.0,2.0
B0068N4SDI,,,,,6.0
B0068TP0DY,,,,,29.0
B0068UBMP8,,,,,11.0
B006991MPS,,,,,8.0
B00699J7KK,266.0,,266.0,,266.0
B0069AO5DI,,,,,5.0
B0069FDR96,3052.0,3052.0,3052.0,3052.0,3052.0
B0069T172G,,,,,1.0
B0069U22RO,,,,,10.0
B0069VGCZ6,,47.0,,47.0,47.0
B006A3VGKY,,13.0,,,
B006A9WQ1Q,,,,,9.0
B006BA7IR6,,,,,3.0
B006CVXR10,31854.0,31854.0,31854.0,31854.0,31854.0
B006DIASSM,,,,79.0,79.0
B006EB3WEU,,,,13.0,
B006ENVLUU,,,,,40.0
B006EVCICW,,,45.0,45.0,45.0
B006GUPQ9I,70.0,,,,70.0
B006H23GI8,,,,,37.0
B006H23KPW,,,37.0,,
B006H23O12,,,,,37.0
B006HFDG6M,,,,,23.0
B006HIQLDY,,35.0,,,35.0
B006HYLT9E,,,,1.0,
B006I33W62,,,,,17.0
B006IB4BC8,,,,,248.0
B006IWVOVS,,,,,25.0
B006IX1S8G,121.0,,,,121.0
B006JRI3PW,,,,,14.0
B006JZEB0U,,,,6.0,6.0
B006K3TZS4,2472.0,2472.0,2472.0,2472.0,2472.0
B006KNFECA,,,,,4.0
B006L2137A,,,1438.0,1438.0,1438.0
B006L67YH4,,,102.0,,102.0
B006L6986E,25.0,,25.0,,25.0
B006M46K7A,,,,,45.0
B006MW4ZJC,,,,,1.0
B006N1QDHE,,,,,6.0
B006NCMOKS,,,,,55.0
B006NCP4OG,,,,,34.0
B006NLWL66,,,,,2.0
B006OW4LQ2,,,,5.0,
B006OZF3DY,959.0,959.0,959.0,959.0,959.0
B006P2RB4A,2.0,,,,
B006PKVPO4,221.0,,,221.0,221.0
B006QA22OU,,,,,3.0
B006QHXD5U,10.0,,,10.0,10.0
B006QV3N7E,,8.0,,,8.0
B006QZDXFW,,,,,5.0
B006RYWO6Q,,,,1.0,
B006S29NH0,90.0,,,,90.0
B006SFI058,,,,,9.0
B006SFJRUU,252.0,252.0,252.0,252.0,252.0
B006T2YY0U,288.0,,288.0,288.0,288.0
B006TPAGQS,,,,,3.0
B006TUSNRW,,,,3.0,
B006U2BMYA,,,,,2.0
B006UEUGWM,43.0,43.0,43.0,43.0,43.0
B006UFHM0U,,,,10.0,10.0
B006UKBHE2,,,190.0,190.0,190.0
B006V492I0,,,,115.0,115.0
B006VCJ6F6,,,,,1.0
B006VF223Q,12.0,,,,12.0
B006VFH2J0,,,,11.0,
B006VYF4BY,,65.0,65.0,65.0,65.0
B006VYQYF4,,,,,36.0
B006WK6IKI,,,,,7.0
B006WPKVMO,,,,5.0,
B006XD26BO,,,,,13.0
B006XGMAY4,,,,,6.0
B006XHNK7Y,,,,,12.0
B006YJA1GO,,,,68.0,68.0
B006YQM3A4,,,,,41.0
B006Z3UHHC,,,,,90.0
B006Z76WWC,,,,78.0,78.0
B006ZIAKTW,,,,,15.0
B006ZIDIJ6,,1.0,,,
B006ZR92SS,783.0,783.0,783.0,783.0,783.0
B0070CNGQ6,,,,1.0,
B0070P989W,,10.0,,,
B00718GSW8,,,,,5.0
B00719CY8Y,,,,,41.0
B0071GVPB4,,,,,25.0
B0071HCZFS,,,,,3.0
B0071IPDO2,,,,5.0,
B0071XOWAS,,,,,156.0
B0072FTJ30,26.0,26.0,,26.0,26.0
B0072I8NAC,,,,10.0,
B0072XROKW,,,,34.0,34.0
B0073434LI,,,,,18.0
B00738M5ZU,6.0,,,,6.0
B0073B3DN0,,,,,7.0
B0073GPB3U,,,,8.0,
B0073LVCME,,,,,24.0
B007469VOY,,,,,49.0
B0074DR5TK,,,,,3.0
B0074E0EXI,,,,,2.0
B0074EGKXG,,,,,1.0
B0074LO5UE,,,,,10.0
B00756T27E,,15.0,15.0,,
B00757SM7E,,,,,65.0
B0075JTTNS,,,,,3.0
B0075PWIWQ,,,,,1.0
B00764EF6I,30.0,,30.0,30.0,30.0
B00764ILB8,,,,,18.0
B0076OMCUY,,3.0,,,
B0076OMKG0,39.0,39.0,,,39.0
B0076P7WQC,,,,,7.0
B0076V2W4I,,,,,8.0
B00771VN24,,,13.0,,13.0
B00777ZIE2,58.0,,58.0,58.0,58.0
B0077ED36K,,,,,5.0
B0077FZ5QA,3.0,,,,
B0077QTCSG,,,,,1.0
B0077QU51O,,,,,4.0
B0078255EY,,24.0,,,
B0078B2BBU,5.0,,,,5.0
B0078MNNWA,,,,68.0,
B0078RXYYM,,,,,13.0
B0078ZNCXM,,,,,1.0
B0079HQ4JS,,,,,16.0
B0079IG48S,66.0,66.0,66.0,,66.0
B0079Q3WZI,,,,,502.0
B007A0NFSC,,,,,13.0
B007A4WNXQ,,,4.0,,4.0
B007AM9FG6,,,41.0,41.0,41.0
B007AMR5MW,134.0,,134.0,,134.0
B007AS7NE6,,,590.0,,590.0
B007B8VAKS,,,,,188.0
B007BQCF9K,,,20.0,,20.0
B007BYGWBE,,,,31.0,31.0
B007C27HQY,,,,,140.0
B007C2GZKS,299.0,299.0,299.0,299.0,299.0
B007C6X4O4,,,,,1.0
B007C6X7BY,,,,,6.0
B007C6X8OK,,,,,21.0
B007C6XHOQ,,,,,9.0
B007C6XMEG,,,,,11.0
B007C6XOOE,,120.0,,,120.0
B007C6XPG6,,160.0,,,160.0
B007C6XY8A,,,,,48.0
B007C84U6S,,,422.0,,422.0
B007C8RKRO,,,7.0,,
B007CFFTMK,,28.0,,,28.0
B007CJXV7Q,,,,,1.0
B007D1EAU0,,,,,31.0
B007D5QOLO,,,,,8.0
B007D5QUBS,,57.0,,,57.0
B007D823ZC,,,,,1.0
B007DLVCV0,,,,,27.0
B007DNRV9A,,,28.0,,
B007E9DGVU,,,,,12.0
B007E9FG7C,1079.0,1079.0,1079.0,1079.0,1079.0
B007E9L55O,,11.0,,,11.0
B007EDLU2I,,,,,21.0
B007EJW7J2,,,,3.0,
B007F3L0M2,,,,,34.0
B007FXADES,,,,,68.0
B007FXEYAM,,662.0,662.0,662.0,662.0
B007FZUPM6,,,,,7.0
B007G03B5S,,,,,68.0
B007G1DEZE,,,,56.0,
B007G4SR94,39.0,39.0,,39.0,39.0
B007GE4FDQ,,,142.0,142.0,142.0
B007GE5I1Y,,101.0,,,101.0
B007GFBDT4,,3.0,,,
B007GK4IIM,,,,,9.0
B007GNI5W4,,,,,12.0
B007GO3280,,,,,11.0
B007GP3KC2,,,86.0,86.0,86.0
B007GY3NDY,,,,,3.0
B007H0RX06,,,,,2.0
B007HMRTLC,,,,,1572.0
B007HTWWWG,,359.0,,,359.0
B007HUAU5Q,,,,,7.0
B007I79VPS,29.0,,,,29.0
B007IDSTN2,,,,,2.0
B007IL0FSG,,,,,3.0
B007IOMCFC,,,,,210.0
B007ISIX8S,,,,17.0,17.0
B007J1ZHFQ,,,36.0,36.0,36.0
B007JP6X0K,,50.0,,50.0,50.0
B007JQ9S2Y,,74.0,,74.0,74.0
B007JT7AGC,,,,113.0,113.0
B007KRM1BM,34.0,,,,34.0
B007KT0ZCM,,,,,5.0
B007KXZFPA,,,,,9.0
B007L6BFRS,,18.0,,,
B007LO965I,,,,49.0,49.0
B007LQAQ3M,,,,,11.0
B007LQJYJY,,,,21.0,
B007LXCIXQ,,,,,34.0
B007M0SQKM,,,30.0,,30.0
B007M0U2Z4,,2.0,,,
B007M6CTW2,70.0,,70.0,70.0,70.0
B007MAFKC4,,,,,28.0
B007MJJXWI,,,,,3.0
B007MJK9EO,,,,,9.0
B007MK05JC,12.0,,,,
B007MKQG0O,2.0,,,,
B007MPIPXK,4.0,,,4.0,4.0
B007MSLJ26,1.0,,,,
B007MVE4KM,,,,,364.0
B007N29DAQ,1326.0,,1326.0,1326.0,1326.0
B007N3CW26,,,,,4.0
B007N684R0,6.0,,,,
B007NOO44E,12.0,,,,
B007NPGW0M,1.0,,,,
B007NSS8CE,,,,56.0,56.0
B007O164IA,,,,,1.0
B007O33BV6,,,,,2.0
B007O984MQ,,13.0,,,13.0
B007OAFNBU,,,,59.0,59.0
B007OT1S1U,86.0,86.0,86.0,86.0,86.0
B007P3266G,,,,43.0,43.0
B007PINWTG,,38.0,,,
B007PIQ8EW,,,,,4.0
B007PJ6Q4S,,,,,32.0
B007PJ7UVG,36.0,,,,36.0
B007PLF0PW,482.0,482.0,,482.0,482.0
B007Q0T8Q4,2.0,,,,
B007Q8JCYY,,,18.0,18.0,18.0
B007QEDF64,,,,,15.0
B007QJH2Z4,22.0,22.0,,,
B007QNXAOM,,,,,12.0
B007QPBP7Y,2.0,,,,
B007QVCLYO,,189.0,189.0,189.0,189.0
B007QX3Z6U,,,,67.0,
B007QX5ZQS,,19.0,,,19.0
B007R2KC3E,,,1.0,,
B007R69KEC,,,3976.0,3976.0,3976.0
B007R6JEBQ,,,,,154.0
B007RESTEQ,,13.0,,,
B007RHY49C,,,,,6.0
B007RMY9OM,,,,,7.0
B007RWVTEU,,,,3.0,
B007S9S2LK,1232.0,1232.0,,1232.0,1232.0
B007SBUII8,,,,,4.0
B007SEGLFE,,,,106.0,
B007SNRE38,,,,,29.0
B007SP1KBS,,,,,3.0
B007SPK8D4,208.0,,208.0,208.0,208.0
B007SXBJX4,,13.0,,,
B007SZU6AO,,,,7.0,7.0
B007TAUR3O,725.0,,,725.0,725.0
B007TC01WE,,,,,33.0
B007TDAW36,,,,54.0,54.0
B007TEY1KK,28.0,,,,
B007TEZD2A,2336.0,2336.0,2336.0,2336.0,2336.0
B007TI8K2Q,,,,34.0,34.0
B007TIVDD4,,,,,8.0
B007TQQFNE,,,,,50.0
B007U7QB22,,,,60.0,60.0
B007U97282,,,,,122.0
B007UG7XKC,,,,1.0,
B007UIKVP4,,,112.0,,112.0
B007UIZBFE,,,,,8.0
B007UL7C3K,,,,,9.0
B007USH10C,494.0,494.0,494.0,494.0,494.0
B007UZ34S8,,,,11.0,11.0
B007UZWDQ2,15.0,15.0,,,15.0
B007VCS6IS,,,,,28.0
B007VN5QVM,,,,,1.0
B007VZEHN8,,,,,26.0
B007W3DNQQ,,,,,9.0
B007W9MS5M,,,,,9.0
B007WEB72C,,1.0,,,
B007WRTVSQ,,,,5.0,5.0
B007WUANMQ,,,47.0,47.0,47.0
B007X46M8A,112.0,,,,112.0
B007XCQ7Z0,,,24.0,,24.0
B007XH6Z4I,105.0,,,,105.0
B007XIM3RA,,,,,20.0
B007XMWSEO,,,,,1.0
B007XU1U7M,37.0,,,,37.0
B007Y15YMW,,,,,137.0
B007Y9JKTC,,,,311.0,311.0
B007YD36MA,11.0,,,11.0,
B007YDNZWG,,38.0,,,
B007YIG9U6,,,,35.0,
B007YJASC0,,,,,1.0
B007YJEC5Y,,,1.0,,
B007YJT0Q0,,,,,3.0
B007YQUSKA,,98.0,,98.0,98.0
B007Z2GKCS,,,,30.0,30.0
B007Z8AV68,,12.0,,,12.0
B007Z93BNW,,,,,1.0
B007ZD7ZEE,42.0,,42.0,,42.0
B007ZN4H6S,,,,,21.0
B007ZXSXIQ,,,,33.0,33.0
B0080FSTZ0,14.0,,,,14.0
B0080H3C46,,,,,3.0
B0080JNQ4U,,,,,3.0
B0080QULRS,,,,,114.0
B0080S6U2G,,,,,9.0
B00810KYSO,,,,,15.0
B008157TOQ,,,,,6.0
B00817JVJA,,18.0,,,
B0081AYWL4,,,,,18.0
B0081JWSAM,350.0,,350.0,350.0,350.0
B0081M2ADE,,,,,1.0
B0081RL6PM,13.0,13.0,,13.0,
B0081S6AFM,,,26.0,,
B0081TYE36,,26.0,26.0,,
B0081X3IIO,11.0,,,,
B00820I3S6,,,,,1.0
B00820X084,,,,,1.0
B008216STQ,,4.0,,,
B008216TSG,25.0,,,25.0,25.0
B00822BT5I,,,,26.0,26.0
B00824MF90,,1.0,,,
B00829AYNO,,,,,2.0
B0082HDGHW,,,,,10.0
B0082Q2NRM,,,,226.0,226.0
B00832G93E,,,,,3.0
B0083ENVQK,,,,18.0,18.0
B0083KHTJO,7.0,,,,7.0
B0083UDKB0,38.0,,,,
B0083UFCS4,279.0,279.0,279.0,,279.0
B00842FL5A,119.0,119.0,119.0,119.0,119.0
B0084AG1GK,,,,81.0,
B0084DIOB2,,10.0,,,
B0084F2UR4,,,,,19.0
B0084FGC7S,,23.0,23.0,23.0,23.0
B0084HEFPM,,,,57.0,57.0
B0084TT0Z0,,,,,1.0
B00859HHPO,2192.0,,,,2192.0
B0085BLJCO,110.0,,110.0,110.0,110.0
B0085J1PDE,,,,,671.0
B0085MA5O6,,,,,8.0
B0085N3DZI,,,,,64.0
B0085NV36E,,,,5.0,
B0085OQIJK,,,,,6.0
B0085W0FZU,4.0,,,,
B00864UK34,,,,,6.0
B008688EV0,,,,,3.0
B0086NBC64,,,,,3.0
B0086SO928,,,5.0,,5.0
B0086Y0CXC,,,,,76.0
B0086ZV7OO,,,15.0,,15.0
B008724IEC,,,,,29.0
B00872H5II,,,,,582.0
B0087J1M8A,,,,,11.0
B0087ORT9G,,,,118.0,118.0
B0087QU57C,59.0,,59.0,,
B008868L36,,,,,1.0
B0088NGP9Q,,,,,219.0
B0088WDA36,,,,,4.0
B0088YPQUY,,,,,4.0
B00892ZP1K,,,22.0,,22.0
B00895YBI0,7.0,,,,
B00899WYGC,,,52.0,,52.0
B0089AXWZS,,,,36.0,36.0
B0089AXX1Q,,,,36.0,36.0
B0089AZ7GU,,,,,5.0
B0089CM17Q,,,,,23.0
B0089EBMJM,95.0,95.0,,,95.0
B0089M912Y,,,,,17.0
B0089MXBYS,,,,,15.0
B0089SYSFI,8.0,,,,
B008A34G4A,,,,,64.0
B008A40HN8,,,,28.0,28.0
B008A60QXM,,,,,38.0
B008A6130W,2.0,,,,
B008ABV154,9.0,,,,
B008AQPJ5M,20.0,,,,20.0
B008AS418Q,,,4.0,,
B008AT43YW,,,,77.0,77.0
B008AWL0XG,,6.0,,,
B008AZ4V4I,,,1.0,,
B008B4TIPA,148.0,148.0,,148.0,148.0
B008B6E3BC,,,,28.0,28.0
B008B6EHC2,,,92.0,,92.0
B008B8A4VS,124.0,,,,124.0
B008BBE0P6,,9.0,,,
B008BOZD90,,,,,1.0
B008BRERS0,,,,,193.0
B008BTCQNG,,,142.0,142.0,142.0
B008C8CZ1E,,,,,73.0
B008CC45I6,,,,,37.0
B008CC4F9U,,,,,7.0
B008CC4FHW,,55.0,,55.0,55.0
B008CPCD1Y,,,,,40.0
B008CT02FY,,,,,16.0
B008CYGOVA,,,,,41.0
B008D4DFMK,,,,,64.0
B008D4TRE0,,,,1.0,
B008D5FT82,,,,1.0,
B008D8WLSU,,,5.0,,5.0
B008DB6N2W,,,,,8.0
B008DI18F2,,,,,1.0
B008DI810M,,,,15.0,
B008DXKEA2,148.0,148.0,148.0,148.0,148.0
B008DZ5B94,,,,,2.0
B008E9MFCA,,,,,2.0
B008EA51KC,,,,,26.0
B008EFHDFI,,,,,12.0
B008EPXTR4,,,,,1.0
B008ER9R14,,,,,1.0
B008EYHKOS,,,,,2.0
B008F7MD9G,,,1.0,,
B008FLQISO,,,,,6.0
B008FML7XY,,,,19.0,19.0
B008FR1RUC,,,,8.0,8.0
B008FR2URG,,,1.0,,
B008FZ3MUC,,,,,15.0
B008FZ81C6,,398.0,398.0,398.0,398.0
B008G4R20S,,,1.0,,
B008G8G4KI,2427.0,2427.0,2427.0,2427.0,2427.0
B008G95K70,,,218.0,218.0,218.0
B008GKG7Z8,,3.0,,,
B008GQKNS4,,,4.0,,
B008GRB300,,,,,14.0
B008GYR6JU,1.0,,,,
B008H6MSZO,,,,,2.0
B008HD0P5C,,,22.0,22.0,22.0
B008HH3O06,,,,,30.0
B008HODSPU,,,1189.0,,
B008HODSWI,,,1190.0,,1190.0
B008HUAW2G,,,,,11.0
B008HVD8IK,,,,,283.0
B008I2BOMA,28.0,,,28.0,28.0
B008I981TW,,,,,23.0
B008IJ8POI,,,,,48.0
B008IT8KCA,356.0,,,,356.0
B008IVHQEQ,,2.0,,,
B008J2NHC4,,,2.0,,
B008JGYPH6,,,,,1.0
B008JHID6Y,,,,,1.0
B008JVJ7GU,,,,36.0,36.0
B008K33H9U,,,,4.0,
B008K60F0G,,,,,4.0
B008KEJ1US,,42.0,42.0,42.0,42.0
B008L1QT7S,,,,,24.0
B008L2YWWG,,,,,1.0
B008L56TCY,,,,,2.0
B008L5IOXQ,,38.0,,,38.0
B008LF9DI6,,,29.0,,
B008LF9H64,,,,,9.0
B008M9UMLI,,11.0,,,
B008MCGVJC,,,,,5.0
B008MCH7Z4,,,10.0,10.0,
B008MLTAIC,,,,,3.0
B008MUJZIS,,,162.0,162.0,162.0
B008N1R902,13.0,,,,13.0
B008N1UVMA,,,,12.0,12.0
B008N3LDKC,5.0,,,,
B008N3OALG,100.0,,,,100.0
B008N3URD6,,,,,2.0
B008N5EL4K,,,,,1.0
B008N5O5SC,30.0,30.0,30.0,30.0,30.0
B008NCWYHY,,,,,14.0
B008NKT4HE,,,,83.0,
B008NWBO66,,,1.0,,
B008NWVY7A,,,,,4.0
B008OOZ4MS,158.0,,,,158.0
B008OYN1VE,,,,,37.0
B008P8D2ZE,,,,,58.0
B008PIAFFE,,,,,7.0
B008PST55U,,,,,42.0
B008PUJBJS,163.0,,,163.0,163.0
B008R1QI78,,,,9.0,
B008R5WM06,156.0,156.0,156.0,156.0,156.0
B008RGI434,,,,,38.0
B008RGTHHQ,1929.0,1929.0,1929.0,1929.0,1929.0
B008RIA2WI,657.0,,,657.0,657.0
B008RIBN44,,,,,101.0
B008RIF0NY,110.0,,110.0,,110.0
B008RJXHE2,,,,,2.0
B008RLWOAS,,,,,8.0
B008RN4DJQ,,,1.0,,
B008RP85MA,,,,,7.0
B008RPQYKK,1156.0,1156.0,1156.0,1156.0,1156.0
B008RZ7TCC,,33.0,,,33.0
B008S1FCEC,,,,,1.0
B008S5YO2E,1.0,,,,
B008SOQ3XS,,,,,4.0
B008ST868S,2.0,,,,
B008TT8T5C,,,8.0,,
B008TVFCZK,,,,,5.0
B008TYOVYK,,,,,20.0
B008U3ZDEW,,,,,16.0
B008U5JB3Y,518.0,,518.0,518.0,518.0
B008U5S9WS,,,,,9.0
B008UOYYZU,,,,2.0,
B008V52LV2,,,3.0,,
B008V61Q4Y,124.0,124.0,124.0,,124.0
B008VAXTMM,,,,,4.0
B008VE4VQQ,,,,,59.0
B008WEOAUC,,,,,21.0
B008WG9IP2,77.0,77.0,77.0,77.0,77.0
B008X7LGVY,,49.0,,49.0,
B008XC53YA,,,,,8.0
B008XFJ0C8,,,,,306.0
B008XL30EQ,,,,,13.0
B008XLWAWE,,,,,1.0
B008XQO7WA,,11.0,,11.0,11.0
B008XRGXVW,,,,,6.0
B008XVV4I0,,,665.0,665.0,665.0
B008Z2MBX4,,,,,3.0
B008ZFEMB0,,,,,5.0
B0090F0Q7S,,9.0,,,
B0090NYLOO,,,141.0,,141.0
B0090OQXC6,,,,456.0,456.0
B0090Q3GBU,169.0,169.0,169.0,169.0,169.0
B0090WWHPU,,,12.0,,12.0
B00910ZHJE,76.0,,76.0,76.0,76.0
B009166TP4,,8.0,,,8.0
B00916WYYO,16.0,,,,16.0
B00917TSFQ,,,3.0,,
B0091CGAB6,,,2.0,,
B0091CISN4,,,,,7.0
B0091G8L28,,,,,29.0
B0091KAC4E,,,36.0,,
B0091OCANG,2011.0,2011.0,2011.0,2011.0,2011.0
B0091QXJSO,,,,,49.0
B0091WXM6C,,,,1.0,
B0092GONN8,,,,,8.0
B0092JW7WO,,,,,7.0
B0092WG7VS,,,,4.0,
B0092ZI7JU,,,,2.0,
B009324Y8K,,,,90.0,90.0
B0093BCV36,,,,,19.0
B0093MUHJ0,232.0,232.0,232.0,232.0,232.0
B009412WQG,,,,1.0,
B009412XBK,,,,,1.0
B0094GHKFE,2510.0,2510.0,,,2510.0
B0094S3IYY,,,,3.0,
B0094WEUOW,911.0,911.0,,911.0,911.0
B0094Z89G4,,,,,5.0
B00957Y17C,,,24.0,24.0,24.0
B0095CQOE0,,,16.0,16.0,16.0
B0095OV402,,,,4.0,
B0095R6NVO,,3.0,,,
B0095R6QZW,,,,,1.0
B0096DYZCQ,53.0,53.0,,,53.0
B0096DZ8CW,,,,,1.0
B0096TQS1Q,,,,,1.0
B0097B7G50,,,,,2.0
B0097IZYLQ,384.0,,384.0,384.0,384.0
B0097LUWVU,,,,332.0,332.0
B0097OWLTS,,,,,2.0
B0097W4JZO,,,7.0,,7.0
B0098I0D4S,53.0,53.0,53.0,53.0,53.0
B0098JU8YW,,122.0,122.0,122.0,122.0
B0098QKT30,,184.0,184.0,184.0,184.0
B0098T926M,,17.0,,,17.0
B0098UK61Q,,,105.0,,
B0098ZXGZ4,,,45.0,,
B00998HYSK,,,,,9.0
B0099I0XYM,,,,,3.0
B0099TXXFM,740.0,740.0,740.0,740.0,740.0
B0099U50IE,,,,,1.0
B009A0VO9C,,,,19.0,19.0
B009A3T58G,,,,,48.0
B009AC2J9Y,,,,,12.0
B009AKSGO8,,,,,1.0
B009AOESCS,,,,111.0,111.0
B009AQW3EQ,,,,,1.0
B009AWMF0M,,,,,115.0
B009AXTLNA,,,,,8.0
B009AYEKDK,,,,,1.0
B009BNGA4W,3.0,3.0,,,
B009C0GUKS,6.0,,,,
B009C95T1K,,,,,19.0
B009CXO58O,,,,4.0,
B009DG9XAK,3.0,,,,
B009EBU0QK,,,,3.0,
B009ECM7S8,,,,26.0,26.0
B009EEQS5E,,,,2.0,
B009EF8SO2,,,,,16.0
B009EI4A32,,,,,7.0
B009ELWU3G,,,,,23.0
B009ERVX74,,15.0,,,15.0
B009FBVOGY,124.0,124.0,124.0,124.0,124.0
B009FKE1JC,,,,,22.0
B009G2Q6BA,,6.0,,,6.0
B009GEUPMY,,1527.0,,1527.0,1527.0
B009GINH3O,,,,11.0,
B009HSH5BS,,,,,38.0
B009I2YSZE,,,,,138.0
B009I6YVYI,,37.0,,,37.0
B009IFSLZ4,,499.0,,499.0,499.0
B009IRON0O,,,,74.0,74.0
B009J03UEK,,,,,3.0
B009JSBBCA,,,,50.0,
B009JTSQB8,2.0,,,,
B009JWFEDS,,,,,9.0
B009K1AZOQ,,,,,2.0
B009K2BB7U,,,,,29.0
B009K2BC2Y,118.0,118.0,118.0,118.0,118.0
B009K3JZ54,,,11.0,,11.0
B009KDRCJK,,1.0,,,
B009KQ5KCI,,45.0,,,45.0
B009LENK1M,8.0,,,,
B009LLMMLO,,,,13.0,13.0
B009LMNAJ6,586.0,,,,586.0
B009LO2UCC,16.0,,,,16.0
B009M2TNPU,,,,,13.0
B009M3OING,,,396.0,,
B009MBW0HY,,,,,5.0
B009MOZ1T0,,,,,1.0
B009NADK2S,,,2.0,,
B009NLKV6K,2992.0,,,,
B009NRLQ7M,,,,,706.0
B009NX6TH8,308.0,308.0,,308.0,308.0
B009NYREW6,,,7.0,,
B009O5NGAS,,167.0,,,167.0
B009P0HSP6,,,,65.0,65.0
B009P2H2XC,,,,,3.0
B009PAV834,,,,,259.0
B009PDABU2,2.0,,,,
B009PHOXPC,,,29.0,,29.0
B009PJ8EIM,63.0,63.0,,63.0,63.0
B009PNTHIE,,,,4.0,
B009POGIQC,,,,,21.0
B009PWT5ZU,,,,,17.0
B009Q2XDSO,,,,,1.0
B009QQWS5Y,,,,,3.0
B009QU3NZO,,2.0,,,
B009QY9CB4,,,,1.0,
B009QZ5XCK,,,33.0,,
B009QZBCTS,92.0,,,,92.0
B009QZBEV4,,,,,92.0
B009R3YIOK,167.0,,,167.0,167.0
B009R6W34Y,,,,,1.0
B009R8E56Q,,,,,7.0
B009ROIYUS,,,,,16.0
B009RW4H4W,1712.0,1712.0,1712.0,1712.0,1712.0
B009S5R10A,,,1.0,,
B009S7H0UE,,162.0,162.0,162.0,162.0
B009SPQZDE,,,,,7.0
B009SRTEI0,,,,,10.0
B009SZQVLK,,,,14.0,14.0
B009T1HDWY,,,,7.0,7.0
B009TCQGUS,,,,,1.0
B009TDS8ZI,136.0,,,,136.0
B009TNSPLK,,,,22.0,22.0
B009U1JA5G,,,,,4.0
B009VA2J3G,,,,,3.0
B009VMR894,,,,,14.0
B009VZQH8E,,,,7.0,
B009W6PM9M,566.0,,566.0,566.0,566.0
B009WD5TXY,18.0,,18.0,,
B009WI2CWA,,,,,7.0
B009WPR30Y,35.0,,,,
B009WU7WRI,,,,,109.0
B009XERQS8,1.0,,,,
B009XFSWFI,,12.0,,12.0,12.0
B009XI38BI,2.0,,,,
B009XNMQVG,,43.0,,,43.0
B009XRM248,,,42.0,,42.0
B009XT8IVW,,,6.0,,
B009XY487K,,,,39.0,39.0
B009Y6ASFS,,,,,3.0
B009YG5Y70,416.0,,,,416.0
B009YHKEJC,36.0,,,36.0,
B009YL4Y0I,47.0,,47.0,,47.0
B009Z33SFM,,1.0,,,
B009Z4MCLC,,,,,43.0
B009ZN479I,9.0,,,,
B009ZVJMZY,,,,,3.0
B00A0GVAL2,,,,51.0,51.0
B00A0KA3IE,439.0,439.0,,,439.0
B00A127AAU,,,,,29.0
B00A2EWPZC,,,,86.0,86.0
B00A2IVIQU,,,,,64.0
B00A2SFO1A,,,,54.0,54.0
B00A2SYPEW,,,,,128.0
B00A2YINAS,4.0,,,,
B00A31QI8Y,,,,,5.0
B00A35WIYS,20.0,,,,20.0
B00A42LERW,,,,,95.0
B00A4AQ7PI,2803.0,,,2803.0,2803.0
B00A5MT5IG,,,,,1.0
B00A5TBUCS,,,,3.0,
B00A5X6NFS,,,50.0,,50.0
B00A5X6NX0,25.0,,,,25.0
B00A5X6OFW,,,,,10.0
B00A5X6P2E,,,,3.0,
B00A5X6SQ2,,,,,19.0
B00A5X6XBM,,,,,5.0
B00A5X6XW6,,,,,15.0
B00A5X6YDE,,,,,50.0
B00A5X6YUM,,,,,8.0
B00A5X70JG,,,28.0,,28.0
B00A5X74FQ,,,,,15.0
B00A5YCIUQ,,,,3.0,
B00A66W99S,,,,,97.0
B00A6KA5VI,12.0,,,,12.0
B00A6TUQE0,,,24.0,,24.0
B00A6VGK0C,,,,,8.0
B00A6VO1Z8,,,,,21.0
B00A6YIWBE,,,,,15.0
B00A724L6K,170.0,170.0,170.0,170.0,170.0
B00A72FSAI,,,,,111.0
B00A77OA5M,187.0,187.0,187.0,187.0,187.0
B00A7FLYC6,,,,,10.0
B00A7FM1WI,,,,,30.0
B00A7G8CBQ,,,,,1.0
B00A7HCVBC,,,,,41.0
B00A7P5RSI,,,,,1.0
B00A86ATIO,,,,,28.0
B00A8I8W2C,,,,,36.0
B00A9Y3S9W,,,,,23.0
B00A9YL7X6,,18.0,,,18.0
B00AAIGSK8,,,,,50.0
B00AATGTWE,2.0,,,,
B00AATKE5M,8.0,,,,
B00AAU192S,,,,,37.0
B00AB2BIA8,,,1.0,,
B00AB2R2IU,,3.0,,,
B00ACMO0X4,,,,,1.0
B00ACWLLVI,,,58.0,58.0,58.0
B00ADCBMG6,,,98.0,98.0,98.0
B00ADCZ6XQ,,,,,62.0
B00ADQREU0,,,,63.0,63.0
B00ADSCS5Y,,,,,5.0
B00ADVKLXW,,,,,12.0
B00AE07BC6,,168.0,168.0,168.0,168.0
B00AE07BMQ,116.0,116.0,116.0,116.0,116.0
B00AE07JOQ,,,,,83.0
B00AE6QDX8,,,7.0,,
B00AECFJC8,,,17.0,17.0,
B00AEDT6IK,,,,,52.0
B00AEU08FS,,,,416.0,416.0
B00AEU3E3G,44.0,,44.0,,44.0
B00AF0LCUM,,,,,136.0
B00AF9LUF0,,,,,10.0
B00AFCOV8A,,,,,9.0
B00AFZ9OKW,,,,,2.0
B00AG684CE,,,465.0,,
B00AG6SEF6,,,1619.0,1619.0,1619.0
B00AGNN7LK,,,3.0,,3.0
B00AGQM4RU,,,,,4.0
B00AHCDGSY,,14.0,,,14.0
B00AIECZJ2,,,,,7.0
B00AIHVYX2,673.0,673.0,673.0,673.0,673.0
B00AIY9892,,,,,6.0
B00AIYCXTO,,,,,3.0
B00AJ309H2,,11.0,,,11.0
B00AJKJ584,55.0,,55.0,,
B00AK04TS4,285.0,,,,285.0
B00AK9HECS,,,,,21.0
B00AKI3IAG,551.0,,551.0,551.0,551.0
B00AKTKO7U,,,,1.0,
B00AKTKO8Y,6.0,,,,
B00AKTKPB0,,,,11.0,
B00AKTKPME,,,,,25.0
B00AKTKPMY,,,,,11.0
B00AKTKQ8M,,,,69.0,
B00AKTKQ9G,64.0,,,,
B00AKTKQA0,,,,,72.0
B00AKTKQR8,,,,,26.0
B00AKTKQS2,,,,,5.0
B00AKTKQT6,,,,,26.0
B00AKTKQTG,,,,,62.0
B00AKTKQTQ,,,26.0,,
B00AKTKRRW,,,,25.0,
B00AKTKRTK,,,,,20.0
B00AKTKRUO,,,,20.0,20.0
B00AKTKSBW,,,,,25.0
B00AKTKSC6,,,,,25.0
B00ALL1YOO,,,,,15.0
B00AMH5LPU,28.0,,,,28.0
B00AMRHP4A,,,,,15.0
B00AMYNT8E,,,,44.0,44.0
B00AN94R1G,,,,,11.0
B00ANIFY78,103.0,103.0,,103.0,103.0
B00ANTO72K,,,59.0,,59.0
B00ANTXH8U,,,,,54.0
B00ANZYU94,,,,,3.0
B00AO7ABB2,900.0,900.0,900.0,900.0,900.0
B00AP6YN2K,7.0,,,,
B00APLVLRU,,,,,4.0
B00APOZL96,,,,,1.0
B00APQLWII,,,,5.0,
B00AQ39LZG,,,,,1482.0
B00AQG886Q,,,,22.0,22.0
B00AQNS972,,,,,1.0
B00AQTMVPC,,,249.0,,249.0
B00AR86J1E,,,,,5.0
B00AR9KF0E,,,257.0,,
B00AREI5KG,308.0,308.0,308.0,308.0,308.0
B00ARIGNI8,,,,,1.0
B00ARRFJ2A,214.0,214.0,214.0,214.0,214.0
B00AS4QAUC,,,,1.0,
B00AT8E9UA,,,,,97.0
B00ATA8CCO,,,,,8.0
B00AU2BXOU,,,,10.0,
B00AU95IOE,,,,,17.0
B00AUCX3DY,,,,,1261.0
B00AUNACCI,,,,,5.0
B00AV2SIZG,,,122.0,122.0,
B00AVIS73I,,1.0,,,
B00AVXOHYQ,,,1.0,,
B00AWBRPO6,100.0,,,,100.0
B00AWERNRC,,4.0,,,
B00AWKHGAK,,,,,4.0
B00AWKLZ7U,,,,,84.0
B00AWKYJGE,,,9.0,,9.0
B00AWNT82Q,,,,,289.0
B00AWRB43S,16.0,,,,16.0
B00AWVM5T6,,,,1.0,
B00AWVO05S,,,,,38.0
B00AX2B9KA,,,,7.0,
B00AXIIFRO,,,,,51.0
B00AXK0FTS,,,331.0,331.0,331.0
B00AXS80EW,,,8.0,,
B00AY49RIS,11.0,,,,
B00AYCO5UU,3282.0,3282.0,3282.0,3282.0,3282.0
B00AYCQKSK,,,,,3.0
B00AZ9Y0AW,,,,21.0,
B00AZAHL7U,,21.0,,21.0,
B00AZBRXCC,,,,3.0,
B00AZNZX7M,,,,,10.0
B00AZVFDT2,,,,,5.0
B00B081AO6,370.0,,,370.0,370.0
B00B0QF9O0,,,,,3.0
B00B0ZIP7O,47.0,,,,
B00B15EGZS,74.0,,,74.0,74.0
B00B1CG8T8,,,,219.0,
B00B1CGFQY,,,,,219.0
B00B1GW7J4,,,,286.0,286.0
B00B1LOKL2,,,,,17.0
B00B1O88AS,,,,,1.0
B00B1PR2HW,,64.0,64.0,64.0,64.0
B00B1YY2BM,23.0,,,,23.0
B00B21E0AW,,,,,1.0
B00B279MK4,,,,448.0,448.0
B00B2B9JPS,8.0,,,,
B00B2I7I4U,13.0,,,,13.0
B00B2N0Q4O,,,,,10.0
B00B2OBKPC,334.0,,334.0,,
B00B2QHLNU,429.0,,,429.0,429.0
B00B33T9X2,,,,1.0,
B00B3RZ2XO,870.0,,,,870.0
B00B3SUMWY,,,,78.0,78.0
B00B3T1FKQ,,,,4.0,
B00B408ZYS,40.0,,,40.0,40.0
B00B49NEUE,,,,,6.0
B00B4BNYJI,962.0,962.0,,962.0,962.0
B00B4I7RH6,,,,,4.0
B00B4KCB7U,787.0,,787.0,787.0,787.0
B00B4WIR2G,,,,,25.0
B00B571A2E,47.0,,,,47.0
B00B5FPQW6,,,265.0,265.0,265.0
B00B5JWBDY,,,,13.0,
B00B5LB1TC,,,23.0,,23.0
B00B6255S8,,,,,8.0
B00B67KWD6,,,,8.0,
B00B6LSMZC,,,,,4.0
B00B7GNLFW,,,,3.0,
B00B7QVERO,968.0,968.0,968.0,968.0,968.0
B00B7ZXYVY,,,,18.0,18.0
B00B81HKIK,,,7.0,,
B00B8A93O0,,,31.0,31.0,31.0
B00B96C86I,,,,,1.0
B00B96FOMS,,13.0,,,
B00B9FTF1A,122.0,122.0,,122.0,122.0
B00B9K74O0,,,,1.0,
B00BA46DQU,,,,,2.0
B00BA4B1CG,,,,,2.0
B00BAW1A4M,,,,,33.0
B00BB0FFYE,,,,,5.0
B00BB3HWEW,,592.0,,592.0,592.0
B00BB3K2QW,105.0,105.0,105.0,105.0,105.0
B00BB5YFEU,86.0,86.0,86.0,86.0,86.0
B00BB8NPAM,1.0,,,,
B00BBAZ0VC,,,,,5.0
B00BBC4D0E,,,,,312.0
B00BBFRL3W,410.0,410.0,410.0,,410.0
B00BBFZ32S,,,,,77.0
B00BBO6U8U,,,,,284.0
B00BBOPZGI,,,,,2.0
B00BC00L4W,,,,,5.0
B00BC3Q72E,,1.0,,,
B00BCCVWQ6,,,,,6.0
B00BCG2D38,,,58.0,58.0,58.0
B00BCIIJ5C,,39.0,,39.0,39.0
B00BCLDLAC,,,103.0,103.0,103.0
B00BCNKU2C,202.0,202.0,202.0,202.0,202.0
B00BCOJ158,22.0,,,,22.0
B00BCYJDMO,,,,,1.0
B00BD2COU8,57.0,,,,
B00BD3QQYW,,,,,233.0
B00BD498PK,,,,,13.0
B00BDGXJ2Q,,,16.0,,
B00BDIIPY6,,48.0,48.0,48.0,48.0
B00BDIIX2A,,57.0,,,57.0
B00BDJCJW4,,,11.0,,
B00BDJVH9A,,,,1.0,
B00BDKOUAM,,,,,1.0
B00BDKQ5F0,59.0,,,,59.0
B00BDTFB8I,,,,3.0,
B00BEGD2FO,54.0,,,,54.0
B00BEJG8IY,42.0,,42.0,42.0,42.0
B00BETRL76,,,,,7.0
B00BF31ESI,328.0,328.0,328.0,328.0,328.0
B00BF3C1IU,,,,,4.0
B00BF3T9TO,,,,,32.0
B00BFCIKIQ,,264.0,264.0,264.0,264.0
B00BG84WF4,,,,,202.0
B00BG84X26,,202.0,202.0,202.0,202.0
B00BG852JE,,,,,202.0
B00BGBVYS4,,,,,36.0
B00BGVB26I,9.0,,,,
B00BGVMP3W,319.0,319.0,,319.0,319.0
B00BGVN56S,319.0,319.0,319.0,319.0,319.0
B00BH0DHQ6,,,,,2.0
B00BH4OCLQ,,,,,75.0
B00BHMGKY0,,,5.0,,
B00BHMISNG,,,,,4.0
B00BIPC5GI,,,,36.0,
B00BIWD3F8,,,,,55.0
B00BJ206O8,,,,,3.0
B00BJ58ZVQ,,45.0,45.0,,45.0
B00BJNY6CA,,,,,9.0
B00BJP3S22,,5.0,,,
B00BK7OR42,74.0,,,74.0,74.0
B00BLGEYZO,20.0,,20.0,20.0,20.0
B00BLS95CE,,108.0,,108.0,108.0
B00BMH6S3I,,,41.0,,41.0
B00BMI7ZMU,,,,,54.0
B00BMLWXLK,,,,1.0,
B00BMO02LK,,,,,8.0
B00BN7L6ZW,,,,,1.0
B00BN7L8S2,,,,,4.0
B00BN7LJ1S,,,,,1.0
B00BN7M106,,,,,50.0
B00BN7PMQ6,,,,,48.0
B00BNOLH86,,,,,2.0
B00BNQ2TO0,14.0,,,,14.0
B00BNYKUES,,,,,8.0
B00BO0B1EO,,,,,59.0
B00BO8FQWO,,,,36.0,
B00BOE110Y,,,,10.0,10.0
B00BOJG0B4,,,,,27.0
B00BOJG37U,,,163.0,,163.0
B00BOJPS08,,,,,120.0
B00BOJS31E,,,321.0,321.0,321.0
B00BOJTN5Y,,,,,68.0
B00BOK1432,,,,,12.0
B00BOK32X2,,,,,26.0
B00BPMVIO4,11.0,,,,
B00BPPJBMW,,,,,17.0
B00BPYYEGG,,,,,7.0
B00BQ0HAQA,,,,7.0,
B00BQ7A588,,,,,2.0
B00BQJRH0U,,,,,1.0
B00BQUK7BA,,,202.0,202.0,202.0
B00BQZE874,,,2.0,,
B00BR016SM,,,,,29.0
B00BR1CKV8,,,,,10.0
B00BRJMOH0,,1.0,,,
B00BS7A7MK,,,,,40.0
B00BSE3GQ2,,84.0,,84.0,84.0
B00BSNP6LG,,,,,3.0
B00BSVADWA,,5.0,,,
B00BSX9XL0,,,,3.0,
B00BTFCGKC,,,,5.0,
B00BUI07JU,,,,,7.0
B00BUIVJ74,,,,,2.0
B00BUJU79Y,64.0,,,,
B00BV5EX88,,,47.0,47.0,47.0
B00BV73OC2,14.0,,14.0,,14.0
B00BVO5NA6,639.0,,,639.0,639.0
B00BVXDR00,,,,,5.0
B00BWAMEFQ,,,,,1.0
B00BWC3RYQ,,,14.0,,14.0
B00BWFNQMQ,,,,10.0,10.0
B00BWGQ4O2,,,,,1.0
B00BX6DPFW,1.0,,,,
B00BX6V21Q,,,,,170.0
B00BXTOJ6S,,,,,20.0
B00BY55OI8,,714.0,714.0,,714.0
B00BY8OKB2,,,,,8.0
B00BY97J2I,,,,,15.0
B00BYNLAJM,,,,,2.0
B00BYPWB5C,,,,,9.0
B00BYW0GDY,,,,6.0,
B00BZ39MAA,,,75.0,75.0,75.0
B00BZ77QKY,,508.0,,508.0,508.0
B00BZ77QLI,,,,,508.0
B00BZ77QRM,,,,508.0,508.0
B00BZ77QRW,,,,,508.0
B00BZB28Y4,,4.0,4.0,,
B00BZHNQQ2,2.0,,,,
B00BZWSG3A,170.0,170.0,,170.0,170.0
B00C10SVTE,55.0,,55.0,,
B00C25YJXK,,,,,11.0
B00C2911RI,,,,1.0,
B00C2FJBYM,,,,,8.0
B00C2QTCWC,,,,,3.0
B00C3243JW,,,,1454.0,1454.0
B00C39IG1Q,,41.0,,41.0,41.0
B00C3DKQD8,1454.0,1454.0,1454.0,1454.0,1454.0
B00C441XX8,,,18.0,,18.0
B00C45ZSWO,104.0,,104.0,,
B00C4GW0FQ,,,,,2.0
B00C4PZZ4U,,7.0,,,7.0
B00C4WKNN6,2207.0,,2207.0,2207.0,2207.0
B00C4ZP4SM,,,,,13.0
B00C69JMHA,,39.0,,39.0,39.0
B00C6BT4GW,,,41.0,,
B00C6JEA4K,,,3.0,,
B00C72M35E,,,,,2.0
B00C75KSW6,,,,,50.0
B00C75KSYE,,,,,50.0
B00C75KSYO,,,,,50.0
B00C75KWQ8,,,,19.0,
B00C75KWTU,,,,19.0,
B00C75KWUY,,,,,89.0
B00C75KY98,,,,,5.0
B00C75KY9I,,,,,21.0
B00C75KYYS,,,,37.0,
B00C75KZ0Q,,,,,28.0
B00C75KZ1U,,,,,28.0
B00C75KZ3I,,36.0,,,36.0
B00C75KZPG,,13.0,,13.0,13.0
B00C75KZPQ,,8.0,,8.0,
B00C75KZQA,,11.0,,,
B00C75KZS8,,13.0,,,13.0
B00C75KZT2,,,,,3.0
B00C75L16I,,,,17.0,17.0
B00C75L16S,146.0,,146.0,146.0,146.0
B00C75L5FU,,,21.0,21.0,21.0
B00C75LAOQ,,,41.0,,
B00C75LAPK,,,,,2.0
B00C7AQUBY,,,,,6.0
B00C7BX5J8,,,24.0,24.0,
B00C7GQGY4,14.0,,,,14.0
B00C7OEJRW,,,,1263.0,1263.0
B00C7OHX7A,,,,,182.0
B00C7V9920,,,144.0,,144.0
B00C7WG90O,146.0,,146.0,146.0,146.0
B00C8BYWQW,,,,,15.0
B00C8GBWBK,,38.0,38.0,38.0,
B00C8NY8VE,35.0,,35.0,,35.0
B00C9I27W0,,,,,5.0
B00C9NK31M,1122.0,1122.0,1122.0,1122.0,1122.0
B00CA0FAE4,,,,,7.0
B00CA28XNW,,,11.0,,
B00CA7VAX2,,,,822.0,
B00CAME6UQ,,,,2.0,
B00CAXB1N0,,,,,9.0
B00CB265WW,,,,1.0,
B00CB60MOU,,,,,18.0
B00CBG5KAQ,,,,,35.0
B00CBJO4PK,,,,,5.0
B00CBJST24,,,11.0,,11.0
B00CBM9TI4,,,,42.0,42.0
B00CBSVWVK,,,,,10.0
B00CBSVX46,,,9.0,,9.0
B00CBSVYU4,29.0,,29.0,29.0,29.0
B00CBTRK42,62.0,62.0,,62.0,62.0
B00CBXZ7HA,,,,,39.0
B00CBYH8PS,,,,,7.0
B00CC19PP6,58.0,,58.0,,58.0
B00CCBSSEK,,,31.0,,31.0
B00CCYMNMK,,,,151.0,151.0
B00CCYNRH0,,,,,33.0
B00CCYRZP0,,,,1410.0,
B00CD88LLC,,,,,1.0
B00CD8F4UI,,,,,10.0
B00CDWF15C,,,,,6.0
B00CE60ZY4,,,,,138.0
B00CEAFGWG,,,,,3.0
B00CEHCNJI,63.0,,,63.0,63.0
B00CEHG0R4,1194.0,,,,
B00CEK88YE,,,,,5.0
B00CEP7USO,,29.0,,,
B00CF1LLQY,,,,,44.0
B00CF3FPG4,,,,2.0,
B00CFCVLUO,92.0,,,,92.0
B00CFCWHT8,,,,,247.0
B00CFD1GKS,,,,,2.0
B00CFXAK82,,,,,6.0
B00CH8QH7I,,2.0,,,
B00CHH2VYW,,,,2.0,2.0
B00CHH8DNU,,,,,9.0
B00CHHKZT0,,,461.0,461.0,461.0
B00CHJUQGU,99.0,,99.0,99.0,99.0
B00CHJV6Q4,,32.0,,,32.0
B00CHTQW90,,,,,6.0
B00CI6IBBO,,,,,33.0
B00CIY7HQG,,,7.0,,7.0
B00CIYYDQI,,,215.0,215.0,215.0
B00CJ7GR5E,56.0,,,,
B00CJFTMGW,7.0,,,,
B00CKH9HH8,,,,,12.0
B00CKVTBQQ,49.0,,,49.0,49.0
B00CKZNGUE,,,,,5.0
B00CLEXGJU,,70.0,,70.0,70.0
B00CLJX136,,11.0,,11.0,
B00CLKUYD0,,,,,7197.0
B00CLKUZZM,7197.0,7197.0,7197.0,7197.0,7197.0
B00CLWVFX6,,,,,3.0
B00CM80YFO,,14.0,,,14.0
B00CMDHSOE,,,,,1.0
B00CMFNO0Y,,,,,71.0
B00CMG6JHI,,,,,8.0
B00CMG6S92,,,,,3.0
B00CMWDHQ8,,1.0,,,
B00CN50ZHI,,,,,12.0
B00CNC1Y08,10.0,,,,10.0
B00CNFT0CY,,,,68.0,68.0
B00CNYHTC8,,,,,16.0
B00COE2Q7A,128.0,128.0,,128.0,128.0
B00COKNPT2,,5.0,,,
B00COPB7GK,,,,1.0,
B00CORNWD4,,,14.0,,14.0
B00CP0R4KW,,113.0,113.0,113.0,113.0
B00CP74H00,,,,3.0,
B00CPAVIVI,1.0,,,,
B00CPCLC62,190.0,,190.0,190.0,190.0
B00CPSSLNS,,,,,8.0
B00CPTNHLS,45.0,,,,45.0
B00CPTQZJ4,,45.0,,,
B00CQ2RB3O,,,,,16.0
B00CQ5ZJUI,,,,,8.0
B00CQ7F0T6,,,,345.0,
B00CQ7RQ84,,,1.0,,
B00CQ7TS4E,,,3.0,,
B00CQ7ZVW2,,,,,1.0
B00CQD7KS4,,,9.0,,9.0
B00CQIM8E0,,124.0,,,124.0
B00CQJDI16,26.0,,,,26.0
B00CQMU8LG,,,,,27.0
B00CQNWGWO,42.0,,,,42.0
B00CQPRVYA,2.0,,,,
B00CQV2JBY,,,,,26.0
B00CQVFONE,,,,,10.0
B00CQW0I6G,,,,,12.0
B00CRAJW28,1.0,,,,
B00CRGOGUK,,,,,8.0
B00CS37HNU,,,,,41.0
B00CS6VPWG,,9.0,,,
B00CS98GJ8,44.0,44.0,44.0,,44.0
B00CSTBIZM,,,,,359.0
B00CSUGOUU,,,,,3.0
B00CSYYOOY,,,,,2.0
B00CTEDVBU,,,,,132.0
B00CTGO6XA,1120.0,1120.0,1120.0,,1120.0
B00CTKTVDG,,1815.0,1815.0,1815.0,1815.0
B00CTUFRUW,1508.0,1508.0,1508.0,1508.0,1508.0
B00CTUVC42,,134.0,,,
B00CTUVD14,,,,,13.0
B00CV7E7BS,,,,4.0,
B00CVCZF6Y,53.0,53.0,,,53.0
B00CVIL120,,,9.0,,9.0
B00CVPCBZ4,,,,,636.0
B00CW4IAO0,167.0,,,,167.0
B00CWX4DXI,,,,,12.0
B00CXD4Y5E,,,1.0,,
B00CXTCGA8,,6.0,,,
B00CXWXIU2,273.0,,,,
B00CXX9KJY,,,,,21.0
B00CY8DB5M,,,,2.0,
B00CY97VGG,,,8.0,,8.0
B00CYNR4R8,,,218.0,218.0,218.0
B00D05KQOW,14.0,,,,14.0
B00D09NBBI,,5.0,,,5.0
B00D0AEHDS,,,,,72.0
B00D0HX2N2,,,,,82.0
B00D13IVMW,,,,,43.0
B00D148HRK,,,,,43.0
B00D149AY4,,,,,1.0
B00D2CJCTS,57.0,,,,57.0
B00D2CZJ2C,10.0,,,,10.0
B00D2HUIVO,,,,,6.0
B00D2NURS2,,,,145.0,145.0
B00D2UYFHY,,,,,16.0
B00D2Z71FM,53.0,,,53.0,53.0
B00D35920I,32.0,,,,32.0
B00D362IAS,,,,6.0,6.0
B00D3EOYQ6,1.0,,,,
B00D3KE3DO,19.0,19.0,,,
B00D3PNPHE,3.0,,,,
B00D3RWU8M,,,,17.0,
B00D42CBE4,90.0,,90.0,90.0,90.0
B00D44OYJ2,,,,,20.0
B00D44RLG0,,,,,53.0
B00D44RWPK,,,,12.0,12.0
B00D47CJDW,260.0,,260.0,260.0,260.0
B00D4FIW62,,1.0,,,
B00D4FKGU2,511.0,,511.0,511.0,511.0
B00D4NQCQ6,,,,,34.0
B00D4XTCNQ,,,,,8.0
B00D4ZVFNO,,,2.0,,
B00D500PZC,272.0,,272.0,272.0,272.0
B00D58PAPO,,,,,10.0
B00D58XTIO,,,,,81.0
B00D5IESKW,15.0,,,15.0,15.0
B00D5WIUUM,,,,,2.0
B00D6D901I,,,,,2.0
B00D6EGCJK,,,,27.0,
B00D6EGWWC,,,,,27.0
B00D6EGX76,,27.0,,,
B00D6EGYCU,,,,,27.0
B00D7DDX06,,59.0,,,59.0
B00D7LAILU,,,,62.0,
B00D86VH28,234.0,234.0,234.0,234.0,234.0
B00D8I3YUO,,,,2.0,
B00D8XLJ6K,2.0,,,,
B00D9763PM,,,,,134.0
B00D9BRLA4,43.0,43.0,43.0,43.0,43.0
B00D9IMJOA,,,,31.0,
B00D9SAEC4,,42.0,,,42.0
B00DAGQV4K,4465.0,4465.0,4465.0,,4465.0
B00DANIP7Y,,,,,1.0
B00DBR2GYW,,,,128.0,
B00DC3NTZK,,,,,1.0
B00DCKKIY8,,,,,5.0
B00DCMY518,,,,58.0,58.0
B00DD1OP4A,,,,4.0,
B00DD5A9FK,1.0,,,,
B00DD6DCK8,341.0,341.0,341.0,341.0,341.0
B00DDXY4DU,,,,,8.0
B00DE6XJ7I,149.0,,,149.0,
B00DECAOO8,40.0,,,,
B00DELL2NQ,,,,,2.0
B00DF13S46,,,,,17.0
B00DGY6KII,,73.0,73.0,73.0,73.0
B00DGZ3ZBW,55.0,,,,55.0
B00DH20E6S,4.0,,,,4.0
B00DI1G3VI,,,68.0,,68.0
B00DIGC9UW,,,,,8.0
B00DIH6XUI,,,36.0,,36.0
B00DII7E6O,,,,,4.0
B00DIIMO8C,,,3.0,,
B00DJITPR4,,,,376.0,376.0
B00DJRAC3G,12.0,,12.0,,12.0
B00DJW18W0,,,,,8.0
B00DJY6N3W,,,,34.0,34.0
B00DK8ZNTW,,,,4.0,4.0
B00DLNTNQK,,,,,17.0
B00DLNXHPS,,,,,21.0
B00DM2QWHS,94.0,94.0,94.0,94.0,94.0
B00DN6YL4Y,,,,,22.0
B00DNK7GO2,,,,7197.0,7197.0
B00DNK7IEK,7197.0,7197.0,7197.0,7197.0,7197.0
B00DNK7J62,7197.0,,7197.0,7197.0,7197.0
B00DNRICZC,,,,,1.0
B00DNRXWL6,,,,,9.0
B00DOCNRB0,,,,,11.0
B00DOMOCCI,,,427.0,427.0,427.0
B00DOT3AEC,,,,,4.0
B00DPDOENS,,,,,1.0
B00DQ3Z4W2,,11.0,,,
B00DQEG7NG,,,,,17.0
B00DQUJLY2,,,44.0,44.0,44.0
B00DQZ5GNC,,3.0,,,
B00DR4GMM6,,,,,2.0
B00DRDAZDO,,,,,5.0
B00DRGWSJU,,,,,7.0
B00DRMEN4C,,148.0,,148.0,148.0
B00DRPUL90,,,58.0,58.0,58.0
B00DS608O6,,,3.0,,
B00DS6NMSU,,,,167.0,167.0
B00DS6NN66,,,,,169.0
B00DSCE91S,,,,,1.0
B00DSEG2XO,,,,,12.0
B00DSEW9PY,62.0,,62.0,,62.0
B00DSO5IU2,,,,,4.0
B00DSQFL02,,,,,36.0
B00DST0Q3Q,,,,,10.0
B00DSTMXBE,88.0,,,,88.0
B00DT35KUK,,,,,28.0
B00DT5WL0A,,,,,38.0
B00DTQ0V4M,,,,,10.0
B00DU4YBVW,,,,11.0,
B00DU5QLT6,,,,,2.0
B00DUP569M,,,,,5.0
B00DUVQMXU,,,,,3.0
B00DVEGBKA,,,70.0,70.0,70.0
B00DVFLIQQ,41.0,,41.0,41.0,41.0
B00DVKLV6S,,,102.0,,102.0
B00DVPXFKS,880.0,880.0,880.0,880.0,880.0
B00DWIZNHW,,,,,1.0
B00DWNX9FK,8.0,,,,8.0
B00DXFHGVA,,,,,173.0
B00DXZLIU0,,,,,2.0
B00DY8MNFU,,9.0,,,9.0
B00DYBB31C,,,6.0,,
B00DYCGUAK,,1.0,,,
B00DYO2M7S,1.0,,,,
B00DYSQWUM,18.0,,,,
B00DYYDWZE,,,,,10.0
B00DYYDX1W,,,10.0,,
B00DZPGSTE,631.0,631.0,631.0,631.0,631.0
B00E19R9PA,,,,13.0,13.0
B00E1CCVKK,,,,,6.0
B00E1YKYNO,,,790.0,,
B00E2540JQ,10.0,,10.0,,
B00E3AZJ36,,,,27.0,27.0
B00E3P62Z0,,,,,1.0
B00E4MKFVO,,,,,278.0
B00E4MP3WA,,,,,818.0
B00E4MR864,,501.0,501.0,,501.0
B00E4MRWS8,,,,68.0,
B00E4MSQ4C,,,,,121.0
B00E55KGKU,,,,2.0,
B00E5DUI28,,,,7.0,
B00E5DX6W2,,,,,218.0
B00E5DXI52,,106.0,,,106.0
B00E5QIID6,,,,,17.0
B00E6FAYK6,,,,,24.0
B00E7GSYK6,9.0,9.0,,,
B00E7NWDGU,114.0,,,,114.0
B00E7TL072,1063.0,,1063.0,1063.0,1063.0
B00E89LY5E,,,,,62.0
B00E8KBVAQ,,,,,14.0
B00E8RPNDK,,,,,3.0
B00E9AZAB6,,,,,28.0
B00E9B947G,,,,,4.0
B00E9BXS7I,,,,18.0,
B00E9SP888,16250.0,16250.0,16250.0,16250.0,16250.0
B00EAFA04W,,,,159.0,159.0
B00EBESJCC,,,,,3.0
B00EBFJIPS,,,,,4.0
B00EBUQUOU,,,,,7.0
B00EBW7OLG,,,,295.0,295.0
B00EC8GG1I,,,,132.0,132.0
B00ECQCVK0,7557.0,7557.0,7557.0,7557.0,7557.0
B00ED42G6A,,,,,29.0
B00EDY0IJM,,,70.0,70.0,70.0
B00EE1JSUY,,,,,4.0
B00EECPK5K,137.0,,137.0,,137.0
B00EEQD31O,,,,,3.0
B00EG92BTE,,,,,4.0
B00EH8ILQG,52.0,,,,52.0
B00EHD7HSY,,,2.0,,
B00EJDIU3I,45.0,,,45.0,45.0
B00EK0BH9Y,,,721.0,721.0,721.0
B00EK5JRUA,,,,25.0,25.0
B00EKOLU8I,,,,,1.0
B00EKS39HY,,,,23.0,23.0
B00EKY7KAA,57.0,,,,57.0
B00EL3M24Y,,,,,74.0
B00ELJQV36,,,,,4.0
B00ELMBHRI,,,,,33.0
B00ELUJKT2,,,,10.0,10.0
B00EM3AECK,19.0,,,,
B00EMVMZ38,36.0,36.0,,,36.0
B00EN6GKMY,,,,1.0,
B00ENTFZNQ,,,4.0,,
B00ENZNHZ8,,,,,8.0
B00ENZT73E,,,,,336.0
B00EOF23CK,,499.0,499.0,499.0,499.0
B00EPA79TG,6.0,,,,6.0
B00EPEFLTM,14.0,,,,
B00EPGIPDE,20.0,,,,20.0
B00EPOXR8O,4.0,,,,
B00EQ2DY88,,,,,4.0
B00EQ2I1LI,,,,,8.0
B00EQ4YI22,,,6.0,,6.0
B00EQ53UCA,,,,,4.0
B00EQMYEX2,,,,,6.0
B00EQVJOX8,,,,,13.0
B00EQWKN14,3.0,,,,
B00ER0M6FQ,,1.0,,,
B00ERBW10K,,,,,4.0
B00ERCHFZK,,,,,22.0
B00ERJ03FW,,,,,3.0
B00ESN03WU,,,,,3.0
B00ESVOIPA,,,,7.0,
B00ESYFFKY,32.0,,,,32.0
B00ET66QL8,73.0,,,,73.0
B00ET7HMCE,,,,,1.0
B00ET9DZ7I,,,,,4.0
B00ETHVUHM,411.0,411.0,411.0,411.0,411.0
B00EU3SGTU,,,,,13.0
B00EUG831I,43.0,43.0,43.0,,43.0
B00EUKWNG0,60.0,,,,60.0
B00EV4NSYQ,14.0,,,,
B00EV81286,,,,,1.0
B00EVBRK4S,,,,,5.0
B00EVFGRVQ,,,26.0,26.0,26.0
B00EVQ3KUQ,,73.0,,73.0,73.0
B00EVQ3KW4,,,50.0,50.0,50.0
B00EVQ3L1O,,,,,10.0
B00EVRXKAK,,,456.0,456.0,456.0
B00EW6QROQ,,,,,5.0
B00EWNOLLU,,,,,39.0
B00EWSY5PM,,,,15.0,15.0
B00EXPQH28,,,499.0,499.0,499.0
B00EXRI87S,73.0,73.0,73.0,73.0,73.0
B00EXSAJ56,587.0,,,587.0,587.0
B00EXW1M5S,,,,,87.0
B00EYG705Y,,,,,49.0
B00EYIAHTS,,,,,1.0
B00EZ4RSPC,,,,,78.0
B00EZ609H4,95.0,,95.0,,
B00EZAM9I2,755.0,755.0,755.0,,755.0
B00EZL3AAM,,,,2.0,
B00EZMKFF4,,,,5.0,
B00EZWS6H8,,,,,190.0
B00EZWTM1M,,,,,16.0
B00EZWUHAM,,,,,32.0
B00F07M9KW,,,6.0,,
B00F0KVTYG,,,,,2.0
B00F1ATIZC,,21.0,,,
B00F1ATMYY,,,,,36.0
B00F1OJNKS,,,,,1.0
B00F20V4Z8,12.0,,,,
B00F2QLBXC,,,,,13.0
B00F2SDY5S,,,,4.0,4.0
B00F383JJI,,2416.0,,2416.0,2416.0
B00F3IBEBI,46.0,,46.0,,46.0
B00F3ICJJE,,,,144.0,
B00F4NZVJ8,379.0,379.0,,,379.0
B00F4OG772,,,,,6.0
B00F4YDVRQ,8.0,,,,8.0
B00F578RQW,21.0,21.0,,,21.0
B00F7O16G6,192.0,192.0,,,192.0
B00F86Z9TI,,,,,192.0
B00F89JKKO,,,,75.0,75.0
B00F8JQG92,,,,,1.0
B00F8KFO7G,,,,,1.0
B00F8OLY9O,,,,,1.0
B00F9H0IKQ,2810.0,2810.0,2810.0,2810.0,2810.0
B00F9KE3YA,,,174.0,174.0,174.0
B00F9OQFH4,,,,,91.0
B00F9Q3FZM,,,3.0,,3.0
B00F9Q6G5I,,,,15.0,15.0
B00F9S91CG,268.0,,,268.0,268.0
B00F9S91FI,,,268.0,268.0,268.0
B00F9S91GM,,,268.0,268.0,268.0
B00FA6617A,30.0,,30.0,,30.0
B00FAOGSZW,,5.0,,,
B00FAQ1NGY,,,,,2.0
B00FAVARHK,,12.0,,,
B00FBBK38M,154.0,154.0,,154.0,154.0
B00FBG8UUA,,,,21.0,21.0
B00FBGW9LG,16.0,,,16.0,16.0
B00FBQON1U,,,21.0,,21.0
B00FCZCCWW,,,,3.0,
B00FD3SBQ4,24.0,,,,
B00FDKXPIG,,,40.0,,40.0
B00FDLS8NC,,,,6.0,
B00FDNNIMG,,23.0,,,23.0
B00FDVEXQS,,,,296.0,296.0
B00FE7T0Q4,,,,,15.0
B00FELOTJI,,,,161.0,161.0
B00FEND640,,,,87.0,87.0
B00FFEN4AY,,,8.0,,
B00FFIGQR8,,,,,2.0
B00FFJ077C,,62.0,,62.0,62.0
B00FH3Z06Y,,,,17.0,17.0
B00FH4IF10,,216.0,216.0,216.0,216.0
B00FJ3MVLY,,,,,586.0
B00FK7Z8FA,,,,8.0,
B00FKTD8W8,,5.0,5.0,,
B00FKW3HVC,,43.0,,,43.0
B00FL2052A,,,,,7.0
B00FL3TZMK,,,,,13.0
B00FL7DN88,,,,,6.0
B00FLJP13G,265.0,,265.0,,265.0
B00FMDWGUW,,,,,6.0
B00FN1CI7Y,,,,,2.0
B00FN5IP22,124.0,124.0,,124.0,124.0
B00FNUS6KS,,3.0,,,3.0
B00FO9BC0E,,,,1.0,
B00FOGZBKY,,8.0,,,8.0
B00FORWRK0,,,,3.0,
B00FPFOPJW,,,2.0,,2.0
B00FPO1JAQ,43.0,,,,43.0
B00FPTNF8K,26.0,,26.0,,26.0
B00FQIHHDE,,,3.0,,
B00FQL7MY0,,,33.0,,33.0
B00FQR4UDU,,,,,2.0
B00FQR7REY,,,,,20.0
B00FRDPRDK,,,41.0,41.0,41.0
B00FRFPIFK,,,2.0,,
B00FSD4BT0,42.0,42.0,,,
B00FSFRHO4,,,,,7.0
B00FTG6YLY,,,,209.0,209.0
B00FTZGKZ0,,,,35.0,
B00FU2DBVI,,,,,10.0
B00FU57VES,,,,1.0,
B00FU58PC0,,,,,9.0
B00FU5E704,,,,,2.0
B00FU5JU9W,,,,,8.0
B00FU6I0A6,,,,,56.0
B00FV575RK,1857.0,1857.0,1857.0,1857.0,1857.0
B00FVVJ9SM,,1.0,,,
B00FW9KCLQ,,6.0,,,
B00FWX68O2,,,,,25.0
B00FX2PBL8,,30.0,,,
B00FXBRV3U,169.0,,169.0,,169.0
B00FXJFDTQ,583.0,,583.0,,583.0
B00FXND7X6,,,,,36.0
B00FXOPP08,155.0,155.0,155.0,155.0,155.0
B00FXSIB6O,,,,,148.0
B00FY46Q3M,,,,,10.0
B00FYK0W4K,541.0,541.0,,541.0,541.0
B00FYK1OXS,153.0,153.0,153.0,153.0,153.0
B00FYTEW06,,,,,5.0
B00FYZ9U7K,,,14.0,,14.0
B00FYZIO0E,,,,,20.0
B00FZIU29Q,,,,3.0,3.0
B00FZLRJJO,,18.0,,,18.0
B00G2CPEB0,665.0,665.0,,665.0,665.0
B00G2DAOV4,,,,,27.0
B00G2DESQG,,,,,25.0
B00G2OYTAU,,,,,26.0
B00G2ZYPFS,615.0,615.0,,,615.0
B00G3C3Y9I,,,,,14.0
B00G4DAKAC,,,,,10.0
B00G4EOU4S,81.0,,81.0,,
B00G4HRTTS,,,,,7.0
B00G4S2DIO,,,,,4.0
B00G4T3U4O,,,,,2.0
B00G4UC2K6,,,4497.0,,4497.0
B00G6ZRNO4,,,,,22.0
B00G71LV3Q,,,,,208.0
B00G77YUB0,,,,,3.0
B00G7L0FW4,,,,,2.0
B00G7PCHIK,,28.0,,28.0,28.0
B00G7TTC8Y,5.0,,,,
B00G99T3OK,,,,,20.0
B00G9TWUWC,20.0,20.0,,,20.0
B00GA2GRG8,20.0,,,,
B00GA2GT4I,,13.0,,,
B00GA2M62W,,,,,1.0
B00GA9EJBG,,,,,14.0
B00GA9J6W8,,,,,14.0
B00GAC17YA,,,158.0,,158.0
B00GB7LAWS,,,,,30.0
B00GBL7G54,,,,,15.0
B00GBLC6AO,,,,,11.0
B00GC59I8M,,11.0,,,
B00GCHAW4E,,,,38.0,38.0
B00GDIOR84,40.0,40.0,40.0,,40.0
B00GDPQXZM,,,,,45.0
B00GDZ4HYQ,,12.0,,,
B00GE9FMJK,165.0,165.0,165.0,,165.0
B00GEI4TJA,,,,,266.0
B00GEL5IK6,,16.0,,,
B00GFJ6C0C,,,,,2.0
B00GFJAFVO,50.0,,50.0,,50.0
B00GFSGZN2,,,,,3.0
B00GFX8B3Y,,,,,1.0
B00GFZFX7Y,,,,2.0,
B00GGKORKW,,,,,110.0
B00GGT8376,,,,,105.0
B00GHF7CJO,,,,,3.0
B00GHODSES,6822.0,6822.0,6822.0,6822.0,6822.0
B00GHQMC16,,,,,8.0
B00GI0N7WY,,,,,4.0
B00GI3GINQ,,,,362.0,362.0
B00GJ69X5C,,,,,1.0
B00GJ83T1E,35.0,,35.0,,35.0
B00GJ8BF6K,,,,,26.0
B00GJAI74Q,,,,,6.0
B00GJFSWZU,,2.0,,,
B00GJG9JBA,1298.0,1298.0,1298.0,1298.0,1298.0
B00GJG9JCY,1298.0,1298.0,1298.0,1298.0,1298.0
B00GJHI5XM,,,,17.0,17.0
B00GL9O0W8,,,2.0,,
B00GLP3KOQ,,,,,1.0
B00GLV4J1S,,4.0,,,
B00GM2C3DC,,,,285.0,
B00GM2YHMW,,,,,7.0
B00GM7SW3C,,,,,8.0
B00GMOTE3M,,,,,3.0
B00GMOVC8W,,,4.0,,4.0
B00GMP0NIQ,,,,,36.0
B00GMP4E2W,,,,,9.0
B00GMP4O4U,564.0,,,,564.0
B00GMP4UBM,,,,,2516.0
B00GMP4ZN0,1714.0,,1714.0,1714.0,1714.0
B00GMP6R6S,92.0,,,,92.0
B00GMP84U0,,,,,17.0
B00GMPAB9W,,,,7.0,7.0
B00GMPE9F4,,,,,73.0
B00GMPMVYK,,,,,19.0
B00GMPN1O4,480.0,,480.0,480.0,480.0
B00GMPOKWG,,,,,66.0
B00GNJ97CO,,,,33.0,33.0
B00GNVF6TU,,,,,2.0
B00GOFVI2O,,2.0,,,
B00GOLUVXA,,,,,20.0
B00GONZZ3E,,,2.0,,
B00GPI2T6E,,,,,1.0
B00GQPC7SG,,15.0,,,15.0
B00GQPC7TK,,,58.0,58.0,58.0
B00GR4CDSU,2124.0,,,2124.0,2124.0
B00GR9DT4M,,,,9.0,
B00GRMIWIW,,,,,9.0
B00GS8623C,,,24.0,24.0,24.0
B00GSD95UE,19.0,,,,19.0
B00GSV9P3I,,,,,1.0
B00GTA2GWU,,,,,269.0
B00GTA5UNC,,,,4.0,
B00GTO0ANS,,,,,17.0
B00GTW0V0C,,,,,6.0
B00GTYNJU4,387.0,387.0,,,387.0
B00GU2668M,1198.0,1198.0,1198.0,1198.0,1198.0
B00GUP65VW,,,104.0,,104.0
B00GUROM9W,108.0,108.0,,108.0,108.0
B00GW2VFN6,,,,,2.0
B00GW529G0,19.0,,19.0,19.0,19.0
B00GW76SJM,,,,,6.0
B00GW7DNTU,,,,,5.0
B00GW85M6G,,,,,5.0
B00GWG63OS,665.0,665.0,665.0,665.0,665.0
B00GWH33XQ,,,,,17.0
B00GWL7DWO,,,1.0,,
B00GX1LRX4,,,,,1.0
B00GX2OEK6,21.0,,,,
B00GXKU9S4,,,,,14.0
B00GXU882I,,,,,6.0
B00GY3VR5E,,,,,118.0
B00GY8TPNK,35.0,,,,35.0
B00GYAVYBE,,,,,10.0
B00GYAYZ8S,,,,,15.0
B00GYBF8I8,,390.0,390.0,,390.0
B00GYGEIMU,,,,,4.0
B00GYI2NOS,,,,,2.0
B00GYOK132,17.0,,,,
B00GYRACCO,29.0,,,,
B00GZAVQSE,1580.0,,,1580.0,1580.0
B00GZC23VG,,,11.0,,
B00H0CBW5S,,,,,19.0
B00H0FC6F0,,65.0,65.0,,65.0
B00H0FC93E,,,,,3.0
B00H11EU70,,,,,39.0
B00H1L8FZS,,,,,6.0
B00H234W98,,48.0,,,48.0
B00H25BOHO,,,292.0,,
B00H25IYG8,,,60.0,60.0,
B00H39B7TO,,,9.0,,9.0
B00H3DMXNY,,,,,20.0
B00H3R1CKU,286.0,,286.0,,286.0
B00H3R4KS6,,,,,11.0
B00H3R64PI,,,,,7.0
B00H3R6LOC,49.0,,,,49.0
B00H3TM04U,194.0,,194.0,,194.0
B00H4D0OLQ,,,,75.0,75.0
B00H4HEQAW,,,,,52.0
B00H59C1C4,,1298.0,1298.0,1298.0,1298.0
B00H5X1WZW,,,,,24.0
B00H6AXT96,,,,,1.0
B00H6VA9J8,,,,11.0,
B00H7GCWHE,,,12.0,,
B00H7H6SXM,,,,,5.0
B00H7Z2EAK,,,,,13.0
B00H8BFJ5A,4.0,,,,
B00H8GZAYK,2.0,,,,2.0
B00H8J44J4,,,,1.0,
B00H8J48C2,,,,1.0,
B00H8K33BS,,,332.0,,332.0
B00H8K5NIY,1.0,,,,
B00H8K9YRK,,,,,18.0
B00H8PZ690,,,,,83.0
B00H90HT7Q,3.0,,,,3.0
B00H9U7DV8,40.0,,,,
B00H9WLHR2,,,,,5.0
B00HA0AAM6,,,,,22.0
B00HA0AANA,,,,,22.0
B00HA7XFXK,,,,,31.0
B00HA8SJFS,,1092.0,1092.0,1092.0,1092.0
B00HBYI51O,,,,,3.0
B00HC819RG,,,,,2.0
B00HCMXB00,,,,,83.0
B00HCP1BKO,,,,16.0,
B00HD7KFSA,,3.0,,,
B00HD7SERE,9.0,,,,9.0
B00HDDZ8AY,,,,,33.0
B00HDOYQUQ,,,,,7.0
B00HE1QJPS,,,,,126.0
B00HEW78R0,370.0,370.0,370.0,370.0,370.0
B00HF4KUZ4,,,206.0,,
B00HF4NH1I,,,,,883.0
B00HFMAXXU,,,,48.0,48.0
B00HFW1FRS,,,,,8.0
B00HG5IN6A,29.0,,,,
B00HH1DEVM,,,,26.0,26.0
B00HHCP11W,,,,,5.0
B00HHGS6M4,,,,,586.0
B00HIDXBRG,,,,407.0,
B00HIHPFBM,,,13.0,,13.0
B00HK8UGOA,,,,,6.0
B00HKM2022,,,,,1.0
B00HKPB82C,,,,,5.0
B00HKQ7W30,,,,,2.0
B00HKRO9XK,,,,7.0,7.0
B00HL5VLRS,,,,1.0,
B00HLQPWSQ,,56.0,56.0,56.0,56.0
B00HNL7QVU,,,,,3.0
B00HNWORMK,,,38.0,,
B00HNYDMHY,,,,,4.0
B00HOKABV2,,,,,174.0
B00HPD4NP8,,,,39.0,39.0
B00HPKU6NY,,,,,5.0
B00HQ8MZ66,46.0,,,,
B00HQA1FII,993.0,993.0,993.0,993.0,993.0
B00HQJXRIA,,,,271.0,271.0
B00HQLBV4K,,,,,6.0
B00HQTZT7W,2.0,,,,
B00HQVV6TA,,,,,22.0
B00HQXVD4G,280.0,,,,280.0
B00HQXVGD4,,,,,66.0
B00HR4IV5S,,,5.0,,
B00HRFT7PA,,,,,284.0
B00HRFWJ4G,,,,,221.0
B00HRGPROY,,,,,508.0
B00HSAOFD8,186.0,186.0,186.0,186.0,186.0
B00HSE4WIM,,,,,35.0
B00HT16Y4Y,32.0,32.0,,,
B00HT1MF0Q,,,,12.0,12.0
B00HT1NP64,27.0,,,,27.0
B00HT9MK2Q,,,,,11.0
B00HU6NIH4,,,,,2.0
B00HUGBJOI,,,,,25.0
B00HUR3BDY,274.0,274.0,274.0,274.0,274.0
B00HVAP980,,,,,3.0
B00HVGDXFU,,,,32.0,32.0
B00HVR5JV0,,,128.0,,128.0
B00HVTW4BG,,,,,3.0
B00HX6L6NY,29.0,29.0,,,
B00HX8MUVY,,,,,60.0
B00HXBGIJ6,,4.0,,,
B00HXTOYM6,,,,,4.0
B00HXZLNQU,,,,,22.0
B00HXZLNR4,,,,22.0,
B00HZ3PXV6,,86.0,,86.0,86.0
B00HZ7P7SG,224.0,,,224.0,224.0
B00HZHM85Q,,,,,117.0
B00HZIQH7K,,,18.0,,18.0
B00HZK2FAQ,10.0,,,,
B00I01Q4C4,5.0,,,,
B00I0HGOH8,,,,,16.0
B00I13F3PK,,,,,6.0
B00I1WHVYC,,,,,16.0
B00I258Y1C,,,17.0,,17.0
B00I2DAQ1K,,,,,17.0
B00I2GXGAU,,,,,9.0
B00I2K1PBS,,,,,22.0
B00I2Y68RA,,,,1.0,
B00I33INPA,,,,,194.0
B00I36KQPW,,,,5.0,
B00I39CPKI,82.0,,82.0,82.0,82.0
B00I3G4ZU4,,,2.0,,
B00I3VGP66,1.0,,,,
B00I3W7A64,,,,,8.0
B00I4C08BM,129.0,,,,129.0
B00I4QOCHY,1.0,,,,
B00I4WLM6W,,4.0,,,
B00I5BVP96,,,,,2.0
B00I5IWE08,,,,,6.0
B00I5VG8DE,,128.0,128.0,128.0,128.0
B00I66D4X0,,,,2.0,
B00I6CS59W,,1.0,,,
B00I6E2TEW,,,,,1.0
B00I6ECZLE,,,,,1.0
B00I75RBLQ,,188.0,,188.0,188.0
B00I7BMK3O,,,,,9.0
B00I7BW05C,,,36.0,,36.0
B00I84IYKI,,,,2.0,
B00I8ULKI0,,,,,2.0
B00I8UMKFW,,,,,23.0
B00I93DO5I,,23.0,,,23.0
B00I9KGZ8E,,,,124.0,124.0
B00I9TM6QU,,,,14.0,
B00IA8DQRI,,,,38.0,38.0
B00IAADTMI,,,,,4.0
B00IALDGJS,24.0,,,24.0,24.0
B00IAMNOL2,5.0,,,,
B00IASI6MS,,,25.0,,25.0
B00IAU4EH2,414.0,,414.0,414.0,414.0
B00IBDDAFA,,,,,9.0
B00IC9O4VM,,,,98.0,
B00ICAEQC8,,,1.0,,
B00ICD5L88,,,,,1.0
B00ICE7K4K,18.0,,,,
B00ICHIOD8,,,,,9.0
B00ID0SFTM,,,,,4.0
B00IE7CM98,,,,,6.0
B00IEHZ6BE,,,,,25.0
B00IFDWDK4,,,,,111.0
B00IG0L9XS,,,,,37.0
B00IG0X0US,,,,,2.0
B00IG4INM4,,,,,26.0
B00IGEK386,,,,,32.0
B00IGFVP7I,,,,,1.0
B00IGGX462,,,,,62.0
B00IGWP7S4,,,47.0,47.0,47.0
B00IGZQ5QO,,,,,12.0
B00IH1ABU8,,,,15.0,
B00II3L1YK,,,,,5.0
B00II7P2XM,,,,,23.0
B00IIEIJ9Y,,,,,2.0
B00IIIF9GQ,15.0,,,,15.0
B00IIJNSUY,,,,,15.0
B00IIRIBNA,,,,3.0,
B00IIRKZFC,,,,,1.0
B00IISCBSK,,,5.0,,
B00IIVILFE,,,,15.0,15.0
B00IJGHPWS,,,,,32.0
B00IJIQ3H4,,,,,23.0
B00IK2L8S8,,,24.0,,
B00IKC7TOA,,,,,6.0
B00IKQEM4G,,,,,25.0
B00IKY4ORS,,,,,4.0
B00IL9FDUE,,,,,11.0
B00ILO86KS,,,,29.0,29.0
B00ILVUONI,,,,,2.0
B00IM4W6S0,,,,,3.0
B00IM7HJ3Y,7.0,,,,
B00IMDYNTG,,,,,76.0
B00IMJYXM2,,,,,2.0
B00IMTPZ5Q,,,,17.0,17.0
B00IN6QOC6,,,,,30.0
B00INCJWLK,142.0,,,142.0,142.0
B00INNR234,,,,,21.0
B00INP3E6Q,17.0,,,,
B00INP6QLG,,,,,18.0
B00INZOR4O,,,,,39.0
B00INZOSFM,,,,,39.0
B00INZOUA0,,,,,39.0
B00IO2Q39I,,,,,10.0
B00IO2SB34,,,,,52.0
B00IO3A2CQ,7.0,,,,7.0
B00IO4ACBQ,,,,,16.0
B00IOBDRUC,5.0,,,,
B00IOVMZEG,,,,5.0,
B00IOW4T6M,,,,,4.0
B00IOXLN2O,,367.0,367.0,,367.0
B00IP6CAA4,,,,147.0,147.0
B00IPJXOP6,,,,,5.0
B00IPYHSX0,,,,,13.0
B00IQLELDM,,,,,1.0
B00IQN4FYK,6.0,,,,
B00IR2FY4U,,,,,6.0
B00IRD56JC,,422.0,,,422.0
B00IRUEO2K,,,,,2.0
B00IRZRJ8G,,,,,36.0
B00IRZRNVO,,,,,36.0
B00ISBC6QO,,,,,14.0
B00ISBMJPC,52.0,,,,
B00ITSQ4OG,,,,,41.0
B00IU0YZN0,,,,,9.0
B00IU4FOJ0,,,,,48.0
B00IU5B4PM,,178.0,,,178.0
B00IUIHKHK,62.0,,,62.0,62.0
B00IUYWMKE,,,51.0,,51.0
B00IV0ZI1M,2705.0,2705.0,2705.0,2705.0,2705.0
B00IV1GK22,,,5.0,,5.0
B00IV6OMHC,,7.0,,,
B00IV7MYXK,,,,,16.0
B00IVIW9XE,,,,,15.0
B00IVIWA1A,,,15.0,,
B00IVIWAUG,,15.0,,,
B00IVSOXD8,,,,,8.0
B00IW8NL6M,,,,,4.0
B00IX4WVWU,,,,,4.0
B00IXMM4QU,,,10.0,10.0,10.0
B00IXX0BF0,,,,,46.0
B00IYDAWY4,,,,,18.0
B00IYDVBV2,,,,,11.0
B00IYLQ8CG,,,,,29.0
B00IYM9XK4,,,,,8.0
B00IYMLOKQ,,,,,157.0
B00IYMMLS0,,,,8.0,
B00IYTNYFW,,,,,7.0
B00IZ5DJJQ,15.0,,,,15.0
B00IZ9W4TS,,,,17.0,17.0
B00IZRWY7C,,,76.0,,76.0
B00IZU3SK6,,,,,46.0
B00J097VC2,,,,,105.0
B00J0H3X5I,,,,,1.0
B00J0IZH1K,,,,,14.0
B00J0KU416,30.0,,,,30.0
B00J1NI43M,,,,,1.0
B00J1PX1L0,,,,,140.0
B00J2AUBCG,,66.0,,,66.0
B00J2E272O,,,,,11.0
B00J2FRNYK,,,,,2.0
B00J2L49N2,,,,,1352.0
B00J2LBFDY,,,,152.0,152.0
B00J2VNDQ6,,,43.0,,43.0
B00J30RD26,,,,,20.0
B00J362XIO,54.0,,,,
B00J378NEG,,,,,3.0
B00J3BB6QO,,,,35.0,35.0
B00J3IS0EI,,,,,8.0
B00J462Q2G,586.0,,586.0,586.0,586.0
B00J4ICJ4E,,,,,1.0
B00J4MZG5O,,,15.0,,15.0
B00J4WI6S8,,,,,195.0
B00J4YY4DM,,,1271.0,,1271.0
B00J54599E,,31.0,,,31.0
B00J54EVNY,137.0,137.0,137.0,137.0,137.0
B00J54EVV6,,137.0,,,137.0
B00J5IWRJU,426.0,,426.0,,426.0
B00J5K577W,,,,,1.0
B00J5K5WKE,399.0,399.0,399.0,399.0,399.0
B00J5K600A,573.0,573.0,,573.0,573.0
B00J5KCKR2,,,,,91.0
B00J75JN3Y,,6.0,6.0,,
B00J75KLBM,,,,,25.0
B00J77OMR4,29.0,,,29.0,
B00J7O7KVW,,,,91.0,91.0
B00J7ZGWYC,,,,,15.0
B00J8IPJHO,,,,,12.0
B00J8MPIYY,,,,6.0,
B00J8N537K,478.0,478.0,478.0,478.0,478.0
B00J8UJNU6,,,,772.0,772.0
B00J8X2YEK,65.0,65.0,,,65.0
B00J8XR8BO,,,12.0,,
B00J95RLXG,609.0,,,609.0,609.0
B00J97OMQS,,,2.0,,
B00J9OIPW8,,,,,5.0
B00J9QBIRK,,,,4.0,
B00JA8QA84,3.0,,,,
B00JB3NLUI,,,,,72.0
B00JBNYLCK,,,,8.0,8.0
B00JBWQFWU,,,,,42.0
B00JC4Z3UC,,25.0,,,25.0
B00JC9NXXQ,,,,,2.0
B00JCKBMTM,,,,,2.0
B00JDNMTD6,22.0,,,,22.0
B00JDOUF5O,,,,,2.0
B00JDSPLGI,,,5.0,,5.0
B00JDSR4IG,,,,,7.0
B00JDXD1O2,,,,,2.0
B00JE60FGU,,,,23.0,23.0
B00JEHUHEE,,,,,6.0
B00JEMV5C2,,,21.0,,21.0
B00JENMYBM,51.0,,,,
B00JEQHJKA,14.0,,,14.0,14.0
B00JEU9X6O,,,,,15.0
B00JEU9XJQ,,,,,15.0
B00JF0IK12,85.0,85.0,85.0,85.0,85.0
B00JFBX5QQ,,,,,176.0
B00JGR4ADQ,812.0,812.0,,812.0,812.0
B00JGRF81O,,,,3.0,
B00JGWKUH6,,,,,2.0
B00JH1AWII,,,,,3.0
B00JH2HJYW,,,,,398.0
B00JH4QHT8,,,,,3.0
B00JIJI2HW,,,,,2.0
B00JIUGWX2,,,,,1.0
B00JIV1O5W,,,,,3.0
B00JIZRYO8,42.0,,,,42.0
B00JJ1L0LY,,,,,1.0
B00JJ370NE,,,,,7.0
B00JJ3F0PY,,,,29.0,29.0
B00JJ8R7J6,,,,,15.0
B00JJAOA4O,9015.0,9015.0,9015.0,9015.0,9015.0
B00JJAYSVO,,9015.0,,9015.0,9015.0
B00JJIPDV0,,,,17.0,17.0
B00JJJ4NA6,3.0,,,,
B00JJQ7GVW,,,,7.0,7.0
B00JJQWREI,,,,,7.0
B00JJRJGUU,1044.0,,1044.0,1044.0,1044.0
B00JKA1DX4,,,,,9.0
B00JKEFN5O,,,,7.0,
B00JKJ7FI2,,,,468.0,468.0
B00JKJ7FIC,,,,468.0,468.0
B00JKJ7FK0,,,468.0,,468.0
B00JKJ7FKA,468.0,,468.0,468.0,468.0
B00JKJ7FMS,,468.0,,468.0,468.0
B00JKJ7FO6,,,,468.0,468.0
B00JKJ7FQ4,,,,468.0,468.0
B00JKJ7FQE,,,,468.0,468.0
B00JKJ7FV4,,,,,468.0
B00JKQAGI6,,,,,358.0
B00JKV2S8W,,,,,3.0
B00JKWT7QM,,,,130.0,
B00JLKUEPG,,,,,29.0
B00JLMTHBG,,,,,3.0
B00JLTP2VI,,,,,4.0
B00JM0QRAG,,,,170.0,170.0
B00JM970NK,,,,,47.0
B00JMH7BBI,,12.0,,,
B00JN06U1Q,5.0,,,,
B00JNFE4E6,,,,11.0,
B00JNIGQ3A,,,,,13.0
B00JNS8P7K,,,,4.0,
B00JO32VMY,,,1.0,,
B00JO9X6DQ,,1.0,,,
B00JOFP37W,12.0,,,,12.0
B00JORBDWE,,,28.0,,
B00JORBH98,11.0,,,,
B00JPCN13W,,,,,10.0
B00JQ6XIFS,45.0,,45.0,45.0,45.0
B00JQ8UNKE,,24.0,,,24.0
B00JQ8Y6PW,,,,,10.0
B00JQFN8PE,,,,,6.0
B00JQHTCYI,,,,,5.0
B00JQN2S8E,,,14.0,,14.0
B00JR23RKW,,,,,8.0
B00JR2EO18,320.0,,,,320.0
B00JR5NLYG,,,,4.0,4.0
B00JR6JTUU,,,,1.0,
B00JR6XBRW,,,,,39.0
B00JRHV182,,,,,6.0
B00JRN8ZZI,,,,,6.0
B00JRX6R62,,,25.0,,25.0
B00JS11BJQ,,,,,11.0
B00JSB05TS,,,,,24.0
B00JSK9E7S,,336.0,336.0,336.0,336.0
B00JSSQE46,,,,,132.0
B00JSZ65Z2,,27.0,,,27.0
B00JT3U3VK,,,,,1.0
B00JTH1Z9K,,,,,2.0
B00JTJ9A9K,1730.0,,1730.0,,1730.0
B00JTMXFSY,,,,,944.0
B00JU759FK,,,,,51.0
B00JULU01O,,,,,36.0
B00JV184C0,,,,,18.0
B00JV1KDGK,,228.0,228.0,228.0,228.0
B00JV6DKCO,,,,,276.0
B00JVIS17Q,,,,,119.0
B00JVR5FLC,,,,,1.0
B00JVZGQBC,,155.0,155.0,,155.0
B00JVZJLFK,,,,,11.0
B00JW3CRI4,,,,,1.0
B00JWQS7MG,,,,,5.0
B00JWU5L58,31.0,,,,31.0
B00JX060ZW,,,,36.0,
B00JX1FBSI,,,,,18.0
B00JX4KOUK,,,,,20.0
B00JXBHEWE,6.0,,,,
B00JXCU6GE,,,,,9.0
B00JXV1OQG,2.0,,,,
B00JY95XXC,,,,,1.0
B00JYLUZAG,,,,26.0,26.0
B00JZSA6PC,128.0,,128.0,128.0,128.0
B00JZTX414,,,,,20.0
B00K00WR8I,,,42.0,,42.0
B00K01UA86,13.0,,,,13.0
B00K02S6D6,,,,49.0,49.0
B00K08MFQY,,,5.0,,5.0
B00K0F1TW8,,,6.0,,6.0
B00K0IOSIW,,,,5.0,
B00K17UQEW,149.0,149.0,149.0,149.0,149.0
B00K1HEG7K,7.0,7.0,,,7.0
B00K1JH01M,,,49.0,,
B00K226DNO,,,,5.0,
B00K29GYQI,,36.0,36.0,,36.0
B00K2BYVOI,324.0,324.0,324.0,324.0,324.0
B00K2BYVPM,186.0,186.0,186.0,186.0,186.0
B00K2DEDT4,,,54.0,54.0,54.0
B00K3DBO7W,,,,,10.0
B00K3GTMDW,43.0,,,,
B00K3ZRZ0K,10.0,,,,
B00K4MM9P8,,,,,10.0
B00K53I9YG,,,,,508.0
B00K599BRE,,,,,7.0
B00K5KACJY,7.0,,,,
B00K5Q7LAQ,,,,43.0,43.0
B00K5VSA0G,,,,,9.0
B00K5XXPOK,17.0,17.0,17.0,,17.0
B00K60YTQK,,,,,6.0
B00K61R5O2,,,,,1.0
B00K69EAOM,,,,131.0,131.0
B00K6FRLTW,1383.0,1383.0,1383.0,1383.0,1383.0
B00K6LZS50,,,,24.0,24.0
B00K6OBB7Q,,,,,8.0
B00K6PBJ9A,,,,111.0,
B00K8BQYVU,,,,228.0,228.0
B00K8EYN6A,,,,,28.0
B00K8RFS48,,,,,1777.0
B00K8U9JHW,,4.0,4.0,,
B00K97U99Q,,,,22.0,22.0
B00K99BPV0,,,,,25.0
B00KA8LFWO,,,,,3.0
B00KA8VV0U,,1209.0,,1209.0,1209.0
B00KA933VY,,,,226.0,226.0
B00KAFY0M4,,,,,3.0
B00KAKFNOI,,,,21.0,
B00KAKFS98,,,,,21.0
B00KB60QT8,,,,,347.0
B00KBBAQTS,,,,,5.0
B00KBLDFSW,,,35.0,,35.0
B00KBNWDA6,380.0,380.0,380.0,380.0,380.0
B00KBOLTFU,,344.0,,,344.0
B00KBZ3LS2,18.0,,18.0,,18.0
B00KC0BZJI,,4.0,,,4.0
B00KC3PB9U,87.0,,87.0,,87.0
B00KC4TXFW,,,,,13.0
B00KCS42YU,,23.0,23.0,23.0,23.0
B00KD3F78E,,,,,9.0
B00KEWS61E,,,,,3.0
B00KFRIE3S,,,,,4.0
B00KFXK35O,1.0,,,,
B00KHIBHJI,,49.0,,,
B00KHMQIK2,,,,,26.0
B00KHYHKIO,44.0,,44.0,,44.0
B00KI4ZC38,9.0,,9.0,,9.0
B00KJRWVYC,,5125.0,5125.0,5125.0,5125.0
B00KJS5KBM,,,,3187.0,
B00KJS6YYE,,,,,27.0
B00KJSAT86,1967.0,,1967.0,1967.0,1967.0
B00KK5C2YC,46.0,46.0,,46.0,46.0
B00KKGG1W0,,,,,3.0
B00KKU8NAE,,,,,20.0
B00KLLELZS,25.0,,,,25.0
B00KM5OXVK,,2.0,,,
B00KM8FA8C,40.0,40.0,,,
B00KMEJFOQ,,,,163.0,163.0
B00KMY9IM0,50.0,,,50.0,
B00KNKDB26,,,,,482.0
B00KOC0G30,,,,,81.0
B00KOC5Q76,,28.0,,,
B00KOD3BAO,50.0,,,,50.0
B00KOLDV0Q,,,,,8.0
B00KOWCPXY,,,,,1.0
B00KOWTT9W,15.0,,,,
B00KPFWINW,1999.0,1999.0,1999.0,1999.0,1999.0
B00KQ2EPVC,,,,,59.0
B00KQ2PH28,,,,,3.0
B00KQFVYSQ,,,,,22.0
B00KR2MJXC,,,,,15.0
B00KRKKGLQ,,,152.0,152.0,152.0
B00KRT4BFE,,,,,1.0
B00KS9CA56,,,,,5.0
B00KSX2DLS,,,,41.0,41.0
B00KSX2J8U,36.0,,,,36.0
B00KUIJE36,,,,,3.0
B00KVTLG2Q,,38.0,38.0,,38.0
B00KW7GXV6,,,,,9.0
B00KWJHSO0,,,,12.0,12.0
B00KWTCZI4,,,,,43.0
B00KXK9XG4,,,,,75.0
B00KXLAKYC,,,,,18.0
B00KXTO80G,,1.0,,,
B00KY31LBU,,,,,5.0
B00KY480WC,,,174.0,,174.0
B00KZ21FUC,,,,168.0,168.0
B00KZ286JK,47.0,,47.0,47.0,47.0
B00L0R2TY2,122.0,122.0,122.0,122.0,122.0
B00L0R52TG,,,,,48.0
B00L0Y9TJS,,,,27.0,27.0
B00L1RWDCY,94.0,,,94.0,
B00L1TCV1U,94.0,,94.0,94.0,94.0
B00L23RKIO,,,,,2.0
B00L2CBMBG,,,,,15.0
B00L2KDA2M,,,,,16.0
B00L2NG7NS,1419.0,1419.0,,1419.0,1419.0
B00L2SVU7Q,,,,348.0,348.0
B00L2XAW1G,,,,,4.0
B00L2Z22OO,5.0,,,,
B00L3G0EUG,,,,,16.0
B00L3LWU6W,,,,,22.0
B00L3U0ENY,,,,,3.0
B00L4HYLVC,,,,,1.0
B00L4KU3KW,153.0,,153.0,153.0,153.0
B00L4LJTXS,,,,,3.0
B00L5K208Y,,,,,5.0
B00L5O25WQ,50.0,,,50.0,50.0
B00L5TOOXE,,,215.0,,215.0
B00L673CKQ,,36.0,,,36.0
B00L6FWP42,127.0,,,,
B00L6J0V76,,,,95.0,95.0
B00L9CA6HU,,,,,1.0
B00L9IH47Y,,,,,5.0
B00L9IQT20,7.0,,,,
B00L9QUFZO,,,72.0,,72.0
B00LAAR7IM,,,,1.0,
B00LAHJ0QM,33.0,,33.0,,33.0
B00LAQ6BRY,,,,2.0,
B00LAVAX0K,,,41.0,41.0,41.0
B00LAVAZRG,,,21.0,,21.0
B00LAVB386,,33.0,,33.0,33.0
B00LB77FEU,,,,,4.0
B00LCGNH38,,,,,24.0
B00LCJQF2K,2.0,,,,
B00LD4GYGQ,,,,27.0,
B00LDRC7SM,,,,,1.0
B00LF5XPG0,86.0,,86.0,86.0,86.0
B00LH8IVEG,,2.0,,,
B00LHATNL4,,,,37.0,37.0
B00LHJCB96,,,,,37.0
B00LHT4KA4,24954.0,24954.0,24954.0,24954.0,24954.0
B00LHT4KHC,24954.0,,24954.0,,24954.0
B00LHT4KKE,,24954.0,24954.0,24954.0,24954.0
B00LHT4O14,24954.0,24954.0,24954.0,24954.0,24954.0
B00LHT4O28,24954.0,,24954.0,24954.0,24954.0
B00LHT4WAC,24954.0,,24954.0,24954.0,24954.0
B00LHT4WFW,,,24954.0,24954.0,24954.0
B00LHT51KC,24954.0,,24954.0,24954.0,24954.0
B00LHT5I46,24954.0,24954.0,24954.0,24954.0,24954.0
B00LHZC460,,,,2.0,
B00LI31SJ0,,,,,1.0
B00LID8898,,39.0,,,39.0
B00LJ1JWM6,24954.0,24954.0,,,24954.0
B00LJ1K4Q4,24954.0,24954.0,24954.0,24954.0,24954.0
B00LJ27CB8,,,,4.0,4.0
B00LJ87E8S,,,,37.0,37.0
B00LJC3QWW,475.0,475.0,,475.0,475.0
B00LK43J58,,,,,2.0
B00LK50AXG,34.0,,,,
B00LLV5VCY,355.0,355.0,,,355.0
B00LM0F2NC,,,32.0,,
B00LMC9TPM,,,,,1.0
B00LMUSMXY,,,,1666.0,1666.0
B00LN5EZ5W,376.0,376.0,376.0,376.0,376.0
B00LNDTU18,,,,,8.0
B00LO2THBG,,,,2.0,
B00LO31W5O,,,20.0,,
B00LO3I1H6,,,,,8.0
B00LO6XY52,,,,23.0,23.0
B00LODP0NO,23.0,,23.0,23.0,23.0
B00LOS6VIM,,,,,95.0
B00LOU81FG,1059.0,,1059.0,1059.0,1059.0
B00LPF712O,,,,,13.0
B00LPR2U5K,227.0,227.0,227.0,227.0,227.0
B00LPXZMIQ,,,,1.0,
B00LQZ9GL2,,,,,14.0
B00LQZF0XA,161.0,,,161.0,161.0
B00LS9W8Q6,,,,,80.0
B00LSBAFIC,,,,,56.0
B00LSBE4LQ,,,,,9.0
B00LSN3924,,,7.0,,7.0
B00LSN5B8E,,,30.0,30.0,30.0
B00LSW2K6Q,,,,,7.0
B00LT4PIH6,,,,45.0,45.0
B00LT6GGZC,925.0,,,925.0,925.0
B00LTAPUC8,6.0,,,,
B00LTH60UC,,,,,23.0
B00LV0RWO0,,,,,9.0
B00LV55GOI,,,5.0,,
B00LWBNCQU,,,,,11.0
B00LWUTSZU,,,,3.0,
B00LX2NJG6,,,,,5.0
B00LXF43I6,,5.0,,,
B00LXH28P4,129.0,,,129.0,129.0
B00LXH2D5O,,,129.0,,129.0
B00LXO6AP6,,,6.0,,
B00LXPMYXM,,,,,12.0
B00LZGIYDS,88.0,88.0,88.0,88.0,88.0
B00M026PGE,,,,,6.0
B00M07PA92,,,,,4.0
B00M0OX2FE,,,,,25.0
B00M14N4UG,,,,,8.0
B00M1FZEOO,,,,,10.0
B00M1QLGZE,,12.0,,,12.0
B00M2IOA68,,,,,499.0
B00M3CAEJK,,,,43.0,43.0
B00M3DUSPE,,,,,10.0
B00M3SE10W,,,,,7.0
B00M4NAWRC,,,13.0,,13.0
B00M4WVYFC,,,,,5.0
B00M50V1HE,,,,,80.0
B00M52QEZG,,,9.0,,
B00M5S56Z4,,,,,16.0
B00M6BE0UW,,,,102.0,102.0
B00M7VB3V0,23.0,23.0,,23.0,23.0
B00M8M5YDG,,,,195.0,195.0
B00M8REA2M,,,,,7.0
B00M9FTYSS,62.0,62.0,62.0,62.0,62.0
B00M9L9FG8,6.0,,,,
B00M9XADBC,,,,20.0,20.0
B00MAOCXZ4,571.0,571.0,571.0,571.0,571.0
B00MB2G1NK,,,,,25.0
B00MBB3DFK,,,,207.0,207.0
B00MBO18NG,,,,,38.0
B00MDYYWW8,,13.0,,,
B00ME4XEOE,,,,,2.0
B00MF20NDU,,,,,93.0
B00MFJMKF2,,,,,1.0
B00MFRAMI6,,,,,11.0
B00MFU6FNY,,,,,3.0
B00MFWPNNA,,,,,15.0
B00MFWQ5EG,,,,,32.0
B00MH4YUUS,,,,,5.0
B00MH9NS60,6811.0,,6811.0,6811.0,6811.0
B00MH9OMCO,,,,6811.0,6811.0
B00MH9P8M2,6811.0,6811.0,,,6811.0
B00MH9T98G,6811.0,6811.0,6811.0,6811.0,6811.0
B00MH9U7Q4,6811.0,6811.0,6811.0,,6811.0
B00MJ5D87G,26.0,,,26.0,26.0
B00MJ5OC5I,,,30.0,30.0,30.0
B00MJGO3J2,,,4.0,,
B00MJOQV7Q,,,5.0,,5.0
B00MMEVFD8,,,,,17.0
B00MMY1042,84.0,,84.0,84.0,
B00MN5Q478,17.0,,,,17.0
B00MN9SE90,,,,,60.0
B00MN9ZFGK,,,32.0,,32.0
B00MNI1CUY,,,44.0,44.0,44.0
B00MNI1JMA,,,,,2.0
B00MNM4GS0,,,,,396.0
B00MNU4BG4,179.0,179.0,179.0,179.0,179.0
B00MOAZFJK,,,7.0,,7.0
B00MRJ5R5A,,,,,62.0
B00MRJ5RZ0,,,,64.0,64.0
B00MS72HP4,,,,,3.0
B00MS8RE5Q,,,,,4.0
B00MSBRKNY,,,,,5.0
B00MSKZ90G,,,,,1.0
B00MSMVZBQ,,12.0,,,12.0
B00MTSTR2S,,,,5.0,
B00MUYXTTS,,,56.0,56.0,56.0
B00MV1HAMC,,,,3.0,
B00MV697K0,264.0,264.0,264.0,264.0,264.0
B00MVK8IQ0,165.0,,165.0,165.0,165.0
B00MVNLO3Q,4.0,,,,
B00MW0ELHE,,,,,49.0
B00MW7TGIG,55.0,55.0,,55.0,55.0
B00MWDRYH0,,,,,27.0
B00MWJVA88,,,30.0,30.0,30.0
B00MX64C3K,,,,,1.0
B00MX6TJS8,,,,,75.0
B00MX901KA,,,,5.0,
B00MXCMD5S,92.0,,92.0,92.0,92.0
B00MY12RL8,,,,,2.0
B00MY6FFH6,,,,,28.0
B00MYIIWP6,2541.0,2541.0,2541.0,2541.0,2541.0
B00MYLDHVM,,,,,5.0
B00MYZHV06,,,,,49.0
B00MYZHV2Y,,,,63.0,63.0
B00MZI0H3A,,,,,37.0
B00MZXJL4Q,205.0,,205.0,,205.0
B00N0EQM1O,569.0,569.0,569.0,,569.0
B00N0G5RM2,31.0,,,,31.0
B00N1946HU,26.0,,,26.0,26.0
B00N1JMW6M,,,,,102.0
B00N1UOIPO,,,,31.0,31.0
B00N2H6Y44,,,,,52.0
B00N2JMYIC,953.0,,953.0,953.0,953.0
B00N3NABQY,,,,,16.0
B00N47SIW8,,,,50.0,50.0
B00N4PHBAA,,,,,1.0
B00N50A4KI,,,,,1.0
B00N54MZ6U,,,,448.0,448.0
B00N54OAL8,45.0,,,,
B00N58L32S,14.0,,,,14.0
B00N5EBX2W,,,,,1.0
B00N74VQCM,,,7197.0,7197.0,7197.0
B00N82O3O6,2550.0,2550.0,2550.0,2550.0,2550.0
B00N8DVHP8,,81.0,,,81.0
B00N8IRZTU,,,,,7.0
B00N8PGSSM,,,,,51.0
B00N8S73WO,,,,,29.0
B00N936D42,,,,,12.0
B00N9W0B9G,,,32.0,,
B00NAF7BSQ,,,451.0,451.0,451.0
B00NAOB3I6,,,,4.0,
B00NAWDCO6,,,,,11.0
B00NB3TYO6,,,,,159.0
B00NB3YG8U,,,,,94.0
B00NBMBGF2,,,,,15.0
B00NBMZQYO,,,,,1.0
B00NBS1VZQ,,,,21.0,
B00NBXW03S,7197.0,7197.0,7197.0,7197.0,7197.0
B00NCBU5LS,,,,,1.0
B00NCJ3ZT4,,,,,7.0
B00NEPRAMY,,,,,508.0
B00NFQSXJG,428.0,428.0,,428.0,428.0
B00NFU6MXQ,1.0,,,,
B00NFUEKK8,,,,,32.0
B00NFUIGOE,,,,11.0,11.0
B00NFUPA7U,,,,107.0,
B00NFUU98A,83.0,,83.0,83.0,83.0
B00NFUWW44,,,,61.0,
B00NFV5NYY,,,,18.0,18.0
B00NFV8SIW,8.0,,,,
B00NFVB0CI,,,,,4.0
B00NFVH1TO,,,,,14.0
B00NFVMUAE,12.0,,12.0,,12.0
B00NFZNXGU,,,,,21.0
B00NGRWXZO,,,,888.0,888.0
B00NH9ERDM,152.0,,152.0,152.0,152.0
B00NH9FZ8S,1052.0,1052.0,1052.0,1052.0,1052.0
B00NHK7FKI,47.0,,,,47.0
B00NIVD4I8,,,,,508.0
B00NIVD4OW,,,,,508.0
B00NIWFNN6,,3.0,,,
B00NJ03V2C,,,,,184.0
B00NJ0Q6M4,,,,,46.0
B00NJPH7K4,,,,,41.0
B00NK2NTWG,1.0,,,,
B00NL5WM8O,,,,117.0,117.0
B00NL84IC4,,,,,34.0
B00NLOBG78,,,,,20.0
B00NM424PU,,,,,1.0
B00NMMHIYE,927.0,927.0,927.0,927.0,927.0
B00NO5JYMI,,,,,46.0
B00NOAP4FE,,,,,193.0
B00NPJV4OO,,,,,13.0
B00NPLZBNW,,87.0,87.0,87.0,87.0
B00NQ2M07A,,,,,296.0
B00NQ2VPCQ,,,,25.0,25.0
B00NQ8TSPG,,,,120.0,120.0
B00NQA1B0E,,6060.0,,,6060.0
B00NQICTDE,,,,139.0,139.0
B00NRAB5IG,,,,,28.0
B00NRE61SG,275.0,275.0,275.0,275.0,275.0
B00NRR5IBE,,,,6.0,
B00NRYYX1I,,,,,120.0
B00NS48V4M,,,,,3.0
B00NS8WYDW,,,,,10.0
B00NSVZDGE,,,,,3.0
B00NSW2N16,,,,,5.0
B00NTN501Y,,,,,19.0
B00NU6PO16,,,,,14.0
B00NUAHSHK,,,,,2.0
B00NUDJ820,,,,19.0,19.0
B00NVYPZCU,2115.0,2115.0,2115.0,2115.0,2115.0
B00NX14JR8,,,129.0,129.0,129.0
B00NY0S8U2,,10.0,,,
B00NY4FFYA,,,,56.0,
B00NY4FG4E,,,,,56.0
B00NY4FX2E,,,,65.0,65.0
B00O18N1GC,11.0,,,,
B00O1A416E,,,,,11.0
B00O2435IE,,,,12.0,12.0
B00O29HEN6,582.0,,582.0,,582.0
B00O39FV80,,,,,13.0
B00O3H65DM,59.0,,,,
B00O3NAKAA,,,,10.0,10.0
B00O3NQ7WA,,,,,33.0
B00O4XOTUQ,,,,14.0,
B00O4ZM0B4,921.0,921.0,921.0,921.0,921.0
B00O50I7CE,98.0,98.0,98.0,98.0,98.0
B00O524DQ6,,,,,3.0
B00O5EOXWI,,,,,118.0
B00O5PYFCU,,45.0,45.0,45.0,45.0
B00O68NU2C,,,,,4.0
B00O6HGL1U,,,11.0,,
B00O8TIAZG,,,,,16.0
B00O96THL4,1857.0,,1857.0,1857.0,1857.0
B00OAIIODS,,,,,2.0
B00OBDP7PA,,,,,12.0
B00OBWDJE2,103.0,,,,
B00OC8608C,,17.0,,,
B00ODEQNDM,5.0,,,,
B00ODEZQ0S,,,,5.0,
B00OG8QD94,,,,,143.0
B00OGKRM60,197.0,,,,197.0
B00OGU419Q,,,,,83.0
B00OGU42JK,,,,83.0,83.0
B00OHUMXPO,,,,,1.0
B00OIACR4U,,,32.0,,32.0
B00OIUB15G,808.0,,808.0,808.0,808.0
B00OJUKZ2K,,,,,19.0
B00OK3A4DQ,1.0,,,,
B00OK6YAVK,,,,382.0,
B00OK6YDYY,,,502.0,502.0,502.0
B00OK6YO7K,226.0,,226.0,226.0,226.0
B00OK6YPBU,,,183.0,183.0,183.0
B00OLFR58K,23.0,,,,23.0
B00OLFSMXW,,,,5.0,
B00OLSMEDS,235.0,,235.0,235.0,235.0
B00ON0BK6Q,,,,1441.0,1441.0
B00ONA52XI,,,,,6.0
B00OO7GPS6,,,,,2.0
B00OP2ETF6,7.0,,,,7.0
B00OQJUXH6,,,,3.0,
B00OQJYNMM,,,,1.0,
B00OQKKHFS,,,,,101.0
B00ORG35EQ,,,,,124.0
B00ORYD5J8,,,,,69.0
B00OSCF70Y,39.0,,39.0,39.0,39.0
B00OSI0PUA,,,,,10.0
B00OSJ808I,,,11.0,11.0,11.0
B00OTJ41K8,,,,4.0,
B00OTW8GYM,,,,,126.0
B00OTZIV8A,,,,,1.0
B00OU0TACA,,,,,52.0
B00OUYYTRC,129.0,,,,
B00OV4JA34,3120.0,3120.0,3120.0,3120.0,3120.0
B00OVRCG6O,,,,38.0,38.0
B00OWGXCNK,,,,,4.0
B00OWLHSL2,418.0,418.0,418.0,418.0,418.0
B00OWNDZLC,,,,,18.0
B00OY05ZRK,11.0,,,,
B00OY66BHM,,,,,1.0
B00OY6WX0Q,8.0,,,,
B00OYFURZU,,,11.0,11.0,11.0
B00OYQ0A24,,,,,30.0
B00OZAD4R2,,,,,132.0
B00OZBXKL6,,,,1.0,
B00OZRGRWE,,,,,396.0
B00P0NY76U,,,,,31.0
B00P1G0H24,,1675.0,,,1675.0
B00P1J66DA,,,,,19.0
B00P1Q8JZQ,425.0,,,,
B00P2IC46S,,,,,18.0
B00P2RSND2,91.0,91.0,91.0,91.0,91.0
B00P4K0FKG,,,,,71.0
B00P4QF7EE,,,1.0,,
B00P4UO2TQ,,,,28.0,28.0
B00P5P3R8C,,,,,4.0
B00P61AT5Y,,,,,11.0
B00P62CG8G,23.0,,,,
B00P6DXKJE,,,,,10.0
B00P71VMMC,,,,,1.0
B00P7CMYBY,,,29.0,,29.0
B00P7QYC10,,,721.0,721.0,721.0
B00P80I0QI,,,,,40.0
B00P89W7Z4,59.0,,59.0,,59.0
B00P8LNS3W,,,,,2.0
B00P8VZ6PK,,,,,4.0
B00P9R12F6,,13.0,,,13.0
B00PA7UXGY,,,,,31.0
B00PBE9BLE,,3.0,,3.0,
B00PBGK440,599.0,599.0,599.0,599.0,599.0
B00PBGR9NY,,4.0,4.0,,
B00PCFTF8Q,,,32.0,,
B00PCWTTDA,,,,,6.0
B00PDH4HZ4,,,,,149.0
B00PDJO59A,,185.0,185.0,,185.0
B00PE5P02Y,,,,,13.0
B00PFEFZ74,327.0,327.0,,327.0,327.0
B00PG50UOK,,,,,2.0
B00PG51NQ4,,,,,2.0
B00PGQYEUK,24638.0,24638.0,24638.0,24638.0,24638.0
B00PH1JYJ0,18.0,,,18.0,18.0
B00PI6ITFY,,,,,1.0
B00PIYAYLS,56.0,,,56.0,56.0
B00PJ1Q9UU,,,110.0,110.0,110.0
B00PJ3EUXQ,,,,31.0,31.0
B00PJT665A,,,,,927.0
B00PKKE9R0,,,,,17.0
B00PM122BM,,,,,10.0
B00PM4J9V0,,,,,16.0
B00PMBKR2I,,,14.0,,
B00PMRE5A2,106.0,106.0,106.0,106.0,106.0
B00PN67WPW,,,,,1.0
B00PP0O0WY,,,,,22.0
B00PPFL4DW,,,,,4.0
B00PS92J9S,47.0,,,47.0,47.0
B00PSD62DS,,,,,2.0
B00PSGHMBQ,564.0,,564.0,564.0,564.0
B00PSOK6AM,1.0,,,,
B00PSSXXPS,,,,18.0,
B00PSUCD98,,143.0,143.0,,143.0
B00PT75X38,,,,,2.0
B00PTS9I1K,,,,,7.0
B00PUD6PYM,,,27.0,,
B00PUWYL94,,,,75.0,75.0
B00PV2KCLY,,,,,1.0
B00PWVK9PI,,,,,14.0
B00PZ575D0,,,18.0,,
B00Q11Y954,,,,,36.0
B00Q1IXQIS,,,,,4.0
B00Q1NEFN8,,,33.0,,33.0
B00Q27KRIU,3.0,3.0,,,
B00Q2WRNLO,,,,,1.0
B00Q2XRZBG,32.0,,32.0,,32.0
B00Q3JKRJ6,,,,,1.0
B00Q3NA8D2,,,,,3.0
B00Q3WWYYO,,224.0,,224.0,224.0
B00Q51BC64,,,,51.0,51.0
B00Q735S24,,,,,28.0
B00Q78LZXA,198.0,,198.0,198.0,198.0
B00Q7GG0BE,138.0,138.0,138.0,,138.0
B00Q7N6YOU,,,,,65.0
B00Q7Y2KZG,,,,,1.0
B00Q82AZGS,,,,19.0,19.0
B00Q82ZMFC,,,31.0,,31.0
B00Q8344KA,,,,,7.0
B00Q83HS9E,13.0,13.0,,13.0,
B00Q88P6KC,,,,,4.0
B00Q8E0PEI,4.0,,,,4.0
B00Q8RI3K8,,,,208.0,208.0
B00QAJDOA8,,,,,388.0
B00QAUOQUY,,,,129.0,129.0
B00QCL01FA,,28.0,28.0,28.0,28.0
B00QD5BBGS,,317.0,317.0,,317.0
B00QE0ERHC,,,,,5.0
B00QF1C2LI,,,,,3.0
B00QFMHJLK,,,,67.0,
B00QGB2UPK,,,391.0,391.0,391.0
B00QGKFKU8,97.0,,97.0,97.0,97.0
B00QGMSAN0,,,,,13.0
B00QHP7NXO,,304.0,304.0,304.0,304.0
B00QHP7R12,304.0,304.0,304.0,304.0,304.0
B00QHYTSQA,1.0,,,,
B00QIZJ2RI,,,,,6.0
B00QK3T3IQ,,,,23.0,
B00QK81IXY,,4.0,,,4.0
B00QKN47ZU,,,,,2.0
B00QKTHW5Q,,,,,176.0
B00QMSA7DO,,,,,927.0
B00QMTTPKE,,,,,21.0
B00QN5UVQ4,9.0,,,,9.0
B00QPNUU4C,395.0,,395.0,395.0,395.0
B00QPPMIPE,648.0,,,648.0,648.0
B00QPPP7I4,260.0,260.0,,,260.0
B00QQ7SU6M,4.0,,,,
B00QSJVIIU,,,,,11.0
B00QSKU2DG,,,57.0,,57.0
B00QTNP91W,,,,62.0,
B00QTTF2KO,,,,,444.0
B00QU0AVDK,,,,,123.0
B00QU7PK0C,,,,,2.0
B00QUPHHS2,,,,,20.0
B00QV5WO6G,,,,,6.0
B00QVCXSVO,,75.0,75.0,75.0,75.0
B00QVI43PS,,,,,25.0
B00QWVQ51Y,,,17.0,,17.0
B00QXAZ3YO,,,,,2.0
B00QXXEGNK,123.0,,123.0,123.0,123.0
B00QYYURUY,,,,,36.0
B00R0UK4QS,,,,56.0,56.0
B00R282WEU,,,,22.0,22.0
B00R37ED06,,,,,65.0
B00R4238F6,,,17.0,,17.0
B00R56BN7G,,,,,15.0
B00R56U5FW,498.0,,498.0,498.0,498.0
B00R68QX3M,,,,,16.0
B00R6ET65I,,,,,6.0
B00R9PGG0W,,,,59.0,59.0
B00R9PIFII,,,,5.0,
B00R9V302S,,,,,3.0
B00RAAUQQQ,456.0,456.0,456.0,456.0,456.0
B00RANRLJ8,27.0,27.0,27.0,,
B00RC0KR68,,,,,2.0
B00RCYHIS4,,,,,7.0
B00RDC93G0,27.0,,,,27.0
B00RDPXKMU,768.0,768.0,768.0,768.0,768.0
B00RE5OQLS,,,,7.0,
B00REWDC5C,,,,,31.0
B00RGHPFXW,6.0,,,,6.0
B00RH3T7AM,1.0,,,,
B00RHA72KW,51.0,,,,51.0
B00RKSVO78,,,,,3.0
B00RKTPKC2,,,,,26.0
B00RL1JMLE,,16.0,16.0,,16.0
B00RNETD72,,,,,55.0
B00RNEVY6K,,,,,73.0
B00RPLL7HM,12.0,,,,12.0
B00RSHGSH2,,9.0,,9.0,
B00RSOGNAC,,,,,2.0
B00RSX5SE0,,,40.0,40.0,40.0
B00RVDTRGM,4.0,,,,
B00RVT1L38,,,,,12.0
B00RW141BO,,,,,25.0
B00RW8VDR2,,,,5.0,
B00RWIMD08,47.0,47.0,47.0,47.0,47.0
B00RWKI9J0,,,,,64.0
B00RYO9OGQ,,35.0,,,35.0
B00RYRJUT4,,35.0,35.0,,35.0
B00RZ089TW,12.0,,,,
B00RZYHCBY,,,,,10.0
B00S0D6QNO,,9015.0,,9015.0,9015.0
B00S1GXR5K,,,81.0,81.0,
B00S1GXWU0,,,,,81.0
B00S1GXZPM,81.0,81.0,,81.0,81.0
B00S238RI4,254.0,254.0,254.0,254.0,254.0
B00S2RSL9K,,,,29.0,29.0
B00S41RS0W,,,,3.0,
B00S4RMSLA,,,,11.0,
B00S4RPP6U,,,,58.0,58.0
B00S7DP2PU,,360.0,360.0,360.0,360.0
B00S7UYMVI,19.0,,,,19.0
B00S8JA2L2,,,,,11.0
B00S8SP9OI,,,,,16.0
B00S98IUD4,,,,,12.0
B00S9PUXV4,,14.0,,,14.0
B00SB6RMWY,1.0,,,,
B00SC7BY62,,,,,10.0
B00SD8JE9E,,160.0,,,160.0
B00SD8LWV2,,,107.0,107.0,107.0
B00SDDKAEM,3203.0,3203.0,3203.0,3203.0,3203.0
B00SDWBWAO,,8.0,,8.0,
B00SEYR69C,,,,,14.0
B00SGWOQ86,,6.0,,,6.0
B00SGXI8GQ,,,,,11.0
B00SI4XRSC,,,47.0,47.0,47.0
B00SI4ZEUG,47.0,47.0,47.0,47.0,47.0
B00SKD8RG8,,,,1.0,
B00SKEL9XK,47.0,,47.0,47.0,47.0
B00SKP75NM,,,,,11.0
B00SKV8Z12,,,1.0,,
B00SM0ZT9C,,,,,3.0
B00SO4JGVS,,,,66.0,
B00SP6XV02,,,,,2.0
B00SPAXX38,,,11.0,,11.0
B00SR7KHH4,,,,382.0,382.0
B00SRFSO5I,,,,,125.0
B00SS2JX7I,,,39.0,,
B00SSMEA4O,6936.0,6936.0,6936.0,6936.0,6936.0
B00SSTF8IE,,,1545.0,,1545.0
B00SSTF8LQ,1546.0,1546.0,,1546.0,1546.0
B00SSTF8OS,,1552.0,,1552.0,1552.0
B00SSTF8PC,,,1552.0,,1552.0
B00SUPHFWI,,,,,4.0
B00SUWEZCO,,,,,2747.0
B00SVFSPTO,,,,405.0,405.0
B00SW8WY10,1822.0,1822.0,1822.0,1822.0,1822.0
B00SWIG9F2,6058.0,6058.0,6058.0,6058.0,6058.0
B00SWP6M84,,,,,50.0
B00SX522P0,,,,,232.0
B00SXPFVAS,6.0,,6.0,,
B00SYD8ZLG,,,,266.0,266.0
B00SZNYDUC,,,,,1.0
B00SZWE36M,,,,,2.0
B00T0D4F5Y,,,,,15.0
B00T0HZD8S,,,,14.0,
B00T0T20DC,,,,,2.0
B00T1420RC,9077.0,9077.0,9077.0,9077.0,9077.0
B00T14QJHY,,,,,1.0
B00T41CKA4,,,,,5.0
B00T4ZHCL2,10.0,,,,10.0
B00T56MBOS,,,,,7.0
B00T5IKG48,,,,,27.0
B00T6EDU7Q,,,3.0,,
B00T86BQEG,,,,,3.0
B00T8LOJE0,42.0,,,,42.0
B00T9EVT9Y,,,,145.0,145.0
B00TBXWJA6,,,,7197.0,7197.0
B00TBXWJYC,,7197.0,7197.0,7197.0,7197.0
B00TEE0GVQ,,,,,5.0
B00TER97ZE,,,,,56.0
B00TF193RG,,,101.0,,
B00TF7C0GQ,,,,,17.0
B00TF8BX68,69.0,,69.0,,69.0
B00TFRBR42,,,,,1.0
B00TG03ITK,,,,,90.0
B00TGKFMWQ,47.0,,,,
B00TGQU8FQ,,,22.0,,22.0
B00TGU72MO,,,,,4.0
B00TGVGL66,,,,,2.0
B00TGWZGWU,,,,,43.0
B00THII4HM,,,,,29.0
B00TISLWFM,,,,6.0,
B00TJUYT8Q,,,,24.0,24.0
B00TKI27RC,,,,2530.0,
B00TKVAZRS,37.0,,37.0,,37.0
B00TNOOM9E,,,,18.0,
B00TO5ZM78,,,,5.0,
B00TQ16HZQ,,,,,1.0
B00TQ3EB7K,,,,,3.0
B00TQ4DGZM,,,,,64.0
B00TSGT6FW,,,,,11.0
B00TSH55PG,,,,,16.0
B00TSI9DXK,,,,,13.0
B00TSIGZEU,,,,,7.0
B00TU4CX8Y,,,,97.0,
B00TUPDIRS,58.0,,,,58.0
B00TUPR3DI,,,,,2.0
B00TUPUD94,,,,,361.0
B00TUVBFPE,,,,,1.0
B00TWIV42Y,,16.0,,,16.0
B00TY3NVX2,29.0,,,,29.0
B00TZ6AXX4,,230.0,230.0,230.0,230.0
B00U03YOLS,,,,,7.0
B00U1S3MVK,41.0,,,,41.0
B00U7WPWY0,,4.0,,,
B00U83GJ4K,,,16.0,,16.0
B00U8H0X8E,47.0,,,,47.0
B00U8HJ35I,,,,,17.0
B00U90AM8Q,123.0,,,123.0,
B00U9TSZLI,,,1.0,,
B00UAIEFE4,,3.0,,,
B00UAN7LM2,85.0,85.0,,85.0,85.0
B00UAWXJAG,4.0,,,,
B00UB6FT54,703.0,703.0,703.0,703.0,703.0
B00UB6ON9C,279.0,,279.0,279.0,279.0
B00UB6ZSPA,28.0,28.0,,28.0,28.0
B00UB75PIY,,,,,280.0
B00UC3MLRA,184.0,,,,184.0
B00UC3MPWQ,,,,,27.0
B00UCAN1C2,,,,,43.0
B00UCP6PJI,,,14.0,,
B00UD1ECTQ,,88.0,88.0,,88.0
B00UDS3SEE,294.0,,,294.0,294.0
B00UFOE0M0,,,53.0,53.0,53.0
B00UFOEL1U,151.0,151.0,151.0,151.0,151.0
B00UFOEL7O,,,151.0,,
B00UGGG9Y4,,,47.0,,47.0
B00UHNZUS2,69.0,69.0,69.0,69.0,69.0
B00UIPTEJK,,82.0,,,82.0
B00UJNTAQS,,,50.0,,
B00UK3W7OY,,12.0,,,
B00UK5XWAA,38.0,,38.0,38.0,38.0
B00UNHWEHW,,127.0,,,
B00UOLBVAS,,,,,170.0
B00UOSNVEA,73.0,,,,73.0
B00UR6VB96,,,,,113.0
B00USO22JA,,,,,73.0
B00UTETJ86,,,66.0,,66.0
B00UUFF618,,,,21.0,21.0
B00UUT5RB8,,26.0,26.0,26.0,26.0
B00UVCGCP4,,13.0,,,13.0
B00UVSEA5M,,132.0,132.0,132.0,132.0
B00UVSFDOE,,62.0,,,62.0
B00UVYGND8,,,,,3.0
B00UVYIR0A,,,,,4.0
B00UW5NFT6,,13.0,13.0,,13.0
B00UZDMTMO,,,,,77.0
B00UZG5DFQ,,131.0,131.0,,131.0
B00UZT4BM4,,,,28.0,28.0
B00V2SXW2C,294.0,,,294.0,294.0
B00V3630RA,3.0,,,,
B00V3GW8KA,,,,,234.0
B00V49ECZU,,,255.0,255.0,255.0
B00V4X3IHY,,,,,6.0
B00V680LVI,,,37.0,37.0,37.0
B00V6V84DM,34.0,34.0,34.0,,34.0
B00V71NVKC,698.0,698.0,698.0,698.0,698.0
B00V7CDZMU,,,,,197.0
B00V7VK3I0,,,,40.0,
B00V80IR56,,,,,4.0
B00V8YQFJM,,,,10.0,
B00V90AOVK,,,,,37.0
B00V9422D4,,6.0,,,6.0
B00V989T2M,,,,4.0,
B00V9S4GXE,,,91.0,,
B00VAB1TYO,3.0,,,,
B00VAXVOGA,,,,,13.0
B00VAXXNKA,,,12.0,,
B00VB8MJCW,649.0,649.0,649.0,649.0,649.0
B00VBS893A,,,,,2.0
B00VC0HVLI,,,,,29.0
B00VC5ZIJK,,,,,4.0
B00VDY7VMW,,36.0,,,36.0
B00VEKPNAC,,,,,8.0
B00VEZCOF4,,,,,5.0
B00VFD991C,,,,,23.0
B00VG0S3FM,,,,56.0,
B00VG19TC2,123.0,,,123.0,123.0
B00VG1EKGM,107.0,,,107.0,107.0
B00VH5624K,246.0,,,246.0,246.0
B00VHA47ZQ,,,,,86.0
B00VI76HV0,,,,,29.0
B00VIPRZJU,,24.0,24.0,,24.0
B00VIZWWJI,,,,80.0,80.0
B00VJT7UQI,,,,,168.0
B00VKYBIIS,,,,2.0,
B00VMCYOZC,249.0,249.0,,249.0,249.0
B00VMKSTUK,568.0,,,568.0,568.0
B00VOC75QK,,,,,6743.0
B00VQCOW0K,,,,,26.0
B00VRVMMLQ,,26.0,,,26.0
B00VSQ6C84,,,,1435.0,
B00VSR0XJC,,,77.0,77.0,77.0
B00VTFAIH0,,,,,6.0
B00VTU5KVO,2510.0,2510.0,2510.0,2510.0,2510.0
B00VTU6P0Y,881.0,881.0,881.0,881.0,881.0
B00VTU8RHS,881.0,881.0,881.0,881.0,881.0
B00VU1JOXC,,297.0,297.0,297.0,297.0
B00VUC5R8W,341.0,341.0,341.0,341.0,341.0
B00VUC776W,301.0,301.0,301.0,301.0,301.0
B00VUCHDOI,20.0,,,,20.0
B00VVJKX0Q,102.0,,,,102.0
B00VVRJJ4O,,,,20.0,20.0
B00VWIY6A4,,,,42.0,42.0
B00VWQ98ZE,,,,1.0,
B00VZ222LM,12.0,,,,
B00VZE7K08,,77.0,,,
B00VZWSFI6,,,,,76.0
B00W0D722E,,,,,4.0
B00W0INRN2,32.0,,,,
B00W16JY8A,,,,1546.0,1546.0
B00W16JYP8,,,,1547.0,1547.0
B00W16JYPI,1550.0,,1550.0,1550.0,1550.0
B00W2U437W,280.0,280.0,280.0,280.0,280.0
B00W2VLRC0,,,,,6.0
B00W3KA2BW,,,,,5.0
B00W5HFGDM,149.0,149.0,149.0,149.0,149.0
B00W5XKNPM,,,,,3.0
B00W6MABN6,1.0,,,,
B00W8CO1NU,,,,,8.0
B00W97EX9G,,,,,7.0
B00W9BYTEQ,,,,353.0,353.0
B00W9BYWIY,,,,,353.0
B00W9S20YK,,,14.0,,
B00W9T7W4W,,,,,5.0
B00WB2JM7C,,,,1.0,
B00WC09T8A,,,46.0,,46.0
B00WC52S10,,,,601.0,601.0
B00WDW02N8,,,,,28.0
B00WDW04Y0,,,,,28.0
B00WFIX9H6,,,29.0,,29.0
B00WFNFXRU,,,25.0,,25.0
B00WFO322W,,,,302.0,302.0
B00WGZXVXA,,,8.0,,
B00WH3VZDE,,,,557.0,557.0
B00WH61K1S,,48.0,48.0,48.0,48.0
B00WHDVUH0,,,,,11.0
B00WHU4ZY8,,,39.0,,39.0
B00WHU4ZYI,,,,,39.0
B00WHU500Q,,,,,39.0
B00WHU501A,,,39.0,,39.0
B00WHU504M,,,,,39.0
B00WHU508I,,,,,39.0
B00WHZHMAM,,,,7.0,
B00WJ0KWVG,,,,,63.0
B00WJZMF2U,,,8.0,,8.0
B00WKR0KM4,14.0,,,,14.0
B00WL2US3Y,206.0,206.0,206.0,206.0,206.0
B00WL39370,,,,,16.0
B00WL61QN6,,,,31.0,31.0
B00WL7EDH6,,,2.0,,
B00WN44I9U,,,,193.0,
B00WNWRK7E,,,,,5.0
B00WO7C3OS,,,24.0,,
B00WQ1DR06,,,,61.0,61.0
B00WQ1HDKG,367.0,,367.0,367.0,367.0
B00WQ3PFEA,,,30.0,,30.0
B00WQB4II6,,,,,2.0
B00WTHIVHQ,7073.0,7073.0,7073.0,7073.0,7073.0
B00WUW1FJ6,,104.0,104.0,104.0,104.0
B00WVQ65QY,,,,,2.0
B00WZ93BLE,,,,7.0,7.0
B00WZ9INFS,,,,,284.0
B00WZVYU8U,,,,,3.0
B00X39ACYY,,,,23.0,23.0
B00X4QDSX8,36.0,,,36.0,36.0
B00X4YFK0E,,10.0,,,
B00X5GPOXY,,,,,29.0
B00X5LNOO0,,,,,13.0
B00X5WLHHU,,,,87.0,87.0
B00X8EUZ4Q,64.0,,64.0,64.0,64.0
B00X8NY5KW,243.0,243.0,243.0,243.0,243.0
B00X9NJ5NI,,347.0,,347.0,347.0
B00X9TLQG6,,,,,452.0
B00XAIE6OA,,,47.0,,
B00XCL61R0,,,19.0,,
B00XCTGLWC,,,,,1.0
B00XDCV40C,,2.0,,,
B00XE0H62I,,,,4.0,
B00XEF84DS,,34.0,,34.0,34.0
B00XEQHMR6,,6.0,,,
B00XG3Y0BI,,,,,262.0
B00XHLGNCI,,,,,11.0
B00XHMQH2S,95.0,95.0,,,95.0
B00XHZNNSG,,,,70.0,70.0
B00XIIQBTU,351.0,351.0,351.0,,351.0
B00XIS0KO2,141.0,141.0,,141.0,141.0
B00XITNLY2,,,,141.0,141.0
B00XJCE00C,,,,,302.0
B00XJIDKNY,445.0,,,445.0,445.0
B00XJREA2U,,,,,2.0
B00XKAKSW2,162.0,162.0,162.0,162.0,162.0
B00XKOFH10,12.0,,12.0,,12.0
B00XLGEQ3W,,,,,23.0
B00XLOT5PI,,,,3.0,
B00XNRUNM2,,,,,24.0
B00XQFLFYG,131.0,,,131.0,131.0
B00XR30TTY,,,,,1.0
B00XRC840Q,,997.0,997.0,,997.0
B00XRKQ14E,,,,,16.0
B00XRX0976,65.0,,65.0,,65.0
B00XTLYEAO,,,,2.0,
B00XTZ0GM0,,,,,8.0
B00XUNTOJC,,,,,10.0
B00XV40B06,,,,20.0,20.0
B00XW4UQ6E,,,,,1.0
B00XWDBCM2,80.0,80.0,80.0,80.0,80.0
B00XWESO4U,,100.0,,100.0,
B00XWLX4R0,25.0,,,,25.0
B00XXLVB5G,,,,,233.0
B00XYF55X0,,,,,24.0
B00XYTUDA6,221.0,,,,221.0
B00XYTVT1S,,,,,221.0
B00XYUO2WU,,,,1.0,
B00XZ5AZ1G,,,,,6.0
B00XZHF9N8,,,,,2.0
B00XZZX5AE,74.0,,,74.0,74.0
B00Y10YCSQ,,,,11.0,11.0
B00Y14NMKQ,,,,,286.0
B00Y1DACCS,,,,,9.0
B00Y1DCV9A,,,,,5.0
B00Y299BJ6,,,,,22.0
B00Y2IZXBC,,1.0,,,
B00Y3AEUO0,,,1.0,,
B00Y3GY60W,1804.0,,1804.0,1804.0,1804.0
B00Y3UWTMK,,,,4.0,4.0
B00Y43LI5K,24954.0,24954.0,24954.0,24954.0,24954.0
B00Y43NDVW,24954.0,24954.0,,,24954.0
B00Y43O9QA,24954.0,,,,24954.0
B00Y43PLKS,,,,24954.0,24954.0
B00Y4Y3USC,,,,,4.0
B00Y71R24U,,,,,4.0
B00YB19KCI,,,32.0,,32.0
B00YBAQX1U,,,,,5.0
B00YD4YQN6,19.0,,,19.0,19.0
B00YEVT7IM,,,,,2.0
B00YI3PYE2,754.0,,754.0,,754.0
B00YI6Y5M6,6.0,,,,
B00YJL0948,,,,,10.0
B00YLMLOCQ,95.0,,,,95.0
B00YOQZ8CQ,60.0,60.0,60.0,60.0,60.0
B00YPBOW3G,124.0,,,,124.0
B00YPP0MOK,152.0,152.0,152.0,152.0,152.0
B00YQ8QOKM,,,,,2.0
B00YQBVKXU,,,,,13.0
B00YQO6FNW,96.0,96.0,96.0,96.0,96.0
B00YRIKLXC,,428.0,428.0,428.0,428.0
B00YT3I26S,,,,,3.0
B00YTJL0X4,265.0,,,,
B00YU6C6D4,26.0,,,,26.0
B00YURG684,,563.0,563.0,,563.0
B00YVENZOO,,40.0,,40.0,
B00YVZ5ZUU,,1.0,,,
B00YW6PDUK,,,,,3.0
B00YWEF6Q8,,,,,2.0
B00YWVAHMO,,,38.0,,
B00YXNTGD2,,192.0,192.0,192.0,192.0
B00YZ5KXEY,32.0,,,,32.0
B00YZ6RHME,,,,745.0,745.0
B00YZ9E788,,,,,13.0
B00Z346L7E,,,,,22.0
B00Z4USUXK,,,,,13.0
B00Z54T26O,,,,,9.0
B00Z88RZLQ,,52.0,,52.0,52.0
B00Z8BVLMM,,,,16.0,
B00Z9QM2WE,,,,25.0,25.0
B00Z9T0JEO,3.0,,,,
B00Z9VFYCY,,,,,68.0
B00ZBW7Y6K,,336.0,,,
B00ZBWIOYG,,,15.0,,15.0
B00ZDHMVSE,,,,3.0,3.0
B00ZDSCP2K,,,,24.0,24.0
B00ZG9DBXS,,,,19.0,
B00ZHSFHO4,,,,,15.0
B00ZIEH0JC,,,,,149.0
B00ZIQ2V58,,,,,230.0
B00ZJAY9JY,140.0,140.0,140.0,140.0,140.0
B00ZJJZSTU,,,,,12.0
B00ZK6BLZW,,,,10.0,
B00ZL47L66,,14.0,,14.0,
B00ZL47LDY,,,,,17.0
B00ZOEII06,,,1.0,,
B00ZQDJMYQ,,,,162.0,162.0
B00ZRT98HK,104.0,,,104.0,104.0
B00ZSDD69G,1717.0,1717.0,1717.0,1717.0,1717.0
B00ZSOAL3E,,,13.0,,13.0
B00ZSOAL3O,,,,,10.0
B00ZSSD2CC,,,,,118.0
B00ZUSIPM2,,,,83.0,83.0
B00ZVHH74O,,,47.0,47.0,47.0
B00ZVJ7XIM,3607.0,,3607.0,3607.0,3607.0
B00ZWW1SAM,,,444.0,,
B00ZYDT4R8,,,,,6.0
B00ZYVPNAW,,,,,2.0
B010173OEA,36.0,,36.0,,
B0101ZDID4,,,,,4.0
B0102SL76A,,,,,63.0
B0103NO0R2,,,,,7.0
B0103UPJDY,,,,411.0,411.0
B0104I4HHE,,,,,2.0
B01056O3GU,,,,,28.0
B0105P2UMK,,,1.0,,
B0105QK0NA,29.0,,,,29.0
B0105S074A,,,,,12.0
B0105WF7LE,,,,20.0,
B0105YBLQC,,,,215.0,215.0
B0106KQEJO,13.0,,,,
B0107A4KVC,,,,6.0,
B010C4W4M0,,39.0,,39.0,39.0
B010C7T632,19.0,,,,19.0
B010CKP4ZS,16.0,,16.0,16.0,16.0
B010CLWF2W,,,,,15.0
B010CTATQI,,,,1.0,
B010D4DY14,,,,,239.0
B010DJFJYY,118.0,,,,118.0
B010E281D6,,,,,49.0
B010E2JNLK,,,,,11.0
B010E9Y4L2,,,,54.0,54.0
B010GIY57E,,,,501.0,501.0
B010ICHNX6,,,68.0,,68.0
B010KFKQK8,,,,1.0,
B010L53SGQ,,,15.0,,15.0
B010LGP6QK,,,,172.0,
B010M9K6O8,282.0,,,282.0,282.0
B010MMWMBU,,,,48.0,48.0
B010MRMTYA,,,53.0,,53.0
B010NLBPG8,,,,,14.0
B010NLPJBA,,,,6.0,
B010NTUFMK,,,33.0,33.0,
B010OR74F2,,,,,1.0
B010PURT1W,,25.0,,25.0,25.0
B010Q64YZ4,,,,28.0,28.0
B010RAWY9W,862.0,862.0,862.0,862.0,862.0
B010RJZO7M,,157.0,157.0,,157.0
B010TIC0KU,,,,,7.0
B010U08XRG,,,,,3.0
B010U3EKMU,85.0,,85.0,,85.0
B010V09YH8,,,,,308.0
B010V0ODT2,,,19.0,,19.0
B010YB4LSQ,185.0,,,185.0,185.0
B0111Y4SOM,,45.0,45.0,,45.0
B01137IAAK,41.0,,,,41.0
B0113R5HXI,53.0,,53.0,,53.0
B0113VU8U6,,153.0,153.0,,153.0
B0114UHXVS,,,,,942.0
B0114UI5WY,,,,,69.0
B0116Z5264,,,,67.0,67.0
B0116Z5JJY,,,,,67.0
B0117V7U58,,,,,224.0
B01181PJ6Y,,,,,8.0
B0118FV5M2,,,,108.0,108.0
B0118YIUP8,296.0,296.0,296.0,296.0,296.0
B011CVQMIO,,,,,36.0
B011D31D12,,,,,3.0
B011DSHRMG,,,,,16.0
B011EUSVUU,,,,,6.0
B011EW9LVG,,,,,48.0
B011I71X9K,78.0,78.0,78.0,78.0,78.0
B011J5762O,202.0,202.0,,,202.0
B011JKRJM6,36.0,,36.0,,36.0
B011KFFQAW,,71.0,71.0,71.0,71.0
B011KM5A38,240.0,240.0,,240.0,240.0
B011KSLZTK,,,16.0,,
B011PU2AIS,205.0,205.0,,205.0,205.0
B011QMM1U2,,,,202.0,
B011QMMAQ2,,,6.0,,
B011QMN6PG,,,,,1.0
B011RVUH6C,367.0,367.0,367.0,367.0,367.0
B011SDXGYE,6114.0,6114.0,6114.0,6114.0,6114.0
B011SFZJGK,1.0,,,,
B011TVL462,27.0,27.0,,,27.0
B011V7JXLW,,,,,36.0
B011WJ59M6,26.0,,,26.0,
B011WJSI7O,933.0,933.0,,933.0,933.0
B011X83I88,,,,2.0,
B0121YFX6I,747.0,,747.0,747.0,747.0
B0122ABO14,15.0,,,,
B0124BDKOU,,,,,11.0
B0124E9HAI,,,,,351.0
B0124HJRBE,5348.0,,,,5348.0
B0126E21U4,,,11.0,,11.0
B0126M4PH8,,,41.0,41.0,41.0
B0126V27LU,,,,,4.0
B0126XCDE4,510.0,510.0,510.0,510.0,510.0
B0128A1MPG,108.0,108.0,108.0,108.0,108.0
B012A2TQ6E,,,425.0,425.0,425.0
B012A4O98W,,,,,2.0
B012AO3DB6,,169.0,169.0,169.0,169.0
B012BA59R0,35.0,,,,35.0
B012BW9Z6O,,,,,23.0
B012C4Q73A,,165.0,165.0,165.0,165.0
B012DE5ZI2,,,,,12.0
B012EIVQDK,30.0,,30.0,,30.0
B012G57ZV8,55.0,,,,55.0
B012I0VRQ0,,,,,14.0
B012K0637Q,,,5.0,,
B012KPTB6G,,,,,18.0
B012MTWWUC,,,,,22.0
B012T30Z5K,,,,,21.0
B012TSE8LM,135.0,,,,135.0
B012TYG3DM,,,,,15.0
B012V6G6AI,49.0,,49.0,49.0,49.0
B012WSUVTW,,,,,15.0
B012YY0WZW,,134.0,134.0,134.0,134.0
B012ZBH02M,6.0,,,,
B012ZQUZZ6,,,22.0,22.0,
B0131AE60U,,,,,108.0
B01337IEO0,636.0,,636.0,636.0,636.0
B0134E3Q68,,3.0,,,
B0135Q76IE,,,,,59.0
B0136KF6OA,,,69.0,,
B0136UDP7K,,,66.0,,
B0138FYPZO,,,,,2.0
B01396Z7YK,,,,,67.0
B0139AMLOK,,,,,314.0
B013A1YLIM,,,,,15.0
B013A2H0WU,,,,,14.0
B013AI4GNK,,,,1.0,
B013CWTE7M,,,,,22.0
B013D2EUAC,,,,21.0,
B013E2LG4E,,,129.0,,129.0
B013F52KLS,,,,32.0,
B013HTHPYY,,,59.0,,59.0
B013JB4UTI,67.0,,,,67.0
B013JKK840,,,,24.0,24.0
B013JYUECW,,,,112.0,
B013KOC5QY,,,,17.0,17.0
B013KOC5T6,,,,,43.0
B013KRU58G,,,1677.0,,1677.0
B013KZDVGQ,,,5.0,,
B013LIHZH8,,,,,3.0
B013NIWGR0,,,,78.0,
B013OGJPBQ,112.0,,,112.0,112.0
B013OJ0DOQ,24.0,,,,24.0
B013OV0LFU,,,,,54.0
B013OYFY54,,,6.0,6.0,
B013QNA89A,,,269.0,269.0,269.0
B013QVBLQQ,,,8.0,,8.0
B013R3MHSY,595.0,595.0,,595.0,595.0
B013RO0OQ0,471.0,471.0,471.0,471.0,471.0
B013RS9DKE,,,,,17.0
B013SIOYGG,43.0,43.0,43.0,,
B013SIYDBW,829.0,829.0,829.0,829.0,829.0
B013T3VZP8,,,,,132.0
B013TJJOXM,,,,,10.0
B013UBMQ6G,,,37.0,,
B013VNUS4A,,3.0,,,
B013W0LVCA,,,,,9.0
B013WJHRC4,,,,,21.0
B013XEQKCG,,,586.0,586.0,586.0
B013XJEUNM,,,,,92.0
B013XNZPZU,,,,,17.0
B013ZM7AUM,54.0,54.0,,54.0,54.0
B01408AKQG,,,,,316.0
B0140LCWCI,,,,,2.0
B0140PZIAC,,,,,11.0
B0140SUFJS,,,19.0,,19.0
B0140X8GG2,,,,445.0,
B01419V11C,168.0,168.0,168.0,,168.0
B0141DP2XQ,,,,,64.0
B0141PKL0I,,,,,3.0
B0142J66BG,,,,,21.0
B0143N0W8O,,,,,54.0
B01444MHGW,,,,,9.0
B0144P2H0M,,,,169.0,169.0
B0145KLZJU,,,,,9.0
B0145VG044,,,,,4.0
B0145WCIQ2,,,,,17.0
B0147QG1K0,,,,,11.0
B0147R91JC,,,,,9.0
B0147RGD2U,,,,2.0,
B0147TA7NY,,,2.0,,
B01481XSDC,,,,,9.0
B0149DU8PK,1.0,,,,
B0149I69S0,,,3.0,,
B0149K4R1Y,627.0,627.0,627.0,627.0,627.0
B0149K5U7E,,,,,33.0
B014B1ATP4,,,,,2.0
B014B8JHVY,,,,101.0,101.0
B014CD9M2W,,,,,19.0
B014CNTY4I,,,652.0,,
B014DPZWQE,,,,,59.0
B014DSMQSS,198.0,198.0,198.0,198.0,198.0
B014EW90HI,,,,,57.0
B014F6ODZW,,,,,6.0
B014FEANL2,,,,,1.0
B014GCTQLQ,,,,,37.0
B014GLTG8U,108.0,108.0,108.0,108.0,108.0
B014GR0J58,,,,,6.0
B014H1V71I,,,,18.0,18.0
B014HAOHZ2,,,,,209.0
B014HYI86M,4806.0,,,,4806.0
B014IT4LS0,,,,,47.0
B014JVKX6G,,,,,47.0
B014KLP4R8,,312.0,,,312.0
B014QAG8VE,,,4.0,,
B014QAQASK,,,,,35.0
B014QVWM68,,187.0,187.0,187.0,187.0
B014RHEUUC,,,,9.0,9.0
B014RUQVJC,,,,,1.0
B014RWUJF2,4.0,,,,
B014S92HHW,12.0,,12.0,,12.0
B014T4GMK4,15.0,,,15.0,15.0
B014T52U04,,,,,5.0
B014T6VALS,,9.0,,,
B014T7LHCY,,,,4.0,
B014T89644,,,,,1.0
B014T8B57A,,,,15.0,15.0
B014TD0D3C,,,,268.0,268.0
B014U0LH20,,125.0,125.0,,
B014U77F3I,,,,21.0,21.0
B014VN2XTW,8.0,,,8.0,8.0
B014VQELTE,,,,,141.0
B014WEORJ4,648.0,,,,
B014WXYB3W,,,,,12.0
B014XRMKBM,,,,,16.0
B014Z56YPA,,6.0,,,
B014Z6J7NU,,,,,57.0
B014Z8UQ3I,,,,13.0,13.0
B014ZV8G7I,,,,,6.0
B0150D45DE,,,1.0,,
B0151146UM,12.0,,,,12.0
B0152HSPW0,,,16.0,,16.0
B015326R6K,65.0,,,,
B01533OW8O,,150.0,150.0,150.0,150.0
B01533OW9I,,,,20.0,20.0
B01533OWAW,53.0,53.0,,53.0,53.0
B01533OWMK,30.0,,30.0,30.0,30.0
B0153GTLAK,,,,,1.0
B0153L25OY,,,,,23.0
B0153RKMLG,,,,,1.0
B015404JS4,,,,,9.0
B01544LTOM,,10.0,,,
B01548B1IM,,15.0,,15.0,15.0
B0154LZO0U,,,,,16.0
B0155KU9K0,,,,,24.0
B015646V8Y,,,,,38.0
B015668RZM,,,,,2.0
B0156IWFJE,,,302.0,302.0,
B0156Y7L1K,324.0,324.0,,,324.0
B01575B7NQ,,,,,18.0
B0157NOV4K,14.0,,,,
B0158UYQ3I,8.0,,,,
B0158V4QDW,,,,24954.0,24954.0
B0159GG2QU,,,874.0,874.0,874.0
B015ALFA12,,,,,463.0
B015ANSOY0,,,,,18.0
B015AOAMTE,,,,,2.0
B015AXJBFG,,,,,8.0
B015AZHKW0,2.0,,,,
B015BJJXRU,,,,15.0,15.0
B015CFT63O,3.0,,,,
B015CZC230,,,,,37.0
B015DC07K2,,,,,332.0
B015DC09BE,,,,,332.0
B015DU36JI,,,,,88.0
B015EK4IL2,,,,,1.0
B015ELZ5RC,,,107.0,,107.0
B015EVSYWU,,,,,5.0
B015FEQJBY,,,23.0,23.0,
B015G8UZZK,2492.0,,2492.0,2492.0,2492.0
B015GIUFKU,,,,9.0,
B015GSRYL8,,,,56.0,56.0
B015GYVS5A,,,,,3.0
B015HL0UUG,,,,,5.0
B015HMYTK2,,,,,10.0
B015II1RGY,,,,112.0,
B015IKGINY,112.0,,,,112.0
B015JB35R4,,,,,1.0
B015JHGVVA,,,,,10.0
B015JRH16O,,,,23.0,23.0
B015JY8VQ6,,,,,32.0
B015KH0UES,,,,,10.0
B015MKBBGO,,,,,23.0
B015NFBQZ4,,,,17.0,
B015NZB096,,102.0,102.0,102.0,102.0
B015OW3ZJG,82.0,,,,82.0
B015P0Y1W2,,,,14.0,
B015P3MTLE,,,191.0,191.0,191.0
B015P4SUAW,,,,,2.0
B015PAYOOW,93.0,93.0,93.0,93.0,93.0
B015PDUV6E,,,,,80.0
B015PQQLFQ,,,,,68.0
B015QBL4UW,,78.0,,78.0,78.0
B015QPDQ9K,131.0,,131.0,131.0,131.0
B015QS9WYA,,,,,17.0
B015RI8B64,2899.0,,2899.0,2899.0,2899.0
B015SFO8F4,21.0,,,,
B015SGAA1O,,24.0,,,24.0
B015SGBRU2,,,,,11.0
B015SLWWEC,,,,,16.0
B015SQ476I,141.0,,,141.0,141.0
B015TCDEYM,,,,,11.0
B015TJ3I4G,,,,,4.0
B015UQO3SS,,,14.0,14.0,14.0
B015UVI6TA,,,,5.0,
B015VVKNUY,,,,,20.0
B015WSNJF2,,,,,2.0
B015X5GXHU,,,,,1.0
B015X6IAYS,,,,,103.0
B015X6J3KI,,,,,98.0
B015X6PAY6,,,,,597.0
B015XJ19D4,1128.0,1128.0,1128.0,1128.0,1128.0
B015XJ1ALU,1128.0,,1128.0,1128.0,1128.0
B015Z4QDDI,,,42.0,,42.0
B015Z4QH66,,,,,69.0
B0160FNLKY,116.0,,116.0,116.0,116.0
B0160I691Y,,4542.0,,4542.0,4542.0
B0160RXRQA,,,,,2.0
B0161K9QMA,,,,,95.0
B0161OUQJI,,,,,3.0
B016398OAE,233.0,,,233.0,233.0
B0163NHQ9U,,,,,447.0
B01643DMQA,1030.0,1030.0,1030.0,1030.0,1030.0
B0164O99N4,,,,,2.0
B0164RAURK,,,,,297.0
B0164SU8JO,,,,,66.0
B0166168V6,259.0,,,,
B01675S59O,,,,,2.0
B0167GA4U6,,28.0,,,
B0167JYZTO,,,,,10.0
B01695VXTQ,,667.0,667.0,667.0,667.0
B016BIE03M,,,,693.0,
B016BJOFA4,1625.0,1625.0,,1625.0,1625.0
B016BYY4IW,,15.0,,15.0,15.0
B016D1X9XO,,,10.0,,
B016DLNMPE,693.0,,,693.0,693.0
B016DO9QYW,,,,,219.0
B016E1HM0O,,98.0,,98.0,98.0
B016ETR1WA,,206.0,,206.0,206.0
B016FSEH72,,,,,34.0
B016H1P0XC,66.0,,66.0,66.0,66.0
B016H3WFLA,,,33.0,,33.0
B016HJLFJM,2.0,,,,
B016IPO52E,,,,,19.0
B016IVRH0K,,,,18.0,18.0
B016IZDM50,106.0,,,106.0,106.0
B016JN5YX4,,,,2.0,
B016M1RNAU,,,10.0,,
B016MPM1RG,,,,,3193.0
B016MT0IP4,,,,,60.0
B016MZ5DIU,,,,32.0,32.0
B016N30JKI,,,5.0,,
B016N30R7I,51.0,,,51.0,
B016N311GY,,,,20.0,
B016N39ROW,,,,,1.0
B016NA82XC,,,20.0,,
B016NFCV2K,,,61.0,,61.0
B016NFNFWU,38.0,,,38.0,38.0
B016NKJX9Y,,,,6.0,6.0
B016OTLIZQ,1.0,,,,
B016QL2KWM,,,1.0,,
B016QLIJZO,,,,,5.0
B016QNHDMC,11.0,,11.0,,
B016QZNYRI,,,,,3.0
B016RAJRFK,294.0,294.0,,294.0,294.0
B016T427OC,,,,,23.0
B016TVS2LW,,,,132.0,132.0
B016U35TPG,,,,174.0,174.0
B016U7KFX8,10.0,,,,
B016UMUC4U,163.0,,163.0,163.0,163.0
B016VA0KKC,,224.0,224.0,224.0,224.0
B016VF1KCE,4.0,,,,
B016VF35SG,,,,,15.0
B016VRVHSY,,,,,4.0
B016W65FBY,,,,,7.0
B016X11RBA,4.0,,,,
B016X4Z7VI,,,,,8.0
B016XRGMXM,97.0,,,97.0,97.0
B016YGWECU,,,,,4.0
B016YH64JI,,,,,2.0
B016YJK72Q,,,,,7.0
B016YWUSHM,,,,3.0,
B016ZE1HS8,,,40.0,,40.0
B016ZGVXF8,,,,,3.0
B0170MBABI,,,,,87.0
B0171MXHS6,,,,,2.0
B0171OMRWG,,207.0,,,207.0
B0172IB2RW,188.0,,,,188.0
B0172M19W6,29.0,,,,29.0
B0172UM0JY,,,4.0,,
B0173G36XG,,,,,30.0
B01744PX4W,,,,,1.0
B0175R22I8,,,,,20.0
B0175V88R8,736.0,,,736.0,736.0
B0176IP2H4,,,12.0,,
B0176UKKFG,224.0,,,224.0,224.0
B01777XAM8,,,,26.0,
B0178H3QPS,,,,,162.0
B0179P2BI2,,,,,2.0
B017A6NJKO,,,,,16.0
B017AEV3GI,,,,,4.0
B017AUIS7Y,,,,162.0,162.0
B017BGOPVA,,,,54.0,54.0
B017CEO5YS,,,1.0,,
B017CHTZP4,,,,,19.0
B017E4054A,,,187.0,187.0,187.0
B017EQSLTE,,,,,3.0
B017F4JHD4,,2.0,,,
B017F4R4F2,,10.0,,,
B017F60MEA,,,,,1.0
B017FDKG3U,,,,,6.0
B017GDKGY8,45.0,,,,
B017GZDIJ6,,,,,441.0
B017HT2ZV8,,,16.0,,16.0
B017IT9RV8,141.0,,,141.0,141.0
B017JNEKCY,17.0,,,,17.0
B017JSCRXI,78.0,,,,78.0
B017K1RI1K,16.0,,,16.0,
B017K5NDSS,168.0,,,,
B017KCODCG,254.0,254.0,,254.0,254.0
B017KTHXLM,,,,19.0,
B017KUNKPY,,,13.0,,13.0
B017KXK5LS,,6.0,,,6.0
B017KY0AA8,,,,,1.0
B017L0BG6I,,,,,87.0
B017LDXYQU,,,,,44.0
B017M36416,,,,,59.0
B017MHH7CW,49.0,,,,49.0
B017MU6MZM,,11.0,,,
B017N4X1EC,,10.0,,,
B017N4X1G0,,,,,3.0
B017NX5APQ,,,,,5.0
B017O26W6C,,,,,9.0
B017O2PBK0,,,,,1.0
B017OELBNE,,100.0,,,100.0
B017OLGYTS,,,,,190.0
B017OWPD9E,,,346.0,,346.0
B017QYLWTA,1020.0,1020.0,1020.0,1020.0,1020.0
B017S8IZBW,,,,,233.0
B017TH5WNG,,,,8.0,
B017TS1AQI,,,,,177.0
B017TSMKYO,,,,,1.0
B017VOTH4W,,,,,8.0
B017VOTH7Y,,,,,8.0
B017VXA4SQ,351.0,351.0,351.0,351.0,351.0
B017W6X3YO,173.0,173.0,173.0,173.0,173.0
B017WVJKRI,668.0,668.0,668.0,668.0,668.0
B017X1PWS8,,42.0,42.0,42.0,42.0
B017X1PXXM,24.0,,,,24.0
B017X2WIIO,1996.0,1996.0,1996.0,1996.0,1996.0
B017X2WJME,1996.0,1996.0,1996.0,1996.0,1996.0
B017XQAC74,291.0,,291.0,291.0,291.0
B017YOD55G,,,,16.0,
B017Z2WZYE,,,,,16.0
B017Z4IDUM,,,,,9.0
B0181ER1NU,,97.0,97.0,97.0,97.0
B0181KU5W8,398.0,398.0,398.0,398.0,398.0
B0181XBKP6,,,16.0,,16.0
B01829GXB0,,,,,7.0
B0182K4TZQ,,,,4.0,
B0183748U4,37.0,,,37.0,37.0
B01837G0QO,,,,294.0,294.0
B0183DJ63C,,,176.0,176.0,176.0
B0184ICGQU,,,,,32.0
B0186UDN36,,,,,35.0
B01872RVOU,,,,,5.0
B01878GOXI,,,7.0,,7.0
B0187MUEFS,82.0,,,,82.0
B01891KVJ6,5.0,,,,5.0
B0189NRASE,,,,,3.0
B018EHTG5K,2618.0,2618.0,2618.0,2618.0,2618.0
B018F3ONGA,,,,,36.0
B018FB8H00,,,,,24.0
B018FGRXZA,546.0,546.0,546.0,,546.0
B018FR5R9S,,33.0,,,33.0
B018HEJHLI,,,,,1.0
B018HEWGTI,1435.0,1435.0,1435.0,1435.0,1435.0
B018HVML8M,,,,,16.0
B018IVPA8Y,15.0,,,,
B018JAAKJS,,,,,15.0
B018JGT5P2,,,,,44.0
B018K3ATKE,1893.0,,1893.0,1893.0,1893.0
B018MRJXKK,,,18.0,,18.0
B018MXFBGE,,,,,7.0
B018NJA4LE,,1128.0,1128.0,,1128.0
B018NJA5TU,,,,,1128.0
B018NJA6RQ,,,20.0,,20.0
B018NJDN2G,,,28.0,28.0,
B018PKWQ08,,,,,33.0
B018Q7G7V4,,,,,12.0
B018RDZT52,,,3.0,,3.0
B018W8QJN8,,,,,74.0
B018WCSZX6,75.0,,75.0,,75.0
B018WO4MM2,,8.0,,,
B018WP1KDU,,,,,11.0
B018WVNKY6,,,19.0,,
B018WVNKYQ,,,,,19.0
B018WX2J1O,1694.0,1694.0,1694.0,1694.0,1694.0
B018WZ3FFQ,,117.0,,,117.0
B018XDPQOA,,,,,27.0
B018Y49RZW,,197.0,197.0,197.0,197.0
B018Y4XW26,,,,,4.0
B018YHNZPM,806.0,806.0,806.0,806.0,806.0
B018YVRUMM,,,,,244.0
B018ZSFR4M,,,,,4.0
B0191EC1RU,,,,35.0,35.0
B0193G0W40,,,,70.0,
B0194CVYOK,,,,,11.0
B0194HBQF2,,,,,9.0
B019558T44,,,,,7.0
B0195I94YU,,,,,12.0
B0195NHE2O,,,,,134.0
B0195NKEGM,,,4.0,,
B0195XMIXO,14.0,14.0,,,
B0195ZK68Q,,,,,6.0
B0197BVO2K,,,,31.0,31.0
B01982LK54,,18.0,,,
B01996QRP2,,,,,13.0
B0199PV9I8,,,1037.0,1037.0,1037.0
B019BDPWO0,,,,,1.0
B019BIJDCM,117.0,117.0,117.0,117.0,117.0
B019CNFRTE,,,,62.0,62.0
B019CQYYXQ,245.0,,245.0,245.0,245.0
B019DKT9XQ,97.0,97.0,97.0,97.0,97.0
B019DPES4Q,,,,,35.0
B019DQ56XC,,,,,1.0
B019F06MCA,,,,,3.0
B019FB6NYG,,,,9.0,9.0
B019FCW8PI,37.0,,,37.0,37.0
B019FTJWBY,,,,,48.0
B019HCDI5U,,,,,2.0
B019HXEBC8,554.0,,,,554.0
B019I2026C,,,,,104.0
B019J03616,864.0,864.0,864.0,864.0,864.0
B019JEDSD8,,,170.0,,170.0
B019KVYHQ2,,,,,26.0
B019MJIG2S,,,,,45.0
B019NQX5N0,,,,,3.0
B019NSCFHA,,,,,5.0
B019OE50L6,,,,,9.0
B019PG8ZTC,,,,,5.0
B019PI1YJ8,,713.0,,713.0,713.0
B019PM5EKY,,,,,5.0
B019QG8MH6,310.0,,,310.0,310.0
B019S7UBAY,,,,,43.0
B019S8GNIC,,,,,12.0
B019SY4OA0,,,,,7.0
B019T9AJLM,4894.0,,4894.0,4894.0,4894.0
B019TS56WK,,,94.0,,94.0
B019UG0WKW,,,,,14.0
B019UHKYUE,,,,,6.0
B019WCNLOI,,,,,18.0
B019YDC6U0,88.0,88.0,,88.0,88.0
B019YE0QRY,,,59.0,,
B019YJZ3W2,,,,,8.0
B019Z438L4,322.0,,322.0,,322.0
B019ZZ0ZFU,,,,22.0,22.0
B01A3VK2LM,,,,,2.0
B01A43BOUW,946.0,,946.0,946.0,946.0
B01A5AR0L6,10.0,,,,
B01A5UPUR2,399.0,,399.0,399.0,399.0
B01A5ZBBFM,,,,7.0,
B01A6W0EQG,974.0,974.0,974.0,974.0,974.0
B01AA8EK8E,,,,,2.0
B01AATQHZC,,,,,128.0
B01ABM7ZVS,,,,,4.0
B01ABM8XC8,161.0,,161.0,,161.0
B01AC7JZTC,,,,,22.0
B01ACWPA8W,,,,,5.0
B01AD9ZMSW,,,,22.0,
B01ADHDA74,,,,,46.0
B01AE5THK4,,38.0,,38.0,38.0
B01AEFMORW,189.0,189.0,189.0,189.0,189.0
B01AEFRWYW,,,,246.0,246.0
B01AFF2RXM,2687.0,2687.0,,2687.0,2687.0
B01AFH3DYM,111.0,111.0,111.0,111.0,111.0
B01AFH4VMK,2687.0,,2687.0,2687.0,2687.0
B01AFILRW6,2687.0,,,,2687.0
B01AFZTKQO,,,,,8.0
B01AGO0LHQ,151.0,,151.0,151.0,151.0
B01AGVXYJG,,,,,970.0
B01AHCEKLA,3495.0,,,3495.0,3495.0
B01AHCEKLU,3495.0,,,3495.0,3495.0
B01AHCEKMY,3495.0,,,3495.0,3495.0
B01AHCEKQU,,3495.0,3495.0,3495.0,3495.0
B01AHGX8R8,,,,,12.0
B01AHJCCMM,878.0,878.0,878.0,878.0,878.0
B01AHREU6K,,43.0,,,43.0
B01AIG8ACA,,46.0,,,46.0
B01AIIHP88,,,,,6.0
B01AITE8OQ,,,,,47.0
B01AITY85U,,,,,2.0
B01AJCKVKW,,,,,3.0
B01AJGU4NM,13.0,,,,
B01AK0JFGY,,,,1.0,
B01AKTJWC2,,106.0,,106.0,106.0
B01AKZN3NA,,,,32.0,32.0
B01ALEYHVW,,,,,29.0
B01ANEPZX4,,,455.0,455.0,455.0
B01ANK31HK,,,,,22.0
B01ANZC31A,,,,,156.0
B01AO7DOB0,,,,,5.0
B01AOFIRG4,,,,,7.0
B01APDGWJY,,1331.0,,1331.0,1331.0
B01APTX836,,,,7.0,7.0
B01AQJYRBW,73.0,,,73.0,73.0
B01AQSLQQW,,,,,4.0
B01ARS8VUU,,,,,16.0
B01AU4X5V6,57.0,,,,57.0
B01AVAD9BA,102.0,,,102.0,102.0
B01AVQ8JKK,,,,,107.0
B01AVSZ4IS,,77.0,77.0,,77.0
B01AXB8URK,,,,52.0,52.0
B01AXNGFDE,,1.0,,,
B01AYHY4ZA,1.0,,,,
B01AYN6X08,,,,,2.0
B01AYN6X12,,,,,47.0
B01AYN6X1M,,,,13.0,13.0
B01AYS1KUQ,424.0,424.0,,424.0,424.0
B01AZNMAF4,42.0,,,,42.0
B01AZW8YFU,,,,,1.0
B01B08FQFY,13.0,,,,
B01B0GCVQS,,,,,4.0
B01B0TLR88,,,10.0,,
B01B0TLR8I,,,,,10.0
B01B0TLR9C,,,,,10.0
B01B11GXI4,,,159.0,,159.0
B01B1CYWXG,,,,,3.0
B01B24LC2W,,,,,4.0
B01B2OW1LS,24954.0,24954.0,24954.0,24954.0,24954.0
B01B36AHPC,,4.0,,,
B01B5AKTOA,,,,28.0,28.0
B01B69GVJW,30.0,,,,30.0
B01B6IJPTG,,,19.0,,19.0
B01B8BFAEK,,,,,129.0
B01BA0ON5Q,4.0,,,4.0,
B01BBJ7Y0C,,,,,15.0
B01BBUG7B8,,,,,118.0
B01BCDNIYI,,,,1.0,
B01BCUTTIU,,,,,11.0
B01BDZ6MES,,74.0,,74.0,74.0
B01BE3MJMI,,,,,29.0
B01BERCZ78,,,,52.0,
B01BEURTL2,,,,,61.0
B01BEYRHGU,38.0,,38.0,38.0,38.0
B01BF6UX9A,,,45.0,45.0,45.0
B01BHBSAW0,,,,6.0,
B01BHF9N5Y,,,,,40.0
B01BI52N5U,,,54.0,54.0,54.0
B01BICX1FE,,,,24638.0,24638.0
B01BIE6X4I,,,,48.0,
B01BJ5GK3A,,,,,13.0
B01BJ63280,,1996.0,1996.0,1996.0,1996.0
B01BK1JENQ,,,,,47.0
B01BKI6JCS,,,,,26.0
B01BKTW99Y,11.0,,,,11.0
B01BKZVRN2,96.0,96.0,96.0,96.0,96.0
B01BL5KP0W,,1.0,,,
B01BLBZE0M,183.0,,,,183.0
B01BLOYHLG,,,,,20.0
B01BLP9EHM,,,,,14.0
B01BLPFHZ0,,,,81.0,81.0
B01BLSJRC6,,,,,157.0
B01BMBMTS6,,,19.0,19.0,19.0
B01BMZP0RE,,,,,2.0
B01BN1GCRO,,,,,4.0
B01BNLTSWA,,,,,284.0
B01BO30EZM,,,,166.0,166.0
B01BO3ANKS,,,,,159.0
B01BO42P4Y,,,,,4.0
B01BO4HMQU,,,,,19.0
B01BOCQMSG,,,,,56.0
B01BQH7PU8,667.0,,667.0,667.0,667.0
B01BRGZSIE,45.0,,,,
B01BS53TXA,,,,488.0,488.0
B01BS547OK,,,,,460.0
B01BS5BJXM,,,,,6.0
B01BT7ZJ9O,,,80.0,80.0,
B01BTDBIDY,,,3270.0,,3270.0
B01BTDBKT6,,,,3270.0,3270.0
B01BTDBL2W,3270.0,3270.0,3270.0,3270.0,3270.0
B01BTDBLI6,,,,3270.0,3270.0
B01BTS4DJ0,,,,,13.0
B01BU5DYLA,,708.0,,708.0,708.0
B01BURNQ3O,212.0,212.0,212.0,212.0,212.0
B01BV3LDP0,,,,,3.0
B01BV3MSEA,,,,,38.0
B01BX582IC,6.0,,,,6.0
B01BXMM98O,,,,29.0,
B01BZ2MDJ2,,,,,103.0
B01BZCCV76,,,,,54.0
B01BZXKSUM,,,,,6.0
B01C1PLZQY,,,102.0,102.0,102.0
B01C3UKNS8,,,,12.0,
B01C4CI6IO,4.0,,4.0,,
B01C4JOSU2,,,8.0,,
B01C4SRBXE,,,,,35.0
B01C60J4VW,,,,,20.0
B01C63B59S,,,,5.0,
B01C6SD8AC,,,,,79.0
B01C740HFO,,,,,526.0
B01C7J1P6Y,8.0,,,,8.0
B01C7LJ46A,,,,,126.0
B01C8Y6M8E,,,,,3.0
B01C90PMSS,,,,508.0,
B01C9OWYM6,,305.0,,,305.0
B01CAS7EGC,,,,14.0,
B01CASIW1I,,,,,4.0
B01CB2YOPQ,446.0,,446.0,,446.0
B01CB5J94E,,,12.0,,12.0
B01CDEKKXC,,,,,6.0
B01CDZ3I26,328.0,328.0,328.0,328.0,328.0
B01CE0UFTO,2.0,,,,
B01CESR5K8,,,,,25.0
B01CF1BOHY,,,,4.0,
B01CF4E0I6,,,,,252.0
B01CF4E0YK,,,20.0,20.0,20.0
B01CGX9PMM,,,,,27.0
B01CI3AQQ4,,,,42.0,42.0
B01CI86QJU,,,,,5.0
B01CIMDWE8,,,,,11.0
B01CIROR9C,,191.0,191.0,191.0,191.0
B01CJ63VGW,21.0,,,21.0,21.0
B01CKCL90U,120.0,,,,120.0
B01CL9HUVY,,86.0,,,86.0
B01CLO4ATY,,,,,40.0
B01CM1UEAU,,,27.0,,27.0
B01CNJZFHS,,,,16.0,16.0
B01CNQTJ5K,36.0,36.0,36.0,36.0,36.0
B01CNX62TE,,,,,3.0
B01CO1U89A,,,,,37.0
B01CODWXZK,,,,,4.0
B01CPK9M8S,,,,,4.0
B01CPR44WA,,,,,1.0
B01CPSJQAE,509.0,509.0,509.0,509.0,509.0
B01CQ2IS4Y,,,,,5.0
B01CQ4HRHG,,,,116.0,116.0
B01CR3ODVY,,16.0,,,
B01CRYYSTA,,,,,4.0
B01CT23V02,,,,,8.0
B01CT25OP2,1398.0,,,,1398.0
B01CTMZ2Q8,,,,,6.0
B01CTRH04K,,220.0,220.0,220.0,220.0
B01CTRMRJ8,,,,60.0,60.0
B01CTRQDSO,,,,,2.0
B01CTW2B5I,,,,,87.0
B01CTZW8O4,618.0,618.0,618.0,618.0,618.0
B01CUK5HNW,75.0,,,,75.0
B01CVSPGGG,,1.0,,,
B01CXPI6LE,,,15.0,,
B01CXQQFDY,,,94.0,94.0,94.0
B01CY3KI4S,32.0,,,32.0,
B01CY6SMG6,,,,14.0,
B01CZSNOLG,360.0,,360.0,360.0,360.0
B01D0SCQH8,,,,,19.0
B01D11DT20,,,,,10.0
B01D1PBPFE,,,,8.0,
B01D1PSAW0,,,,,3.0
B01D21FTQI,,,6.0,,
B01D2M4G0C,1188.0,1188.0,1188.0,1188.0,1188.0
B01D2RES32,,,,,4.0
B01D2XJJXK,,18.0,,,18.0
B01D2XLR9E,92.0,,,,92.0
B01D2Y6YPA,,76.0,76.0,,76.0
B01D3H2CWU,,,,,20.0
B01D3R6AMI,,,,572.0,572.0
B01D3R6DCU,,,,,572.0
B01D43Z60I,,,70.0,,
B01D45JPGW,,,,,16.0
B01D49UF44,,,4.0,,4.0
B01D4TH1N2,,,,,38.0
B01D4VA4AW,108.0,108.0,108.0,108.0,108.0
B01D56AVO0,1262.0,1262.0,1262.0,1262.0,1262.0
B01D5E77A8,,,,40.0,40.0
B01D5RE9PQ,,,,,706.0
B01D6CUZ8A,,,8.0,,8.0
B01D6HXSIY,,,17.0,17.0,17.0
B01D7UXO4S,,,,,6.0
B01D8QDBU8,,70.0,,70.0,70.0
B01D94NB72,,,,,17.0
B01D94NDF2,,,,,17.0
B01DA3C4B6,,,,122.0,122.0
B01DA4FU6G,,,,,4.0
B01DAP3H88,,92.0,,,92.0
B01DCHQMFE,,,,,121.0
B01DCZD5NI,4753.0,4753.0,4753.0,4753.0,4753.0
B01DDE3AOW,,,1211.0,1211.0,1211.0
B01DEKPFYS,37.0,37.0,37.0,,37.0
B01DETG89U,,,46.0,,46.0
B01DEZTDFK,,,,19.0,19.0
B01DGY4UN4,,,,,6.0
B01DH2N1AI,21.0,,21.0,,
B01DI1SCIO,111.0,,111.0,111.0,111.0
B01DJ6XUYE,1249.0,1249.0,1249.0,1249.0,1249.0
B01DJHVBQM,,61.0,,,
B01DJLARAY,25.0,,25.0,,25.0
B01DKGH6K2,,,,,72.0
B01DLP6G7G,,17.0,,,
B01DN49VZO,,,,48.0,48.0
B01DO3CKXE,,,,,22.0
B01DP2LSKK,103.0,,,,103.0
B01DPA794G,,,,,818.0
B01DQVMO6C,,,284.0,,284.0
B01DQWPX96,,,,,109.0
B01DRECD5K,,124.0,,,124.0
B01DRW39C8,,,,,18.0
B01DTL9OV2,,22.0,,,
B01DTRBKPE,,,,,245.0
B01DUFFGP0,,,,,13.0
B01DVCEN0G,,,,6.0,
B01DVF3RS2,,,,,23.0
B01DW3BE9W,33.0,33.0,,33.0,33.0
B01DWG10MA,,,,59.0,
B01DX952QQ,,1.0,,,
B01DXPI1EA,,,124.0,,
B01DYCGLOE,,,,,1.0
B01DYUDAFO,,96.0,,,96.0
B01DZ0AJWU,,,,,5.0
B01DZ9TNPU,,247.0,247.0,247.0,247.0
B01DZ9TNQO,247.0,,247.0,,247.0
B01E0WDCSU,,,,19.0,
B01E1SL33O,,,,28.0,28.0
B01E2PAY5E,,,,,15.0
B01E3FYH1K,,,,17.0,
B01E4H77J6,,,,,2.0
B01E4TKQ2Y,560.0,,560.0,560.0,560.0
B01E4V877S,109.0,109.0,109.0,109.0,109.0
B01E57854G,,,59.0,59.0,
B01E5JKKO2,,,,,9.0
B01E6LA09Y,,,9.0,,
B01E6Z3IAI,,14.0,,,14.0
B01E7218SE,,,,12.0,
B01E78UA1O,324.0,324.0,,324.0,324.0
B01E7MNN50,114.0,114.0,,114.0,114.0
B01E85MPZK,,,,531.0,531.0
B01E8NAU18,,,,16.0,
B01E8NEIPW,63.0,63.0,63.0,63.0,63.0
B01E8Q5QJ6,,,2.0,,
B01E8S8EPC,,,5.0,,
B01E9G70B2,10.0,,,,10.0
B01EB43VJC,58.0,,,,58.0
B01EC30V4A,,,6.0,6.0,6.0
B01ED8O3DY,,,,,12.0
B01EEN1YIU,,,,,236.0
B01EHQT2JW,101.0,101.0,101.0,101.0,101.0
B01EIN98KC,,,6.0,,
B01EJ5N2YM,,,31.0,31.0,
B01EJ881ZO,,1162.0,1162.0,1162.0,1162.0
B01EKAUVUY,,,,,44.0
B01EKJVZZA,,,,,4.0
B01EL1XKE6,,28.0,,28.0,28.0
B01ELACO8K,207.0,,,,
B01ELEDALG,,,,12.0,12.0
B01EM63MRA,,,7.0,,
B01EMP6DDG,30.0,,,,30.0
B01EMZA530,,,89.0,89.0,89.0
B01EN0HXT8,1512.0,,,,1512.0
B01EN0ZY7Q,,,,,193.0
B01EO2HZP2,,,,19.0,
B01EO2KPN6,,,,9.0,9.0
B01EPA36TC,,,220.0,,220.0
B01EPGX4ZM,,,,,5.0
B01EPXKSUO,,,1.0,,
B01EQV46RQ,,210.0,210.0,,210.0
B01ET3IJ2O,,,,2.0,
B01ETU73EM,,,,,10.0
B01EU06K36,,,59.0,,59.0
B01EUD6YWU,,,,43.0,43.0
B01EVE7IEQ,,,,,19.0
B01EVK3JLQ,,,,36.0,36.0
B01EVQ32J4,,,102.0,,102.0
B01EWO3EES,,,,,16.0
B01EWSADJ8,85.0,,,,
B01EXW2AMG,,,29.0,29.0,29.0
B01EYSLY4Y,,,12.0,12.0,12.0
B01EYSR95C,,,,4.0,
B01EZ7BU2A,,,,,108.0
B01EZA9RG8,142.0,,,,142.0
B01F04YL64,,,,,8.0
B01F0FZ9DW,,,,7.0,
B01F13RJWM,82.0,82.0,82.0,82.0,82.0
B01F1I8MA0,3.0,,,,
B01F2C5MYY,,,,,9.0
B01F2HOCT0,,,,146.0,146.0
B01F37AGDK,312.0,312.0,312.0,312.0,312.0
B01F400NT8,,84.0,84.0,,84.0
B01F4CK0HG,,,30.0,30.0,30.0
B01F4V82G8,,,,,20.0
B01F5WU1KG,116.0,,,,116.0
B01F5YRF6W,,,,,8.0
B01F7599KE,,,,82.0,82.0
B01F759ASK,,,,,82.0
B01F7IY0R8,,,,,3.0
B01F7QE5T8,,,,,202.0
B01F7UGUP6,,,151.0,,151.0
B01F7VGWWQ,,,,,60.0
B01F7VGXS4,,,,,60.0
B01F7VRFU4,,,,,1.0
B01F9F8U3O,,,,,16.0
B01F9NFMBE,166.0,166.0,,166.0,166.0
B01F9PDMRS,,,,2.0,2.0
B01F9R644E,,,,,4.0
B01FAN68A2,,,,,17.0
B01FBKM7WC,1093.0,1093.0,1093.0,1093.0,1093.0
B01FBWGW3U,,,,6.0,6.0
B01FD6OWI6,,53.0,,,
B01FDIHEAM,19.0,,,,19.0
B01FDRUL1W,3.0,,,,3.0
B01FDSQMGY,,,5.0,5.0,5.0
B01FE4IHXS,7.0,,,,
B01FEDPVZG,,,,,4.0
B01FEXA0AC,153.0,,153.0,153.0,153.0
B01FG98Y6Q,23.0,,23.0,,
B01FHCD0RU,1155.0,1155.0,1155.0,1155.0,1155.0
B01FHDYGQ8,67.0,67.0,,67.0,67.0
B01FHSEOG0,161.0,,161.0,161.0,161.0
B01FHU6G6E,,,52.0,,
B01FIGWYYA,,,,,3.0
B01FIL218E,,,3.0,,
B01FIL5NWA,,,,2550.0,2550.0
B01FIL66D0,354.0,,354.0,354.0,354.0
B01FJ5D6QU,,,,46.0,46.0
B01FJ5NDKO,,,46.0,,46.0
B01FJ5RUQC,46.0,,,,
B01FJ61SM8,,,,,86.0
B01FJ7E6LM,43.0,,,43.0,43.0
B01FJB9LSQ,,,,135.0,135.0
B01FJCIJ5G,,,,,6.0
B01FJKN1VK,,,46.0,46.0,46.0
B01FJL01KS,,46.0,46.0,,46.0
B01FJSJMBK,,,,,46.0
B01FJTLJVK,,,,,46.0
B01FJZ6IA6,6.0,,,,
B01FKJXYEY,,,,,22.0
B01FKMWVMM,,,125.0,,125.0
B01FKVLZ3O,,,,,17.0
B01FML3RK6,,,,,21.0
B01FMPCT3S,,,109.0,,109.0
B01FNB4ZJC,25.0,25.0,,,25.0
B01FNIMNYO,,,,,5.0
B01FNRQKJY,,,,,46.0
B01FNRT40Q,,,,,46.0
B01FOM65CA,1564.0,1564.0,1564.0,,1564.0
B01FP0I7R2,,,,,6.0
B01FP5MTRG,,,,,67.0
B01FP5MTSU,,,,1567.0,1567.0
B01FP5MU7A,,,1567.0,,1567.0
B01FP658UK,1567.0,1567.0,1567.0,1567.0,1567.0
B01FQSIW0K,998.0,998.0,998.0,998.0,998.0
B01FS9X6LM,,,,82.0,82.0
B01FSF0ILC,,,,,5.0
B01FSTD0PY,13.0,,,13.0,13.0
B01FSV98VM,,,,,69.0
B01FSX1JDK,,,59.0,,59.0
B01FWALELQ,,,,,6.0
B01FWDLCLU,131.0,,,,131.0
B01FWDLCSS,131.0,131.0,,131.0,131.0
B01FWDLQO8,116.0,,,,116.0
B01FWDLQQQ,,,,,208.0
B01FWE4YR8,,213.0,213.0,,213.0
B01FWENIKM,,213.0,213.0,213.0,213.0
B01FWPF1UG,,,,,4.0
B01FX0NZ0S,,,,,46.0
B01FXSQTXK,,,,,2.0
B01FYDXIGU,21.0,,,,
B01FYORLRQ,,,,,24.0
B01G0RXE4U,,,,,15.0
B01G11VIF2,,,,,18.0
B01G18QAS0,,47.0,47.0,47.0,47.0
B01G19RQEQ,,,,44.0,44.0
B01G2R8Z9W,41.0,,,41.0,
B01G30TPVK,,,,,75.0
B01G4B0WII,,,151.0,151.0,151.0
B01G50UORW,,,,,13.0
B01G53NX4A,,100.0,,100.0,100.0
B01G55NF7I,,,,,18.0
B01G5AB8G8,,,,,5.0
B01G5AB8J0,,,,5.0,
B01G5CUL5K,78.0,78.0,,,78.0
B01G5YDLDW,,,,47.0,47.0
B01G60BD7Q,,,6.0,,
B01G6P1UAG,,,,,2.0
B01G6SF3JW,,,,,10.0
B01G7ROFMS,,18.0,,,18.0
B01G7S6AWK,121.0,,,121.0,121.0
B01G859308,,,,37.0,
B01G91NTBA,27.0,,,27.0,27.0
B01G99JBVO,,,,,180.0
B01G9F1S00,,,38.0,,
B01GAF4DKG,,,,59.0,59.0
B01GB5VWCW,,,,15.0,15.0
B01GE1WNT4,73.0,73.0,73.0,73.0,73.0
B01GEE11WQ,,,,,4.0
B01GELDEZQ,,,,,2.0
B01GERPX2M,,,,,10.0
B01GEW0MKA,,,,139.0,139.0
B01GEXYHPK,,,,,8.0
B01GF6E7AQ,,,,,174.0
B01GFR0W36,,,17.0,,17.0
B01GGJSD6Q,,,,,30.0
B01GGJSDG6,18.0,,,,
B01GJBCNNK,,,,4.0,
B01GKCUEPM,953.0,953.0,953.0,953.0,953.0
B01GKPGJGM,,,,,1.0
B01GL321GU,,,,,2.0
B01GL368IC,,,,4.0,4.0
B01GLA5TK8,,,,,9.0
B01GM0XHN8,,,220.0,220.0,220.0
B01GMEJ0XU,2687.0,,2687.0,2687.0,2687.0
B01GMFMZQI,59.0,59.0,,,59.0
B01GMK0NEE,,,2.0,,
B01GNE0IFI,,139.0,,,139.0
B01GNFZA3C,,,,,386.0
B01GNQZX1A,,,,,26.0
B01GNVENOI,,,,,3.0
B01GO2B3US,65.0,,,65.0,65.0
B01GO2B40C,,37.0,,37.0,37.0
B01GO78XRO,29.0,,,,29.0
B01GODYSC2,,,,,1.0
B01GOFQRG0,,,45.0,,
B01GPSWF4E,76.0,,,76.0,76.0
B01GQ432VC,,,,,43.0
B01GQPSKEU,,,8.0,,
B01GR1GZRM,,,,,1.0
B01GR1XQYC,,,,,65.0
B01GR2RGNS,2351.0,,2351.0,2351.0,2351.0
B01GR2RHIC,,,,,104.0
B01GR33TZQ,,,4.0,,
B01GR3NSL6,,,,105.0,105.0
B01GRSJ8V0,,,,,477.0
B01GTB603O,,,,,6.0
B01GTI2SD8,,,,,63.0
B01GTLRKBA,,,127.0,127.0,127.0
B01GTP5MZC,,,,,2.0
B01GTR8Z5Y,1448.0,1448.0,,1448.0,1448.0
B01GTR92JM,1448.0,,1448.0,1448.0,1448.0
B01GU37ONG,,,,284.0,284.0
B01GU47ZVG,,,,,10.0
B01GU4CL1A,,,18.0,,
B01GUOKS60,,27.0,,,27.0
B01GVAZL1U,,,,99.0,99.0
B01GVSDD4Y,,,158.0,,158.0
B01GWOYW9W,176.0,,,,176.0
B01GWS5M9W,,,,,125.0
B01GY2G37G,,,,13.0,13.0
B01GZHIVQQ,,,,15.0,
B01GZIFRV2,,,,14.0,
B01GZLXGVC,110.0,,,110.0,110.0
B01H0OWE70,,,8.0,,8.0
B01H196LEQ,,,22.0,,22.0
B01H1OMSXE,,,,,8.0
B01H1R5AQI,,379.0,,379.0,379.0
B01H1UI7VU,190.0,190.0,,,
B01H3DVDCK,,,,,1.0
B01H3F7SXG,,,,1567.0,1567.0
B01H3FBF3U,16.0,,,,16.0
B01H3HOELS,,,,,24.0
B01H42F9NO,,,,,14.0
B01H48KW8A,,,,,9.0
B01H4FF7HY,,,,,3.0
B01H4HY87C,,,,,2.0
B01H4ZK7V0,,,73.0,,73.0
B01H558DAG,,1.0,,,
B01H5UQW9K,317.0,,,,317.0
B01H6134NA,1.0,,,,
B01H6YZZ4S,,19.0,19.0,,19.0
B01H7D91FW,137.0,,,,137.0
B01H7QZRMA,,374.0,,374.0,374.0
B01H88PP3I,,,13.0,,13.0
B01H8IAO3Y,302.0,302.0,,302.0,302.0
B01H90GD6I,2404.0,2404.0,2404.0,2404.0,2404.0
B01HB44JPE,,,,9.0,9.0
B01HBRZ7G6,,,,1180.0,1180.0
B01HBX5AE4,38.0,38.0,,,38.0
B01HC5QDKG,,,83.0,,83.0
B01HDFJF6Y,,,,257.0,257.0
B01HDMDQ12,,,22.0,,
B01HE9H188,,24.0,,,
B01HEI25US,,,,,19.0
B01HEKS7SA,,,51.0,,
B01HEQ967A,,,,,4.0
B01HF6JST0,,,,,70.0
B01HH4LSXE,472.0,,472.0,472.0,472.0
B01HHN57UK,,,,,132.0
B01HHQBIFK,,,,,14.0
B01HIT6QGM,,21.0,,,21.0
B01HJEW750,,,,,12.0
B01HLF31A2,,,,,6.0
B01HMAUHQW,,,,46.0,
B01HMPM2I8,,,5.0,,5.0
B01HMW4D6A,2279.0,2279.0,2279.0,2279.0,2279.0
B01HO7KEGG,,,,769.0,769.0
B01HOHBDV6,,,,,247.0
B01HONT3S0,,,,,18.0
B01HOULOV2,,,,,14.0
B01HPWF1OA,,,,,12.0
B01HQAFD3U,,,,95.0,
B01HQVFYEW,,,,,9.0
B01HRJS8QE,,,,9.0,9.0
B01HRNAUKM,101.0,,,101.0,101.0
B01HRNAUMU,,,24.0,,24.0
B01HROLKKK,202.0,,202.0,202.0,202.0
B01HSBDDLG,,,,31.0,
B01HT75O3Y,16250.0,16250.0,16250.0,16250.0,16250.0
B01HTTDO8Y,,,,,12.0
B01HTXG306,,,101.0,101.0,101.0
B01HWD737K,4737.0,,,4737.0,4737.0
B01HXRHAEG,,,,,24.0
B01HZZCIZC,,,,,47.0
B01I0CM9XK,,,,,23.0
B01I0K2QX0,135.0,,135.0,135.0,135.0
B01I0VL4FK,,,123.0,123.0,123.0
B01I1311V4,,,,,13.0
B01I2XYGXS,,,,,1048.0
B01I2XYHBO,,,,,1048.0
B01I2XYHN2,,,,,1048.0
B01I2XYIXQ,,,1048.0,,1048.0
B01I30DJG0,1048.0,,,1048.0,1048.0
B01I30DJGU,,,,1048.0,1048.0
B01I30DJJ2,1048.0,,,,1048.0
B01I30DJLU,,,,,1048.0
B01I31YUIU,,,,401.0,
B01I31YULC,,,,401.0,401.0
B01I31YUP8,,,,401.0,401.0
B01I31YUQW,,,,,401.0
B01I3BVGPU,,,,,23.0
B01I3K8DIY,,,,153.0,153.0
B01I3XV05Y,,,,51.0,51.0
B01I4A38P6,344.0,344.0,344.0,344.0,344.0
B01I53CALU,,,,,37.0
B01I5LW1EI,,,,6.0,
B01I5TU3EK,,,2.0,,
B01I7FQN6O,,,15.0,,
B01I7PJL18,,193.0,,,193.0
B01I8JDJ16,,,,,106.0
B01IA718BO,,,,,10.0
B01IA98XC4,,,,,29.0
B01IA99170,,,,,149.0
B01IA9951C,,,,,88.0
B01IA99E90,,,,,133.0
B01IA99P7Q,,,,,31.0
B01IA9A8LI,,,,,11.0
B01IA9CTVA,864.0,864.0,864.0,864.0,864.0
B01IA9F2GE,,,21.0,,21.0
B01IA9FAX4,,,,,4.0
B01IADVDMW,,,,,8.0
B01IADVRW8,89.0,,,,89.0
B01IADW4GQ,,,,,61.0
B01IADX6JA,,72.0,,72.0,72.0
B01IADY07W,,,,123.0,123.0
B01IADYAQI,139.0,,139.0,,139.0
B01IADYCP2,175.0,,,,175.0
B01IADZP7Q,,,,,394.0
B01IAE0B2O,,,,,104.0
B01IAE1HAY,,,,,4.0
B01IAEB2LS,,,139.0,,139.0
B01IAEC1B8,,,,,269.0
B01IAECGKY,,,,,26.0
B01IAEER9M,,,,367.0,367.0
B01IAEF6LA,,,,,26.0
B01IAEFP3Y,,,,,46.0
B01IAEFTMG,,,468.0,,468.0
B01IAEHN8E,,,,,31.0
B01IAEK4MG,159.0,,,,159.0
B01IAEVTLQ,,,,,5.0
B01IAEW0P0,,,,,115.0
B01IAEWEW4,,,,,115.0
B01IAEWUV4,138.0,,,138.0,138.0
B01IAF11H2,,,,,22.0
B01IAF16NG,40.0,,,,
B01IAF19LA,7.0,,,,
B01IAF1F5U,,,,,24.0
B01IAF371K,,,,,42.0
B01IAFCVPI,,,,,71.0
B01IAFGJ7O,,,,,15.0
B01IAFIZ4O,,,,48.0,
B01IAFIZJ4,,,,,4.0
B01IAV9H0Y,,,,3270.0,
B01IBR9O6O,,,,42.0,42.0
B01IC46UJK,,,,,3.0
B01ICKERHG,16.0,,,,
B01ICMGLWS,,,,,1.0
B01ICMVOX4,,,,,2.0
B01ICNCVA8,,,,,3.0
B01ID652VE,,,,16.0,16.0
B01IDCL7MG,,,,,970.0
B01IDCLNKM,,,,,970.0
B01IEPYH6K,,,,,63.0
B01IEVF894,,,,,47.0
B01IEVFCEU,,37.0,,,
B01IFB7K58,8.0,,,,8.0
B01IFN39DS,47.0,,,47.0,47.0
B01IFY3OSM,78.0,78.0,78.0,78.0,
B01IHK0XK6,,,,,30.0
B01IIIKQBS,,,17.0,,17.0
B01IJRBE8C,,3.0,,,
B01IKD611K,,,,790.0,790.0
B01IM4IKIO,3.0,,,,
B01IMYCK9Y,2.0,,,,
B01INE0K7C,1664.0,1664.0,1664.0,1664.0,1664.0
B01INLDS1A,,,,,7.0
B01INLDS1K,,,,,284.0
B01INLDTPU,,,,,284.0
B01INOMCF0,,10.0,,,10.0
B01INSBN3I,109.0,109.0,,109.0,109.0
B01IO5AMLO,,,,,65.0
B01IOZ6FL0,,,,,8.0
B01IP38FDC,,,,3.0,
B01IP8MNXA,,,,4.0,
B01IPLA71C,,29.0,,29.0,29.0
B01IQ052JO,263.0,,,263.0,263.0
B01IR1D80W,,,,3.0,
B01IRMV6R8,,,,,147.0
B01IRMXTDM,,,86.0,86.0,86.0
B01IRYYYHA,,,3495.0,3495.0,3495.0
B01IRYYYHU,3495.0,,3495.0,3495.0,3495.0
B01IRYYYMA,3495.0,3495.0,3495.0,3495.0,3495.0
B01IT0GDSA,,,,,16.0
B01IT13JLS,2.0,,,,
B01ITTCC4U,211.0,211.0,211.0,211.0,211.0
B01ITVJKZ2,,,8.0,,8.0
B01IUS7OB6,,,,87.0,87.0
B01IUS7SUS,238.0,,,238.0,238.0
B01IWK2BJC,,11.0,,,
B01IY45878,,3.0,,,
B01IYUOUPI,,,,,2.0
B01J0A6QL2,,,54.0,54.0,
B01J0WORIO,6.0,,,,
B01J13M6C6,30.0,30.0,,,
B01J1700Y8,,,,2.0,
B01J1ZQITQ,,,,,107.0
B01J2EOOCE,,,,,206.0
B01J49RBHM,,,,,1.0
B01J4AZ3Y4,,31.0,,31.0,
B01J4Q59FQ,,,,,129.0
B01J4UW66C,8.0,,,,8.0
B01J67ATW6,,,,,5.0
B01J67LNFI,1.0,,,,
B01J6D53GC,,,,,33.0
B01J6K7BH4,,,,,14.0
B01J6L4BNA,,,,,16.0
B01J72IENQ,,,,,14.0
B01J7VJKEE,,,42.0,,
B01J7VJMBK,,,,42.0,42.0
B01J7VJOS6,,,,42.0,
B01J7VJPNA,,,,,42.0
B01J887GHO,226.0,226.0,,226.0,226.0
B01J8UKRH8,53.0,,53.0,53.0,53.0
B01J9E23RA,60.0,,,,60.0
B01J9GZ4LU,37.0,,37.0,37.0,37.0
B01J9PTSPO,,,,,1.0
B01JDJ1016,,,,,86.0
B01JFGIOIE,,,,,6.0
B01JFYGXAM,,,,112.0,112.0
B01JGFD218,,,,,399.0
B01JH8T7UY,50.0,,,,
B01JIFHICU,68.0,68.0,68.0,68.0,68.0
B01JIFOHS8,,349.0,349.0,349.0,349.0
B01JIM1OGY,517.0,517.0,,517.0,517.0
B01JIVNMQU,,,24.0,,24.0
B01JJ2D5X8,,,,,75.0
B01JK24F5E,,23.0,,,
B01JKB66DO,,,,,9.0
B01JKI5L6K,,,,,50.0
B01JKTCV3U,,,,,334.0
B01JKTCWI4,,,,,334.0
B01JKTRE14,,,,180.0,180.0
B01JLDY8JK,,,15.0,,15.0
B01JLFZE00,6584.0,6584.0,6584.0,6584.0,6584.0
B01JM3W2K6,67.0,67.0,67.0,67.0,67.0
B01JO8EFWW,,,,,37.0
B01JO8EG1W,,,41.0,,41.0
B01JO8EGNK,,,,,88.0
B01JOHG0C6,47.0,47.0,,47.0,47.0
B01JOIM42U,,,,9.0,9.0
B01JOKWJF0,24954.0,24954.0,24954.0,,24954.0
B01JOKWTJQ,24954.0,,,24954.0,24954.0
B01JOKWUAO,24954.0,24954.0,24954.0,24954.0,24954.0
B01JP019YG,,1567.0,,,
B01JP01A2C,1567.0,,,1567.0,1567.0
B01JRG9PD0,627.0,627.0,627.0,627.0,627.0
B01JRXGWJS,,,,,263.0
B01JSDO58W,171.0,171.0,,171.0,171.0
B01JTMROQC,818.0,,,818.0,818.0
B01JU7YTJQ,,,,,6.0
B01JV6O96E,,,,,213.0
B01JY6DSUY,,,,,99.0
B01JYSFBR0,,,,,28.0
B01JYTCQY0,,,,,28.0
B01JYTHAF0,28.0,,28.0,28.0,28.0
B01JYVQ82E,,,,,28.0
B01JZ7F2RO,,,,,16.0
B01JZNUHIC,,,,,28.0
B01K1HPA60,152647.0,152647.0,152647.0,152647.0,152647.0
B01K427HQI,,,,36.0,
B01K5WDS1U,,,,,44.0
B01K5Y6XP6,,,,,3.0
B01K61KS9U,,,,,56.0
B01K61WZBE,,,,,123.0
B01K64NMUO,,,,,4.0
B01K64NN2G,,,,,21.0
B01K64NN30,,,,,18.0
B01K65036O,,,,,49.0
B01K6IDPRU,99.0,99.0,,99.0,99.0
B01K6JZX38,,,2.0,,
B01K6KUK9E,29.0,,,,
B01K6L22FS,,,,,59.0
B01K7QS8H8,1275.0,,,1275.0,1275.0
B01K8I1YH6,,,114.0,,114.0
B01K8P2KN6,183.0,183.0,,183.0,183.0
B01K8SHAV0,,,,114.0,114.0
B01K91YRTO,49.0,,,,49.0
B01KA0HE6M,,,,,12.0
B01KBRUBVO,,,,26.0,26.0
B01KCBZVDW,,,,,15.0
B01KCJB3R2,,,,,117.0
B01KCJC74K,,,4.0,,
B01KCJEAWC,,,,,7.0
B01KDATMLO,,,,,1.0
B01KDJ7PXC,,,,46.0,
B01KECD8TI,,,,,8.0
B01KEM5F1M,477.0,477.0,477.0,477.0,477.0
B01KFFFPUO,,,,68.0,
B01KFU1WZG,125.0,,,,
B01KI24NF2,6.0,,,,
B01KI40764,,,,129.0,129.0
B01KIDRYAC,,,,,5.0
B01KIDSLPO,,,,,6.0
B01KKKFSC4,,,,,4.0
B01KKLWH5Y,131.0,,,131.0,131.0
B01KKYD5P2,54.0,,,,54.0
B01KL0DIQQ,,,,,22.0
B01KLJSOVQ,,,,1302.0,1302.0
B01KLK3DQQ,,,,,3584.0
B01KLYCK5M,,,,54.0,54.0
B01KLYF8ZQ,1050.0,,1050.0,1050.0,1050.0
B01KMOB7SC,,,,,2.0
B01KODYJ5E,,,,,3.0
B01KODZ12E,,,1.0,,
B01KOJ3UCG,,,,,57.0
B01KP6130O,,,,,35.0
B01KPDL2SU,96.0,,,96.0,96.0
B01KPECLYI,,,,,11.0
B01KPEU32A,,,,21.0,
B01KPEU32K,,,,,21.0
B01KPEU33Y,,,,,21.0
B01KPEU35M,,,,,21.0
B01KPEU35W,,,21.0,,
B01KPEU36Q,,,,,21.0
B01KPEU37U,,,,21.0,
B01KPEU3GQ,,,,,21.0
B01KPEU3L6,,,21.0,,
B01KQ705G0,,,,,12.0
B01KRIT9MO,5.0,,5.0,,
B01KRMSGGU,,,,,9.0
B01KSNQAZC,,,6.0,,
B01KSTLS4O,311.0,,311.0,311.0,311.0
B01KU3UPM4,,,,,196.0
B01KU3UPNI,,,,92.0,92.0
B01KU6HIA8,114.0,,114.0,,114.0
B01KUKIKBK,,,,,66.0
B01KUT7L4S,,,,,3.0
B01KYNFPRK,,1996.0,1996.0,1996.0,1996.0
B01KYPXY44,,,,,13.0
B01KYQ3DE4,,,,,167.0
B01KYR5F62,,,,,14.0
B01KYS49J0,,,,,287.0
B01KYS52NM,,,,13.0,
B01KZ4FGPE,,,,,55.0
B01KZBK4GI,,,,21.0,21.0
B01KZEYH8Q,86.0,86.0,86.0,86.0,86.0
B01L0JTKZ0,,,,,22.0
B01L0L0LV0,,,,,36.0
B01L0L6TTS,,,,8.0,
B01L0PSIYS,,,,,13.0
B01L17XLPQ,,,,,9.0
B01L29VF0G,,,,,28.0
B01L2FCS56,,45.0,,,
B01L2Q4MZY,,,98.0,,98.0
B01L30CDRS,,,,,6.0
B01L3ACVSO,,,,15.0,
B01L3STPB2,,,1.0,,
B01L4HKLSI,,,,5.0,
B01L4ONCDC,,,,,52.0
B01L4ONCZA,,,,,29.0
B01L6QTN8G,,,,,24.0
B01L6YVI7W,,,,3.0,3.0
B01L7CT1E0,,,,,34.0
B01L7LW3EG,1662.0,1662.0,1662.0,1662.0,1662.0
B01L7V9Y7U,1407.0,1407.0,,1407.0,1407.0
B01L8M2FJ2,,,,,12.0
B01L92IUD6,,,,289.0,289.0
B01L9CT03K,,,13.0,,
B01L9JGGLM,,14.0,,,
B01L9JZWDU,,6.0,,,
B01LABLZXI,,,,,4.0
B01LAGSLQM,,,,,2.0
B01LBDRKMU,373.0,,373.0,373.0,373.0
B01LBXIWUE,,,,53.0,53.0
B01LBXIZ7E,,,,95.0,95.0
B01LBZVS8A,110.0,,,110.0,110.0
B01LC0KISA,,20.0,,20.0,20.0
B01LC1TL96,,,,7.0,
B01LD28B6S,,4380.0,,,
B01LD8QRS6,17.0,,,,17.0
B01LDC2WYK,,,,,6.0
B01LDZWRAG,,10.0,,,
B01LEAJU8C,,,,,39.0
B01LEMG218,1331.0,,,,1331.0
B01LFQX270,165.0,,165.0,165.0,165.0
B01LGF6F88,,,,22.0,22.0
B01LGMJ5XI,433.0,433.0,433.0,,433.0
B01LJ4YTZM,134.0,,134.0,,134.0
B01LM27O1W,,,,,155.0
B01LMHLIUK,,,154.0,154.0,154.0
B01LMNJ5VS,16.0,,,,16.0
B01LN0G35Q,10.0,,,,
B01LN2K7FQ,,,,,483.0
B01LN2K7GU,,,,,483.0
B01LN2K7HY,,,,,483.0
B01LN2K7JC,,,483.0,,
B01LN2K7JM,,,,,483.0
B01LN2K7LK,,,,,483.0
B01LN2K7ME,,,483.0,,483.0
B01LN2KAPI,,,,,483.0
B01LOME9RW,,,,,114.0
B01LPMEUM0,,,,,6.0
B01LQ959RC,,2.0,,,
B01LQ95MAG,,1628.0,1628.0,1628.0,1628.0
B01LQJMU7Y,,150.0,150.0,150.0,150.0
B01LR88NE8,,,,,1.0
B01LRK41GA,,74.0,,,74.0
B01LSKY4J8,,,,24.0,24.0
B01LT7J4I6,,,7.0,,
B01LTB13MW,,,,,8.0
B01LTEOL7S,3.0,,,,
B01LTGLO4E,,14.0,,,
B01LTI056A,,,,71.0,71.0
B01LTI08YO,1879.0,1879.0,1879.0,1879.0,1879.0
B01LTIAUE2,40.0,40.0,40.0,40.0,40.0
B01LVV6CXQ,86.0,86.0,86.0,,86.0
B01LVXA61Q,,,,12.0,
B01LW000P9,,,,,10.0
B01LW0589Y,,1.0,,,
B01LW2O8YD,,,,,79.0
B01LW8XO9T,1179.0,,1179.0,1179.0,1179.0
B01LWA52WS,1179.0,1179.0,1179.0,1179.0,1179.0
B01LWD4FIZ,,,,,9.0
B01LWK5C8V,,,,,24.0
B01LWL6IPA,,,,,88.0
B01LWMXVZD,,,,,3.0
B01LWQQNFP,119.0,,,119.0,119.0
B01LWS5X47,191.0,,,191.0,191.0
B01LWSMFZW,4.0,,,,4.0
B01LWT0MNM,13.0,,,,
B01LWT0N4Y,,,,,3.0
B01LWT1IIL,,,8.0,,
B01LWU4FSP,,55.0,,55.0,55.0
B01LWVDHAK,,,,13.0,13.0
B01LWXJCI1,,,,,566.0
B01LX0I03V,,,,,137.0
B01LX48LD2,,,,,3.0
B01LX48YKD,,,,,3.0
B01LX6G97O,,60.0,60.0,,60.0
B01LX87HHZ,,,,18.0,18.0
B01LX8YFQJ,32.0,,,,
B01LX9CEFH,,,,,4.0
B01LXA4WYG,,,,,65.0
B01LXABVWD,,,,,5.0
B01LXC9QVU,,,,2.0,
B01LXGHF6N,,,,,1.0
B01LXIT70C,,,,,76.0
B01LXL4CNL,,,,,23.0
B01LXM0LCA,,,,,4.0
B01LXM9KH5,,,,,56.0
B01LXN1AEK,,,8.0,,
B01LXNYTYH,292.0,292.0,292.0,292.0,292.0
B01LXPDJQ8,,,,,27.0
B01LXR7A9B,,,,,17.0
B01LXROLCP,,,,,3.0
B01LXRPFED,,,,,4.0
B01LXV26FA,,,10.0,,
B01LXZK65Q,,,,,7.0
B01LY3HS4W,,,,3.0,
B01LY6TJ0U,,,,4.0,
B01LY8KCVY,,,,,1.0
B01LY8KYL4,,,,,132.0
B01LYB78UA,,,,,21.0
B01LYBNQ0A,,,,,52.0
B01LYE7DBG,,,,,3.0
B01LYF2KZK,,,,,141.0
B01LYFIG8O,,,,1.0,
B01LYFL1GG,,,,6.0,
B01LYJPOBZ,29.0,,,,
B01LYKB3YQ,23.0,,,,
B01LYKUSUO,,,,,99.0
B01LYLHYR5,,,,39.0,39.0
B01LYQTT9R,,3.0,,,
B01LYRJNCD,,,45.0,45.0,45.0
B01LYRKYSG,,,,59.0,59.0
B01LYVN01E,1059.0,1059.0,1059.0,1059.0,1059.0
B01LYWEI3K,,,27.0,,
B01LYX9N4H,,,,,10.0
B01LYXE421,91.0,,91.0,91.0,91.0
B01LYYNHAY,,,,,8.0
B01LYYU2ST,901.0,,901.0,901.0,901.0
B01LZ2AG7H,,,,,15.0
B01LZ2JZZP,,,,,20.0
B01LZ3D1HV,,,,30.0,30.0
B01LZ44WYK,118.0,,118.0,118.0,118.0
B01LZ4RV8K,218.0,,218.0,,218.0
B01LZDMN7B,,,,,53.0
B01LZEVB12,,,9.0,,
B01LZFKMQ2,,,269.0,,269.0
B01LZFT59R,420.0,,420.0,,420.0
B01LZIJIFX,,,,22.0,
B01LZKYB90,,,,,1.0
B01LZMLRW0,,,,103.0,103.0
B01LZSQSX8,,,,,4.0
B01LZSRNIX,,,,1.0,
B01LZT564G,,,213.0,,213.0
B01LZVY5ST,,,38.0,,38.0
B01LZW7C4L,,,,,11.0
B01LZX3WP9,,,,3.0,
B01LZYOPL0,,,3.0,,
B01M01EHMZ,,,,,11.0
B01M02BJ6B,,,,,4.0
B01M03WRTR,,,,35.0,35.0
B01M04H4FN,878.0,878.0,878.0,878.0,878.0
B01M04R40O,206.0,206.0,206.0,206.0,206.0
B01M05TW1G,,,,,4.0
B01M06468S,,,,,13.0
B01M06RW9V,,9.0,,,
B01M08UDH5,,,,,251.0
B01M0DFMJZ,,,,,11.0
B01M0DG4H0,,,,,8.0
B01M0DGO0T,,,,,2.0
B01M0E4JYM,,,6.0,,
B01M0ENDIK,,,,,9.0
B01M0HDKJD,,16.0,,16.0,16.0
B01M0L1GYR,348.0,,,,348.0
B01M0Q7X45,,,,13.0,13.0
B01M0SS4WU,437.0,,437.0,,
B01M0UBKVU,137.0,137.0,,137.0,137.0
B01M0V7CHT,,,,,640.0
B01M0XPMX9,,,79.0,,79.0
B01M12ELJ5,,53.0,,,
B01M13QXR1,,,,,5.0
B01M143OZI,,,35.0,35.0,35.0
B01M19YS80,,,229.0,,229.0
B01M1CK7U4,3.0,,,,
B01M1D1A06,,,,,15.0
B01M1GI80I,,111.0,,,111.0
B01M1JANNE,28.0,,28.0,28.0,28.0
B01M1MWDHV,,72.0,,72.0,72.0
B01M1N5MBH,,,,,1181.0
B01M1OC8CH,,,,,1.0
B01M1ORIHF,356.0,356.0,356.0,356.0,356.0
B01M1YBAZG,20.0,,,20.0,20.0
B01M20YAW3,17.0,,,17.0,17.0
B01M22KAPC,,,,7.0,
B01M22WN9Y,,,,,25.0
B01M24P9YH,,,,,29.0
B01M26JAA8,,,,,280.0
B01M273ODL,62.0,,,62.0,62.0
B01M292KH7,,,,,2687.0
B01M2939J8,2687.0,,,,2687.0
B01M293YBX,,183.0,,,183.0
B01M2BBJ5P,,,,,18.0
B01M2BCLYW,,,,22.0,22.0
B01M2DFT18,,,,,13.0
B01M2U9LT3,,91.0,,,
B01M2WIOR5,1654.0,1654.0,1654.0,1654.0,1654.0
B01M2XM82Y,,,,,41.0
B01M2YJ8EL,,83.0,,,83.0
B01M31SJ31,44.0,,,,44.0
B01M34LGUI,,,,,4.0
B01M3R2QI4,,,,,5.0
B01M3R50UH,,,,,1.0
B01M3RC8WE,,,,,463.0
B01M3RE4NU,,,,,187.0
B01M3XEGLF,,,76.0,76.0,76.0
B01M3XOYOG,172.0,172.0,172.0,172.0,172.0
B01M3XPSLQ,,,,,1.0
B01M3YNCPF,206.0,,,206.0,206.0
B01M3Z0FNR,,,,1550.0,1550.0
B01M4L5U27,,,,,46.0
B01M4ML7WI,,,,,36.0
B01M59PGZM,,,135.0,135.0,135.0
B01M59Q3P9,114.0,,,,
B01M5CWOK6,,,,26.0,26.0
B01M5G0U7X,,,8.0,,8.0
B01M5K71YB,,,,,55.0
B01M60SD9W,,,,427.0,427.0
B01M629CU3,658.0,,,,658.0
B01M64G61D,,,,41.0,41.0
B01M64SWQW,,,,,2.0
B01M656NN3,,,,,9.0
B01M687CE4,,,,,347.0
B01M68CJJ8,,,,,20.0
B01M6UNDEJ,41.0,,,41.0,41.0
B01M6VZSZI,,,,,10.0
B01M6VZWF3,,,,,230.0
B01M6XVV70,,,,149.0,149.0
B01M6Y8L1H,,1.0,,,
B01M6YKC3U,,,138.0,,138.0
B01M6ZJNC1,,,,,3.0
B01M70Q9U0,,,,,23.0
B01M712V4Y,,,,,10.0
B01M71CQN2,,91.0,,,91.0
B01M726E8C,,,,,12.0
B01M72FODK,43.0,,,,
B01M7453X7,,,,,59.0
B01M7PUZLK,,,,,28.0
B01M7QPOCY,85.0,,85.0,85.0,85.0
B01M7SH3Q3,4.0,,,,
B01M7SIL8O,,,,,31.0
B01M7U7FGY,,2.0,,,
B01M7WELFS,77.0,,,,
B01M7XL812,,,,,41.0
B01M7Z3H3N,98.0,,,,
B01M8KECB7,,,,,48.0
B01M8LI1PR,,,,,85.0
B01M8LO8HU,12.0,,,,
B01M8PEW6U,3.0,,,,
B01M9930ZG,,,,1.0,
B01M9BLXYK,,,,,30.0
B01M9FG4W4,5.0,,,,
B01M9FIJIY,,,,,13.0
B01M9FPJRU,455.0,455.0,,455.0,455.0
B01M9GVUOM,36.0,,,,36.0
B01M9J46J0,,,,,2.0
B01MA1R695,,,,11.0,11.0
B01MA23CEN,,,,,88.0
B01MA5BHM1,,,,,101.0
B01MA5QLUJ,,,,203.0,203.0
B01MA5TDMA,,,,452.0,452.0
B01MCRLCVX,,,,,92.0
B01MCT6W1A,13.0,,,,13.0
B01MCTRA86,,,,,21.0
B01MCUPOC9,637.0,637.0,637.0,637.0,637.0
B01MCW5F9P,,,,414.0,414.0
B01MCWF225,,,,9.0,
B01MCX2VB6,,,,,11.0
B01MCY3POX,,,,,40.0
B01MD1BIYU,,,1.0,,
B01MD2N4TG,,1550.0,,1550.0,1550.0
B01MDKEA08,,,18.0,18.0,
B01MDLEGI3,,,,,512.0
B01MDODFAV,1848.0,1848.0,1848.0,1848.0,1848.0
B01MDOTTQR,,,236.0,,236.0
B01MDQ6L5T,766.0,766.0,766.0,766.0,766.0
B01MDQA94F,26.0,,,,26.0
B01MDQEJID,,,,,8.0
B01MDQFUXI,946.0,946.0,946.0,946.0,946.0
B01MDQOWTK,,,,,5.0
B01MDRGM0V,47.0,,,,47.0
B01MECX8SE,,,,119.0,119.0
B01MF7BTM1,,,,20.0,
B01MFD05VU,,,,,2.0
B01MFDN3BF,,,,,18.0
B01MFEJ7PT,,,,,32.0
B01MFXCA44,,,,74.0,
B01MG48CNT,,,,12.0,
B01MG4Z6M9,,,,,2687.0
B01MG6LE71,62.0,62.0,,,
B01MG8NIC1,,,,,6.0
B01MG9DCRH,,,,,2.0
B01MQ1RE58,7.0,,,,
B01MQCIX5O,,,,,1.0
B01MQDCP72,,,,,100.0
B01MQDGOE3,,,,,135.0
B01MQDH9DJ,,,,,91.0
B01MQEOJC2,,,,,28.0
B01MQGFXCG,,,,,14470.0
B01MQJD1UH,,,41.0,,41.0
B01MQJKV59,,,,,134.0
B01MQQYUW9,,,,,24.0
B01MQWIZ97,,,,,5.0
B01MQXW92K,,,,,730.0
B01MQY7JI8,,,,,1550.0
B01MQYRKM8,,,,,970.0
B01MQYTPNH,,,,,62.0
B01MR1V6BL,,,,73.0,73.0
B01MR37L3E,,,,,374.0
B01MR6YY5F,172.0,172.0,172.0,,172.0
B01MR70R95,,,,,1.0
B01MR96PVN,,287.0,287.0,,287.0
B01MRAFCDJ,,,,,92.0
B01MRJJ0YW,,,,,4.0
B01MRKA3KJ,,,9.0,,
B01MRKR3PS,,,44.0,,44.0
B01MRKR45T,208.0,,208.0,,208.0
B01MRLB7HV,203.0,,203.0,203.0,203.0
B01MRLHHFM,,,,,8.0
B01MRLPZ8Z,172.0,172.0,172.0,172.0,172.0
B01MROSZ1Z,,,,,15.0
B01MRPWNDY,,,,52.0,52.0
B01MRVDSKA,,162.0,,,
B01MRXBG8I,,92.0,,92.0,92.0
B01MRY8U0K,,,,,18.0
B01MRZNEVH,22.0,22.0,22.0,22.0,22.0
B01MS04H6W,,,,,970.0
B01MS3Z3EZ,,91.0,,91.0,91.0
B01MS716DP,968.0,968.0,,968.0,968.0
B01MS810X3,,,,,96.0
B01MS852MT,2.0,,,,
B01MSDTCW3,,97.0,,,
B01MSETKFA,3495.0,3495.0,,,3495.0
B01MSETM4O,,,,,23.0
B01MSJHUET,,,,,21.0
B01MSMQ5PW,,,,194.0,194.0
B01MSQHJ5V,,,,,15.0
B01MSZNL5E,86.0,,86.0,86.0,86.0
B01MT17GOP,34.0,,,,
B01MT1IK2R,416.0,,,416.0,416.0
B01MT1SMH2,,,,,7.0
B01MT3JY4H,,,,,30.0
B01MT56OUW,,22.0,,22.0,22.0
B01MT5M338,,,,,19.0
B01MT85DA3,,,,,26.0
B01MTAPCR2,,,,,1673.0
B01MTEJYEN,,,,,4.0
B01MTFZQ6H,,,,,9.0
B01MTIOS4O,,,,54.0,
B01MTJG3S6,,,,,21.0
B01MTL3559,,,,,263.0
B01MTLW8A0,,,,,28.0
B01MU1NB8D,,316.0,316.0,,316.0
B01MU2XSFD,,20.0,20.0,,20.0
B01MU30IPI,,,,,284.0
B01MU33Q32,,,85.0,,85.0
B01MU33U0I,,,,227.0,227.0
B01MU6SPRZ,,,,,1.0
B01MU7Y7XM,,,,,316.0
B01MU847YN,81.0,,,,
B01MU95CPP,,,,9.0,9.0
B01MU9ESD5,,,,43.0,
B01MU9QQJ2,,,,,26.0
B01MUAUU3X,,,,230.0,230.0
B01MUC56C3,,,,,134.0
B01MUF7PBM,,,,83.0,83.0
B01MUG4TLT,,,,,70.0
B01MUGBK6S,,,,1.0,
B01MV4FHPJ,,,,,36.0
B01MV4I1Q2,,,,,42.0
B01MXCIQ13,,,79.0,,79.0
B01MXCJAOY,1.0,,,,
B01MXE65IH,,,,,3.0
B01MXEDH4G,,,,,35.0
B01MXEKT4L,,,,16.0,
B01MXHCE5B,,,,,13.0
B01MXMZQM7,22.0,,,,
B01MXNDXV4,,,,31.0,31.0
B01MXPMFLG,,,,,15.0
B01MXPMI48,,,,,15.0
B01MXX56GQ,,,,,27.0
B01MXY1NAC,98.0,,98.0,,98.0
B01MXY1RGP,,,,22.0,22.0
B01MXY9J74,11.0,,,,
B01MXZHKEY,425.0,425.0,425.0,425.0,425.0
B01MY0PVOE,,,,,9.0
B01MY2KDQG,,,,,31.0
B01MY4L8BV,1283.0,1283.0,1283.0,1283.0,1283.0
B01MY5LP0I,,,224.0,224.0,224.0
B01MY9XUEE,,101.0,,,101.0
B01MYBLYIE,,,,6.0,
B01MYGOF09,,,95.0,,95.0
B01MYN5X56,,,,,133.0
B01MYP0ATP,1180.0,1180.0,1180.0,1180.0,1180.0
B01MYPH6NN,873.0,873.0,873.0,873.0,873.0
B01MYQFX1I,,,11.0,,11.0
B01MYR3OAH,,15.0,,,
B01MYW3JIJ,,,,,1.0
B01MYX1S50,152.0,,152.0,,152.0
B01MYXJZAS,,,,,18.0
B01MYZJZ4T,,,,2.0,
B01MZ06BQM,,,,,5.0
B01MZ1GGS7,,,,,12.0
B01MZ226AF,19.0,,19.0,,19.0
B01MZ64IF8,572.0,572.0,572.0,572.0,572.0
B01MZ70U9E,,,,,130.0
B01MZ78HX5,,,,,134.0
B01MZ8ULC0,,,,,26.0
B01MZEAFJI,,,,,34.0
B01MZGO06U,,,,,59.0
B01MZHPZTD,,,,6.0,6.0
B01MZWNPTG,,,,,15.0
B01N052HND,43.0,43.0,43.0,,
B01N05W3EJ,,,2.0,,
B01N08ZUY3,,,,,18.0
B01N09XF57,,304.0,304.0,304.0,304.0
B01N0JDDJ7,4.0,,,4.0,
B01N0KNE6U,1.0,,,,
B01N0LHQS4,,,,390.0,390.0
B01N0OI6UL,,,,,91.0
B01N0PHO7R,,,,35.0,35.0
B01N0QXD4I,74.0,,,,
B01N0RRGQD,,3833.0,3833.0,3833.0,3833.0
B01N0TL5NY,,,,970.0,970.0
B01N10EVBU,,,,,17.0
B01N10XQQJ,,,17.0,,
B01N11Z2G1,,572.0,,572.0,572.0
B01N12C89Y,,,,,463.0
B01N14XS2A,,,,,73.0
B01N1HWN38,,,,,7.0
B01N1IH0HG,,,4.0,,4.0
B01N1MB9U3,61.0,61.0,,61.0,61.0
B01N1MFILR,,7.0,,,
B01N1NOI1V,,,,,7.0
B01N1OG2XA,,,,,2.0
B01N1PA2I9,,,,,277.0
B01N1QADJ2,552.0,552.0,552.0,,552.0
B01N1QP240,,,4.0,,
B01N1R6XNR,,,,2687.0,2687.0
B01N1TZ9J7,31.0,,,31.0,31.0
B01N1UQHN6,,,,,9.0
B01N1WTWNS,,,,,81.0
B01N1ZJ56R,9.0,,9.0,,
B01N1ZJ8BI,,,,130.0,130.0
B01N1ZKVK0,302.0,,302.0,302.0,302.0
B01N20EWKY,,,,,45.0
B01N20HHRO,,,,,9.0
B01N21PSEK,,7.0,,,
B01N21Q1KQ,,,,33.0,
B01N2BAVAA,48.0,,,,48.0
B01N2IDWND,,,,113.0,113.0
B01N2JJJH2,,,873.0,873.0,873.0
B01N2MDEZQ,57.0,,,57.0,57.0
B01N2NEQC4,,,,,93.0
B01N2NOCX9,,,24.0,24.0,24.0
B01N2PHORI,,,,6.0,
B01N2UJIA8,,,,,9.0
B01N2VG553,107.0,107.0,107.0,,107.0
B01N2VU50I,101.0,,,,
B01N2W30IS,,7.0,,,
B01N2ZB15J,,,,48.0,48.0
B01N30YG1P,,,,,2038.0
B01N311DA2,,,,,22.0
B01N33FNNW,,,,99.0,99.0
B01N35ZMTR,,,,,70.0
B01N3ALRDU,345.0,,345.0,345.0,345.0
B01N3CYMP3,,,,12.0,12.0
B01N3KLZ0K,89.0,,89.0,89.0,89.0
B01N3LYI4O,2363.0,2363.0,2363.0,2363.0,2363.0
B01N3MDR8V,21.0,,,21.0,
B01N3NILMB,,,14.0,,
B01N3NQ9VN,1312.0,,,,1312.0
B01N3O3YUV,,,1002.0,,1002.0
B01N3O92P7,,,,,8.0
B01N3ORAL6,41.0,,41.0,,41.0
B01N3QMZJJ,,,,,11.0
B01N3S3H2P,,52.0,,52.0,52.0
B01N3SSLSW,1697.0,1697.0,1697.0,1697.0,1697.0
B01N3V2QK5,,,15.0,,
B01N3VRDD1,,2687.0,2687.0,,
B01N3Y4TVL,,260.0,260.0,260.0,260.0
B01N41A41Q,,,7.0,,
B01N41OQ4I,,,3.0,,
B01N43MR2D,1212.0,,1212.0,1212.0,1212.0
B01N45B71Z,,15.0,,,15.0
B01N45IAJ6,,,,,7.0
B01N461M2T,2550.0,,,,
B01N465IOT,340.0,340.0,,,340.0
B01N46DPK1,,,,151.0,151.0
B01N46V41J,,,,4.0,
B01N48UBHA,,,,,15.0
B01N4B61DI,,,,1.0,
B01N4EN7HQ,216.0,,216.0,216.0,216.0
B01N4FP1ZY,,,,,1.0
B01N4GG52L,,,,88.0,88.0
B01N4GNWKA,,,16.0,,
B01N4H1DL3,,,,28.0,28.0
B01N4HNRY9,8402.0,8402.0,8402.0,8402.0,8402.0
B01N4HYOPZ,,,,8.0,
B01N4I6EBB,,173.0,,173.0,173.0
B01N4JCU0I,,,,8.0,8.0
B01N4L2U9B,,,,,46.0
B01N4LFJ64,,,,,2.0
B01N4MCA9S,,,,,2.0
B01N4N3NCS,,,,,26.0
B01N4OZ368,,,24.0,,24.0
B01N4RD1II,,,,,87.0
B01N4S1Y22,,,,,96.0
B01N53EMZ9,70.0,,,,
B01N53PVQW,,,,,12.0
B01N55SURG,,139.0,,,139.0
B01N5926E2,,,,,2.0
B01N5CHQUY,,,,68.0,68.0
B01N5HRRU0,,,,,7.0
B01N5HZBS7,,,,,15.0
B01N5JEBNK,,,,,1.0
B01N5LMWBE,491.0,491.0,491.0,491.0,491.0
B01N5NEIET,,1.0,,,
B01N5QA2LC,,,,,4.0
B01N5QM8DF,374.0,374.0,374.0,374.0,374.0
B01N5SJF0M,,,,,14.0
B01N5VFVRQ,,,,,196.0
B01N5VWD66,,,,,47.0
B01N66IMQG,1680.0,,1680.0,1680.0,1680.0
B01N66TE8N,,,,,8.0
B01N68647Q,,,,9.0,
B01N68LV3Q,,,,,4.0
B01N6BAGUC,,112.0,,,112.0
B01N6EMFPY,,,,10.0,10.0
B01N6ES50A,552.0,552.0,552.0,552.0,552.0
B01N6GRSO7,1405.0,1405.0,1405.0,1405.0,1405.0
B01N6J3OZ3,,,475.0,475.0,475.0
B01N6JF4GF,,,,237.0,
B01N6JL0G1,,,,,970.0
B01N6JZC1D,,,417.0,417.0,417.0
B01N6KU3YX,,98.0,98.0,98.0,98.0
B01N6NTUKV,,,,,56.0
B01N6PLEXN,92.0,92.0,92.0,92.0,92.0
B01N6PN1H8,,,,,37.0
B01N6Q6MFT,49.0,49.0,,,49.0
B01N6QFPEP,,,211.0,211.0,211.0
B01N6RQT00,,,6.0,,6.0
B01N6SY06U,,,87.0,87.0,87.0
B01N6T924X,16.0,,,,
B01N6XL3ZT,22.0,,,,22.0
B01N6XVLX3,,,,,2.0
B01N6Y7F99,214.0,214.0,,214.0,214.0
B01N6YQ966,,,,,59.0
B01N6Z5HNA,7.0,,,,
B01N6ZFXVI,95.0,,,95.0,95.0
B01N7616N1,,,,,65.0
B01N78QMIP,44.0,,,,44.0
B01N78V7ST,,,,,24.0
B01N79LJFG,,,,,15.0
B01N7AFKP8,340.0,,,,340.0
B01N7EDNTX,,,,,25.0
B01N7EWP77,,,,,7.0
B01N7EYMEZ,3.0,,,,
B01N7GMQ2D,141.0,,,141.0,141.0
B01N7GQSAC,,,,,2687.0
B01N7GYU3S,,,,,12.0
B01N7HO16J,15.0,,,15.0,15.0
B01N7IBA3F,,,,,74.0
B01N7J2VQJ,3833.0,3833.0,3833.0,3833.0,3833.0
B01N7KXP7R,,,,,1.0
B01N7O3HS6,,,44.0,44.0,
B01N7Q8UDI,,,,4.0,
B01N7ULJSD,23107.0,23107.0,23107.0,23107.0,23107.0
B01N7WBJL8,2.0,,,,
B01N7WF774,547.0,,547.0,547.0,547.0
B01N7YVULA,,83.0,83.0,83.0,83.0
B01N8PLTON,,,,,1.0
B01N8QF2H7,311.0,311.0,311.0,,311.0
B01N8SLB85,8.0,,,,
B01N8SQW7C,,,,,8.0
B01N8TT0ND,,,,,25.0
B01N8VEX6R,,,,14.0,14.0
B01N8WNJQY,24.0,24.0,24.0,,24.0
B01N8X2N1G,1.0,,,,
B01N8XDBRZ,,,,,38.0
B01N8YFEUC,,,,32.0,32.0
B01N8ZYDWC,5148.0,5148.0,5148.0,5148.0,5148.0
B01N977JX5,,,,,4.0
B01N97ANIB,,186.0,,,186.0
B01N98ZGFT,,,15.0,,
B01N98ZNWD,,,,,15.0
B01N9ADTH5,267.0,267.0,267.0,,267.0
B01N9AVEFI,,,45.0,45.0,45.0
B01N9AZHSW,,,,,11.0
B01N9BUU70,,,,,116.0
B01N9BUU73,,2825.0,,2825.0,2825.0
B01N9HPF5A,,,,,74.0
B01N9J899A,,,,,367.0
B01N9JSSFC,,,,8.0,8.0
B01N9LHCCB,,,,10.0,
B01N9NS94H,,,,,1.0
B01N9OSZQE,,,,15.0,
B01N9OTRPZ,,,,,8.0
B01N9OZKX0,,,99.0,,99.0
B01N9P2Y93,39.0,,,,39.0
B01N9RZ5E9,421.0,,421.0,421.0,421.0
B01NA01CY7,,,1.0,,
B01NA8RCEZ,,,,,22.0
B01NA9K6C3,,,,577.0,
B01NAB5MMY,,,,,6.0
B01NABO9V2,8.0,,,,8.0
B01NACR5AD,,,,,21.0
B01NAL8MD2,,,,23.0,23.0
B01NAOAY37,223.0,223.0,,,223.0
B01NAOTGHN,,393.0,,393.0,393.0
B01NASAE00,,,,,26.0
B01NAUA80H,,,,,572.0
B01NAV9R67,180.0,180.0,,,180.0
B01NB9XBEA,,,,,2.0
B01NBDUATW,47.0,,47.0,47.0,47.0
B01NBDVJT6,6.0,,,,
B01NBE8GA2,3.0,,,,
B01NBE8GXE,,,,,34.0
B01NBI32SU,,,,,20.0
B01NBJ8POA,,324.0,324.0,324.0,324.0
B01NBTRYQ3,,,,,26.0
B01NBWTPC2,,212.0,212.0,212.0,212.0
B01NBYCSCT,,523.0,,,523.0
B01NBYJO8R,9.0,,,,
B01NC2UZPS,2.0,,,,
B01NCJH6WX,,264.0,,,264.0
B01NCLDTW5,,,213.0,,213.0
B01NCLOZ9B,,,,,74.0
B01NCM2JI1,,879.0,,,879.0
B01NCMX4XD,,,,24.0,
B01NCUVV37,,116.0,116.0,116.0,116.0
B01NCV76IY,,,,5.0,
B01NCWKH2J,,,,,572.0
B01NGTL0WD,,,,,8.0
B01NH5KDMN,770.0,,770.0,770.0,770.0
B06VT8QJ3B,22.0,,22.0,,22.0
B06VTJ16FV,,114.0,,114.0,114.0
B06VVPHH6F,,,,,214.0
B06VXX42QV,998.0,,998.0,998.0,998.0
B06VXYCDLK,,,,,27.0
B06W2FLWW9,,,,,11.0
B06W51X23K,,,,,59.0
B06W52N143,27.0,,,,
B06W53GP5J,572.0,,,,572.0
B06W54KSHZ,,,,240.0,240.0
B06W5RRFM8,,,,,184.0
B06W9JBJ5Q,,,636.0,,
B06W9LWPLV,98.0,,98.0,98.0,98.0
B06WCZY9VG,24.0,,,,24.0
B06WD8VMJ9,,29.0,,,29.0
B06WGNBZR6,33.0,,33.0,,33.0
B06WLGV16K,,,52.0,,
B06WLL9JPF,83.0,,,,83.0
B06WLMTZ51,,,,,141.0
B06WLQ8K9N,,110.0,,110.0,110.0
B06WLQ9XCD,87.0,,87.0,87.0,87.0
B06WLR28KB,3.0,,,,
B06WP1Q8XR,,,,1.0,
B06WP6GMY2,,,,,5.0
B06WP732S4,,,,,3.0
B06WP737G2,,,3.0,,
B06WRND1BP,,,,,13.0
B06WRS2H5C,,,75.0,75.0,75.0
B06WVCBKBF,265.0,265.0,,,265.0
B06WVG4C54,,,7.0,,7.0
B06WWB6SJN,3327.0,,3327.0,,3327.0
B06WWDCZ66,,,,,43.0
B06WWMKGZS,,,,198.0,198.0
B06WWP75MW,,198.0,,,198.0
B06X18CN8Y,,,,,6.0
B06X1BZG3L,,,,2.0,
B06X1G3G84,,,2.0,,
B06X1GTHRQ,,,,,114.0
B06X3QC7QM,,,59.0,,
B06X3QNN21,,,,,59.0
B06X6D195Q,998.0,998.0,998.0,998.0,998.0
B06X6H18P8,,214.0,,,214.0
B06X6H75CH,,,8.0,,
B06X6LNBDZ,,,,,90.0
B06X6MXPX4,,,,,5.0
B06X6NLTJX,620.0,620.0,620.0,620.0,620.0
B06X95YPCW,14509.0,14509.0,14509.0,14509.0,14509.0
B06X96VQPJ,,,,,3.0
B06X9CFRZF,,,,1.0,
B06X9DG3MF,,,,,54.0
B06X9DN1D9,,,,,19.0
B06X9J8B31,,,,,198.0
B06X9JN3TX,225.0,225.0,225.0,225.0,225.0
B06X9M8FG3,,,105.0,,
B06X9P5ZTX,,,,,1.0
B06XB8P52H,,,115.0,,115.0
B06XBC5CZY,849.0,849.0,,,849.0
B06XBR5JN1,24954.0,24954.0,24954.0,24954.0,24954.0
B06XBVRZGX,111.0,,111.0,,111.0
B06XC4H6CL,,,,198.0,198.0
B06XC56KRZ,,,,59.0,
B06XC8RZTN,,,,241.0,241.0
B06XC9P9MW,,,,12.0,
B06XCNB7DQ,,,,42.0,42.0
B06XCRR4N9,,,,,11.0
B06XCY1586,,42.0,,,42.0
B06XCYL7BC,245.0,,245.0,,245.0
B06XCYLRBS,312.0,,312.0,312.0,312.0
B06XCZQTMR,,,232.0,,232.0
B06XD1ZYBT,,,125.0,,125.0
B06XD7M6ZJ,,,,,1.0
B06XDF87J9,,,,546.0,546.0
B06XDLLP4Q,,,,,6.0
B06XDLNZYH,306.0,306.0,,306.0,306.0
B06XDQSSCB,26.0,,,26.0,26.0
B06XDRXCP1,,,,,546.0
B06XDT3RT8,1255.0,1255.0,1255.0,1255.0,1255.0
B06XDVTW29,,,,28.0,
B06XDYMY13,,,,,9.0
B06XFBRY1H,,,,,82.0
B06XFBS5XG,5.0,,,,
B06XFBT6Q9,,,,,82.0
B06XFBZFBB,,,,,82.0
B06XFC237V,,,,,82.0
B06XFC9DLX,,,,,82.0
B06XFCV235,1240.0,1240.0,1240.0,1240.0,1240.0
B06XFDBHBL,,,,,127.0
B06XFTM8RJ,,,,135.0,135.0
B06XFW9GBP,87.0,,,,87.0
B06XFWF21B,,,,,1.0
B06XFWRFDF,,,,,730.0
B06XFY3S55,,,,,6.0
B06XG8FZG4,,,,,3.0
B06XGKGCGB,,,,,79.0
B06XGYX7SK,960.0,960.0,,,960.0
B06XGZ3MBF,353.0,,,,353.0
B06XH5JKLY,,,,58.0,
B06XHCWX79,353.0,353.0,,353.0,
B06XHFVZX8,,226.0,226.0,226.0,226.0
B06XHFZ94N,254.0,254.0,,,254.0
B06XHKYS7J,,,,,100.0
B06XHLMJ4T,,130.0,130.0,130.0,130.0
B06XHRNWS1,,,307.0,307.0,307.0
B06XJ39XVR,,,71.0,71.0,71.0
B06XJ8LSWT,,38.0,,,38.0
B06XJ9LYV7,,,,4.0,
B06XJ9RNL1,112.0,,,112.0,112.0
B06XJCS57M,115.0,,,,115.0
B06XJDT1Y3,,1487.0,1487.0,1487.0,1487.0
B06XJG96B7,,,,,112.0
B06XJK1QVT,,,112.0,112.0,112.0
B06XJKWP56,,,112.0,,112.0
B06XJR9DZC,,,,,1.0
B06XJSGY3X,,,25.0,25.0,25.0
B06XJWY6S1,,,,,216.0
B06XK1CVBJ,,10.0,,,
B06XK2VW6P,,,,11.0,
B06XKB82QJ,,,,90.0,90.0
B06XKDC9X9,464.0,,464.0,464.0,464.0
B06XKJ5RZ4,,,,98.0,98.0
B06XKJJ7FB,,,,,90.0
B06XKZM279,573.0,573.0,573.0,573.0,573.0
B06XMXKB7C,,,76.0,,
B06XN5J4NL,,,,,4.0
B06XN5S873,,,,,12.0
B06XNM2VFQ,,,,,9.0
B06XNW3PFZ,,,3.0,,
B06XNZ5S6R,,,,,5.0
B06XP129GM,,176.0,176.0,,176.0
B06XP2TWD3,,,,,70.0
B06XP8K42G,3.0,,,,
B06XPB4LHV,,,,58.0,58.0
B06XPCJCBT,,,,18.0,18.0
B06XPF2LNL,,,,,39.0
B06XPGSTCL,,,92.0,92.0,92.0
B06XPM51RH,,,,,102.0
B06XPQXLB4,,,,,30.0
B06XPQXVXB,30.0,,,,30.0
B06XPS7QY5,,,,,30.0
B06XPX7HYR,,,,,12.0
B06XPXQWDM,,,,,71.0
B06XQ3N5LP,,,,,6.0
B06XQ8DK6L,3379.0,3379.0,3379.0,3379.0,3379.0
B06XR3TF8C,,,,,765.0
B06XR8VVHC,,,,,16.0
B06XRFVHLH,,,312.0,,312.0
B06XRJYTPN,,,,3.0,
B06XRRGS5B,,,,7.0,
B06XRYMQFF,,,,,23.0
B06XS1229D,,,,,7.0
B06XS3T9P6,,,,,22.0
B06XS8GQZX,,,46.0,46.0,46.0
B06XSTL2LQ,,,498.0,498.0,498.0
B06XSXP9XH,498.0,498.0,,,498.0
B06XT6FTSB,,,,,107.0
B06XT9TGF7,,,,,9.0
B06XTJ3K7H,68.0,68.0,,68.0,68.0
B06XTM8Q7J,,17.0,,,
B06XTMF7VB,,,,,165.0
B06XTSTCWX,,,,,3.0
B06XTWZJ87,,,,,126.0
B06XTXJFW1,1821.0,,1821.0,1821.0,1821.0
B06XTYC8BZ,,,,232.0,232.0
B06XTZWKPQ,,,6.0,6.0,
B06XV1HPTL,,,37.0,,37.0
B06XV6ZTYC,,,21.0,21.0,21.0
B06XVB9PKS,,,,,5.0
B06XVRLYSD,,,,,5.0
B06XW1X49V,517.0,517.0,517.0,517.0,517.0
B06XW6S3FH,,,,,86.0
B06XWBFCN4,,,,,3.0
B06XWDTHWZ,,,,,2187.0
B06XWG8C76,138.0,,138.0,138.0,138.0
B06XWV1Y1Z,203.0,203.0,203.0,203.0,203.0
B06XX1NHML,65.0,,,,65.0
B06XX4SZMN,,,407.0,407.0,407.0
B06XX5DK3K,278.0,278.0,278.0,278.0,278.0
B06XXDYH1L,,,,56.0,56.0
B06XXNL4JY,,,4.0,,4.0
B06XXNTSQV,21.0,,,,
B06XXPDJY9,,10.0,,,
B06XXRYXSQ,,,,,79.0
B06XXSWBGH,,263.0,,263.0,263.0
B06XXT1B8Z,,,,3.0,
B06XXXL52D,,,,127.0,127.0
B06XYNHFF2,45171.0,45171.0,45171.0,45171.0,45171.0
B06XYNTNJR,,,,,191.0
B06XYRZS38,,,,,2.0
B06XYTQ7R9,,,,,59.0
B06XZ26C3C,,,,,27.0
B06XZ2GYXN,,,,28.0,
B06XZ3TDDF,19.0,,,,19.0
B06XZ9SFTK,1586.0,,1586.0,1586.0,1586.0
B06XZFTJ7S,,33.0,33.0,33.0,33.0
B06XZGBCSY,881.0,881.0,881.0,881.0,881.0
B06XZP3V4R,186.0,186.0,,186.0,186.0
B06XZQ6Q8P,,6.0,,,
B06XZR342C,,,,,5.0
B06XZXQCK4,,47.0,,47.0,47.0
B06XZYM732,,,,,61.0
B06XZZKMSH,,,62.0,62.0,62.0
B06Y11HTY9,,,,,25.0
B06Y134H8G,,,,,283.0
B06Y1BLVYZ,,15.0,,,15.0
B06Y1C829Z,,,,,4.0
B06Y29KY4Y,506.0,,506.0,506.0,506.0
B06Y2HPKKJ,,,31.0,,31.0
B06Y2JJXMC,903.0,903.0,,903.0,903.0
B06Y2NYBD2,355.0,355.0,,355.0,355.0
B06Y2RMJ3L,,,,,46.0
B06Y2XSJWW,,,266.0,266.0,266.0
B06Y3ZSTT2,228.0,,228.0,228.0,228.0
B06Y438SYG,390.0,390.0,390.0,390.0,390.0
B06Y44691R,,,,,26.0
B06Y4G8PT2,,,248.0,,248.0
B06Y4L9QK9,,134.0,,134.0,134.0
B06Y4P26NW,,,492.0,492.0,492.0
B06Y588GGB,45.0,,,,45.0
B06Y5FRXNQ,,,,,5.0
B06Y5HHL8B,283.0,283.0,,283.0,283.0
B06Y5J4B2H,2.0,,,,
B06Y5S4VMM,,,,146.0,146.0
B06Y612JQC,210.0,210.0,210.0,210.0,210.0
B06Y637CJQ,,,,2.0,
B06Y6433BP,,15.0,,15.0,15.0
B06ZXWK4T4,,,,,3.0
B06ZXZMDR9,31.0,,,,31.0
B06ZY15PNF,,612.0,612.0,,612.0
B06ZY1816W,,,,,12.0
B06ZY2NQ86,,,,,4.0
B06ZY4WSDG,,,,,12.0
B06ZYB64X2,183.0,183.0,183.0,183.0,183.0
B06ZYDFQM8,8.0,,,,
B06ZYJ1MKZ,22.0,,,,22.0
B06ZYMFRLG,19.0,,,,
B06ZYQMSPL,,5327.0,5327.0,5327.0,5327.0
B06ZYW7KQ3,,,,7.0,
B06ZYXTNG7,,,,,50.0
B06ZZ59HQ3,,,,,29.0
B06ZZFDYR1,,,,,107.0
B06ZZLLBM5,,,,,7.0
B06ZZT2MGP,,,,,193.0
B06ZZW1PTB,,,,5327.0,5327.0
B07116D5V2,,,22.0,,
B07119ZZ19,,,,,12.0
B0711CD497,,,,,6.0
B0711H9926,6.0,,6.0,,
B0711KFLGL,170.0,,,170.0,170.0
B0711PZBZ5,,,,,42.0
B0711Q2VLL,,420.0,420.0,420.0,420.0
B0711STWDW,1111.0,1111.0,1111.0,1111.0,1111.0
B0711TMKLK,3.0,,,,
B0711WDBWB,,,,,21.0
B07125JM47,4.0,,,,
B0713M8BRS,,14.0,,,
B0713ML74B,,,,1.0,
B0713SWNJL,2151.0,2151.0,,,2151.0
B0713TZPNK,1.0,,,,
B0713WWTYW,,,,,108.0
B0713YMWB8,41.0,,,,41.0
B07144J2CP,60.0,60.0,60.0,60.0,60.0
B07144X53S,,460.0,460.0,460.0,460.0
B07145N5K4,,,,,80.0
B071469ZDK,,,,,6.0
B0716BD5H7,357.0,357.0,357.0,357.0,357.0
B0716BNFB8,,,,,40.0
B0716D7JZ3,,,15006.0,15006.0,15006.0
B0716JHFTT,,,,,193.0
B0716KYT5V,,,,,16.0
B0716R4F35,719.0,719.0,719.0,719.0,719.0
B0716RKSR7,,,,,5.0
B0716TP6R2,,,,,12.0
B0716V3STL,,,,234.0,234.0
B0716XSH1D,,,,,2.0
B07174KG1M,24954.0,24954.0,24954.0,24954.0,24954.0
B07178P973,876.0,876.0,876.0,876.0,876.0
B0718VK7JK,,,,,109.0
B0718VY1RY,,,30.0,,30.0
B0718XT121,,,,,2366.0
B0718YL8RX,3374.0,3374.0,,3374.0,3374.0
B0719BSKJN,,,,,13.0
B0719BYZK4,,,,21.0,21.0
B0719GND8J,,,,,5.0
B0719PTM9Y,65.0,65.0,,,
B0719Q5JGJ,,,,,11.0
B0719RZ5QQ,,,,,12.0
B0719VLW66,247.0,247.0,247.0,,247.0
B071CFPR9F,,,,,2.0
B071CJNKSN,5327.0,5327.0,5327.0,5327.0,5327.0
B071CL516W,18.0,,18.0,18.0,18.0
B071CPZJ1D,,,,,29.0
B071CYYR1M,,,21.0,,
B071D99XCP,,,,,46.0
B071DHBK89,32.0,,,,32.0
B071DPQRGZ,,,,,55.0
B071DQTZM9,,,,669.0,669.0
B071DSD5H2,,,,,133.0
B071DSYDCV,,,161.0,161.0,161.0
B071F2M8LW,72.0,72.0,,,72.0
B071F5TQ51,,,,54.0,54.0
B071F9QRZW,,,,,319.0
B071FR8Q7D,,,,,64.0
B071FV7B9M,,,130.0,130.0,130.0
B071G1KZMT,,,,,2.0
B071G2FWBH,,,,,59.0
B071G4KJS3,39.0,,,,39.0
B071G5HQL1,,,,,36.0
B071GWJZ2N,82.0,82.0,82.0,82.0,82.0
B071HB5557,,,,,24.0
B071HBV84B,,3833.0,3833.0,3833.0,3833.0
B071HG7NHN,,,,52.0,52.0
B071HGC48H,,,,,2.0
B071HL76LP,,,,,7.0
B071HQFQ7S,,,,135.0,135.0
B071HSCN8R,,,,,29.0
B071HT3QRC,,,,,282.0
B071HXFXKD,114.0,,114.0,,114.0
B071HXQ9QY,,,,,4.0
B071J5CNHS,231.0,,,,231.0
B071J6RP1Y,,,,,64.0
B071J9YXB1,,,,,2.0
B071JDPXZY,,,,,21.0
B071JHB9H8,,,67.0,67.0,67.0
B071JLBCSW,55.0,,,,55.0
B071JN98PL,,,,59.0,59.0
B071JNRCJM,471.0,471.0,471.0,471.0,471.0
B071JQJ23C,,,246.0,246.0,
B071JTTSLW,1496.0,1496.0,1496.0,1496.0,1496.0
B071JYT493,,,,105.0,105.0
B071K88J4K,,,276.0,,276.0
B071KBK1T5,,,,26.0,26.0
B071KCRCCV,,,,,14.0
B071KKDN4S,,,,,1.0
B071KR4HWZ,,,,,592.0
B071KS35ML,618.0,,,618.0,618.0
B071KS9L3S,,,,,9.0
B071KVDFS7,2366.0,,2366.0,,2366.0
B071KX2KK6,,185.0,,,185.0
B071KZ7D1N,262.0,,,262.0,262.0
B071L36XPY,,,,,5.0
B071L72SNS,418.0,418.0,418.0,,418.0
B071LDQYLB,,,111.0,,111.0
B071NH5788,,,,1.0,
B071NLQHN4,,,3.0,,
B071NLQM12,,,,,15.0
B071NZ87LL,,,,,8.0
B071P1RJ67,,,,,44.0
B071P2JZXJ,,,,,1.0
B071P3D7SH,1632.0,1632.0,1632.0,1632.0,1632.0
B071P7Y6M6,,,,,16.0
B071QWDWZD,,,,,64.0
B071QZ2FJN,,,,,24638.0
B071R452L1,98.0,,98.0,,
B071R671BX,,,3.0,,3.0
B071RBH1DB,,,,,71.0
B071RC4SNZ,1336.0,1336.0,1336.0,1336.0,1336.0
B071RDV2L4,,,,,5.0
B071RFQ1BV,,,,,27.0
B071RGDPMZ,,,,,3.0
B071RKDS5C,,,,1698.0,1698.0
B071RLPQZX,,,,,14.0
B071RM3VYG,,2366.0,2366.0,2366.0,2366.0
B071RNYNQB,,,,669.0,669.0
B071RPMN7N,,,,,312.0
B071RSFRL5,,,8.0,,
B071RXC99R,,,16.0,,16.0
B071S2B1RZ,,,,,39.0
B071S32BNS,3.0,,,,
B071S4LRHB,,,,67.0,67.0
B071S6TVPJ,,,,25.0,
B071SF2L66,,6.0,,,
B071SH76NZ,215.0,,215.0,215.0,215.0
B071SKCWV7,,,,,1.0
B071VCD5MK,,,,,3.0
B071VHYMHL,,,183.0,,183.0
B071VJ7RZV,153.0,,,,153.0
B071VZ1PZY,,,,136.0,136.0
B071VZ6J2L,,24954.0,24954.0,24954.0,24954.0
B071VZ6NWM,24954.0,,24954.0,24954.0,24954.0
B071W14RG9,,,574.0,574.0,574.0
B071W22HQW,,,,,358.0
B071W3KVXC,,,,,8.0
B071W4WW8Q,,,64.0,,
B071W5WHTR,,,,,7.0
B071W679B1,,97.0,,,
B071W6WB7Z,,110.0,,,110.0
B071WFG7Q4,,,,67.0,67.0
B071WG9ZNW,,,,,4.0
B071WNHRDJ,99.0,99.0,,,99.0
B071WPPCQG,,,,,5.0
B071WPRP56,,,,,21.0
B071WWDJQW,,,18.0,,18.0
B071X3XSRK,,32.0,32.0,32.0,32.0
B071X8M7NY,,,,,117.0
B071XG7WM3,,,,,3270.0
B071XMM8LM,571.0,,571.0,,571.0
B071XPVRRS,,134.0,134.0,,
B071XR1BF4,,,,68.0,68.0
B071XS3S4T,1168.0,1168.0,1168.0,1168.0,1168.0
B071Y7QRD2,,,,,29.0
B071YB8G9G,,,,46.0,46.0
B071YCJTWZ,,,,,3.0
B071YM6TYZ,,11.0,,11.0,11.0
B071YN1T36,,,,,1.0
B071YPT7X4,17.0,,17.0,17.0,
B071YYYNM7,,,,,140.0
B071Z6S9B2,,,137.0,137.0,137.0
B071Z6SHRN,137.0,137.0,,,137.0
B071ZFDY9N,24954.0,,,24954.0,24954.0
B071ZFDY9P,24954.0,,24954.0,24954.0,24954.0
B071ZFDY9R,,,24954.0,24954.0,24954.0
B071ZFDY9Y,24954.0,24954.0,24954.0,,24954.0
B071ZG93S5,,,,,39.0
B071ZND1M9,,,,,29.0
B071ZZN5ZB,,,,,33.0
B072117X9C,,,,,26.0
B07211JFWS,,,,,59.0
B0721TLKKJ,,,,,24.0
B0721TT3Z5,,,,,22.0
B0721VMN3W,,,12.0,,
B0721XJ6P7,,,,,1.0
B072221MPX,43.0,,43.0,,43.0
B07226QJQ4,,,,,19.0
B07229R4X4,,,,,6.0
B0722LTCJD,,,,,194.0
B0722PLG2P,,33.0,,33.0,33.0
B0722RRFXV,,,,5.0,
B0722WYHCG,,,,,8.0
B0722Y59BJ,,,,,17.0
B072378SVR,,,,,7.0
B0723B1NTR,,,,,16.0
B0723F65FF,,,,,83.0
B07252L8GK,,,1698.0,1698.0,1698.0
B0725KC61T,,,,75.0,75.0
B0725MWLGR,,,8.0,,
B0725NVW2P,,,,,137.0
B0725PFV2F,,,,,10.0
B0725VCC8W,,,,,15.0
B0727LLGCG,,,,,91.0
B0727LZ3D6,,,9.0,,
B0727PPTPL,,,,,7.0
B0727RKTNQ,,,10.0,,
B072814DPG,6822.0,6822.0,6822.0,6822.0,6822.0
B07285F8YL,619.0,,,,619.0
B072883F48,,,,,2.0
B0728GC9VS,,,41.0,,41.0
B0728NBRZJ,,,,,4.0
B072B94GXN,8171.0,8171.0,8171.0,8171.0,8171.0
B072BBTC25,,5327.0,,5327.0,5327.0
B072BCHB6Q,,,,,65.0
B072BGKRT6,,,,,47.0
B072BJTVKJ,,,,1400.0,
B072BTL5RG,,150.0,,,150.0
B072BZ7H9M,,,,,24.0
B072DVHJF9,,,,6.0,6.0
B072DWCNMP,31.0,,,31.0,31.0
B072F664DR,,,,66.0,66.0
B072FPFK29,,,,,10.0
B072FQRF2Y,,,,,76.0
B072HFDYG9,,,,1698.0,1698.0
B072HJGHKJ,269.0,269.0,269.0,269.0,269.0
B072JCVR9Z,,,,,2.0
B072JKVNBQ,581.0,581.0,581.0,581.0,581.0
B072JXHMNQ,,,14.0,,14.0
B072JXNPK7,,,,,11.0
B072K6M27S,,,,,24.0
B072K9FR3C,,,,,176.0
B072KGDHXC,,,,,10.0
B072KKFVHD,,,,,27.0
B072KRSNBB,,,,,21.0
B072KV2WP8,239.0,,,239.0,239.0
B072L27GS2,15006.0,15006.0,15006.0,15006.0,15006.0
B072L52Q2L,,,,,56.0
B072LCTLT7,,,,,12.0
B072LDCMQ9,37.0,,,,37.0
B072LF552F,,,,15.0,
B072LKNN12,,,,29.0,29.0
B072LQZMB1,188.0,,,,
B072LV4HQW,,,,79.0,79.0
B072LXKS37,,,,,2.0
B072LZYKBM,,,,,64.0
B072M6NF32,,,,113.0,113.0
B072MQ8XVJ,,,,,32.0
B072MQD5BV,1785.0,1785.0,1785.0,1785.0,1785.0
B072MQSS2Z,,,,,4.0
B072MS6XY3,47.0,47.0,,,
B072N5TFJM,,,,,44.0
B072N8WTN9,,,,,333.0
B072P14N4H,,,,10.0,
B072PQ4G8Y,,,,,70.0
B072Q2GJZR,581.0,581.0,581.0,581.0,581.0
B072QWSHQJ,,,49.0,49.0,49.0
B072QY384Z,,,,,19.0
B072R2515M,,,,45.0,45.0
B072R76Q9J,,,,,3.0
B072S2ZQ85,592.0,,592.0,,592.0
B072SDZYLS,,,,,35.0
B072SJM24R,,362.0,362.0,362.0,362.0
B072SKFRSY,,,362.0,362.0,362.0
B072TZSB1N,,,,66.0,66.0
B072V25VKF,8171.0,,8171.0,8171.0,8171.0
B072V4LHR1,,,,,18.0
B072V6BZ9M,,,,26.0,26.0
B072VBMD5T,,,30.0,30.0,30.0
B072WB5G5N,,,,,1.0
B072WF5TB1,20.0,,,,
B072WQ4VR6,,,,,4.0
B072WR13KT,,,,,90.0
B072WTJSN9,,,,,11.0
B072YSKNVR,,,,,16.0
B072Z6QMH4,,,,3.0,
B072Z9R2Y4,,,,,8.0
B072ZCP2H7,18.0,,,,
B072ZD2MB1,,,,,10.0
B072ZP2ZTQ,,,,,13.0
B0732TSYMH,414.0,414.0,414.0,414.0,414.0
B07334RX96,,,,,2.0
B07336B8QD,6.0,,,,
B07343PK7Z,,,,,274.0
B07344PQD6,,,,274.0,274.0
B07345K3LS,,,,274.0,274.0
B07346Y7XC,,,,,274.0
B07347ST9R,,,274.0,,274.0
B07347XSR5,,,,,274.0
B0734SRL9S,26.0,,26.0,26.0,26.0
B07354QQYX,,,,,13.0
B073558TLB,,,6.0,6.0,6.0
B07358THLS,,149.0,,,149.0
B07363NRS5,,,,,45.0
B0736JWNKH,,,9.0,,
B0736Q14Y8,,,173.0,173.0,173.0
B0737JJDFV,,,,,10.0
B0737MQ774,,,,41.0,
B073825JFQ,,,,,3.0
B07382YCY3,,,388.0,388.0,388.0
B0738PSRHM,,,,,18.0
B073BN12JZ,,,,,592.0
B073BPX4TM,592.0,,,,592.0
B073BR5WF1,,,,,592.0
B073BRJGW8,,592.0,,,592.0
B073C6QTLJ,,,,,6.0
B073CD221H,,652.0,652.0,,652.0
B073CN9R3P,,,,,25.0
B073CP5N9X,,,78.0,,78.0
B073DWBYSG,,,1209.0,1209.0,1209.0
B073DYL911,1904.0,,1904.0,1904.0,1904.0
B073F32RH3,,,,,44.0
B073FN8YPF,,,,,25.0
B073G68Y95,53.0,,,,
B073G828Y6,,,,,1.0
B073G9J1XN,,,,,15.0
B073GGQTTG,165.0,,165.0,165.0,165.0
B073GXT26S,,,,,20.0
B073H6CMY2,,,,225.0,225.0
B073H97HSL,,,,,21.0
B073HD2LDB,,,,,11.0
B073HFD3VX,,,1303.0,,1303.0
B073HKV156,,,,,15.0
B073HPWXQF,14.0,,,,
B073JQ5M4T,,,,,3.0
B073K1ZGNH,,,134.0,134.0,134.0
B073K2DJGQ,,,134.0,134.0,134.0
B073LK42LQ,,2.0,,,2.0
B073LX1QQG,,,,48.0,
B073M84WGJ,,,,,30.0
B073N8Z3HR,,,,,19.0
B073P6SJ13,,,,,3.0
B073P71VHG,,,,,20.0
B073P866J9,,,,,41.0
B073P86WK4,,,,,33.0
B073P98JJ3,,,,46.0,46.0
B073PG11TS,,,,,64.0
B073PGRX92,,,,,65.0
B073PGYMMJ,,,,,21.0
B073PQPDP3,3215.0,3215.0,3215.0,3215.0,3215.0
B073PRG278,,1113.0,,,1113.0
B073PRRBDG,,,,,73.0
B073PRW97B,,,1113.0,,
B073PS5QZF,1113.0,,,,1113.0
B073PSN1G5,,,1113.0,1113.0,1113.0
B073PV3LTP,498.0,,498.0,498.0,498.0
B073PXFFJZ,,,,,3.0
B073PYZJW5,,,,,13.0
B073Q22TMR,,,169.0,,
B073Q2GKJL,169.0,,,,169.0
B073QK5P2Z,520.0,520.0,520.0,520.0,520.0
B073QMF7YD,,,,259.0,259.0
B073QMYQC3,,,,259.0,259.0
B073QN716X,259.0,259.0,,,259.0
B073QN8XMB,259.0,,259.0,,259.0
B073QTBLYL,657.0,657.0,657.0,657.0,657.0
B073QVXD8B,1483.0,1483.0,1483.0,,1483.0
B073R2HZ9G,76.0,,76.0,,76.0
B073RFQ4VB,,,,196.0,196.0
B073RHH2NG,,,,,2795.0
B073RJ697Q,,,,,8.0
B073RJ8R43,,8.0,,,8.0
B073RJFJ3S,,,,,8.0
B073RJK5LC,,,,,8.0
B073RK3V94,,,,,139.0
B073RK47P5,,,,8.0,
B073RX4S1C,139.0,,,139.0,139.0
B073S37C9Z,,,,23.0,
B073S7RPTB,4.0,,,,
B073TM13TY,74.0,,,74.0,74.0
B073TN9DWN,,,,20.0,
B073TXGYPT,,,,,18.0
B073V2YFL3,,,,,1.0
B073V71RG6,8.0,,,,
B073VHXHK4,,,,,509.0
B073VKYTMR,,,6.0,,6.0
B073VZNWNX,,,,9.0,
B073W4KLXT,,,,13.0,
B073W8YYXS,,,,,31.0
B073W9WK7Y,,,,,669.0
B073WBMN8R,,,,,11.0
B073WD6YP9,2.0,,,,
B073WFB6MV,,,24.0,,24.0
B073WH6YVN,55.0,,55.0,,55.0
B073WHGQHF,,,,,26.0
B073WJ44RY,,,,296.0,296.0
B073WKZH87,8.0,,,,
B073WYJ3Z2,,,,18.0,
B073X65RY8,20.0,,,,20.0
B073XC1XQQ,,42.0,,,42.0
B073XD2H94,,,68.0,68.0,68.0
B073XDBTYK,82.0,82.0,,82.0,82.0
B073XDHGMC,,,1.0,,
B073XDRTRZ,,,46.0,46.0,46.0
B073XHXFQY,5.0,,,,
B073XJZ7V6,,,,117.0,117.0
B073XKK1QY,12.0,12.0,12.0,,12.0
B073XKL52Y,12.0,,12.0,12.0,12.0
B073XKSV5H,10.0,,,,
B073XLR4D9,308.0,308.0,308.0,308.0,308.0
B073XW1SS4,,,,,141.0
B073XWS9C3,,,,,17.0
B073XX8M6J,,,,,63.0
B073XXFS39,,,,489.0,489.0
B073Y65HLZ,,,,,5.0
B073Y7LB5G,,,,10.0,
B073Y7LLXM,,,,,1.0
B073Y8S4BS,7.0,,,,
B073Y9L6L9,,,,,17.0
B073YLCTBW,,,,,94.0
B073YQ6KBX,,,,,353.0
B073Z4BS1N,,,,66.0,66.0
B073Z876B8,,,4.0,,
B073Z9XDNJ,,,,,1049.0
B073ZCPRG9,,,144.0,,144.0
B073ZCQMMD,,,,,58.0
B073ZG4SLB,,6.0,,,
B073ZHFBSW,,,,,10.0
B073ZJJF14,,,,,23.0
B073ZJR6FV,,,,,11.0
B073ZKRDZK,,,,,11.0
B073ZM246M,,,,,26.0
B073ZMTYHM,,,,,26.0
B073ZVRPX3,,,,,1.0
B07412CNMT,826.0,,,,826.0
B074187T6F,77.0,77.0,,77.0,77.0
B074189TBG,,,,,7.0
B07418KLW9,,,,,2.0
B0741GNCDT,,,,,18.0
B0742CXVVQ,,,370.0,,370.0
B0742D5V4R,,,,,5056.0
B0742F328K,,,,,525.0
B0742JM7GW,,,,,101.0
B0742PM7Z1,,,,,1.0
B074336QWR,,,,,24.0
B07436FFM6,,107.0,107.0,107.0,107.0
B07439KY3N,,,,,16.0
B07439S8BL,201.0,201.0,201.0,201.0,201.0
B0743W9WBH,,,,,13.0
B07445K5HY,,,,,123.0
B07446Q3RX,,,,,37.0
B07448KWS2,,,123.0,123.0,123.0
B0744FKL5S,,,,,66.0
B0744G7JSS,,,,35.0,35.0
B0745BB494,,,3.0,,
B0745GG3ZM,,,,,1.0
B0745GP1XG,,,,,3.0
B0745YY3VR,,,68.0,,
B0745ZNZ9N,55.0,,,,
B074617FS1,1.0,,,,
B07461GL9K,,179.0,179.0,179.0,179.0
B0746C5N8X,,,3.0,,
B0746CCSL2,203.0,203.0,203.0,203.0,203.0
B0746HW95M,3.0,,,,
B0746J966H,190.0,190.0,190.0,190.0,190.0
B0746K31VV,190.0,,,,190.0
B0746KH6WH,,,2.0,,
B0746QDCDG,,,,,12.0
B0746RD8HC,,,,,2.0
B0746RLWGP,,,,,40.0
B0747P4MBD,2111.0,,2111.0,2111.0,2111.0
B0747QKLH4,5.0,,,,
B0747V5696,,,,,11.0
B07486V5F5,,,,,49.0
B0748D6X2J,,588.0,588.0,588.0,588.0
B0748DFX6S,,41.0,,,41.0
B0748DZKZF,,,,,6.0
B0748H2LVF,,,,,77.0
B0748KG9YV,30.0,,,,30.0
B0748KZ3BX,,,,,25.0
B0748L73XX,57.0,,57.0,57.0,57.0
B0749D4M3J,,,,,3.0
B0749J7XC7,,,1.0,,
B0749MCPBV,,,,,14.0
B074B6N1T7,,,,,3270.0
B074BG3YXQ,,,,,3270.0
B074C2PHGZ,,89.0,,,
B074C5CGRP,,,,,8.0
B074CSTR4F,,,,,3.0
B074CWHF69,,,5.0,,
B074CXTS12,56.0,,,,
B074DL8K1L,,,,,2.0
B074DN3MM5,,,,,22.0
B074DQVCQT,1104.0,1104.0,1104.0,1104.0,1104.0
B074DX83DD,,,,114.0,114.0
B074F3NMFK,,104.0,104.0,,104.0
B074F3PDL5,69.0,,,69.0,
B074F48R3S,65.0,,65.0,,65.0
B074FRP2CJ,,,39.0,,
B074FV6BYR,42.0,,,,42.0
B074FXL9BS,,,,28.0,
B074G4SFHZ,,,,,15.0
B074G9LHC4,,,,12.0,
B074GFLPMV,2968.0,2968.0,2968.0,2968.0,2968.0
B074GGM5ZW,,,,,71.0
B074GPKKWW,,,,8.0,
B074GVMV1Z,,,,,7.0
B074GY15HH,1068.0,,,,1068.0
B074H6K4WN,,,,,4.0
B074HS11KB,234.0,,234.0,,234.0
B074HWQRTK,,,23.0,,
B074J3XSS9,,108.0,108.0,108.0,108.0
B074J6FTVV,91.0,,,,91.0
B074J6JRPR,42.0,42.0,,,42.0
B074JDN7FY,54.0,,,,54.0
B074JY5W1N,,,,7.0,
B074KDD8S9,,,,,27.0
B074KJ4H8W,,,,,3.0
B074KJNJM7,,,,,18.0
B074KN6STJ,,,,,19.0
B074KSXFSD,,9.0,,,9.0
B074LCMHS2,,,,,12.0
B074LCT9GT,,,103.0,,103.0
B074LDBF1R,,,44.0,44.0,44.0
B074LSSMXZ,,65.0,65.0,,65.0
B074LXFVLZ,,,,,61.0
B074LYXXFR,,,,100.0,100.0
B074LZF9YN,,,100.0,,100.0
B074M83V87,,,,,5.0
B074MHHFH1,,222.0,,,
B074MHNKSK,,,,,22.0
B074MSDVBX,3.0,,,,
B074MYN7DG,60.0,60.0,,,60.0
B074N66BTP,124.0,,,,
B074N9RT29,,,,,13.0
B074NXFXV2,,,,,1.0
B074NXG4P5,,,,,40.0
B074P28NFK,,,,,24.0
B074P2FQYH,,,,6.0,
B074P6V74B,,,,,7.0
B074P94DD9,,,65.0,,65.0
B074PCP792,,,,,1.0
B074PN74LQ,,,,,21.0
B074PQKZV6,,,,,92.0
B074PQNB6N,92.0,,,,92.0
B074PQQPLF,57.0,,,57.0,57.0
B074Q5VHBW,,,,109.0,
B074Q6KVHT,,,,,68.0
B074Q9BH7T,,,133.0,,133.0
B074Q9QZJM,,,,31.0,31.0
B074R6J54P,,,,30.0,
B074RDCP67,,,,146.0,
B074RFZV4H,,,,,1.0
B074RWYNZK,,,436.0,436.0,436.0
B074RXPQ8V,,,,436.0,436.0
B074SFBB49,,,,,16.0
B074SFJSNF,,513.0,,513.0,513.0
B074SGFYT4,,,,,19.0
B074SJK5JM,,,,,9.0
B074T3ZC9H,478.0,,,478.0,478.0
B074T9M9Z4,,,,,2.0
B074TDVMKS,,,,,16.0
B074TJJ6XG,,,,,8.0
B074TYNLG9,,,,,26.0
B074TZKYKQ,,,,109.0,109.0
B074V3S99W,,,,,3.0
B074V51HCH,,,,4.0,
B074V8YL2H,,,,42.0,42.0
B074VCLSKJ,823.0,823.0,823.0,823.0,823.0
B074VDWP6Q,,,,,4.0
B074VFMRLZ,,,,,3.0
B074VGMWKW,13.0,,13.0,,13.0
B074VZ377Q,,42.0,,,
B074W7MYZN,438.0,438.0,438.0,438.0,438.0
B074W89S73,948.0,,,948.0,
B074WC63LG,,,,,17.0
B074WCJPWX,239.0,,239.0,,239.0
B074WH2FY7,,,,,42.0
B074WKNGHD,,,,,12.0
B074WNTWYY,154.0,154.0,154.0,154.0,154.0
B074WZ1FJD,,,,,9.0
B074XCKF9T,,,,,1.0
B074Y8Q9R8,38.0,38.0,,38.0,38.0
B074YZ4TQV,,,,8.0,8.0
B074Z3HXZD,,,,,26.0
B074ZLT889,,,,,37.0
B074ZN8W2K,,,,,18.0
B07516KR9Y,,,,,2.0
B0751BV9H1,,,7.0,,
B0751CH6C4,142.0,,,,142.0
B0751D6SLS,,58.0,,58.0,58.0
B0751K2QZD,,,,,2.0
B0751PWK3W,,,,,109.0
B07526LBFW,,47.0,47.0,47.0,47.0
B0752BN63M,,,,116.0,116.0
B0752BSKM8,,116.0,,116.0,
B0752D3QCJ,,,,,116.0
B0752D3YSY,,,,116.0,116.0
B0752H6HTL,,171.0,171.0,171.0,171.0
B0752WH69N,,,,,34.0
B07532TCT5,,87.0,,87.0,
B07533ZF3S,,,15.0,,15.0
B07537LZ3X,,,,29.0,29.0
B07537MPBW,,,,286.0,286.0
B07537NXK1,,,,,17.0
B075392B1P,,,,,12.0
B0753BC37K,173.0,,173.0,173.0,173.0
B0753BRVNR,,,44.0,,44.0
B0753F17Z6,,,,,80.0
B0753KP662,,,,9.0,
B0753KTR7G,467.0,467.0,467.0,467.0,467.0
B0753VHQSB,,,,,20.0
B0754458ZL,,,,,63.0
B0754KF59S,,,,,7.0
B0754M6MGJ,,,6.0,,6.0
B0754MC6WH,,,,13.0,13.0
B07554PJWQ,,,,,61.0
B07559PPXN,,,,,92.0
B0755CV9TG,,,47.0,,47.0
B0755DSK5X,,,,92.0,
B0755VKJ39,543.0,,543.0,543.0,543.0
B0755Z8811,176.0,,176.0,176.0,176.0
B0755ZYZBJ,238.0,,238.0,238.0,238.0
B0756X4R1P,615.0,615.0,615.0,615.0,615.0
B0756X9KH1,,,,,25.0
B0756ZTP4J,,,,,8.0
B07572VBQH,4.0,,,,
B075745HLF,,,,,8.0
B07574QYSF,,,,,43.0
B07577VVK4,,,4.0,,4.0
B0757CXK5T,,,,,298.0
B0757CY9P7,,,,,13.0
B0757FCPT7,,,5.0,,
B0757FKJX4,,72.0,72.0,,72.0
B075873GTK,,,,235.0,235.0
B075875SBB,,,,,10.0
B07588QK6F,,,20.0,20.0,20.0
B0758DG77N,,,,,16.0
B0758HYZKJ,,264.0,,,264.0
B0758JRY9B,,,,16.0,
B0758JWBW9,,,13.0,,13.0
B0758K7L59,3.0,,,,
B07599G136,,40.0,40.0,,
B0759J65HR,,,,,2550.0
B0759R942X,,,,,48.0
B075B4BJLX,,38.0,,,38.0
B075DBGG6T,,,,,66.0
B075DHG83K,,,,2744.0,2744.0
B075DWM6MQ,45.0,45.0,,45.0,
B075FGSF5V,,,,,4.0
B075FL8TDX,74.0,,74.0,,74.0
B075FLBQ1C,,,,,21.0
B075FLSTVD,420.0,420.0,420.0,420.0,420.0
B075FR8X99,,,,13.0,
B075FR8X9K,,,,,4.0
B075FSBMND,44.0,44.0,44.0,44.0,44.0
B075FV16NZ,,,,,13.0
B075FYPGF8,,,,,29.0
B075FZ3B2Q,,,,14.0,14.0
B075GSMDCK,,,,,190.0
B075HCGBJV,,,,,9.0
B075HJ361K,,,43.0,,43.0
B075HL99ZH,,,,,33.0
B075HLCYVF,45.0,,45.0,45.0,45.0
B075HN5K3V,,,,,42.0
B075HXCMRV,,,24.0,,
B075J7FDZB,,,,,6.0
B075JGMVSC,,,,,135.0
B075JGPHHV,122.0,122.0,122.0,,122.0
B075JPDY7R,2.0,,,,
B075JQQDXB,,,,,84.0
B075JT5LQD,,,,,10.0
B075JT6S21,,,,29.0,
B075JZL5HQ,42.0,42.0,42.0,42.0,42.0
B075K1S8XQ,,,,,31.0
B075K2WRJV,,6.0,,,6.0
B075K41PP3,,,,41.0,41.0
B075K5LKNP,3299.0,3299.0,3299.0,3299.0,3299.0
B075K91SQ8,,,,,14.0
B075KDSCGZ,,70.0,,,
B075KH86YS,3.0,,,,
B075KNY8WY,110.0,,110.0,110.0,110.0
B075L2VXJJ,,66.0,,,
B075L42MDL,,,,,102.0
B075L52HW9,,,,44.0,44.0
B075LHPZ5L,,,,126.0,
B075LSMNNP,,,39.0,,39.0
B075M451V1,,35.0,35.0,,35.0
B075M49T2N,,,,24.0,24.0
B075M5211N,,,,,24.0
B075M73BZN,417.0,,,417.0,417.0
B075M7HFMR,,,,,417.0
B075M8PBKN,417.0,,417.0,,417.0
B075M8X7TL,,,,,417.0
B075M9S3S1,,,,,148.0
B075MNHCH3,,,,,8.0
B075MPZC86,,,,,5.0
B075MSTW9J,,,,,25.0
B075MSV3C3,,,,,4.0
B075N1JXP6,,,,,131.0
B075N4DFSD,,,,49.0,49.0
B075N4TP3J,,,,,13.0
B075NGV95R,,,,,2.0
B075NKTLW2,,,,,29.0
B075NMVQT9,,,102.0,102.0,102.0
B075NQ1HWZ,,,29.0,,
B075P3DZ4D,289.0,,,,289.0
B075PG1TTJ,,,11.0,11.0,11.0
B075PMNS7H,,,,7.0,
B075PNGNDH,,,,,28.0
B075PYZ2QY,,,,,3.0
B075QLM9T8,,,,25.0,
B075QP5P5L,,,,,109.0
B075QP91YW,107.0,107.0,107.0,107.0,107.0
B075QPB5W4,,60.0,,60.0,60.0
B075QPNKLS,9015.0,9015.0,9015.0,9015.0,9015.0
B075QPZKL1,650.0,650.0,,650.0,650.0
B075R1Z261,,,33.0,,
B075R4GD7L,,,,,24.0
B075R4XC5B,,,,,11.0
B075R5CC3G,,,,,14.0
B075R6PZGH,,,,,18.0
B075R77RPF,,,,,240.0
B075RCV6GX,,,,,21.0
B075RFT8GV,,,,,67.0
B075RTPZXG,11.0,,,,
B075RWD16W,,10.0,,10.0,
B075RYLVQK,,,,1049.0,1049.0
B075RYVZST,1049.0,,1049.0,1049.0,1049.0
B075RZ9M7V,,,,,1049.0
B075RZFRDW,1049.0,1049.0,,,1049.0
B075RZWLJ1,,,,,24.0
B075S2VBV6,,,,,1049.0
B075S42QC3,,,,,599.0
B075SGZJNC,1047.0,1047.0,1047.0,1047.0,1047.0
B075SMLTT5,,,,,109.0
B075SP9QL4,,,3833.0,3833.0,3833.0
B075SWGNJQ,,,,,1576.0
B075SWZSH4,,,,,1179.0
B075SWZST4,,,,1576.0,
B075SX2V9F,,,,,1576.0
B075SXJ19F,1576.0,,1576.0,1576.0,1576.0
B075SZ7YF6,,,,,43.0
B075T76ZDP,,,,,35.0
B075TDRFL6,147.0,,,147.0,147.0
B075THFPPR,,,,,32.0
B075THGHP9,199.0,,,,199.0
B075THWGSD,,,,,5.0
B075TL3LFN,,,,,47.0
B075TV8KKG,,231.0,231.0,,231.0
B075V2WP5M,21.0,,21.0,,
B075V2ZWGL,,,,,21.0
B075V31SDX,,21.0,,,21.0
B075V34GPS,,,,318.0,
B075V4XJJ6,154.0,154.0,154.0,154.0,154.0
B075V5QVCY,,,,57.0,57.0
B075V8YM53,,,,89.0,
B075VC79HF,322.0,322.0,,322.0,322.0
B075VFGZ5W,210.0,,210.0,,210.0
B075VJ9SXZ,71.0,,71.0,,71.0
B075VN48K1,,,,,10.0
B075W5Z8XD,,,,5.0,
B075WNLWK6,,,,,129.0
B075WTR89Q,534.0,534.0,534.0,534.0,534.0
B075WVB9YV,876.0,876.0,876.0,876.0,876.0
B075X1MVZ7,,,,,22.0
B075X31RGX,,,,,49.0
B075X46V6G,,,,,11.0
B075X4B75L,,,,,6.0
B075X5MNNZ,,,,,20.0
B075XC4C79,,,,,13.0
B075XC5RK4,,,,,22.0
B075XGKZ1G,,,,,10.0
B075XH2NM6,,,62.0,,62.0
B075XH92SP,1.0,,,,
B075Y1SFK8,222.0,222.0,222.0,222.0,222.0
B075Y2P8ZZ,,,,,10.0
B075YCB86H,,2456.0,,,
B075YRX3X8,,,1.0,,
B075ZDGJ87,,,,18.0,18.0
B075ZM2TR3,,,,130.0,130.0
B075ZMYQTY,,,,130.0,130.0
B075ZN3RYS,130.0,,130.0,,130.0
B075ZPXWTC,,,23.0,23.0,
B075ZQ2NY3,27.0,,27.0,27.0,27.0
B075ZSF5NH,,,,,35.0
B075ZV5TBT,,,,,309.0
B075ZV7YMR,,,10.0,,
B075ZZ3NKL,,,98.0,98.0,98.0
B076127ZSG,,,,23.0,
B0761FSJ58,,,,,21.0
B0761FXQTW,,,7.0,,
B0761H3C4Q,65.0,65.0,,,65.0
B0761QNXZT,,,,17.0,
B0761SNL7S,,,,,29.0
B0761T4Y5S,,,,,29.0
B0761T9JK4,,,,,29.0
B0761TLN9N,,,,,37.0
B076218LP8,137.0,137.0,137.0,137.0,137.0
B07622L4NV,,,,,2.0
B0762FKZBS,190.0,190.0,,190.0,190.0
B0762R1BPF,,,3.0,,
B0763GFBKN,1190.0,,1190.0,1190.0,1190.0
B07642MJRP,,,,,32.0
B0764H4RRT,,,,,105.0
B0764K52RY,,,,5.0,
B0765XNN5K,,,525.0,,
B0765XQ3LL,,,,,525.0
B0765YGYVY,,970.0,,,970.0
B076633QV2,,,,,5.0
B0767H9718,,,,103.0,
B0767LP1KB,264.0,264.0,,,264.0
B0767LZCTH,,,,,64.0
B0767ZV913,,,,155.0,155.0
B07687YFDR,,,,1017.0,
B0768Q7FHG,11.0,,,11.0,
B0768YW7HS,149.0,,149.0,,149.0
B07692PMHF,75.0,,,75.0,75.0
B0769DFNN2,1150.0,1150.0,1150.0,1150.0,1150.0
B0769MKZWT,3891.0,3891.0,3891.0,3891.0,3891.0
B076B38CW7,,,,33.0,33.0
B076B61MDY,52.0,,,,52.0
B076B9745Z,,42.0,,42.0,42.0
B076BKSWKC,,,,,20.0
B076BLTC54,,,221.0,221.0,221.0
B076BMBS52,,,,,237.0
B076BMQ7FF,,,,,132.0
B076BX2GT1,,,,,1.0
B076BXL2DG,,,,,134.0
B076BZ9L3T,,,135.0,,
B076C2Y7JG,,,,,29.0
B076CKGDY3,,,,,2.0
B076D44RCJ,256.0,,,256.0,
B076DGK47Y,,,,,19.0
B076DHQ1JF,128.0,128.0,,,128.0
B076DK2YTR,3.0,,,,
B076DVXY6M,,,,220.0,220.0
B076F92728,,227.0,,,227.0
B076FDB7JH,,,,,2.0
B076FGM44K,,,,,40.0
B076FM6VS1,,,,,25.0
B076GDPGPM,,,,,5.0
B076GF31VN,,,,244.0,244.0
B076GH1DQ9,,,,,8.0
B076GNY9SP,,,,,102.0
B076GW1JVJ,787.0,,,787.0,787.0
B076GXNKG7,,,,,83.0
B076GY5BDB,,,1.0,,
B076GYZJ48,,,74.0,74.0,74.0
B076H27XJT,,,,,5.0
B076H3JC65,,,,,103.0
B076H82HM7,1406.0,1406.0,1406.0,1406.0,1406.0
B076HG73SV,,,,,2.0
B076HG9GJL,,,,,340.0
B076HGV867,,,,,340.0
B076HHDB51,,,,,340.0
B076HHSJRV,11.0,,,11.0,11.0
B076HL6G44,,,,,12.0
B076HLCM4S,,,,,237.0
B076HMWRV3,,,,,20.0
B076HR24B7,,,,,36.0
B076J3WXVG,96.0,,,,96.0
B076J5FX3P,,,,,669.0
B076JBRRVQ,,,,,3.0
B076JW21NL,,2.0,,,
B076JZSJ77,219.0,,,,219.0
B076K44FQ6,,,28.0,28.0,28.0
B076KLXP67,55.0,55.0,55.0,55.0,
B076KRG2T2,759.0,,,759.0,759.0
B076KSH9LR,15.0,,,,15.0
B076M4YG6Z,,,,,9.0
B076MFY3NR,,,,,2.0
B076MLQ63S,,,,160.0,
B076MSXS8M,,,,76.0,
B076MZY88J,,,,208.0,208.0
B076N1LJDT,,,,,54.0
B076N3Y5YW,,,,,12.0
B076N6745G,187.0,,,187.0,187.0
B076N6Y2ZH,1.0,,,,
B076NMP1VB,788.0,788.0,788.0,788.0,788.0
B076NVJ8YG,,,,,2.0
B076P5S1B3,,,1003.0,,1003.0
B076P5XKT4,,,,102.0,102.0
B076P73374,,186.0,,,186.0
B076P9MGJY,,,,,41.0
B076PPFF1Z,,,,,7.0
B076PZHNHL,,,319.0,319.0,319.0
B076Q21VHF,,,,,10.0
B076Q3V4FW,83.0,,,,
B076Q3YF6N,,,,,83.0
B076Q54ZBK,,,,,83.0
B076Q7QCCX,,,,,247.0
B076S24M2N,15.0,,15.0,15.0,
B076S68KHX,,,,,396.0
B076SCLCXD,2206.0,2206.0,2206.0,2206.0,2206.0
B076SQB25V,211.0,,,,
B076T327HL,,,169.0,,169.0
B076T6RGD7,,,,,2.0
B076V6CPZJ,9.0,,,,
B076V98XGV,,,,,6.0
B076VKCS1S,,,,,13.0
B076VL37F7,,,,,1.0
B076VNF7TL,,,,7.0,
B076VP8BDD,,,,,5.0
B076X41BSN,,,,39.0,39.0
B076XBDLVF,,,,,8.0
B076XMHZJQ,,,152.0,152.0,152.0
B076XR5PNZ,,,50.0,,
B076XS5TVW,,,,21.0,21.0
B076XTJFPY,18587.0,18587.0,18587.0,18587.0,18587.0
B076XYD12S,,,24.0,,24.0
B076Y3115S,,6.0,,,
B076Y878PZ,,,,,67.0
B076Y8NC6D,,,,,67.0
B076Y9ZC6W,,62.0,62.0,,62.0
B076Z6TXWD,,,,,4.0
B076Z6Z3G4,,,25.0,,25.0
B076ZT8STR,,,,,17.0
B0771BSXWS,1079.0,1079.0,1079.0,1079.0,1079.0
B0771L73S5,,,,,34.0
B0771NRQ59,,,,,69.0
B0771PQBD1,,,,,76.0
B0771Q475V,,,,42.0,
B0771QGPKC,,,,586.0,586.0
B0771SCSLX,,,,,15.0
B0771SWWXV,,,,37.0,37.0
B0772576XR,,,,,124.0
B0772CRTTD,2014.0,2014.0,,2014.0,2014.0
B0772K9NWZ,,,220.0,,220.0
B0772VGK4S,,,,3141.0,3141.0
B07731Z9J6,,,3141.0,3141.0,3141.0
B07737NTK6,,,3141.0,3141.0,3141.0
B0773D5QPR,,,83.0,83.0,83.0
B0773G2LXK,,,,18.0,18.0
B0773MF93Q,,,,,12.0
B0773MLQ7G,,,,,27.0
B0773NTDNV,,287.0,,287.0,287.0
B0773PJ12H,,,,,1.0
B0773PWXJ7,,,,1109.0,1109.0
B0773Q42FW,,189.0,,189.0,189.0
B077411CJF,77.0,77.0,,77.0,77.0
B077412SZK,,,644.0,644.0,644.0
B07746T8BQ,,,58.0,58.0,58.0
B0774G2Y63,,,,,17.0
B0774VHYQ8,8.0,,,,8.0
B077518STX,,,1483.0,1483.0,1483.0
B0775P7J8K,,,,,9.0
B0775S55J4,,,,,8.0
B077643B8M,,,,,53.0
B07764CW31,,,3.0,,
B0776JVG7R,1.0,,,,
B0776V2YGW,,1.0,,,
B0776ZJVX5,,,,213.0,213.0
B0777CRHC5,,23.0,,23.0,
B0777HM2YR,221.0,221.0,221.0,221.0,221.0
B0777JNYGH,,,3.0,,
B0777KSDQ7,,,34.0,,34.0
B0777N9N11,,,12.0,,
B0777TQB3T,,,31.0,,31.0
B0777VR6J5,,,,,1.0
B0777Z3ZTY,,,,,1.0
B07788YBGB,,,,,17.0
B0778BP4T1,43.0,43.0,,43.0,43.0
B0778G4F4D,,,,220.0,
B0778HNKFS,77.0,,77.0,,77.0
B0778M3D4R,36.0,,,36.0,36.0
B0778VQZ6G,,,184.0,184.0,184.0
B07791W56K,,,880.0,880.0,880.0
B07798NGF2,162.0,,162.0,162.0,162.0
B07799N954,6264.0,6264.0,6264.0,6264.0,6264.0
B07799TXDL,,,,,3.0
B0779NNSZ3,,,,,39.0
B0779QJKNP,,,,,231.0
B077B5HH1B,,,,254.0,254.0
B077B7L3R7,46.0,,,,46.0
B077B8D1KR,,,,,15.0
B077BQXV38,,,4.0,,
B077CCPWM4,,,,,39.0
B077CYRV4S,,,,,31.0
B077D2HWHB,,,170.0,,170.0
B077D2XS8N,,,,,1.0
B077D45ZQL,1.0,,,,
B077D4BSDT,,,,,24.0
B077D6CZNS,,,,,24.0
B077DCYRH1,,,,,4.0
B077G9B4Z3,133.0,,133.0,133.0,133.0
B077G9VZXY,,,,,49.0
B077GBKBH7,,,,,15.0
B077GHWX96,,,,,189.0
B077GK9HGG,,,,,185.0
B077GLF4W8,,,,,185.0
B077GMQBCD,,,,,52.0
B077GQ3GNF,,,152.0,152.0,152.0
B077GRDSGT,38.0,,,,38.0
B077GY53L3,,,73.0,,
B077GY59S7,,,,,4.0
B077H1873J,,,,,220.0
B077H83WL6,,,1135.0,,1135.0
B077HL54KM,,106.0,,,106.0
B077HLM7FS,,,,,28.0
B077JF8JXB,,248.0,,,248.0
B077JLPPSW,,,,,4.0
B077JX88CY,,,,,1.0
B077JXX19F,,,,,2.0
B077K6N65W,2.0,,,,
B077K846J3,,,,,3.0
B077KDCL78,,,,,1.0
B077KG42BB,,7.0,,,
B077KN28PL,,,,,237.0
B077L1W3ML,,,,,13.0
B077L1ZXFK,,,,284.0,284.0
B077L25KCQ,,,356.0,356.0,356.0
B077L4NC6B,,,11.0,,
B077L57R74,,,30.0,30.0,30.0
B077LJ8XQN,,,,,4.0
B077LVBY87,,7.0,,,7.0
B077M6XWYR,,,,,24.0
B077M7CPPS,,,,,672.0
B077MH7LM1,189.0,,,,189.0
B077MHLZLP,,,,10.0,
B077MHZTWY,,,,,149.0
B077MLKVM2,,,,,203.0
B077MXLP91,,,,,4.0
B077N1QR37,,,,,142.0
B077N66DGN,,,,,7.0
B077N7TDSS,,85.0,,,85.0
B077NJSQ3R,,,,,1797.0
B077NVK9G2,,,,34.0,34.0
B077NW635K,,,,,27.0
B077NXY9PL,,,,,290.0
B077P2X3VY,,,1018.0,,
B077P5QRJY,,,,,870.0
B077P8CVY5,,180.0,,180.0,180.0
B077PCNSBX,870.0,870.0,,870.0,870.0
B077PNFVM1,,,,,31.0
B077PR6MVX,,,,5.0,5.0
B077PXXPCT,,,,,33.0
B077QGTY6T,,,,,45.0
B077QT1QSG,,,,,5.0
B077QZG313,,,,50.0,
B077R7FT6Z,,,,21.0,21.0
B077R87YTH,106.0,,106.0,106.0,106.0
B077R99QF7,,145.0,145.0,145.0,145.0
B077RTJ9CS,,,,,5.0
B077RXZBQ1,,,,,5.0
B077SCQPS6,17.0,,,,17.0
B077SGFP59,,,,,57.0
B077SN3XDK,,,,19.0,
B077SN8V2C,,,,,22.0
B077SWF8D8,,5.0,,,
B077SZ3B6C,,,692.0,692.0,692.0
B077SZYR3R,,6954.0,6954.0,6954.0,6954.0
B077TQC3QD,,,,19.0,
B077TVRT4V,,,,1297.0,
B077V6Q6DQ,,,66.0,,66.0
B077VB1LLN,26.0,,,,
B077VLLFP8,,,,,38.0
B077VLWKKH,,,,,38.0
B077VWXB26,,,,,5.0
B077W7CP55,,,,,44.0
B077W8Q2Z6,,,,,75.0
B077WDYJ91,,,,80.0,80.0
B077WDYJGH,,,,,26.0
B077X6DZYG,504.0,,504.0,504.0,504.0
B077XD5WZB,382.0,,,,382.0
B077XT285M,,707.0,,707.0,
B077XV4JYK,,,,337.0,337.0
B077YJ8YKL,143.0,,143.0,,143.0
B077YVXCML,,,,,77.0
B077YWHHXB,,,,,20.0
B077Z6LH8Y,,,,,317.0
B077Z7W7HS,,,1.0,,
B077Z9BCXR,,,322.0,,322.0
B077ZDZHNT,,,845.0,845.0,845.0
B077ZF9HNX,,,,,2167.0
B077ZGDLFZ,,,,,11.0
B077ZGS3QB,,,,,322.0
B077ZJX71Z,322.0,,,,322.0
B077ZJX721,128.0,,128.0,,128.0
B077ZLG2LH,,,,68.0,68.0
B077ZLXN5M,,,,322.0,322.0
B077ZM3S2N,,,,,322.0
B077ZMR9CN,,,133.0,,133.0
B077ZTDS8S,,,,,16.0
B077ZVDWM6,615.0,615.0,,,615.0
B077ZVDXG8,,396.0,396.0,,396.0
B07816RV5T,,,,29.0,
B0782382MT,,,,,82.0
B0782LPKJH,,,,561.0,561.0
B078311JLB,,81.0,,81.0,81.0
B0783BD4KP,,,,,6.0
B0784522JH,,,,49.0,49.0
B07848HP3Q,,,,,17.0
B0785TVC64,,,,,23.0
B0785W31NL,192.0,,,,192.0
B0786KBM64,340.0,,,340.0,340.0
B0786VVQ37,,,5.0,,
B0786W6334,,,,,13.0
B07872KVHZ,,,,,14.0
B0787KRLGT,,,,,133.0
B0787PPFM2,1.0,,,,
B0787TP66Q,,,9.0,,
B0787VMW7Z,,,,,113.0
B07885F97G,,,1.0,,
B0788HCRDT,32.0,,,,32.0
B0788K28VD,,,,,26.0
B0788N24G1,,,,,19.0
B0788Q92ZX,,,,2721.0,2721.0
B0788XGRKY,,,,18.0,
B07893JMZS,,,,,40.0
B078972JVV,2.0,,,,
B07897T25V,,,,,3.0
B0789L5PRG,,,,494.0,494.0
B0789Q4R2T,,,,,7.0
B0789V58TC,,,,,12.0
B078B5N4DD,,,,3660.0,
B078BBLMDW,,17.0,,,
B078BFZPZS,,,,,12.0
B078BP98RD,1227.0,,1227.0,1227.0,1227.0
B078C6QBH8,,,47.0,,47.0
B078GFG63J,,,,,927.0
B078GH6SCM,,,,,23.0
B078GM1YXP,,,,11.0,
B078GSCJ9P,,,,,15.0
B078GWRC1H,170.0,,,,170.0
B078H21ZGS,239.0,,239.0,,239.0
B078H653DL,,,,,761.0
B078H9HKTC,,,,3.0,
B078HBG3NF,,,,,499.0
B078HC7QVF,31.0,,31.0,,
B078HDK3L2,,10.0,,,
B078HJ1RWV,,,,,6.0
B078HL962Q,,260.0,,260.0,260.0
B078HMHKB4,,,,34.0,34.0
B078HPCHMZ,237.0,,,,237.0
B078HPRYZ7,,,95.0,,
B078HX8QPT,,,,,17.0
B078HXSFG8,175.0,,,,175.0
B078HY8QMD,,,,,41.0
B078J2VN2N,141.0,141.0,,141.0,141.0
B078J3YXY2,,,99.0,,99.0
B078J7K2H5,,,,205.0,205.0
B078JH4Z3K,,,,,20.0
B078JTCMVY,,,,,14.0
B078JTMXTY,,,257.0,257.0,257.0
B078JV151S,,,,,20.0
B078JW8QHS,,,,20.0,
B078JX555G,,,,20.0,
B078JX6CZV,,,,,7.0
B078K3SRYM,,,,,76.0
B078K4F7QC,,,,,13.0
B078KFQQRV,,362.0,,362.0,362.0
B078KGC9WV,,,,,17.0
B078KM2H16,,,264.0,264.0,264.0
B078KMSYM3,,,,,35.0
B078KSBLPV,,,,,9.0
B078KT91T9,,,,15.0,15.0
B078KXSFSZ,,,,,6.0
B078L8VR3Z,,,,,68.0
B078M1NDR9,,,58.0,,58.0
B078M3XMQL,73.0,,,,73.0
B078MB2623,,,,,785.0
B078MC3WGG,,,,,31.0
B078MFMB4N,,,27.0,,
B078MXLFZZ,653.0,653.0,653.0,653.0,653.0
B078N4FWCK,,,,,29.0
B078N92GX9,,,,,95.0
B078NFF1V6,60.0,60.0,,60.0,
B078NGVQW7,,,,,116.0
B078NPW3F8,,,,,351.0
B078NQWSL4,,,,642.0,642.0
B078NT4JHK,,,,,4.0
B078NVL8HJ,,,,,2.0
B078P14TG1,,,,1.0,
B078P6ZQFS,,12.0,,12.0,12.0
B078P8TT4F,,,,5.0,
B078PB4D63,6.0,,6.0,,
B078PCGC38,,,,,7.0
B078PCQ8B2,1137.0,,1137.0,,1137.0
B078PF1BST,,1137.0,,,1137.0
B078PF1ZLC,1137.0,,1137.0,1137.0,1137.0
B078PR8FN8,,,,,8.0
B078Q4G9V2,,,,,1.0
B078Q4H4MH,,,439.0,439.0,439.0
B078Q4JGX6,131.0,,131.0,131.0,131.0
B078Q6TQG8,,,,,12.0
B078QJHW7L,,87.0,,87.0,87.0
B078QYGFY8,,126.0,,126.0,126.0
B078R4KXM5,,,447.0,,447.0
B078RFL4WQ,,,,257.0,257.0
B078RLJ5HP,,,30.0,30.0,
B078RR4KJL,72.0,,,,
B078RT7QBK,68.0,,,,68.0
B078S29Z8J,789.0,,789.0,789.0,789.0
B078SHC3DS,,,,,176.0
B078SSSGXD,,,,,24.0
B078SWYPZ6,89.0,,,89.0,89.0
B078SY6BGH,,62.0,,62.0,62.0
B078T69QP6,,,,,8.0
B078T6PY54,20.0,,,20.0,20.0
B078T7HP5H,,,,,8.0
B078TDJCR1,,,,116.0,116.0
B078TFSNLM,,,,,111.0
B078TFT4XV,,12.0,,,12.0
B078TGGG8D,,,,,12.0
B078TGVK4M,,,34.0,,34.0
B078TMZPZP,10.0,,,,
B078TR9XZ8,,48.0,,,48.0
B078V5RY43,,,,193.0,193.0
B078VXG9T9,,,,,63.0
B078W138WC,,,,,1049.0
B078W2DLYZ,,,,,1049.0
B078WKFHS5,,,,,15.0
B078WYMKHB,28.0,,,,
B078X7FT45,,,,,1.0
B078X87V3L,,,,2721.0,2721.0
B078X8KC9T,,,,20.0,
B078XB2KKL,195.0,195.0,195.0,195.0,195.0
B078XBHC2V,,,,,18.0
B078XFF77F,,,,,15.0
B078XLBC7J,,,,,38.0
B078XLYPLQ,,,,276.0,276.0
B078XNTHJ3,,563.0,563.0,563.0,563.0
B078XY4JC2,,,28.0,,
B078Y3H1HQ,,,,,47.0
B078YGZS67,,,,,51.0
B078Z69BBF,,,935.0,935.0,935.0
B078ZGM8LX,328.0,328.0,328.0,328.0,328.0
B078ZPT627,,,112.0,112.0,112.0
B078ZPWPP5,,,30.0,,
B078ZXL6TX,,,,,84.0
B078ZXS5NG,,,,,3.0
B0791J1VRL,,,,,19.0
B0791JLF9X,172.0,,,172.0,172.0
B0791YNW4Y,83.0,,,,83.0
B07922GV51,449.0,449.0,449.0,449.0,449.0
B07922WT6L,,,131.0,,131.0
B0792JKZL8,,,236.0,,236.0
B0792KBYSL,,,,99.0,
B0792PQ98B,,,,,283.0
B0792QHWJ4,,,,,90.0
B0792SVF54,753.0,,,753.0,753.0
B0792V998V,53.0,,,,53.0
B0792ZG1LV,305.0,,,305.0,305.0
B0792ZTM1L,,305.0,,,305.0
B0792ZVKXZ,,,,,305.0
B079317P47,305.0,305.0,,,305.0
B079318KYF,305.0,305.0,,305.0,305.0
B07931CYB6,,,,,23.0
B07931F3M7,305.0,,305.0,,305.0
B07931HPLB,,305.0,305.0,,305.0
B07931HTHT,,305.0,305.0,,305.0
B079329KXH,,,,,305.0
B079379PJJ,,2601.0,,,2601.0
B07938VPPH,,213.0,,,213.0
B0793DGRM3,,,,,2601.0
B0793FB737,,,,2601.0,2601.0
B0793FBPQ2,,,,2601.0,2601.0
B0793FBZ5P,,,,,2601.0
B0793FCG66,,2601.0,,,
B0793FCVV3,,,,,2601.0
B0793FD6GF,,,,,2601.0
B0793FNZ49,,,,,2601.0
B0793FPLNQ,,,,,2601.0
B0793G9NZQ,,,,,2601.0
B0793GS44B,,2601.0,,2601.0,2601.0
B0793GS8QF,,,,,2601.0
B0793GT6ZD,,2601.0,,,
B0793H2TG5,,,2601.0,,
B0793H2TG7,,,2601.0,,
B0793HNCKR,,,,,2601.0
B0793HNSMJ,2601.0,,,2601.0,2601.0
B0793HPF1S,,34.0,,34.0,34.0
B0793HQT7Z,,,,,2601.0
B0793JSL82,,,,,2601.0
B0793KCKBK,,,2601.0,,2601.0
B0793M7QXD,2601.0,,,,2601.0
B0793M7QXF,,2601.0,,,
B0793P98MW,6683.0,,6683.0,6683.0,
B0793PT6SP,,,,,2601.0
B07941HG98,,86.0,86.0,86.0,86.0
B0794MY2XQ,,,39.0,39.0,
B0794YFC9F,,,,,525.0
B0794YTJPP,,,,,133.0
B079575D1G,,,,,7.0
B0795P32JF,,,,586.0,586.0
B07963HF7B,,,,20.0,20.0
B0796468N4,,,,,23.0
B07967R9GK,1136.0,1136.0,1136.0,1136.0,1136.0
B0796GVPG5,,,91.0,91.0,91.0
B0796MD67Q,,51.0,,,
B0796SL4QB,,,22.0,,
B0796XWY8L,,,,,40.0
B0797DNF1N,,25.0,,,
B0797HRNFZ,,,,27.0,27.0
B0797M7WZ5,,,,,3.0
B0797NBGJ4,,,,,208.0
B0797QX2NJ,,,,,3.0
B0797RCNZP,,,,,34.0
B0797VLHJT,,,,6.0,
B07984CSJS,,,,,7.0
B0798J165Y,,,,29.0,29.0
B07994F56M,,,4.0,,4.0
B079995BQK,,,,,4.0
B0799DVSGR,,,,,14.0
B0799HDPLN,,,,,9.0
B0799J9K2D,,,,,4.0
B0799RKR1V,300.0,,,300.0,300.0
B0799T26BL,,,,,1.0
B0799X751B,,,,,35.0
B0799ZJLJ7,90.0,,90.0,,90.0
B079B83ZR2,110.0,110.0,,110.0,110.0
B079B8RZ8Y,,,,,40.0
B079BCMNPS,,,,,40.0
B079BFD5RT,,34.0,,,
B079C58LGB,,,,,24.0
B079CBQ11K,,,,,5.0
B079CC3NSG,,,,,341.0
B079CC7B4T,,,,,47.0
B079CFLJK2,,,,,43.0
B079CFT55L,,,6.0,,
B079CJCSD9,,,,,4.0
B079CMT8MV,,,,368.0,368.0
B079CN61VT,,,,,62.0
B079CNFJFS,,,,,11.0
B079CP16FH,,,,,19.0
B079D2HZGG,,,57.0,,57.0
B079DXF17H,54.0,54.0,54.0,54.0,54.0
B079FJ676P,,526.0,526.0,526.0,526.0
B079FLJ8SD,,,,,8.0
B079FPPTQ3,,,,8.0,
B079FWFND5,,616.0,616.0,616.0,616.0
B079G6SP74,,,,,1.0
B079G9HG6R,,,,6.0,
B079GPYCQY,25.0,,,,25.0
B079H3L9TC,,,,,36.0
B079H45MV6,91.0,,91.0,,91.0
B079H4NM9H,,,,,2.0
B079HDPHGX,,,,,22.0
B079HFBYPQ,,,,,107.0
B079HFVKMJ,,,21.0,,
B079HH49SR,58.0,,,,58.0
B079HN5655,,,,82.0,82.0
B079HXJHZ5,4.0,,,,
B079J79FZY,62.0,,,,62.0
B079JS833G,,,,,231.0
B079JXJ5PJ,22.0,,,,22.0
B079K5VFTP,14387.0,14387.0,14387.0,14387.0,14387.0
B079K8TLSD,,,,,99.0
B079KVDHJD,6.0,,,,
B079KY9XNS,,,,,5.0
B079L4FDMD,,,,,22.0
B079L53MVX,,,,,5.0
B079L5PYBR,,,,,82.0
B079LWPNCP,,,,,5.0
B079LZG7ZQ,,,,15.0,15.0
B079M2LT9M,,,,,17.0
B079M32Y25,,,,,3.0
B079M6ZSW8,,,,,14.0
B079M99DTR,,,,,2.0
B079MB4S58,,,,498.0,498.0
B079MCSJK9,,,,,1.0
B079MGH6Q7,100.0,,,,100.0
B079MHLF3Z,769.0,769.0,769.0,769.0,769.0
B079N3Q9CJ,,,57.0,,57.0
B079N7SD3K,,,,,554.0
B079N9GSQZ,,,,4.0,
B079NM7JHR,,,38.0,,
B079NPGMXX,,,,,45.0
B079NYG3L2,31.0,,,,31.0
B079P35Z5Z,,,,8.0,
B079P3DN5W,,,,3.0,
B079P8P9HZ,,,,,19.0
B079PCJSCC,,,,2510.0,2510.0
B079PJTWWM,,8.0,,8.0,
B079PNYJWX,2510.0,,,2510.0,2510.0
B079PPW9Y9,,,,146.0,146.0
B079PS8L6Y,,,,,23.0
B079Q3XK9M,,,,2.0,
B079QFQLPY,,,6.0,,
B079QFT6C7,,,,,54.0
B079QH6N2N,,,,,2.0
B079QJLRSS,,,2.0,,
B079QJLY8J,,,,,54.0
B079QL86GT,238.0,238.0,238.0,238.0,238.0
B079QN76PV,152.0,,,,152.0
B079QY91FR,,,,,37.0
B079RLZSYL,1567.0,1567.0,1567.0,1567.0,1567.0
B079S1MYGN,,,,,867.0
B079SMSSWN,,,,,73.0
B079SNH8ZJ,,,,,1.0
B079SQZFNH,74.0,,,,74.0
B079SSSH48,,,,,1.0
B079SYG55F,,,,,26.0
B079T2PKC2,,11.0,,,11.0
B079TV1S1R,2001.0,2001.0,2001.0,2001.0,2001.0
B079V1239T,,,,,12.0
B079V1B8VT,,,,12.0,
B079V1Z5PX,,39.0,,39.0,39.0
B079V2T3VL,,,,,12.0
B079V5TXNQ,,,,,61.0
B079V86NMW,,,,,322.0
B079VVHJWJ,114.0,,,,114.0
B079VWBWJF,,,,,14.0
B079VXT536,,,,,303.0
B079W7K2L6,,,,,73.0
B079WCNNBW,,,,,99.0
B079WNR674,,,,,1.0
B079WQVWLT,,,,,102.0
B079WQW1FM,,,,26.0,
B079XDQMXZ,,,,,5.0
B079Y55V1R,,,,,90.0
B079Y7KL92,,,,,25.0
B079YGTX4J,,,,,171.0
B079YP2CRW,,,,31.0,
B079YVZGM9,72.0,,,,72.0
B079Z9SMGV,,,,,7.0
B079ZRF3FR,,,,,38.0
B07B26CT63,,,25.0,,
B07B26MQ3N,,,,,4.0
B07B2PWX33,1177.0,,,,1177.0
B07B2RT2GJ,,,7.0,,
B07B3G8XFM,,,,,92.0
B07B3XMRGZ,,,,,3.0
B07B3XVTKG,5.0,,,,
B07B3Y9VPH,,,,,31.0
B07B41L5DG,,,,,6.0
B07B43JKCB,,,41.0,,41.0
B07B472J41,,,,,29.0
B07B496P6L,,,17.0,,17.0
B07B4BK8YG,,1.0,,,
B07B4LJB98,,,231.0,231.0,231.0
B07B4VZDPR,3.0,,,,
B07B4WQHQY,,,,,38.0
B07B4X488L,184.0,184.0,184.0,,184.0
B07B5D6JZF,,,,,3.0
B07B5HRNQP,168.0,168.0,,,
B07B63M67L,,,,,5.0
B07B6B87S7,,21.0,,,
B07B6BFMPC,,,,,15.0
B07B6BKCWN,,,,,13.0
B07B6C9M2F,,,,,6.0
B07B6CTSTN,,,,,107.0
B07B6D4KVK,,,87.0,,87.0
B07B6K134G,,,,,9.0
B07B6RK31Y,17.0,,,,
B07B7G1QT5,,,12.0,,12.0
B07B7J7TG1,,,,,436.0
B07B7JPJ62,,,,436.0,436.0
B07B7JZDRY,,,,3.0,
B07B7N9BSQ,,,,262.0,262.0
B07B87B523,,,,,286.0
B07B89MVBF,,,,,12.0
B07B89YFFS,,25.0,,,25.0
B07B8FGKTS,,,35.0,,35.0
B07B8W1G3K,,3193.0,3193.0,3193.0,3193.0
B07B91TMWR,,,,,23.0
B07B92HTKN,1306.0,1306.0,,1306.0,1306.0
B07B95PNC3,47.0,,,,
B07B9LLB2J,,,,,80.0
B07B9QRY46,,,,,154.0
B07B9S31CH,,,,,52.0
B07B9ZXBWD,,,,,42.0
B07BB2LFN8,,,,,10.0
B07BB4MDLT,,,,,48.0
B07BB4S6J2,,,,,8.0
B07BB66N23,,,,668.0,668.0
B07BBD1RWL,,,,,10.0
B07BBJQ1CY,22.0,,,,
B07BBKW1TD,151.0,,,,151.0
B07BBLBSM6,,652.0,652.0,652.0,652.0
B07BBYDV3N,,,,,18.0
B07BCBWYSS,1065.0,,1065.0,,1065.0
B07BCZ2ZTN,,,,,250.0
B07BD1786D,,,,,250.0
B07BD4GK6H,,,,,38.0
B07BD4NQW9,,,184.0,,184.0
B07BDDLQCS,,,23.0,,
B07BDFQYBW,,,,,4.0
B07BDJ5LWG,,,,,202.0
B07BDKPM64,,,,,6.0
B07BDKPV72,,,,28.0,
B07BDNGNT1,,,,,1.0
B07BDNRMJT,,,,282.0,282.0
B07BDPGDP9,,,,,89.0
B07BF2HD15,,,,,69.0
B07BF7J3HG,250.0,250.0,,,250.0
B07BFCB7GQ,,,17.0,,
B07BFDHP17,854.0,854.0,,854.0,854.0
B07BFMKV23,323.0,323.0,323.0,323.0,323.0
B07BFPYMV5,264.0,,,,
B07BFQXWS6,22.0,,,,
B07BG53R4Y,,108.0,,,
B07BGHQJWC,,,,,38.0
B07BGRZ4QM,,,,,46.0
B07BGTFHTQ,,,,,3.0
B07BGTK1CR,,,,,7.0
B07BGVPXLS,,,119.0,119.0,119.0
B07BGWJWF6,,,,,7.0
B07BGXS2VB,,,,,300.0
B07BGYKCNK,,,,,300.0
B07BGZ4LGG,,,,,300.0
B07BH2KG24,18.0,18.0,,,18.0
B07BH5937V,,,,,80.0
B07BHCNPC3,,6.0,,,
B07BHCNRFG,,10.0,,,10.0
B07BHK1KBM,,,,,114.0
B07BHKF7BM,,,,,2240.0
B07BHLXJM8,,,505.0,,505.0
B07BHMHZRX,,505.0,,,505.0
B07BHMK4M3,,,12.0,12.0,
B07BHSBPDC,254.0,254.0,254.0,254.0,254.0
B07BHVL22C,,,76.0,76.0,76.0
B07BHVL3V7,,,,,66.0
B07BHZ4KMG,,,228.0,,228.0
B07BJ1P34S,,,,,59.0
B07BJ2N449,,,,,7.0
B07BJ4YS5N,,2.0,,2.0,
B07BJ63BP2,,,,,398.0
B07BJF6HZZ,,,,,1.0
B07BJFMNRL,,,,94.0,
B07BJL9DM4,10.0,,,,
B07BJNGDZT,,,,1240.0,1240.0
B07BJWQW1C,,,,1576.0,1576.0
B07BJXMJN6,,,,,9.0
B07BJY9DC1,,,,,1576.0
B07BJYRZPJ,13.0,13.0,,,
B07BJYWYS1,1576.0,,1576.0,1576.0,1576.0
B07BK2NNK9,21.0,21.0,,,21.0
B07BK6S8GT,,,,,43.0
B07BK88BSH,57.0,,57.0,,57.0
B07BKCJFPH,307.0,307.0,,307.0,307.0
B07BKQM9TG,,,,1576.0,
B07BKTXM4M,,,,,26.0
B07BL2T15Q,8.0,,,,
B07BL5VNVN,,,,,12.0
B07BLKWBP6,,171.0,171.0,171.0,171.0
B07BLL37TY,,,,,7.0
B07BLS4CQG,351.0,351.0,351.0,351.0,351.0
B07BLWY76V,,,,,33.0
B07BMX5C7Q,,,,131.0,131.0
B07BMYN1C6,22.0,,,,22.0
B07BN3KLHY,,,,,15.0
B07BN86P22,,,,,83.0
B07BNBXMBV,,,,,2.0
B07BNCZ1R4,,,,,1.0
B07BNDLTCQ,36.0,,,36.0,36.0
B07BNSXBY4,,,,231.0,231.0
B07BNWZGTM,,,,47.0,
B07BNX2GLN,,,,,10.0
B07BNZJ6JX,,,,,340.0
B07BNZYRNC,,,143.0,143.0,143.0
B07BP1LCFN,,,,,55.0
B07BP2DT36,,,,143.0,143.0
B07BPCZTMD,,,,,64.0
B07BPVCM4K,,,,,4.0
B07BQFR2CX,,,,,8.0
B07BQHBK45,,153.0,153.0,,
B07BQPDZ61,247.0,247.0,247.0,247.0,247.0
B07BQYVBW2,,,2.0,,
B07BQZ742C,,,,,194.0
B07BR12KDQ,130.0,,130.0,,130.0
B07BR2D2F7,5.0,,,,
B07BRGGTV4,,,,30.0,30.0
B07BRR6PWC,432.0,432.0,432.0,432.0,432.0
B07BRSSM9C,,,,,8.0
B07BS1WLSY,328.0,328.0,,,328.0
B07BS56F39,465.0,,465.0,465.0,465.0
B07BS6JR6L,,,,,72.0
B07BS6VJBM,,,,22.0,22.0
B07BS7MYZR,,,,,2.0
B07BS8S86H,,,,12.0,12.0
B07BS9H956,,,,,94.0
B07BSKDNKK,,,,,125.0
B07BSTQZWB,,,212.0,,212.0
B07BSWZQCC,,,,,63.0
B07BSX91S1,,,,,8.0
B07BT6WKL7,,,,,32.0
B07BTK7KZ7,,,,,111.0
B07BTS5GB4,,,,,1.0
B07BTW5Y1T,13.0,,,13.0,13.0
B07BTWVHK7,,,,,18.0
B07BTYJ3JG,56.0,,,,
B07BV2SCXR,,,,36.0,36.0
B07BV4C2Q2,,,45.0,,45.0
B07BVBH196,,,,,14.0
B07BVDP4TP,,,,154.0,154.0
B07BVT634C,,,,,1.0
B07BVV3VKB,,,,9379.0,9379.0
B07BVVW6S3,,,,13.0,13.0
B07BW4Y32X,33.0,,,,
B07BWH9H4C,,,,2.0,
B07BX6M89V,4.0,,,,
B07BXDY2TR,,,,,25.0
B07BXQWSHQ,,,,,56.0
B07BXR8FT7,,148.0,,,148.0
B07BXV6GNX,,,,63.0,
B07BXYWF8S,,6.0,,,
B07BY9Q1YJ,,,175.0,,175.0
B07BYCCN92,1.0,,,,
B07BYDC57R,946.0,946.0,,946.0,946.0
B07BYF8HF6,,26.0,,26.0,26.0
B07BYG7D2V,,,,,1187.0
B07BYM3LQB,,75.0,,75.0,75.0
B07BYM3VGD,222.0,,222.0,,222.0
B07BYQPNGK,,,,,47.0
B07BYZ98J3,,,17.0,,
B07C19HPYN,423.0,,,,423.0
B07C1C1S1B,,,,,12.0
B07C1P1LMN,1069.0,1069.0,1069.0,1069.0,1069.0
B07C1Q28J2,291.0,,291.0,,291.0
B07C271Z12,,,,,3.0
B07C2PB9XP,30.0,,,,
B07C2S4VND,1306.0,,,,1306.0
B07C2SSPZY,113.0,113.0,,,113.0
B07C3384WH,,,,,54.0
B07C375MKG,,,,,14.0
B07C3J46W6,14.0,,14.0,,14.0
B07C3LZ5JN,,,1.0,,
B07C3MGNQB,29.0,,,29.0,
B07C3P2MDB,,,13.0,,
B07C3YNTDF,,,,1.0,
B07C41X5W7,,,,,3.0
B07C4HDQWL,26.0,,,,
B07C4M3P2G,,,,,30.0
B07C4RSZDY,,,,,73.0
B07C57PN9B,,,,,8.0
B07C5LDX99,,,,488.0,488.0
B07C5MSMH2,,,43.0,,43.0
B07C5YXBWJ,,,,,10.0
B07C6G5L5V,,,546.0,546.0,
B07C6LGCG9,524.0,,,,524.0
B07C6ZLKVR,,,3.0,,3.0
B07C73PBBP,,30.0,,,
B07C75MMVQ,,,896.0,,896.0
B07C76GTHH,,,,,17.0
B07C76QKR5,,,896.0,,
B07C7J5PM6,,30.0,,,30.0
B07C7P61CH,,,,33.0,33.0
B07C7PM7JX,,,65.0,,65.0
B07C82W4GB,,,,,6.0
B07C83Z8M5,,,,,149.0
B07C89DKH3,1626.0,1626.0,,1626.0,1626.0
B07C89DZN3,,,,,204.0
B07C8CDYT8,,,,,1626.0
B07C8YTWW7,3.0,,,,
B07C941JMT,,516.0,516.0,516.0,516.0
B07C97CBVL,,,,,5.0
B07C97PSYP,,,175.0,175.0,175.0
B07C9SQR7P,,,,,17.0
B07CB4RCBV,,,,,48.0
B07CB7YY69,,,,,27.0
B07CBNYQ4G,,,,89.0,
B07CBTSNPP,,,,,8.0
B07CC4B928,833.0,833.0,833.0,833.0,833.0
B07CC95756,1776.0,1776.0,1776.0,1776.0,1776.0
B07CC9YTLD,,,,,8.0
B07CCJ4QSL,,,,218.0,
B07CCKXCJM,,,,,9.0
B07CCZVQ2D,,215.0,,215.0,215.0
B07CDQQT8P,,,28.0,,28.0
B07CFKPWWD,44.0,,,,
B07CG67XR6,1626.0,,1626.0,1626.0,1626.0
B07CG6LCTG,,,,,1.0
B07CGJRY29,132.0,,132.0,132.0,132.0
B07CGNTNYW,,896.0,,,896.0
B07CGPNSSZ,,,,896.0,896.0
B07CGQBD13,896.0,,,,896.0
B07CGQXP8F,,,896.0,,896.0
B07CGWCBJP,,,160.0,,
B07CH94QN9,,,38.0,,
B07CHGT2JL,,,17.0,,17.0
B07CHLPGS4,32.0,,,,32.0
B07CHPB967,,,,,13.0
B07CHTTLH2,3.0,,,,
B07CJ36QXM,,,,,7.0
B07CJ7Q8B1,1345.0,,1345.0,1345.0,1345.0
B07CJHWTQJ,87.0,87.0,,,
B07CJJV7LM,,,,26.0,26.0
B07CJK51ZV,,,517.0,,517.0
B07CJK81NG,757.0,757.0,757.0,757.0,757.0
B07CJMF12Z,,,125.0,,125.0
B07CJTTBS1,,,,,2.0
B07CJVHVWX,,,,,345.0
B07CJY9P9M,,,,,11.0
B07CK48YBG,569.0,,569.0,569.0,569.0
B07CK4B6NV,,,,,7.0
B07CKR37WJ,,,,,4.0
B07CKT4CL1,,,,,76.0
B07CL9WRQ5,,19.0,,,
B07CLGLN5N,,,,,3.0
B07CLHS6KY,324.0,,,,324.0
B07CLL6SCG,,,,,87.0
B07CMCJ337,,59.0,,,59.0
B07CMD7YKY,,142.0,,142.0,142.0
B07CMJWWRZ,9.0,,,,
B07CMKWM59,,,,27.0,27.0
B07CML1LM9,,,,190.0,190.0
B07CMLW3Y3,12.0,,,,
B07CMS4641,,,,,14.0
B07CMVRDXQ,,,251.0,251.0,251.0
B07CMW6CRX,,8.0,,,
B07CMZP1HD,,,,,131.0
B07CN78N92,,,,,22.0
B07CN9Q42T,,605.0,605.0,,605.0
B07CNLQ58J,,,,,80.0
B07CNLTHCW,936.0,936.0,936.0,936.0,936.0
B07CNLWKSV,,,,,8.0
B07CNPMJTD,,,,,7.0
B07CP3H3RV,7.0,,,,
B07CP47VQ5,,,,37.0,
B07CP8LVTS,77.0,,,,
B07CPG61JM,,,,,42.0
B07CPMPBQR,,,74.0,74.0,74.0
B07CPND314,,,,216.0,216.0
B07CPRKH1L,,,,24.0,
B07CPT5N5Q,,,,,12.0
B07CQ4S6R9,1.0,,,,
B07CQ5P56N,,,,,29.0
B07CQGRGH2,,,,,3.0
B07CQHHM68,8.0,,,,
B07CQW6CBP,23.0,,,,23.0
B07CQYRKRR,,,11.0,,
B07CR18BVG,,,,,4.0
B07CR5YL6C,,,,,13.0
B07CRGML3T,,,,,12.0
B07CRNHPZP,,,944.0,944.0,944.0
B07CRQ94W2,,,,,21.0
B07CRRRN5X,,,,,16.0
B07CSQQZ6Q,,,,24.0,24.0
B07CSTL17S,,,,,1.0
B07CSX5X55,1825.0,1825.0,1825.0,,1825.0
B07CSZDXKV,,,,,3.0
B07CT4VYXC,3033.0,3033.0,,3033.0,3033.0
B07CT8SS7W,,,,,41.0
B07CTB4LHX,264.0,,,,264.0
B07CTG6N7V,,,,,5.0
B07CTH6PZ3,,,,2.0,
B07CTKM6FG,,,,20.0,20.0
B07CTL5FVQ,,,,,16.0
B07CTT6SGW,,,,,122.0
B07CTVRT2W,,,,,12.0
B07CV6DFBV,,,,28.0,28.0
B07CV85XPZ,10.0,,10.0,,
B07CV9N7YR,,,8.0,,
B07CVBLDRH,,,,,2.0
B07CVCW8ZZ,6434.0,6434.0,6434.0,6434.0,6434.0
B07CVFYGVK,236.0,,,236.0,236.0
B07CVJ1FP5,,,,268.0,268.0
B07CVKZBN6,,,,,9.0
B07CVM7WFD,6.0,,,,
B07CVMZWLY,,,,44.0,
B07CVNQY89,,,,,3.0
B07CVQH9TC,,,,3.0,
B07CVZVCYF,,,,136.0,136.0
B07CWF45SM,,,,,52.0
B07CWS7FYP,333.0,333.0,,333.0,333.0
B07CWSCPD6,,,89.0,,89.0
B07CWSK599,,,,89.0,
B07CWSX34T,,,,,89.0
B07CX3NCQ7,,48.0,,48.0,
B07CX8WSRM,,,,,3.0
B07CX92HVN,117.0,,117.0,,117.0
B07CXP4CWM,,,,,26.0
B07CXQRWCN,,,,,26.0
B07CXSR747,,,,,23.0
B07CXW1CQX,174.0,174.0,,,
B07CXWSDD7,,,,,6.0
B07CXXJGXG,174.0,,,,174.0
B07CXYKS5S,,,38.0,,38.0
B07CY3HP99,,,,,24.0
B07CYGK1QB,58.0,58.0,58.0,,58.0
B07CYJBJH3,,,155.0,,155.0
B07CYKSCF5,,,,229.0,
B07CYPG9QH,229.0,,,,
B07CYQ7353,,,,,47.0
B07CYSQGWK,,,,16.0,
B07CYSWL8J,,,,,4.0
B07CYWKH12,,,,,10.0
B07CYX2Q3L,,,,,1.0
B07CYY8Y61,,,,,195.0
B07CYZ8F5Z,,,,,22.0
B07CZ295XR,,,,,6.0
B07CZ2Y5F6,,,,,7.0
B07CZ8Z1T3,,,,10.0,
B07CZ93LMJ,349.0,349.0,349.0,,349.0
B07CZFK25C,,,,,4.0
B07CZG1LL7,116.0,,,,116.0
B07CZGNSMN,,117.0,,,117.0
B07CZKJH9N,,,179.0,179.0,179.0
B07CZMQGQ1,,,,,31.0
B07CZSMVM1,,,564.0,564.0,564.0
B07CZVXCQF,,,,,36.0
B07CZW551V,677.0,677.0,677.0,,677.0
B07CZWNG2Z,,,,,2.0
B07CZYTTLR,,,,,8.0
B07D11ZFZW,,,,5.0,
B07D12D7LQ,,,,,292.0
B07D1356C4,,,,,6.0
B07D16P68G,,,,63.0,63.0
B07D1FY9NL,,,,,62.0
B07D1JSR1X,,,,,4.0
B07D1L71FV,,,,94.0,94.0
B07D1M3K5J,,,,4.0,
B07D1S932N,,5.0,,,
B07D24HLV2,,,27.0,,27.0
B07D28227D,,,,,3.0
B07D28YLXG,10.0,,,10.0,
B07D29SXS5,,,,,195.0
B07D2BTFDL,,723.0,,723.0,723.0
B07D2KGMM4,,,10.0,,
B07D2KPXMR,,,,,8.0
B07D2LJ6JF,,,55.0,,
B07D2WPXSK,,,120.0,120.0,120.0
B07D2ZQD9Z,,,,,271.0
B07D32L7KJ,134.0,,,,134.0
B07D33MFNV,,,,,69.0
B07D33Y3LJ,,,,,4.0
B07D35D2KC,166.0,,166.0,166.0,166.0
B07D3C83F7,,,,,31.0
B07D3FC32J,,,,,468.0
B07D3FDW6D,,,,1.0,
B07D3MLTXQ,,,,,87.0
B07D3P8HKT,166.0,,,166.0,166.0
B07D3PZQB2,3.0,,,,
B07D3SDYW6,525.0,,,525.0,525.0
B07D3XBZNY,,,,,17.0
B07D3YWMTD,,89.0,,89.0,89.0
B07D488W8D,,616.0,,616.0,616.0
B07D498TPF,,,,,616.0
B07D4BD8G4,,,,,4.0
B07D4HMSWR,,,,,137.0
B07D4HNC5J,,143.0,,,143.0
B07D4J3RFV,,137.0,,,137.0
B07D4LT9CC,,,,1393.0,1393.0
B07D4PR5N1,,,,,46.0
B07D4PXLKQ,49.0,,,,49.0
B07D54185V,,,,,5.0
B07D56N9RZ,,,109.0,,109.0
B07D58DBGM,17.0,,,,17.0
B07D58FTP6,,,815.0,815.0,815.0
B07D5DYZFP,,,,,272.0
B07D5F9TY6,,22.0,,22.0,
B07D5M8MZT,,,,,2.0
B07D5N4XRP,,,,5.0,
B07D5VN4M6,,,,324.0,324.0
B07D616GBD,,,,,52.0
B07D6H2K8G,,5.0,,,5.0
B07D6N8JBY,18.0,,,,
B07D6P8GPS,,,,,21.0
B07D6PGLQB,,,,,33.0
B07D6VJNK1,,,,,21.0
B07D6Y24W3,15253.0,,15253.0,15253.0,15253.0
B07D763Y74,,,,,11.0
B07D7GV8RS,,,,,9.0
B07D7HLDVN,,75.0,,,75.0
B07D7K6WLJ,,,,,2.0
B07D7KZM75,,,27.0,27.0,
B07D7MDZ45,,,42.0,42.0,42.0
B07D7NBWC5,338.0,338.0,,338.0,338.0
B07D7QQ524,,,210.0,,210.0
B07D7SN7WV,42.0,,,42.0,42.0
B07D7SSPYV,,,,,2.0
B07D7Y7NKY,,,,,547.0
B07D83GXLJ,,,7.0,,
B07D8D46Q3,,,,,69.0
B07D8GYRPP,153.0,153.0,,153.0,153.0
B07D8SNGTK,,,4.0,,
B07D95GRP5,,,,,42.0
B07D95W1FF,2895.0,2895.0,2895.0,2895.0,2895.0
B07D987M8Z,30.0,,30.0,,30.0
B07D9C6N8V,716.0,,,716.0,716.0
B07D9KFVV6,,,,,67.0
B07D9VKXDY,,,,,15.0
B07D9W1GSR,1.0,,,,
B07D9WCJ4Z,,,,,100.0
B07D9WHSV1,,,,,294.0
B07D9XZ9D3,,30.0,,30.0,
B07DBL652D,,,,,146.0
B07DBRW48G,,,,,9.0
B07DBXYCLS,,15.0,,,15.0
B07DC46D7N,,,,1306.0,
B07DC5C8KS,319.0,319.0,,319.0,319.0
B07DCK9KP3,,,97.0,,97.0
B07DCLRZRD,,,,,3.0
B07DCMP7DN,,1132.0,,1132.0,1132.0
B07DCNHGB9,63.0,,63.0,,63.0
B07DD348B3,,,44.0,,44.0
B07DD8P211,,,,,10.0
B07DDC3T4P,,,,,40.0
B07DDCH63F,,,,,193.0
B07DDCPZBW,,,,,4.0
B07DDCQMWQ,9.0,,,9.0,
B07DDDBCGX,,,,193.0,193.0
B07DDNTFY6,,,601.0,601.0,601.0
B07DDTRQXT,1.0,,,,
B07DDXCDBR,,,37.0,37.0,
B07DF4R34N,,,,,11.0
B07DF4TL72,,,,,117.0
B07DF5MBQB,,,,30.0,
B07DF5TPLT,6.0,,,,
B07DF5ZWLT,38.0,,38.0,,
B07DF7TYYP,,,,,27.0
B07DF7VRKC,135.0,,,,135.0
B07DF8BVV8,,,,,1.0
B07DFD8D5D,,30.0,,,
B07DFDG2J5,102.0,,,,102.0
B07DFF3777,,,242.0,,242.0
B07DFGQGNP,,,,6.0,
B07DFM295K,,,,,35.0
B07DFNG8J8,202.0,202.0,202.0,,202.0
B07DFT4TNL,18.0,,,,
B07DFVR2QB,,,295.0,295.0,295.0
B07DFY98D9,,,,,12.0
B07DG3QGKB,18.0,18.0,,,
B07DGGKKDB,,,,375.0,375.0
B07DGHS32R,,,,,3.0
B07DGLW2BC,103.0,,,,103.0
B07DGPDJPB,,,,,38.0
B07DGX35LH,,,,,7.0
B07DHF54Y4,,,,,314.0
B07DHF7362,,,314.0,314.0,314.0
B07DHFP8NX,56.0,,,,
B07DHFPGJS,,,28.0,,28.0
B07DHMSPVR,,,,,6.0
B07DHVF5X1,,35.0,,,35.0
B07DJ23BJW,,,,,1113.0
B07DJ66VK9,,,,,106.0
B07DJ686LC,,,253.0,,253.0
B07DJ7S4ZZ,,,,16.0,16.0
B07DJ8BB94,215.0,,215.0,215.0,215.0
B07DJ9DJT9,,,,,37.0
B07DJZFQSN,,,,,51.0
B07DK8BF2Z,,,,,14.0
B07DKG3JJV,182.0,,182.0,,182.0
B07DKKKW7J,,,,,21.0
B07DKPK2NH,,,,,133.0
B07DKX8QL3,,,,,1587.0
B07DKXXX7B,,,,,233.0
B07DL14FX3,99.0,,,99.0,99.0
B07DLD5TWY,,,,,17.0
B07DLFWTMY,43.0,43.0,,43.0,43.0
B07DLFZQ8W,30.0,,,,30.0
B07DLG1YXM,104.0,,,,104.0
B07DLK34X9,,,,14.0,
B07DLLRNKP,,,,,44.0
B07DLNBV42,3060.0,3060.0,3060.0,3060.0,3060.0
B07DLNYG55,,,,18.0,
B07DLPDVG7,,,,,190.0
B07DLRQFSG,54.0,,,,54.0
B07DLT6T5Q,,,,,8.0
B07DLTWS72,,,,,12.0
B07DLV7ZZT,,,,12.0,
B07DLZ3ZLQ,,,,175.0,
B07DLZTK5H,4.0,,,,
B07DM2SW5X,,,380.0,,380.0
B07DMB19Z3,,,,,55.0
B07DMCQQZ7,,,,,3.0
B07DMKK8BC,4613.0,4613.0,4613.0,4613.0,4613.0
B07DN5TZCH,,,,149.0,149.0
B07DN8GLZB,,,,,577.0
B07DN8VTJF,,,193.0,,193.0
B07DNDM4NZ,,4.0,,,4.0
B07DNG65K7,,,,,1.0
B07DNHY8T6,,61.0,,61.0,61.0
B07DNKYX6L,,,27.0,27.0,
B07DNMP3G4,,,,,4.0
B07DNQ71XN,,,44.0,,44.0
B07DNY1SKH,,,,18.0,
B07DP15YMY,,42.0,42.0,,42.0
B07DP768NY,,,,148.0,148.0
B07DP83YJF,,,,,3.0
B07DP87Z9S,,,,,33.0
B07DP8DB2T,27.0,27.0,,27.0,
B07DP8DKRJ,34.0,,,,34.0
B07DPJY9G4,,,59.0,,59.0
B07DPMPFK4,,31.0,31.0,,31.0
B07DPPGCJL,,,,1.0,
B07DPT3B86,,,,,9.0
B07DPTFYYX,44.0,,,,44.0
B07DQHG59J,,,11.0,,11.0
B07DQK2MPY,,,5.0,,
B07DQP722D,,,,,159.0
B07DQT82QM,,,,49.0,49.0
B07DQW97HB,,,,,2.0
B07DQXYS5D,,362.0,362.0,362.0,362.0
B07DR5Y4XS,,,,,2.0
B07DR61J3M,,,,,32.0
B07DR66NFC,,,,,46.0
B07DR9HY51,,78.0,,,78.0
B07DRB4PFY,,,,,163.0
B07DRCKWSF,,,24.0,,
B07DRDGFHH,119.0,,,,119.0
B07DRGG23R,,,444.0,444.0,444.0
B07DRGLFRD,,114.0,,,114.0
B07DRLVGFC,,,,,25.0
B07DRMSGHS,,,,,25.0
B07DRTBX5X,,,,,243.0
B07DRZC726,,,,,139.0
B07DRZH39Q,,,,,25.0
B07DS1BBV3,,,,54.0,54.0
B07DS4CD5Z,,,,,111.0
B07DS7KH76,,,126.0,,
B07DSB22RP,685.0,,685.0,685.0,685.0
B07DSVR6CW,95.0,,,,95.0
B07DTG6G6P,,,,43.0,43.0
B07DTNVNLL,,,,,21.0
B07DTQK2YC,,,,58.0,58.0
B07DTR23PB,633.0,,,,633.0
B07DTVF8RG,953.0,953.0,953.0,953.0,953.0
B07DTW2W4S,324.0,,324.0,324.0,324.0
B07DV8N7ZW,1681.0,1681.0,1681.0,1681.0,1681.0
B07DVGMQ9T,,,,,44.0
B07DVPH5L9,10.0,,,,
B07DVRDVP3,,,,,105.0
B07DVXMWHW,,,,,26.0
B07DW16LJK,,,,,5.0
B07DW2H7CW,,,,,5.0
B07DW55915,,,,,171.0
B07DWBZDKS,284.0,,284.0,,284.0
B07DWC5B61,,,,,91.0
B07DWCMPQH,,,,,91.0
B07DWNN5F5,,,,,76.0
B07DWTLLXP,12.0,,,,12.0
B07DWVZZ2C,,,,140.0,140.0
B07DX2G57X,,,,24.0,
B07DX57CGH,,,,,84.0
B07DX7CXQT,144.0,,,144.0,144.0
B07DXLBZGF,3537.0,3537.0,3537.0,3537.0,3537.0
B07DXLX1BV,173.0,173.0,173.0,173.0,173.0
B07DY1ZCGT,,,,,572.0
B07DY2S7F1,,,,,572.0
B07DYC1TTM,,,,3495.0,3495.0
B07DYCVH1H,,,,337.0,
B07DYDTK1N,,,,,572.0
B07DYFST3B,,,,,3495.0
B07DYKXXR1,,,,,29.0
B07DYLC1Z9,,,,2.0,2.0
B07DYQQ7ND,,,20.0,,
B07DZLGCMD,,,2.0,,
B07DZMLG4B,,,,,4.0
B07DZQ3KYH,360.0,,,360.0,360.0
B07DZXMSNJ,,,,,2.0
B07F11FSG8,,,,18.0,
B07F11TNYQ,,,,,78.0
B07F13C1DK,,,,,11.0
B07F17DSVW,,,,16.0,16.0
B07F1F9ZKB,,,,,6.0
B07F1GJ2FS,,,,,40.0
B07F1GWBJ2,,,,,29.0
B07F1T5L4T,,,,,11.0
B07F1Z2TB5,,,,,43.0
B07F28RW1L,,,8.0,,
B07F2C4G4S,50.0,,,,50.0
B07F2C5MG9,,,,,80.0
B07F2CBDS5,,,,,22.0
B07F2CDWRH,,,,,56.0
B07F2CWPNB,80.0,,,,80.0
B07F2CWYHZ,,,,,22.0
B07F2CWYXH,,,,,25.0
B07F2D8G49,,,,,3.0
B07F2DL9Q3,122.0,,,122.0,122.0
B07F2DMWX4,,4.0,,,
B07F2PQP7Q,,,143.0,,143.0
B07F2SCM4B,,,,379.0,379.0
B07F2XY22N,,,332.0,332.0,332.0
B07F3112HC,,,,,162.0
B07F33FXNN,,,2.0,,
B07F374NKD,,,,,25.0
B07F38MW1N,,,,,6.0
B07F38SN32,,,,,141.0
B07F3FM98Z,,,17.0,,
B07F3HGFVS,,,,,11.0
B07F3JCGZW,27.0,,27.0,27.0,27.0
B07F3LYL87,22.0,,,,
B07F3RPG5V,,,4.0,,
B07F419MS1,,,,,33.0
B07F41BQSF,,,,,16.0
B07F47B14P,,,16.0,,
B07F496BJT,,,,352.0,352.0
B07F4BFN56,,,,,26.0
B07F622BV4,,,,,48.0
B07F62QR52,81.0,,,,81.0
B07F65J7WB,351.0,351.0,,,351.0
B07F68ZK52,,,,,196.0
B07F6C87ZX,48.0,,48.0,,
B07F6ZYVXL,867.0,867.0,867.0,867.0,867.0
B07F71VY7G,2721.0,,2721.0,2721.0,2721.0
B07F72GB7N,,,,282.0,282.0
B07F7D82JN,,,,,2.0
B07F7T5C31,105.0,105.0,105.0,,105.0
B07F7XCTL4,42.0,,,,42.0
B07F7Y5683,,,,,6.0
B07F81MZCV,,,,,2688.0
B07F86118T,625.0,625.0,625.0,,625.0
B07F88S3J1,1612.0,1612.0,1612.0,1612.0,1612.0
B07F88Y73C,1612.0,,,1612.0,1612.0
B07F8D63BW,,,,,1612.0
B07F8D9BS1,,,,,1612.0
B07F8M4J7P,,,,,1.0
B07F8RYWJP,,,,19.0,
B07F8S63ST,,,,,12.0
B07F8SK8Z2,,,,,64.0
B07F8Y8RBQ,553.0,,553.0,553.0,553.0
B07F9NQ4WL,,,,,32.0
B07F9PF653,,115.0,,115.0,115.0
B07F9SHTD7,641.0,641.0,641.0,641.0,641.0
B07FB38XVC,,,,,125.0
B07FB7NRQH,,,,,121.0
B07FB97NY9,,241.0,,241.0,241.0
B07FC4Z8B2,,,,,3.0
B07FC6L7F5,12.0,,,,
B07FC9F7CT,,,,16.0,
B07FCD5DG9,,,117.0,117.0,117.0
B07FCD887G,15.0,,,,15.0
B07FCDGYH7,,,,,20.0
B07FCF3XX1,,,,14.0,
B07FCMGXTZ,15253.0,,15253.0,15253.0,15253.0
B07FCMZWVS,,,,,28.0
B07FCQR1SB,15253.0,15253.0,15253.0,15253.0,15253.0
B07FCY641M,,,,,6.0
B07FCZ31RL,,,,,6.0
B07FD1Z2SY,,,,,6.0
B07FD71D2B,,,3.0,,
B07FDBKV2T,,,,,8.0
B07FDHKM94,,575.0,575.0,,
B07FDSHCWD,,,,18.0,18.0
B07FDXQ5BP,,,,,221.0
B07FDZKCJX,,,,,14.0
B07FF26GV6,,,9.0,,
B07FF5NBHP,,39.0,,,39.0
B07FFDDKP5,522.0,,,,
B07FFVJ67C,9.0,,,9.0,9.0
B07FFVXF4V,,,42.0,,42.0
B07FGVLCCG,,,,138.0,138.0
B07FGWVFS9,,,,3495.0,3495.0
B07FH7S3SZ,,,,,2.0
B07FH7VRPJ,,,,159.0,159.0
B07FHJZGM7,,,,,5.0
B07FHYVNLW,,,,,12.0
B07FJNF1X8,15253.0,,15253.0,15253.0,15253.0
B07FJTYWDK,,,,15.0,15.0
B07FJVP2JL,,,,272.0,272.0
B07FJWTWST,,,,,272.0
B07FJXBVD5,,,,,13.0
B07FK7PTN6,136.0,,,,136.0
B07FK7W3Q2,,,,,2.0
B07FKDNCXY,50.0,,,,50.0
B07FKDYZGM,287.0,,287.0,,287.0
B07FKKFMHJ,,,,,3.0
B07FKM8K2P,,,,,8.0
B07FKPRV6T,,,,283.0,283.0
B07FKTP4H6,,,,1.0,
B07FKVKFZ4,,,,103.0,103.0
B07FL136G9,3024.0,3024.0,3024.0,3024.0,3024.0
B07FL3XFJM,3.0,,,,
B07FL4X5Q5,1037.0,1037.0,,1037.0,1037.0
B07FL7T4HG,270.0,,,,270.0
B07FLMN17R,,,,,51.0
B07FLQ6ND5,,,,62.0,62.0
B07FLVHRG6,,,,,190.0
B07FM1LXNJ,,346.0,346.0,346.0,346.0
B07FM1Q867,,,,68.0,68.0
B07FM2WPYJ,,,5.0,,
B07FMFZGRQ,,,,2.0,2.0
B07FMG1NSL,78.0,,,78.0,78.0
B07FMGVRM8,44.0,,,44.0,44.0
B07FMLRVSR,223.0,,,223.0,223.0
B07FMMQZ4D,,,117.0,,117.0
B07FMNB4HM,,,,,3.0
B07FN5SBHM,,,,,51.0
B07FN7J6L3,,,,,21.0
B07FNR4JQV,,,,60.0,60.0
B07FNRNKH8,,,,,5.0
B07FNV4W4N,1412.0,,,1412.0,1412.0
B07FNVGH4J,,,,,5.0
B07FNZDHP4,,,,,80.0
B07FP2BBVX,,,,,66.0
B07FP7FRVP,,,,,73.0
B07FPN4FG1,,,58.0,,
B07FPN93JW,,,,,6.0
B07FPNKPV6,,,,,198.0
B07FPQNQ9X,306.0,,,306.0,306.0
B07FPQTWWW,,18.0,,,
B07FPTZP2L,,,,,60.0
B07FPVFFL2,57.0,,,57.0,57.0
B07FQ3H9KN,,538.0,,538.0,538.0
B07FQ4V1DY,,,,,16.0
B07FQ97BWL,,,,,3.0
B07FR3TGW7,682.0,682.0,682.0,682.0,682.0
B07FR658G2,,,,98.0,98.0
B07FR8SCD4,,133.0,,,
B07FR9MJK9,,,,,10821.0
B07FRHVMZD,,,,,6.0
B07FRR9DXB,,,,,22.0
B07FRRPBCW,,,29.0,,
B07FRW57HW,58.0,58.0,,,58.0
B07FRWBDHW,,,,22.0,22.0
B07FRXDRLC,,,,11.0,
B07FRY4NZN,,,,28.0,28.0
B07FS18G8C,,,,20.0,20.0
B07FS699CR,,,,,2.0
B07FS7XJ7Z,2111.0,,2111.0,2111.0,2111.0
B07FS9VK88,,,93.0,93.0,93.0
B07FSD8CK6,,,,,185.0
B07FSK7WBN,,,,596.0,
B07FSPF1NM,,,1113.0,,1113.0
B07FT34KCJ,,,,39.0,39.0
B07FT43BX9,469.0,,469.0,,469.0
B07FT5D56T,2988.0,2988.0,2988.0,2988.0,2988.0
B07FTBV851,,,95.0,95.0,95.0
B07FTF4MR6,150.0,,,,150.0
B07FTGZ498,,,,,45.0
B07FTHK6ZH,,,,,13.0
B07FTKC8FF,,,,,15.0
B07FTNSMB7,273.0,273.0,,273.0,273.0
B07FVCB6T3,,,,,6.0
B07FVT8DD5,,329.0,,329.0,329.0
B07FVVSBVF,996.0,,996.0,996.0,996.0
B07FW5Z53S,,,,,525.0
B07FW7XMN1,,,,30.0,30.0
B07FWBFDBQ,,,,,970.0
B07FWR85ZX,3.0,,,,
B07FX1BXKT,,233.0,,,
B07FXCM16S,8.0,,,,
B07FXGK87H,14.0,,,,
B07FXM7VF1,,,,3.0,
B07FXNN59B,,,,,4.0
B07FXX3WPH,,,,,4.0
B07FXZJCWP,,,,,9.0
B07FY155LK,,,,,15.0
B07FY5ZHRC,,,,,29.0
B07FYDSF81,,163.0,,163.0,163.0
B07FYDW1CM,,,,,5.0
B07FYQ4G28,,,,99.0,99.0
B07FYWZ1JK,,,,35.0,35.0
B07FZ2K1L2,,,,,15.0
B07FZ2QZ1Q,,,,42.0,42.0
B07FZ332P5,,,,1037.0,1037.0
B07FZ51HB2,,,,1037.0,1037.0
B07FZHV4HL,,,23.0,,
B07FZZ3M44,,,1113.0,,1113.0
B07G1HC2VY,,,,5.0,
B07G2G6L57,,,45.0,,45.0
B07G2HT5FT,,,,1.0,
B07G2P3CLX,,,,,126.0
B07G2XKNMJ,,,16.0,,16.0
B07G2XP73H,,,,9.0,
B07G35BNSN,16250.0,,16250.0,16250.0,16250.0
B07G3CZJBF,411.0,,,,411.0
B07G3GSRXR,,,3.0,,
B07G3XYK46,,201.0,,,201.0
B07G3Y1ZXD,,,,,11.0
B07G444727,573.0,,,,573.0
B07G448N9J,,15.0,,,
B07G46PCVS,,,,,5.0
B07G4DCNB2,961.0,961.0,961.0,961.0,961.0
B07G4KXT84,685.0,685.0,685.0,685.0,685.0
B07G4V95Z9,,67.0,67.0,67.0,67.0
B07G51WDGF,,,,,11.0
B07G52WVRF,,,,,1037.0
B07G58CZMB,,,,70.0,70.0
B07G5F7K5M,,,,,13.0
B07G5J9F2H,,,,,21.0
B07G5PY65X,15006.0,15006.0,,15006.0,15006.0
B07G5QVX1B,,,,,10.0
B07G5TK562,,,,131.0,131.0
B07G5TLKMD,131.0,,,,131.0
B07G5TLMFG,,,131.0,,131.0
B07G69KCQK,2.0,,,,
B07G74X5V2,,,,8.0,
B07G75N479,,,,,6.0
B07G7BRGRS,,,,,7.0
B07G7HYTV6,,,,2.0,
B07G86K2CG,,,,757.0,757.0
B07G8R4CXX,,,,,291.0
B07G8RX683,469.0,,469.0,,469.0
B07G8S3FKW,512.0,512.0,512.0,512.0,512.0
B07G8SHBBM,,,,,469.0
B07G8ZTMFV,21.0,21.0,,,
B07G93BYRL,,,,32.0,
B07G9FJVDL,,,,,179.0
B07G9Z8NHX,,,56.0,,
B07GB19C91,,,,52.0,52.0
B07GB1RYTJ,,,,,30.0
B07GB3VR17,215.0,,,,215.0
B07GB4LPVS,3915.0,,,3915.0,3915.0
B07GB6BTK9,842.0,,,,842.0
B07GB7SHDJ,394.0,394.0,394.0,,394.0
B07GBM411H,,,,,24.0
B07GBN7C61,,,,,24.0
B07GC7TX4P,,,210.0,,210.0
B07GC81WHP,,,,,81.0
B07GCKSLB3,,,,23.0,
B07GDDSSCQ,,,,,2.0
B07GDSH6JH,,,,4.0,
B07GDVHJTG,,,717.0,,717.0
B07GDZSYKB,,,,,61.0
B07GF5YQQ1,,,,,61.0
B07GFCVQSV,,,36.0,,36.0
B07GFDNNVP,,,,4.0,
B07GFL8RNB,,,,,5.0
B07GFMSRVK,,,,,4.0
B07GFN39DM,766.0,766.0,766.0,766.0,766.0
B07GFPGKVQ,,,,48.0,48.0
B07GFTBK8Z,,,,,101.0
B07GFVHN1J,602.0,,602.0,602.0,602.0
B07GGC9C1G,,,,2.0,2.0
B07GGG8KQZ,,709.0,709.0,709.0,709.0
B07GGHJG38,2089.0,,2089.0,2089.0,2089.0
B07GGHPYL2,39.0,39.0,,39.0,39.0
B07GGNQFTG,2089.0,,2089.0,2089.0,2089.0
B07GGPPD7N,,,,28.0,
B07GGW91SD,,,,,145.0
B07GGXB43G,,,,,145.0
B07GGXD5VX,,40.0,,,
B07GGYKJ9Z,,3.0,,,
B07GHGM6CP,131.0,131.0,,131.0,131.0
B07GHWGNSM,,,,,36.0
B07GHWTJLW,,,,,13.0
B07GJ521M3,127.0,,127.0,127.0,127.0
B07GJQMGWM,,,,,95.0
B07GJQQRD5,,,,,113.0
B07GJV7R9C,,,,112.0,112.0
B07GKFJMG2,,,30.0,,30.0
B07GKJ6WKM,,,,69.0,69.0
B07GKLB898,,,,,6.0
B07GKQR2SN,,127.0,127.0,,127.0
B07GKRMHX9,,,,,11.0
B07GL11Q4P,,,,14.0,
B07GL4CX95,,89.0,,89.0,89.0
B07GL4PP8H,,,,562.0,562.0
B07GL67WW9,,1.0,,,
B07GL79F1B,,3363.0,,,3363.0
B07GLFQH31,,,,,2.0
B07GLK5HPL,3918.0,3918.0,3918.0,3918.0,3918.0
B07GLNQMV4,,,,13.0,
B07GLNS7WL,,8.0,,,
B07GMZQD7G,,,22.0,,
B07GN3CPHQ,,,,,2.0
B07GN3M7T3,,,,,96.0
B07GN6DTW6,,,172.0,,172.0
B07GN74THW,24.0,,,,
B07GNBWC5N,,,,,250.0
B07GP4VWYK,,,667.0,,667.0
B07GP6WNCP,,,,2721.0,2721.0
B07GP87K69,,,,,17.0
B07GQ3695Z,,,,,1.0
B07GQ4PBVF,319.0,319.0,319.0,319.0,319.0
B07GQGJ9JC,96.0,,,96.0,
B07GQHQFP5,,,,,72.0
B07GQNDYZL,,,,,58.0
B07GRCT811,,,,,1612.0
B07GRDBKML,,,,,23.0
B07GRDFR8J,,,,,48.0
B07GRFMHJJ,,,,233.0,233.0
B07GRFRXKB,1612.0,1612.0,,,
B07GRK6VRR,,,,,54.0
B07GRK84X6,,,,,1612.0
B07GRN3PPF,,,5.0,,
B07GRT16WM,,,,,31.0
B07GRTXNYG,,,,,8.0
B07GRVKGD5,97.0,97.0,97.0,97.0,97.0
B07GRY8YS1,,,,,505.0
B07GS3JVPC,,,,,5.0
B07GSDBYPY,,,,,1.0
B07GSG2QK9,,,,,17.0
B07GSH97KM,,,,,17.0
B07GSJGPCL,,425.0,,425.0,425.0
B07GSK4L4Z,,,,,319.0
B07GSLXNNM,,,,,188.0
B07GSMSJ2T,,,,,75.0
B07GSTG339,,,,,30.0
B07GSV27GW,,,,,9.0
B07GSVW4HN,,,,,20.0
B07GSYS8ZF,,,,,18.0
B07GT3Q7H1,,,,,233.0
B07GT4F533,,,,,43.0
B07GT7MJYJ,,,,10.0,
B07GTFMB7S,,,,,1.0
B07GTGJBQT,,,,,6.0
B07GTP11CK,,,,,5.0
B07GV5TWD4,4.0,,,,
B07GVG4F99,,,,13.0,13.0
B07GVGDYPD,,,,,15.0
B07GVNYDSV,,,,,13.0
B07GVQRB14,,,,,14.0
B07GWXB1Y6,,,,,13.0
B07GXFN734,45.0,,,45.0,45.0
B07GXGGBNN,,,,3.0,
B07GXJC6Q4,1.0,,,,
B07GXKSMVL,,,,,29.0
B07GXL9BF7,,,133.0,,133.0
B07GXMDXWR,,,,9.0,9.0
B07GXN53HN,,,,,35.0
B07GYBBWSC,9.0,,,,
B07GYHHY4N,4.0,,,,
B07GYP57GS,120.0,120.0,120.0,,120.0
B07GYWRLDH,,,,,21.0
B07GYYYHHK,,,,,7.0
B07GZ1ZQZN,114.0,,,,114.0
B07GZCWNMT,,54.0,54.0,,54.0
B07GZKJFRN,,,,108.0,108.0
B07GZLJGSH,,,,,45.0
B07H12F24R,5123.0,,5123.0,5123.0,5123.0
B07H12ZDVC,,,,,1.0
B07H1D7PVY,543.0,,,,543.0
B07H1DPCF3,,,125.0,,
B07H1GCZ34,,,,,13.0
B07H1NBLLD,,,,41.0,41.0
B07H1Y45M9,82.0,,,,82.0
B07H23XR5M,,7.0,,,
B07H25321L,,10.0,,,
B07H27LSS4,,,2.0,,
B07H287L7W,,,1.0,,
B07H28LDW5,,,,,58.0
B07H29FL9V,,,,4.0,4.0
B07H2CR181,,,,,388.0
B07H2D2J7X,,12.0,,,
B07H2J1KZC,,,,,36.0
B07H2L62L6,,,,,169.0
B07H2NLWPM,3.0,,,,
B07H2VYZFT,,174.0,,174.0,174.0
B07H31X7W2,7.0,,,,7.0
B07H3241KX,,,,,799.0
B07H38QBH7,,,106.0,,106.0
B07H3955NG,,,,,3.0
B07H3BQMT7,,,,42.0,42.0
B07H3CKXGY,106.0,,106.0,106.0,106.0
B07H3CL5HJ,,588.0,588.0,588.0,588.0
B07H3G5RXV,,,,,106.0
B07H3MZQGJ,1727.0,,,1727.0,1727.0
B07H3QGQ53,,93.0,,93.0,93.0
B07H3ZMKSS,,,,206.0,206.0
B07H3ZQ8R4,1137.0,,,1137.0,1137.0
B07H3ZS2LF,,,,,106.0
B07H41W8J1,,,,,106.0
B07H44QDR6,,,,,872.0
B07H45Q4SF,,,,,872.0
B07H4FYV5P,,11.0,11.0,,
B07H4GYKWX,,,1144.0,1144.0,1144.0
B07H4GZ8TJ,,,1144.0,1144.0,1144.0
B07H4MYP59,,,,,35.0
B07H4XS8J6,,,,872.0,872.0
B07H4Y6BJB,,,,,872.0
B07H4YCZT9,,,,,3.0
B07H4YJ3GJ,,872.0,872.0,872.0,872.0
B07H4Z2V32,,,,,872.0
B07H56DTGN,,,,,16.0
B07H57FRCP,,,,,2.0
B07H58C477,,,,,37.0
B07H5BQ912,,,,47.0,47.0
B07H5D421W,,,,,11.0
B07H5KRWD5,,,,,397.0
B07H5LGFXH,,,,,158.0
B07H5M642T,,,,,18.0
B07H5P6JLF,,,112.0,,112.0
B07H5T6HQH,,,,,1.0
B07H5VPLDK,40.0,,,,40.0
B07H64YPFQ,135.0,,,135.0,135.0
B07H6HXXZB,,,,,2.0
B07H6JVKN2,,,,,19.0
B07H6Z3TKT,99.0,99.0,,,99.0
B07H71WR8C,1545.0,1545.0,1545.0,1545.0,1545.0
B07H77PT56,,,,,2.0
B07H7CZXVR,574.0,,574.0,574.0,574.0
B07H7DGK77,,,,,1806.0
B07H7DZZ1P,17.0,,,,17.0
B07H7FCBVY,,,1821.0,,1821.0
B07H7FNNFK,1806.0,,,,1806.0
B07H7JJYYK,883.0,883.0,883.0,883.0,883.0
B07H7W6HNY,,,,,872.0
B07H7X373C,8.0,,,,
B07H7Z3RRT,,,,,242.0
B07H7Z999S,,,,,8.0
B07H7ZQ92R,639.0,,639.0,639.0,639.0
B07H81L24H,,171.0,,,171.0
B07H83WC36,,,,90.0,90.0
B07H85Z98N,,,,238.0,238.0
B07H8869CR,10.0,,,,
B07H89GQ4L,56.0,,,,
B07H8J5LMV,,,,,41.0
B07H8V1NW5,122.0,,122.0,,122.0
B07H8W9S5X,,,,59.0,
B07H8XYB4B,37.0,,,,37.0
B07H94NR9G,,,16.0,,
B07H94XFT2,,,,,4.0
B07H94YH78,,,,,187.0
B07H976YR5,,,,,3.0
B07H98CKHZ,2.0,,,,
B07H9BHMH8,160.0,,160.0,,160.0
B07H9BJ7R6,,,3141.0,,3141.0
B07H9C2Y9P,,,3141.0,,3141.0
B07H9CBGY6,2637.0,2637.0,2637.0,2637.0,2637.0
B07H9CQQ4Y,,3141.0,,,3141.0
B07H9CRWMK,,,,,3141.0
B07H9DDVJ4,,,,3141.0,3141.0
B07H9DFGL9,,,101.0,,101.0
B07H9F3873,1567.0,1567.0,1567.0,,1567.0
B07H9LDTF3,,,,,56.0
B07H9T3SPW,,,7.0,,
B07H9W3GX5,1999.0,1999.0,1999.0,1999.0,1999.0
B07HB6W9NM,,,,52.0,52.0
B07HB8QC5W,,,,,214.0
B07HBC2DGS,,,,69.0,
B07HCNS4Q6,,,,,28.0
B07HCQBQN8,,,9.0,,
B07HCYC95Y,,,,,78.0
B07HCYZJCV,,,107.0,,107.0
B07HD4ZWN1,,,,,332.0
B07HD68ZBB,5399.0,5399.0,5399.0,5399.0,5399.0
B07HDYCMG4,,,,,355.0
B07HDYV6FQ,,,,,355.0
B07HDYV6TW,,,355.0,355.0,355.0
B07HF4LNG1,,,,126.0,126.0
B07HF5F93G,390.0,,390.0,390.0,390.0
B07HFFYQ3M,,,,5.0,
B07HFQL9W5,,,,,8.0
B07HG1T7S2,514.0,,,,
B07HG2PB44,2510.0,,,,2510.0
B07HG345DR,67.0,,,,
B07HGHWJC5,75.0,,,,75.0
B07HGSS914,,,2538.0,2538.0,2538.0
B07HH34LGN,247.0,,247.0,247.0,247.0
B07HHBHR7H,23.0,,,,
B07HHDP2G2,,,,2.0,
B07HHDSQ9L,24.0,24.0,,24.0,24.0
B07HHG14S1,,,,,504.0
B07HHJ52WC,,,,666.0,666.0
B07HHJQNLN,,,,229.0,229.0
B07HHKM14W,,,,,57.0
B07HHQG3J8,,,429.0,429.0,429.0
B07HHQHH3J,77.0,77.0,,77.0,77.0
B07HHSTHY9,,,,194.0,194.0
B07HHXHD1X,142.0,,,142.0,142.0
B07HHXHSPQ,142.0,,,,142.0
B07HJCPPFC,,,,,12.0
B07HJYTKVP,,,,,1.0
B07HK1B63B,,,,,34.0
B07HK53ZMK,,,,,5.0
B07HKHSFGV,,,9.0,9.0,
B07HKLCHWG,88.0,,,,
B07HKNFRXZ,,,,,65.0
B07HKQJ5TX,,,,,36.0
B07HLD49F7,,,,,99.0
B07HLF6H13,,,,,97.0
B07HLKP4GF,,,,,2.0
B07HMM9T1N,,,,,320.0
B07HMPZ6NX,299.0,299.0,299.0,,299.0
B07HMT1GVT,,95.0,95.0,,95.0
B07HNDMZ2X,,,,,2.0
B07HNL4DH1,32.0,,,,32.0
B07HNM12YD,14.0,,,,14.0
B07HNSPZ3V,,,1238.0,1238.0,
B07HNT7J6T,,,3060.0,3060.0,3060.0
B07HNV71KT,,,,,204.0
B07HP96JGB,,,,,10.0
B07HPC3CGG,,,,,10.0
B07HPCBF1F,813.0,813.0,813.0,813.0,813.0
B07HPDP56R,,,,,23.0
B07HPDRVRL,,,,,106.0
B07HPHBP2K,,,,,35.0
B07HPXY33M,,455.0,455.0,,455.0
B07HPY2P17,455.0,455.0,455.0,455.0,455.0
B07HQ5RC6C,204.0,204.0,,204.0,204.0
B07HQ7GYQ9,,,22.0,,
B07HQBWQWY,3570.0,3570.0,3570.0,3570.0,3570.0
B07HQLPC3N,,,,,122.0
B07HQVVLHQ,,,,,294.0
B07HR9545F,,,,,8.0
B07HRBGH63,55.0,,,55.0,55.0
B07HRF4HWR,4.0,,,,
B07HRK7BC3,,,,,3.0
B07HRKJXPL,,,,74.0,74.0
B07HRMH5Q8,,8.0,,,
B07HRWV4L3,,,,,15.0
B07HSTVX1K,,,,,66.0
B07HV87LJ3,,,,,11.0
B07HVHL6H4,4.0,,,,
B07HW27FZ4,,,1923.0,,1923.0
B07HWXGHGR,,,,18.0,18.0
B07HXJXK9B,2008.0,,2008.0,2008.0,2008.0
B07HXN25ZN,,,2435.0,,2435.0
B07HXNGNNY,2614.0,,2614.0,,2614.0
B07HXP97BH,,,64.0,,
B07HXPT7CN,707.0,707.0,,,707.0
B07HY1PFGM,,,2435.0,2435.0,2435.0
B07HY5XS4Q,766.0,,,766.0,766.0
B07HYB33Y2,13.0,,,,
B07HYBV7HC,,,,,30.0
B07HYH1K9R,,371.0,,,371.0
B07HYH2GX1,,,,,2.0
B07HYQ5ZYF,,,,,2687.0
B07HZKSL95,,,,45.0,
B07HZY2MW1,,,,,3.0
B07J1K26MY,7.0,,,,
B07J2J2VSG,,,11.0,,
B07J2PRQV2,,,37.0,,
B07J2VDRM6,,,,,77.0
B07J3ZMK6C,,,,,300.0
B07J44DCCG,,,,,10.0
B07J491F2Q,,,,,135.0
B07J4PRQYV,,,,24.0,24.0
B07J4QBF6J,,,,,2.0
B07J5165PL,,,,,68.0
B07J56SGTF,,,,,46.0
B07J5CFPB1,,,,,2.0
B07J5RY141,285.0,,,285.0,285.0
B07J5SM8TY,,,,,3.0
B07J661GBN,,,,,97.0
B07J686RD2,,,,7.0,
B07J686WST,33.0,,,,
B07J9KJBWW,,,,,79.0
B07J9N448J,11.0,,,,11.0
B07J9Q7B8Y,,,,37.0,37.0
B07J9QFBHY,7.0,7.0,,7.0,7.0
B07J9SGZZJ,,137.0,,,137.0
B07J9WMFQ4,,,,2.0,
B07JB393DX,,,,,221.0
B07JBPJ6SB,,,,,3.0
B07JBTRLVL,,,859.0,859.0,859.0
B07JBTXH3K,166.0,,166.0,166.0,166.0
B07JBYDL3C,,36.0,,,
B07JC1Q9V9,,,,,13.0
B07JC32GL7,,,,,164.0
B07JCB9C5P,,,,,76.0
B07JCF4F68,,,,42.0,42.0
B07JDCYFLJ,,,,,21.0
B07JDF4VCC,,,,732.0,
B07JDGZL2H,,,,,9.0
B07JDPSYM6,838.0,838.0,838.0,838.0,838.0
B07JDQ8H87,,,,,6.0
B07JDXV24P,,,158.0,158.0,158.0
B07JF2N91H,,,,196.0,196.0
B07JF7FW7V,,12.0,,,
B07JFBZSCT,826.0,826.0,,,826.0
B07JFCGMGG,661.0,661.0,661.0,661.0,661.0
B07JFCS51K,,,22.0,,22.0
B07JFN11T3,,,,196.0,196.0
B07JFTN7Q9,,,,,12.0
B07JFVF8RJ,,,,,2721.0
B07JFWJXCP,,11.0,,,
B07JFX7HVG,,,,,21.0
B07JG1T895,5.0,,,,
B07JG4RVYQ,456.0,,,456.0,456.0
B07JG6ZB6L,,,,5.0,
B07JG7RDP2,,,,,2.0
B07JG7WPH7,,,,,153.0
B07JGFFP6X,,,,,45.0
B07JGN4JHV,,,,,18.0
B07JGNKD8Z,,,,,57.0
B07JGNNNSL,,,,77.0,
B07JGNNWXP,,,,8.0,
B07JGXSY7T,7.0,,,,
B07JH4TWNS,,,,99.0,99.0
B07JHCKZM3,,,,,13.0
B07JHDNGQN,,,,,22.0
B07JJ59CHK,,,696.0,696.0,696.0
B07JJB5CP9,,,,,4.0
B07JJYQHH5,,,,,7.0
B07JK1DM1Q,,,,,26.0
B07JK1XY2N,481.0,481.0,481.0,481.0,481.0
B07JK57BCZ,,,,,98.0
B07JK5QNRV,,,,56.0,56.0
B07JK7FT8Z,,,,,38.0
B07JK8FTR3,,,,40.0,40.0
B07JKD4HH2,,,,35.0,35.0
B07JKH4M5F,,,,,51.0
B07JKJ53M7,,576.0,576.0,576.0,576.0
B07JL2ZY5R,,,,,20.0
B07JL9QMJ2,,,210.0,,210.0
B07JLN1JMC,,,71.0,,
B07JLXW7V2,,,16.0,,
B07JM1D2MT,103.0,,103.0,103.0,103.0
B07JM3FHMV,,,,20.0,20.0
B07JM3KG7R,,,,,23.0
B07JM7Z3KK,,,,131.0,131.0
B07JML1FPM,,,,,7.0
B07JMLRBH7,269.0,269.0,,,269.0
B07JMMRPDH,,,,,30.0
B07JMMRRQ8,,,,,30.0
B07JMMRWTB,,,,,406.0
B07JMQFY1J,,,266.0,266.0,266.0
B07JMRXPVC,,135.0,,135.0,135.0
B07JMWYCRS,,,,,30.0
B07JMY7X64,,,,,229.0
B07JMYJ462,,,57.0,,
B07JN44TV2,,,,,3.0
B07JN5M1T6,,,,,228.0
B07JND915X,,43.0,,,43.0
B07JNJM6SK,,,8.0,,
B07JNM476Z,,,,8.0,
B07JNNLQ9G,144.0,,,144.0,144.0
B07JNS12KX,,,,,24954.0
B07JNWLTVY,24954.0,24954.0,24954.0,24954.0,24954.0
B07JP69YF2,,,,,23.0
B07JP7X7QQ,,,,,6.0
B07JPFYSKT,171.0,,171.0,171.0,171.0
B07JPGHBTS,,,,,31.0
B07JPHNN95,,,,,28.0
B07JPM5GV3,,,,,30.0
B07JPYBP3F,,,,,24.0
B07JQ3MQH9,,,,,11.0
B07JQ9YPMV,,,,,35.0
B07JQBDVYZ,,25.0,,,
B07JQCYZLV,,,68.0,,68.0
B07JQN74BH,11137.0,11137.0,11137.0,11137.0,11137.0
B07JQWB1BC,,,,,505.0
B07JR3QWFS,108.0,,,,108.0
B07JR7PQ2T,,86.0,,,
B07JR9L7RG,,,,,36.0
B07JRF5J3X,,535.0,,,535.0
B07JV9KRMR,,,,,8.0
B07JVLJPZM,,,,,296.0
B07JVM4M7F,,,138.0,,138.0
B07JVP4XVZ,,,,,138.0
B07JVRXN9Y,,,2.0,,
B07JVS5Q9B,76.0,,,,
B07JW1X5YR,,,,,30.0
B07JW5C97D,,,,,66.0
B07JW5DTJM,,,,,36.0
B07JWCKDSH,,,,,21.0
B07JX82QMW,,,,,229.0
B07JXBDCYL,,,,,30.0
B07JY25GGS,,,,,22.0
B07JY58KZV,,,,,31.0
B07JY5KD3W,,,,,21.0
B07JY5MCRD,94.0,,,,94.0
B07JY8BHHG,,,,,29.0
B07JYBZ8LV,,,,,1.0
B07JYD7R2R,,,813.0,813.0,813.0
B07JYDS9WP,,,,,1.0
B07JYP6H8L,2435.0,,,2435.0,2435.0
B07JYPC4XG,,294.0,,294.0,294.0
B07JYSV2CM,949.0,949.0,949.0,949.0,949.0
B07JYZP5QX,,,,161.0,161.0
B07JZ2GQ76,326.0,,,,326.0
B07JZ3XKWQ,,87.0,,,87.0
B07JZ9LM2X,,,2111.0,,2111.0
B07JZJP31J,,,,26.0,26.0
B07K16S534,,,,,40.0
B07K18TQX9,,,,,30.0
B07K1B72B1,,,,952.0,952.0
B07K1GKXM6,,,,,11.0
B07K1MKMCW,,,362.0,,362.0
B07K1QBX3Q,,,19.0,,
B07K1TXQX7,,,,148.0,
B07K251S4T,,,,,267.0
B07K25K58R,,,,,3.0
B07K2PRF4X,33.0,,,,
B07K2TGRVF,,,,,1.0
B07K2XH7XG,,,,,6.0
B07K2YQL3Z,,,,,7.0
B07K31B59G,,,,266.0,266.0
B07K324WJ1,,,,,294.0
B07K3579DK,514.0,514.0,514.0,514.0,514.0
B07K35LYWK,2435.0,2435.0,2435.0,2435.0,2435.0
B07K3NJWZZ,,,,,66.0
B07K3PVL97,,,54.0,,54.0
B07K3S3DJV,,,,,113.0
B07K3SHT8W,246.0,246.0,,246.0,246.0
B07K3SRG6W,,,,,4.0
B07K3V7QLT,,,,42.0,42.0
B07K3VFP86,,,80.0,80.0,80.0
B07K3XQPLQ,,,,,2.0
B07K3Y96BQ,,,,,61.0
B07K4GM3D2,,33.0,,,
B07K4VJ1KW,,,,245.0,245.0
B07K4XM6GF,57.0,57.0,,,57.0
B07K576KMD,,,,713.0,713.0
B07K58SL27,,,,,37.0
B07K59TQF5,,,,,8.0
B07K5FWLMK,,,,62.0,62.0
B07K5G33F1,,,,,23.0
B07K5GR37F,,2037.0,,2037.0,2037.0
B07K5JXVT2,639.0,,,,
B07K6CVXYD,,,,,18.0
B07K6HS9YH,,,26.0,,26.0
B07K6JD7J2,,,,,46.0
B07K6JJNRT,6.0,,,,6.0
B07K6Q8PM2,290.0,,,,290.0
B07K6V8P2R,,7494.0,,7494.0,7494.0
B07K6WMKQM,,,,5.0,
B07K6Y9RSN,698.0,698.0,698.0,698.0,698.0
B07K72Y1TB,,7.0,,,
B07K7BV5DR,,,,,11.0
B07K7NC15Q,20.0,,,,
B07K7YLH52,,,,,105.0
B07K81G34Q,6.0,,6.0,,
B07K82H7HR,,,,,514.0
B07K83YMCD,2.0,,,,
B07K8F67CY,,,,,123.0
B07K8GDGT9,,,,,123.0
B07K8GFCFT,723.0,723.0,723.0,723.0,723.0
B07K8PPJLX,,37.0,,37.0,37.0
B07K9CH91F,,,61.0,61.0,61.0
B07KB9MV5F,,,,,384.0
B07KBT6G7V,,,,69.0,69.0
B07KBWVLZD,,,,,2.0
B07KC2TH9Z,48018.0,48018.0,48018.0,48018.0,48018.0
B07KC4V3JX,,,,,16.0
B07KCCPSV1,104.0,,,,104.0
B07KCKHX75,,,,,11.0
B07KCMPLB9,,,214.0,,214.0
B07KCTRBX1,,,,,4.0
B07KDD9DY9,320.0,,,,320.0
B07KDLXH2W,,,,,1.0
B07KDMKTBW,,,,,41.0
B07KDT13XB,,,10.0,,
B07KDT2LB5,,,,,38.0
B07KDY1W7W,,,,,26.0
B07KF2R5XQ,,,,,573.0
B07KF3689B,170.0,170.0,,,170.0
B07KF3P36C,,,,,14.0
B07KFCTR3X,,,,,8.0
B07KFTBQNZ,,,,,5.0
B07KG29D1W,,3.0,,,
B07KG5F6PR,,,32.0,,
B07KG7JK4K,,,132.0,,132.0
B07KG817R3,,,,,14.0
B07KG8JR8Z,,,,956.0,956.0
B07KG9KN86,,,,,12.0
B07KGG75FY,,,,,7.0
B07KGHJWS7,,,18.0,,
B07KGJL9KH,,,,,92.0
B07KGL9ZJC,13.0,,,,
B07KGRB8JV,,,,,1.0
B07KHCQ9DN,,,,21.0,21.0
B07KJ2X1LG,8171.0,,,8171.0,8171.0
B07KJBJ86J,,15253.0,15253.0,15253.0,15253.0
B07KJH435W,15253.0,,15253.0,15253.0,15253.0
B07KJS9LZX,,,,,26.0
B07KJTYF4N,,,,,30.0
B07KJXP9YJ,,,,,6.0
B07KK43R73,,,,,20.0
B07KK47B9M,,6.0,,,6.0
B07KK4JXZN,,,,,2.0
B07KK4RVHY,312.0,,,312.0,312.0
B07KK63C15,,,,,13.0
B07KK64YWZ,,,,274.0,274.0
B07KL834LC,252.0,,,,
B07KLQCLSK,,,,,100.0
B07KLVB7DV,,80.0,,,
B07KLVCDPK,,8.0,,,
B07KLWMF3J,,,,5.0,5.0
B07KM2L2NV,,,,,13.0
B07KM67ZKP,,41.0,,,41.0
B07KMCH22L,,,,,10.0
B07KMXMCJ9,,,,,198.0
B07KN2HW13,,,,,57.0
B07KN34TKF,17.0,,,,
B07KN7N46W,,,,,394.0
B07KNSKBVD,,515.0,,,515.0
B07KP2SNMF,,1113.0,,,1113.0
B07KP2W89V,,,,,1113.0
B07KP8XHQ3,,,,,69.0
B07KPYLQBQ,,,,,6.0
B07KPZV66Y,,,,,10.0
B07KQ1ZSMN,,,,,8.0
B07KQ2BQQM,,,24.0,24.0,24.0
B07KQ77SHQ,,,,1.0,1.0
B07KQDP9KY,,,,,159.0
B07KQKTWMW,,,,,1.0
B07KQNYBJD,,,,,1.0
B07KQTJP5M,,,,163.0,163.0
B07KR51JYL,,,,,2.0
B07KRN91TK,,,,113.0,113.0
B07KRS1K78,,,,,25.0
B07KS2N8F4,,10.0,10.0,,
B07KS4MR8T,,,,,69.0
B07KS5Q124,1.0,,,,
B07KSFGFMC,,,,51.0,51.0
B07KSL8CHQ,579.0,579.0,,579.0,579.0
B07KSZD5XB,,,,1.0,
B07KT131D4,,2.0,,,
B07KT15M6N,,,,142.0,142.0
B07KT2YR1F,,,,,26.0
B07KT5W1XN,,,,,95.0
B07KTB22DN,,30.0,,,30.0
B07KTD1F71,,,,,51.0
B07KTKS6X5,,,,32.0,32.0
B07KTYMKGK,,,19.0,,19.0
B07KV8GHR5,3.0,,,,
B07KVMZ79Z,,62.0,,,
B07KVV1P83,,,,,43.0
B07KVZ1Q6M,,31.0,31.0,31.0,31.0
B07KW3178T,,,,,10.0
B07KWBDGTP,,93.0,,,93.0
B07KWC57CM,,,,21.0,
B07KWCQBKX,851.0,,,851.0,851.0
B07KWLLPCS,90.0,,,90.0,
B07KWRQTB6,,,,205.0,
B07KWYKDM5,,,,6.0,6.0
B07KXF5SY7,,,22.0,,22.0
B07KXMBYDM,,,,,11.0
B07KXN52BY,834.0,834.0,834.0,834.0,834.0
B07KXN5RT4,,,17.0,,17.0
B07KXNBGQC,,,,,750.0
B07KXNVK62,,,,,35.0
B07KXPGFMJ,,,40.0,,40.0
B07KXPP29X,,,,,7.0
B07KXRRY91,13.0,,,,
B07KXSV14S,,,,188.0,188.0
B07KXV44R2,,,,211.0,
B07KY2Z13N,1043.0,,1043.0,1043.0,1043.0
B07KY4HXJR,,,,,13.0
B07KY954SM,38.0,,,,
B07KYMQNS3,,,,,7.0
B07KYTZMCP,746.0,,,746.0,746.0
B07KYV5BFC,,,,,2.0
B07KYW9339,,127.0,,,127.0
B07KYWTLH1,,2.0,,,
B07KZDMZL4,,,,26.0,
B07KZGZH4D,,70.0,,,70.0
B07KZQJLNV,,13.0,13.0,,
B07KZS8DD2,874.0,,,874.0,874.0
B07KZSNMD4,,,,,46.0
B07KZZ8SS7,,,,,126.0
B07L16PDZ4,,,,,3.0
B07L1G6KB2,,,7.0,,
B07L29P7YT,,,,111.0,111.0
B07L2FP4PV,852.0,852.0,,,852.0
B07L2GDTJL,,,,,27.0
B07L2M7B6S,,,,87.0,87.0
B07L2STHNB,,,,,26.0
B07L39F58H,399.0,,,399.0,399.0
B07L3BTTT7,33.0,,,,33.0
B07L3F71ZP,417.0,,,,
B07L3GZZL9,,,417.0,,417.0
B07L3HD1CB,,,417.0,,417.0
B07L3NZ8D2,,447.0,,,
B07L3RFLF1,,,,348.0,348.0
B07L3TQRGL,,,,,13.0
B07L3VN766,,,,,21.0
B07L43K7B5,44.0,,,44.0,44.0
B07L44X8RD,,,,,70.0
B07L4D32B8,,,,1240.0,1240.0
B07L4LNKR5,,,146.0,146.0,146.0
B07L4MHR5Z,,,,,14.0
B07L4Q6L3P,,,,,188.0
B07L527WS1,,,4.0,,
B07L59X1M6,,,,,181.0
B07L5BF8MN,,,,,181.0
B07L5BJW5H,181.0,181.0,,181.0,181.0
B07L5BZZQT,,,,,181.0
B07L5FRB1J,,,,,130.0
B07L5Q1WX9,73.0,,,,
B07L5QZ4NV,50.0,,50.0,,50.0
B07L5YP6VZ,511.0,,511.0,511.0,511.0
B07L69PNBB,,,,,181.0
B07L69WD1L,,,,,505.0
B07L6BW71W,,,,,181.0
B07L6FM9ZD,,,,65.0,65.0
B07L6KYZ55,,,29.0,,29.0
B07L6P41D8,,,,205.0,205.0
B07L6P7WZT,,,,,176.0
B07L71SLCR,,,,,357.0
B07L7KP5X8,588.0,,,,588.0
B07L7QHW28,,,,,60.0
B07L7YCW4L,,,,,146.0
B07L81R2W9,,,,,43.0
B07L832RZW,,,,,359.0
B07L873C3L,,,,,115.0
B07L88PHKV,,,,,210.0
B07L8JP36C,,,,,66.0
B07L8KK8JR,,,,37.0,
B07L8L4P4Z,,,151.0,151.0,151.0
B07L8QCH8J,701.0,,701.0,,701.0
B07L8SWYDC,56.0,,,,56.0
B07L8Y1XW7,,,25.0,,25.0
B07L92RDYH,,,,,282.0
B07L9MZQDJ,,,,,152.0
B07L9RLJ3J,,,,,723.0
B07L9SS12W,,,178.0,178.0,
B07L9X6SRC,,,,23.0,
B07L9YXPVS,,,,,190.0
B07LB96D74,647.0,,,,647.0
B07LBDF9K3,,49.0,,49.0,49.0
B07LBMR8HY,,,,,10.0
B07LBRZBFX,,,,,20.0
B07LC7XW3F,,,59.0,,59.0
B07LCBYMFZ,,,,,130.0
B07LCG8X51,,,,,5327.0
B07LCHYLZ5,,,,,3.0
B07LCJLBXG,,,,,151.0
B07LCMHRCN,,,,42.0,42.0
B07LCRRPQC,,,,,14.0
B07LCWKZQW,,,,,121.0
B07LD42YXP,,,,610.0,610.0
B07LD547MG,,,,,30.0
B07LD7M4YM,,,,,30.0
B07LDWTJT5,,,4.0,,
B07LDY8GT5,,,,,47.0
B07LF77LWY,,,,,11.0
B07LF7KZ6Y,,,,47.0,47.0
B07LFC65X6,,3750.0,3750.0,3750.0,3750.0
B07LFDK5HX,2.0,,,,
B07LFKPJ7M,,,,48.0,
B07LFQSJ93,36.0,,36.0,,36.0
B07LFXYYTW,,,1.0,,
B07LG1W4NB,,,,,66.0
B07LG6PWSL,,3004.0,,3004.0,3004.0
B07LGDP9DJ,,446.0,,,446.0
B07LGDRHKH,,,,,446.0
B07LGMDVWZ,62.0,,,,
B07LGX9VWF,351.0,,,351.0,351.0
B07LGXZHNZ,,,,,351.0
B07LGY49Q7,,,,,489.0
B07LH31DMM,,,,,73.0
B07LH3CWXV,,,,8.0,
B07LH4XYYJ,,,,,43.0
B07LHH1QTR,,,,1681.0,1681.0
B07M5BMYTN,,,,,24.0
B07M5LG6F2,,,,10.0,
B07M5VFJB4,,,,6.0,6.0
B07M6888N9,,,,,68.0
B07M76QQ81,,,,4.0,
B07M7JM68V,,,,,300.0
B07M7ZS1L1,,,,,3.0
B07M819ZLQ,,,,5.0,
B07M8HX8XL,,,,,37.0
B07M8QVLQ3,,,,,116.0
B07M8RF7LC,,,,,75.0
B07M8RMS7B,,,,,162.0
B07M8V4PQ1,,,,,61.0
B07M8W5X63,,2209.0,2209.0,2209.0,2209.0
B07M92TZRC,,,,,272.0
B07M9BP2T5,,,29.0,,
B07M9K49VN,240.0,240.0,240.0,240.0,240.0
B07M9PWZY9,,,,5.0,
B07M9SMSSY,,,23.0,,
B07M9V4631,57.0,,,,57.0
B07M9YH2JH,,,,,39.0
B07MB6TCV3,,,,,2.0
B07MB8N4RM,,,,,29.0
B07MBCG9NP,,,3.0,,
B07MBDB7DK,,221.0,,221.0,221.0
B07MBTYPTH,,,,,941.0
B07MCDR4X1,,,,,154.0
B07MCRJP3S,246.0,,,,246.0
B07MCWDVJX,,,,10.0,10.0
B07MCYBZ47,,189.0,,,
B07MD87JWV,,,,,13.0
B07MDB5J8F,,,,,7.0
B07MDCN5PT,3479.0,3479.0,3479.0,3479.0,3479.0
B07MDHVM1G,,,,,61.0
B07MDHZHLD,,10.0,,,10.0
B07MDLLC8C,,1181.0,,,
B07MDQZY2P,,,,,97.0
B07MF1YDXH,,,,,25.0
B07MF6SZ92,,,,,448.0
B07MFMB3JX,,,,,1029.0
B07MFS252B,,,,187.0,187.0
B07MFSS86B,,,,,970.0
B07MFWP781,,,,,25.0
B07MFX5PRD,,,,,2721.0
B07MFX81HT,,,92.0,,92.0
B07MGZSTTK,1762.0,1762.0,1762.0,1762.0,1762.0
B07MH3RFVQ,,,,,95.0
B07MH4YV37,3705.0,3705.0,3705.0,3705.0,3705.0
B07MHBPY6W,,9.0,,,
B07MHD582C,,,,,1.0
B07MHHM31K,,,11137.0,11137.0,11137.0
B07MHKT11N,,,,,1567.0
B07MHMJWFG,,,,,144.0
B07MHNX6SR,,,,,83.0
B07MHR69X4,8171.0,8171.0,8171.0,8171.0,8171.0
B07MHT5F4T,22.0,,,,22.0
B07MHV6NB4,,,,,2081.0
B07MHVHZQ8,,,,749.0,749.0
B07MHWJW3G,,,8.0,,
B07MJ45NT8,,,,,45.0
B07MJ6HG4Q,,,363.0,363.0,363.0
B07MJ7VGRL,11.0,,,,
B07MJDHR1R,193.0,,,,193.0
B07MJDYZW3,,,,,970.0
B07MJJYCZB,,106.0,106.0,,106.0
B07MJLBPFB,,,,,33.0
B07MJLFVTC,,,,31.0,31.0
B07MKNTJGW,,,,,5.0
B07MKPCXT5,,,120.0,,120.0
B07MKTV1PN,,,,30.0,
B07MKXHC5B,,,,,233.0
B07MKZLJKV,,,,,20.0
B07ML6F96C,,,,16.0,
B07MLHYKQ5,,476.0,,,476.0
B07MLXMK9Y,,,,,525.0
B07MLXMLFH,,,,,525.0
B07MMJ2NW1,,,120.0,120.0,120.0
B07MMYWPXD,,,,,114.0
B07MNB15DR,,,,,551.0
B07MNZJXQR,,,,77.0,
B07MP1PF3X,,,,,652.0
B07MP313F5,,,,,19.0
B07MP3S8D5,,,,,4.0
B07MPFR2V7,,,,,1567.0
B07MPLDKJT,,,,,71.0
B07MQ84ZW6,,,,,970.0
B07MQQKQTS,,,,,11.0
B07MQQX1KT,,,,,22.0
B07MR3LKBT,,,,10.0,
B07MRH52CH,,,,,17.0
B07MSH9Z3K,133.0,,,133.0,133.0
B07MSJBWK4,,,,,75.0
B07MSKHMHV,,,1.0,,
B07MT9Z8T5,,,,,650.0
B07MTCHH4X,,,,,271.0
B07MTHFRS5,92.0,,,,92.0
B07MTHRT7K,,,36.0,,36.0
B07MTR1YYQ,,,,,288.0
B07MV191XV,,,,,2.0
B07MV4BKXY,,,,48.0,48.0
B07MVD9Q6C,,,,,49.0
B07MVFQPMX,,,45.0,,45.0
B07MVFTG98,,,,,45.0
B07MVHHRS7,,,,,64.0
B07MVNWNQC,,,,,20.0
B07MVRZSPN,,4.0,,,
B07MVXPYFV,,,,27.0,27.0
B07MVY9MCN,44.0,,44.0,44.0,44.0
B07MW3SS9T,8.0,,,,
B07MW4S2ZN,,,,,45.0
B07MXNLF9Y,2935.0,2935.0,2935.0,2935.0,2935.0
B07MXPM9MR,,153.0,,,153.0
B07MXV86P2,,1.0,,,
B07MY2W5DF,5.0,,,,
B07MY2YL95,,,,6.0,
B07MY3C81G,,,6.0,,
B07MY4NZ23,,,123.0,,123.0
B07MY4T8TX,,,,,4.0
B07MY4VL67,,,,683.0,683.0
B07MY5J6BH,,,,,25.0
B07MY7C5C8,,,,,77.0
B07MY7QXBY,,,,175.0,175.0
B07MY8TL2G,,,,,33.0
B07MYX2CP5,,99.0,,,99.0
B07MYY3T7S,,,,442.0,442.0
B07MZ1JYD7,,,,,153.0
B07MZDCD6F,,17224.0,17224.0,17224.0,17224.0
B07MZMYXKZ,,,,,21.0
B07MZPWHQB,,,,,83.0
B07N11DLYT,,,,,216.0
B07N13KXVG,,,,,1.0
B07N14TXN2,,,61.0,,61.0
B07N15L2Q3,,,5.0,,
B07N17F87M,,44.0,,,
B07N17YWF3,136.0,136.0,136.0,136.0,136.0
B07N1BHWQS,,,,207.0,207.0
B07N1CJXBF,209.0,,,209.0,209.0
B07N1DYDVC,,,3385.0,,3385.0
B07N27D5T4,,,26.0,26.0,26.0
B07N2MPQ35,,,330.0,,330.0
B07N2MSBKK,570.0,570.0,570.0,,570.0
B07N2PP53C,,,,,10.0
B07N2VK4DF,,,,,3.0
B07N32N1HL,,,,,68.0
B07N3925MG,1.0,,,,
B07N3QWNQC,,149.0,,,149.0
B07N3XSGBL,,,,,1.0
B07N42P9ML,,,,,60.0
B07N4K5BZB,,,,,59.0
B07N4KFSVN,,,205.0,205.0,205.0
B07N5CTLPL,,,,,48.0
B07N5DYT29,,,,,8.0
B07N5JPKQB,,,,,24.0
B07N5N1YQZ,,,,,4.0
B07N63MFJW,,,,,54.0
B07N6CH924,,,50.0,,
B07N6PRZVC,,,,76.0,76.0
B07N77H9S1,3.0,,,,
B07N7GLR8X,,447.0,,,447.0
B07N7NZ8L3,,,,,107.0
B07N7X2QM4,,,201.0,,201.0
B07N8C11N1,,,,,15.0
B07N8CLNQM,,,,155.0,155.0
B07N8DBB8Z,,,,,352.0
B07N8DLF23,,,,,155.0
B07N8HCDWQ,,,,,62.0
B07N8HN262,,,,,29.0
B07N8VJCNC,,,2510.0,2510.0,2510.0
B07N93613P,,1.0,,,
B07N982VZN,155.0,,,,155.0
B07N9FY4WR,,,,,24.0
B07NBGQ6PM,,,,,312.0
B07NBH39SZ,,,,,162.0
B07NC4G86P,,95.0,95.0,,95.0
B07NCRZQNK,,,,,108.0
B07NCW5LKZ,,,,295.0,295.0
B07ND4G2SQ,,,,,142.0
B07ND5FBQJ,,,,,3.0
B07ND5MZBG,33.0,,,,
B07ND5SHMN,,287.0,,287.0,287.0
B07NDGMVT7,,,161.0,,161.0
B07NDMJBHW,,,,33.0,33.0
B07NDXJVFM,,3.0,,,
B07NF4KSYG,,,,,77.0
B07NF4NKH3,,,,366.0,366.0
B07NFR7KQJ,1837.0,1837.0,1837.0,1837.0,1837.0
B07NHQ4499,,,,,66.0
B07NJ7L8ZW,,16.0,,,
B07NJ93LM5,,,,,4.0
B07NJ9KC7Q,2538.0,,,2538.0,2538.0
B07NJQH1WW,,77.0,77.0,77.0,77.0
B07NJTGBKS,4.0,,,,
B07NK5YQB5,,,,,197.0
B07NKFPZP8,78.0,,,,78.0
B07NKG1WR2,,,6.0,,
B07NKK5B9K,,197.0,,197.0,197.0
B07NKRGF6C,,,,,9.0
B07NKXDDTN,,,,,25.0
B07NL611X6,,,,,8.0
B07NL75S3K,,,,,114.0
B07NLFHNWY,,,,,366.0
B07NLHTBWR,,,,,19.0
B07NLLMH8Q,,,,,166.0
B07NLLQRSQ,444.0,444.0,,,444.0
B07NNG3M5B,,,,121.0,121.0
B07NNVRR96,,,,,14.0
B07NNVWH86,,,,,213.0
B07NNX34NF,,,,,50.0
B07NP349RM,,,,,7.0
B07NPGL1P8,,,,,24.0
B07NPP8HQ3,,,,6.0,6.0
B07NPPGQQ5,,,,,8.0
B07NPQS1VW,,3.0,,,
B07NPZNDYQ,,,308.0,308.0,308.0
B07NQ5D81L,,,171.0,,171.0
B07NQRJJVZ,,1.0,,,
B07NQS3NFD,,,25.0,,
B07NQSGXJS,,669.0,669.0,,669.0
B07NR2SDPJ,,,,15.0,
B07NR8CNQ3,,,,,52.0
B07NRHNV3B,,,,,7.0
B07NRLMMQ5,6019.0,6019.0,6019.0,6019.0,6019.0
B07NRYK9MF,,,,,36.0
B07NS4BLX2,,,,110.0,110.0
B07NSC4PZB,324.0,,,324.0,324.0
B07NSSSS22,181.0,,181.0,,181.0
B07NSV21CS,,,,,36.0
B07NSVSXT9,4.0,4.0,,,
B07NSYVMTR,27.0,,,,27.0
B07NT26JVX,,,,,57.0
B07NT692FT,,,,,7.0
B07NTPY981,,,,19.0,
B07NTY4DML,,,,,309.0
B07NTZ2ZHB,,,,12.0,
B07NTZPHWH,,,,,17.0
B07NV1212Z,,,,,66.0
B07NV6CZC3,1115.0,,1115.0,1115.0,1115.0
B07NV8F733,,,8.0,,8.0
B07NVBN4KC,,,182.0,182.0,182.0
B07NVNGDCD,,,,,12.0
B07NVY44KF,,,,,38.0
B07NVZ6HW7,,,,,9.0
B07NW5R776,,,263.0,263.0,263.0
B07NWF9BKD,,14.0,14.0,14.0,
B07NWHSLP3,,,,,12.0
B07NWZSJV2,,,,,8.0
B07NXCCF51,,,,,102.0
B07NXPMW3N,,,43.0,,43.0
B07NXSWJ73,,,,,15.0
B07NXX2LQ9,741.0,741.0,,741.0,741.0
B07NXX49Y1,,12.0,,,
B07NXZSV2Y,,,,113.0,113.0
B07NY2LGQF,,,13.0,,
B07NYP5VJ4,,,,,256.0
B07NYXTS1N,,,,,61.0
B07NYZX499,,,93.0,93.0,93.0
B07NZ113DZ,,,,154.0,
B07NZJHHMM,,408.0,408.0,408.0,408.0
B07NZYJ6G3,,,,,88.0
B07NZZ7NY5,,,,,14.0
B07P16SNZW,6.0,,,,
B07P1DDRDV,,,,,13.0
B07P1FYWD7,,,,,101.0
B07P1Y62J2,,753.0,,,753.0
B07P2B7JW5,,,,,13.0
B07P2F9JDK,723.0,723.0,,723.0,723.0
B07P2KZ21Z,,,723.0,723.0,723.0
B07P32Y19H,,155.0,,,155.0
B07P38FLY9,,,161.0,161.0,161.0
B07P3GXMQM,67.0,,67.0,67.0,67.0
B07P3GXT16,839.0,839.0,839.0,839.0,839.0
B07P3KD17X,,,,83.0,
B07P3KDD6Q,,,338.0,338.0,338.0
B07P3ZVZRP,,,,,142.0
B07P46JPYN,,,,,256.0
B07P4N38R9,,,,,36.0
B07P54NPRJ,,,,,13.0
B07P56MJ7G,22.0,,,,
B07P56ZXQ7,,,,90.0,
B07P5FPPVT,,,,,128.0
B07P5MZDL8,2462.0,2462.0,2462.0,2462.0,2462.0
B07P5P3Y4T,5.0,,,,
B07P67CS9S,,,,,2.0
B07P69BG8F,4614.0,,4614.0,4614.0,4614.0
B07P6JSVPL,,,,,32.0
B07P6PWMNJ,,,,,5.0
B07P6R3VR2,,168.0,,,168.0
B07P6T8B92,,,,,13.0
B07P6TRLM1,,,,31.0,
B07P72VKTC,,,,,4.0
B07P754P7W,,,,4.0,4.0
B07P7BPDSD,,,,,25.0
B07P7KT5WM,,81.0,,,
B07P7LPT79,,,,,43.0
B07P7LT6JQ,,,,,45.0
B07P7NC8DR,,,224.0,,224.0
B07P7NVNYC,25.0,,,25.0,25.0
B07P7Q92VY,,,355.0,,355.0
B07P84BSP3,,,,,11.0
B07P8H1YN9,,,,6.0,
B07P8K4DVD,2.0,,,,
B07P8K7ZVP,,,,1084.0,1084.0
B07P8T971G,,,,,6.0
B07P8WYR3V,,,,,30.0
B07P8Z2QK8,312.0,312.0,,312.0,312.0
B07P8ZLLXZ,,,,,23.0
B07P96L1W2,,,,,42.0
B07P9FZSCH,,,,,11.0
B07P9KZL81,,,10.0,,
B07P9NWCHY,,221.0,,,221.0
B07P9RVWST,,,,,13.0
B07P9V2L38,,,121.0,,121.0
B07PB1FBB5,1753.0,1753.0,1753.0,,1753.0
B07PBDWSBT,,,,,52.0
B07PBZHYB4,,,,,330.0
B07PC1XKZF,,,,882.0,882.0
B07PCHS8Y7,,,,,208.0
B07PCLM9TX,,,,1084.0,1084.0
B07PCMP1J1,,15006.0,15006.0,15006.0,15006.0
B07PCPDBVH,,,37.0,,
B07PCPYGGL,,,,,1084.0
B07PCS1GL6,,,,,51.0
B07PD9VTT8,,,,,7.0
B07PDDTYCG,3377.0,,3377.0,3377.0,
B07PDF5SW3,267.0,,,,267.0
B07PDFDN9F,18.0,,18.0,,18.0
B07PDHG95S,,,,,49.0
B07PDKG2TL,,,,159.0,159.0
B07PDPX568,,,,,378.0
B07PDQ73ZF,,,,,6.0
B07PDR19G5,56.0,,,,
B07PDV9SD2,86.0,,86.0,,86.0
B07PDVSH8Q,,,,,3270.0
B07PF4BBTB,,,,,11.0
B07PF8H53L,645.0,645.0,,645.0,645.0
B07PF8PYXY,1567.0,1567.0,,1567.0,
B07PFD9QQ5,,,,,39.0
B07PFDLS7Q,,148.0,,148.0,148.0
B07PFFNBD2,,,,,129.0
B07PFG4SQH,878.0,878.0,,878.0,878.0
B07PFG88D2,,,,,57.0
B07PFGCMQ4,1184.0,1184.0,1184.0,1184.0,1184.0
B07PFH8P8D,723.0,,723.0,723.0,723.0
B07PFM1D12,,,,9.0,
B07PFTBM7J,,1888.0,,1888.0,1888.0
B07PFY9MD2,,,,,173.0
B07PG59X7K,,,,,33.0
B07PGFRCS5,9.0,9.0,,,
B07PGKQGV3,,,,,70.0
B07PGQ4RBH,,,36.0,,
B07PGWL5W6,,,,,17.0
B07PH7CWMB,,,,,501.0
B07PHFTPTS,,,,,298.0
B07PHH378G,,,516.0,,516.0
B07PHJR4CP,,,,,30.0
B07PHKN45K,,,,,3375.0
B07PHKZXBR,,,,,56.0
B07PHLZR5Z,,,,,27.0
B07PHSH48F,,,18.0,,18.0
B07PHT7JJB,,,,,271.0
B07PHXKS2B,837.0,,,,837.0
B07PJ4ZH4D,,,,,603.0
B07PJ5PNBL,,,,,12.0
B07PJ6WN8P,,,,,124.0
B07PJGR6GZ,,,,,413.0
B07PJSVBWV,,,,,8.0
B07PJYHJRR,,,,4.0,
B07PJZD7KF,6791.0,6791.0,6791.0,6791.0,6791.0
B07PK3RXZ2,,276.0,,,276.0
B07PKJFLZT,392.0,392.0,392.0,,392.0
B07PKKT56V,,,75.0,,75.0
B07PKLP8R9,413.0,,,,413.0
B07PKSNCQF,,,,,3374.0
B07PL1MWDT,,,211.0,,211.0
B07PLDVTTT,,,,,413.0
B07PLKF1D5,,,,,23.0
B07PLP3MH4,,,,54.0,54.0
B07PLP4DZS,601.0,,601.0,,601.0
B07PLRFF9S,,,,,54.0
B07PLTN9CZ,,,,,15.0
B07PLTYGBZ,,,,54.0,54.0
B07PM1DMR4,,,,190.0,190.0
B07PM93NRC,,,,,6.0
B07PMCKQCD,516.0,,,516.0,
B07PMCT6FQ,,,,2.0,
B07PMKS1HZ,,,,,21.0
B07PMM86XG,,,6.0,,
B07PMQ6GFT,,,,,13.0
B07PMWYBX8,189.0,,,,
B07PMX5MFD,,,,,35.0
B07PNHBF3N,,,,,47.0
B07PNKKTP2,,,1051.0,1051.0,1051.0
B07PNLHJBB,115.0,115.0,,,115.0
B07PNS5FGX,,,,,1.0
B07PNVDGB2,,,,,189.0
B07PPDV4KS,,,,,7.0
B07PPLPH1V,,,,81.0,81.0
B07PPR17QZ,,,,1260.0,1260.0
B07PPX6LFC,,,,,46.0
B07PPY1DD7,,,,,38.0
B07PQ6Q7CP,103.0,103.0,103.0,,
B07PQDFQ7Z,,,,,2.0
B07PQG5W9P,138.0,138.0,,138.0,138.0
B07PQLFTSJ,1291.0,1291.0,1291.0,1291.0,1291.0
B07PQQ19HK,,,758.0,,758.0
B07PQTLH5L,,,,,139.0
B07PR3TSL1,,,,,148.0
B07PRB8VG2,,,66.0,,66.0
B07PRF8XBW,82.0,,,,82.0
B07PRWRSP3,1.0,,,,
B07PRYKH65,,,,,78.0
B07PSK56MP,,398.0,398.0,398.0,398.0
B07PSPB1YX,,,27.0,,
B07PSPD49R,,,119.0,,119.0
B07PT3BY3L,,,,547.0,547.0
B07PTY7SBV,4182.0,4182.0,4182.0,4182.0,4182.0
B07PTZRPZM,,,,,19.0
B07PTZT8BM,,,,,80.0
B07PV5TMZ4,31.0,,,31.0,31.0
B07PV6YNM9,,,,,90.0
B07PVB23JD,1.0,,,,
B07PVKCHR2,,,,,2.0
B07PVL2PXS,,,,,36.0
B07PVMCLZS,,,,,48.0
B07PVN4JPQ,,,,,153.0
B07PVPHMFZ,27.0,,,,
B07PVYWXJH,,,,167.0,167.0
B07PW28QR9,,,,,356.0
B07PW3VV8Z,,,,20.0,20.0
B07PW9CQWP,,,,52.0,52.0
B07PW9JSSJ,,,,,1.0
B07PWKDBZT,,33.0,,33.0,33.0
B07PX3MQVM,87.0,,,,
B07PXDPQ28,,52.0,,,52.0
B07PXGCKSM,,,,,20.0
B07PXJYN3L,,,,3060.0,3060.0
B07PXN1YX6,,,,215.0,
B07PXN8VKJ,,,,,131.0
B07PXTC6ZB,,,,,9.0
B07PXY456X,,,,,169.0
B07PXZSBQW,,,,4.0,
B07PY87YZQ,,,,,103.0
B07PYF87HT,,,,,5.0
B07PYKJRGC,,,,,2.0
B07PYNS2V5,236.0,,,,236.0
B07PYP5RFP,,,,35.0,35.0
B07PYT652L,,,,,9379.0
B07PYZ3PLR,,,,,30.0
B07PZ7RXHC,123.0,123.0,,,123.0
B07PZC9SN8,,,,,229.0
B07PZSHNX5,,,358.0,,358.0
B07PZX89JX,,,,,1.0
B07Q138MMD,,,,,156.0
B07Q1W6L96,,,,447.0,
B07Q21XRSY,,,,167.0,167.0
B07Q2974P6,,,,,17.0
B07Q2CQD8W,1111.0,1111.0,,1111.0,1111.0
B07Q2DWC38,,,,92.0,92.0
B07Q2ZWGCY,2.0,,,,
B07Q36329B,9.0,,,,
B07Q38B8YS,,,,251.0,
B07Q3BCN7D,,,,,97.0
B07Q3CV8CG,,,,14.0,14.0
B07Q3DRPY7,2.0,,,,
B07Q3JTHH6,,,,,33.0
B07Q3NY52K,,24.0,,,24.0
B07Q3TTR87,,,,,6.0
B07Q3WVVG5,,,,697.0,697.0
B07Q434SD2,,,,1489.0,1489.0
B07Q44VXHZ,,,5087.0,,5087.0
B07Q45DVNN,,,,,29.0
B07Q46DGP8,19.0,,,,19.0
B07Q49LPW5,,164.0,164.0,,164.0
B07Q4FGXJC,,,,,16.0
B07Q4GYVDZ,,36.0,,,36.0
B07Q4H2JK3,645.0,,,,645.0
B07Q4HMSTC,,,,,39.0
B07Q4Q8NCS,,,,,21.0
B07Q4RCHGC,44.0,,44.0,44.0,44.0
B07Q4RKLJT,,,,407.0,407.0
B07Q4T2QK6,,,,,2.0
B07Q5CJBL2,,,,,39.0
B07Q5FCYKJ,,97.0,,,97.0
B07Q5HHGVJ,,1.0,,,
B07Q5KR23M,,,,,645.0
B07Q5SSYRB,,783.0,,783.0,783.0
B07Q5YQRJK,,,,105.0,105.0
B07Q6KFZVZ,,,204.0,,
B07Q6N4XR8,645.0,,645.0,645.0,645.0
B07Q6NMDQZ,,,,16.0,
B07Q6NQHX3,,,,645.0,645.0
B07Q6QM36F,,,16.0,,16.0
B07Q6T81ZN,,,,,33.0
B07Q6WV4G3,,463.0,463.0,463.0,463.0
B07Q74C28P,,,,,32.0
B07Q7MXGRC,,,,,20.0
B07Q7SYYZJ,,3.0,,,
B07Q7X7FLZ,,,,,10.0
B07Q7Y78SS,,,,,215.0
B07Q7ZV233,,,,,141.0
B07Q85R78Y,,,,,15.0
B07Q85VHZ9,,,21.0,21.0,21.0
B07Q8883Q4,713.0,713.0,,,713.0
B07Q89CD7W,194141.0,194141.0,194141.0,194141.0,194141.0
B07Q8RN5SP,,,,,8.0
B07Q8V6JZS,,785.0,785.0,785.0,785.0
B07Q8ZBGXJ,130.0,,,,130.0
B07Q984YZ1,,,,,455.0
B07Q98RTCY,,,,8171.0,8171.0
B07Q9JJ1R2,,,,,28.0
B07Q9Q8D6Q,,,407.0,407.0,407.0
B07Q9VZ1D8,,,,,36.0
B07Q9YVQF5,,,,,3.0
B07QB3BM8V,,,,,190.0
B07QB6GJ7F,,,,,63.0
B07QBDQH1W,92.0,,,,92.0
B07QBHXJ72,,,,,22.0
B07QBMJL2V,186.0,186.0,,,186.0
B07QBNSMRT,,,504.0,504.0,504.0
B07QC1QWPN,,,,,35.0
B07QC264HL,,,,596.0,
B07QC3JDFS,502.0,502.0,502.0,502.0,502.0
B07QC4C7SB,,,66.0,66.0,66.0
B07QC67JZ2,,,,,63.0
B07QC92M96,465.0,,465.0,465.0,465.0
B07QCKYBXL,,,,308.0,308.0
B07QCLP8VP,,239.0,,239.0,239.0
B07QCS2PC2,,,186.0,,
B07QCSDQF6,,,9.0,,
B07QCXSFTP,,,,,3.0
B07QD9WQF6,,178.0,,,
B07QDBFVCB,,,,16.0,
B07QDC9XF1,,,,,1387.0
B07QDV6FSL,,,,715.0,715.0
B07QDVMPJF,,,,313.0,313.0
B07QDXVKLZ,,,,,4.0
B07QDXX214,,,49.0,49.0,
B07QF3NDHF,,,,,101.0
B07QF65RR7,,,,,13.0
B07QF65TGG,22.0,,,22.0,22.0
B07QFMYSDY,,,,,241.0
B07QFP6VD3,,,,,20.0
B07QFS77NJ,,75.0,,,75.0
B07QFSTC1W,,,,34.0,34.0
B07QFV7P96,3943.0,3943.0,3943.0,3943.0,3943.0
B07QFZH54V,,,,,2.0
B07QG19KXQ,,,,,10.0
B07QG3SMZH,,31.0,,,31.0
B07QGBQR4H,,,,,111.0
B07QGF3G36,,,,,41.0
B07QGT5PDG,,,,,176.0
B07QH9Y5PC,72.0,,,,
B07QJW8G7L,,,47.0,47.0,47.0
B07QJZTYJ6,,,,,65.0
B07QK2V83B,,,,,13.0
B07QK3ZDWT,,,,,3.0
B07QK5Q5FF,,,,24.0,24.0
B07QKJQLTG,,,,30.0,30.0
B07QKS9TQ7,534.0,,534.0,,534.0
B07QKWQKVT,,,,567.0,567.0
B07QKXYZLK,,,9015.0,9015.0,9015.0
B07QL5NFQG,,,268.0,268.0,268.0
B07QL6MB42,,,,,12.0
B07QLCZ9V7,,,,,36.0
B07QLNXYVR,,,,,13.0
B07QLSJNSR,205.0,,,,
B07QLVGPSW,11618.0,11618.0,11618.0,11618.0,11618.0
B07QLWQKFN,9.0,,,,
B07QM4YX2N,,,,,1144.0
B07QM6D4RT,,,,,34.0
B07QM8CZT8,,,216.0,216.0,216.0
B07QMFGGZC,,,,,22.0
B07QMNF4XM,,,,,34.0
B07QMQD1WK,,,,51.0,
B07QMR3V4Q,,510.0,,510.0,510.0
B07QMVM54X,,,387.0,,387.0
B07QMZHYHP,,,,,29.0
B07QN2LQLL,,,,,13.0
B07QNHN7ZQ,,,,86.0,86.0
B07QNHPZSB,,,,,69.0
B07QNJ7W7D,,,,,83.0
B07QNJCGYY,,,,,146.0
B07QNL4KX4,,141.0,141.0,141.0,141.0
B07QNW5SD3,,,319.0,319.0,319.0
B07QNWZFKK,,,,,5.0
B07QNYR2YW,,,,,4.0
B07QP97KN5,,,,,14.0
B07QPGS4YM,,,,,195.0
B07QPJGXNK,,,,,636.0
B07QPXH3KR,,,,,3.0
B07QQMHRW6,,,2.0,,
B07QQMNGHR,13.0,,,,13.0
B07QQNWVRF,,23.0,,,23.0
B07QQPN8N5,,69.0,,,
B07QQWNG8Q,,,,61.0,
B07QR6DBBN,24.0,,,,24.0
B07QRG8723,,,,,40.0
B07QRYDR5H,,4607.0,,4607.0,4607.0
B07QS5JS1Y,,,,,573.0
B07QS5PVC4,,,,,76.0
B07QS5WTXV,,,,34.0,34.0
B07QS8SR4W,,,220.0,,220.0
B07QSJ5L87,,,,5.0,
B07QT9BW19,,,,,40.0
B07QTB2DB2,,126.0,,,126.0
B07QTJ54YJ,334.0,,,334.0,334.0
B07QTKHGB1,,,,,87.0
B07QV2PGN7,,,,,13.0
B07QV33CTJ,,296.0,,296.0,296.0
B07QV4CXZK,,1830.0,,,
B07QVL36TJ,,,,,66.0
B07QVQCJF6,,,,,900.0
B07QVXN13D,,,,,288.0
B07QVZ96Z8,190.0,,,,190.0
B07QVZBPYD,,,21.0,,21.0
B07QW55HPJ,,3.0,,,
B07QW6DSVT,355.0,,355.0,355.0,355.0
B07QWCLZP9,,,,6.0,6.0
B07QWKZZXT,,,74.0,,74.0
B07QWRF2KN,,,,39.0,39.0
B07QX2656H,31.0,,,,31.0
B07QXBJ72Y,,,,,6.0
B07QXC5DVZ,,,,,381.0
B07QY188GY,66.0,,,,
B07QY2NWV9,,,,,179.0
B07QY2RWB9,131.0,,131.0,131.0,131.0
B07QY6VM94,,,,137.0,
B07QY9R7CN,,401.0,401.0,401.0,401.0
B07QYF2QD3,6.0,,,,6.0
B07QYFMB52,,,,381.0,
B07QYKYS49,1028.0,1028.0,1028.0,,1028.0
B07QYPRGHP,,288.0,288.0,,288.0
B07QYR7YD6,,,,,2.0
B07QYSJYPK,,,,61.0,61.0
B07QZ5CTTF,,7684.0,7684.0,,7684.0
B07QZGV43Z,,,,240.0,240.0
B07QZJB4X5,,,,6.0,6.0
B07QZJFC2K,,,,,6.0
B07QZKLNJ6,,,,,381.0
B07QZNXYXQ,75.0,,,75.0,75.0
B07QZQYFP1,,,,,35.0
B07QZWH8KM,,,,14.0,
B07QZYG18X,,,,3.0,
B07QZZNM76,,,2.0,,
B07R16D3R1,,,,,8.0
B07R1VZQND,,228.0,,,228.0
B07R1XSRBN,249.0,249.0,,249.0,249.0
B07R1YSGG2,8.0,,,,
B07R2C7DL8,,,,,79.0
B07R3CFCXK,,,,3219.0,3219.0
B07R3GMKC3,,,,,269.0
B07R3GZ4H3,3757.0,,3757.0,3757.0,3757.0
B07R3J92Q8,,6.0,,6.0,6.0
B07R3ZYQW2,1160.0,1160.0,1160.0,1160.0,1160.0
B07R41HZNZ,93.0,,,,93.0
B07R43PCKD,28.0,28.0,28.0,28.0,28.0
B07R46C4V5,,,,4.0,
B07R4HRF9G,,18.0,,,18.0
B07R4J12X9,,,,,562.0
B07R4MQN4D,,1821.0,1821.0,,
B07R4MR6F1,,,,12163.0,12163.0
B07R4MRCDS,,12163.0,,12163.0,12163.0
B07R4V1BSW,,,,,17.0
B07R4Z7G7W,,,,,366.0
B07R56GGWC,,,,,366.0
B07R59YWJX,,340.0,,340.0,340.0
B07R5FB5HY,,,,,164.0
B07R5KMKNF,,,25.0,,25.0
B07R5MZNXR,,,,,12163.0
B07R5NG9PC,,,,,47.0
B07R5NZ8NB,,,,,35.0
B07R63MKSD,,,,,17.0
B07R65GRSM,,,16.0,,16.0
B07R68HR9X,,,160.0,,
B07R69VWTT,,,,,392.0
B07R69ZP7K,,,,,349.0
B07R6CQ1YC,,,,,11.0
B07R6LJG47,9784.0,9784.0,9784.0,9784.0,9784.0
B07R6LTP2C,,,12163.0,12163.0,12163.0
B07R6QQKTG,,,14.0,,
B07R6S33CH,,,5254.0,,5254.0
B07R7374WL,99.0,,,,
B07R75WYMQ,,,,73.0,
B07R76YQCR,,,,,366.0
B07R777471,,,,,2.0
B07R7GLJ89,16.0,,,,
B07R7KHFQS,861.0,,861.0,861.0,861.0
B07R7MLN3K,,,,27.0,27.0
B07R7PB4QG,,,,112.0,112.0
B07R7PMMGB,,,,12163.0,12163.0
B07R8LJBGJ,8.0,,8.0,,
B07R8S2NKG,,,,,61.0
B07R8TJTZX,,,,12163.0,
B07R8TJV11,,,,12163.0,12163.0
B07R8ZD5X4,,,,336.0,336.0
B07R9HPQJ6,,,2.0,,
B07R9K928F,,,,,8.0
B07R9N25LS,,,,,65.0
B07R9R6VD2,,,417.0,417.0,417.0
B07R9ZLDGG,,,,,12163.0
B07R9ZLKS8,,,,,12163.0
B07R9ZLSG8,,,,,12163.0
B07R9ZMRVS,,,,,1821.0
B07R9ZMTQD,,,,,12163.0
B07R9ZNFZQ,12163.0,12163.0,12163.0,12163.0,12163.0
B07RB12543,,,,,39.0
B07RB16ZV8,,,,,39.0
B07RBL52J5,,,,,10.0
B07RBNNNY3,,,12163.0,,12163.0
B07RBS31HB,,,,,14.0
B07RBS7T56,,,,14.0,
B07RC8PKWP,,,17.0,,
B07RD52TTP,,,,,20.0
B07RDFCHTV,4.0,,,,
B07RDMJ2NM,346.0,,,,346.0
B07RDMQJQ9,2445.0,2445.0,2445.0,2445.0,2445.0
B07RDMZFXD,,,,,118.0
B07RF1BQSF,,,,,24.0
B07RF5LG6L,,,44.0,,
B07RFGXTNM,4.0,,,,
B07RFLP23L,,435.0,435.0,,435.0
B07RFM27SG,,,,,6.0
B07RG1H1FR,,90.0,,90.0,
B07RG5Y13X,577.0,577.0,577.0,577.0,577.0
B07RG7MHR2,,,,119.0,119.0
B07RG8CF4R,,,,,28.0
B07RG8CGCZ,,,,,28.0
B07RGJ4ZRZ,,,255.0,255.0,255.0
B07RGJYD72,2535.0,2535.0,2535.0,2535.0,2535.0
B07RGK6P4Y,,,,,1809.0
B07RGLVB32,,,,,34.0
B07RGVNFKL,,,,77.0,77.0
B07RGWVZZ3,,,,,349.0
B07RHD8CXG,,,,,7.0
B07RHHVQ86,,,,,172.0
B07RJ14DZM,,254.0,,254.0,254.0
B07RJ2N53Z,,,214.0,,214.0
B07RJN9D22,231.0,,231.0,,231.0
B07RJNJS43,1537.0,,1537.0,1537.0,1537.0
B07RJSPWKZ,,,,,1381.0
B07RJTW6SF,,334.0,,334.0,334.0
B07RK1162H,,,,3833.0,3833.0
B07RK1L7XX,,136.0,,,136.0
B07RK33QJ1,,723.0,723.0,723.0,723.0
B07RK8MHFY,,,,23.0,23.0
B07RKSKCG7,,,3.0,,
B07RKSXD3W,,415.0,,,
B07RKWKFJ4,,1821.0,,1821.0,1821.0
B07RKXZL96,,,,,34.0
B07RKYLLX9,,,,,40.0
B07RL3Z9DT,144.0,,,,144.0
B07RL5XSTM,,387.0,,387.0,387.0
B07RL7YFVT,,,243.0,243.0,
B07RLKD89L,132.0,,,,132.0
B07RLLM4Y4,1381.0,,1381.0,1381.0,1381.0
B07RLPW8F6,,,,,10.0
B07RLQ56VH,24.0,,24.0,,
B07RLQD8VD,,,,54.0,
B07RLTJM9F,,87.0,,,87.0
B07RLXB361,,3.0,,,
B07RM262MW,,,,,96.0
B07RM5JYDS,,,,,219.0
B07RM617QQ,,,,,4.0
B07RMDFFZL,,,,,7.0
B07RMZTGFJ,,,,,19.0
B07RN5RWGD,,335.0,,,335.0
B07RN5VDHT,,,,16.0,
B07RNFG5WN,379.0,379.0,379.0,379.0,379.0
B07RNKLDW6,,,,194.0,194.0
B07RNMMT62,,,,,250.0
B07RNY8M7Z,,88.0,88.0,,
B07RP26WTL,,,16.0,,
B07RP4GNM4,,,45.0,,
B07RP5Y4DL,,,,,7.0
B07RPHY1W3,,,,,11.0
B07RPK275S,,,,154.0,154.0
B07RPT2J9Z,,38.0,,,
B07RPY8QM8,56.0,,,,
B07RQ18QB8,,,1339.0,1339.0,1339.0
B07RQ2T6VZ,4117.0,4117.0,4117.0,4117.0,4117.0
B07RQ6GGCN,,,,,92.0
B07RQBMDPD,,,,1113.0,
B07RQCT395,,,,,171.0
B07RQMQYB1,,,250.0,,250.0
B07RQNQLSS,,,,105.0,105.0
B07RQQ218R,,254.0,254.0,254.0,254.0
B07RQWQHK3,,,,,61.0
B07RQYR2P8,,,,,10.0
B07RR8RT7W,,,,,47.0
B07RRB3DJ8,4087.0,4087.0,4087.0,4087.0,4087.0
B07RRBRJXQ,,,,178.0,178.0
B07RRC8TQQ,,385.0,385.0,,385.0
B07RRPZVLF,,,,,156.0
B07RRQ4XXG,28.0,,,28.0,28.0
B07RRRGLMH,145.0,,,,145.0
B07RRSGPPB,,105.0,,,
B07RRYL5WR,1098.0,,1098.0,1098.0,1098.0
B07RS1P14J,,160.0,,,
B07RS2PQCK,,,,,1.0
B07RS377FQ,,,,,4.0
B07RS9BJ3V,,,,,9.0
B07RSBLFKH,1035.0,,1035.0,1035.0,1035.0
B07RSNCG81,,,,,6.0
B07RST377C,1567.0,1567.0,1567.0,1567.0,1567.0
B07RSVQ5SF,,,,,187.0
B07RSX3PX4,,,85.0,,85.0
B07RT6ZK8R,,,49.0,,49.0
B07RT9SS66,,,,,103.0
B07RTBW3WJ,,,147.0,147.0,147.0
B07RTJZCMV,,,463.0,463.0,463.0
B07RTK853Z,,,,,17.0
B07RTL98HX,226.0,,226.0,226.0,226.0
B07RTZQS9J,,,,,15.0
B07RV2L1S3,,,,210.0,210.0
B07RV36LNL,,,,189.0,189.0
B07RV3C36L,,528.0,528.0,,528.0
B07RV3Z6J5,528.0,,,,528.0
B07RV4ZSZX,,,,,4.0
B07RV9RYV8,,,81671.0,,
B07RV9X9QH,,,,,10.0
B07RVG1SK2,,,,,172.0
B07RVKGCPN,116.0,,,116.0,
B07RW2YHLB,,,463.0,463.0,463.0
B07RW4YW2L,1086.0,,1086.0,1086.0,1086.0
B07RWLJS5C,,,,,8.0
B07RWWGWLF,,,,,12.0
B07RWYGVHP,,,,,226.0
B07RWYQVY2,,,,20.0,
B07RX521SR,,,,,35.0
B07RX5W653,,35.0,,,
B07RX61Y8H,,,,35.0,
B07RX6ZH8N,,,,,1222.0
B07RXB4Y4D,,,,,365.0
B07RXCDWVN,,15253.0,15253.0,15253.0,15253.0
B07RXCF9QW,232.0,,232.0,,
B07RXJ4HB9,,,,,3.0
B07RXK8PH9,,,,,203.0
B07RXVP1WH,,3343.0,,3343.0,3343.0
B07RXX86G5,435.0,,,435.0,435.0
B07RXXMPR1,,,,56.0,
B07RY42Y7X,475.0,,,475.0,475.0
B07RY4NSRF,,,28.0,,28.0
B07RYFDMLY,,,,,20.0
B07RYJ919Z,1175.0,,,,1175.0
B07RYL1RJF,,,,,12.0
B07RZ25ZF7,,,,,99.0
B07RZ3335K,,,,15.0,15.0
B07RZ3VTCJ,,,,,12373.0
B07RZ48VHX,,,369.0,369.0,369.0
B07RZ4K79Q,,,,,18.0
B07RZBR5G9,,,,,365.0
B07RZJJ4K8,,,,,266.0
B07RZQHW76,,,,,11.0
B07RZR2HB3,,,,44.0,
B07RZRRDP1,,,33.0,,33.0
B07RZZTZS4,1619.0,1619.0,1619.0,1619.0,1619.0
B07S16HK5G,98.0,,98.0,,98.0
B07S16SYR8,,152.0,,152.0,152.0
B07S1FBJ86,,365.0,,,365.0
B07S1NQK76,,,,,5.0
B07S1WTPZS,30.0,,,,
B07S23QNMB,,27.0,,,27.0
B07S29Z41S,,,118.0,,118.0
B07S2HLX35,,,8.0,,8.0
B07S2PWQB4,,7.0,,,
B07S2S1Z8Y,48.0,,,,48.0
B07S2YFFPN,,,1.0,,1.0
B07S345FQ6,,4942.0,,,4942.0
B07S34FBWM,4942.0,,,4942.0,4942.0
B07S367BGZ,12.0,,,,12.0
B07S3FD9BB,,,,28.0,28.0
B07S3JS3FT,,,,,19.0
B07S3LCC9F,,,,,142.0
B07S3WZKHW,,,33.0,,
B07S42G5XS,,,,40.0,
B07S481JJN,,97.0,,,
B07S48CRKP,,15.0,,,
B07S4H4YQN,,,374.0,,374.0
B07S59J1WM,37.0,,,,37.0
B07S5LZ3C3,,,,,164.0
B07S614N4M,834.0,,834.0,834.0,834.0
B07S62B52Y,,,50.0,,50.0
B07S65VL95,,,,,9.0
B07S6KWM8L,,,,,516.0
B07S6SJ1G5,,,,,21.0
B07S6ZKQW7,,43.0,43.0,43.0,43.0
B07S75KX5H,,,,,54.0
B07S776BC8,,,,,446.0
B07S77DY1T,,,,,7.0
B07S7965QZ,,,,,1.0
B07S7C52MX,,,,,37.0
B07S7DPK31,,,,,5.0
B07S7TW28H,,176.0,,176.0,176.0
B07S845MJ3,,,,,40.0
B07S88XRMX,67.0,,,67.0,67.0
B07S88YNWZ,,,,208.0,208.0
B07S8B3XTX,,,,,3.0
B07S8LXCX4,,,,,516.0
B07S8NTDZ6,,,,,112.0
B07S8VHVY9,,,,,3.0
B07S8XJYMF,116.0,,,,116.0
B07S8ZKBSC,,,282.0,,282.0
B07S911MY6,,,,,282.0
B07S91GS72,,,,,6.0
B07S97KMWX,,24.0,,,24.0
B07S9BQXGD,,,,16.0,16.0
B07S9GH7NB,,,,612.0,612.0
B07S9JDDGC,,,,,32.0
B07S9T1PYX,,223.0,223.0,223.0,223.0
B07S9VCGXD,139.0,,139.0,,139.0
B07S9ZW8JW,,,734.0,734.0,734.0
B07SBDRH6T,,,,,184.0
B07SBLRN1N,,,,,3.0
B07SBN3RLD,,,,,84.0
B07SBN7PSS,,,37.0,37.0,
B07SBN8757,33.0,,,33.0,33.0
B07SBQSJMZ,,,,,21.0
B07SC1DQMY,,,,,734.0
B07SC3QNCB,,,,,87.0
B07SC5FSM2,,,,281.0,281.0
B07SC72RY3,,1471.0,1471.0,1471.0,1471.0
B07SCM96J9,,,,,24.0
B07SCM9SRQ,85.0,,,85.0,
B07SCMND7Z,,,,,33.0
B07SCQ15WY,,,,,12.0
B07SCR66C3,,,,,37.0
B07SCWLTM4,,,76.0,,
B07SCXCP4S,,,1149.0,,1149.0
B07SCZ8MMF,302.0,,302.0,,
B07SD7WK1B,,,17.0,,
B07SD7WMMQ,,16.0,,,
B07SDGNZ34,,,,,58.0
B07SDLVZL4,,,,54.0,
B07SDM944G,,,283.0,,283.0
B07SF5YVNL,,,12.0,,12.0
B07SG5ZHLG,23.0,,,,
B07SG6FJG2,,,,25.0,25.0
B07SG896PT,,,,,4.0
B07SG9L8QF,310.0,,310.0,310.0,310.0
B07SGCM7RR,,577.0,577.0,,577.0
B07SGCVRCG,166.0,,166.0,166.0,166.0
B07SGDPC9K,,,,,5.0
B07SGMT916,,,,,1180.0
B07SGWGBK4,,282.0,,,
B07SH5RMFS,,,,,134.0
B07SHFCC9Q,,,,,97.0
B07SHSQMCW,,,,,124.0
B07SHT82V1,,,,,1.0
B07SJ3LNLL,,,,,5.0
B07SJ4C24T,499.0,499.0,,499.0,499.0
B07SJ5XWPJ,,,,232.0,232.0
B07SJ7MFPH,,,,,232.0
B07SJ9V9GK,,,9.0,,
B07SJB4Q1Y,,,,41.0,
B07SJBKC65,,,,,42.0
B07SJBV15L,,,,,40.0
B07SJVQDVV,,,,,73.0
B07SJYLTYC,,,,,31.0
B07SK1K68K,,,,,2.0
B07SK6G6NZ,,,59.0,59.0,59.0
B07SKFG4R2,,,,,50.0
B07SKG4KYD,,,818.0,,818.0
B07SKJL3SS,,,,,28.0
B07SKLMGS9,,,,,23.0
B07SKQ2RC9,,,5.0,,
B07SL2RKJK,43284.0,43284.0,43284.0,43284.0,43284.0
B07SL2X217,43284.0,43284.0,43284.0,43284.0,43284.0
B07SL91ZQ4,,,,,1202.0
B07SL99JFN,307.0,,,,307.0
B07SLCMB6S,,,,190.0,190.0
B07SLKRNLV,,,,,29.0
B07SLS3J4N,,,,,118.0
B07SLT9WHL,683.0,683.0,683.0,,683.0
B07SLVWB7G,18.0,,,,
B07SLXLPDV,8171.0,8171.0,8171.0,8171.0,8171.0
B07SM2ZFPR,,,,271.0,271.0
B07SM6HJTY,,43284.0,43284.0,43284.0,43284.0
B07SM9SY7L,1125.0,,,1125.0,1125.0
B07SMDW2C7,,,1202.0,,1202.0
B07SMP1VFC,,,,,14.0
B07SMS9XRR,,,,,282.0
B07SNPBJ55,,,,,29.0
B07SNR7V7C,,,3.0,,
B07SPF8712,,,4.0,,
B07SPH8XYL,,,,,14.0
B07SPKDT4D,3.0,,,,
B07SPR9DVT,,,,,22.0
B07SQ7769L,,524.0,,,524.0
B07SQ78PWC,524.0,,,524.0,524.0
B07SQ78V3G,11.0,,,,
B07SQQ5PLL,,,,,16.0
B07SQQBJWZ,,145.0,145.0,,145.0
B07SQTWW8S,,43284.0,43284.0,43284.0,43284.0
B07SQW4PV5,,,,,43284.0
B07SQX4FLV,,,,,15.0
B07SR7BPF7,,,,,3.0
B07SRPG323,,,54.0,,
B07SRWZZQN,33.0,,,33.0,
B07SS6LFRT,5662.0,5662.0,5662.0,5662.0,5662.0
B07SSSBDD7,,,16.0,,16.0
B07SSSBTY9,,,,16.0,16.0
B07SSVHLZT,691.0,691.0,,691.0,691.0
B07SSX9G2P,,,,26.0,
B07SSXP5WJ,,2028.0,2028.0,,2028.0
B07ST9BLDY,,,,3.0,
B07STHX2XH,1031.0,,,,
B07STJ4146,,,1680.0,1680.0,1680.0
B07STP5JXW,278.0,,,,
B07STTGLWY,,,,,4602.0
B07SV1L9Y4,,,,,92.0
B07SVPVB9G,,,,104.0,104.0
B07SVWTFFV,,,,,202.0
B07SVZX1WM,,,,,347.0
B07SW1X599,,,,,413.0
B07SW4MLC6,45.0,,,45.0,
B07SW7CGTX,,,,,301.0
B07SW8CQJK,,,,25.0,25.0
B07SW9XZZL,,,,17.0,
B07SWZ7NCV,,,15006.0,,15006.0
B07SX9T434,301.0,,301.0,,301.0
B07SY8JBTM,,,,,13.0
B07SY8LRJR,,,,,1144.0
B07SYKB27S,,,,,6.0
B07SYP5M9Q,,,2028.0,2028.0,2028.0
B07SYYXDSC,,,9.0,,
B07SYZMNGR,,,,37.0,37.0
B07SZ9JQW3,,,,,3141.0
B07SZBSLPX,,,649.0,649.0,649.0
B07SZD4T9Z,,,,16.0,
B07SZGYN8X,1103.0,,,1103.0,1103.0
B07SZM54T1,,,,,70.0
B07T11L9VL,,341.0,,341.0,341.0
B07T1G6BHX,,,,649.0,649.0
B07T1HNX6F,,,,,16.0
B07T1J3ZZ1,,,,,7.0
B07T1QQG3B,,,,,16.0
B07T1WS32X,15.0,,,,
B07T1WXPVN,,,,91.0,
B07T21SPDZ,,,,25.0,
B07T2FJM63,,,,3141.0,3141.0
B07T2GNKMD,649.0,,,649.0,649.0
B07T2GSNDH,,,,,36.0
B07T2HT6FT,,,120.0,120.0,120.0
B07T2YBVXP,1594.0,1594.0,1594.0,1594.0,1594.0
B07T32NSJ9,,,7.0,,
B07T3CQWF6,,,,,28.0
B07T3FW892,,,,,970.0
B07T3J1SP2,,,,,140.0
B07T3J81PT,,,,,25.0
B07T3JBYK2,,,,,17.0
B07T3L92MN,,,3948.0,3948.0,3948.0
B07T3P6HMH,,,148.0,148.0,148.0
B07T3R3VY9,,,,,66.0
B07T3RRY1G,,151.0,,151.0,151.0
B07T42Y6YR,,,,,58.0
B07T47786J,,,,,43.0
B07T4H8T1D,,173.0,173.0,,
B07T4HQWBH,,,,33.0,
B07T4L3WK8,,,,,23.0
B07T4LZ884,,,,,4.0
B07T4LZC5W,,,,,13.0
B07T4LZSWH,,,,,13.0
B07T4TCTV2,,,,25.0,
B07T53X54J,,,,,515.0
B07T54QCL7,,,,,2.0
B07T57V6Z8,,,,,2.0
B07T5BG5WH,,,,1064.0,1064.0
B07T5HZ1JV,,,3141.0,,3141.0
B07T5KCBNQ,,,,,167.0
B07T5RBSDH,61.0,,,,
B07T64KGNZ,,,,,86.0
B07T64MBR3,,,,,13.0
B07T6CWBRN,,,,,37.0
B07T6DFBK7,,,,31.0,31.0
B07T6T1DZN,,,2.0,,
B07T6XY59S,,,,,1005.0
B07T72BF6P,,,194.0,194.0,194.0
B07T7KV9X8,,,18.0,,18.0
B07T7VSX29,,,,2.0,
B07T7XY2DM,,,,204.0,204.0
B07T7YFJXQ,,,,,17.0
B07T7Z92KP,,,,,44.0
B07T8178TH,,,,,204.0
B07T81KPVK,,,,1220.0,1220.0
B07T86X6RW,154.0,,,,154.0
B07T8F816V,2987.0,2987.0,2987.0,2987.0,2987.0
B07T8GC2K9,,,,57.0,57.0
B07T8GPRC6,,,,,198.0
B07T8GSL2Z,,,,,198.0
B07T8SR5J4,,,52.0,52.0,52.0
B07T91BHZV,,,,,10.0
B07T91Q7XW,1566.0,,1566.0,1566.0,1566.0
B07T932BHV,,,,,36.0
B07T94129D,,,,20.0,
B07T9B926S,,,473.0,,473.0
B07T9K2RXL,,,,,57.0
B07T9L92SQ,,,,682.0,682.0
B07T9ML82K,,,,,8.0
B07T9SCG27,,,,,9.0
B07T9XCMBZ,,,,,225.0
B07TB61S7R,,184.0,,,184.0
B07TB65MQK,,,,,8.0
B07TB7SRST,,,,,184.0
B07TBBHP23,,,,,30.0
B07TBCXCJH,,,859.0,,859.0
B07TBZX6S3,2107.0,2107.0,2107.0,2107.0,2107.0
B07TC5W6G8,,,,184.0,184.0
B07TC5W6GB,,,,184.0,184.0
B07TC7SX8W,359.0,,,,359.0
B07TC8112W,,,,,188.0
B07TCDJNYV,,,,,220.0
B07TCHQL6N,,,,,4.0
B07TCKFZ6M,,,,,88.0
B07TCPLZX4,,,,100.0,100.0
B07TCSSF59,,,,,23.0
B07TD14VT3,,,,,175.0
B07TD4Q55Y,,,,,364.0
B07TD4VLTY,,,,7.0,
B07TDB97QW,963.0,963.0,,963.0,963.0
B07TDBXQKK,,,,,12.0
B07TDC3Z7D,,,,,48.0
B07TDF5X33,,,,109.0,109.0
B07TDJ3NZ1,,,,,19.0
B07TDN3LBL,3088.0,3088.0,3088.0,3088.0,3088.0
B07TDX5LY9,,,,,366.0
B07TDYGX6Z,389.0,,,,389.0
B07TF8GS22,,,,30.0,
B07TG792HW,,,,,50.0
B07TGGRDPD,,,,54.0,54.0
B07TGHTLZL,,289.0,,289.0,289.0
B07TGJ7WKT,,,,,4.0
B07TGSRRH7,,,,197.0,197.0
B07TGTXTB8,,,,27.0,
B07TH22WTL,81.0,,81.0,81.0,81.0
B07THDGHHZ,,,459.0,459.0,459.0
B07THDGYYQ,,,,,251.0
B07THGKQ13,,272.0,,272.0,272.0
B07THJ4J6C,,,,,289.0
B07THQF916,51.0,51.0,,,51.0
B07THQRGJZ,,,,,27.0
B07THR856R,,,,88.0,88.0
B07THRJCW6,,,,2.0,
B07THWGSM3,,,,,461.0
B07THZGJSH,,901.0,901.0,901.0,901.0
B07TJ3NQ16,,,,,67.0
B07TJ62CBK,,,79.0,,79.0
B07TJGB85M,,,,,1049.0
B07TJSW5HR,,,,,2318.0
B07TJV1R6S,,,,,12.0
B07TJVGR7Y,,,,567.0,567.0
B07TKB6649,,,,,396.0
B07TKCN3JT,,,,,10.0
B07TKLD89M,,,,,16.0
B07TKLH4L6,3.0,,,,
B07TKNDBY5,,,,1.0,
B07TKR9Z2C,,,20.0,,20.0
B07TKW3L4Y,,,85.0,,85.0
B07TL8KPNG,,,,,111.0
B07TLB79SV,,,,,2.0
B07TLJ3TBK,,20.0,,,20.0
B07TLKXJGD,28.0,28.0,,,
B07TLNDZH1,,,,,327.0
B07TLTF5SM,,,,44.0,44.0
B07TMNPLG8,,,379.0,379.0,379.0
B07TN3298S,,,,,30.0
B07TN8TQ6J,,,,,27.0
B07TNFQX8P,6404.0,6404.0,6404.0,6404.0,6404.0
B07TNNTL18,15.0,,,,
B07TNPN499,,,,,15.0
B07TNQHTDM,,,21.0,,21.0
B07TNRLRWF,,,,31.0,31.0
B07TNVSH8Q,17.0,,,,17.0
B07TNYP2YV,,,,,215.0
B07TP6B926,,15.0,,,15.0
B07TQ395SQ,,,378.0,378.0,378.0
B07TQ7Y2B8,,,,,39.0
B07TQF8F7D,12.0,,,12.0,12.0
B07TQGHGR6,,,27.0,,27.0
B07TQHBBT7,,,,,27.0
B07TQLYKLZ,,,,,396.0
B07TR5KMZZ,,,,158.0,
B07TRBSY3Y,,,,,33.0
B07TRFBHH1,8977.0,8977.0,8977.0,8977.0,8977.0
B07TRFSL6W,,,,,27.0
B07TRLH2V1,,,,402.0,402.0
B07TRLJKW1,,,,,410.0
B07TRP2L22,,,114.0,,
B07TRQ7FGB,65.0,65.0,,,65.0
B07TS6WL73,,,,29.0,
B07TS7QHLS,,,,,192.0
B07TSCG9MP,,,,,872.0
B07TSCPC3W,540.0,,540.0,,540.0
B07TSCTWFS,,,539.0,,539.0
B07TSJPJVT,,,,6.0,6.0
B07TSJTYDP,,,13.0,,
B07TSKSJKP,,,,,20.0
B07TSP37FM,,,,157.0,
B07TSPDR26,,,,18.0,
B07TTGF8LW,,,1083.0,,1083.0
B07TTRKPTJ,,,,,13.0
B07TTSM7RN,,,,157.0,157.0
B07TV1SKLQ,,,,,402.0
B07TV2L1WJ,,,402.0,402.0,
B07TV3BV7V,64.0,64.0,64.0,,
B07TVC93V6,,,,,43.0
B07TVF7TPX,,,,,163.0
B07TVGFGCY,3130.0,3130.0,,3130.0,3130.0
B07TVHVK3D,,,,,540.0
B07TVJ1SBB,,,,143.0,
B07TVRQMDM,52.0,,,,
B07TW3TBN1,,,,,17.0
B07TW4JRJY,,8171.0,,,8171.0
B07TW65ZJP,,,,,15.0
B07TW7TCPW,,35.0,,,
B07TWC5ZQC,,,,,36.0
B07TWCVYC4,,,,,58.0
B07TWDX2ZF,,131.0,,,131.0
B07TWK714X,443.0,443.0,,,443.0
B07TWLK8MW,,,268.0,,268.0
B07TWLKVPV,,,,47.0,
B07TWQW1J2,,,195.0,195.0,195.0
B07TWVNY8Y,,16.0,,,16.0
B07TWVR4SQ,,,,,63.0
B07TWYP6NM,,,,14.0,
B07TX52GJF,2143.0,,2143.0,2143.0,2143.0
B07TX9NGTP,17.0,,,,
B07TXBCMLK,,53.0,,,
B07TXCN87W,,,201.0,201.0,201.0
B07TXDXWSH,,,,,31.0
B07TXYYRXF,,,,,3.0
B07TY2K8DS,,,,,132.0
B07TY3P97L,,,,50.0,50.0
B07TYB2FT9,,,2.0,,
B07TYLGLR6,,351.0,,,351.0
B07TYLPVNM,,,,,12.0
B07TYNGQST,,,,,351.0
B07TYVQLQF,255.0,255.0,,,
B07TYW1K42,,,5.0,,
B07TZ2V3TL,,,,260.0,260.0
B07TZG18LH,,,,,79.0
B07TZG5DD1,,,,,126.0
B07TZGRZPF,,,,,1.0
B07TZHWMF1,,,,,700.0
B07TZKDPDJ,,,,,2111.0
B07TZWCTC8,,,,,5.0
B07V1F7QM6,,,51.0,,51.0
B07V1H2QR2,,,,2111.0,2111.0
B07V1YQ7HR,,,,,10.0
B07V22519W,,,3.0,,
B07V2DKL6K,,,29.0,,
B07V2F5HZV,,,,,29.0
B07V2H2FHG,,279.0,279.0,279.0,279.0
B07V2L5X16,108.0,108.0,,,
B07V2ZKCGL,,,,,196.0
B07V32FXBR,,403.0,,403.0,403.0
B07V36X8VF,,,,,14.0
B07V3BX831,,,,,4.0
B07V3CDR87,50.0,,,50.0,50.0
B07V3JPMTF,,,,2.0,
B07V3MDTF3,4819.0,4819.0,4819.0,4819.0,4819.0
B07V3MHLLW,1174.0,,,1174.0,1174.0
B07V3QTQGY,,,37.0,,37.0
B07V42K7NM,,,,14.0,
B07V4764KG,50.0,,,,
B07V4CJ8MM,,,,303.0,303.0
B07V4JPKG9,,,,331.0,331.0
B07V4VWPL2,,,164.0,164.0,164.0
B07V5F26WN,,,,,53.0
B07V5FFD5R,,,,,4.0
B07V5M2B9K,,,,,25.0
B07V5V54TR,,127.0,,,127.0
B07V6C38F6,,,,,8.0
B07V6K7WLV,,,,,7.0
B07V6LGN1M,,,,7.0,
B07V6QJYQT,516.0,,,,
B07V6RQPXV,,,,,75.0
B07V6WCTD9,1048.0,1048.0,1048.0,1048.0,1048.0
B07V6X1PS8,,,,,5.0
B07V7B2BKK,,,,,4.0
B07V7VVMZS,,,,,40.0
B07V7WJ6KQ,1.0,,,,
B07V7WJG13,,,124.0,,124.0
B07V7XS64G,,,,,9.0
B07V81QX7X,,,,,41.0
B07V8GPQ39,,265.0,,265.0,
B07V8H65ZP,,,,,53.0
B07V9CMKC3,,,,,82.0
B07V9M8MLJ,,,,,33.0
B07V9TZPS4,,,814.0,,814.0
B07V9WNPH3,,,,,105.0
B07V9WY88X,,,2.0,,
B07VB83FLF,10454.0,10454.0,10454.0,10454.0,10454.0
B07VBBH33N,,,,,221.0
B07VBBTB33,69.0,,69.0,,69.0
B07VBDCP6P,,,,,67.0
B07VBGJNB5,,,,,567.0
B07VBGT9KH,,,,,6.0
B07VC34P9F,,2089.0,,,2089.0
B07VC4G3NL,94.0,,,94.0,94.0
B07VCC8678,,10454.0,10454.0,,10454.0
B07VCCBXH3,4006.0,4006.0,4006.0,4006.0,4006.0
B07VCCQL86,,,563.0,563.0,563.0
B07VCD51ZP,,,,139.0,139.0
B07VCKHNCY,,,,,49.0
B07VCSG6BW,,,,,124.0
B07VD2D46V,,,,,151.0
B07VDDNCRL,240.0,,240.0,240.0,240.0
B07VDG5JW4,,,40.0,,
B07VDH2SCB,,,,1681.0,1681.0
B07VDHDH8P,70.0,70.0,,,
B07VDVN3V8,,,,,39.0
B07VFB2XS4,134.0,,134.0,,134.0
B07VFF1T78,759.0,,759.0,759.0,759.0
B07VFG89BP,,,,,48.0
B07VFQVDK4,30.0,,,,
B07VFWFSQ8,,,,,95.0
B07VFXB8JK,,,,,36.0
B07VFZL6BS,,,,,82.0
B07VG7GMDP,,,,,2.0
B07VG8635V,4542.0,,,,4542.0
B07VGHFPVJ,53.0,,53.0,,
B07VGQ8MQ1,,,,,73.0
B07VGTQHN3,,,634.0,,634.0
B07VH8PMC3,102.0,,,,
B07VHC16FH,,,,,5.0
B07VHC94SZ,77.0,,,,
B07VHL4YCV,,,,,151.0
B07VHPX7PW,,,,,16.0
B07VJ8RC1P,67.0,,67.0,,67.0
B07VJCVD8X,,,,,30.0
B07VJD194R,365.0,,365.0,,365.0
B07VJFYMJC,,,,,655.0
B07VJGVC36,,,,1.0,
B07VJH932Y,840.0,,,,840.0
B07VJWZWSV,4.0,,,,
B07VK1MB81,,,24.0,24.0,24.0
B07VK4XVBK,,,,,4.0
B07VK96BJG,,,,,4542.0
B07VKNGM2G,144.0,,144.0,,
B07VKT4FFB,,,,,8.0
B07VKT9Y9W,,,,,1.0
B07VKYVF8Y,79.0,,,,
B07VL35WNZ,,,,2.0,
B07VLBYV3F,,,,191.0,191.0
B07VLCH8CJ,,,,,13.0
B07VLFZBW2,,,87.0,,87.0
B07VLJW99N,,,,,168.0
B07VLLQXHQ,837.0,837.0,,837.0,837.0
B07VLQ1YW9,,,,,1.0
B07VM8WWN6,7.0,,,,
B07VM9ZFSB,,4542.0,,,
B07VMDKTTZ,,,,,13.0
B07VMDTFTG,,,,,14.0
B07VMVNRQF,,,,34.0,34.0
B07VMVRS8G,,,,,1.0
B07VN1MM7V,,,,,5.0
B07VNBB1J5,,,,,3.0
B07VNCQLCM,,,,47.0,
B07VNFQ4F1,,,,,32.0
B07VNGXL93,,,,,7.0
B07VNSKYGS,,,,,104.0
B07VNTQC1M,,,,17.0,
B07VNVD4KV,,,,12.0,
B07VPBV8N9,,365.0,365.0,,365.0
B07VPW5DQN,,,,,35.0
B07VQJ6FZB,94.0,,94.0,,94.0
B07VQJJTHG,112.0,,,,112.0
B07VQRH557,,,,,23.0
B07VR578Q5,,4.0,,,
B07VRB6CY5,,,,803.0,803.0
B07VRCCDT2,,27.0,,,
B07VRDBYFB,,,,,602.0
B07VRMCMWJ,,,,,106.0
B07VRNW519,,,,,18.0
B07VRP1K5L,1461.0,,,1461.0,1461.0
B07VRP7BWN,30.0,,,,
B07VRRCQCK,,94.0,94.0,,94.0
B07VRVXFWG,,,,,50.0
B07VRYGNBL,,,,,20.0
B07VS9KKFH,185.0,,185.0,185.0,185.0
B07VSCZ3G6,513.0,,,513.0,513.0
B07VSKZTJX,1300.0,1300.0,,,1300.0
B07VST4916,,27.0,,,
B07VT21C5P,,,,845.0,845.0
B07VTC465H,184.0,,,,
B07VTMHLBX,996.0,,996.0,996.0,996.0
B07VTNCX9D,1177.0,1177.0,1177.0,1177.0,1177.0
B07VTSYL2P,,,,99.0,
B07VV76KRP,444.0,,,444.0,444.0
B07VV76Y99,,,,444.0,444.0
B07VVB8LJG,1103.0,,1103.0,1103.0,1103.0
B07VVHMMHQ,,,,,158.0
B07VVKBPRN,,,,,28.0
B07VVM32XQ,,,,,101.0
B07VVNTC4V,,,,88.0,
B07VVVBFT7,,,,,113.0
B07VWBYL2Y,27.0,,,,27.0
B07VWCQJXG,,,,,525.0
B07VWKKBPY,,,2547.0,2547.0,2547.0
B07VWKVC8Z,475.0,,475.0,475.0,475.0
B07VWNLGTP,,,,,1.0
B07VWSPXYK,,,,,621.0
B07VX4Y69N,,18.0,,,18.0
B07VX6J64V,,,,,95.0
B07VXNHMGY,,,,,22.0
B07VXNP7KZ,,,,24.0,
B07VXQM3H5,,,,,101.0
B07VXRQPMM,431.0,,431.0,431.0,431.0
B07VY2SG97,22.0,,,,
B07VY5RZYN,,,,,19.0
B07VYRLK5Z,76.0,,,76.0,76.0
B07VYXW5LD,6.0,,,,
B07VZ6LXQH,3.0,,,,
B07VZR3PXS,,,,,57.0
B07VZSSJV2,1685.0,1685.0,,1685.0,1685.0
B07W115W5V,,,,,41.0
B07W11PCVC,,3750.0,,,3750.0
B07W11Y9FL,,,,,1037.0
B07W14SKRC,,,,,104.0
B07W1C9G7X,9.0,,,,
B07W1HWV9R,,2008.0,2008.0,2008.0,2008.0
B07W1YTDSD,,,,,27.0
B07W228PZG,,,,,163.0
B07W3QG6X4,,,,,8.0
B07W41N3R4,,,,,35.0
B07W43CTXC,,,,111.0,111.0
B07W4G2X9W,,113.0,,,113.0
B07W4HSS33,3821.0,3821.0,,3821.0,3821.0
B07W4JSYGT,,,,145.0,145.0
B07W4S95QS,23.0,,23.0,,
B07W4TWDFN,98.0,,98.0,98.0,
B07W55SVXT,,,147.0,,
B07W5B4ZRK,1172.0,,1172.0,1172.0,1172.0
B07W5JXKD3,17.0,,,,
B07W5QJF3Z,,,238.0,238.0,238.0
B07W5WQBJ9,,,,,32.0
B07W5YWWXM,,,,,6.0
B07W5Z234P,,,,,169.0
B07W5Z3437,,,,,169.0
B07W65NNZF,,,,,2.0
B07W68CZ6G,,,2.0,,
B07W68FNXM,4542.0,,,,
B07W6LJKSH,,,,,83.0
B07W6NG95J,4.0,,,,
B07W6QSN1J,,,,23.0,
B07W6QWXYP,238.0,,,238.0,238.0
B07W6S42S4,,,,,5.0
B07W7B6RK9,,,,,28.0
B07W7RT1HC,,,,,248.0
B07W7V4TN1,,,,77.0,
B07W7VW3HH,,187.0,,187.0,187.0
B07W7XX45W,,,105.0,105.0,105.0
B07W85YSF7,,,,,307.0
B07W8J2WMD,,,,,25.0
B07W8S7P5J,7747.0,7747.0,7747.0,7747.0,7747.0
B07W8T9CDQ,,,,,4006.0
B07W8TTTB9,,,,,165.0
B07W8ZJ7XT,321.0,,,321.0,321.0
B07W955KZ9,,,,,189.0
B07W973SFG,,,,,6.0
B07W994JFF,,,,4.0,
B07W9K89FX,339.0,,,,
B07W9L2G9S,,,,,111.0
B07WC7LRPG,,,,,8.0
B07WC9RV7Y,,,,,1843.0
B07WCFSZDZ,,,,,4.0
B07WCMMC8Z,,819.0,819.0,819.0,819.0
B07WCN2PVF,,,,,62.0
B07WCN5PSY,,,,1.0,1.0
B07WCP75DF,,350.0,,350.0,350.0
B07WCTQ7JN,182.0,,,,182.0
B07WCWJZDY,106.0,,106.0,,106.0
B07WD942J6,,,,70.0,
B07WDH27WX,,,,215.0,215.0
B07WDHRWBB,,,,,24.0
B07WDKFYF7,,,,100.0,100.0
B07WDMGRWS,,,38.0,,38.0
B07WDMZ6JX,2298.0,,2298.0,2298.0,2298.0
B07WDQRG5R,,,,,6.0
B07WDV9FLZ,,,1787.0,1787.0,1787.0
B07WDVPRKF,,,,,357.0
B07WDWC8BF,,,9.0,,9.0
B07WFGKNYL,234.0,,,234.0,
B07WFJLXY9,,,,,60.0
B07WFKRSSV,,,,,2.0
B07WFSXR4V,119.0,,,119.0,
B07WFV1HCC,,,157.0,,157.0
B07WG7R11D,,673.0,,,673.0
B07WG9L4LJ,82.0,,,,
B07WGFJ6VD,,,,,24.0
B07WH2DSV4,,,,,142.0
B07WH2F4LY,,,28.0,,
B07WHGRMZ3,,,,,93.0
B07WHJ298R,,917.0,,,917.0
B07WHQF7YD,2.0,,,,
B07WJ1RZT8,,,,,76.0
B07WJJB9CG,7.0,,,,
B07WJKNRFD,,,,,63.0
B07WJL2R92,,,,584.0,584.0
B07WJWK5YQ,4748.0,4748.0,4748.0,4748.0,4748.0
B07WJX8C13,,,,,4.0
B07WKCV62S,3088.0,,3088.0,,3088.0
B07WKVTTKF,,,,,256.0
B07WL64YNK,,,,,4504.0
B07WLLJT1Z,,,6.0,,6.0
B07WLMVV64,,,67.0,67.0,
B07WLT3Y6X,,,,,16.0
B07WLY5RYP,,,,,43.0
B07WMFVD4F,,,,,7.0
B07WMNNFBB,,,,,1.0
B07WMWJV4K,,,,568.0,568.0
B07WN1QGLL,,,,60.0,60.0
B07WN34J15,,,,,27.0
B07WN6L427,74.0,,,,
B07WNG41GH,,,,,61.0
B07WNSFC38,,,,,20.0
B07WNT13L6,,,,75.0,
B07WNTBJ2T,,,,35.0,
B07WNVY83R,,,7.0,,
B07WP9CFGD,,,,2077.0,
B07WPB4D5Y,,,,,75.0
B07WQG3GFT,,,357.0,,357.0
B07WQG8GQL,,,,,129.0
B07WQXKFM3,,,,,152.0
B07WQYM76Y,,133.0,,,
B07WR4TNP6,,,,,80.0
B07WRBQL3G,237.0,237.0,,237.0,237.0
B07WRDSXP9,,,,4.0,
B07WRKWKHH,17.0,,,,17.0
B07WRN258J,,,63.0,63.0,63.0
B07WRQS185,,,,,636.0
B07WRX55JK,,3060.0,3060.0,3060.0,3060.0
B07WS4X7YP,,,2077.0,2077.0,2077.0
B07WSC77CB,,,,,152.0
B07WSKCX3V,,,,,32.0
B07WSRRZ2X,,,,,186.0
B07WST3L1D,,,,,1113.0
B07WSVT7DC,,,370.0,,
B07WSXPJC1,,,,,127.0
B07WSXVJR7,63.0,,,,63.0
B07WSZSYQB,,,26.0,26.0,
B07WT1LNCQ,,,,,167.0
B07WT5SWPL,,,,,202.0
B07WTVDSDJ,,,,,93.0
B07WTXHYQT,268.0,268.0,268.0,,268.0
B07WTZ9RNB,,,,442.0,
B07WV934DM,363.0,,,,363.0
B07WV958SL,8310.0,8310.0,,,8310.0
B07WVSS16Q,214.0,214.0,214.0,214.0,214.0
B07WVWDWK4,,,,169.0,169.0
B07WVWY899,,,144.0,,144.0
B07WVX9CM7,,,,,71.0
B07WWXK9XJ,,,,,7.0
B07WWYJ1X8,615.0,615.0,615.0,615.0,615.0
B07WXJW7T8,,6.0,,,
B07WXQGCZG,103.0,,,,
B07WY4T31W,,,,,43.0
B07WZDGZBR,,,,5087.0,
B07WZJYZQB,,,,,21.0
B07WZPJXJQ,,,,,11.0
B07WZTW31G,1793.0,,1793.0,1793.0,1793.0
B07WZVYT6P,,,,2538.0,2538.0
B07WZWHY3V,,,162.0,,
B07WZWNX82,,700.0,700.0,700.0,700.0
B07WZY7F2T,,,10.0,,10.0
B07WZYKPXH,,,,,32.0
B07X11GCFJ,,,,,7.0
B07X134GXW,,,,49.0,49.0
B07X1K7N5C,,,,31.0,
B07X1MF7R8,,,,,115.0
B07X1PHN9J,,,117.0,117.0,
B07X1W99V9,,,,6.0,
B07X25XGQD,,5.0,,,5.0
B07X2952B4,237.0,,,,237.0
B07X29GNFB,,,,,49.0
B07X2K11SS,,,,28.0,28.0
B07X2L4DQR,,,,,226.0
B07X2R8926,,,137.0,137.0,137.0
B07X2SCS5L,,,,,3.0
B07X2W3Q99,,,,4.0,
B07X2XC9KV,293.0,,,293.0,293.0
B07X32NMY3,,,,,21.0
B07X34LVQD,,,,,22.0
B07X34X2XR,,,,,68.0
B07X36YQK7,,,,,71.0
B07X37YP1L,135.0,,,,
B07X3C4JTK,240.0,240.0,,240.0,240.0
B07X3H9BKB,,429.0,,429.0,429.0
B07X3T6L3H,,,,,48.0
B07X48RR3K,,,,,7.0
B07X49485M,,,,,18.0
B07X555SF1,,,,222.0,222.0
B07X5DMGWM,,5.0,,,
B07X5VWL26,,,,,114.0
B07X652WHP,,,,,7.0
B07X658WJC,,,411.0,411.0,411.0
B07X6LD8C2,,,,,67.0
B07X7HPYNS,14712.0,14712.0,14712.0,14712.0,14712.0
B07X7QY343,,,,,11.0
B07X7ZXZY2,,69.0,,69.0,69.0
B07X82DHWW,,,,,26.0
B07X8T3PZ6,,,,357.0,357.0
B07X966WT9,,,254.0,254.0,254.0
B07X9LJJXF,,,91.0,,
B07X9QS9TJ,,1.0,,,
B07X9Y8ZNP,,,,,478.0
B07X9ZFZP7,,,,,280.0
B07X9ZT8YM,,,,303.0,303.0
B07XB6L53N,,,,,12.0
B07XBW528N,,,,,85.0
B07XC12651,,,55.0,,55.0
B07XC5PFVQ,,,,16.0,
B07XCKQSXP,,,,,9.0
B07XCV3977,,,,,11.0
B07XDKM69V,,,6.0,,
B07XDMHZX5,,384.0,384.0,,384.0
B07XDMQH1J,,,,,1999.0
B07XDRZFPP,,,,,257.0
B07XDT83MV,,,,,337.0
B07XDTDSB9,,,,,122.0
B07XDWVLJC,,,51.0,,
B07XDYR55K,,,,,39.0
B07XF1LWGD,,,,,239.0
B07XF6HR7V,911.0,911.0,911.0,911.0,911.0
B07XG13SVP,,1473.0,1473.0,1473.0,1473.0
B07XG651TF,,2418.0,,,2418.0
B07XG6G8PZ,,,165.0,,165.0
B07XG8FM5Q,,1378.0,1378.0,1378.0,1378.0
B07XGQCLCT,,,,,46.0
B07XH54GM1,2418.0,,2418.0,2418.0,2418.0
B07XHNP8FC,,,,2771.0,2771.0
B07XJ12DX3,,,,,181.0
B07XJ8T2BC,1009.0,1009.0,1009.0,1009.0,1009.0
B07XJQM3MH,,,54.0,,
B07XJXHKVN,,,,,19.0
B07XKPZC35,,,,,34.0
B07XKSF7HQ,,,,,3129.0
B07XKSMGW6,,,,1150.0,
B07XLHWXDK,265.0,,,265.0,265.0
B07XMC2G3H,,,,1.0,
B07XMDW7KB,,,,1009.0,1009.0
B07XNT3GW9,16.0,,,,
B07XNXGLJX,,,77.0,,77.0
B07XNXHGC4,,,,,16.0
B07XNXMNZN,,85.0,85.0,,85.0
B07XNXMYSY,,,,,104.0
B07XNXZGLY,,,,,212.0
B07XNY2DF1,,,103.0,103.0,
B07XNYMCS8,,14.0,,,
B07XNYWJGH,,213.0,,,213.0
B07XNZZJLN,251.0,,251.0,,251.0
B07XP1PCFX,,,,,31.0
B07XP1TLKF,,,,,93.0
B07XP7YS3C,,965.0,,,965.0
B07XQ7MLPW,,,181.0,,181.0
B07XQ9Y88J,,397.0,397.0,,397.0
B07XR9H5H8,,215.0,,215.0,215.0
B07XSDW51C,,,,,1.0
B07XSKPS7R,,,,,35.0
B07XSNHFNZ,,,,,1181.0
B07XT5JZQJ,,,34.0,34.0,34.0
B07XT73S7B,,,,,22.0
B07XTC1Y7B,24.0,,,,
B07XTDMG7D,,,,,12.0
B07XTQZY62,282.0,,282.0,282.0,282.0
B07XVHVZ9T,,,,,72.0
B07XVKJJ2H,,,,1064.0,1064.0
B07XVNXNNK,,,,,93.0
B07XVQ793G,45.0,,,45.0,45.0
B07XVSSXG1,,,,,18.0
B07XWGPD6Z,,,,,69.0
B07XX22H42,,,,,53.0
B07XXHL22R,,,,,38.0
B07XXHPSSN,,,38.0,,
B07XXJLCNP,,,,,8.0
B07XXL2YRT,1.0,,,,
B07XXNNYSF,,,,,56.0
B07XXS65G5,,,,79.0,
B07XY2DT82,112.0,,,,112.0
B07XYGRGJS,,,,,11.0
B07XYH7NLY,,,,,3.0
B07XYQ684Z,16.0,,,,
B07XYX1P5F,11.0,,,,
B07XZ35J5K,6040.0,,6040.0,6040.0,
B07XZ3SQNT,,,,,12.0
B07XZ4LY7N,,,,76.0,76.0
B07XZ4QHNG,,,,,15.0
B07XZ4SVB6,34.0,,,,
B07XZPPGJZ,5081.0,5081.0,5081.0,5081.0,5081.0
B07Y165SCF,147.0,,147.0,147.0,147.0
B07Y16Q2C8,,,,,28.0
B07Y1CQPCJ,,,,7.0,
B07Y1DNVLZ,,214.0,,214.0,214.0
B07Y1KCRRZ,,,,,38.0
B07Y1NM4PD,,,,,154.0
B07Y1PZG7Q,,,,,1275.0
B07Y1QSHL3,1275.0,,1275.0,1275.0,1275.0
B07Y1YPLR9,,,,,92.0
B07Y1ZFF32,,,,,114.0
B07Y241ZZ4,904.0,904.0,904.0,904.0,904.0
B07Y27VL8Z,16.0,,,,
B07Y2RTRNF,,,19.0,,
B07Y2RZ84Y,,,,,268.0
B07Y2RZW8G,,,,,28.0
B07Y2Z4DN3,80.0,,80.0,,80.0
B07Y32PKQ9,,,50.0,,50.0
B07Y35F4G2,124.0,,124.0,,124.0
B07Y38TCV6,98.0,,,,
B07Y3BXPP9,29.0,,,,
B07Y3WHFN4,5511.0,,,5511.0,5511.0
B07Y4CPC7S,,,,19.0,19.0
B07Y4JR7SR,,,,154.0,154.0
B07Y4L59CT,,,,,4.0
B07Y4PN7PL,,,,,574.0
B07Y4RK9J5,188.0,,,,188.0
B07Y4TVBC3,,,,,100.0
B07Y51BTNX,11137.0,11137.0,,11137.0,11137.0
B07Y53PTLN,,,,11137.0,11137.0
B07Y548142,188.0,,,,
B07Y54P63X,,,,,2.0
B07Y5LLXSY,,,231.0,231.0,231.0
B07Y5YLK24,,,,,83.0
B07Y5Z7D2M,,,,,232.0
B07Y66CF86,,,,23.0,
B07Y67DHZY,,,,,514.0
B07Y67LSFD,,,,,15.0
B07Y67MCK4,,,248.0,,248.0
B07Y69TQZL,,,514.0,,514.0
B07Y6FH16T,,,,,5.0
B07Y6Q4HZ3,,,12.0,,
B07Y72Z2LX,,,,,66.0
B07Y77WVF4,,,,,52.0
B07Y7RTQT4,,,,,51.0
B07Y7X553V,,,,,51.0
B07Y7XBWL4,,31.0,,31.0,31.0
B07Y87W6SP,,,,,17.0
B07Y8CBMX7,,,100.0,100.0,100.0
B07Y8GBTZW,,417.0,,,417.0
B07Y8J8M3H,,,,,81.0
B07Y8SR16Z,,,,591.0,591.0
B07Y8TW178,,,,,591.0
B07Y8V6LNT,,,212.0,,212.0
B07Y8VJK6W,,,,,76.0
B07Y8VNL47,,,,185.0,185.0
B07Y8VPQPB,,,591.0,591.0,591.0
B07Y9D5B35,,,,,33.0
B07Y9MHLP1,,,66.0,,
B07Y9TT1K8,2950.0,2950.0,2950.0,2950.0,2950.0
B07Y9XL5FY,,,,,73.0
B07Y9YL9RY,9.0,,,,
B07YB19T9V,,,133.0,,133.0
B07YB32HB7,,,,190.0,190.0
B07YB4FKDM,,,,2.0,
B07YB59448,,,,386.0,386.0
B07YB63KBW,,,,,48.0
B07YB817KV,,,,,18.0
B07YBVWZX1,,,7.0,,
B07YCDTJKH,,,,,1060.0
B07YCKLM1D,,,,,199.0
B07YCW11C5,,,,,61.0
B07YCWCQ3T,,,,,131.0
B07YCX671B,,,,,89.0
B07YD33YG8,,,,,520.0
B07YD45281,13.0,,,,
B07YD4DYN3,,,,,520.0
B07YD4SM6V,,,,4.0,4.0
B07YD4THKM,,,,,3.0
B07YD4VKLL,,,,,13.0
B07YD9VL3H,327.0,,,327.0,327.0
B07YDB9DWH,,,199.0,199.0,199.0
B07YDHJFJK,,,,,89.0
B07YF3YLBL,,,,,7.0
B07YF621L3,271.0,271.0,271.0,271.0,271.0
B07YFNPQBJ,,,,380.0,
B07YFQVC7P,,,,,293.0
B07YG187R6,,,,,28.0
B07YG5SXN5,,,,,135.0
B07YG6WBLB,,,,226.0,226.0
B07YGSKDS4,,,,,9.0
B07YHHHWM1,,275.0,,,275.0
B07YHPBB3B,,,,139.0,
B07YHW4ZC8,,,,,18.0
B07YHWSR6P,,70.0,70.0,,70.0
B07YJ33V53,,,,,58.0
B07YJJBSH5,,,,,62.0
B07YJJFR7Q,,,,,62.0
B07YJJSGY7,,,,,80.0
B07YJJW5M3,,,62.0,,
B07YJK812F,,,,62.0,
B07YJK8CJR,,,,,62.0
B07YJLHZX6,,,,,142.0
B07YJLR6BY,,1202.0,,1202.0,1202.0
B07YJN5JZH,,,,3.0,
B07YJR3G84,,,21.0,21.0,
B07YJRTYY7,,,,,6.0
B07YJV56DG,,,,,92.0
B07YJWZLTP,,,,,66.0
B07YJZN84V,21.0,,,,
B07YK57VSS,63.0,63.0,,63.0,63.0
B07YK6564D,,12.0,,,12.0
B07YK7M4NV,,,,,12.0
B07YK9B9QJ,,,,12.0,12.0
B07YKQ5QBD,,,,,16.0
B07YKRSFT2,385.0,,,385.0,385.0
B07YLBQ8T1,,,150.0,150.0,150.0
B07YM2H2RT,,2510.0,,,
B07YMHK2DY,,,198.0,,198.0
B07YMKDPVN,,,,,181.0
B07YMQ2G87,169.0,169.0,,,169.0
B07YMWN2WL,,,,7.0,7.0
B07YN3NTGN,467.0,,,,467.0
B07YNCC8VM,,,,,12.0
B07YNCLL25,,,66.0,,
B07YNHW48J,,,,,57.0
B07YNQ84WS,,,,,48.0
B07YNQJYTD,,,,,7.0
B07YP45BTF,,,,,54.0
B07YQL47P4,114.0,,,114.0,
B07YQPRJ4G,,,,,47.0
B07YQYJM1L,,,,19.0,
B07YR4T4MD,,,,,22.0
B07YR7VSHG,,,,,2.0
B07YRHPRJ1,223.0,,223.0,223.0,
B07YSF59V8,,,,,216.0
B07YSR4PXR,676.0,,676.0,676.0,676.0
B07YSWGXJS,,,,,11.0
B07YTG3JK9,153.0,,,,153.0
B07YTJDH2Z,,,,,40.0
B07YTPDCZM,,,153.0,,
B07YTRC8WZ,144.0,144.0,144.0,,
B07YTSDKPZ,,,,6.0,
B07YV7VM4B,1124.0,,1124.0,1124.0,1124.0
B07YVM5MN8,,,,,26.0
B07YW694M8,,,,,69.0
B07YWK52NQ,,,,,189.0
B07YWK5SLL,,,189.0,189.0,189.0
B07YWKQWQZ,,,189.0,,189.0
B07YWQ2K2H,,,,,6.0
B07YX5Q9GJ,2105.0,,2105.0,2105.0,2105.0
B07YXJSQDN,,,11137.0,11137.0,11137.0
B07YY4RS2J,,4939.0,4939.0,4939.0,4939.0
B07YYDB5BF,300.0,300.0,,300.0,300.0
B07YYJYVQ7,157.0,,157.0,157.0,157.0
B07YYK43SQ,,,,,127.0
B07YYK82QY,,,3.0,,
B07YYKDDRR,,,,3.0,
B07YYKMFJN,,,,73.0,
B07YYMTCMJ,,,,33.0,33.0
B07YYSV9DY,,,,,38.0
B07YZ2BMNK,,,,198.0,198.0
B07YZT5K32,,,,,1196.0
B07YZTQR14,,,56.0,,56.0
B07YZTV1WK,,,69.0,,69.0
B07Z19B5JH,,,,,4.0
B07Z19BYN9,272.0,,,,272.0
B07Z1CJ47H,,,,,17.0
B07Z1F35NX,,,,,66.0
B07Z1MKB5K,,10.0,,,
B07Z1N1R9S,,,26.0,,26.0
B07Z1P7R27,332.0,332.0,332.0,,332.0
B07Z1QDRHC,,,,13.0,
B07Z1WF9V3,,,7.0,,
B07Z22R43P,657.0,,657.0,,657.0
B07Z2FMSLQ,166.0,,,,166.0
B07Z2JJLDR,,,,156.0,
B07Z2JJMVZ,,,,,29.0
B07Z2Y67CZ,,,,62.0,
B07Z35FD2L,,,8.0,,
B07Z3676SW,,,,114.0,
B07Z3B33FK,3821.0,,,,3821.0
B07Z3CC2N4,3821.0,,3821.0,,3821.0
B07Z3CZWZL,,,,,432.0
B07Z3DRXCF,,,,,3821.0
B07Z3F6JYR,,,3821.0,3821.0,3821.0
B07Z3FH7QH,,,,74.0,74.0
B07Z3FP3MK,737.0,,,737.0,737.0
B07Z3M6V3L,1355.0,,1355.0,1355.0,1355.0
B07Z3WH3T5,,,,19.0,
B07Z4254FW,,,56.0,,
B07Z458JH4,,,,68.0,68.0
B07Z4B91T3,,,,,5.0
B07Z4FDH68,,,152.0,,152.0
B07Z4M83VV,361.0,,,,361.0
B07Z4PD3TV,,,,,6.0
B07Z4PJWFV,,,,,35.0
B07Z4PXRPH,,,,13.0,
B07Z4R9VXB,,,867.0,867.0,867.0
B07Z4VKWZD,8447.0,8447.0,8447.0,8447.0,8447.0
B07Z4ZTH13,,,,,222.0
B07Z5BTDT9,,,58.0,,58.0
B07Z5LTY75,,,,,24.0
B07Z5MCW76,,,,,7.0
B07Z5RPMG2,,,45.0,,
B07Z5X6YM8,,,,203.0,203.0
B07Z68WH4G,,,255.0,,255.0
B07Z69DPRZ,,,3750.0,3750.0,3750.0
B07Z69GTVW,,,,,53.0
B07Z6BLRMY,,,,3750.0,3750.0
B07Z6LWP8D,191.0,,,,
B07Z6LX87J,32.0,,,,32.0
B07Z6QCC3R,,,,,60.0
B07Z74VYDF,168.0,168.0,,,
B07Z75C737,,713.0,713.0,,713.0
B07Z75VMTN,,,,,43.0
B07Z771KLJ,,,,,69.0
B07Z772G5T,,28.0,,,28.0
B07Z777NDQ,,,,32.0,32.0
B07Z79S6BJ,,,,,32.0
B07Z7BW7D2,14.0,,,,
B07Z7JZYDS,,,,,6.0
B07Z7NXL34,,,,703.0,703.0
B07Z7PXBSF,634.0,,634.0,634.0,634.0
B07Z7QJHZC,,,351.0,351.0,351.0
B07Z7QRHWZ,,524.0,,,524.0
B07Z7RCBQ2,,,,75.0,75.0
B07Z7RGSYL,,,,,524.0
B07Z7RKWXR,,,,,524.0
B07Z7RPWGZ,524.0,,,,524.0
B07Z7YJ9PY,,,,,157.0
B07Z819L7Q,,,,,94.0
B07Z8JPXMJ,,,,,551.0
B07Z8JTLMZ,,,,,551.0
B07Z8QL3QQ,1605.0,1605.0,,1605.0,1605.0
B07Z8V91WJ,,,,,20.0
B07Z8WGDJ3,183.0,,,,183.0
B07Z9B3JW3,,56.0,,,
B07Z9ZR39V,,,,,281.0
B07ZB1M6Y3,226.0,226.0,,,
B07ZBLN341,,,,,23.0
B07ZBQD8PF,,,,,128.0
B07ZBVRFSY,,,,15.0,15.0
B07ZBXZVWT,,4.0,,,
B07ZC65DRS,,107.0,,107.0,107.0
B07ZC7YLPG,,,,,8.0
B07ZCT5S4Q,,,1704.0,1704.0,1704.0
B07ZD4PYCR,22.0,,,,
B07ZDBGTR9,,,,,262.0
B07ZDDCFZ7,,,,366.0,366.0
B07ZDDFBKK,,,,,80.0
B07ZDDKNYZ,,,209.0,,209.0
B07ZDDN3F3,,,,,109.0
B07ZDF26G5,,,115.0,,
B07ZDF26Q2,,,,,19.0
B07ZDFWJQH,,,,,325.0
B07ZDGQBF6,,,,,41.0
B07ZDJCTK3,,,,,41.0
B07ZDP86ZF,,,,,763.0
B07ZDPK2DM,,,1150.0,,1150.0
B07ZDQ4Z6Y,,,,,81.0
B07ZF48PNM,,,,,96.0
B07ZF4QT9B,,,,,112.0
B07ZF6WYK2,,,,,135.0
B07ZF7CM2L,230.0,230.0,230.0,230.0,230.0
B07ZF99WT7,,,,,442.0
B07ZFCGHZZ,,,,8.0,
B07ZFCYNDV,,,,21.0,
B07ZFHDZB5,,,8.0,,
B07ZFPCMJQ,,,,10.0,10.0
B07ZFPLCTN,,,,10.0,
B07ZFPXMYH,,,,22.0,
B07ZG74L2X,,,696.0,696.0,696.0
B07ZH4Y84C,,,,209.0,209.0
B07ZHLG7Q9,,,,,94.0
B07ZHNTZX1,,,,,2.0
B07ZHTQ5FL,83.0,,83.0,,
B07ZHXBC25,,,,29.0,29.0
B07ZJ6Q4MX,,,,,16.0
B07ZJ6VNCY,,137.0,,,
B07ZJ759SF,,,,,3.0
B07ZJSJL24,,,,,54.0
B07ZJSYLPX,,12.0,,,12.0
B07ZJWTW91,,,,12.0,12.0
B07ZK7QGFG,,,,,351.0
B07ZK93M45,95.0,,,,95.0
B07ZKCKZN8,,,,,183.0
B07ZKF2JQW,,113.0,,,113.0
B07ZKZWN65,,,,,45.0
B07ZL43Y1N,,,,631.0,631.0
B07ZLHDP71,,,,,261.0
B07ZM1CT49,,,,57.0,
B07ZM99LTB,1746.0,1746.0,1746.0,1746.0,1746.0
B07ZN68872,,,,,4.0
B07ZN6VS4H,,,,36.0,
B07ZNC92KS,,,,,291.0
B07ZNF9SVJ,190.0,,,,190.0
B07ZNFZQYV,,166.0,,166.0,166.0
B07ZNH838C,,,,,194.0
B07ZNPDPNJ,940.0,,940.0,,
B07ZNRCDPG,,,,1.0,
B07ZNW47CP,,478.0,,,478.0
B07ZNXQX7W,,,546.0,546.0,546.0
B07ZP1VL71,,,,,181.0
B07ZP2GS51,,,,,181.0
B07ZPDPLHK,6791.0,6791.0,6791.0,6791.0,6791.0
B07ZPF2P18,6791.0,6791.0,6791.0,6791.0,6791.0
B07ZPFRL8W,,,15.0,,
B07ZPPGZZ6,,,,,17.0
B07ZPQ95PK,,,,,300.0
B07ZPXGMTP,,,71.0,,71.0
B07ZQ16TM3,,,,,79.0
B07ZQ3H1VK,,,,,79.0
B07ZQ78HSL,,,,,15.0
B07ZQMX331,345.0,,345.0,,345.0
B07ZQN6KSK,,35.0,,35.0,35.0
B07ZQNHSB2,,,,,80.0
B07ZQQDRBY,1246.0,,,,1246.0
B07ZQQVKRT,,,,1246.0,1246.0
B07ZQRG59K,1246.0,,,,1246.0
B07ZQRVVL4,1246.0,1246.0,,1246.0,1246.0
B07ZQVHJZJ,,,,,64.0
B07ZR4W7RZ,,,1.0,,
B07ZR6F3DL,,,,,49.0
B07ZRBRT98,,,,,168.0
B07ZRC68QP,,,,,488.0
B07ZRHZPT6,176.0,,,176.0,176.0
B07ZS4TYRK,,385.0,385.0,,
B07ZSCGVJK,,,499.0,499.0,499.0
B07ZSDBH9J,,,,,94.0
B07ZSGRB6V,,,183.0,,
B07ZT5BG9H,,,,,6.0
B07ZT6X32P,,,,,44.0
B07ZTB4BK9,,,,,403.0
B07ZTK4QT8,,,,,4.0
B07ZTL8VJD,,7.0,,,
B07ZTR4TWN,,39.0,,,
B07ZV39CK4,,112.0,,112.0,112.0
B07ZV45XS9,,,,,30.0
B07ZV4JXG9,,,,20.0,20.0
B07ZVBS84Y,,,,,41.0
B07ZVC6D5D,,,,,59.0
B07ZVFNDSJ,,,,,12.0
B07ZVG85MT,40.0,,,,40.0
B07ZVGSQ3Y,,,,,26.0
B07ZVQ1K7B,,,,,830.0
B07ZVQ4P6N,,186.0,,186.0,186.0
B07ZVY9RDW,,,118.0,118.0,118.0
B07ZWD5CQL,,,,,224.0
B07ZWFJN7H,,,,2435.0,2435.0
B07ZWFTYWW,,,,,7.0
B07ZWHTV8J,,,,,3.0
B07ZWQ1LGN,,,2435.0,,2435.0
B07ZWQ6LW7,,,,,2435.0
B07ZWQ6NBY,,,,7.0,
B07ZWYX4BX,,,,,17.0
B07ZX4H8SD,12.0,,,,
B07ZX56JM4,,,,,12163.0
B07ZXV32L5,489.0,489.0,489.0,489.0,489.0
B07ZYDGLS5,,,,,12163.0
B07ZYMLHPG,,,,,12163.0
B07ZYXLWJ8,,,,,5.0
B07ZZ7GVPK,,,,70.0,70.0
B07ZZYW32Z,,,1100.0,,1100.0
B08113MCCC,,,,,12.0
B08114PPDV,,,,,424.0
B0811BMLTF,681.0,,681.0,681.0,681.0
B0811HKSTW,,,,,1.0
B0811M8KBS,,,,,2.0
B0811MHTFX,,,248.0,248.0,248.0
B0811RP186,,,,,12.0
B0812BPRLW,,,,,26.0
B08132JCNW,,,146.0,,146.0
B08132W8ZT,,,,,401.0
B08136W1V7,2817.0,2817.0,2817.0,2817.0,2817.0
B08137QY1J,,,,,146.0
B0813CQCW4,,31.0,,,
B0813WLWPV,,,,62.0,
B0813X2VFT,8.0,,,,8.0
B0813X4M69,5343.0,5343.0,5343.0,5343.0,5343.0
B08141BNTV,,,,,813.0
B0814FJ85Q,,,,,181.0
B0814FPKYZ,,,,181.0,181.0
B0814FZQ5D,,,,,181.0
B0814K8KRY,7.0,,,,
B0814L4R8W,,,,181.0,
B0814YGQDS,,,,,14.0
B0814YX9XM,,,,14.0,14.0
B08152YWT2,,147.0,,,
B08153ZCW9,,,,,40.0
B08156FBHY,,,,,163.0
B081585C98,,,,,25.0
B0815CLGW5,1776.0,1776.0,1776.0,1776.0,1776.0
B0815WP5PW,,,,,406.0
B0815YJQNJ,,,,,881.0
B08162CPV5,,,,,2.0
B08164DS87,,,,869.0,869.0
B08164VWGC,,,,,881.0
B08165QVF3,,,,,68.0
B08165ZS3R,,,,881.0,881.0
B0816CW49P,,,,,13.0
B0816D5YBW,,,192.0,,
B0816YJ7J1,574.0,,,574.0,574.0
B0818TN3BR,,82.0,,82.0,
B08196192J,,566.0,,566.0,566.0
B08196SMZZ,,,,18.0,
B0819CDFHP,,,,,135.0
B0819CT8F9,4.0,,,,
B0819DLVLG,,135.0,,,135.0
B0819K1YNL,,,,,49.0
B0819RQC6B,137.0,,137.0,,137.0
B0819Y8GGF,,34.0,,34.0,34.0
B081B2DD4N,,,,,122.0
B081BCWLJ6,341.0,341.0,341.0,341.0,341.0
B081BW7NHZ,,,,,1100.0
B081C6YX5X,,,763.0,,
B081CTJWV6,,,,1060.0,1060.0
B081D75TCN,7.0,,,,
B081DSDB8C,38.0,,38.0,,
B081DSWK46,245.0,,,245.0,245.0
B081DSXDVY,132.0,,132.0,,
B081DVM83C,,45.0,,,45.0
B081DWMN7V,,2.0,,,
B081F6R3SV,,,145.0,,145.0
B081FGKJ5Z,,,,,91.0
B081GLZ6Q1,,,,,3750.0
B081GMJC78,,,,,3750.0
B081GNNV12,,,,,303.0
B081GSS2HG,9.0,,,,9.0
B081GWP3D9,795.0,,795.0,,795.0
B081H6ZCM9,,557.0,,,557.0
B081HVP28Q,,,,,9.0
B081JGFKV9,,,,108.0,108.0
B081JQ8ZN4,,357.0,357.0,357.0,357.0
B081JRPW7Y,,,,61.0,
B081JW9X4Q,,,,,108.0
B081K9DRF1,,,,,67.0
B081KPYQMK,,,,28.0,28.0
B081KWJ2D5,1614.0,1614.0,1614.0,1614.0,1614.0
B081KYFGD1,34.0,,,,34.0
B081KYH7DR,,,,,19.0
B081LDVH9J,,,4.0,,
B081LM1MMS,,,,,26.0
B081MY7SVX,,,26.0,,26.0
B081N3746D,,,,,69.0
B081N3C74K,,,,,69.0
B081N3F1SP,,,69.0,,
B081N67BZ5,,663.0,663.0,663.0,663.0
B081N7MZYJ,,,15.0,,
B081N7YHX6,,,,,22.0
B081N9NTSW,23.0,,,,23.0
B081PP74Q4,,,10454.0,10454.0,10454.0
B081PQ5NLF,,,,10454.0,10454.0
B081QMMQXP,,,,,1776.0
B081R164SN,,,,,3.0
B081R1L47Q,,,,,4.0
B081R2FD2Q,31.0,,,,
B081RHVK89,328.0,,,328.0,328.0
B081RLGCJ5,,,,,339.0
B081RPKP9H,,,,,6.0
B081RQLNWH,,,339.0,,339.0
B081S3B1LM,,,367.0,,
B081S5WX7R,,,,,5.0
B081S62336,,,,,490.0
B081S8LJKH,,,,,121.0
B081SM2CY3,616.0,616.0,,616.0,616.0
B081SNWZSM,,,,,130.0
B081T187JC,,,,,6.0
B081T66NGD,366.0,,366.0,,366.0
B081TP9BCR,21.0,,,,
B081TTPBKQ,,,610.0,,610.0
B081TWPDKQ,54.0,,54.0,,
B081V2ZZS6,,,,,10.0
B081VDDQ2Y,,,655.0,,655.0
B081VQ1JG3,,,,,257.0
B081W7L328,139.0,,139.0,,
B081WZ5RYT,,26.0,,,26.0
B081X41JKM,238.0,238.0,238.0,238.0,238.0
B081XB1ZQ4,,40.0,,,
B081YHKPJ9,15.0,,15.0,,
B081ZFJCZ4,,,26.0,,
B081ZLD8RV,,,,,11.0
B081ZRBYY9,,,,205.0,
B081ZYG8ZF,,,,,76.0
B08213FYCB,,,,,9.0
B0821KTYY6,,,,729.0,729.0
B0821LWYGB,,,,,729.0
B0821W111P,5209.0,5209.0,5209.0,5209.0,5209.0
B08225JD3R,,,,,7.0
B08228GRMN,,,763.0,,
B0822PS6HR,,,,,8.0
B0822ZX9CJ,,,,,5.0
B0823269ZL,,,2.0,,
B08238MJFD,,250.0,,,250.0
B0823HCMNY,,412.0,,412.0,412.0
B0824CDX79,20.0,,,,
B0825FQ9C4,86.0,,,,86.0
B0825LX2JS,,,923.0,,923.0
B0825Q13F7,634.0,,634.0,,634.0
B0825SY24K,810.0,810.0,,,810.0
B0825WL6KM,,,,,14.0
B0826KGYVY,311.0,311.0,311.0,311.0,311.0
B08277JQJS,,,,1275.0,1275.0
B08277TSJ4,,,,,1275.0
B0827BZWGP,,,,291.0,291.0
B0827TZKVB,2564.0,2564.0,2564.0,2564.0,2564.0
B0827VGSV3,,,,,2.0
B0827VRP15,,,,,103.0
B0827VWRDL,,,,,27.0
B0827W4XZY,,,62.0,,62.0
B0827XMQ7R,,,,,334.0
B0828MTZKR,,,,634.0,634.0
B0828N8JWL,,,,,634.0
B0828NDLDG,,,,,524.0
B0828PB5QB,,,,,216.0
B0828PRNRK,,,,124.0,124.0
B0828TGYG5,4.0,,,,
B0828Z9X52,,,,,84.0
B0828ZGV2H,,,,,84.0
B0829DST4X,257.0,,257.0,257.0,257.0
B0829HPG92,,,,,2.0
B0829NCNLP,476.0,476.0,476.0,476.0,476.0
B082B52P2V,,,,,636.0
B082BFB4R4,,,,482.0,482.0
B082CKPDBZ,1016.0,,,1016.0,1016.0
B082CMV578,370.0,,,,370.0
B082CXVXT7,,,,99.0,99.0
B082D3GJT4,,,,,15.0
B082D9JJG9,,,,,109.0
B082DGQTGK,,,,,7.0
B082DH74WC,567.0,567.0,,567.0,567.0
B082DJB18C,,,,,88.0
B082DJFXCL,,,252.0,252.0,252.0
B082DL7F45,,,,13.0,
B082DM56HY,,,,49.0,49.0
B082DWJCRC,2148.0,,2148.0,2148.0,2148.0
B082DXWZQS,,,,,221.0
B082DY2W8Y,,,,,331.0
B082DY8CBW,,,,,331.0
B082F51PYM,,,,,106.0
B082F79KMP,11137.0,,,,11137.0
B082FN1RK1,202.0,,202.0,202.0,202.0
B082FWD49D,,,,,29.0
B082FWW4JC,48.0,,48.0,48.0,48.0
B082G2S576,733.0,733.0,733.0,733.0,733.0
B082G2SQN7,,,,65.0,
B082G34961,463.0,,,,463.0
B082G38WXK,12.0,,,,
B082G45R3F,,,,248.0,248.0
B082GRH3MK,,,,,18.0
B082H3R2JR,,,,,63.0
B082H9NLX4,1.0,,,,
B082HHZFY3,,,3821.0,3821.0,3821.0
B082HLBKV6,,,,1532.0,1532.0
B082HMCWBQ,,,,,18.0
B082J5X28Y,,,2.0,,
B082J79KZS,,,,,185.0
B082KL7GCD,,,,,51.0
B082KQW2GZ,,,55.0,,
B082LM4XCS,,,348.0,,
B082LMSJRX,348.0,,,,
B082LQ788D,,,,348.0,348.0
B082LQ7983,,,,,348.0
B082LVV8FY,,,,,45.0
B082M13J4H,,,,348.0,348.0
B082M7Y4FS,480.0,,,,480.0
B082MQN7NF,,403.0,,,403.0
B082MRXNQM,,,,,9.0
B082MXL146,296.0,,,,
B082MYPDV6,,,,,2.0
B082NSB25X,,,3750.0,3750.0,3750.0
B082NSYH34,,,,,3750.0
B082NTXDWJ,,3750.0,,3750.0,3750.0
B082NWZQLN,139.0,,,,139.0
B082P2TN5T,12.0,,,,12.0
B082PBLN9N,12.0,,,,12.0
B082PF7C1L,,,,27.0,27.0
B082PG519D,,,,,22.0
B082PGT4T5,22.0,22.0,,,
B082PLPDL3,,,,,15.0
B082PLT1FV,,,,763.0,
B082PM11QP,,,,11.0,
B082PPPN3T,,,,,763.0
B082PS6HXM,,,,801.0,801.0
B082QW32XX,,,53.0,53.0,53.0
B082QX2QMB,,,,21.0,
B082RDKMNF,7052.0,7052.0,7052.0,7052.0,7052.0
B082RJ6T2L,,,324.0,,324.0
B082RZWQLV,,,,,556.0
B082S8JX6C,,,,,12.0
B082S93FJ8,,,133.0,,
B082SM93SM,,,,,652.0
B082SMY4M9,,,,7.0,7.0
B082SR25LP,,,,483.0,483.0
B082SW5D1G,50.0,50.0,,,50.0
B082T48W3P,14509.0,14509.0,14509.0,14509.0,14509.0
B082T4VTKC,14509.0,,14509.0,14509.0,14509.0
B082TPXH1T,740.0,740.0,,,740.0
B082TQP5TR,,,,13.0,13.0
B082TR49XQ,,,,8.0,
B082TT6LT4,21.0,,,21.0,
B082TX9XN2,1610.0,1610.0,1610.0,1610.0,1610.0
B082TXWPF9,,,,,94.0
B082TXXDWV,,,808.0,,808.0
B082TY2TZD,,,,,1.0
B082TZJD44,,,,,11.0
B082V6WPG1,,,,99.0,
B082V8PGTD,,,,21.0,
B082VLM4PG,,,,,76.0
B082VLNRJH,117.0,,,,117.0
B082VQVRLT,,,,,6.0
B082VR7SZ5,,,,139.0,139.0
B082VRYJQC,,,25.0,,25.0
B082VS1FFX,,,,,10.0
B082VSB16B,,,,,281.0
B082VW1N9F,,,,,970.0
B082VW2PJC,,,,,970.0
B082VW87BK,,,,,294.0
B082VWL2ZH,,970.0,,,970.0
B082VWM2JL,,,,,40.0
B082VZXW8Y,,,,,205.0
B082W1HHPH,,,,,205.0
B082W1JWPY,1202.0,,1202.0,,1202.0
B082W1YCBG,,,,,1202.0
B082W2PLHG,145.0,145.0,145.0,,145.0
B082W344BJ,85.0,,,,
B082W5GQJY,,,,,412.0
B082W5MR8V,,,,239.0,239.0
B082W9T89V,,,,123.0,
B082WLX9FZ,,,75.0,75.0,75.0
B082WP4776,,,,,129.0
B082WW3LHC,244.0,,,,244.0
B082WY2D4Z,,,,,3.0
B082X4DSPT,,,,,9.0
B082X4G46M,,,,48.0,48.0
B082X4HP2R,,,,,17.0
B082X4JVNG,,,,,4.0
B082X4PMV6,,,,,19.0
B082X4RF3M,,,,,5.0
B082X56F3H,,,,,19.0
B082X5JSGR,19.0,,,,
B082X9YJ83,,,,3466.0,3466.0
B082XB8CN2,,,,,3466.0
B082XBZZ9D,,11137.0,,11137.0,11137.0
B082XRFPGY,,,,,2.0
B082Y969WX,,,274.0,,274.0
B082YMV8T1,,,,,85.0
B082YQV274,,,,44.0,
B082YVH49G,,,,,3.0
B082YW54X4,,,5.0,,
B082ZQSVKV,,,621.0,621.0,621.0
B083114L8F,214.0,,,,
B08311DX8Q,,,,,237.0
B08312935S,,,,,52.0
B08312W9XR,,,22.0,,
B08316NCF9,,,,,196.0
B0831C1BXY,,,,,13.0
B0831FM77Z,108.0,,108.0,108.0,108.0
B0831MWM3T,,,69.0,69.0,
B0832K1J8W,,,,,67.0
B0832VVJRM,,,,,7.0
B08331N6TJ,,90.0,,,90.0
B083322C74,,,,,96.0
B083332XNQ,,117.0,,,
B0833KQ9L7,,,,,12.0
B0833LP43N,42.0,,,42.0,
B0833PDZT2,,,,,18.0
B0833TLBSV,1.0,,,,
B0833XVR27,,,,,3845.0
B0834BFYBX,,,,,461.0
B0834M4Q9Z,91.0,,,,
B0834XZ7BP,,,,,22.0
B083515Z6F,408.0,,408.0,,408.0
B08353ZJ35,7.0,,,,
B0835JRSGW,566.0,,566.0,,566.0
B0836B4VYY,,,,,83.0
B0836BYLBP,,,,78.0,
B0836CZKXG,,,,364.0,364.0
B0836FQWWT,,,,,4.0
B0836HBZGQ,,,,,60.0
B0836J8XV6,,2.0,,,
B0836L56HD,,,,,241.0
B0836LCM21,,,,,90.0
B0836M8WXV,,,,,14.0
B0836NMWJW,87.0,,87.0,,87.0
B0836Q53HT,,,,,24.0
B0836SMG9M,,5.0,,,
B0836VPKJP,,,,45.0,
B083733G1Y,4770.0,4770.0,4770.0,4770.0,4770.0
B08373GG5P,1339.0,1339.0,1339.0,1339.0,1339.0
B0837B97K7,,,,204.0,
B0837JWMQV,755.0,,,,755.0
B0837LLLRT,,,,,6.0
B0837ZGQKG,,,,,37.0
B0838GL38T,,,,,50.0
B0838QYNC1,74.0,,,,
B0838TWCKQ,,,,,15.0
B0838YKSD7,,,,63.0,63.0
B0839LCCPN,,,,,63.0
B083B6G3G2,,,,,411.0
B083BDF721,747.0,747.0,747.0,747.0,747.0
B083BF3KNN,,,,266.0,
B083BHRVZ6,2181.0,2181.0,2181.0,2181.0,2181.0
B083BL18V3,,320.0,320.0,,320.0
B083BNZWSB,,,,,2011.0
B083BP2G9H,,2011.0,,,2011.0
B083BQBZ2H,,,,,18.0
B083C3JBV2,,,,,84.0
B083DK271W,,,,,13.0
B083DP416N,,,,,43.0
B083DQL8PF,,,,,53.0
B083F4KNSV,,,,,4193.0
B083F4YX1X,,,,316.0,316.0
B083F652WS,242.0,242.0,,,242.0
B083FCSBRC,831.0,831.0,831.0,831.0,831.0
B083FF64PY,,,,,45.0
B083FPR5ZJ,,,,4.0,
B083FRXS3X,,,,,140.0
B083FX6N9Z,,,,671.0,671.0
B083GG3XPD,,,,,31.0
B083GNDTVL,,,,,180.0
B083HT3LMQ,,,,,243.0
B083HV9WLL,,,,,4.0
B083J1YJNW,31.0,,,,
B083J2389D,,,93.0,,93.0
B083J2K3YG,,,,178.0,178.0
B083J4TWZ2,,,,,28.0
B083J7ZWGR,,,,,7.0
B083JL13G7,,,,,37.0
B083JL4CNV,,,,151.0,151.0
B083JWJ9ZQ,93.0,,,,93.0
B083JXQB6Q,,,,,22.0
B083K1VMB3,,,,,4.0
B083K4MB2B,,,,,46.0
B083K59HLD,,,,,298.0
B083K5KVW7,203.0,,203.0,,
B083K5L44B,,,,298.0,298.0
B083K63BX6,,,,,298.0
B083K83FM2,,,11.0,,
B083KB39H7,,,,,12.0
B083KBPKJ4,,,,,104.0
B083KQC7GB,,,24.0,,
B083LBNJJQ,,,,8.0,
B083LC45MR,,,,,104.0
B083LKMF4R,4.0,,,,
B083LPFRBR,,,,100.0,100.0
B083LPX7HP,183.0,,183.0,,183.0
B083LRKBS6,,,,109.0,
B083M268VC,,,118.0,,118.0
B083M3ZQ2J,,,,,18.0
B083N1H6P7,1233.0,1233.0,,1233.0,1233.0
B083NL5GM9,,,,48.0,
B083NP81VJ,,,,,4.0
B083NTNT3T,,,,16.0,
B083NXKXT9,91.0,,,91.0,91.0
B083NZGGJV,,,,,130.0
B083NZGNQ5,,,,3750.0,3750.0
B083P126H4,,,,,3750.0
B083P17R32,,,,636.0,636.0
B083P1R25L,,,,636.0,636.0
B083P4SZHR,1639.0,1639.0,1639.0,1639.0,1639.0
B083PTNFBS,,,,,74.0
B083PXFQ9B,,,76.0,,76.0
B083PZ4Y54,,,,,636.0
B083Q7DMVT,5.0,,,,
B083QHJJQ7,420.0,420.0,420.0,,420.0
B083QNB2DC,,,,,46.0
B083QS76JY,,,185.0,,185.0
B083QZFK1Z,,,93.0,93.0,
B083R23CB6,,10454.0,,,10454.0
B083R34K9R,234.0,,,234.0,234.0
B083R36CCH,,,,,8.0
B083R3K8NG,,,,,8.0
B083R6XFNM,,,12163.0,12163.0,12163.0
B083R745VW,,,,48.0,
B083R7DVWS,,,,,12163.0
B083R828X2,,,,,28.0
B083R84V84,,,,,30.0
B083R85BT8,,,,76.0,76.0
B083R9D3P9,,,,,59.0
B083R9M9VH,,,,,157.0
B083R9NDX3,,,,69.0,69.0
B083RPSKBX,,,,,845.0
B083RYX6B8,,,,,53.0
B083S3PLX1,,,,,21.0
B083SBWSDB,3.0,,,,
B083SDQ61Q,,,,,39.0
B083SDT2BL,,,,697.0,697.0
B083SGLN9X,,,,,106.0
B083SLXX8R,19.0,,,19.0,19.0
B083SS4CNK,,,256.0,,256.0
B083TG2DZ2,16.0,,,,
B083TK3SLJ,,,,,170.0
B083TMF17T,5.0,,,,
B083TN361D,,,,100.0,100.0
B083TNJGTC,,,111.0,,111.0
B083V1KWXR,,23.0,,23.0,23.0
B083V43TS6,,,,,22.0
B083V4ZCGT,,,,,56.0
B083VSZRHT,,,,,699.0
B083W2B4Q5,,,,24.0,
B083W33D2M,,,,14.0,
B083W3NZ5W,,,,,699.0
B083W6K4WL,,,,,7.0
B083WCNPQ6,27.0,,,,
B083WPZW9T,,,,,1381.0
B083X648R2,43284.0,43284.0,43284.0,43284.0,43284.0
B083XCT6H3,6.0,,,,
B083XJQG4G,,1995.0,,,1995.0
B083XKBTMQ,,,,,193.0
B083XMC1D1,,,43284.0,43284.0,43284.0
B083XQGPWB,,,,,17.0
B083Y51KMJ,,,,,5.0
B083YZ59JN,,,,,31.0
B083Z2TZ94,,,,,42.0
B083ZBPPY1,,,,,80.0
B083ZCJ58X,609.0,,,,609.0
B083ZCY6LF,,,,66.0,66.0
B083ZRWV78,,,,,628.0
B083ZVCK1X,,,,,89.0
B0841GPJGN,1220.0,1220.0,,1220.0,1220.0
B0841QNNX8,,,,,5.0
B08422HKHL,,,,30.0,30.0
B0842L8CZM,,,,,175.0
B0842N424H,,,,,33.0
B0842YSRS9,,,,,65.0
B0842ZJVDG,126.0,126.0,126.0,126.0,126.0
B0843PY8PN,,,,,4.0
B0844KMS3S,,,,,6.0
B0844LXXTM,,,,,6.0
B0844N7NGG,,,,,6.0
B0844N8YPH,,,,,6.0
B0845CRLVC,,590.0,590.0,590.0,590.0
B0845NXNTY,,,,,10.0
B0845XV3FT,,,,,46.0
B084684ZVV,,,,,26.0
B0846GMYP3,,,,,64.0
B0848TNS8M,,131.0,,,131.0
B0849LPGWH,,,,,23.0
B0849NQPJ1,737.0,,,,737.0
B0849WB3VH,,,,,323.0
B084BK1ZL7,,,,,30.0
B084BK7RDZ,,,,,87.0
B084BKHZNM,,,,,87.0
B084BP1N4V,,,,54.0,54.0
B084BSTTCM,,,,30.0,30.0
B084BVB8HN,22.0,,,,
B084BXXLWR,1228.0,,,,
B084BZ5X7W,8.0,,,,
B084CRPGVR,40.0,,,,
B084DBLPSV,,,37.0,37.0,
B084DVQWZW,,,,,13.0
B084DW1LDF,,,,,4.0
B084DW5RTL,,,,,13.0
B084DW6QKZ,4.0,,,,4.0
B084DW736R,,,,,3.0
B084DW8Q4G,,,,,4.0
B084DW96VD,,,,13.0,
B084DWP76F,,,73.0,,73.0
B084F2SVN7,,,,,348.0
B084GD6YR8,,17.0,,,
B084GS82RV,,,13055.0,13055.0,13055.0
B084GZ69J2,,,,140.0,140.0
B084H65JPW,,41.0,,,
B084HFH5H5,438.0,,438.0,438.0,438.0
B084HM9582,,,,,5.0
B084JJZY7Y,,166.0,,166.0,166.0
B084JLSF3X,,,,69.0,69.0
B084JQWF7F,,,991.0,991.0,991.0
B084KXSM13,,,,,322.0
B084L29XKR,,,,,263.0
B084LM3GLX,,,,,991.0
B084LY4DS4,,,,15006.0,15006.0
B084LYHWZV,,,,,195.0
B084LZ2CCY,,,,15006.0,
B084M51YPF,,,,,165.0
B084M7PHPH,,,,,148.0
B084MBZ7XT,,,,,32.0
B084MJ6J6P,,,,3750.0,
B084MJW71P,,,,182.0,
B084NSMV81,,,,,23.0
B084NT4VNK,,,,7.0,
B084P85ZTZ,532.0,,532.0,532.0,532.0
B084PCD4F3,,,,,5.0
B084PCSG5H,,,,,1627.0
B084Q592V7,,,,,430.0
B084QDFLWR,,,,36.0,36.0
B084QF153B,,,44.0,,
B084QG4WF6,,300.0,300.0,300.0,300.0
B084QHN67D,,,,,35.0
B084RF3YY2,,,,,5.0
B084RKDCC8,,,,,10.0
B084RLT9TF,,,,20.0,
B084RMNRHH,297.0,,,297.0,297.0
B084RR71X2,,,9.0,,
B084S2ZT84,,,,,13.0
B084S3W39G,542.0,,542.0,,542.0
B084SDW76K,,,161.0,161.0,161.0
B084SYZ8GD,,,,,2.0
B084TPLJCJ,,,274.0,,274.0
B084VKFWWM,,,5.0,,
B084VMY8Q8,,,,,3.0
B084W2CKXW,,538.0,538.0,538.0,538.0
B084WGQDC4,,,,,214.0
B084WM7HCX,,152.0,152.0,152.0,152.0
B084YD6QRV,,,,,43.0
B084YQ3XKF,,,,,29.0
B084YTNB4L,,,234.0,234.0,234.0
B084Z57LT6,,,,,22.0
B084ZDY6YD,107.0,107.0,,,107.0
B084ZJ56QF,235.0,,,235.0,235.0
B0851LWDWF,,,,,13.0
B0852847HS,,,8.0,,8.0
B0852VXTN1,,,,,82.0
B0853411HD,,,,1605.0,1605.0
B0853CB27C,,,,,7.0
B085428BTD,,,2.0,,
B08546VSYV,293.0,,,,293.0
B0854CT2XN,,,,,187.0
B0854FH7BP,,,,18.0,
B0854NXPSP,,,13.0,,
B0855FCFMV,,,470.0,,
B0855HG5F5,,,470.0,,
B0855JM95Q,,,,,274.0
B0855N99ZQ,470.0,,,,
B0855QBD1M,,470.0,,,470.0
B0855SG2G7,,,,,470.0
B0856SWVQT,,,,,1.0
B0856XQVLX,,113.0,,,
B085723CV1,1900.0,,1900.0,1900.0,1900.0
B0857928RY,996.0,,,996.0,996.0
B0857DXPDN,,,,,13.0
B0857GQGKS,,,843.0,843.0,843.0
B08593BR95,,,,,9.0
B08595M9R3,,,183.0,,183.0
B08596X9L4,428.0,428.0,,428.0,428.0
B08598RCZ4,76.0,,,,
B08599NGC3,,,,,57.0
B0859B4M42,,,32.0,,
B0859C6CWN,18.0,18.0,,,
B0859DT3BP,,401.0,,,
B0859KYN75,,,,,9.0
B0859MPFMW,,,,,27.0
B0859YMBCH,,110.0,,,
B0859ZP7DQ,89.0,,,,89.0
B085BBZYLC,,,,,13.0
B085BFX9TH,,,,,2.0
B085BN4RY8,,1537.0,,,1537.0
B085BN62DP,,,,,1537.0
B085BN6PDV,,,,1537.0,
B085BN6VK5,,,,,1537.0
B085BNKWTZ,,,1537.0,,1537.0
B085BYCD2S,,,12163.0,,
B085BYX7V5,,,,,12163.0
B085BZZJVT,,170.0,,,170.0
B085C8VN7T,,,,,153.0
B085C9K143,,,,,28.0
B085CBYM7Y,,17.0,,,
B085CCBCFQ,,,,,6.0
B085CCXMLY,,,,,4.0
B085DHRYVM,,,,,257.0
B085F2X8Y2,,,,,49.0
B085FLZMZ7,,,,,567.0
B085FS548L,,,,531.0,531.0
B085FSGF1V,,110.0,,,
B085FSQVGZ,,5.0,,,
B085FT5NND,,,,,518.0
B085FZJW9D,,,,60.0,60.0
B085G26MMQ,,,,,381.0
B085G3ZR13,,,,,78.0
B085G41G3W,531.0,,,,531.0
B085G4LK5Y,,,,,21.0
B085G4Z9XT,,,,,13.0
B085G7M783,,,,,57.0
B085H6P293,,,,,52.0
B085H6SRVD,,,,,409.0
B085H7HMMH,63.0,,,63.0,
B085H8LH5C,7.0,,,,
B085HBFR63,,,,,32.0
B085HFSGLL,,,,,78.0
B085HGTP4K,,,,,331.0
B085HW836H,,,,58.0,58.0
B085HYJWQM,,,,,87.0
B085JPGDJ3,,,,419.0,
B085KXYSKS,,,64.0,,64.0
B085KY9XXH,,,,,4.0
B085KZBBM4,,,,151.0,151.0
B085L2YS8S,,,,,27.0
B085L8ZB95,,,,,20.0
B085L9GYMN,,,,,8.0
B085LH6ZDS,,,1319.0,,
B085LHPDCG,,,,,1300.0
B085LHXKN8,,,,,1283.0
B085LJ9V6L,,,,14370.0,14370.0
B085LJD8M6,14370.0,,14370.0,14370.0,14370.0
B085LJWNP4,14370.0,14370.0,,14370.0,14370.0
B085LTR8FC,,,,,186.0
B085LTZLGJ,,,,,186.0
B085M332BR,,,,,3.0
B085M37NXT,353.0,,,353.0,353.0
B085M7BFQT,,,366.0,366.0,366.0
B085MC61DH,,18.0,,,18.0
B085MGMB4V,,,,,58.0
B085MQXBCQ,,,,,94.0
B085MT16Z2,1042.0,,1042.0,1042.0,1042.0
B085MTNT42,36.0,,,,
B085MWNXBL,,265.0,,265.0,265.0
B085MZB5S9,,,132.0,,
B085N3H3BF,,,1.0,,
B085NDWSZW,3270.0,3270.0,3270.0,3270.0,3270.0
B085NHCD3S,,,512.0,512.0,512.0
B085NJL2XQ,,,,80.0,80.0
B085NP4KPD,,,,,46.0
B085NVGGVB,182.0,,,,182.0
B085NVMMFC,,,,,146.0
B085NYRWLH,,,,,52.0
B085PQ5BT3,,,,,70.0
B085PRG26Z,,189.0,,,
B085Q1PM2H,,,540.0,,
B085Q1RMGX,,,479.0,479.0,479.0
B085Q2DPWW,,,,,83.0
B085QBC4JK,,,5.0,,
B085QCFX9P,,,,258.0,
B085QK366G,,30.0,,,30.0
B085RG3QYQ,,,,,226.0
B085RGXMHQ,348.0,,,,348.0
B085RJ44SV,,,,,34.0
B085RLZR2H,226.0,226.0,,,226.0
B085RMNXWW,,,,,23.0
B085RQHFRS,,198.0,,,
B085RS47D4,190.0,,,,190.0
B085RXW1XG,,,673.0,673.0,673.0
B085S44C32,,,218.0,,218.0
B085S4BTVH,,,,,218.0
B085S84G97,,,,230.0,230.0
B085S91PY4,,,,110.0,110.0
B085SRPJ8B,,,,,6.0
B085SVB8Q2,513.0,,,,513.0
B085SVZC9Z,,,42.0,42.0,
B085SYL4WY,,,,,182.0
B085T1GQVH,,,,539.0,539.0
B085T1HZZN,,239.0,239.0,239.0,239.0
B085T4GFJZ,,,,,77.0
B085T6917L,,,,275.0,275.0
B085T7FXF2,,,,,63.0
B085T8TWTQ,41.0,,,,
B085TFNGQB,,,,719.0,719.0
B085TFPZ5J,,,,,113.0
B085TGQTV9,,,,598.0,598.0
B085THHJFC,,,1018.0,,1018.0
B085TJ6LPS,1024.0,,1024.0,,1024.0
B085TMKN95,,,,,35.0
B085TNXLF6,,,,181.0,181.0
B085TQS9H5,,,,,16.0
B085VD14K3,,192.0,192.0,,192.0
B085VDTRWK,,,,,7.0
B085VGNGY1,,,,,88.0
B085VJBK9R,,,,,19.0
B085VJMTQP,,,,222.0,222.0
B085VJR4SX,,,,,537.0
B085VKBPK4,,,866.0,866.0,866.0
B085VKGTK6,,,,52.0,52.0
B085VND4F4,,,,,258.0
B085VQYG6K,,,743.0,743.0,743.0
B085VQZYRF,,,,,52.0
B085VRMD82,,,,,3.0
B085VRMNS2,,,482.0,482.0,482.0
B085VVC8PT,,,,24.0,
B085VVSLGK,743.0,743.0,743.0,,743.0
B085VW1TW2,,,,,60.0
B085VXVSQ9,,,,,83.0
B085W33P8C,,,,,287.0
B085W6GBF9,,,,,27.0
B085W9L93S,1891.0,1891.0,1891.0,1891.0,1891.0
B085WHVW52,,,33.0,,33.0
B085WJ3GJN,,,,,151.0
B085WL6VSM,,,,,104.0
B085WLRWBD,,,,,12163.0
B085WLWD7B,,,,,12163.0
B085WM1M6Z,12163.0,12163.0,,,12163.0
B085WMFY88,,,12163.0,,12163.0
B085WSPLP3,488.0,488.0,488.0,488.0,488.0
B085WTJRZQ,386.0,,,,386.0
B085WVWHBY,,,,,326.0
B085WW4GMZ,,,,,9.0
B085WXL28P,,,,,94.0
B085WXRVSN,309.0,309.0,309.0,,309.0
B085WYCHGX,,,,,109.0
B085XJ6Q33,,,,,39.0
B085XZ2ZS3,,,,,110.0
B085XZGD1F,,,110.0,,
B085Y4VP6Z,,,,45.0,
B085Z1DFT3,,,,,5.0
B085ZBJWBL,,,,61.0,61.0
B085ZHHTM9,,,111.0,,
B085ZTBV41,,,,,49.0
B085ZZJ42L,,,,,415.0
B08611NXM6,1132.0,,,1132.0,1132.0
B08611XG3X,,320.0,,320.0,
B08613Y23Q,,113.0,,,113.0
B08616ZCDB,,,,131.0,131.0
B08617FPRF,,,432.0,,432.0
B0861BZ6Y3,,,,,13.0
B0861M8V5Q,,,77.0,,
B0861NFGPC,,518.0,,518.0,518.0
B0861Q51QZ,,7.0,,,
B0861QFP5H,,,,,151.0
B0861R2NRK,131.0,,,,131.0
B0861RQBMP,,,,131.0,131.0
B0861S4YCB,108.0,,,,108.0
B0861SGGZ8,,,,,370.0
B0861WFF4N,,,,,59.0
B0861XC7NQ,,,,,31.0
B0862263JP,19.0,,,,
B08623PBR2,592.0,,592.0,,592.0
B08628VNNK,5432.0,,5432.0,5432.0,5432.0
B0862G22MG,5432.0,,5432.0,5432.0,5432.0
B0862GDPZ3,,,,,17.0
B0862H4PF5,,,,,34.0
B0863CM8P4,,,,,1.0
B0863DMR2M,,,,,341.0
B0863FDJKF,,,,,110.0
B0863KMCGC,,,,,56.0
B0863WFGCR,,,,,41.0
B0864PWGY1,,,,2.0,
B0865K9YZB,7.0,,,,
B0865MR422,,,,,9.0
B0865SK74G,120.0,120.0,120.0,120.0,120.0
B08663XYHT,,65.0,,,
B08669VZZT,138.0,138.0,,138.0,138.0
B086727HL9,,,129.0,,129.0
B08676ZVL4,,,1123.0,,1123.0
B08678WJR8,,,,,124.0
B0867C8B7H,289.0,,,289.0,289.0
B0867LCDFW,,,,,42.0
B0867Z8734,,1137.0,,,1137.0
B0868BZR3W,,,81.0,,
B0868D7M6J,5.0,,,,
B0868GDDN2,671.0,671.0,671.0,671.0,671.0
B0868L2RKF,,,,,73.0
B0868L4P49,,,,,723.0
B0868TS18W,,,,,65.0
B08697LD5V,,,,,363.0
B0869D71MT,,,,,154.0
B0869HRPS8,,,,403.0,403.0
B0869JHZ6M,,,126.0,,
B0869RZZ5X,,,,,426.0
B086BH2FS3,,,,254.0,254.0
B086BQZSXR,,,,,236.0
B086BR6J18,525.0,525.0,,525.0,525.0
B086C96QHL,,,,6.0,
B086CRQGP3,,,,,531.0
B086D1YG76,724.0,724.0,724.0,,
B086D99S2V,42.0,,,,42.0
B086DGSNDH,,,6.0,,6.0
B086DN1TP9,,3067.0,3067.0,,3067.0
B086G5RSRC,,,,,29.0
B086GQ7ZY3,,,,,66.0
B086GQC4TC,,,,,53.0
B086GSTL7M,66.0,,,,66.0
B086HWRPMG,,,,,65.0
B086J1CC19,,,,39.0,
B086JD9218,,,,,161.0
B086JH6GWC,30.0,30.0,30.0,30.0,
B086JQS563,1147.0,,,1147.0,1147.0
B086JQVV8Y,258.0,,258.0,258.0,
B086JQY4S4,723.0,,,,723.0
B086JVVRHM,,,,76.0,76.0
B086JWH712,116.0,,,,
B086L2PB67,,,,,2.0
B086LDB15F,,,,,85.0
B086LKNXC2,,,,95.0,
B086M9JR81,,,,,1068.0
B086MBH8X4,,,1068.0,,1068.0
B086MCNQMS,11137.0,,11137.0,,11137.0
B086MF7S48,,,11137.0,,11137.0
B086MH7GQK,,,1068.0,,1068.0
B086MJXYFS,253.0,253.0,253.0,,253.0
B086MK4XCV,,,,,56.0
B086MMKDX3,,,,,13.0
B086MN8WZ5,43.0,,43.0,,
B086MNKWN6,,,,,13.0
B086MQD3MG,11137.0,11137.0,,11137.0,11137.0
B086MR6QD9,,,,,11137.0
B086MSN2Z1,,,235.0,235.0,235.0
B086MSZML8,,,,,86.0
B086N2J8PM,,,,,845.0
B086P94PJJ,,,,379.0,379.0
B086PDL6W5,,,,,36.0
B086PFDFL9,,,,,130.0
B086PVD1V3,,,,,161.0
B086Q1NP6L,,,,,23.0
B086Q2M8HD,,,795.0,795.0,795.0
B086QJVLY5,84.0,,84.0,84.0,
B086QMG5L1,,,,,14.0
B086QMW7WY,,,,,39.0
B086QS273D,,,,,14.0
B086R9YB41,,,,,18.0
B086RRTJBS,,,,,20.0
B086S13QJ4,,,,,7.0
B086SB8PBK,14.0,,,,
B086SJP2GX,302.0,,,,
B086SLJS5G,,,,,61.0
B086T3YPJP,,,,,3.0
B086VKGK9P,,,,9.0,
B086VLKP6G,,,,,399.0
B086VLN41G,,,,399.0,399.0
B086W4QBCV,,,747.0,,747.0
B086W52L19,,,,88.0,88.0
B086W69VFG,,,,,113.0
B086W6FLL7,430.0,,,,430.0
B086W6K44B,,,,,1248.0
B086W87P7F,,,,,200.0
B086W8WK5M,,,,,448.0
B086W9NLD2,,,,,73.0
B086WSC1FX,,27.0,,27.0,
B086WT1DPM,,1704.0,1704.0,1704.0,1704.0
B086WXLNDD,,,,359.0,
B086X3WTYQ,221.0,,,,221.0
B086XCMR5P,,,,,47.0
B086XD8199,,,150.0,,150.0
B086XHD7QR,68.0,,,,68.0
B086XHWR41,,,,,105.0
B086XK1867,,,,359.0,359.0
B086XKV7N2,,,,,359.0
B086XLNKTP,,,,,356.0
B086Y735PP,142.0,,142.0,,142.0
B086YBRVMS,,,,96.0,96.0
B086YKVBHK,,,,,30.0
B086YPRPTR,26.0,,,,
B086YTTXSN,,,,,95.0
B086ZG53L7,,4.0,,,
B086ZGKCZY,,,,,42.0
B086ZLTQ9J,,,,,28.0
B086ZMMG1K,6.0,,6.0,,
B0871JN179,85.0,,,85.0,85.0
B0871K5R84,,,,112.0,
B0871NX27G,638.0,638.0,638.0,638.0,638.0
B0871V3P2D,111.0,,,,111.0
B087214766,,,2353.0,2353.0,2353.0
B087217V21,,,,51.0,51.0
B0872381T4,,,,154.0,
B08726MB3D,,,,,45.0
B08729YNTB,,32.0,,,
B0872GZD6G,,,74.0,,
B0872NDFPD,,,,,303.0
B0872SSQ7R,,,,2592.0,2592.0
B0872ZKQQP,,,,,20.0
B08731HLXS,,,,,33.0
B087347BRD,,,,9.0,9.0
B0873662C1,,,,2143.0,2143.0
B087378TLR,,,,,16.0
B08739HB9M,,,,,103.0
B0873C5NPT,,,,,3.0
B0873ZQD4M,,,,64.0,
B08746BMQN,,,,,268.0
B0874CYXJK,17.0,,,,
B0874D8G6P,1188.0,1188.0,1188.0,1188.0,1188.0
B0874DR3KN,,,,,9.0
B0874DSJ15,,,,,215.0
B0874P3XRX,,,,,178.0
B0874P5K5P,,,,,4.0
B0875FTLY7,,,,,179.0
B0875MXNKH,,,,,149.0
B0875N4CD2,,,,,127.0
B0875Q59KM,84.0,,,,84.0
B0875QGMW7,,,,,124.0
B0875S16R6,,357.0,,,357.0
B0875S6SXV,,,,,462.0
B0875X4TTB,32.0,32.0,,,
B0876G14FC,,,81.0,,
B0876N756X,,,,,268.0
B0876RPH52,,242.0,,,
B0876SDYMH,,,242.0,,
B0876TQQZ8,,,,,9.0
B0876VQZCV,,,,15.0,
B0876WCT6T,,,,,51.0
B0876X6RPD,,,16.0,,
B0876XV1NP,59.0,59.0,,59.0,
B08778D2JW,,,,14.0,
B08778JQXV,,,,289.0,289.0
B08787MS4K,,,,204.0,
B0878RLN5H,,21.0,,,
B0878VWNBH,,,,,48.0
B0879Y4J66,,,,,42.0
B087B4W217,224.0,,,,224.0
B087B5NHXP,,,,,60.0
B087BDKPWL,,,,,44.0
B087BFH36F,,,,,20.0
B087BG48VC,,,,91.0,91.0
B087BK4STK,,,,,105.0
B087BMFV7J,,,,,63.0
B087BN4VJD,,1132.0,,,1132.0
B087BNHC4X,189.0,,,,189.0
B087BR3LCC,,,45.0,,
B087BXBYV5,,,,,243.0
B087C1SKFZ,,,,,15.0
B087C1VMR2,,,,,20.0
B087C99Z3J,233.0,,233.0,,233.0
B087CD1V2P,,,50.0,,50.0
B087CKJL67,459.0,,,459.0,459.0
B087CLB6KW,,,203.0,203.0,203.0
B087CR2KGL,,,,,148.0
B087CS798V,,,,,16.0
B087D2DGTC,,,197.0,,197.0
B087D5J8XL,,112.0,,,
B087D65JZJ,,,,106.0,
B087DLZS6D,,215.0,,,
B087F933WG,,,,44.0,
B087FWW4TP,,,,447.0,
B087FX44YR,,,,12.0,
B087G573TL,89.0,,,,
B087G7S56R,,,,639.0,639.0
B087GCGP82,,,,61.0,
B087H45SJ6,464.0,464.0,464.0,,
B087JD3MFH,,,,51.0,
B087JDPXLW,,,85.0,85.0,85.0
B087JFGKXL,,,,17.0,
B087JK4YZW,,,81.0,,
B087JKPVN5,,29.0,,,
B087JSNC3X,,,,,37.0
B087LSVJN2,,,,,50.0
B087LW1GLX,,,,7.0,
B087M2415W,,,1.0,,
B087M6KZV9,44.0,,,,
B087M8Q3NF,38.0,38.0,,,
B087M8QB5X,,4315.0,,,4315.0
B087MXSL93,,,,54.0,54.0
B087N56ZLF,,,550.0,,
B087N9CW7B,814.0,814.0,814.0,814.0,814.0
B087N9ZBZ5,,,,,46.0
B087NBDF5D,,,,,322.0
B087NGPDS3,,,,,8.0
B087NQ61W8,,,,,33.0
B087NT151K,,,,,346.0
B087P57TCK,,,3.0,,
B087P6823C,,,,,21.0
B087PCS5DT,,,,44.0,
B087PJH7YH,77.0,,77.0,,77.0
B087Q16XBT,101.0,,,101.0,
B087Q2RTD3,,,,,224.0
B087Q6TX5Q,,,,,98.0
B087Q944NJ,,,,73.0,
B087Q9GHTB,,,,,30.0
B087QG95HG,,49.0,,49.0,49.0
B087QH224Y,,,,,147.0
B087QH4K6Y,,,147.0,,
B087QHFZJH,,,147.0,,147.0
B087QHXH5Y,,,,,147.0
B087QL3ZQ9,,,,,111.0
B087QP6D91,,434.0,434.0,,
B087QPV55X,,,,,261.0
B087QTH1D2,,,21.0,21.0,21.0
B087R24WWH,118.0,118.0,,,
B087R26WYN,,,,,77.0
B087R3WDPN,,,,327.0,327.0
B087RK3HF5,236.0,,,236.0,236.0
B087RLKCWH,,,,80.0,80.0
B087RLW1VY,,,,,147.0
B087RMCHD1,,,,147.0,
B087RMX3ZB,,,,,8171.0
B087RPBJV9,133.0,,133.0,,133.0
B087T5KQ2T,,,,,21.0
B087T79XZD,46.0,,,,
B087T7X7ZV,,2269.0,,2269.0,2269.0
B087T8TH8N,,,68.0,68.0,68.0
B087TB4XK6,54.0,,,,54.0
B087TDYZG7,1797.0,1797.0,,1797.0,1797.0
B087TFTVZH,34.0,34.0,34.0,34.0,34.0
B087TK8FLB,,,,,15.0
B087TL8C77,,,8.0,8.0,
B087TMG5NT,2269.0,2269.0,,,2269.0
B087TXX1S4,,8.0,,8.0,
B087WB9M14,,,,1180.0,
B087WL11W5,,,,162.0,162.0
B087WPQXJ9,,,2269.0,2269.0,2269.0
B087WSNLCG,,,,,38.0
B087WWHR87,,,267.0,,267.0
B087X26MCZ,1.0,,,,
B087X2DPKS,49.0,,,,
B087X5XG7H,,,,,35.0
B087XBXP3Q,,,,,29.0
B087XCV6V7,,1003.0,,,1003.0
B087YPY5L5,5081.0,,5081.0,5081.0,5081.0
B087Z5V1TT,,,,,36.0
B087Z9JDGB,,,,,8.0
B087Z9LSHY,,,66.0,,66.0
B087ZB7V6F,,,,,1.0
B087ZBVJC5,,,,,5.0
B087ZCHYZL,,151.0,,151.0,151.0
B087ZZ3ZSG,,,57.0,,
B08811Z6L4,,,,,33.0
B088144B1Q,,3.0,,,
B08817VRKS,,,,,46.0
B0881HH2B5,,,,2269.0,2269.0
B0881M85KT,,,,,1806.0
B0881RGCC2,,,,,19.0
B0882HGY6X,,,,,80.0
B0882LTLDG,473.0,,,,473.0
B0882P19FX,,71.0,,,71.0
B0882S3N5D,130.0,,,,130.0
B0882TDSBJ,502.0,502.0,502.0,502.0,502.0
B08833XW73,,,150.0,150.0,150.0
B08839H9XP,,,,14.0,
B0883CK46Q,,116.0,,,116.0
B0883DCZVW,,,4.0,,
B0883DF6K5,,,,,13.0
B0883F8F59,,,,199.0,199.0
B0883YFCT6,5.0,,,,
B08858WVKR,,,,,72.0
B0885SS9QM,,,,,84.0
B0885TPHBJ,,,60.0,,
B0885VCMXH,,,,,2011.0
B0885W29XK,2011.0,,,,2011.0
B08864X76P,,,,,2011.0
B088654Q7Z,,2084.0,,,
B08866GKJK,,,,,45.0
B0886945CH,,35.0,35.0,,
B08869QZ28,139.0,139.0,,,
B08869WHFF,,,,2011.0,
B0886GK7PD,,,,,5087.0
B0886GWLB4,,,,,436.0
B0886HQTCT,,,,5087.0,5087.0
B0887SGTLS,99.0,,,,99.0
B0887VLT8V,,,,69.0,69.0
B08881YGLJ,,,,,111.0
B088829W97,,,261.0,261.0,261.0
B08883Q4SD,9.0,,,,
B08888J21N,,,,257.0,257.0
B0888944PT,,15.0,,15.0,15.0
B0888DHYNJ,,,,28.0,28.0
B0888H7GQH,,,,,42.0
B0888NRR1S,,98.0,,,
B0888STLFY,30.0,,30.0,,30.0
B088B5FG93,,,,,20.0
B088BB978N,,,,,216.0
B088C29W67,,,,7.0,
B088CNYJYR,37.0,,,,37.0
B088CV8K2S,,,,,33.0
B088D1LCK4,,179.0,,179.0,179.0
B088D2QWYX,37.0,,37.0,37.0,37.0
B088D42C49,,,,,7.0
B088D524VS,15006.0,,,,15006.0
B088D56FPG,,,,283.0,283.0
B088D64Y1R,,,,,18.0
B088DF573L,,,,1551.0,1551.0
B088DLSRGD,,,56.0,,56.0
B088DVR4N6,,,,21.0,
B088DWBPNQ,,,,,21.0
B088DWJG3G,21.0,,,,
B088F1QB55,,,65.0,,65.0
B088F1TWX5,,,,,16.0
B088F27C27,,194.0,,194.0,194.0
B088F2WPTV,,,,37.0,
B088FGTP5W,,,,10.0,
B088FHYLFX,,,,70.0,70.0
B088FKC1KW,,,,,48.0
B088FKGVXW,,,,201.0,
B088FL9168,,,,,29.0
B088FLBNFK,2662.0,,,2662.0,
B088FMXRRC,,,,,9.0
B088FN57MP,3.0,,,,
B088FQR98D,1202.0,1202.0,,,1202.0
B088FRMBPM,33.0,,,33.0,33.0
B088FSJCXN,31.0,,31.0,,
B088GJ84H3,,,,,1537.0
B088GJDX76,,,1141.0,1141.0,1141.0
B088GP8TGF,,,,,151.0
B088GPWGQF,,,91.0,91.0,
B088GVKVWY,,431.0,,,431.0
B088H21N7F,32.0,,,,32.0
B088HD1G3Y,,,,,3.0
B088HD967D,,,,,1537.0
B088HGDLPR,,,1537.0,,
B088HQ5ZT7,805.0,,805.0,805.0,805.0
B088JT85R2,628.0,,,,628.0
B088JY9QW9,,,,628.0,
B088JZ64H9,,,918.0,918.0,918.0
B088JZSK5M,,,4721.0,4721.0,4721.0
B088K149RZ,,,628.0,,
B088K2TKSR,,,,628.0,628.0
B088K3J4W1,,4721.0,4721.0,,4721.0
B088K4H21V,,,,,444.0
B088K63JZ7,,264.0,,264.0,264.0
B088KC4S53,,,,,5.0
B088KC5RV6,,,,21.0,
B088KDFZXS,,,237.0,237.0,237.0
B088KG7HBZ,,,,,90.0
B088KN9N2Z,,,,,22.0
B088KNZQY8,,,,50.0,50.0
B088KQZDSK,,,,,28.0
B088LRMXX6,106.0,106.0,106.0,106.0,106.0
B088LRXS8K,224.0,,,,224.0
B088LZPJF1,,,,,18.0
B088M1KXT9,,,,394.0,394.0
B088M2M46N,227.0,227.0,227.0,,227.0
B088M2MRW7,,,,,3.0
B088MGJ67X,,112.0,,,
B088MGL9PP,,,477.0,477.0,477.0
B088MH42Z6,,,,,475.0
B088ML5J7R,,,,,16.0
B088ML9DDB,,28.0,,,28.0
B088N6XQ7R,,,,,67.0
B088N9XXVJ,,,,,1362.0
B088NDBKT2,,,,,25.0
B088NG2HR6,109.0,,,,109.0
B088NG8531,,,,,34.0
B088NGKS7Z,,,,,1362.0
B088NGPH8Z,,1362.0,1362.0,1362.0,1362.0
B088NHPC1M,,3821.0,3821.0,,3821.0
B088NM84X3,,,369.0,,369.0
B088NQN8CJ,,,,,19.0
B088P2762M,,,,,36.0
B088P6F1GG,,,,,71.0
B088P7GBZJ,,,,,83.0
B088P8435L,,123.0,,123.0,123.0
B088PJYSBK,854.0,854.0,854.0,,854.0
B088PMHH5C,21.0,,,,21.0
B088PN4JJD,,,,,50.0
B088PQ3T4V,314.0,,,,314.0
B088PR7PBK,,,,,550.0
B088QTB59Z,,,21.0,,21.0
B088QXQGYS,737.0,737.0,737.0,737.0,737.0
B088QYN85R,,,,,7.0
B088R22JJH,,,221.0,221.0,221.0
B088R76XRR,,,,,53.0
B088R7JMFV,308.0,,,308.0,308.0
B088R7M9LX,,20.0,,,20.0
B088RDPB21,,,2.0,,
B088RGWPDY,,,,,21.0
B088RJHH35,,,,,43.0
B088RMF67W,,,,320.0,320.0
B088T4JXSS,12.0,,,,
B088T5KY8C,,,,,8171.0
B088TRQL1V,,,,174.0,174.0
B088TV7T5Q,,,,,26.0
B088WCH3Q4,,,,140.0,140.0
B088WGQW4S,,,,,314.0
B088WLNMLL,,,,,2.0
B088WVNKVW,,12.0,,,
B088X1HBXM,,,,5.0,
B088X475XG,,,,,11.0
B088X69BTH,,,,,16.0
B088XP38WN,,,,,36.0
B088Z4DXY1,,,,,23.0
B088ZC65QF,,,,,25.0
B088ZGKSYR,,,,,358.0
B088ZLL7GW,208.0,,208.0,208.0,
B088ZW5Q72,,,,,4.0
B0891S32MF,,,,,68.0
B0891ZJWX6,48.0,,,48.0,
B08929Z3WK,,,8.0,,
B0892F2BYL,,,,,778.0
B0892W6RZH,,,,,67.0
B0892XVWVJ,,,,,98.0
B089354FC5,,,154.0,,154.0
B0893813B2,,,,17.0,
B08938DBVC,,,,7.0,
B0893NYDBF,1290.0,1290.0,1290.0,1290.0,1290.0
B0893QB9Q3,,,,,33.0
B0893SQTHT,,,,47.0,
B08942QQTM,,,,,221.0
B08943G334,,,,,277.0
B0894M5Z8D,,,44.0,44.0,44.0
B0894N3TQY,,,,,21.0
B0894NWXCC,,2195.0,2195.0,2195.0,2195.0
B0894Q52HZ,,,,92.0,
B0894QQ6TJ,,,,,121.0
B0894S62W1,,,,,62.0
B0894SP871,,,,16.0,16.0
B0894T7KGG,,,,,67.0
B08952LSGS,,,10.0,,
B0895G2M4D,,,,,157.0
B0895G5G8Y,,,,64.0,64.0
B0895H2P22,,,,,39.0
B0895LVMZ6,,,,,59.0
B0895P81RK,,,,,227.0
B0895T3LVV,179.0,,179.0,,179.0
B0895XTLC5,,,,,1018.0
B0895Y4Y14,,,14.0,14.0,
B0895YKX9T,,,,617.0,617.0
B0895Z1Z92,,,,,1024.0
B08961Z7NY,,,,,65.0
B08964MWGJ,,,,,88.0
B0896659PH,,,,,622.0
B0896W7LWX,,,,,13.0
B0897BY8ZV,69.0,,69.0,,
B0897HB6S6,,,,,697.0
B0897HP6RF,,,,36.0,36.0
B0897JCRQR,899.0,,,,
B0897JQPCM,,,53.0,,
B0897K3KVB,,53.0,,,
B0897KK8HW,,,,,904.0
B0897N7X4R,,,,,56.0
B089977HXQ,,,277.0,277.0,277.0
B0899C8T46,,,,,42.0
B0899MGFX9,,,,,1432.0
B0899N6JQ7,,,,,48.0
B0899ZDTPZ,1480.0,1480.0,1480.0,1480.0,1480.0
B089B6W8PJ,,,29.0,29.0,29.0
B089CG1671,555.0,,555.0,555.0,555.0
B089CKFY4N,,243.0,243.0,,
B089CNG1JR,,,103.0,103.0,103.0
B089CPFSF9,,28.0,,,
B089CRXZXX,,,,,2.0
B089CV43CW,,,,,2.0
B089D5RS2P,465.0,,465.0,,465.0
B089DPSJCV,,,,,361.0
B089DQNZWL,,,211.0,,211.0
B089F6LY5X,242.0,,,242.0,242.0
B089F98J2K,,,,,30.0
B089F9P54X,,,,,30.0
B089F9QWL1,,,,,28.0
B089FM68GZ,,,,110.0,
B089FTRXRK,,,1397.0,,
B089FVMK18,,,,,236.0
B089FW7DJZ,,,,236.0,236.0
B089G5LXFS,,,,,16.0
B089G65PHM,,,,,43.0
B089GDPBJZ,,,,55.0,55.0
B089GFLYWG,,,,,97.0
B089GMFN48,,,,137.0,137.0
B089GMHPZM,,121.0,,121.0,121.0
B089GSC977,,312.0,,,312.0
B089GSCB7Y,,,,312.0,312.0
B089GSKZN8,,,312.0,,312.0
B089GSY42Z,,,,312.0,312.0
B089JBJTN5,377.0,377.0,377.0,377.0,377.0
B089JGCRPM,,,,572.0,572.0
B089K5SWJW,,,,,26.0
B089KGSTW2,,,,,15.0
B089KGZ6G4,,,,,96.0
B089KKM4PP,,509.0,,509.0,509.0
B089KS6QR1,,,43.0,,43.0
B089LDVTJG,322.0,,322.0,,322.0
B089LH241H,,,499.0,,499.0
B089LPF7GN,327.0,,,,327.0
B089LPM1MH,,,,,7.0
B089LVWB1X,,,512.0,,512.0
B089LYFPJW,132.0,,132.0,,
B089LZRSZ9,,,,,108.0
B089M9TB6V,,,,,2.0
B089MDCVX8,,211.0,,,211.0
B089MWNSG8,,,,597.0,597.0
B089MZSQP1,815.0,815.0,815.0,,815.0
B089N1LWPH,481.0,481.0,,481.0,481.0
B089N3KVQD,,,,,597.0
B089N3XGQC,30.0,,,,30.0
B089N3ZZ9J,597.0,,,,597.0
B089N411MN,,,,,597.0
B089N7XS4X,1822.0,,,,
B089N841WD,597.0,,,,
B089N8PXXN,,,,597.0,
B089N8YR9W,,,,,12.0
B089NDGZ7R,808.0,,808.0,,808.0
B089NG9FBQ,587.0,,,,587.0
B089NL2TPQ,,,,,597.0
B089NL4XXB,,,,,597.0
B089NNCYXX,,,,,48.0
B089NPKN12,,,,,48.0
B089NS6XYG,,423.0,,,
B089NSXRJY,,,,,457.0
B089NWQ8HM,,,,,5.0
B089PTYLV9,,,86.0,,86.0
B089PWJCQP,,,,,4.0
B089Q3K5DL,,,,29.0,29.0
B089Q7XJ7Q,,,6019.0,,6019.0
B089Q8JWRG,,,,,434.0
B089QF4VB4,,,,,49.0
B089QNZVRM,59.0,,59.0,59.0,59.0
B089QXP9R1,,,,,454.0
B089QZYPLZ,,,,,244.0
B089R1Z1YV,,,,,241.0
B089R59N86,,,,164.0,164.0
B089RD3B54,24954.0,,,24954.0,24954.0
B089RD3DF8,24954.0,,,24954.0,24954.0
B089RDST4B,24954.0,,,,24954.0
B089RDW551,24954.0,,,24954.0,
B089RF13V9,,,,3.0,
B089RF9JR3,,,24954.0,24954.0,
B089RFVMJQ,24954.0,24954.0,24954.0,24954.0,24954.0
B089RFZ8RL,24954.0,24954.0,,24954.0,24954.0
B089RWQGJJ,,,,,97.0
B089S2G53G,379.0,379.0,,,
B089S3BVVG,,379.0,,379.0,
B089SF7VRL,887.0,,887.0,,887.0
B089SFW5WH,,,,,61.0
B089SG1TJW,,,,,8.0
B089SQ437V,,,,,203.0
B089SR9T9S,2.0,,,,
B089STRHL8,,,,,24.0
B089SVFJST,,,,,193.0
B089SVZYQP,,,,297.0,297.0
B089SWXRTX,359.0,,,359.0,359.0
B089SZG4J5,,140.0,140.0,140.0,
B089V9PTRK,,,,,166.0
B089VZRKYK,,,,,110.0
B089W14974,,187.0,,,187.0
B089W31Z66,,,,,20.0
B089W4DN45,,,,,93.0
B089W5FK51,,,,,111.0
B089WKPWSV,,,,,197.0
B089XY43VM,,,,,4.0
B089XYK76Y,,,,,34.0
B089Y1HWZG,,4.0,,,
B089Y6T2N1,256.0,,,,256.0
B089YDTHJK,,,,11.0,
B089ZNW9QM,,,,74.0,
B08B111H62,,,,,46.0
B08B144658,267.0,267.0,,,267.0
B08B151Q32,,,,387.0,387.0
B08B1793C1,,,,,27.0
B08B1CXLXM,,,,,55.0
B08B1F985Y,,,195.0,195.0,195.0
B08B1GKM46,,,,118.0,118.0
B08B1TPLX3,,,,,44.0
B08B2TVCMJ,,,,,468.0
B08B34PWR9,31.0,,,,31.0
B08B38KKMD,,,,,54.0
B08B39VBG7,,,80.0,,
B08B3BTBL7,,,,,2200.0
B08B3CPQ39,14370.0,,,14370.0,14370.0
B08B3F36X6,514.0,,,,514.0
B08B3KGJ2Z,,,,,411.0
B08B3L1QGV,,,,,33.0
B08B3L5NN7,,,,103.0,103.0
B08B3S1C58,,,,,46.0
B08B3S42HJ,2200.0,2200.0,2200.0,2200.0,2200.0
B08B3SH4CL,,,,,37.0
B08B3XWJ3H,,,,80.0,
B08B3YYKMJ,,,,,125.0
B08B3ZKYWH,,,,,56.0
B08B4193N9,,,,,125.0
B08B43JHY7,,,,,230.0
B08B43R3HJ,,,,,101.0
B08B44W8BK,680.0,,680.0,,680.0
B08B455VJH,,,,,18.0
B08B45LC7V,,,,,16.0
B08B46DDBX,,,,,77.0
B08B4DGXHD,25.0,,,,
B08B4MVVQC,,,,25.0,25.0
B08B4PCJT5,,,,,5.0
B08B4PFVVL,,,,,9.0
B08B4PP9V4,,,,,14.0
B08B4PTK53,,136.0,,,136.0
B08B4QNZWK,,,,155.0,155.0
B08B4T1RZF,,97.0,,,97.0
B08B4ZFQ1D,,,,,37.0
B08B524NH5,,,,186.0,
B08B575JXS,,,,,238.0
B08B5HG85H,,,8.0,,
B08B5P4MZF,,,612.0,,
B08B5Q36ZY,,,,,617.0
B08B5R9QB7,,,,19.0,
B08B5RQRYG,,,130.0,,130.0
B08B5RVZCT,96.0,,96.0,96.0,96.0
B08B678B2Q,,,,,53.0
B08B68W69Q,,,,,74.0
B08B68XMNR,,,,1352.0,1352.0
B08B69LPL6,,,,,5.0
B08B7P52JF,,,,31.0,
B08B7RVXSW,,,,,10.0
B08B7YJ25C,,,,13.0,
B08B7YJ95Z,,,,,180.0
B08B81HX1G,,,,70.0,70.0
B08B833GJY,,,125.0,,
B08B87G1Y4,,,,,42.0
B08B87YMNC,,,,,3352.0
B08B8D97QR,,,,,83.0
B08B8LQ5KD,,,,,25.0
B08B8QNC43,,,,,34.0
B08BB5CC8R,,31.0,,31.0,31.0
B08BBQ2YPM,,,,,33.0
B08BBZBX9D,,1179.0,,,1179.0
B08BC1B2LW,166.0,,166.0,166.0,166.0
B08BCFQZJ3,1727.0,,,,1727.0
B08BCN1HLG,,,,47.0,
B08BDSCN6Z,,110.0,,110.0,
B08BDV51H5,,,,,2.0
B08BDWWF53,,,95.0,,
B08BF3STQJ,,,,,20.0
B08BF3XF1M,,,,,30.0
B08BFNCWG4,,,151.0,151.0,151.0
B08BGNGXFX,,,,,43.0
B08BHRHRYV,2.0,,,,
B08BHTLDNS,,,46.0,,
B08BHVRKHL,,,,,83.0
B08BHZY12G,,,,,366.0
B08BJDKFQR,127.0,,,,
B08BJLQS9P,1090.0,1090.0,1090.0,1090.0,1090.0
B08BJP9Y5L,,,,,40.0
B08BJPPTRS,,,,,32.0
B08BJV9M3Q,,528.0,528.0,528.0,528.0
B08BK2LXWB,,228.0,,228.0,228.0
B08BK596TJ,,,,1435.0,1435.0
B08BKRC1MS,,,,,45.0
B08BKTSDWF,,141.0,,,141.0
B08BLBG557,1179.0,,1179.0,1179.0,1179.0
B08BLBJWMJ,,,,,125.0
B08BLDPJXT,,,,,38.0
B08BLGMTCH,44.0,44.0,44.0,,44.0
B08BLMMPH6,58.0,,,58.0,
B08BLN7F62,,,,,9.0
B08BN6T325,297.0,297.0,,297.0,
B08BNKKH9J,,55.0,55.0,55.0,
B08BNNJMCS,,,,,77.0
B08BQZFKD1,,,,747.0,
B08BR3XW4W,,,159.0,159.0,159.0
B08BR651RN,,,,143.0,
B08BR78S67,,,,59.0,
B08BR7PT2N,228.0,,228.0,,228.0
B08BR92G3D,,,,,25.0
B08BRDKMG9,,,,,174.0
B08BRRQYND,250.0,,,,
B08BS11TJH,242.0,,,,
B08BS4HQX2,,,1567.0,,
B08BS4SQX9,,,,,30.0
B08BTMWBNS,,,,708.0,708.0
B08BTNHSZB,,,71.0,,71.0
B08BTQD44Z,,,,,14.0
B08BTR4VLC,,,,,10.0
B08BTRNW4H,519.0,519.0,,,519.0
B08BW6JZ9L,,,,,11.0
B08BWR114N,5051.0,5051.0,5051.0,5051.0,5051.0
B08BWS5QR3,,,,,449.0
B08BX8HKH4,,,,,8.0
B08BXCX819,,,50.0,,
B08BXKN8L1,,85.0,,,85.0
B08BXKYB1H,6019.0,,,,6019.0
B08BXL2HT1,,,,,85.0
B08BXN2CF3,,,8171.0,8171.0,8171.0
B08BXN2NFD,,6019.0,,6019.0,6019.0
B08BY2C1BB,,,,,175.0
B08BY3W5GL,,,,,58.0
B08BY769SW,,,,,561.0
B08BY7HX9Z,,,,,565.0
B08BY7PJ2F,,,,,555.0
B08BY8LHY4,,,165.0,165.0,
B08BYCYXB9,,,,,312.0
B08BYMLH8S,,,,19.0,
B08BYXGFM9,,,,,10.0
B08BZ22GSX,,,,8.0,
B08BZ3W2KZ,,,,,7.0
B08BZC4S1J,,,37.0,,
B08BZF1PDX,,74.0,,,74.0
B08BZLKQFB,,,12.0,,
B08BZT1JWP,,,,92.0,
B08C27TPCF,,,,,206.0
B08C288BR9,52.0,,,52.0,52.0
B08C295WXX,814.0,814.0,814.0,814.0,814.0
B08C2KQ8J9,,,,45.0,45.0
B08C34P17Z,,,,,28.0
B08C4PJ5FT,10454.0,,,10454.0,10454.0
B08C4QG5K4,,,,,13.0
B08C4QM9J3,,,141.0,141.0,141.0
B08C4S32P4,,,,,10454.0
B08C4SHLYJ,,,,,10454.0
B08C51PB6D,11.0,,,,
B08C54V3RR,1216.0,1216.0,,,1216.0
B08C5DBYZM,,,,,152.0
B08C68G6HX,,,,,7197.0
B08C6L5D1X,,,,,70.0
B08C6YG419,,,301.0,,
B08C7538G9,,,111.0,,111.0
B08C765FTY,1878.0,1878.0,1878.0,1878.0,1878.0
B08C7GNF5X,,,,,53.0
B08C7W31CC,,,,14.0,
B08C813TF1,575.0,575.0,575.0,,575.0
B08C9JN1QF,3060.0,3060.0,,,3060.0
B08C9KTW7V,,,,,111.0
B08C9MN587,,,,,108.0
B08C9N7BZ7,,,,,420.0
B08C9NGV8K,,,,,18.0
B08C9NKTFW,1.0,,,,
B08C9PMP4N,,,,,15.0
B08C9QM9T8,,,,3943.0,3943.0
B08C9XQKRJ,84.0,,,84.0,
B08CB1T1WP,,,,,161.0
B08CB2GHL7,,137.0,137.0,,137.0
B08CBDD6RD,,8.0,8.0,,8.0
B08CBPGW1B,,,378.0,,378.0
B08CBRGW8M,,,,,74.0
B08CBV4HBY,,,,369.0,369.0
B08CBXHYF9,,,256.0,,256.0
B08CCMPHF3,,,,,72.0
B08CCNFDJZ,,,,,1.0
B08CCW4TRS,,,,,186.0
B08CDDB68Z,,,,,97.0
B08CDQQ537,,,,59.0,59.0
B08CDRK94K,,,451.0,,451.0
B08CDRXQHJ,,,,,70.0
B08CDTCPMJ,,91.0,91.0,,91.0
B08CDTH2VB,1006.0,,,,1006.0
B08CDZXHVZ,,,,,24.0
B08CF4SMYT,,,3.0,,
B08CH1DFMF,964.0,964.0,964.0,,964.0
B08CH22ZQB,,,,467.0,467.0
B08CH27HLS,,,,,100.0
B08CH4RSGZ,362.0,362.0,362.0,362.0,362.0
B08CH9TL82,,,,,55.0
B08CHB8GRN,,,6.0,,
B08CHBL22C,,,,9015.0,9015.0
B08CHF5DCD,235.0,,235.0,,235.0
B08CHK2513,,,,16.0,
B08CJKN2T9,,,,,207.0
B08CK749MD,,,,,31.0
B08CKDHNSS,,235.0,,,235.0
B08CKMM717,,,,,45.0
B08CKN129D,,,,,34.0
B08CM1SZ7M,13.0,,,,
B08CMBL4HG,339.0,,,,339.0
B08CMHK8KS,,,,49.0,
B08CMP43HY,,,,,843.0
B08CMPHJPG,895.0,895.0,895.0,895.0,895.0
B08CMPY37Q,,,,,31.0
B08CMVQCBW,,,,,45.0
B08CMX69BZ,,,,,40.0
B08CMZNVRW,,,,,33.0
B08CN3ND67,33.0,,33.0,,
B08CN633G8,,,,,33.0
B08CN6G9MG,,,,165.0,165.0
B08CN8SGZ4,,,149.0,,149.0
B08CN93J12,,,,1803.0,1803.0
B08CNCL1LN,,,,,57.0
B08CNFRJYC,,,,66.0,
B08CNHX1VV,,,,,13.0
B08CNHZLXT,,,,7.0,
B08CQMLNZW,175.0,,175.0,175.0,175.0
B08CR38NFD,,,,,44.0
B08CR8FBKC,,,,,47.0
B08CRC11N9,,,,123.0,
B08CRKLCK4,,,,,11.0
B08CRKRLF6,,,,,46.0
B08CRMTFYJ,,,,,138.0
B08CRP7FDP,,,,,318.0
B08CRPBFPQ,,,,,3.0
B08CRVJPBG,,,,,58.0
B08CS9NHJJ,,,,,20.0
B08CSDLHS4,,,,,9.0
B08CSDLTRL,,,,,279.0
B08CSGND9P,,80.0,,,80.0
B08CSW5NJY,,,9.0,,
B08CT1DZ9K,126.0,,,,
B08CTF39P1,,,,,41.0
B08CTFDBZN,,,,,16.0
B08CTGD74Z,36.0,,,,36.0
B08CTY92HW,41.0,,,,
B08CV1XWBV,,,,,1275.0
B08CV2JP9P,,,,,180.0
B08CV3CKLX,14.0,,,,14.0
B08CV5HPSK,,,,,161.0
B08CV5N168,,,,,298.0
B08CV5NFQ1,,,,,7.0
B08CV64SB4,,,,,7.0
B08CV65WPY,,,,518.0,518.0
B08CV6GQXW,,,,,203.0
B08CV6N7XV,,,,24.0,
B08CV7F7F3,,,,,126.0
B08CV7FZFM,,,,,151.0
B08CV8X9ZY,22.0,,,,
B08CVB7RVN,5.0,,,,
B08CVBMBW6,,,,,17.0
B08CVDVLHV,,,35.0,,
B08CVFWS6L,,,,,29.0
B08CVH85KS,,,1.0,,
B08CVPC5NW,,66.0,,66.0,
B08CVQT47J,,,,,3.0
B08CVRFLXQ,,,,,3.0
B08CVSDBMM,126.0,,,,
B08CVTKCBM,126.0,,,,
B08CWJZCGT,,,,,227.0
B08CWMN329,,,,,227.0
B08CWQGXQ3,,,,,227.0
B08CWTYZNZ,,,,29.0,
B08CX6MJT2,,,2197.0,,2197.0
B08CX9T6CY,,,,,5.0
B08CXB4B7K,,,44.0,,
B08CXB7YB3,,,,,25.0
B08CXDXMP6,1283.0,,1283.0,,
B08CXG6421,,,,,25.0
B08CXJW7HW,,145.0,,,
B08CXKDVHS,,154.0,154.0,,154.0
B08CXLJLCH,,,,,72.0
B08CXP6VDD,,,,,227.0
B08CXQQDP1,,,,,62.0
B08CXSKBHB,,,,,38.0
B08CXTT499,,,88.0,,88.0
B08CY146HL,,,,,217.0
B08CY8V26V,,,,,6.0
B08CY98XYK,,,,30.0,
B08CYLYHSV,,,,,21.0
B08CYZP5PX,,,,,17.0
B08CZ141VF,,,,,74.0
B08CZ4473F,,,,,64.0
B08CZ6W5BM,,,,,79.0
B08CZD8D1T,80.0,80.0,,,
B08CZDW184,,,,,27.0
B08CZL7HCT,1074.0,,1074.0,1074.0,1074.0
B08CZLDYRK,,,,,734.0
B08CZMV8HR,,,,,57.0
B08CZNJZBH,,,,369.0,369.0
B08CZPK2V7,,,,,104.0
B08CZTVFDW,,,,,193.0
B08D12MBQ9,,,,,110.0
B08D34NVVG,,4.0,,,
B08D36K378,,,,,60.0
B08D36SK26,,,,,216.0
B08D37RDHH,,,,,114.0
B08D388BYK,,,,,45.0
B08D3F72MC,,,,,23.0
B08D3G1G4T,,,,,103.0
B08D3H61XX,23107.0,,,23107.0,23107.0
B08D3KJ5TS,,,,,49.0
B08D3KTNLP,,,,,26.0
B08D3PHS5K,,,,,327.0
B08D3Q9FBP,,,,,234.0
B08D3TT1RS,43.0,,,,
B08D5N3RS9,,,,,82.0
B08D5ZLWDX,,,,30.0,30.0
B08D61BL6J,,,,,20.0
B08D6442FV,863.0,,863.0,863.0,863.0
B08D64967D,788.0,788.0,788.0,788.0,788.0
B08D6DZQV4,,,,,20.0
B08D6H39YL,134.0,,,,
B08D6LSPP4,,,,,21.0
B08D6XHP4W,,61.0,61.0,,61.0
B08D6Y6Y14,1677.0,1677.0,1677.0,1677.0,1677.0
B08D6Z9PPK,726.0,,726.0,726.0,726.0
B08D7G2XN8,2269.0,,,2269.0,2269.0
B08D88PPVH,,,,,20.0
B08D8BTKDD,,,,18.0,18.0
B08D8DF51B,,,,,7.0
B08D8LD5QB,,,36.0,,
B08D8Q2MDP,,,,,374.0
B08D8S5Z2Y,315.0,,,315.0,315.0
B08D94JSP4,,,,961.0,961.0
B08D9BQTNX,,,,423.0,423.0
B08D9FSNQ5,,,,,102.0
B08D9FWGSD,,,,,139.0
B08D9GF9MC,,,,,12.0
B08D9GTB8X,,,,,20.0
B08D9H298T,,,,,16.0
B08D9H47WW,,,,,13.0
B08D9J9Z6G,,,,,1599.0
B08D9JD9XZ,,,,,139.0
B08D9JY3WZ,,3.0,,,
B08DCH524V,,,,,16.0
B08DCSM8TH,,,,,85.0
B08DCTMSFY,,,,,34.0
B08DCW1QX8,,,,778.0,778.0
B08DCX34YP,,165.0,,165.0,
B08DCYHTKM,,,,85.0,85.0
B08DD1TWGW,,,,,227.0
B08DD7Q5RW,,,,,84.0
B08DDH7TT3,,,,61.0,
B08DF9YFF4,,,,,326.0
B08DFDS2SM,14370.0,14370.0,14370.0,14370.0,14370.0
B08DFFXF37,,,,,5259.0
B08DFG5SJZ,,,517.0,,517.0
B08DFG6DWL,,,,14370.0,14370.0
B08DFK9VPL,5259.0,5259.0,5259.0,5259.0,5259.0
B08DFKJ25N,,,14370.0,,14370.0
B08DFPRR99,,,,511.0,511.0
B08DFRB51G,,,,,259.0
B08DFSHYY4,,,,,5259.0
B08DG3LSWH,1249.0,,1249.0,1249.0,1249.0
B08DG4GZXM,,,224.0,224.0,224.0
B08DG7CTNV,,8.0,,,
B08DHDQ2JS,,,,,8.0
B08DHDR3LF,,,,,168.0
B08DHFKJL4,,23.0,,,
B08DHGYM17,,,,,10.0
B08DHHDL95,,,,,193.0
B08DHJF3MD,,,,,47.0
B08DHK4SJ6,,,,,18.0
B08DHN522D,,,,,75.0
B08DHNFSDQ,371.0,371.0,371.0,,371.0
B08DHZCVFQ,,,,,259.0
B08DHZCZ13,32.0,,32.0,,
B08DJDVDJX,,,138.0,138.0,138.0
B08DJYR21T,,,,,13.0
B08DK4KQ3P,,,,1202.0,1202.0
B08DK5ZXGB,,,,,111.0
B08DKG6P1Z,,,,,163.0
B08DKGPGLW,,,,504.0,504.0
B08DKL48ZX,,,,,15.0
B08DKP84LW,,,,,693.0
B08DKR3SWX,,,,,53.0
B08DL31FQB,,,,,46.0
B08DL3RMZV,,,46.0,,
B08DL4N1QT,,,,,77.0
B08DL7W3N3,289.0,289.0,289.0,289.0,289.0
B08DL83J67,,,,,7.0
B08DL8WHYX,,,,2.0,
B08DLBPH6Y,,,,128.0,128.0
B08DLG3XZP,,,30.0,,30.0
B08DLKQ6C3,,,,,63.0
B08DLN9WGR,,,,,2812.0
B08DLNZSV7,,,,,156.0
B08DLSMVKC,,,91.0,,91.0
B08DLX24NV,18.0,,,,18.0
B08DLX3Y43,,,,,9.0
B08DLYRHS2,,,,,4439.0
B08DM3Z4YM,26.0,,,,
B08DM5V51Y,,,,,66.0
B08DMCYV9X,,,,,106.0
B08DMN5LJQ,,186.0,,,186.0
B08DMPN7Z9,,,47.0,,
B08DN3NGT1,41.0,,,,
B08DN845HY,1052.0,1052.0,,,
B08DNCDCZ9,,,,15.0,
B08DNFDFKC,,,,,381.0
B08DNRPQVB,,,,,14.0
B08DNTWC57,,,,,27.0
B08DNWPJJV,28.0,,,,
B08DNY18W1,,,,8.0,8.0
B08DNZ3G73,,,,,95.0
B08DP2QNFJ,44.0,,,,
B08DP36TSF,,,,,33.0
B08DP3V2TG,20.0,,,,
B08DQTRWRG,,,28.0,,28.0
B08DQXV4Y2,49.0,,,49.0,
B08DQYHY63,,81.0,,,81.0
B08DQZ4YCQ,,,,,6.0
B08DR31WZ8,,,,,5.0
B08DR484DZ,,,,,65.0
B08DR5F7BK,,24.0,,,
B08DR5LWR4,,,,,42.0
B08DR8DWCM,,,,,77.0
B08DRHDG67,,,83.0,83.0,83.0
B08DRL3S48,,,,67.0,
B08DS3C1QF,,,,,139.0
B08DSLD27R,108.0,,,,108.0
B08DTLSKQ7,,,,,13.0
B08DTN5LBL,,,129.0,129.0,129.0
B08DTPPV9J,,,,,28.0
B08DTQCT11,,,,,104.0
B08DTRL842,,,,,104.0
B08DV1Z3WC,,,,,7.0
B08DXDNXQ9,,,,,470.0
B08DXKTM49,,,35.0,,35.0
B08DXTRYYS,,,,,41.0
B08DXWFR19,997.0,,997.0,997.0,997.0
B08DY1GCQL,13.0,,,13.0,
B08DYGW3MZ,,,,45.0,
B08F1TVNPJ,,,,,15.0
B08F1VGD6T,,,105.0,,105.0
B08F238FL1,,,,,3466.0
B08F25CW14,,,,,64.0
B08F27TLP5,,39.0,,,
B08F2BDDYL,,,,11137.0,11137.0
B08F2LP3RT,,,,,8171.0
B08F2RSGFB,,,46.0,,46.0
B08F36KGR9,553.0,,,,553.0
B08F36P3C9,,,,,553.0
B08F37FWJZ,,3466.0,,,3466.0
B08F3BHGFG,,,,,62.0
B08F3HQNJM,67.0,67.0,,,67.0
B08F4D5NKZ,,,,,11.0
B08F4Q6J36,79.0,,,,
B08F4RB1VC,,,,142.0,142.0
B08F4XNRLL,,,,,55.0
B08F4YZ3SS,,,,,7747.0
B08F51NSTC,5187.0,5187.0,5187.0,5187.0,5187.0
B08F522M5H,,,5187.0,5187.0,5187.0
B08F523TH2,5187.0,,,5187.0,5187.0
B08F53JJWT,,,107.0,,
B08F58VY6H,,,620.0,620.0,620.0
B08F591K5M,,,,,192.0
B08F5DLRNX,,,,,46.0
B08F6WDDRP,,,,,359.0
B08F73R9ZH,293.0,,,,293.0
B08F79Q6TL,,,,,15.0
B08F7BZ5HN,356.0,,,,356.0
B08F7H296P,,,,,16.0
B08F7P7483,,,,,5087.0
B08F7PP3JY,,,,,5087.0
B08F7SD14V,,,,,165.0
B08F8LSJB4,,,,175.0,175.0
B08F8TYJBL,,,,,8.0
B08F98YK6G,188.0,188.0,,188.0,188.0
B08F9FJDX2,,,792.0,792.0,792.0
B08F9PZBVT,,,46.0,,
B08F9SZHRX,,,,,24.0
B08F9VNR39,,,,,8.0
B08F9Y8NML,128.0,,,,128.0
B08FB4TR7W,,1.0,,,
B08FB74V9P,,,,28.0,
B08FB7GQT7,,,,,117.0
B08FBKS1T4,,,,,3.0
B08FCD1XBD,240.0,240.0,240.0,,240.0
B08FCKJ6P5,,,,35.0,35.0
B08FD37SSF,,,,,243.0
B08FD65QNH,136.0,,,,
B08FD81GJR,,,,,8.0
B08FD9L1Z5,,,87.0,,87.0
B08FDG2TLH,,,,,62.0
B08FDG2Y3D,,,,,12.0
B08FDJ8DXM,,,,197.0,197.0
B08FDJ92KK,,,,504.0,504.0
B08FDKPDBT,,1110.0,,1110.0,1110.0
B08FF64YQC,1035.0,,1035.0,1035.0,1035.0
B08FF714H8,,,,78.0,78.0
B08FFB76MR,317.0,,,,317.0
B08FFHH2M8,,,,,273.0
B08FFY8HYP,1967.0,,,,1967.0
B08FG7JNQ5,,,,,62.0
B08FGKVBTD,,,,,74.0
B08FH8PTXC,,19.0,,19.0,19.0
B08FHB57NT,,,,,9.0
B08FHQCTMD,,,,17.0,
B08FJ63Q36,,4.0,,,
B08FJ78K76,,,,,31.0
B08FJ8PS7Z,,,,21.0,
B08FJ9FKKF,,,,,39.0
B08FJBVPCF,257.0,,,,257.0
B08FJHJC31,,,,,34.0
B08FM49D4X,3376.0,,,,
B08FM6JVT3,25.0,,,,
B08FM75HJ4,,,36.0,,36.0
B08FMHCFWC,,,,,1.0
B08FMLDQ3Z,,,,,701.0
B08FMLP2YV,,701.0,701.0,,701.0
B08FMM7MD1,,,701.0,,701.0
B08FMMF41Q,,701.0,,,
B08FMMH2LC,701.0,,,701.0,
B08FMNBHDL,701.0,,,,701.0
B08FMP4XF4,,,,,179.0
B08FPXNJ6Z,117.0,,117.0,117.0,
B08FQMZGHV,,,,224.0,224.0
B08FQRKCLY,,,,682.0,682.0
B08FQRMJB4,,37.0,,,37.0
B08FR4J4FB,,,,,4.0
B08FR7TYV1,,,,8.0,
B08FRDZFJC,,,34.0,34.0,34.0
B08FRFG2YW,,,,,25.0
B08FRFRNXL,,,,,38.0
B08FRFSHP7,,,194.0,,194.0
B08FRH8ZY5,,50.0,,,50.0
B08FRMXGTT,,,,,2.0
B08FRPSZ8F,,,,,1.0
B08FSH2PMB,7.0,,,7.0,
B08FSPG6G3,,,,,25.0
B08FSQD7HB,,,,,70.0
B08FSS8J94,,,,,141.0
B08FSSP1ZD,,,,,15.0
B08FT3Z21L,,,,,10.0
B08FT53D3Z,,,661.0,661.0,661.0
B08FT914PW,,,,,3466.0
B08FTBM4T5,,,2.0,,
B08FTDLQVR,,,,,99.0
B08FTJXYTP,1625.0,,1625.0,1625.0,1625.0
B08FWY4DC6,960.0,,,,960.0
B08FWZFK9S,,,,,145.0
B08FWZM79G,,,,59.0,59.0
B08FX1QV9W,,,,,89.0
B08FX2Y98F,,,,,282.0
B08FX73PHQ,,,,,126.0
B08FX9284N,,,,,960.0
B08FXB4WRK,,,,,92.0
B08FXD58WF,,,,,116.0
B08FXDB6RW,53.0,,,,
B08FXR7QWV,99.0,,,,99.0
B08FXWLZZB,,,,,318.0
B08FXZVM1G,186.0,,,,
B08FY1CTJ4,,,,103.0,103.0
B08FY5T745,9.0,,,,9.0
B08FY6HMJJ,,,,,406.0
B08FY7VJX2,,,47.0,,
B08FYFFH5Q,,,359.0,359.0,359.0
B08FYQT6HL,,,,,51.0
B08FZP3GN5,,,24.0,,
B08FZRYXKW,,,,,4.0
B08G12QYMB,,,,,15.0
B08G15J428,11.0,,,,
B08G17QN31,,,,8.0,
B08G17VS9Y,1009.0,,1009.0,1009.0,1009.0
B08G18QFFL,401.0,,,,
B08G18S3XK,,,,,1002.0
B08G1JKG3H,,,,,38.0
B08G1N5CFB,33.0,33.0,,,33.0
B08G1S68ZL,,,,,231.0
B08G1ZL8M1,,,,,70.0
B08G3784HV,,,,,12.0
B08G44F4BV,,,,31.0,31.0
B08G4GZ592,,,5.0,,
B08G4N4122,,,,,137.0
B08G4RJ177,,,12.0,,
B08G53M6HV,,,26.0,,
B08G5JRD8C,,,,,18.0
B08G81KH2H,,,799.0,799.0,799.0
B08G839WD9,,,,,66.0
B08G88FGPQ,80.0,,,,80.0
B08G8CP9W9,,,,,11.0
B08G8HNRHD,,,,,66.0
B08G8K199L,,,,11.0,
B08G8KQ3GC,,,,,66.0
B08G8M776N,,,,,66.0
B08G8MJSVZ,,,,,137.0
B08G8P76MY,525.0,,,525.0,525.0
B08G8TFTCN,,,,,47.0
B08G9H1DJT,,,,,45.0
B08G9R2W5F,,,,,870.0
B08G9TB776,,,,,49.0
B08GBVLQ7L,,,3879.0,3879.0,3879.0
B08GC4Y8XH,,,,,92.0
B08GC8RVKT,,,,3879.0,3879.0
B08GC9HLYW,160.0,,,160.0,160.0
B08GCKHRCX,,,,,156.0
B08GCM5FDM,807.0,,,807.0,807.0
B08GCYXMRR,,,,291.0,291.0
B08GFB71VY,44.0,,44.0,,
B08GFFWJLZ,,,,,3821.0
B08GFQ9SLJ,,,1643.0,1643.0,1643.0
B08GFXFS4F,,,,,10.0
B08GFXJDFN,,,,,218.0
B08GG492R9,,,,8.0,
B08GG49SGL,,,,,41.0
B08GG7KJ2F,108.0,,108.0,108.0,108.0
B08GH2RZYZ,77.0,,,,
B08GH4RFXB,,,,,4.0
B08GH768XF,,,,,37.0
B08GHD75R5,,,13.0,,
B08GHLGV9C,,,,,23.0
B08GJ2KBSN,,,126.0,,
B08GJ5WTKF,,52.0,,,
B08GJ8ZNLQ,269.0,,,269.0,269.0
B08GJ99ZSJ,,,,,103.0
B08GJSNNKR,,,,,88.0
B08GJSZ9LG,,,,,58.0
B08GJT8HHP,,,14.0,,
B08GJTMWX1,75.0,,,,
B08GJYQXM7,,,,,26.0
B08GK6YYK1,,,,,45.0
B08GKBFZ34,,,,,148.0
B08GKDQNQW,,,,,295.0
B08GKG144J,,,,,249.0
B08GKHKG7Z,,,,,202.0
B08GKJ6HYZ,,,,762.0,762.0
B08GKK9XTW,,,,28.0,28.0
B08GKKJH7P,,,,,94.0
B08GKKLKQT,,,553.0,,553.0
B08GKL2P9Z,,,,2341.0,
B08GKP8RP1,3750.0,,,,
B08GKX2N9K,,,,5.0,
B08GLB7FD9,,,,,22.0
B08GLFM4DH,,,,1604.0,1604.0
B08GLNN2KW,,,,,16.0
B08GLS6WGJ,,,,,37.0
B08GLSRB49,14370.0,,14370.0,14370.0,14370.0
B08GLZ3FYL,40.0,,,,
B08GNRQD5L,,,,,11.0
B08GNXMZYB,,,,,28.0
B08GNYYYD7,,,38.0,,
B08GNZG664,,,,,80.0
B08GNZWGR1,,,,35.0,
B08GP488Y3,,,,226.0,
B08GP5KB3W,,,,,147.0
B08GP9BYBJ,,,26.0,,26.0
B08GPG37LK,,,,26.0,26.0
B08GPPZXDB,,,,,144.0
B08GPQ5ML3,,,,,95.0
B08GQD746Y,,,,,7.0
B08GQGBG6W,15253.0,,,,15253.0
B08GQHPDK2,,,5839.0,5839.0,5839.0
B08GQHWTGC,,,,5839.0,5839.0
B08GQJ19JV,,,5839.0,5839.0,5839.0
B08GQJ6LF1,,,5839.0,5839.0,5839.0
B08GQJ6YPV,,15253.0,15253.0,15253.0,15253.0
B08GQJHQ91,,,,,15253.0
B08GQM5G88,,,,,15253.0
B08GQP1Q31,,,,262.0,262.0
B08GQXW61T,,,,,8.0
B08GR1QMQ9,,,46.0,,
B08GR55DKV,,,,,70.0
B08GRRKHHV,,,,1040.0,1040.0
B08GRY944G,,,,5839.0,5839.0
B08GRYYBW3,,,,5839.0,5839.0
B08GRZ1KYQ,,,,,5839.0
B08GRZCXVV,,,,,15253.0
B08GS18J2G,490.0,,490.0,,490.0
B08GS1JHBJ,,,,,15253.0
B08GS2W82X,,,,,15253.0
B08GS2XDJP,232.0,,,,232.0
B08GS3BGQC,,,,,6.0
B08GS3DPBN,,,,,43.0
B08GS42QFR,16.0,,,,
B08GS4FW6T,,,,15253.0,15253.0
B08GS4K72C,,15253.0,,,15253.0
B08GS8FRCX,,,14370.0,14370.0,14370.0
B08GS8P1DF,,,,15253.0,15253.0
B08GS8QYG9,,,,15253.0,15253.0
B08GS9HDW4,,,,,4.0
B08GSC9DCG,14370.0,14370.0,14370.0,14370.0,14370.0
B08GSCYWDQ,50.0,,,,
B08GSH1WYV,,,75.0,,75.0
B08GSH3BCR,,,,,10.0
B08GSHFJ8N,,,,,3821.0
B08GSK4ZKM,121.0,,,,
B08GSRWZZD,,,,1.0,
B08GSVQ3M7,,,,,19.0
B08GV7MS2X,,,,30.0,30.0
B08GWHDW48,,15.0,,,
B08GY1MXPT,,,11.0,,11.0
B08GYJD7GW,2574.0,2574.0,2574.0,2574.0,2574.0
B08GYM171T,,,,3.0,
B08GZPHTYD,,,,,122.0
B08GZPTWS9,,,,,4.0
B08GZYGT5W,,,,291.0,291.0
B08H14L58R,313.0,313.0,,313.0,313.0
B08H167QRM,,,,45.0,
B08H17B978,,,,141.0,
B08H1D6KMY,,,,,32.0
B08H1FRH2Z,,,,,4.0
B08H1RKJH4,,2.0,,,
B08H1SWPCG,,,,,5.0
B08H1Y41XM,,,112.0,,112.0
B08H229MN4,,,,,364.0
B08H4W561M,,,,120.0,
B08H4X9V19,,,,,401.0
B08H4Y2TBY,,34.0,,,
B08H4YWZW8,,,,114.0,114.0
B08H4ZKRXT,,,,,199.0
B08H56HK4J,34.0,,,,
B08H59G2GJ,,,,170.0,170.0
B08H5CSQV5,,,,30.0,
B08H5VWR3C,,,,,207.0
B08H5ZDPWF,,,,29.0,29.0
B08H6GXKMY,,,,272.0,272.0
B08H71QJSF,,,112.0,,
B08H71XJ2C,,,131.0,,131.0
B08H7284QW,,40.0,,,
B08H7SK1ZR,,,,,5.0
B08H7VL9ZR,,,,,36.0
B08H7X3XFC,33.0,,,,
B08H859T9W,,,28.0,,
B08H8CL3T3,,,,,63.0
B08H8KCCK1,,,,,26.0
B08H8LSN3M,,,,,35.0
B08H8M9M4C,,,,,36.0
B08H8N14C6,,,12.0,,
B08H8VT1Y8,,,,,59.0
B08H8WFMHD,,88.0,88.0,,88.0
B08HC5KBFD,,,,27.0,
B08HC7463C,,,,,6.0
B08HCKSX4G,,,,,71.0
B08HCLPJ1G,,,,,9.0
B08HCNMZGF,,,,,1471.0
B08HCQXX1Z,,,,,106.0
B08HCSYHXG,,,,27.0,27.0
B08HCX3KN2,,,,,14.0
B08HD71DZP,,,,,30.0
B08HD7QL6J,,,124.0,,124.0
B08HD8Y3WB,,,,,60.0
B08HGC32HD,,,,,102.0
B08HGDV7C8,,,,,11.0
B08HGLZH81,,,536.0,536.0,536.0
B08HGQFZM1,,,,,6.0
B08HGW2X3L,,,,,60.0
B08HGXWWTY,,,,,90.0
B08HGYZ4YS,,,,,90.0
B08HGZ44BC,,,,,268.0
B08HGZXZ34,98.0,,,,98.0
B08HH1VJ8J,,,72.0,,
B08HH7HX9Y,786.0,,,,786.0
B08HHH26LT,,,,,134.0
B08HHJJSGJ,,,,,46.0
B08HHWXXHV,85.0,,,,85.0
B08HHYWJW3,,,,157.0,
B08HJ35QZQ,180.0,,,,180.0
B08HJ35Z28,180.0,,180.0,180.0,180.0
B08HJ6W799,,,,28.0,
B08HJLFCXF,12.0,,,,
B08HJX1924,,,,,95.0
B08HJX8BKF,,,,,115.0
B08HK4S6JR,1583.0,1583.0,1583.0,1583.0,1583.0
B08HKFDRZZ,,,,28.0,
B08HKKQP1J,,,,,22.0
B08HL3R1R3,,,,,183.0
B08HL7RZHC,,62.0,,,62.0
B08HLNN1HB,,,,121.0,
B08HLQ5JKT,,,252.0,,252.0
B08HLS3HFL,,,,,238.0
B08HLXHZWT,,12163.0,,,12163.0
B08HM2WX3F,,,,125.0,125.0
B08HM53GMN,,,73.0,73.0,73.0
B08HM9JG1C,,,12.0,,
B08HMSWRHL,,,,,256.0
B08HMSYMP2,,,,,514.0
B08HMXS1KV,,,,,16.0
B08HMXY581,,,,30.0,30.0
B08HMYFGBZ,,,24.0,,24.0
B08HMZNNM4,,,,,21.0
B08HN4FF3K,,,,,101.0
B08HN93BNW,,14370.0,14370.0,14370.0,14370.0
B08HNJR3HL,,,,48.0,48.0
B08HPGDJSM,,286.0,286.0,,286.0
B08HPK61WW,887.0,,887.0,887.0,887.0
B08HPS951L,125.0,,,125.0,
B08HQ6LGRQ,,,,,6.0
B08HQBZPQW,,,,,49.0
B08HQDNCSY,,,,9.0,9.0
B08HQDX2SG,,,,,74.0
B08HQFLSN2,,,,150.0,
B08HQHWCW5,,,,,876.0
B08HQLSR2R,,,1357.0,,1357.0
B08HQQ4VZC,,,,,876.0
B08HQRD54Y,,,,125.0,125.0
B08HQRQKB9,,,,,55.0
B08HQXV3M7,,,,,10.0
B08HR61FRX,,,,,827.0
B08HRS29W2,,,11.0,,
B08HRWJRXQ,,,235.0,,235.0
B08HRWWMYM,17.0,,,,
B08HS9ZMYD,75.0,,,,75.0
B08HSB32RG,,,,,83.0
B08HSLT1V9,,,,,1412.0
B08HSVK5VP,,,,,2.0
B08HSXBKT1,,,517.0,517.0,517.0
B08HT4L7CY,,,16.0,,16.0
B08HV2BC72,,,,,634.0
B08HVCZ1ZB,,,,105.0,105.0
B08HVGRG3P,,,,,238.0
B08HVH82GZ,3.0,,,,
B08HVMW873,,,,,109.0
B08HVPQ3MP,,,,,280.0
B08HWND61Q,,,,255.0,255.0
B08HWPFQ9C,,984.0,,984.0,984.0
B08HWWLF69,,,,217.0,
B08HWZHJX4,,,,,16.0
B08HX5R1F2,,78.0,,,
B08HXKPDBS,,,,8.0,
B08HXYLNCC,,,,,102.0
B08HY8ZKFZ,107.0,,,,
B08HYFGK15,456.0,,,,456.0
B08HYGTCVC,,,,,16.0
B08HYS3ZB2,831.0,831.0,,831.0,831.0
B08HYX8RH1,,57.0,,,57.0
B08HYZXSX9,,,,,172.0
B08HZ2L2N8,,,,,166.0
B08HZ2TS8Y,580.0,,,580.0,580.0
B08HZ9HGCJ,,,,,24.0
B08HZ9Y8S9,,,,,36.0
B08HZCJG9S,,,,,24.0
B08J2MSGZG,,,30.0,30.0,30.0
B08J2MSTX2,,75.0,,,75.0
B08J2SY31Q,,,,25.0,25.0
B08J2TYKH6,,44.0,,,
B08J3M1RLS,,,,,28.0
B08J3Y9BQ8,,,,,147.0
B08J417GLY,,,,4.0,
B08J41T734,,,,,21.0
B08J456T8N,,,,,139.0
B08J45DWY5,55.0,,,,
B08J7DT7WK,,,114.0,,
B08J7XTQFQ,,,,166.0,166.0
B08J87WW9C,,,,,44.0
B08J88HHB7,,,,,33.0
B08J8DHYY4,,,,,1696.0
B08J8GL851,,,,,1.0
B08J8K1269,,,,,22.0
B08J9XKYWP,33.0,,33.0,33.0,
B08J9ZL7D5,221.0,,221.0,,221.0
B08JBBT3M7,,330.0,330.0,,
B08JBTH475,,,,,65.0
B08JCB4J1X,,,,,4.0
B08JCCFJSB,,,,,87.0
B08JCFTSRJ,31.0,,,,
B08JCHCN7Q,,,,,699.0
B08JCJ3J2T,,,,,7.0
B08JCKZ4Z1,,,,84.0,84.0
B08JCLWWGK,,,102.0,,
B08JCM2V5B,,,,,699.0
B08JCSRL2T,,,,,22.0
B08JCX2TYC,,,,33.0,33.0
B08JD4XM1J,,,355.0,355.0,355.0
B08JG1D574,,,,,2.0
B08JG37BC5,435.0,,435.0,,435.0
B08JGF4RCZ,,,,,95.0
B08JGJKTL9,,,,,3750.0
B08JGL229G,,,,,11.0
B08JH3XQYP,,,55.0,,55.0
B08JHCM5T5,,98.0,,,
B08JHCPGP7,,,,98.0,98.0
B08JHFW89T,,,,,31.0
B08JHMPLXN,,,,,1381.0
B08JHN7TDC,,,,,1381.0
B08JJ242YY,,,,,51.0
B08JK3TNQH,,,,,13.0
B08JK9WSLL,,,,91.0,91.0
B08JKMBV4P,,,,,422.0
B08JKPM86P,,,,,422.0
B08JKQC9LD,,,,,70.0
B08JLFNQ2Y,,,,,332.0
B08JLH58QQ,,,876.0,,876.0
B08JLPFFBB,,,462.0,,
B08JM49L9Z,,,,33.0,
B08JNGGBCY,,,,,69.0
B08JPBZY12,135.0,135.0,,,
B08JPC6XC8,7.0,,,,
B08JPKCLZQ,1567.0,1567.0,1567.0,1567.0,1567.0
B08JPNBCP8,,62.0,,,
B08JPNBLVK,,227.0,,,227.0
B08JPSNL5H,,,,304.0,304.0
B08JPW3XXN,,,,27.0,27.0
B08JQF81F2,,,,,68.0
B08JQJV89K,,,,,203.0
B08JQJZ123,,,,,153.0
B08JQMN8F8,,,73.0,,
B08JSMTQX8,,,,,112.0
B08JT4W83Q,,,,,15.0
B08JTH82TJ,175.0,,175.0,,
B08JTL1Z7Y,621.0,621.0,621.0,621.0,621.0
B08JTN9M6Y,26.0,,,,26.0
B08JTRSZJS,,,,,2.0
B08JV62YCF,,,,,31.0
B08JVDWP3N,,,84.0,,
B08JX5W43C,,,,,64.0
B08JYBC9D6,,,,439.0,439.0
B08JYDT29X,,,,,8.0
B08JYH3QGL,,,,,2011.0
B08JYNPJTB,,,,,2011.0
B08JYQMW9V,,,,,12.0
B08JYR5F2H,,,148.0,,
B08JYR8XS5,,,,,20.0
B08JYVVM9S,,,,,16.0
B08JYW9V7K,,,,,64.0
B08JYY61DN,,,,,21.0
B08JYYLGDY,,,,40.0,
B08JZ6Z2V5,6.0,,,,
B08K2FW7Q5,,,,,352.0
B08K2G5ZLF,,,,352.0,
B08K2J62DV,,,,,152.0
B08K2L15FQ,,,,217.0,
B08K2LVHL1,,,,,352.0
B08K2R5JZ4,,,352.0,,352.0
B08K2RYBHS,,,352.0,,352.0
B08K2TX4PX,1086.0,1086.0,,,1086.0
B08K2WYJBV,,1086.0,,1086.0,1086.0
B08K32S3VL,,352.0,,,352.0
B08K36HS97,,,1086.0,,1086.0
B08K3BNWY7,,,,,217.0
B08K3G8C3Q,,,,,32.0
B08K3GB7S9,,,235.0,,235.0
B08K3GPTDM,201.0,,,,
B08K3HN6YL,,,,,12.0
B08K3HNF8C,,,,,129.0
B08K3HPTPR,,,,,24.0
B08K3HTWM8,35.0,,,,
B08K3K3W1T,,,,,440.0
B08K3KBPJ1,,,,,46.0
B08K3KD7CG,,,,,130.0
B08K3LLTKP,,,136.0,,136.0
B08K49KR52,16.0,,,,
B08K772CH6,,,,,2.0
B08K77RKMZ,,,,,102.0
B08K7GPS6L,,,96.0,96.0,96.0
B08K7J36D7,,,,20.0,
B08K8CBBC6,,,,,38.0
B08K8TWSZ1,,,,,875.0
B08K8YSZYY,,111.0,,,111.0
B08K991QVT,,,,27.0,27.0
B08K999ZZ1,36.0,,,,
B08KBPTS7Q,13.0,,,,
B08KCQQNN5,,,43284.0,43284.0,43284.0
B08KCTRL2D,,43284.0,43284.0,,43284.0
B08KCWFR45,,,43284.0,,43284.0
B08KD2BH4R,13055.0,13055.0,,,13055.0
B08KD2R358,,,,,13055.0
B08KD3VJYV,,,4721.0,,4721.0
B08KD42S6F,,,,61.0,61.0
B08KD7CMQ5,,,,,21.0
B08KD7XPQL,,,,4.0,
B08KD8879D,,,,2990.0,2990.0
B08KDF94HG,,,2990.0,2990.0,2990.0
B08KDHD17S,,,,,33.0
B08KDPJ51V,4721.0,4721.0,,,4721.0
B08KDVD9TY,,,,,4.0
B08KFNTSFP,,,,,64.0
B08KFQGKX5,,,,,64.0
B08KFQSXSS,,,,,68.0
B08KFS7VHL,,,,,163.0
B08KG2M696,,,,,298.0
B08KG4FKQG,,,,,82.0
B08KGFJFWC,,,,30.0,30.0
B08KGHZZXH,,,144.0,144.0,144.0
B08KGM1H8M,,,,,17.0
B08KHBF52R,,252.0,,252.0,
B08KHBP3XW,,,,,71.0
B08KNSP7BW,,,,164.0,
B08KNSWQ89,,,,,162.0
B08KPL4D83,,,,,4.0
B08KPX4YTD,,,22.0,,
B08KPXSG4R,,,21.0,,
B08KQ1M2KK,,,,50.0,50.0
B08KQC38MM,80.0,80.0,,,
B08KR9DMQ1,,,,,28.0
B08KRGZF5X,,,,259.0,259.0
B08KRNRYPQ,241.0,,,241.0,241.0
B08KRPK7G2,99.0,,,,
B08KRQPZTT,,,,,9.0
B08KS4DQS3,,,,25.0,25.0
B08KSD4N6W,,,,,30.0
B08KSDBP88,,,,,33.0
B08KSRZHQZ,,,,53.0,53.0
B08KSSF31J,,,,,5.0
B08KSY69FM,,,,,20.0
B08KTQ5M9M,,,,53.0,53.0
B08KW1RSLB,,,,,95.0
B08KW95NLQ,,,,,730.0
B08KWKJJN9,,,,,44.0
B08KXK311H,246.0,,,,
B08KXN2KQQ,,,,,21.0
B08KXQV5QH,,,92.0,92.0,92.0
B08KXQYC5D,,,,,337.0
B08KXSZR12,,,,,337.0
B08KXW1SX5,,,,,337.0
B08KXX92J9,,,,11.0,
B08KY6QYNR,,,609.0,609.0,609.0
B08KYCKRVF,,173.0,,173.0,
B08KZF21QZ,,,,,105.0
B08KZFC7M9,,,,,107.0
B08KZKWHFM,,,,,90.0
B08KZNR4LH,,,,155.0,155.0
B08KZSGL3Y,,,,,35.0
B08KZTLNZ9,238.0,238.0,238.0,,238.0
B08KZTR5PG,,,,,1.0
B08KZTSPML,,,,,19.0
B08KZV91FG,,,,19.0,
B08KZZ9C67,,,16.0,,
B08L161T8B,,,,5.0,
B08L165QQT,,,,5.0,
B08L1FYS4M,,,,,118.0
B08L1GBFW3,162.0,,,,162.0
B08L34LDBX,44.0,44.0,,,44.0
B08L399CX3,,,,,47.0
B08L39RFHZ,,,,,180.0
B08L3SLG77,,,,,35.0
B08L443DF7,,,,189.0,
B08L46QHGF,129.0,,,,129.0
B08L48XGLD,,,,,74.0
B08L4KJ3CD,,,,2.0,
B08L4VQ9XX,,,,,23.0
B08L55SD9C,120.0,,,,
B08L5B6ZC8,,,,,152.0
B08L5LTGBM,132.0,,,,
B08L5LZ6SX,,,220.0,,
B08L5TGVBL,,,4.0,,
B08L5Y5MGK,,,,42.0,42.0
B08L5Y78L1,,,,42.0,
B08L5YDKXK,,,21.0,21.0,
B08L5YGYQT,2449.0,,2449.0,,2449.0
B08L5YJLP5,,,2470.0,,2470.0
B08L5YPMYZ,16.0,16.0,,,16.0
B08L5YXM45,,,2454.0,2454.0,2454.0
B08L5Z7K7S,,,,,2472.0
B08L5ZL7B8,,,,,76.0
B08L646GTV,,,,,319.0
B08L64WCX4,,,,319.0,319.0
B08L652DFZ,,,,319.0,319.0
B08L652GMT,,,,319.0,319.0
B08L65Q1ZD,,,,,319.0
B08L65W5T2,,,,,4.0
B08L667QW7,,,,319.0,
B08L6G6Z8J,,,,,1216.0
B08L6GGV2Y,,,,,2.0
B08L6KCY6Q,,,,33.0,33.0
B08L6KWPGM,,,,,66.0
B08L6LFM4V,,,,,114.0
B08L6LLKHB,,,114.0,,
B08L6LXM7V,,,114.0,,114.0
B08L6M1MMM,,,,114.0,114.0
B08L6MPR9T,,,,114.0,
B08L6Z29HG,,,,,114.0
B08L7DMH71,,,,,514.0
B08L7L2X9V,,,,380.0,380.0
B08L7S7WGH,615.0,,615.0,615.0,615.0
B08L7SPFHB,,,,,133.0
B08L7YGD3V,,,,30.0,
B08L8939D8,112.0,,,,112.0
B08L8B82YM,,,,,15.0
B08L8G69LG,103.0,,,,
B08L8MJNBX,,,,161.0,161.0
B08L8NXJ3R,161.0,,,,161.0
B08L8QNLXH,,,,,3.0
B08L8WDLPR,,,,,6.0
B08L8X4HPK,,135.0,,,135.0
B08L93V3M9,,,,,226.0
B08L9442GY,,,165.0,,
B08L9B4HC2,,,,,15.0
B08L9BJJPS,,,,,15.0
B08L9CV62W,,,,161.0,161.0
B08L9H5WHD,,,48.0,,
B08L9HQTSV,,,,,73.0
B08L9K8LY3,,,,,13.0
B08L9ZBY5T,,,,,94.0
B08L9ZF52D,,,,,94.0
B08L9ZJ886,,,,94.0,94.0
B08L9ZJD8B,,94.0,,,
B08LB2PB8T,729.0,,729.0,,729.0
B08LB6S7BW,,,,,263.0
B08LCMG2Q5,,,,,58.0
B08LCN87L7,,,540.0,540.0,540.0
B08LCV1HWZ,,31.0,,,
B08LD2KWS7,,9.0,,,9.0
B08LD7DNY1,1.0,,,,
B08LDFCHRL,,,,,60.0
B08LDN83F8,,,,517.0,517.0
B08LFYVKJL,,2355.0,,2355.0,2355.0
B08LFYX4YZ,,,,,50.0
B08LG2SJNY,,,,,126.0
B08LG3SX9D,,,,228.0,
B08LG4PP43,,101.0,,101.0,101.0
B08LG7KJXR,167.0,,,,167.0
B08LG8JNR4,,,,,48.0
B08LG92K59,,2356.0,2356.0,2356.0,2356.0
B08LGBDFCR,,,,,21.0
B08LGFJ9GF,2356.0,,2356.0,2356.0,2356.0
B08LGHT8YD,,,,,54.0
B08LGJNPZ7,,,,,24.0
B08LGRS5V8,,,,,94.0
B08LGTD11Y,,,,,41.0
B08LGV5YVF,,,,,6.0
B08LH42KGQ,,,,,490.0
B08LH9R36Z,,22.0,,,
B08LHC9R4L,,,,,156.0
B08LHFHQTT,,,26.0,26.0,26.0
B08LHFXCVV,,126.0,126.0,,
B08LJ326QW,62.0,,62.0,62.0,62.0
B08LJ59ZG7,561.0,561.0,561.0,561.0,561.0
B08LJG72R9,,,,40.0,40.0
B08LKDVSM4,,,,,1306.0
B08LKLDHHQ,,,1306.0,,1306.0
B08LL7X3W3,,,,,22.0
B08LLB1865,,,,,308.0
B08LM5WY48,,,,,50.0
B08LM7RN97,,,,,97.0
B08LMLJLLR,,,,,4943.0
B08LMNG7HR,,,148.0,,148.0
B08LMRX1BB,3829.0,,3829.0,,3829.0
B08LMSX47D,561.0,,,561.0,561.0
B08LMT33FY,,,,,115.0
B08LMYXNLP,,,,,22.0
B08LMZPGMD,,,,,4939.0
B08LN17F92,,,16.0,,
B08LN2S611,,,,,80.0
B08LN72PKH,,,,,276.0
B08LN8WJWT,613.0,,613.0,,613.0
B08LN9HYSD,,,,13.0,13.0
B08LNDDTYV,,,,181.0,181.0
B08LNKHJV5,,,,,161.0
B08LP6GGH4,,,,,47.0
B08LP7XBS6,10.0,,,,
B08LPLG6R9,,,,132.0,132.0
B08LPQRSYS,,,,235.0,235.0
B08LPTXX92,,,,76.0,76.0
B08LPW3SRB,,,,,3.0
B08LPXPY9W,,,,,47.0
B08LQ1G5RD,,,,,439.0
B08LQ8JKXR,,,,,32.0
B08LQ9NNNZ,,,,417.0,417.0
B08LQCSFLR,,,,,417.0
B08LQHSC19,,,,,1110.0
B08LQLHNNS,11.0,,,,
B08LQR9L53,,,,,59.0
B08LR2VKXG,551.0,551.0,,551.0,551.0
B08LSBVBZT,,,,,334.0
B08LSF88NP,334.0,,,,
B08LSJ9PQ9,,,,,334.0
B08LSKFX62,,,334.0,,334.0
B08LSST15F,,,,,334.0
B08LT18J6H,,,,59.0,
B08LTBZV1L,,,,,165.0
B08LTL3H82,,,,,9.0
B08LV2TSNT,,,,,283.0
B08LVFQ3HS,,,334.0,334.0,
B08LVXNZWH,,,,,22.0
B08LVYJM1Z,,,,,22.0
B08LVZ47L8,38.0,,38.0,38.0,
B08LVZ7Q8P,,,,25.0,25.0
B08LY7Q2YC,919.0,919.0,919.0,919.0,919.0
B08LYBRRXP,,,,,1.0
B08LYF2YT1,,,,210.0,210.0
B08LYMXHTJ,,,,,42.0
B08LYQ4GZ7,169.0,,,,
B08LYSSVXL,,,,,59.0
B08LZDRC97,,,,,238.0
B08LZG3GD3,,,,,26.0
B08LZN3RQ6,,,,,269.0
B08LZPG8KV,,,,,567.0
B08LZPYNDT,,,,,16.0
B08LZQD44H,,,,,567.0
B08LZR7F5Q,,,210.0,210.0,210.0
B08M1FVBGX,210.0,210.0,210.0,210.0,210.0
B08M2HRV2W,11730.0,11730.0,11730.0,11730.0,11730.0
B08M37437Z,,,88.0,,88.0
B08M3CRD9M,228.0,,228.0,228.0,228.0
B08M3H8S97,,,10.0,,
B08M3JWPWT,22.0,,,,22.0
B08M3PMGJY,,,,,39.0
B08M3R9D9F,219.0,,,,219.0
B08M3SL8J8,,2348.0,2348.0,2348.0,2348.0
B08M3ST4VP,,,39.0,,39.0
B08M3TDLKH,2351.0,,2351.0,2351.0,2351.0
B08M3XPGPY,,,,,27.0
B08M4BFB2N,,,,,27.0
B08M4DDZ14,10.0,,,,
B08M4GFZXL,,,,,48.0
B08M5F5DBN,2018.0,2018.0,2018.0,2018.0,2018.0
B08M5HWJYT,,,,,102.0
B08M5HXJ28,233.0,233.0,233.0,,233.0
B08M5JW3XC,446.0,,,,
B08M5N8ZCR,,,,,446.0
B08M5QY8VJ,,,,,446.0
B08M5R44DY,,,,104.0,104.0
B08M5S9SWV,,,,,2421.0
B08M5ZN9LF,,,,,2421.0
B08M61LCXM,2421.0,,,,2421.0
B08M62T559,,,84.0,,
B08M6D6TVK,60.0,,,,
B08M7P87LW,,,,,25.0
B08M89HKXF,,38.0,38.0,38.0,38.0
B08M8Z6JLT,,,,2421.0,
B08M953VVT,,661.0,,,661.0
B08M96V9KX,,13.0,,,
B08M98HXGG,,,,22.0,
B08M9NCTCG,,,,,2421.0
B08M9VRMXH,,,,,11.0
B08MB8YWRD,,,,,67.0
B08MBTDQZT,154.0,,,154.0,
B08MBVT4C8,,,,,28.0
B08MC1P9WJ,,,211.0,,211.0
B08MC2F9FT,,,,30.0,
B08MC452Q7,,,12.0,,
B08MCM28C9,,,,,226.0
B08MD4LTJ2,,,478.0,,478.0
B08MD7K7XH,,,,,15.0
B08MDVHPHD,,,44.0,,
B08MDVQRBD,,,,,4.0
B08MF4TKKS,,,267.0,,267.0
B08MF66CPJ,,,261.0,,261.0
B08MF79NT8,,,,261.0,261.0
B08MF9YHL2,,,192.0,192.0,192.0
B08MFDP3HB,4209.0,,,4209.0,4209.0
B08MFGBRHV,,,,,2421.0
B08MFGQJ46,,,2421.0,2421.0,2421.0
B08MFH5X47,,2421.0,,,2421.0
B08MFJQTX1,,,2421.0,,2421.0
B08MFKFVYQ,,,,1898.0,1898.0
B08MFLLYRD,,1898.0,,1898.0,1898.0
B08MFTFM8K,,,,,12.0
B08MJMFB6P,,,,106.0,106.0
B08MJNQ1KR,,,,,5.0
B08MJXTN5Z,,,,106.0,106.0
B08MKKZYH3,20.0,,,,
B08MKSNVLW,,,,,62.0
B08MKV9M9N,,,,,48.0
B08MKXV49S,,,88.0,,
B08ML1Z2CZ,,109.0,,109.0,109.0
B08ML3FVM4,,,,,80.0
B08ML3K4X6,,,,,60.0
B08MLF6WS4,,,,,15.0
B08MPRHPZK,,,5.0,,
B08MPV3RV6,,,54.0,,54.0
B08MQ2984W,,,,,13.0
B08MQ2W681,,,,72.0,
B08MQ51D3H,,,,73.0,
B08MQ6XNL2,,,,45.0,
B08MQ7PQTK,,,,,19.0
B08MQ7VPRL,,,,,53.0
B08MSXXM36,,,,,5.0
B08MTBKXGM,,,,,10.0
B08MTD2TZ8,,,,,2721.0
B08MTKDFYV,,,132.0,,132.0
B08MTKZJLN,,,,,3.0
B08MTP2Z28,,1246.0,,1246.0,1246.0
B08MV78VCV,,,,,25.0
B08MV91G7D,,,,,5.0
B08MVS61GJ,,230.0,,,230.0
B08MW3JYNP,,,,189.0,189.0
B08MW5GNS9,,,,,477.0
B08MWG697F,,,,,15.0
B08MWZ53XH,16.0,,,,
B08MXFF77V,,5.0,,,
B08MXSWQ2L,546.0,,,546.0,546.0
B08MXVZS4P,,30.0,,30.0,
B08MYM2H7F,54.0,,,54.0,
B08MYPBQ3G,,,,,11.0
B08MZ17W7J,,,,,71.0
B08MZ7Q4BV,,,,121.0,
B08MZHXFH9,,,,,44.0
B08N1JL2SM,,,,,234.0
B08N1K72LZ,,,,,28.0
B08N1KM44T,,,20.0,,
B08N3LYYPD,,,,75.0,75.0
B08N3SXGV2,,,,438.0,
B08N3ZGYS8,,,235.0,235.0,235.0
B08N43JB3P,,40.0,,,
B08N4DK43B,,,,,352.0
B08N4GMCYF,,,,,125.0
B08N4LCQGJ,438.0,,,,438.0
B08N4R32JT,,,,,116.0
B08N4RTG28,,,438.0,,438.0
B08N4V2YDP,,,,519.0,519.0
B08N4W2D4F,,,,3.0,
B08N4WQ6YD,,,64.0,,
B08N4Z83LX,352.0,,,,352.0
B08N529D4P,,,116.0,,116.0
B08N5FJ8L3,,,,,52.0
B08N63NL2N,,,,4721.0,4721.0
B08N64B8QH,,,,4721.0,4721.0
B08N6DMJHS,,,,,701.0
B08N6DR3YY,,,,,701.0
B08N6H33TQ,,,,,66.0
B08N9JG6W7,,,10.0,,
B08N9LVP2V,,,,,89.0
B08N9YGTW6,,,27.0,27.0,
B08N9YK73Z,129.0,,,129.0,129.0
B08N9YKDWT,,,,,253.0
B08NB313H5,,,,,87.0
B08NB52VF1,,,,,87.0
B08NC27SNG,7054.0,,7054.0,7054.0,7054.0
B08NC29HYW,,,,,7054.0
B08NC4SJJ2,,7054.0,,7054.0,7054.0
B08NCDYG6C,,,7054.0,7054.0,7054.0
B08NCMGPQM,,,,7054.0,7054.0
B08ND138BJ,7054.0,7054.0,,7054.0,7054.0
B08ND26CLF,,,,,953.0
B08ND3P34F,,,,,50.0
B08ND4CVNT,,,,,2011.0
B08ND4PPD2,,,,,2011.0
B08NDDRH32,,,,,33.0
B08NDLBYYP,,,,,50.0
B08NDXK4RY,,,445.0,,445.0
B08NFLXNYN,,,,140.0,140.0
B08NG3X7MC,,,,1069.0,1069.0
B08NJ15CQG,,85.0,,,85.0
B08NJH96C2,142.0,,142.0,142.0,142.0
B08NK7N4W9,,,,,241.0
B08NLP7K8W,,,,6.0,
B08NNQF314,,,,9.0,9.0
B08NP8DZCV,,,,,33.0
B08NPGPTBJ,1467.0,,,,1467.0
B08NPKHMNB,,1467.0,1467.0,,1467.0
B08NPM785P,,,,,1467.0
B08NPN76BP,,,,,1467.0
B08NPR7CMF,,,,,1467.0
B08NPRW29J,,,,,1467.0
B08NPSGNT7,,,,,1467.0
B08NPX54R8,,,1467.0,,1467.0
B08NPZFH6K,,,,,16.0
B08NQ2H1RR,,,,,11.0
B08NQ3YTW5,26.0,,,,
B08NR2FXL3,,,,,2.0
B08NR6DQ7J,4.0,,,,
B08NRP3BJD,,,,,551.0
B08NSMP3GW,,,,,24.0
B08NSVNDXD,,,,,25.0
B08NT1ZDYR,51.0,51.0,,51.0,
B08NTNW9MX,,,,,19.0
B08NTPKSYF,,,,,41.0
B08NTTK9VV,2903.0,,,,2903.0
B08NTTXZCC,,,,8.0,
B08NTVHYR2,,,,,118.0
B08NVFQ3YG,183.0,,,183.0,183.0
B08NVG2KV2,,183.0,,,183.0
B08NVPXMC5,,,,86.0,
B08NVTH5X2,,,,,14.0
B08NW4SZBW,,,4.0,,
B08NWFWLHN,,,,2.0,
B08NWSH8LY,,183.0,,183.0,183.0
B08NWTTRC3,,,,,2011.0
B08NWW9HS4,1472.0,1472.0,1472.0,1472.0,1472.0
B08NX53KZH,70.0,70.0,,,
B08NYTCPC1,,,,632.0,632.0
B08NYTX74N,,,,,3.0
B08NYW3389,,,,,632.0
B08NZBJP66,49.0,,,,
B08NZCRHKG,,,,,49.0
B08NZF3Z6N,24.0,,,,24.0
B08NZFTF63,,,416.0,416.0,416.0
B08NZS81XN,,,63.0,63.0,63.0
B08P15DKDP,,170.0,,,170.0
B08P1J9JL8,,,,,19.0
B08P1MKLQZ,,,,,158.0
B08P1RGXB4,,,1898.0,,1898.0
B08P1RYFVG,,,,,1898.0
B08P212G3Y,564.0,564.0,,564.0,564.0
B08P21MGDH,,,,,62.0
B08P22DHWT,,,,94.0,94.0
B08P26W6XH,340.0,,340.0,,340.0
B08P2CVBJC,,,,,168.0
B08P2H6P49,,,,42.0,42.0
B08P2LWBBC,,,,,312.0
B08P2M7C5N,31.0,,,,
B08P2Z3JHP,106.0,,106.0,106.0,106.0
B08P2ZFQQ2,,,,,280.0
B08P31BLGV,,,,,280.0
B08P398FJV,,,,1358.0,1358.0
B08P3B18PS,,,,781.0,781.0
B08P3C6P7G,,,,,50.0
B08P3CPMG4,,,,518.0,518.0
B08P3D5L96,,,,,64.0
B08P3DBL8X,,,,,50.0
B08P3G2LVT,,,84.0,,
B08P3JBSDT,,,,,84.0
B08P3JW5LV,20.0,,,,
B08P3MTHCS,,,,,331.0
B08P3PRDBP,,,,,76.0
B08P3QLZT6,,,,17.0,
B08P3QWC1J,,,,168.0,
B08P3Y5Z88,,5.0,,,
B08P4356JF,,,5259.0,5259.0,5259.0
B08P43D2B6,5259.0,,,5259.0,5259.0
B08P47ZG8G,,,,,124.0
B08P484CYZ,,,18.0,18.0,
B08P4F4DYH,,84.0,,,84.0
B08P4M8YRH,,,,,140.0
B08P4NFGWW,,,,,140.0
B08P535HD9,,163.0,163.0,,163.0
B08P55HV17,,,,,27.0
B08P56R56K,,,,,27.0
B08P5FTCK1,,,,,97.0
B08P5JGTX7,,,,226.0,
B08P5MD532,,247.0,247.0,,247.0
B08P5Q49BN,,136.0,136.0,,
B08P5SW4FW,,,75.0,,75.0
B08P5X7M5F,,,,110.0,110.0
B08P6H1VGR,,,,,6.0
B08P6K3Y3J,,,,,34.0
B08P6MLYFG,,,,,33.0
B08P6PXWBW,,,,,21.0
B08P6RDDLP,158.0,,,,158.0
B08P6S97NQ,,,6450.0,,6450.0
B08P6SC34B,6450.0,6450.0,6450.0,6450.0,6450.0
B08P6ZMHVS,,1016.0,,,
B08P86Y3QF,,,,,12.0
B08P882SLH,,,,,67.0
B08P8PV1WF,22.0,,,,22.0
B08P8V49C2,,,,,320.0
B08P8W6XS9,,,320.0,,
B08P8WW5WY,,,320.0,,
B08P8XMKMK,,,,280.0,280.0
B08P8ZBHRS,124.0,124.0,,,124.0
B08P99NBF4,,,,35.0,35.0
B08P9Q6479,,,2284.0,2284.0,2284.0
B08P9QWVB9,,,,2284.0,2284.0
B08PB3CP78,,,,,110.0
B08PB86PL5,,,,,5.0
B08PBK8QL9,,504.0,504.0,504.0,504.0
B08PBQ26C7,,24.0,,,
B08PBQ2ZJQ,,,50.0,,
B08PBRZV9W,11.0,,,,
B08PBTB29S,,,,,42.0
B08PC95NJ7,59.0,,,,
B08PCHV5W6,,,,,1.0
B08PCJ9KNJ,,,,,6019.0
B08PCKWW42,254.0,,254.0,254.0,254.0
B08PCVYCQQ,,,14.0,,
B08PCZZ8CQ,,,,,104.0
B08PD49TS4,,,8171.0,8171.0,8171.0
B08PD4PB6Z,,170.0,170.0,,170.0
B08PD4PJGD,8171.0,,,,8171.0
B08PD55RQ7,,,,,8171.0
B08PDQZFYF,,,,,132.0
B08PDZZ5XZ,,2.0,,,
B08PFDTH38,,23.0,,,
B08PFMP94L,,345.0,,,345.0
B08PFS6TQC,515.0,515.0,515.0,515.0,515.0
B08PFT8W48,,,,1.0,
B08PFTYLJN,,,,,384.0
B08PFXB6PT,,,233.0,233.0,233.0
B08PFYD4RB,,,,115.0,
B08PFZNLDN,,,,,2.0
B08PG4WDZF,,,,,14.0
B08PHBM715,,,57.0,57.0,57.0
B08PJ8B1L8,,234.0,,,234.0
B08PJR6QT4,,,,,178.0
B08PKD5253,,,,,204.0
B08PKDX7MB,,,,,14.0
B08PKHJ8T7,322.0,,322.0,322.0,322.0
B08PKZ43MV,,280.0,280.0,,280.0
B08PKZJMQC,,,,,280.0
B08PL1L125,,,130.0,130.0,130.0
B08PL5HGHQ,,,,,15.0
B08PL6X47N,,,,218.0,
B08PM6NQK4,,,,,124.0
B08PNMM196,,,,,6.0
B08PNNJTRT,,,82.0,,82.0
B08PNSKHKQ,,,,,16.0
B08PNW6GT1,,,,,77.0
B08PNY63K3,139.0,,,,139.0
B08PNZ7RRJ,,,,17.0,
B08PP8NNV7,,,,45.0,
B08PPBSTFW,,,,,314.0
B08PPBVWQ4,,,,,547.0
B08PPCDTB7,,,,,142.0
B08PPD83Y4,627.0,627.0,,627.0,627.0
B08PPPGMV8,,,,,1.0
B08PQ2XC63,,,567.0,,
B08PQ4PGZK,,,,591.0,591.0
B08PQ5C594,,591.0,,,591.0
B08PQ5PM5P,,,,591.0,591.0
B08PQDWTGW,52.0,,,,
B08PRQVNZ3,,,,,10.0
B08PSJPX7K,,376.0,376.0,376.0,376.0
B08PT9HJ4S,,,1567.0,1567.0,
B08PTS2W23,,,,,109.0
B08PTTCRC3,,,,,109.0
B08PTTJ153,,,,,109.0
B08PTW71ZS,,,,,39.0
B08PTWV67G,,,,,312.0
B08PTX74XF,,,,,312.0
B08PTX99SZ,,,,,312.0
B08PVG29JB,,44.0,,,44.0
B08PVVZMJQ,,,,,18.0
B08PVX1D13,,,,,6.0
B08PVZ557J,826.0,,,,826.0
B08PW4CDN3,,836.0,,836.0,836.0
B08PW5H1D4,,,,,105.0
B08PXNPCSN,6.0,,,,
B08PYRXNDX,,,,,27.0
B08PYXYTQS,,,,,8.0
B08PYYWLDX,,,,,751.0
B08PZ29W6G,596.0,,,,596.0
B08PZ429VN,,,,596.0,596.0
B08PZ7BG6P,37.0,,,,
B08PZB7FH2,,,,,43.0
B08PZHCC22,,,,,20.0
B08Q1RQ44M,,,,10.0,
B08Q31KB6H,,,40.0,,
B08Q3812K8,,,,,464.0
B08Q39R3DP,24.0,,,,24.0
B08Q3M4J6Y,,3.0,,,
B08Q3RPK7M,,,,,30.0
B08Q3WDZJR,,,,14.0,14.0
B08Q3ZLJW3,,,,15.0,
B08Q42Y8FT,,,,,61.0
B08Q46LM49,22.0,,,,
B08Q4NRNC7,30.0,,,,
B08Q76RB8Y,,,,462.0,
B08Q7B5MJP,,,,,29.0
B08Q7GL7WF,,,,,68.0
B08Q7MJ5CQ,,,,,32.0
B08Q7V2XCF,,,,,47.0
B08Q83T9LF,,,,,2.0
B08Q875WQK,,,,,41.0
B08Q8DYM96,,,,,92.0
B08Q8MKLSM,,,,,124.0
B08QC518Y7,,,,,86.0
B08QCC8RZZ,,12.0,,,
B08QCP835S,,,,,4.0
B08QCWLHVK,,,,,112.0
B08QCYZQ5X,,,,,46.0
B08QCZVHR8,,,,2185.0,
B08QD8ZZP7,,,,19.0,
B08QDTDPGW,,,,,73.0
B08QDW2WR6,,,,,326.0
B08QGL76L2,,,,,4.0
B08QGN3MDY,,,,,99.0
B08QHMD88J,,,,,1060.0
B08QHR3W85,,,,21.0,21.0
B08QHWXR7J,1312.0,1312.0,1312.0,1312.0,1312.0
B08QHX9821,,,,,2011.0
B08QHY98XN,,,,116.0,116.0
B08QHYXSFM,2011.0,,,,
B08QJ1H511,58.0,,,58.0,58.0
B08QJ23Z2N,,,,95.0,95.0
B08QJ3R89B,,,,,50.0
B08QJ4RKGW,,,,,47.0
B08QJ5QV1W,3.0,,,,3.0
B08QJ5TSGJ,,,,,47.0
B08QJ9PB5M,,,,,278.0
B08QJBVDXY,,,,,156.0
B08QJBWWHX,,,,,156.0
B08QJCMRP1,156.0,,,,
B08QJHVPM3,,,,,54.0
B08QJK58L5,,,55.0,,
B08QKTXLX5,,,,,201.0
B08QKZ4C8S,,,,,56.0
B08QLXQKQ2,391.0,,391.0,,391.0
B08QMDHBKJ,,,87.0,87.0,
B08QMDQXKR,,,,845.0,845.0
B08QN111ZM,,,,405.0,405.0
B08QN2SFQW,,,,8.0,
B08QNDYF5D,812.0,,,812.0,812.0
B08QPJT9WQ,,,,,7.0
B08QQ1LTXZ,,,,,3.0
B08QR225JP,,252.0,,,252.0
B08QR233DQ,,,,,141.0
B08QRBZDXX,199.0,199.0,,,199.0
B08QRG3J5Y,678.0,,,,678.0
B08QRLT9B4,,,51.0,51.0,51.0
B08QRNHTTC,,,,,147.0
B08QRWRN3R,,,,,26.0
B08QRXW2X6,,,,,86.0
B08QS1F2HG,,,,15006.0,
B08QS6PNJY,,,,,208.0
B08QSFQCJ5,,,,,117.0
B08QSGBJV4,,,,,260.0
B08QTS6R3Y,,25.0,,,
B08QTW3P37,,,,,1352.0
B08QTZR128,,,63.0,63.0,63.0
B08QTZTBX3,,,,,4.0
B08QV36QDK,,,,,18.0
B08QV5ZW53,51.0,,,,
B08QV7GWXZ,,,,,1352.0
B08QV7Z5VD,,,,,25.0
B08QVC1BYZ,41.0,,,,
B08QVGW576,,,63.0,,
B08QVJH1RV,21.0,,,,
B08QVT76XF,,,,162.0,
B08QX2GQN1,,,13.0,,13.0
B08QXDH83P,64.0,,,,
B08QYJF8P5,,,,,129.0
B08QYKZYSL,,,,50.0,50.0
B08QYMZTM6,,,2177.0,2177.0,2177.0
B08QYWWC5N,,,,,32.0
B08QYX58K7,,17.0,,17.0,
B08QZ17MJX,,,,,76.0
B08QZ36649,,,,,14.0
B08QZ3V7XB,,,,,65.0
B08QZ3YCSK,,,,,3.0
B08QZ43QTW,,,,,11.0
B08QZ4DZCV,,,,,129.0
B08QZ4T21P,71.0,,,,
B08QZB1PL5,,,,,129.0
B08QZBPZ8S,,,,,129.0
B08QZF5DTP,,,,,129.0
B08QZJDN2V,492.0,492.0,492.0,,492.0
B08QZQ37PB,,,,,199.0
B08R1F9NL5,,,,,28.0
B08R1G6L3B,,,,,19.0
B08R1M45HK,,1737.0,1737.0,1737.0,1737.0
B08R2GFT6Q,15.0,,,,
B08R2VRPW6,,,,,183.0
B08R35MQ6H,,,,,40.0
B08R3BZW8W,,,,,40.0
B08R3D1SKQ,,,,,245.0
B08R3FBNG2,,,,,193.0
B08R3GDY28,,,,,10.0
B08R3GGYK8,,135.0,,135.0,135.0
B08R3J7HFN,,,,,182.0
B08R3J7KK9,,,193.0,193.0,193.0
B08R3JL9QL,,,,,182.0
B08R3Q2L9Z,,,6450.0,,6450.0
B08R3QJJWL,6450.0,6450.0,6450.0,6450.0,6450.0
B08R3RG5T8,161.0,,,,
B08R3RW85V,,,,161.0,
B08R3SG2RQ,,,54.0,,
B08R3T718Q,,,161.0,,161.0
B08R3W15VT,113.0,,,,113.0
B08R43J57M,,,354.0,,354.0
B08R43SDWS,,,,362.0,
B08R572MST,,,18.0,,
B08R57PSX9,,,58.0,58.0,58.0
B08R59RTFY,,1.0,,,
B08R5DXLQ3,,,1666.0,1666.0,1666.0
B08R5F7M5B,,,,6.0,
B08R5FCQT9,10.0,,,,
B08R5FGLY2,,,,,40.0
B08R5J53XX,,,,,15.0
B08R5LZCKK,,,,,6.0
B08R5MSDB7,,,,,41.0
B08R5T1JB5,,,,15.0,
B08R5YWVHC,,,,37.0,37.0
B08R61G3JC,,,,,59.0
B08R62PYH9,,,,,60.0
B08R6BG6V7,,7.0,,,
B08R6BVN7K,,,68.0,,68.0
B08R6RKTLF,,,16.0,,
B08R6T7NFK,,,,,76.0
B08R6TLS3Q,,,72.0,,
B08R6VBLGT,,,,,21.0
B08R6VFVYV,,,,,14.0
B08R6VPR59,,,,,113.0
B08R6XB1B7,,,,,18.0
B08R722C3X,,,,,211.0
B08R72WJDB,,,,,72.0
B08R76B2B9,,,,9.0,
B08R77N2LF,,,,,208.0
B08R77P18R,,,,24.0,24.0
B08R789DF5,,,,,132.0
B08R791ZM3,,,,,50.0
B08R796TQ6,,,,,113.0
B08R79N3V5,,,,,156.0
B08R7BZ25H,,,,,23.0
B08R7F5M6T,,,,,50.0
B08R7GW1Z1,,50.0,,,
B08R7MG98L,,,182.0,,182.0
B08R7QF73G,,,123.0,123.0,123.0
B08R88TRJ7,,,,33.0,33.0
B08R88ZC8L,14.0,,,,
B08R892F6S,211.0,,,,
B08R8FG775,,,,,14.0
B08R8JFM8W,,,,1352.0,1352.0
B08R8LJYYL,,,,,14.0
B08R8M2Y9C,,,,12.0,
B08R8MNH82,,,,,108.0
B08R8MSBQ2,,,,,68.0
B08R8TMKZ1,,,,,120.0
B08R8TP8W1,,,,8.0,8.0
B08R8W99F8,,,5.0,,
B08R8WSMQB,,,,,3.0
B08R8XBSHL,338.0,338.0,338.0,338.0,338.0
B08R8YLVQF,,,,,391.0
B08R92RCFV,2.0,,,,
B08R93N2QJ,1540.0,1540.0,,1540.0,1540.0
B08R9D9NWT,,,,,162.0
B08R9DTZKF,,,,,162.0
B08R9FFDSN,,,,,162.0
B08R9FZR33,,,,,162.0
B08R9HJPTN,,107.0,,,
B08R9J4774,,29.0,,,
B08R9N8KKD,,,,,15.0
B08R9RGL9Z,,,,595.0,595.0
B08RB1K1FY,,,,,28.0
B08RBDF2RV,1231.0,1231.0,1231.0,1231.0,1231.0
B08RC1MXPQ,,,,,179.0
B08RCCVTL2,,,,,183.0
B08RCD6D5V,,,,,183.0
B08RCSQRTJ,,,,,48.0
B08RCYB1NY,,,,,28.0
B08RD1S157,,,117.0,,117.0
B08RD62KV1,,,,,15.0
B08RD6VDBP,,,,,636.0
B08RD73GF9,,,,,123.0
B08RD7L7XV,,,,,178.0
B08RD8XDSZ,,,,,7.0
B08RD9XT1P,,,,,81.0
B08RDBRCHN,,,,5.0,
B08RDCZV4R,346.0,,346.0,346.0,346.0
B08RDMZL6G,,,,,244.0
B08RDN85V4,,,33.0,,
B08RDRZZKJ,,,,,18.0
B08RDS82TP,104.0,104.0,,,104.0
B08RDVB291,,,,,64.0
B08RDVYY6T,,,,,592.0
B08RDZP61H,,,,,28.0
B08RGKK2DQ,,,,,167.0
B08RHDH9ZX,,,,234.0,234.0
B08RHNC53G,,70.0,,,70.0
B08RHQFGNR,,,,,107.0
B08RHRFZNX,,,,,169.0
B08RJ39G5C,2996.0,2996.0,2996.0,2996.0,2996.0
B08RJ9HFYD,,,,,16.0
B08RJBFQJG,,,,,90.0
B08RJVFP2D,,,,,28.0
B08RJX5PX3,,,,,148.0
B08RMMDZ5R,,726.0,726.0,726.0,726.0
B08RMMTGQV,,,,,59.0
B08RN4YNLN,,,101.0,,101.0
B08RNCDYQ5,,,,734.0,734.0
B08RND7Z5S,,,,,2721.0
B08RNG8DTT,,,2721.0,,
B08RNG9B8J,,,,,41.0
B08RNHLT4C,,,,,262.0
B08RNLNLD1,119.0,,,,119.0
B08RNSZJV9,,,,,12.0
B08RP9BMHK,393.0,,,,393.0
B08RPCH64V,,,,125.0,125.0
B08RQHPVR6,,,,,9.0
B08RRLH1H4,3458.0,3458.0,3458.0,3458.0,3458.0
B08RRM7JV4,,,,5.0,
B08RRVRZZ1,,,,,96.0
B08RRXDDKP,,,,,332.0
B08RRYRGCX,,,,405.0,
B08RS25GK9,152.0,,,152.0,152.0
B08RS3151C,,,,,332.0
B08RS3JH6T,,,332.0,332.0,
B08RS52YCC,,,,,170.0
B08RS6WZXF,,,,,699.0
B08RSM659L,,,,,405.0
B08RSNKSVN,,,365.0,,
B08RW8B3XL,,,,,23.0
B08RX4N387,,,407.0,,407.0
B08RXC5QQC,,,,,407.0
B08RXCY6YQ,,,,407.0,407.0
B08RXNC8K3,,16.0,,,
B08RXSQCFS,,,,,165.0
B08RY2ZNYB,172.0,,,,172.0
B08RYFWXXW,,,,19.0,
B08RYGXL38,19.0,,,,
B08RYHCJBK,,,,,15.0
B08RYJ42ZF,,,41.0,,
B08RYKTGP2,,1103.0,,,1103.0
B08RYN97NH,,,,,48.0
B08RYQKC9Q,,,,27.0,27.0
B08RYSVS3J,,,,1395.0,1395.0
B08RYV3TMW,,,,,67.0
B08RYVH8YZ,,,,,31.0
B08RYX6HL1,,,,,49.0
B08RZ14LM4,344.0,,344.0,,344.0
B08RZ4XX2H,,,,,250.0
B08RZ54F6L,,,,,128.0
B08RZ55XHN,,,,315.0,315.0
B08RZ71BDF,,,,,407.0
B08RZ7D14Q,,,,407.0,407.0
B08RZCXGDX,,,,,17.0
B08S1Z6DG3,,,,,391.0
B08S2PF8R7,653.0,,,,653.0
B08S333LG3,,,,,76.0
B08S36DXDK,,,,,109.0
B08S375J3P,,644.0,644.0,644.0,644.0
B08S38R23Z,22.0,,,,
B08S3B5CDQ,,,,405.0,405.0
B08S3BMK9F,,,,,24.0
B08S3CY68B,,,,,29.0
B08S3G319K,,,,,7.0
B08S3GD6LR,118.0,,,118.0,118.0
B08S4219WT,,,,,265.0
B08S61GJMK,2597.0,2597.0,2597.0,2597.0,2597.0
B08S6KLRRS,219.0,,,,
B08S6Q6995,,,32.0,,
B08S6RD5TH,,,,54.0,54.0
B08S6SYQHT,,59.0,,59.0,
B08S6T6MZS,12.0,,,,
B08S6XQ948,,,,,69.0
B08S74YSQZ,,,,45.0,
B08S77BXHF,,,,,79.0
B08S796JNQ,,,,,3.0
B08S7BJTPJ,,1246.0,,,1246.0
B08S7C4XXS,,,12.0,,
B08S7D8BC3,,,,78.0,78.0
B08S7LCB5D,,,439.0,439.0,439.0
B08S8VPH7C,,,,,1.0
B08SBJN5XS,,,,,82.0
B08SBJPWYW,21.0,21.0,,21.0,21.0
B08SBWV969,3.0,,,,
B08SBXH3HM,,,3.0,,
B08SBZ3X95,89.0,89.0,,,89.0
B08SC4BZW7,,,,36.0,
B08SC96HV6,,,,,79.0
B08SCC5SW6,,,,,6.0
B08SCJWNH3,,,,,77.0
B08SF66VXW,,241.0,,,
B08SGGKJKF,385.0,,,385.0,385.0
B08SGRXDFY,,,,,26.0
B08SH1Y754,,,189.0,,189.0
B08SHFTVGB,,,,,249.0
B08SHFYNZ8,,,,,75.0
B08SHG7GMY,,,,,74.0
B08SHN15T9,,,,134.0,
B08SHP2DX8,212.0,,,,212.0
B08SHPVLW4,,,,,20.0
B08SHRS44R,,,110.0,,110.0
B08SHSDQN4,3.0,,,,
B08SHSQTDL,,,,,8.0
B08SHWT4Q9,,,,,50.0
B08SHZ64PP,,159.0,,,159.0
B08SJ3BLH6,,,,44.0,
B08SJ3BSK5,471.0,,,,471.0
B08SJ6DV72,,,,,15.0
B08SJ976H8,,20.0,,,20.0
B08SJBY62B,,,,,81.0
B08SJNCGN9,,,,,8171.0
B08SJQRV5K,,,,,8171.0
B08SJR9WWD,,,41.0,,
B08SJSBNTK,392.0,,,392.0,392.0
B08SJVMR1F,329.0,,,,
B08SK142PQ,,,,,60.0
B08SK15G2C,,,,,10.0
B08SK2CSPF,,,,,10.0
B08SK2JWBF,,,,,88.0
B08SK37CRD,,,,,3.0
B08SK3G9GT,,,12.0,,
B08SK3QK5F,,,,,7.0
B08SK461GF,,,,,9.0
B08SKK69M7,,,,,1.0
B08SLMX318,,,,212.0,212.0
B08SLRN644,,,,,15006.0
B08SLS9GQ7,,,,,142.0
B08SLYS63W,,,,,75.0
B08SLZK99W,,,,75.0,75.0
B08SM2CMXD,,,,77.0,77.0
B08SM5844B,1981.0,,,,
B08SM5QVBD,36.0,,,,
B08SM61GW5,,,,,1981.0
B08SM6HPWJ,,,,1981.0,1981.0
B08SM6VNH6,,,,,1981.0
B08SM78NVV,,,,1981.0,1981.0
B08SM7V5PV,,,,,511.0
B08SM7VDNG,,,,,511.0
B08SM83J2R,,,,,511.0
B08SM846Q6,,,,,511.0
B08SM8HCJ2,,,49.0,,
B08SM8STW8,,,,511.0,
B08SM8Z1T7,,,,,511.0
B08SM91RRS,,,511.0,,
B08SM9D5WD,22.0,,,,
B08SM9FRN2,,,,,511.0
B08SM9PG7F,,,,,511.0
B08SMFTCWG,,,,,65.0
B08SMHSLJ7,,,,,131.0
B08SMJ5QTT,,,,,132.0
B08SMJKK9L,,,,,132.0
B08SMMCZRX,,,,13.0,13.0
B08SMN47VP,,,,,13.0
B08SMQP3ZY,,,,,51.0
B08SPBN8CS,,,668.0,,
B08SPZZ5WS,,,,13055.0,13055.0
B08SQ36MGV,,,,,5.0
B08SQ37JX2,,,184.0,,184.0
B08SQ63KHP,,,,,762.0
B08SQ7XWJ9,,,,,201.0
B08SQ9N2ZR,,,,,6.0
B08SQC9L1C,,,,184.0,
B08SQM9TYS,,,184.0,,
B08SQRVV1F,,,,23.0,
B08SQX9TRM,,,,172.0,172.0
B08SQY8ZPW,,,,,29.0
B08SR2RBV6,,,,,123.0
B08SR5HXC5,,,,,560.0
B08SR64V12,,,,,762.0
B08SR8RV5B,,,,85.0,
B08SR9R2TV,,,,,560.0
B08SSMSVZ5,,,,,12.0
B08SVTN2XN,,,,8745.0,8745.0
B08SVZSWZ2,,,,,2840.0
B08SW1LDJ1,,,,,55.0
B08SW8GBSD,,,8745.0,8745.0,8745.0
B08SW9YJ47,,8745.0,8745.0,8745.0,8745.0
B08SWCGQDD,8745.0,,8745.0,8745.0,8745.0
B08SWF6JZZ,,,,,65.0
B08SWFJLDL,,8745.0,8745.0,8745.0,8745.0
B08SWGKV7Z,,,127.0,,127.0
B08SWJQ435,,,8745.0,,8745.0
B08SWMKFP1,,,,,1.0
B08T14N5C9,,,,,1673.0
B08T14NX2C,,,,11.0,
B08T19GWK8,118.0,,118.0,,118.0
B08T1D798B,1673.0,,,,1673.0
B08T1F9WK9,,,,,112.0
B08T1F9WX3,,,961.0,961.0,961.0
B08T1H1TT9,,,,,876.0
B08T1MVHCP,877.0,,877.0,,877.0
B08T1P8W8N,,,,122.0,
B08T1PWXR7,,,1673.0,,1673.0
B08T1VSRJK,,,,,149.0
B08T1XJ8NV,52.0,,,52.0,52.0
B08T1XKL4Q,,,,,54.0
B08T229YGP,,2.0,,,
B08T23YM7B,,,,,3.0
B08T24ZLCJ,,1674.0,1674.0,,1674.0
B08T25FN1K,271.0,,271.0,,271.0
B08T5LCQNP,,,,,25.0
B08T5LH6R6,,,,2269.0,2269.0
B08T5NGMQD,,,,496.0,496.0
B08T5Q64QX,25.0,,,,25.0
B08T5TM8P4,4.0,,,,
B08T5VW2W4,,,,,25.0
B08T5W8CMT,,,,,14.0
B08T5Y45BG,,,,182.0,182.0
B08T618H2J,,,,,6.0
B08T61W9R5,,,,,62.0
B08T63GZH4,,,,,2269.0
B08T69YYBD,,,,,32.0
B08T6C8PG1,,,,,4.0
B08T6CYHFG,129.0,,,,129.0
B08T6D57MC,,,,6.0,6.0
B08T6DFCNP,,8.0,,,
B08T6FXXN8,,,496.0,496.0,496.0
B08T6L5N49,897.0,,,,
B08T6MZPRQ,,,,,51.0
B08T6NKRLK,,,,,62.0
B08T6XSW41,,,,,6.0
B08T6YJYCZ,946.0,,946.0,,946.0
B08T6ZRXQD,,,,,946.0
B08T7SQM3B,,,,,27.0
B08T812LDP,1.0,,,,
B08T842FPR,,102.0,102.0,,102.0
B08T8GR7HQ,,,255.0,,255.0
B08T8HHQRK,,,,,132.0
B08T8PT9R7,,,,,14.0
B08T8VKHYM,,,,,31.0
B08T8VZXJV,67.0,,,67.0,67.0
B08T8XLVYP,,,,4209.0,4209.0
B08T8XS8KT,,,,,4209.0
B08T94NTJH,,,252.0,252.0,
B08T9564PY,,199.0,,,
B08T96GGGH,,,,,866.0
B08T96QHGQ,,,86.0,,
B08T983HH8,104.0,,,104.0,
B08T9845X7,,,866.0,866.0,866.0
B08T9B7B1K,,866.0,866.0,,866.0
B08T9BD6VT,,,866.0,,866.0
B08T9DFHTM,,274.0,,,274.0
B08T9G3TDX,,,1308.0,,
B08TBDZ3QD,,,,,312.0
B08TBHPWXL,153.0,,153.0,,153.0
B08TBJWBC9,1612.0,,,1612.0,1612.0
B08TBT94H8,,,,,195.0
B08TBV2XJZ,,,,,33.0
B08TBV9RZJ,,,,5259.0,5259.0
B08TBVSZZC,,,,5259.0,5259.0
B08TBX7XNN,,,,,211.0
B08TC15BWM,,,,,157.0
B08TG5PDJ8,,,,,12.0
B08TGHRVK7,,,6.0,6.0,
B08TGRX1GN,4.0,,,,
B08TH1BQHN,,,,,88.0
B08TH2X1MF,,,,,9.0
B08TH3TK1W,,,218.0,218.0,
B08TH7F4MM,,,,98.0,98.0
B08TH8M3TJ,,,,,29.0
B08THBHSYS,,,1191.0,1191.0,1191.0
B08THCDVF4,,,37.0,,37.0
B08THFSNY6,1191.0,,,1191.0,1191.0
B08THHPVFM,,,,1191.0,1191.0
B08THJJDRR,,,,,1191.0
B08THK3PKC,,,,,49.0
B08THLVKC5,123.0,,,123.0,123.0
B08THWTPZW,,,,,66.0
B08TKHRKN1,,,,,142.0
B08TL2QWKZ,,,,,24.0
B08TLL4CSK,,,,,44.0
B08TLMBDPJ,876.0,,,,
B08TLYR9Y2,,,,,127.0
B08TLYRST1,,,,60.0,60.0
B08TM46587,,,46.0,,46.0
B08TMCWZ18,,,,,149.0
B08TMDKTP5,,,,,185.0
B08TMG24XG,,,,148.0,148.0
B08TMG95K7,126.0,,,,
B08TMKD7D7,,,,,163.0
B08TMMQG4M,,126.0,,,
B08TMPSQWQ,,,,,21.0
B08TMQHFQT,,,,100.0,100.0
B08TN4TS48,,,,,149.0
B08TPBPGTK,,,,,13.0
B08TPSTZQ4,,,,,4.0
B08TPV359B,,,,13.0,13.0
B08TPV6FGX,,,,4.0,4.0
B08TPZSF88,,,,,4.0
B08TQF7MKN,,,,,42.0
B08TQJMZNL,,,42.0,,
B08TQPCYZ1,,,,,1.0
B08TQS3YL8,,,,55.0,55.0
B08TR3G1SR,,,,162.0,
B08TR44RXY,,133.0,,,133.0
B08TR66L45,,,162.0,,162.0
B08TR798TD,,,,,3.0
B08TR7CXPT,,,,,79.0
B08TR8RJ5S,,,164.0,,164.0
B08TRFTJP9,,,,,182.0
B08TRH8DTW,,,,,182.0
B08TSSJW4Q,28.0,,,,
B08TT9Z7Q7,,,168.0,,168.0
B08TTGBS2B,,,,,370.0
B08TTKRWWL,,,,,41.0
B08TTNSP6Q,196.0,196.0,,196.0,196.0
B08TTZ6NFN,,,,203.0,
B08TV78NN8,,,,,4.0
B08TVM1ZL7,,,,,5.0
B08TW9QKFN,,,,747.0,
B08TWCMYDK,,747.0,747.0,747.0,747.0
B08TWGB82Z,,,110.0,110.0,
B08TWLCWFW,,,,,8.0
B08TWRQQDN,,416.0,,416.0,416.0
B08TWXBBQ2,,,88.0,,
B08TY6H179,,,,,707.0
B08TZWLMNR,,,,,147.0
B08V11KMD5,,19.0,,,
B08V14P9K6,,32.0,,,32.0
B08V1F9Y1D,,,,,345.0
B08V1JCR9Q,,,,,1179.0
B08V1N2SST,930.0,,930.0,930.0,930.0
B08V1VWBV6,42.0,,,,
B08V2171WP,,,,,7.0
B08V3PY9FY,,,,,8.0
B08V4FBBVK,,,,,146.0
B08V4NCPN7,,,,,146.0
B08V4PQPL4,,,,,73.0
B08V4Q2SLR,,,,,252.0
B08V4RT3H9,,,7.0,,
B08V4RWL3S,,,,,56.0
B08V4RWRG5,,,212.0,,212.0
B08V4T2GXZ,,,,,146.0
B08V4VLL5B,,212.0,,,212.0
B08V4XC4D7,,,,,80.0
B08V4ZF5F7,,,,,82.0
B08V51DFWM,152.0,,152.0,,152.0
B08V55TTMV,,,,,10.0
B08V58KQQS,,,,212.0,
B08V5CNYZH,15.0,,,,15.0
B08V5K5KV9,,,,,8.0
B08V5K6LL3,43.0,,,,
B08V5MX884,,,,56.0,
B08V5NKVR9,,,,,17.0
B08V6ZQV3Z,,,,,1.0
B08V86K2SK,,,,,55.0
B08V8957BX,416.0,,416.0,416.0,416.0
B08V8BB7Z1,,,,,155.0
B08V8FY92D,,,17.0,,
B08V8KDLYT,,,,,358.0
B08V8LFR8D,,,,20.0,
B08V8V2Q4L,263.0,,263.0,,263.0
B08V8YZ8SH,,14.0,,,
B08V93RNP8,,,,,17.0
B08V9513N4,,,,,33.0
B08V9576KL,,,,57.0,57.0
B08VBKVDP7,25.0,,,,
B08VD1THX4,,5187.0,5187.0,5187.0,5187.0
B08VD5B8GJ,,,26.0,26.0,
B08VDHX63Y,,,99.0,,99.0
B08VDQG935,,,,,15.0
B08VF2MM4B,,,5187.0,5187.0,5187.0
B08VF91K79,,1295.0,1295.0,1295.0,1295.0
B08VFXFMQB,,,,,111.0
B08VFZQGD6,,,,111.0,
B08VGBKZW6,,,,,297.0
B08VGBNZCC,,,,,297.0
B08VGCFYLS,,297.0,,,297.0
B08VGCLVJZ,,,,,64.0
B08VGCS7CF,,,,,646.0
B08VGD8KG4,,,,,646.0
B08VGGHV8P,,,,,646.0
B08VGNSFQG,,,738.0,,738.0
B08VGPFWTQ,,,,,738.0
B08VGRB22N,,738.0,,,738.0
B08VH2F9T9,,,,235.0,235.0
B08VHM2TT4,,,,,196.0
B08VHVHR4Y,,,,1141.0,1141.0
B08VHVK298,,,1141.0,,1141.0
B08VHW2K1V,,42.0,,,
B08VHW7J9Q,,,,,70.0
B08VHX3CZ9,,,28.0,,
B08VJ4G8XD,,,3750.0,3750.0,
B08VKYT5PD,,,52.0,52.0,52.0
B08VLMMHMT,,,,,163.0
B08VMR29J2,,,,374.0,374.0
B08VMYRFGF,,,,,73.0
B08VN1RX46,,1298.0,,1298.0,1298.0
B08VN29Z3F,,,,,90.0
B08VN65KVS,18.0,,,,
B08VN6KXRT,,,,,50.0
B08VN81NBZ,,,,,1.0
B08VNB683Z,,,,,74.0
B08VNHKJ2C,30.0,,,,
B08VNJTKQK,,,,,11.0
B08VRX5QH6,,,,,38.0
B08VS8B8GP,,,638.0,,638.0
B08VW4Q6VD,,87.0,,,
B08VW68T36,25.0,,,25.0,
B08VWPZDDY,5.0,,,,
B08VWXGDJ2,,,,101.0,101.0
B08W1H5YR3,,,,,19.0
B08W1KR9GK,143.0,,,,143.0
B08W1L8X1W,,,,30.0,30.0
B08W1VG2PN,,,,,30.0
B08W1X3XXR,,,22.0,22.0,22.0
B08W24939Z,101.0,,101.0,101.0,101.0
B08W2DJBZJ,61.0,,,,61.0
B08W2FS9W9,,,45.0,45.0,45.0
B08W31T2D8,,,,,18.0
B08W3CM4LK,14.0,,,,
B08W3CV69F,4746.0,4746.0,4746.0,4746.0,4746.0
B08W3DVMR6,,,,,24.0
B08W3FPCSS,,,,,634.0
B08W42P2YT,,,17.0,,
B08W43C476,,,1.0,,
B08W44L457,,,366.0,,366.0
B08W46GKWM,,,,,366.0
B08W46Z6SC,,,,,366.0
B08W4724BR,,,,,366.0
B08W47LWZQ,366.0,,,,
B08W4YWW6D,,,,,7.0
B08W4Z1PK3,,,,,2.0
B08W87YMJ2,,,,,13.0
B08W8G2TL6,44.0,,44.0,44.0,44.0
B08WCQZHWV,,,,37.0,
B08WHBDY2H,,,1.0,,
B08WJL1ZZ8,,,,,359.0
B08WJQ4997,,,,,4.0
B08WJWLJG3,,,,,15.0
B08WJXYR6T,,10.0,,,
B08WKPFTFS,23.0,,,,23.0
B08WLK17LC,,,,,407.0
B08WLLGTFS,,,,,10.0
B08WPJFQZZ,,,,6.0,
B08WQ3Z339,45.0,,45.0,,45.0
B08WR64JS3,46.0,46.0,,,46.0
B08WR791W9,,58.0,58.0,58.0,58.0
B08WTR1QY7,,,,,6.0
B08WWC1DGZ,2161.0,2161.0,2161.0,2161.0,2161.0
B08WWF2GBJ,102.0,102.0,,,102.0
B08WWJPLX7,,,,,8.0
B08WWQQR8J,62.0,,,,62.0
B08WX5K6WR,,,,,8.0
B08WX73FHN,,,315.0,315.0,315.0
B08WX857TX,,,,,3.0
B08WYLDX4X,,,,186.0,186.0
B08WYTXRZ9,,20.0,20.0,,
B08WZJFMCT,,37.0,,,37.0
B08X1CMYFH,,44.0,,,
B08X1F1VRL,148.0,148.0,,,148.0
B08X1SHR68,,,,,142.0
B08X1VN4WD,,,,,5.0
B08X265TW9,,,,,80.0
B08X2CQNNH,947.0,,,,
B08X2CVFB9,,,,,149.0
B08X31XQMM,,32.0,,,
B08X3N5D25,17.0,,,,
B08X41R1MQ,,,,19.0,19.0
B08X43F8NY,,,47.0,,
B08X43VRDV,,43.0,,,43.0
B08X44BQGS,,,30.0,30.0,30.0
B08X4CQP8X,,,,108.0,108.0
B08X4DX77K,,,26.0,,
B08X4F98RX,,,,,105.0
B08X4JXBLP,,510.0,,,
B08X4K3HZQ,,,,,510.0
B08X4KJ76N,,,510.0,,
B08X4KN2HN,,,,,510.0
B08X4KZW3L,,,,510.0,
B08X4L5WVR,33.0,,,,
B08X4LNQQS,,,,510.0,510.0
B08X69W3JY,,,,,133.0
B08X6FDRCN,,,138.0,138.0,138.0
B08X6N7BGM,38.0,,,,
B08X6SQG8H,,,,38.0,
B08X6XH825,1.0,,1.0,1.0,1.0
B08X9Y5C69,,,43.0,,
B08X9Y6CS9,,,,,32.0
B08XB1L5SR,5.0,,,,
B08XB1N2J5,260.0,,,,260.0
B08XB2JSBW,,,,,122.0
B08XB2YTZJ,,,,136.0,
B08XB5QFW6,,,,415.0,415.0
B08XBH5XDX,,,,,1.0
B08XBKJ4SM,,,,,3.0
B08XDSTWC1,,,,,460.0
B08XHX9WLC,,,,,9.0
B08XJJ1GJS,,,,,464.0
B08XJL5D8B,,,,,134.0
B08XJLMGRC,,,,,810.0
B08XJQ8W4Y,460.0,,460.0,,460.0
B08XJYP33B,,,,,21.0
B08XK37PWZ,,,,,460.0
B08XK89CLL,,,,134.0,134.0
B08XLSPJ9Q,,,213.0,,213.0
B08XLWXWRH,,,,,12.0
B08XM76LQH,,,,,45.0
B08XM9FSQY,,,19.0,,
B08XMW6KVK,,,,,10.0
B08XMWVG73,6822.0,,,6822.0,6822.0
B08XN82MTD,,,,,379.0
B08XNGLFSS,,,,,26.0
B08XNLQ1TR,171.0,,,171.0,171.0
B08XNNWB15,,,,,134.0
B08XNS4JRM,,,,,56.0
B08XNZHL9J,,,,,567.0
B08XNZXK5K,,,,,13.0
B08XP7RJ8G,,,,4.0,
B08XPR65TL,,,,18.0,
B08XQ16WH5,,,,,110.0
B08XQ1CVLG,,,,,110.0
B08XQNV6F2,,,,,43.0
B08XSBXKQF,,,44.0,,44.0
B08XTMYYX3,,,,,13.0
B08XVBGWBX,,,,,35.0
B08XVV146T,184.0,184.0,,,
B08XW9514C,,,,,10.0
B08XWCMND5,,,,,26.0
B08XWSW3X7,,,,,10.0
B08XWY1G69,1992.0,1992.0,1992.0,1992.0,1992.0
B08XWY5X2N,,,,,32.0
B08XWYM1DC,,,,,32.0
B08XWYYRDF,,,,,32.0
B08XXHL652,,,,,89.0
B08XY9YTBB,386.0,,,386.0,
B08XYB997P,,,,,1.0
B08XYLQVQ3,,2.0,,,
B08XYX5544,,,,21.0,
B08XYY9C3V,1099.0,,1099.0,1099.0,1099.0
B08XYYGFXN,1099.0,1099.0,1099.0,1099.0,1099.0
B08XYZNV2Z,,,,,98.0
B08XZQSLMH,,,,35.0,
B08Y14QQVP,,,,,94.0
B08Y2D5G41,,,,,23.0
B08Y6J2Q3G,,,,,240.0
B08Y6LYVZH,,,,,240.0
B08Y6P5S14,,,,,181.0
B08Y6QHC1Z,,,,,181.0
B08Y6QRJJ8,,,,22.0,
B08Y73SYSB,,,,,45.0
B08Y87HBFF,,,,52.0,52.0
B08Y8YS1RG,,,,90.0,90.0
B08Y912LHK,,,,,209.0
B08Y97TZSP,,,,,25.0
B08Y97Y6FD,,,,,32.0
B08Y9BBFKM,,,28.0,28.0,28.0
B08YCW5ZH1,,,,,26.0
B08YD12M1D,,,,,11.0
B08YD176YG,,,,,65.0
B08YD1MJBM,,,,82.0,
B08YD4TD5M,8065.0,,,8065.0,8065.0
B08YD779NV,,,,,122.0
B08YD9SVNJ,832.0,832.0,832.0,832.0,832.0
B08YDC1D7H,,,,,67.0
B08YDL6TWT,,,,,23.0
B08YDLQ4LZ,41.0,,,,
B08YDPGY8Q,66.0,,,,66.0
B08YDWPF45,,,,,51.0
B08YDYXNJB,681.0,,681.0,681.0,681.0
B08YF17JXL,,,,,18.0
B08YF2Q7QC,,,,211.0,211.0
B08YFD6794,,,19.0,,
B08YFKFP48,65.0,,,65.0,
B08YFKQP26,,,,,190.0
B08YFLQZDH,,,29.0,,
B08YGYMFB9,,,,161.0,
B08YH6DMH2,,,,162.0,
B08YHKJCVS,,,,,33.0
B08YJ2B9MM,,,34.0,,
B08YJ54FTC,,,,,22.0
B08YJF5ZHT,,,,,8.0
B08YJFXMVP,,152.0,,,
B08YJFZX94,,38.0,,,
B08YJVR274,,,,5.0,
B08YK4QPQ3,,,,,32.0
B08YK74G5F,,,,21.0,
B08YKC764R,,,,560.0,
B08YKC83V8,,,,,560.0
B08YKFV3M2,3008.0,,,,3008.0
B08YMYR8CX,,,,,2.0
B08YN35MTD,,,,209.0,
B08YN3BNCH,,,,,8.0
B08YN726CB,,,,,9.0
B08YNBF1M4,540.0,,,,540.0
B08YNHS8MD,,,,,101.0
B08YNHSTV3,,,,,65.0
B08YNJHG41,328.0,,,328.0,328.0
B08YNKQMDY,2.0,,,,
B08YPB878G,,,20.0,,
B08YPCVDB1,,,,,2.0
B08YQMQT8C,,,,33.0,
B08YQPFPB2,,,,,105.0
B08YQXD1YQ,,,,140.0,
B08YQYVHHJ,,,,,143.0
B08YQYWRPX,,,,,21.0
B08YQZGWG9,,,1069.0,,
B08YR2WRFN,,,,,79.0
B08YR3RF4K,,,,,219.0
B08YR4398Z,28.0,,,,28.0
B08YR4CL84,,,,,31.0
B08YR7FJJS,,,,,1141.0
B08YR8421G,,,,,78.0
B08YR8WSKD,,,,,78.0
B08YRDLHLB,,,,,25.0
B08YRDNM4G,1.0,,,,
B08YRJRD23,,,,,39.0
B08YRNCMZ5,,,,,242.0
B08YRP317R,,,,265.0,
B08YRP9V34,,,,,140.0
B08YRPWTZ7,,,219.0,,
B08YWB1R2Y,,172.0,172.0,,172.0
B08YWRKYX3,,,,,6.0
B08YWW44S4,,,,,3.0
B08YWWP312,,,,,336.0
B08YXBLF89,,,,,63.0
B08YY5737F,,,,,38.0
B08YY8QW8M,,,332.0,,
B08YYFDPLB,,,,,56.0
B08YYFNYM6,,,,,81.0
B08YYHTZ4J,,,,,123.0
B08YYKTNSL,,,,,77.0
B08YYR5WR3,,,,23.0,
B08YYTXS7K,,,,,78.0
B08YYW9GMR,,,,,145.0
B08YZ3NKM1,,,,,19.0
B08YZ49H8P,,,,,2.0
B08YZ4YRDX,,,,,16.0
B08YZ51GN7,,,,,261.0
B08YZ5LGQG,,2284.0,2284.0,2284.0,2284.0
B08Z1RPLQ6,501.0,,501.0,,501.0
B08Z2SC72H,,,2427.0,2427.0,2427.0
B08Z2SLDLS,,,,587.0,587.0
B08Z2XQBKL,,,,,2427.0
B08Z2ZFS3G,,,,,1191.0
B08Z2ZYN2P,,,,6.0,
B08Z313BXR,,,,99.0,
B08Z31PY84,,,,,79.0
B08Z335WBH,1.0,,,,
B08Z339PLT,,,2427.0,,
B08Z36QXNB,,,,,8171.0
B08Z37NKYK,,,,,9.0
B08Z3C9WFJ,,,,,2427.0
B08Z3CS9XZ,,,,,2427.0
B08Z3LB1LH,,,,2427.0,2427.0
B08Z3LM42B,,,,,185.0
B08Z3N7BF7,,,,,2427.0
B08Z3QP999,,,,102.0,102.0
B08Z3QPJ2J,,,,,2427.0
B08Z3SJ21Q,2427.0,,,,2427.0
B08Z4FP6K9,,,,,73.0
B08Z4GJW78,81.0,,,,
B08Z4GM6ZL,,,,,10.0
B08Z4H22HS,,61.0,,,
B08Z5HBHZD,,,,,23.0
B08Z7K8VQ7,,,,,75.0
B08Z7LL76X,30.0,30.0,30.0,,
B08Z7LNGPV,,,,,4.0
B08Z7Q764H,,,,,16.0
B08Z81RVYT,,,,,878.0
B08Z845TDJ,,,,,34.0
B08ZBKQYC3,,,,,5.0
B08ZC2H2SL,,,,,11.0
B08ZC7HVZ8,,,,,30.0
B08ZCFDCXY,2.0,,,,
B08ZDGBMLT,,,267.0,267.0,267.0
B08ZFN3Y5J,,,1.0,,
B08ZFWV9BQ,,,,,1.0
B08ZGHPVQK,,,,,21.0
B08ZGPMCJJ,,,,,3.0
B08ZH7DGML,,,,,25.0
B08ZHFJQ5Y,,,,,78.0
B08ZHW7B79,,,,,9.0
B08ZJM631Y,,,,,74.0
B08ZKN9JV4,,,,,695.0
B08ZKTDSBC,,,,,4.0
B08ZKTMYTY,,,,,3.0
B08ZKZDF8S,,,,,23.0
B08ZL3QCQT,11.0,,,,
B08ZL5FBKW,16.0,,,,
B08ZLFKKDZ,,56.0,,56.0,56.0
B08ZLJBT1B,,,,,33.0
B08ZLYVW42,,,,,316.0
B08ZLZ21KP,,,,29.0,29.0
B08ZMGWLSZ,,,,,175.0
B08ZMMNLNM,,,,,3.0
B08ZMTB1TH,,,,,20.0
B08ZMTH84R,,,,,422.0
B08ZN13FNL,,,,,102.0
B08ZN285V6,,,,,42.0
B08ZN4SWZW,,,,,108.0
B08ZN54H57,,,,,157.0
B08ZN8687F,,563.0,,,563.0
B08ZN8LCQ8,,,,16.0,
B08ZRTM3FW,,,66.0,,
B08ZRYVTKY,,,,,6.0
B08ZS55QYS,7.0,,,,
B08ZSB41QL,,,,,125.0
B08ZSFR6M5,,,,,22.0
B08ZSKZMMT,,,,,135.0
B08ZSMWCBJ,,,6.0,,6.0
B08ZSN22HC,,3702.0,,3702.0,3702.0
B08ZSP9M7D,,,,,125.0
B08ZSTMBQD,,,,5.0,
B08ZSYSN1N,,,21.0,,
B08ZT3DB87,,,,,29.0
B08ZXLWDYF,,,,,36.0
B08ZXNXS32,283.0,283.0,283.0,,283.0
B08ZXTZWDH,,,,,102.0
B08ZXVB7HH,,80.0,,,80.0
B08ZXW28PN,,,,,10.0
B08ZXXNWMG,,,,,394.0
B08ZXZ1TLS,,,11.0,,
B08ZXZZ7TK,,,,,394.0
B08ZY1MMJV,,,,,56.0
B08ZY2XWSL,,,,,78.0
B08ZY45HXQ,,,,,93.0
B08ZY5GFYH,,,,,295.0
B08ZY6G85K,,,,,16.0
B08ZYBY6JP,380.0,,,,380.0
B08ZYCVG2Z,,,,,85.0
B08ZYDZ36B,283.0,283.0,283.0,283.0,283.0
B08ZYHF7V1,,,,,26.0
B08ZYJL13W,,,7.0,,
B08ZYN2C89,,,,,17.0
B08ZYSZG4Y,,,26.0,26.0,
B08ZYVPQ9X,229.0,,,,229.0
B08ZYX68M3,,,,,48.0
B09121YT72,,,,,60.0
B09123NMB9,,,,,462.0
B0912BZV56,,,,,91.0
B0912C4HXB,,,,462.0,
B0912GLPMN,,,,,462.0
B0912LJN5G,,106.0,106.0,106.0,106.0
B0912RPF7N,,,,,462.0
B0912TTZN3,,179.0,,,179.0
B0912V1YZ2,,,462.0,,
B0914QQB8N,,,,42.0,42.0
B0914RZ75L,,,,,73.0
B0914S6KQG,,,,,370.0
B09152WSB7,,,264.0,264.0,264.0
B09157BRD9,,,,,75.0
B0915DRKVX,,,,,134.0
B0915HQ1TG,,,36.0,,
B0915LHV37,109.0,109.0,109.0,,109.0
B0915RKM7S,,,,,6.0
B0915ZCCR6,,,51.0,,51.0
B0916MZ7PG,70.0,70.0,,70.0,70.0
B0916YQYJ6,24.0,24.0,,,
B0916ZQS4Y,,,,100.0,100.0
B09174D81W,,,,,7.0
B091765HS4,,,,,36.0
B09189SH64,,,,,9.0
B0918HHG5V,26.0,,,,
B09198GWL8,,,,,33.0
B0919STVTG,,,,,35.0
B091B11B4Q,42.0,,,,42.0
B091B3WQ21,447.0,,,447.0,447.0
B091BLSC3H,,,28.0,28.0,
B091BP4BGZ,,,,,646.0
B091BQ4J3S,5.0,5.0,,,
B091BRDJPL,,,,1185.0,
B091BWQGY2,,,,,71.0
B091BXRYLQ,,,,,18.0
B091C32FKH,,,,,646.0
B091C4DN57,,,,67.0,67.0
B091C615TD,,,,,13.0
B091C6P6WW,,,,46.0,
B091C74FL7,,,,,18.0
B091C74SQ5,,,,,14.0
B091C798W9,,,,,46.0
B091C8SV71,,,,,4.0
B091CG6LGM,,,,,15.0
B091CM2LSN,,,,154.0,154.0
B091CM9S9L,,154.0,,,154.0
B091CNGPFT,,,,,646.0
B091CNR514,,,,,30.0
B091CR1KNY,,,,,28.0
B091CRWLVQ,,,,,82.0
B091CTV3VJ,,,,,99.0
B091CV99PW,,,,,38.0
B091CXMGPH,,,,55.0,55.0
B091D1YQ3Z,,,,,79.0
B091D46HYK,,,,,151.0
B091DRZN3Q,6.0,,,,
B091DYSP69,,,,,221.0
B091FBDQDY,,,,,1306.0
B091FVXNKF,,,,,33.0
B091FYSMBJ,,,,,55.0
B091G5V743,,,,,307.0
B091GF6KT2,,,,,15.0
B091GH59SD,,,,,20.0
B091GTTPZT,,,11.0,,
B091GXX11F,,,,1006.0,1006.0
B091HBY75L,,,,,23.0
B091HTNPW9,,,,,37.0
B091J53NS3,,,,415.0,415.0
B091JQBQSZ,28.0,,28.0,28.0,28.0
B091JW2GFJ,,,,,72.0
B091K632WT,,,35.0,,
B091KDLNVQ,,,,53.0,
B091KHSV2X,3584.0,3584.0,,3584.0,3584.0
B091KJWK9Q,,,,30.0,30.0
B091KK4HJL,,,,,356.0
B091KN4TPF,,,,5.0,5.0
B091KS1D33,,,,,269.0
B091KS9PMF,,269.0,,,269.0
B091KSSCT2,,,,,241.0
B091KT62H2,,,,270.0,270.0
B091KT7GMW,,35.0,,,35.0
B091KTBF9Y,,,,,241.0
B091KTBPG4,,,269.0,,269.0
B091KTBTH7,,,338.0,338.0,338.0
B091KTJ9XC,,,,,43.0
B091KTJVG5,,,178.0,,
B091KTVJBX,,,,296.0,296.0
B091KTZZXJ,,,,,241.0
B091KW19J2,,,,28.0,28.0
B091M8QHZR,,,,25.0,
B091MCDX6G,,,,25.0,
B091MS9QFG,,,,208.0,
B091MY31LC,,,,,2.0
B091MYGS56,,,,,415.0
B091NPYWZB,,,,56.0,
B091PK3S2D,,,,,4.0
B091PKB1R1,,,,,13.0
B091PKBLV8,,,,,13.0
B091Q19X35,,,43.0,,
B091Q7HHMD,,53.0,,,
B091Q9V661,1139.0,,1139.0,,1139.0
B091SWVGWV,,,,,143.0
B091SY526M,,,,48.0,48.0
B091T8MW6Q,,,,,73.0
B091TBYGVK,,,,,17.0
B091TL16TJ,,,,,143.0
B091TMZ4Y1,,,,,10.0
B091TR1LPT,756.0,,,756.0,756.0
B091TSW165,,,,,146.0
B091TTY6JQ,24.0,,,,
B091TX8Y3P,192.0,,,,192.0
B091Y13MWF,,,,,260.0
B091Y6X9QG,,260.0,,,260.0
B091YCQZVV,,,16.0,,
B091YDLN19,,,,16.0,
B091YFJ7VZ,,,,,260.0
B091YHXDFV,,,,,42.0
B091YJM9PP,,,,,76.0
B091YPJXG5,,,,,4.0
B091YT5ZJL,,,,,5.0
B091Z6L429,,,,,5.0
B091Z8Y3MY,,,,,117.0
B09228DGR9,,,,73.0,
B09228TBYZ,,,,,15.0
B0922BTHJ2,1625.0,,,1625.0,1625.0
B0922FP7WP,,,,,1625.0
B0922FZ389,,,,1625.0,1625.0
B0922W72TH,,,,14.0,
B09231FSY6,,,,,8.0
B09233S4BZ,,,,,467.0
B0923F7JLL,,,,,88.0
B0923MZ546,,,,67.0,
B0923RBYQD,52.0,,,,
B0923TLXRG,,,,,323.0
B0924B5QBJ,303.0,,,,
B0924CC19B,30.0,,,,
B0924CZXLC,82.0,,,,82.0
B0924F5M2P,,,,,109.0
B0924GX4CB,,,,143.0,
B0924H3918,109.0,,109.0,,
B0924K36TD,,,,2.0,
B0924LXR9F,,,,48.0,
B0924MM5YC,,,,,48.0
B0924MT2VW,,,,,48.0
B0924W7KBV,,,415.0,,415.0
B09259WMHP,,,26.0,26.0,26.0
B0925YNNRK,,,,,8.0
B09261XC6B,,,,46.0,46.0
B09262SJ83,13.0,,,,
B09264CWJY,,,,,114.0
B09265FVDG,,,,,37.0
B09265NQB5,,,,,10.0
B09266Z665,,,,,5.0
B09268H99J,,,,,13.0
B09272DKSX,,,142.0,,142.0
B0927G8LT7,,,,,140.0
B0927G9JW5,,,,14.0,14.0
B0927GGCQS,,,,,140.0
B0927WSV28,23.0,,,,
B0928296SR,,,,14370.0,14370.0
B09283KP67,14370.0,14370.0,,14370.0,14370.0
B092849ND9,,52.0,,,
B09284LCLY,,,,,119.0
B09288254T,,,,43.0,
B09288L953,,,,,151.0
B09289V1HX,,,,,11.0
B0928H7ZQJ,,,,,78.0
B0928JLYTJ,,,166.0,,
B0928K6XFZ,166.0,,,,
B0928KVTPP,,,,,66.0
B0928KVTPQ,,,,,66.0
B0928L3KM4,,,130.0,,
B0928LWW3P,,,,,66.0
B0928N8JF5,345.0,,,,345.0
B0928RMMDY,,961.0,,961.0,
B0928S9QNG,,,,,103.0
B0928ST87Z,,,961.0,,
B09291PLX1,,,,41.0,41.0
B092941RNX,,,3288.0,,3288.0
B09294VRVS,,,41.0,,
B09295MZS8,,,,,3288.0
B09296ZTP7,3288.0,,3288.0,,3288.0
B092C6CBP1,,,,69.0,69.0
B092C7MPTR,,,,37.0,
B092CBHDQ7,26.0,,,,
B092CFYDL7,,,,90.0,90.0
B092CGLBXM,,,54.0,,
B092CK1P76,,,,,228.0
B092CK2K3V,,,,,155.0
B092CPCD7T,10.0,,,,
B092CPK63X,,,,,39.0
B092CQLKTB,,,,,228.0
B092CY4MJG,,,,,37.0
B092D6861L,,,,14.0,
B092D84KT8,,,,,31.0
B092D88SDP,,,,,7.0
B092D97RLN,,,,31.0,
B092D9CNC3,,,,,14.0
B092D9CVLW,,,,,10.0
B092D9XGFQ,,,,,36.0
B092DD4QD3,,,,,101.0
B092DDQZFN,,,,,148.0
B092DLC6HW,,,21.0,,
B092DLQN7K,,,,,2177.0
B092DMHQGF,,,,,2177.0
B092DNS336,,,,,1.0
B092FNY2PX,,,,,23.0
B092G1DCGF,,,,,48.0
B092HBVZ61,,83.0,,,83.0
B092HTSPZ7,,,,,50.0
B092HV3SH2,,,,,77.0
B092HVK42M,,,,264.0,
B092J2LCCW,,,,,184.0
B092J3HSRK,,,,,22.0
B092J54TPY,,,,,334.0
B092J6M6PS,334.0,,,,334.0
B092J6TYML,,,,312.0,
B092J7CSWB,,,,,334.0
B092J8B556,,,,,5.0
B092J8JSZ5,,,,,72.0
B092J97ZL2,,,,326.0,326.0
B092J9SM4V,,,,,514.0
B092J9XPPC,,,,114.0,114.0
B092KWF34G,,,,16.0,
B092L9NBK7,,171.0,,171.0,
B092LYZ4CC,,,,,34.0
B092LZ2L3X,,,,,30.0
B092M498N2,,,,,37.0
B092M54MJJ,,,557.0,,
B092M6FBSJ,,,,,173.0
B092M8YJBD,,,5254.0,5254.0,
B092MBK3DG,,99.0,,,
B092MD21G8,,,,,53.0
B092MGN6MN,,,,,2.0
B092MMX86J,,,,,19.0
B092MP2G5C,,,,,8.0
B092MPBN2H,123.0,,,,
B092MPC988,,,16.0,,
B092MQ38R1,,,,,8.0
B092PH81NS,,,,,2269.0
B092PM4SKB,,,32.0,,32.0
B092PNP2LK,,,,,53.0
B092PT83XF,7.0,,,,
B092Q77MNT,,,,510.0,510.0
B092QCVBXY,,2269.0,,,2269.0
B092QJJG3L,,995.0,995.0,,995.0
B092QJPVDZ,,35.0,35.0,35.0,35.0
B092QJVLTJ,,,,,26.0
B092QL3K8X,,,,,27.0
B092QLB7HZ,,,,,9.0
B092QMM722,,,,,10.0
B092QRHXW8,,320.0,,,320.0
B092QYG1RY,,,83.0,,
B092R184R3,,,4746.0,4746.0,4746.0
B092R7FFZP,40.0,,,,
B092RFRSWL,,,,22.0,22.0
B092RVLX6X,,,,,1576.0
B092S1F4VK,342.0,,,342.0,342.0
B092S1Q8Y8,,,,,60.0
B092SBZLN2,,,14.0,,
B092SG3JMS,,,,,27.0
B092T6TPGH,,,,,1103.0
B092TFNZM3,130.0,,,,130.0
B092TL1X6M,5.0,,,,
B092TM66N1,31.0,31.0,,,
B092TQRQD8,,,24.0,,
B092V1J4L5,,,36.0,,
B092V78KBB,,,,3288.0,3288.0
B092V7BG4C,,,,,3288.0
B092V8K8YB,,,,92.0,
B092V8QVMH,,,,,115.0
B092V94GJC,,,,3288.0,3288.0
B092VBMPFK,,,,,260.0
B092VD6TN2,169.0,,,,169.0
B092VD9RGZ,,,,,149.0
B092VGV89F,,,,,56.0
B092VGX9BG,,,,,56.0
B092VNMJFH,,,,155.0,155.0
B092VNSF2Y,,,,,246.0
B092VPCX9N,,,336.0,336.0,336.0
B092VVRX35,,,,,21.0
B092W3F7NY,,,,198.0,198.0
B092WZ1MN7,,,61.0,,61.0
B092X8Y5RZ,,,,,25.0
B092XZVQF9,,,,,16.0
B092YWKM36,,,,,243.0
B092Z1VYB9,,,,34.0,34.0
B092Z416BR,,,,,243.0
B092ZF2VGS,,,,,243.0
B092ZFD4TP,,,,,216.0
B092ZP5V55,,,,845.0,845.0
B0931841CB,,,261.0,,
B0931QSFXM,,,,,20.0
B09322QKP4,,,,,78.0
B0932F1PDR,,,,46.0,46.0
B0932S2SS6,,,,,5.0
B093345769,,,,,21.0
B09337VGHJ,,,1060.0,,
B0933F9BPX,,,,,7.0
B0933GRBBY,,,,,27.0
B0933GVFLY,,,,,15.0
B0933HK2VB,,,,,13.0
B0933JR6DX,,,,,36.0
B0933K92WR,,,,,29.0
B0933MJLZX,,,,,36.0
B093613QLM,,,,,14.0
B09366QHGS,1202.0,,,,
B09369HQPF,,,,,33.0
B09369KYVM,,,,,85.0
B0936H5H5B,,,,,28.0
B0936N5YPS,,,,,13.0
B0936NT618,,,,,35.0
B0936R343F,,,,,34.0
B0936SDMK8,,,,,3.0
B0936TBJZJ,,,248.0,,248.0
B0936YP4T9,,,,425.0,425.0
B093795N7W,,,,31.0,31.0
B09379S665,,,,,105.0
B0937BJPHS,,,,,19.0
B0937BJVXN,,,,,5.0
B0937H4MGW,,,30.0,,
B0937JGJ8X,548.0,,,,548.0
B0937KHWPX,,,,,30.0
B0939XN8PL,,,,,10.0
B0939YVZZP,,,,,140.0
B093B6PFXG,,,,,33.0
B093BDH899,,43.0,,,43.0
B093BF7ZG4,,,,,662.0
B093BFB7ST,,,,,72.0
B093BJMMSX,,,,3821.0,3821.0
B093BK6H21,,,,,314.0
B093BL3QCW,,,,,3821.0
B093BP9CX7,,,,18.0,
B093BRX9C8,,248.0,,248.0,
B093BWRVKP,,,,,45.0
B093BXDQ83,,,,,43.0
B093BYJGC1,,,,,43.0
B093CVNWPJ,,,,877.0,
B093CWW3FH,,,,,869.0
B093CWZ6ZP,,,,875.0,
B093CX9TBT,,,,,877.0
B093CYQ8VP,,,,,54.0
B093CZTK6B,,,,,32.0
B093DTCNWK,15.0,,,,
B093F87GQ8,32.0,,,,
B093FLMVRT,,,,,16.0
B093FLRLP6,,,124.0,,124.0
B093G6268J,,,,,46.0
B093G8RVN9,,209.0,,,
B093GC6FR2,,,,,12.0
B093GGSRZF,,,,,271.0
B093GH1L2B,,,,,10.0
B093GK4BPL,,,2.0,,
B093GLWT1F,,,,,50.0
B093GPMDDT,,,,,161.0
B093GTD3Y6,,,,,214.0
B093GTP58F,,,,,213.0
B093GV93J7,,,,,213.0
B093H1VBZG,,,,,24.0
B093H2BY7S,58.0,,,58.0,58.0
B093H3F4MY,3.0,,,,
B093H3VDXD,20.0,,,,
B093HBZ5D7,,,,24.0,24.0
B093HCD6D6,,,,,24.0
B093K64NNH,,,,,17.0
B093K7DFG7,,,,,30.0
B093K9M73M,1.0,,,,
B093KBSRQQ,,,,,149.0
B093KCHFTR,,,,149.0,
B093KCV389,,,,,11.0
B093KJ14Q2,,,,36.0,36.0
B093L3R2R1,,,,6.0,6.0
B093L79YW1,,,,,50.0
B093L8RG8Q,,,,,12.0
B093L97MD4,,,,,10.0
B093L9W7LC,,,42.0,42.0,42.0
B093LHDYWM,2990.0,,2990.0,2990.0,2990.0
B093LHNP3L,,2990.0,2990.0,2990.0,2990.0
B093LKSK2S,,,4746.0,,4746.0
B093LSH1Q5,,,,1246.0,1246.0
B093N35PGR,,,,,30.0
B093NBW78B,,,,,22.0
B093NYPD4Y,,,,,4.0
B093PG3WZX,,,,,94.0
B093PM1GCL,,,,1126.0,1126.0
B093PN4X69,,,,,1126.0
B093PRV4J3,,,,,94.0
B093PVB2T2,,,72.0,,72.0
B093PYGG7C,20.0,20.0,,,
B093PZDFF9,,,,,21.0
B093PZFCTM,,,,25.0,25.0
B093Q22VTB,2396.0,,2396.0,2396.0,2396.0
B093Q3HLNL,,,,,94.0
B093Q3V1XG,105.0,,,105.0,
B093Q5SFP2,76.0,,,,
B093QFT3GN,,,,,14.0
B093QRN94C,,,,,16.0
B093RSFVP7,,,,,30.0
B093SCKCDW,,,,,170.0
B093SK8DMR,,,23.0,,
B093SP1NYK,,,,,26.0
B093SV8ZVK,,,,,64.0
B093SYXDP1,,,,,53.0
B093T3W2X6,,,,,22.0
B093T41CB2,,,,,43.0
B093THCFFR,,,,52.0,52.0
B093V8MHB5,,,,79.0,
B093VXTS91,,,,827.0,827.0
B093VZ58FR,199.0,,,,199.0
B093WCMX68,447.0,,,,
B093WDX2SK,,,,,29.0
B093WGBR3N,,,,,447.0
B093WH1KNT,,,,,76.0
B093WJSQD1,2.0,,,,
B093WR66RH,,,,,37.0
B093WS4RRG,,,,,18.0
B093WTGTW9,,,,,248.0
B093WWSC16,196.0,,,,196.0
B093WZXNJ4,,128.0,,,128.0
B093X2Z9CX,,,,,95.0
B093XKZS14,,,,,70.0
B093XQ1J9B,,,,,116.0
B093XQDKRL,,,154.0,154.0,154.0
B093XWT378,,,,80.0,80.0
B093Y82YHL,,,,,151.0
B093YSCN1S,,,,97.0,
B093Z1C1CQ,1088.0,1088.0,1088.0,1088.0,1088.0
B093Z6M1XT,,,,41.0,41.0
B09414K8CZ,,,,34.0,34.0
B0943MJWYG,,,199.0,199.0,199.0
B0943XKLTD,,,,42.0,
B094441YS7,,,,,65.0
B0946PLQJM,,,,,34.0
B0946RB8WL,,,,4.0,
B0946TDWFS,,,78.0,78.0,78.0
B0946TTWWF,,,,,219.0
B0946ZWZX9,,56.0,,56.0,56.0
B0947JNX3N,,,,29.0,
B0948QXVJ1,,,,,186.0
B0948T7TQ4,,32.0,,,
B0948T7ZX6,,,,,185.0
B0948W8VXF,,28.0,,28.0,
B0948X3DSW,,,,,22.0
B09492CRNP,,,,2355.0,2355.0
B094931J7V,,2354.0,,,
B0949JF7RQ,400.0,,400.0,,
B0949K69F8,,,,400.0,400.0
B0949LK61C,,,261.0,,
B0949MPKMH,,,,,261.0
B094C69H4T,,,,,328.0
B094C6YF9W,,,,682.0,682.0
B094C6ZH7T,15.0,,,,
B094C9RL6K,,,,156.0,
B094CGXBJM,,,,,3.0
B094CKZ26H,,,,,12.0
B094CMQJ17,,,,,1352.0
B094CPX7FC,,14370.0,,,14370.0
B094CQ1JDN,14370.0,,14370.0,14370.0,14370.0
B094CQ38K2,,,,14370.0,
B094CQ46X1,,14370.0,,14370.0,14370.0
B094CQ7QVL,,,,,14370.0
B094CQBKHK,,,,,103.0
B094CQDD8R,,,14370.0,14370.0,14370.0
B094CQPRW7,,,,,14370.0
B094CRHYV3,,,14370.0,14370.0,14370.0
B094CRR65S,52.0,,,,
B094CS58GG,,,400.0,,400.0
B094CTHX62,,,,,991.0
B094CTNCLQ,,,,14370.0,
B094D41R65,,,,,1675.0
B094DJ6K3T,,,,13.0,13.0
B094DN96T5,43.0,,,,43.0
B094DSD9DY,,,,,20.0
B094DWVHYF,,,,25.0,
B094FKSKN6,,,,,866.0
B094FM7CSS,,,,,93.0
B094FMYL3F,,,,,866.0
B094FP2598,,,,,17.0
B094FS1NYW,,,,,6.0
B094FVP78C,,,,,32.0
B094FY5C5J,,721.0,721.0,721.0,721.0
B094G599G3,,,509.0,,509.0
B094GFT8RJ,,,,,38.0
B094GH6VLV,,,,,94.0
B094GJ6Y2N,,,,,174.0
B094GRRY9B,48.0,48.0,,,
B094GY4VCX,,,,,30.0
B094GZQYG7,,,,30.0,30.0
B094HNJTK9,,,,289.0,289.0
B094HNTSQT,,373.0,373.0,373.0,373.0
B094HPXJXT,,54.0,,,54.0
B094HX6DTL,,,,,35.0
B094J59Z2M,,,,,845.0
B094J6FW81,,,,,15.0
B094J8BS4M,,,,,131.0
B094JBN2W8,14370.0,,,,14370.0
B094JBW8R4,,,,,10.0
B094JF2FDD,,,,,105.0
B094JG5N96,,,,,566.0
B094JHYKFZ,,,,,11137.0
B094JJ435W,,,,,187.0
B094JS3L5Q,,,,,15.0
B094LBBF2D,148.0,,,148.0,
B094MGX7G1,,,47.0,,
B094MJ63N4,340.0,340.0,,340.0,
B094MLBF31,,,,,57.0
B094MWFB3T,,,,,8171.0
B094MXFFNH,,,,8.0,8.0
B094MZH25S,,,118.0,,118.0
B094N16W9S,,,31.0,,
B094N2C4HB,,,,,60.0
B094N34YCR,,,,,1.0
B094N55KSP,,,,,9.0
B094N5WJ3N,119.0,,,,119.0
B094N8K57H,137.0,,,,137.0
B094N8YQ1V,,,138.0,138.0,138.0
B094N9WNBD,,,,,17.0
B094NB9QVN,,,,,65.0
B094NBRSP8,,,,116.0,116.0
B094NH7FLX,,,,,22.0
B094NHQ9ZW,,,,,42.0
B094NJ3C17,,,,,49.0
B094NRWFMM,,,,,36.0
B094NVGM4Z,,,,,12.0
B094NZT7QC,,,,,14.0
B094PTYRXK,,,,,11.0
B094QLKG5T,,,,,4.0
B094QSW83H,,,,,181.0
B094R17JQ8,16.0,,,,
B094R7S578,22.0,,,,
B094S74WX9,,,,,251.0
B094SLNNGD,,,,251.0,251.0
B094SMNMRR,,,,,32.0
B094TZH142,,,,,41.0
B094V31D3W,,,,106.0,106.0
B094V5DBFF,,,,,5.0
B094V6L8VD,,,,,11.0
B094V891M7,,50.0,,,50.0
B094VL791J,,,,48.0,48.0
B094VPPW9Z,,,,,295.0
B094VQ3T3J,90.0,,,90.0,90.0
B094VSP5M8,,,,8.0,
B094VV2VQ9,,,,,2089.0
B094W27D42,,,,41.0,41.0
B094W4KLK9,,,91.0,,91.0
B094WBDBRZ,,,,,42.0
B094WXC643,,,,,442.0
B094X16NN6,,,,26.0,26.0
B094XMBXSK,,,,,260.0
B094XXZWYN,,,,,66.0
B094Y3MJNR,,,,,823.0
B094Y734X1,,,,,439.0
B094ZDF14J,,,,,47.0
B094ZDLWF3,,,,,3.0
B0951Z7YMR,40.0,,,,
B09521FR7V,,,,,5.0
B0952L41PQ,,,,,464.0
B0952PG372,,,,32.0,
B0952VHNPQ,,,,11.0,
B0953811KC,,,,239.0,239.0
B0953C343C,,,,4.0,
B0953CV91T,,,,194.0,194.0
B0953JN4BB,,,,,321.0
B0953KLRBP,,,,46.0,46.0
B0953M4VNG,246.0,,,,
B0953MVBG4,682.0,,682.0,682.0,682.0
B0953Q48H9,,,,,27.0
B0956T338Z,2.0,,,,
B09572YH2C,,,,45.0,45.0
B09575XD73,,,,,320.0
B09577WQLY,,,,,122.0
B09579BZM3,,,,,1.0
B0957D5ST6,,,,,15.0
B0957KQ8Y5,,,,,2.0
B0957L72KC,7.0,,,,
B0957MCK3X,,,,,3.0
B0957RFF9L,,,,450.0,450.0
B0957XHM92,,,53.0,,
B09582CYJH,,,,,26.0
B09585FW2L,,,,,82.0
B095BCGWSH,123.0,,,,123.0
B095BNRSG5,,,,,21.0
B095BRHR25,,,,,35.0
B095BSQZLD,,,,274.0,
B095BVLTK1,,,,,260.0
B095C2XMHM,,,,,51.0
B095C43F8N,,,,,28.0
B095C8SLB2,,,,,296.0
B095CG3TX3,,,,,43.0
B095CJKYX8,,,,,12.0
B095CL2X93,,,,,81.0
B095CMBS98,,,,,12.0
B095CMVX1M,,,,49.0,
B095CNS114,,,,,20.0
B095CP77GP,,,,,128.0
B095FWY8FN,,,,,6.0
B095GR9N4V,,,,,56.0
B095GS7TSG,,,,,23.0
B095GYBDTF,235.0,,235.0,,235.0
B095H3R296,,,,,381.0
B095H6CJR5,,,,,381.0
B095H6YGJ5,,,,,381.0
B095HLTN9J,,,,57.0,57.0
B095HM15TC,,,,,54.0
B095HMD7ZX,,54.0,,,
B095HMWPKN,,,,,23.0
B095HNJK5T,,,,82.0,
B095HPRT51,,,,,17.0
B095HRBLFM,,,,,88.0
B095HRJSVR,45.0,,45.0,,
B095JHF8VQ,,,,,3.0
B095JJ9263,,,90.0,,90.0
B095JZHQT9,,,,21.0,21.0
B095K1XM7Q,9.0,,,,
B095K3QG9S,,,,,65.0
B095K4QTX5,,,,,125.0
B095K5FQLG,,,,,236.0
B095K5L6VY,197.0,,,,197.0
B095K6MLFL,,2.0,2.0,,
B095K763DN,,,,,158.0
B095K88VF2,,,,,50.0
B095KD5TN9,,,,,405.0
B095KH9KYD,,58.0,,58.0,58.0
B095KL2MWW,24.0,,,,24.0
B095KWB487,,,,240.0,240.0
B095LFNNZ1,475.0,,475.0,475.0,475.0
B095LQW7KB,,,,,637.0
B095M6TGF1,3.0,,,,
B095N3TY55,,,,,201.0
B095NLFHVV,,,,,94.0
B095NNDXC4,,,,53.0,53.0
B095NNYRGD,,,,,44.0
B095NWJ68M,,,,,172.0
B095NX3ZHJ,,,,,171.0
B095NY9XCX,,,,,171.0
B095P2P2CP,,,,5.0,
B095P2RPCR,,,,,183.0
B095P9V42L,,247.0,,,247.0
B095PKZ1VK,,,,,19.0
B095PTQ4Q8,,,,,799.0
B095RL36N6,,88.0,,,
B095RT17HK,,,,,32.0
B095RYPVNF,,,,,30.0
B095SCDKMS,,,,,71.0
B095SCXR7Z,,,,23.0,
B095SDVJ4D,,,,33.0,33.0
B095SH372V,,,,,1.0
B095SH88SL,,71.0,,,
B095SMDRDB,,,,80.0,
B095SQY3D1,,,,,208.0
B095SR7QZ5,,,,,46.0
B095SZ6PVK,,,,54.0,54.0
B095VDR9LY,,,,122.0,
B095VSCVQ1,671.0,,,671.0,671.0
B095WGN81S,12.0,,,,
B095WJSRVS,,,,,89.0
B095WKNRNZ,4211.0,4211.0,4211.0,4211.0,4211.0
B095WKWFYP,1062.0,,,1062.0,1062.0
B095WKWVCZ,,,,,407.0
B095WTRWB9,,,65.0,,65.0
B095WVPFFX,,,,64.0,
B095WW2FVV,,,,,64.0
B095WWMDVZ,,,,,97.0
B095WX2W5Z,,,,,18.0
B095X2F6BG,,,,270.0,270.0
B095X2HCGM,,,,,123.0
B095X37S6M,,,,,141.0
B095XCFSHF,,,,,23.0
B095XJQQ9H,455.0,,455.0,455.0,455.0
B095XYWMM2,,,,,64.0
B095Y11W5P,,,,106.0,
B095Y61Y7R,67.0,,,,
B095Y9XGWW,,,,58.0,
B095YJLRHG,,,,,65.0
B095YMTFV2,,,,,27.0
B0962K694N,,,,,78.0
B0962S9ZYX,,,,,961.0
B09637L3DC,,,,,682.0
B0963JZYY7,,,,,33.0
B0963TTQD8,,,,,8.0
B0963VKHCC,,,,,37.0
B09651WDWW,,,,,2.0
B09657MLK6,,,4.0,,
B09658NRP3,,,,,15.0
B09659L4TF,1.0,,,,
B0965CXPSX,4.0,,,,
B0965HFD4J,,452.0,,,
B0965JD66M,,,,,452.0
B0965JGD8N,,,,,452.0
B09664CJX2,,,,,460.0
B0966YL3Z8,6142.0,6142.0,6142.0,6142.0,6142.0
B0967K4K2X,,,,,59.0
B0967M7ZPP,,256.0,,,
B0967RL5TH,,,,,178.0
B0967RTYR9,,,,,17.0
B0967T5RG3,,,,,47.0
B096814RSR,,,,,1.0
B09683PG6M,69.0,,,,
B0968968SL,,,,,67.0
B0968B7WPV,67.0,,,,
B0968BTJKS,,,,,23.0
B0968KS4YF,,25.0,,,
B0968L67M6,,,,,25.0
B0968XZ5BN,,,,56.0,
B09696SVL9,,,,,3.0
B09697FLC7,,,,,8.0
B09699B5WW,,,,13055.0,13055.0
B09699QGSF,,13055.0,,13055.0,13055.0
B0969FX2Z5,,,,,156.0
B0969GF5WG,,,,,156.0
B0969GTNGS,156.0,,156.0,,156.0
B0969JGXB4,,,,,195.0
B0969LPRZV,74.0,,,,74.0
B0969PZ8T1,,,,,90.0
B0969QVH59,,,,,7.0
B0969R179L,,,260.0,260.0,260.0
B0969S5PVV,,,,,14.0
B096B3Q8FF,,,,526.0,526.0
B096B3SQJR,526.0,526.0,526.0,,526.0
B096BPY36L,,,,,1.0
B096DGD67T,,,,,38.0
B096DGSLKB,,,,,37.0
B096DKNTBD,,,,,3.0
B096DMPKKW,98.0,,98.0,98.0,98.0
B096DNCNTJ,,,,,142.0
B096DNJGDH,,,330.0,,330.0
B096DP4C2H,,,,,35.0
B096DVHDRM,,,,,25.0
B096FFNKXM,,,438.0,,
B096FM365L,,,,,12.0
B096FSR2VZ,16.0,,,,16.0
B096FXB5PB,,,14.0,,
B096G3D1R8,,68.0,68.0,,68.0
B096GBCPYL,,,,,18.0
B096JJZBKR,,,,,10.0
B096JR3X4H,,,195.0,,
B096K1DQ35,,,107.0,,107.0
B096K46GTG,,,,,14.0
B096K4CQ76,,,27.0,,27.0
B096K6YWCB,742.0,,,742.0,742.0
B096KBYDG3,,,,,7.0
B096KCRSVN,,,,,68.0
B096KLPJBQ,33.0,,,,33.0
B096KSSNZT,,,,,13.0
B096KWKY6Y,,,,,19.0
B096L7MVWR,,,,64.0,64.0
B096LJMLMM,21.0,21.0,21.0,21.0,21.0
B096LNCZNQ,668.0,,,,668.0
B096LQRJY1,84.0,,,,
B096LRJ6TS,,,,11.0,
B096LSJ3VZ,,,,840.0,840.0
B096LTGH5Y,839.0,839.0,,839.0,839.0
B096LTQNR5,,,837.0,837.0,837.0
B096LZLDT1,,,,,80.0
B096M53MHC,,,,,15.0
B096M6G815,,,,,83.0
B096M6KX86,,,,,83.0
B096M8WNL2,,,,,338.0
B096MC6GC8,,,16.0,,
B096MFW9MG,,,,,47.0
B096MP5MNC,30.0,,,,
B096N2YGR6,,,,,25.0
B096N6LHPL,,,,29.0,29.0
B096NCCD8G,49.0,,,,
B096NNR2QD,,,10.0,,
B096QM4VQP,,,,,72.0
B096RG18Q6,,,,,166.0
B096RK8H28,,,,511.0,
B096RKRW58,,,,,82.0
B096RMQTQ8,,,,,6.0
B096RQ1CXL,,,,,4209.0
B096RR6JHN,,,,,4209.0
B096RRBPY3,,,,,100.0
B096RRLFCS,,,4209.0,4209.0,4209.0
B096RZT3F7,,,,59.0,
B096S3WQNW,1.0,,,,
B096S4BQ7V,12.0,,,,
B096S8S6KX,,,,,240.0
B096SKH446,,,,30.0,30.0
B096SN5YXX,,,,,208.0
B096T94S5Q,,,239.0,,239.0
B096TBQPZD,,,,,65.0
B096TP3873,2.0,,,,2.0
B096TSGT9L,,,,,1898.0
B096TSL12D,,,23.0,,
B096TT8Z4P,,,,,23.0
B096TVC95N,,,,,94.0
B096TVPMZZ,,,,,9.0
B096V2MXS8,127.0,,,,
B096V61RK1,,,,,15.0
B096VJSFXC,,,22.0,,22.0
B096VLXBRT,,,,,13.0
B096VNBXB9,719.0,,,719.0,719.0
B096VS6XWZ,,,,,208.0
B096VTR416,,,,,208.0
B096W8PDZQ,,,,,18.0
B096WV67N6,773.0,773.0,773.0,773.0,773.0
B096X5TBQR,,,,34.0,
B096XXTC2D,,,16.0,,
B096Y18LPZ,,,,47.0,
B096Y29NYD,,,,,47.0
B096Y2XB2H,,,,,47.0
B096Y39QX3,,,,,47.0
B096YB1DPD,99.0,,,,99.0
B096Z24TH7,281.0,,281.0,,281.0
B096Z61VG3,,,,,3.0
B096ZDFY8W,,31.0,,,
B096ZKVY2C,95.0,,,,
B096ZMGZ73,,,,,34.0
B096ZNPJ7Y,,,,,42.0
B096ZPDCDY,,,,,78.0
B096ZWTKY5,,,,,19.0
B0971487HY,,,,,17.0
B09719NTTH,,,,,98.0
B0971BCLFD,,,,,243.0
B0971R2DQ2,,11.0,,,
B09721C9FX,,,,,108.0
B09722CHBD,,,,,678.0
B09722FQFZ,,,,678.0,678.0
B09722LX42,,,,,678.0
B097234TN5,,,,,39.0
B09723J1QY,,157.0,157.0,157.0,157.0
B09726FL5W,,,,,108.0
B09726XYTG,,,506.0,506.0,506.0
B097294NWG,2.0,,,,
B0972MLDXZ,,,,,2.0
B0972PGY32,,,,,76.0
B0972Y261M,,,,,699.0
B0973Z9C3D,,,,,67.0
B0974L61N3,,,,112.0,112.0
B0974LP2X8,,,,119.0,119.0
B0974MQK8F,,,9.0,,
B0976BLXDR,,,,,60.0
B0976SNTLD,,,,206.0,206.0
B0977G3MFN,,,,201.0,201.0
B0977MGCCJ,381.0,,,381.0,381.0
B0977N6RR6,,,,,66.0
B09786R8RP,,,,3288.0,
B09787ZM9Z,,,,103.0,103.0
B0978L3V2K,,,,,1.0
B0978LLZCB,,,,,161.0
B0978N4TX6,,,,,161.0
B0978N53T2,,,,,22.0
B0978NSMDZ,161.0,,,,161.0
B0978P3WT9,,,,161.0,161.0
B0978PL59X,,3879.0,,,3879.0
B0978PP68W,2176.0,2176.0,,2176.0,2176.0
B0978PSR1Y,,,,30.0,
B0978PXTM2,,,,,183.0
B0978PYC9R,,,,,2176.0
B0978Q15BL,,,881.0,881.0,881.0
B0978QQ7P4,,,2176.0,,2176.0
B0978QWSFS,,,,2176.0,2176.0
B0978R44R3,2176.0,,,,2176.0
B0978R4HFS,,,,,183.0
B0978RT239,,,,,2176.0
B0978T6WY4,,,,881.0,881.0
B0978W83RM,,170.0,,170.0,
B0978XGC7P,,,,,1.0
B0978XPRKF,,,,5.0,
B09792LG7Q,221.0,,,,221.0
B0979HVKB5,,,,,22.0
B0979W96WZ,,,,,2418.0
B0979ZRL2Z,,,,,11.0
B097B38CJY,,,,,155.0
B097B4CZD2,28.0,,,,28.0
B097B8FHNX,,,,,1100.0
B097B9NMCT,,,,,2077.0
B097B9SZD6,15.0,,,,
B097BGCTX6,423.0,,,423.0,423.0
B097BHQ5Q2,,,,,423.0
B097BNWH4J,,,,,89.0
B097BQRD1N,90.0,90.0,,90.0,90.0
B097BWZ9RS,,,,,15.0
B097BXD2DC,,,,,59.0
B097BZ82M2,,,,,9.0
B097CGYL8T,,101.0,101.0,101.0,101.0
B097CMJRXX,,,,,2435.0
B097CN9L3V,,,,,2435.0
B097CP3Q8B,2435.0,,,,
B097D1PZJF,,,9.0,9.0,
B097D1VTVY,,,,,24.0
B097D4QLNB,,,,,22.0
B097DCTQQ5,,,,,13.0
B097DHMGKM,27.0,,,,
B097DK6MP4,,543.0,,543.0,543.0
B097DRY6CV,,,,,3.0
B097DSSGDS,,10.0,,,10.0
B097DT25Z8,,,,,26.0
B097DYHX41,25.0,,,,25.0
B097F1XM97,,,,,2.0
B097F51365,,,,,47.0
B097FHC7X1,,,,,5.0
B097GNG832,,,,,99.0
B097GW2DD6,,,,,18.0
B097GYD7TM,,9.0,9.0,,
B097GYN44F,,,,,65.0
B097H44S2K,136.0,,,,
B097H8378R,,,,5259.0,5259.0
B097H876GM,124.0,,,,
B097H8QM41,,,,,124.0
B097HVJZT9,,133.0,,133.0,133.0
B097J4SDJJ,2.0,,,,
B097JB1SMY,,,,,57.0
B097JHCX4G,,,,,455.0
B097JHKDL2,,,455.0,455.0,455.0
B097JMQ1KK,,,,,8.0
B097JNL6CX,,,,,869.0
B097JZP3B7,,,,,66.0
B097M4GNKP,,,,,1.0
B097M8H64R,,,,,7.0
B097MFCM1S,,,,,108.0
B097MH39CR,,1141.0,,1141.0,1141.0
B097MHTRK3,,,,,17.0
B097MJG1TG,,,,1298.0,1298.0
B097MJW6PT,,,,,540.0
B097NWQ5ZL,,,,,71.0
B097NXXVMT,,154.0,154.0,154.0,154.0
B097NY4QKP,,,,745.0,745.0
B097NZKFJ2,673.0,673.0,673.0,673.0,673.0
B097P17BRY,,253.0,253.0,,253.0
B097P5B3GJ,,,,,142.0
B097P86KH3,,,,,30.0
B097PCJB2X,,,,,320.0
B097PDL3KC,323.0,,,,
B097PGQRQ5,,,,118.0,118.0
B097PLFCR7,,,,7.0,7.0
B097PR6D3M,,,,,10.0
B097PV8F82,,,,,15.0
B097Q7K22B,,,697.0,,697.0
B097QQ7FQ7,,,,,10.0
B097QQRNJX,,,,,37.0
B097QT74RB,180.0,,,,180.0
B097QTMXMP,,,141.0,,
B097QWFSQJ,70.0,,,,
B097QYMQQL,,123.0,,,
B097QYS7HJ,,30.0,,,
B097QZBJMC,,,,,43.0
B097R3LCJK,,,,,53.0
B097R9ZSHR,,,697.0,,697.0
B097RB9WWQ,479.0,,,,
B097RC7R65,,125.0,,,
B097RCZX4Z,,,297.0,297.0,
B097RDGQ4M,879.0,,,,
B097RDN9XD,,,,,879.0
B097RF2P19,,,,,879.0
B097RF3SDR,,,,,879.0
B097RF6STR,,,,,879.0
B097RFC2KF,,,,,879.0
B097RFH5KR,,,,,879.0
B097RFH7NT,,,,,879.0
B097RG96Z7,,879.0,,,879.0
B097S3H92B,69.0,,69.0,69.0,
B097S59CYR,,,73.0,73.0,73.0
B097SGHM6P,,,,3.0,
B097SNYKNY,,,,,1981.0
B097SX6L3G,4.0,,,,
B097SZG9JK,,,,150.0,150.0
B097T3L75C,,152.0,,,152.0
B097TBVPPB,,,,,42.0
B097TFBYMR,,,,,4.0
B097TFZXVK,,8.0,,,
B097TTN7JF,,,,,7.0
B097XBW8W4,,1723.0,,1723.0,1723.0
B097XG52GW,,,1702.0,,1702.0
B097XL95L9,,,,,1729.0
B097XLYCYD,,,,,1717.0
B097XN6MP7,1790.0,,,,1790.0
B097XQPC1V,,,,,846.0
B097XR5MW9,,,,43284.0,43284.0
B097XRS9JJ,,,,1722.0,1722.0
B097XV6S1S,,,,8745.0,8745.0
B097XV72LY,,,,8745.0,8745.0
B097XWP8JN,,,,,8745.0
B097XYDMD8,,,42.0,,42.0
B097XZGDYY,,,,,8.0
B097XZZML3,,,,2.0,
B097Y1M6ZT,,,,,511.0
B097Y2R95N,,,,,1.0
B097Y83FHS,,,1002.0,,1002.0
B097Y8QTHH,,,,,74.0
B097Y9334N,,,,,31.0
B097Y9MRPB,,,,,2.0
B097YGZH7G,,,,,274.0
B097ZJYHS6,,,,,1503.0
B097ZP8L8B,22.0,,,,
B097ZSRG3B,,,,,30.0
B098153DS5,,,,,3.0
B09818F214,,,,,48.0
B0981V2JF7,,1503.0,1503.0,1503.0,1503.0
B0981V4R1B,,,1503.0,,1503.0
B0981VVJ2T,,,,1503.0,1503.0
B0981W6RR1,,,,16.0,
B0981WTKZ2,,,,,1503.0
B0981XJHYD,,,,,38.0
B0981XMCLK,,,,,37.0
B0982563HT,,,,560.0,
B0982R26YP,,,,199.0,
B0982RZRD3,,,,,199.0
B0982SZPZP,6.0,,,,
B0982X16BG,177.0,,,,177.0
B09834PXLC,,,,1388.0,1388.0
B09836DCZG,,,1388.0,,1388.0
B09837555P,,,,154.0,
B09837T7HM,,,1377.0,,
B0983MLK8F,,,,,62.0
B0983PPCWW,,8.0,,,
B098423S8S,,25.0,,,
B0984HG9XR,,,,,41.0
B0984P6HCQ,,33.0,,,
B0984YN3Y2,,,,86.0,86.0
B09855LPLZ,,,,20.0,
B0986JF8PZ,,,,,25.0
B0986K8ZLG,1374.0,,1374.0,1374.0,1374.0
B0986MFJWG,,,,,21.0
B0986N3XDX,,,,,124.0
B0986VLRL6,,,85.0,,85.0
B0986VTJYN,,,,,63.0
B0986YBPFW,,,,,10.0
B098731YVB,,,,,2421.0
B098743DP3,,,,,21.0
B09874J7RS,,,,4.0,
B09876ZS9Q,,,,,958.0
B098774RW7,,,,,26.0
B09877S7FB,,,,,4746.0
B098797Z1N,,,958.0,,958.0
B09879SQTD,,,,,196.0
B0987B2YXP,,,,958.0,958.0
B0987B8TT9,,,,,407.0
B0987B8W4W,,,,,958.0
B0987BGL4M,,,,2.0,
B0987CCMNS,,,,,562.0
B0987D9KGC,,,,68.0,68.0
B0987J868G,,,,,95.0
B0987MBQBH,,,28.0,,
B0987MXHJC,,,,191.0,191.0
B0987PLZ5H,,,,,1952.0
B0987PMMRM,,,,,1952.0
B0987PPXMR,1952.0,,,1952.0,1952.0
B0987QNRYX,,,,,1952.0
B0987QQB5P,,,,,1952.0
B0987RQ893,,,1952.0,1952.0,1952.0
B0987WCKH2,,,,179.0,179.0
B0988RH66Y,,,,,12163.0
B0988TSMF3,,,,,1667.0
B0988V31PD,,19.0,19.0,,
B0988X352J,,,,1667.0,1667.0
B0988YHR4P,,,88.0,,88.0
B0989378VZ,,,,1667.0,1667.0
B09893QW7F,,492.0,,,492.0
B09895R3KX,,,,12163.0,
B09896GWJ1,,1667.0,1667.0,,1667.0
B09898DS58,12163.0,,,,
B09899K894,,,,,12163.0
B0989C824X,,,,,12163.0
B0989FQ1K4,,,,364.0,
B0989FVH7K,,,,12163.0,12163.0
B0989GMVVL,,,,,364.0
B0989JFY2C,,,,234.0,234.0
B0989KYL86,,,,364.0,
B0989MZ53S,,,,,651.0
B0989N7ZGB,,,,,651.0
B0989N9DMD,,,,651.0,651.0
B0989PCWDB,651.0,,,,
B0989QHJ52,,,23.0,,
B0989RQ7P3,,,,,106.0
B098BCT27F,,,,,63.0
B098BDPLP4,,,,,14.0
B098D79YNW,,,,,14.0
B098D9Y4Q3,,,,,11.0
B098DQCH7Z,,,,,6.0
B098DRRRLN,,,,,38.0
B098DRTDPD,4696.0,,4696.0,,4696.0
B098DS1B1V,,,,,4696.0
B098DS2YZ9,,,,4696.0,
B098DSKJNV,4696.0,4696.0,4696.0,4696.0,4696.0
B098DTJ356,,,,,449.0
B098DV6WYH,,,,,449.0
B098DVQ9GM,,,,449.0,
B098DWBRT5,,,,449.0,
B098DYQWX8,5.0,,,,
B098F128PB,,,,122.0,122.0
B098F3BVRQ,,,,,149.0
B098F48VST,,,,298.0,298.0
B098F4R4ML,,,,17.0,
B098FGLP5L,,,,,40.0
B098FGYJLP,,,,,50.0
B098FWWHX3,,,,50.0,50.0
B098HX8RRF,,,,320.0,320.0
B098HZB9KB,,,,,320.0
B098J36W51,,,,,320.0
B098J37S8G,83.0,,,,
B098JN26DM,,,,320.0,320.0
B098JQNXSP,,,,,584.0
B098KNPZQ4,522.0,,,,522.0
B098KVWLR4,1823.0,,,1823.0,1823.0
B098KWL6Z3,,,,190.0,190.0
B098KX6BZ3,,,,,16.0
B098L48M7V,,,,,35.0
B098L4J3FX,,,,,46.0
B098LDGX5M,,,52.0,,
B098LDL8PL,,818.0,,,818.0
B098LXGNVH,1233.0,,1233.0,1233.0,1233.0
B098MJ5DCL,83.0,,,,83.0
B098N89CCT,3.0,,,,
B098NBPDXM,,,,23.0,23.0
B098NBT5SZ,,,,,73.0
B098NCGMR7,,,,,22.0
B098ND5C55,,,,,17.0
B098NJYFR1,116.0,,,,
B098NL5NJ3,735.0,735.0,735.0,735.0,735.0
B098NLLBMW,,,,,116.0
B098NLSJ11,,1702.0,1702.0,,1702.0
B098NMCB4J,,,,,1717.0
B098NMDPTK,,,,,110.0
B098NWH1WR,,,,,413.0
B098NWMB99,,,,,20.0
B098NXZJD9,,,,,413.0
B098PQS92D,,,,,56.0
B098PWCZWJ,,,,,78.0
B098PXJNXC,,,,,60.0
B098PY4S2W,,,,,41.0
B098PY6HZ8,,,,,46.0
B098PYKKSH,,,,,78.0
B098PYWTM2,,,,,5.0
B098PYYCKL,,,,,117.0
B098Q1HLLL,,,,,32.0
B098QD5QLH,,,,22.0,
B098QDL4JL,,,,966.0,966.0
B098QG7DYG,,,2.0,,
B098QG9VCB,,188.0,188.0,,188.0
B098QH3DGX,,,,,1727.0
B098QKPVBV,,,44.0,,
B098QY6KZR,,,,,159.0
B098R3HM8T,,,,674.0,
B098R3X78K,989.0,989.0,989.0,989.0,989.0
B098RYZCKL,,,,,7.0
B098S7S6KY,,,,12.0,
B098SGDCJ7,,,,,175.0
B098SGGMXQ,,4.0,,,
B098SHG1HF,,,,,99.0
B098SLMDXK,,,,,75.0
B098SWG7HG,,,,,6.0
B098T3ZTF2,1981.0,,,,
B098T4HJBJ,,,,,64.0
B098T51V3Y,,,,,97.0
B098T5WVLW,,,,,4.0
B098T77G5F,,106.0,,,106.0
B098TCXQXX,504.0,,,,
B098V1QX28,,,7.0,,
B098VCS4QH,,,,,6.0
B098VS4JH1,,,,,6.0
B098W3JZN3,,,,,155.0
B098W6KWC7,,,,,504.0
B098WF6DYQ,,106.0,,,
B098WRWKJN,,,,,23.0
B098X1QM27,,,,106.0,
B098X82VSL,,,,,5187.0
B098X94TBV,,,11.0,,
B098X94VXT,,5187.0,,5187.0,5187.0
B098X9TW3B,5187.0,,,,5187.0
B098XCFJR3,,,,,16.0
B098XCR2B6,,,14.0,,
B098XD79KF,,,,,94.0
B098XG463R,,,,,56.0
B098XGT5X5,,,,,45.0
B098XJB5KC,,,,,33.0
B098XKZVGV,,,41.0,,
B098XLF62M,,,,,674.0
B098XM15MX,,,674.0,,674.0
B098XMTL6J,,,,,674.0
B098XPYPHN,287.0,,,,
B098XTSS11,,,,,50.0
B098ZHD5VH,,,,,140.0
B0991GR478,2990.0,,,2990.0,
B0991NFK52,,,,,49.0
B0991P4V66,,,,,12.0
B0991PR2VQ,,,,,19.0
B0991Q54YH,,,2990.0,,2990.0
B0991SYF3B,,,,,3.0
B0991XW2W2,,,,840.0,840.0
B0991YMLDC,,,,979.0,979.0
B0991YPT23,,,,,133.0
B0991ZBN74,,,838.0,838.0,838.0
B0991ZXJMS,,,,,7.0
B099224V4Z,,,,,45.0
B09922HK3V,,,,,45.0
B099255BXG,,,,,75.0
B09926M552,275.0,275.0,275.0,275.0,275.0
B09926XTS5,,,,,961.0
B099277BV1,,,961.0,,961.0
B0992B9N14,,,,,106.0
B0992GFBHS,,80.0,,,
B09933S1FS,,254.0,,,254.0
B0993FWCG7,,,106.0,,
B0993HZDPN,,,,,91.0
B0994BPKVX,,,,102.0,
B0994F8C2X,,,,,7.0
B09955D91N,,,,,4.0
B0995BCMTH,,,,,43.0
B0995D2Q3X,,353.0,353.0,353.0,353.0
B0995DLZXX,,,,,353.0
B0995H6T43,,,,,1.0
B0995JLPKC,,,,,21.0
B0995K6Y7W,,,,,95.0
B0995L22JJ,681.0,,681.0,681.0,681.0
B0995LBGP6,,,,8.0,
B0995M5YT5,,,,,87.0
B0995M6Q9L,,,,681.0,
B0995NM413,,,,43284.0,43284.0
B0995P7X3Q,,,,,72.0
B0995SHB4Y,,357.0,,,357.0
B0995W5PJ8,,,,149.0,
B09983SHSS,,,,,175.0
B09984XB1J,,,106.0,,
B099897LD5,,,645.0,,645.0
B09989W5QR,,,,,174.0
B09989Y38M,,,172.0,,
B0998DN6QZ,,,,,17.0
B0998YJP14,,,,,69.0
B0998ZCRH3,,,27.0,,
B099995TBF,,,636.0,,
B0999BX2H7,,,,,196.0
B0999C5QV5,,,,,34.0
B0999CVKTR,,80.0,,,80.0
B0999D1XBT,,,,,4209.0
B0999LMV44,,,31.0,,
B099D9QTPV,822.0,822.0,822.0,822.0,822.0
B099DBXKM8,,199.0,,,199.0
B099DDKFVH,,,,,78.0
B099DT964R,,,,,2.0
B099DXSTLJ,,,17.0,,
B099DZN8QK,,117.0,,117.0,117.0
B099F1DKXY,129.0,,129.0,,129.0
B099F5SXSW,807.0,,,,807.0
B099F7KWG8,,,,4.0,4.0
B099FDSKFN,,,,,7.0
B099FJ65YH,25.0,,,,
B099HSL6MQ,154.0,,154.0,154.0,154.0
B099J6V7JH,,,238.0,238.0,238.0
B099J9CKJN,290.0,,,290.0,290.0
B099K29FL2,,,,,26.0
B099KBW1BF,,,,,16.0
B099KCRZVM,,,,565.0,565.0
B099KFYBLW,,,,565.0,565.0
B099KG2GSM,,,,,2.0
B099M7CF24,,,,,51.0
B099MN4TR3,,,,,24.0
B099MQLFX1,,,,,4.0
B099MSMGQK,,,,,12.0
B099MSPZNK,,,,,11.0
B099MTBWY8,,,,,14.0
B099MXV3WM,77.0,,,,77.0
B099MY27HJ,,,,,10.0
B099N1PMG8,,,,,38.0
B099N2BP7P,7.0,,,,
B099N5D2YH,,,,,455.0
B099N5JN8Z,,,,,116.0
B099N7V7XP,,,,,6.0
B099NBDWC7,,333.0,,,333.0
B099ND85SF,,,,,333.0
B099NDPRHQ,,,,,43.0
B099NDXGS2,,,,,21.0
B099NF3SF2,2.0,,,,
B099NFD4HB,,,333.0,,333.0
B099NJB1R1,,,,,46.0
B099NTJ7C5,,530.0,,530.0,530.0
B099NXQ5CS,,,,,18.0
B099P9GWRF,,,,,181.0
B099PCDK3F,,,,,9.0
B099PJPBLK,,,1.0,,
B099QD11BW,,23.0,,,
B099RBHJY4,,,1259.0,1259.0,1259.0
B099RC9HSF,,,,,1259.0
B099RHS5S3,,,,,24.0
B099RLLRN5,,,,,644.0
B099RP49D7,,,,43.0,43.0
B099RQ13SN,,,,,80.0
B099RYGCQZ,,,,,18.0
B099S4T1X7,,,,,1.0
B099W5DSN9,,,,,845.0
B099W674VS,,,,,116.0
B099W6F4RS,,,,845.0,845.0
B099WGPBQJ,,,,17.0,17.0
B099WMPTMQ,,,,339.0,
B099WPTW6W,,,,,61.0
B099WT7PH2,,,8.0,,
B099WXRJ5W,,,42.0,42.0,42.0
B099WY2MRN,,,,,86.0
B099X736GP,,,,,47.0
B099XXY9PV,,,,,37.0
B099YC6QWL,,,,,236.0
B099YXG3ZV,,,,,143.0
B099YYWT9Q,,,,,9.0
B099Z1RRPQ,,,,,371.0
B099Z9913D,357.0,,,357.0,357.0
B099Z9X6BB,,,,,3.0
B099ZF1C7C,58.0,,,,
B099ZL4JJ3,,,,1259.0,1259.0
B099ZLPS5B,28.0,,,,28.0
B099ZMJP96,,,,,27.0
B099ZNGCBN,,445.0,,,
B099ZNKYTX,445.0,,,,
B099ZPDL3G,445.0,,,,445.0
B099ZPW1QT,,,,961.0,961.0
B099ZXWZ4B,,,1.0,,
B09B13MS7H,857.0,,857.0,857.0,857.0
B09B155SQ6,,,,,1.0
B09B16BWHW,,,,,72.0
B09B1L2YKR,,,,,876.0
B09B1NJ5MB,,,,,1.0
B09B1PGB9L,,,,,43.0
B09B1RZY4F,,,,,876.0
B09B1V2WG6,,,9.0,,
B09B1VG9GX,,9.0,,,
B09B1ZLXCQ,,,,,1774.0
B09B1ZSXQM,,,1774.0,,1774.0
B09B21C7KQ,,,,,1774.0
B09B29CCMY,,,,,14.0
B09B2HKGDD,,188.0,,,188.0
B09B2PLPV2,,,,,415.0
B09B2R7B6J,,,415.0,,415.0
B09B33K57Q,,,,,16.0
B09B34R1V6,,,,,93.0
B09B367B2T,,,,,1.0
B09B368M23,,,,43.0,
B09B37BHDW,,,,,25.0
B09B3G125D,136.0,136.0,136.0,,
B09B3JCCT7,,,,,2427.0
B09B3JCXJF,,,3879.0,3879.0,3879.0
B09B3K1K7N,,,,,3879.0
B09B3LRPG6,35.0,,35.0,,
B09B3M2NYR,162.0,,,,162.0
B09B3NY2FN,442.0,,,,442.0
B09B3R8Q9P,,,442.0,442.0,442.0
B09B3SKV11,,,,,66.0
B09B3WF4NR,,,284.0,,
B09B414TFZ,,,,29.0,29.0
B09B42RDJP,,,,,27.0
B09B4B1ZJQ,420.0,,,,420.0
B09B4SPQHG,,,,,41.0
B09B4T4MGX,41.0,,,,
B09B4XW3DT,1823.0,,1823.0,,1823.0
B09B4Z4JGP,,723.0,,,
B09B4Z6CGZ,,,,40.0,40.0
B09B51C8VV,12.0,,,,
B09B551WXP,27.0,,,,
B09B6TRN1N,,,,,6.0
B09B6VM5B4,,,,,349.0
B09B6WQ3W4,,,349.0,,349.0
B09B6XB98P,,,,349.0,349.0
B09B72BHTM,,,,70.0,70.0
B09B72VM5T,,11.0,,,
B09B74H2BW,,,,,31.0
B09B75SQDV,,,,,1202.0
B09B788WMK,,,,,1.0
B09B7G89VC,,,,,1.0
B09B7GZX5V,,,,,35.0
B09B7LRF2R,,,,,1103.0
B09B7MM5V5,78.0,,,,
B09B7SJ1LL,,,,,30.0
B09B8SNL9H,,,,193.0,193.0
B09B9DB8NF,,,,,31.0
B09B9DLD4B,,,,,28.0
B09B9DPMKC,,,,,104.0
B09B9H4DSF,,,1069.0,,
B09B9JYH1W,,,,,104.0
B09B9LPDS8,88.0,,,88.0,
B09B9M4YSM,48.0,,48.0,,
B09B9MXY8W,,,,,24.0
B09B9N721L,,,,,104.0
B09B9PC5KN,,,,,27.0
B09B9RR3C5,,,,45.0,45.0
B09B9SQZLK,,,209.0,209.0,209.0
B09B9TBHYT,,,,,442.0
B09B9VR7X6,,,,,442.0
B09B9X9S9V,,,,,31.0
B09B9XXMT2,,,,30.0,30.0
B09BB8QGM7,,17.0,,,
B09BBBQ5VN,157.0,157.0,,157.0,157.0
B09BBHP6W9,,,,16.0,
B09BBN47DN,,,,11.0,
B09BBPTH79,,,,,30.0
B09BC35SYX,,,,,200.0
B09BC6Z541,,,,,9.0
B09BCJHP3N,,,,,1672.0
B09BCKHVLT,,,88.0,,
B09BCV81YB,,191.0,,191.0,
B09BCW46N9,,,,,38.0
B09BCZD8NQ,,,,,188.0
B09BCZLV13,,,,,575.0
B09BDB25SH,49.0,,49.0,49.0,49.0
B09BDB86MZ,,14.0,,14.0,14.0
B09BDRKS97,,,,,18.0
B09BDY1DM7,102.0,102.0,,,102.0
B09BDZXFNP,,,,,17.0
B09BF26FFC,,,,,330.0
B09BF32MFC,,,,,72.0
B09BF383RC,,,,,307.0
B09BF5XC9G,,,,,50.0
B09BF8TRB1,,,,,5.0
B09BFK1RTD,,,,,8.0
B09BFKFS11,,,,99.0,99.0
B09BFLBX3V,,,,,22.0
B09BFLC9J3,,,,,33.0
B09BFNFQH3,,,,,237.0
B09BFQTWRL,,,,,12.0
B09BFSP46T,,,196.0,196.0,196.0
B09BFTRVQB,237.0,,,,237.0
B09BG4Y6JC,135.0,135.0,,135.0,135.0
B09BG6DTKV,,,,,60.0
B09BG9R7NW,,,28.0,28.0,28.0
B09BHC9389,,,,,170.0
B09BHFVHYB,,,,,1.0
B09BHHR7GB,,,,,23.0
B09BHPWKJB,,,,647.0,647.0
B09BHRPKF7,,,,77.0,
B09BHW144G,,,,,10.0
B09BHWTT88,228.0,228.0,,228.0,
B09BHXHFVS,,28.0,,,
B09BHYL33Z,,,,,42.0
B09BHZ8HNV,,,,130.0,130.0
B09BHZLL5H,,,,24.0,
B09BHZWJ36,,,,60.0,
B09BJ2SFSN,,,,,40.0
B09BJ3KMNP,,,,252.0,252.0
B09BJ8P69M,,,,,166.0
B09BJ9WMP5,,,,,51.0
B09BJHMNGL,,,,,132.0
B09BJHT41C,,,,94.0,94.0
B09BJMCMTN,,,,,59.0
B09BJN4PPL,,,,303.0,
B09BJQCJPG,9.0,,,,9.0
B09BK2PNC7,,,,,24.0
B09BL2HSR3,,,,51.0,51.0
B09BL8F4Z8,,,,,16.0
B09BLDW35D,,,,,4.0
B09BLVC8VR,,,,,89.0
B09BLYQMKV,,,48.0,,
B09BLZXL33,,,,,35.0
B09BM1PZSX,,,,,35.0
B09BM1Q3HV,,,35.0,,
B09BMSNJ55,,,,,77.0
B09BN1G99L,,,,,108.0
B09BNDC8GX,,,,,9015.0
B09BNDPF66,9015.0,,,,9015.0
B09BPZPWR6,,,11.0,,11.0
B09BQ62W4S,,,,,77.0
B09BR1H6K6,,,25.0,25.0,
B09BR1KTCD,28.0,,,,
B09BTHR48P,,,26.0,,
B09BTMXBKZ,,93.0,,93.0,93.0
B09BV7J74G,,,,,93.0
B09BV99LLY,,,4.0,,
B09BVJ24SX,,,,,156.0
B09BVJXYW1,,127.0,,,
B09BVS7SKF,,,27.0,,27.0
B09BVWNP9V,,,,,47.0
B09BW5KV1G,,9.0,,,
B09BYJ5GYB,11.0,,,,
B09BYJHWMG,,,162.0,162.0,162.0
B09BYZ9XRS,,,,,65.0
B09BZ5Z62G,,44.0,,44.0,
B09BZ73WDW,,,,48.0,
B09BZ7DH4B,,,,,48.0
B09BZKJM7P,,,,,6.0
B09BZRSCV7,,,,,32.0
B09C11GNHR,,,21.0,21.0,21.0
B09C11RP92,,,,,42.0
B09C1236LM,19.0,,,,19.0
B09C1BW9PJ,,,,,34.0
B09C1D1394,,,,,112.0
B09C1FTHXF,,,,,1727.0
B09C1QKBFT,,,,,88.0
B09C1ZBVJP,,,,,3.0
B09C22K6CM,,,,,57.0
B09C22TP9F,,,835.0,,835.0
B09C23N8XJ,835.0,,,835.0,835.0
B09C2DXDKY,,39.0,,,39.0
B09C3GYF51,,,,,68.0
B09C3HL7N4,9.0,,,,
B09C4T88W3,,,,,77.0
B09C5CM1GD,,,,,21.0
B09C5H43KP,,,,,106.0
B09C5JN62S,,,,,139.0
B09C5KXZ3G,,,,34.0,
B09C5NP41H,,,,,22.0
B09C5TLV29,,,28.0,28.0,28.0
B09C5X335Z,,,,,2244.0
B09C5XB3FF,,,2244.0,2244.0,2244.0
B09C6154FK,96.0,,,,
B09C6P3H6G,,,,,10.0
B09C6PW8SL,,,,,231.0
B09C6QZSNQ,,,,,170.0
B09C77HD7M,,,,445.0,
B09C7C1SMR,,,,,445.0
B09C7R3KXY,,,,,13.0
B09C7YXH6R,,,21.0,,
B09C7YZZLK,,,,,40.0
B09C7Z1FLB,,,,2244.0,2244.0
B09C7ZHZPJ,,,,10.0,
B09C7ZVVND,,,,34.0,34.0
B09C83BKBB,4.0,,,,
B09C83NJZQ,,,,44.0,
B09C83PXF9,,,,,6.0
B09C84HM85,,,,,445.0
B09C85JGPL,,,,,39.0
B09C85M1JN,248.0,,,,
B09C862Z49,,,,,127.0
B09C86LLRL,,,,,234.0
B09C8973WK,,,,,87.0
B09C8BPL62,,43.0,,43.0,
B09C8CFFSC,,,,9.0,
B09C8CY78W,,,,,4.0
B09C8DHMD7,,,,26.0,26.0
B09C8FQ7WV,,,,171.0,
B09C8FX15G,,,,,15.0
B09C8G6XN6,,,,,312.0
B09C8J7LDD,,,,,239.0
B09C8M1K2K,,,,239.0,239.0
B09C8N2BJX,,,,,12.0
B09C8N91SC,,,,,70.0
B09CCK2PC5,35.0,,,,
B09CCSWCKQ,,,,,44.0
B09CD4H9NR,,,,,20.0
B09CDD9JTF,,,,15.0,
B09CDFG8G8,,,,,26.0
B09CDLHXV8,,,,177.0,
B09CDLLS8J,,,,,187.0
B09CDMWHD9,,,,,187.0
B09CDMXK43,,,,,187.0
B09CDN81R7,,,,,187.0
B09CDPG45N,,,,,68.0
B09CDQ5RSS,,,,,9.0
B09CDS4P45,,346.0,,,
B09CF4FGQH,254.0,,,,254.0
B09CFTYK82,,,,,414.0
B09CFWGLN4,,540.0,540.0,540.0,540.0
B09CG9ST82,,,,,414.0
B09CG9Z9F9,,,,,37.0
B09CGFPBS1,,,,,414.0
B09CGL4GJX,,,,,498.0
B09CGLDGXH,,,65.0,,
B09CGV29FK,,,,154.0,
B09CGV8135,,,,,4.0
B09CH91GVF,,,49.0,,49.0
B09CHHP9YX,,,,,6.0
B09CK1S49Q,,,,,25.0
B09CK853Y9,,,,,74.0
B09CKB36FR,,,,,137.0
B09CKB6TZM,,,88.0,,88.0
B09CKD6QYG,,,,,80.0
B09CKG2L15,,49.0,,,
B09CKG2ZG8,469.0,,,469.0,469.0
B09CKGBCQX,,,,,481.0
B09CKHMZFD,,,,,138.0
B09CKHPKS7,469.0,,,,469.0
B09CKNRDTT,,,,,80.0
B09CKRD68Y,,,,492.0,492.0
B09CKRFCGD,,,,,492.0
B09CKRLNTN,,98.0,,98.0,98.0
B09CKSX6KW,,,,,492.0
B09CKV6W3C,,,,492.0,
B09CL15W8G,,,,,32.0
B09CL2BTQ1,,,,,37.0
B09CL69VWV,34.0,,,,
B09CLBSQ16,,,,,407.0
B09CLDH6N7,,,109.0,109.0,109.0
B09CM4SMJ6,9.0,,,,
B09CMGJV9W,,,,,11.0
B09CMZDS6Z,,,,,57.0
B09CN359TH,,,,,13.0
B09CN7KJ67,,,11.0,,
B09CNR457Y,1327.0,,,1327.0,1327.0
B09CP5N87R,,,,,13.0
B09CP76173,,,,,7.0
B09CPC6MMH,,25.0,,,25.0
B09CPD7HKL,,33.0,,,
B09CPMR3MD,,,,,4.0
B09CPNT4L7,,55.0,,,
B09CPPDJKD,43.0,,,,
B09CPPF2ZX,,,,,11.0
B09CPW5X22,,,,,43.0
B09CQ2R1JG,,,,85.0,
B09CQ7F9GH,,,,,48.0
B09CQFQP8P,,,,,329.0
B09CSVCL7J,,,,1099.0,
B09CSYV6HB,,,1099.0,,
B09CT1BTZ5,,,,,1099.0
B09CT1KN4L,,,,,28.0
B09CT2BXF6,62.0,,,,
B09CT3XS7F,,1099.0,,,
B09CT6PM2F,,,,,33.0
B09CT7N7J3,,,,,1099.0
B09CT86HJ1,,,,,28.0
B09CT91M9K,76.0,,,,76.0
B09CT9QR6L,,,9.0,,9.0
B09CTF3TDY,,,,,1099.0
B09CTGQTJW,,,,,18.0
B09CTHCQ17,,,,242.0,
B09CTHRSC7,,,,,31.0
B09CTLXSKK,,,,,166.0
B09CTMD2MZ,,,1377.0,,1377.0
B09CTPFPJF,,,,,36.0
B09CTPMXMP,,,,,4.0
B09CTPW4FY,,,1377.0,1377.0,1377.0
B09CTRHRN4,,,,,7.0
B09CTWHRV9,51.0,51.0,51.0,51.0,51.0
B09CV2C976,,,,,37.0
B09CW361VV,,,,,43.0
B09CWVVNL6,,,,,249.0
B09CYL15P8,,,,,154.0
B09CYNYT26,,,,,59.0
B09CYPHPKZ,,,,,31.0
B09CYR6815,,,,,6.0
B09CYR8BDL,,,,,152.0
B09CYSTDYF,,,,,74.0
B09CYTX1GW,14.0,,,,
B09CYWNRRK,8.0,,,,
B09CZFF25D,,78.0,,,78.0
B09CZFXLM7,55.0,,,,
B09CZGFV9N,,,,2.0,
B09D27ZDS8,,83.0,,,83.0
B09D2NHWXL,,,,,25.0
B09D2VFGQL,,,,,38.0
B09D2ZS744,,,,,5.0
B09D33TKYX,,,,,42.0
B09D3DM1CC,121.0,,121.0,121.0,121.0
B09D3L1ZSZ,,,,672.0,672.0
B09D3MCJWT,,,,,672.0
B09D3PX6ST,,,,,672.0
B09D3VC1DG,,,51.0,,
B09D74PF47,,,,,3466.0
B09D74VD9B,,,,,289.0
B09D75SVDG,2008.0,,2008.0,,2008.0
B09D781JQF,,,,,28.0
B09D78Z2CS,,,,288.0,288.0
B09D7C658F,,,,14.0,14.0
B09D7FQWFL,,,,3466.0,3466.0
B09D7GL3XN,,,3466.0,3466.0,3466.0
B09D7MV7XC,,,,,61.0
B09D7PRTQ4,,,,,289.0
B09D7Q4QNV,,,,,72.0
B09D7T8XYV,,,,,31.0
B09D7V3RBH,,,,,129.0
B09D7VMZ9Z,,,,,103.0
B09D7XX3LY,,,,,124.0
B09D7XZS4Z,,,,,124.0
B09D7YBPYK,,,,91.0,91.0
B09D81L4VM,,,,,124.0
B09D8LYRQZ,,183.0,183.0,,
B09D8ZHQL8,,,,,82.0
B09D91H8VY,152.0,,,,
B09D92C2RL,,,,38.0,
B09DB5GYZM,,,1.0,,
B09DBTQ99P,,,,,206.0
B09DC6BLBP,397.0,,397.0,397.0,397.0
B09DCLTM9Z,,,,,13.0
B09DCM7HFH,4.0,,,,
B09DCNKZD2,,,,9.0,
B09DCNWQVN,,,,,12.0
B09DCNZKXZ,,,,,8.0
B09DCPDJ46,,,,,73.0
B09DCS8D6Y,,,,,5649.0
B09DCSH1DK,53.0,53.0,53.0,53.0,53.0
B09DCSTLDN,,,198.0,,198.0
B09DCWX6FG,,,,,2.0
B09DCZ4MW2,,,,,14.0
B09DD951Y9,,,,,32.0
B09DDJQD67,77.0,,,,77.0
B09DFLQVV9,1078.0,1078.0,1078.0,,1078.0
B09DFLS3NF,,,,,66.0
B09DFTC25T,54.0,,,,54.0
B09DFWXZM9,,,,,7.0
B09DFY9K2Y,,,274.0,,274.0
B09DFYXV38,,,,,238.0
B09DFZHF47,,,,,239.0
B09DG1KB8M,,,,,195.0
B09DG2K33T,,,,,498.0
B09DG8FWV8,102.0,,,,102.0
B09DG8KP6F,,,,,37.0
B09DG8T8CX,,,,,7.0
B09DG9D6N4,28.0,,,,
B09DGB8GBH,,156.0,,,
B09DGC792R,,156.0,,,
B09DGQG6MX,,,310.0,,310.0
B09DGRG1XB,,,,29.0,29.0
B09DGTPZJN,,,181.0,,181.0
B09DHCRHX3,,,,,29.0
B09DHLCWFY,,,,29.0,29.0
B09DHZ86T3,,,227.0,227.0,227.0
B09DK2ZB3F,,,,,28.0
B09DK5V9Q4,,,,663.0,663.0
B09DK9NDJM,,,6.0,,
B09DKH11WH,,,,,663.0
B09DKH3YQY,,,,,663.0
B09DKRM3W4,,,,,1.0
B09DKSSWY5,,,,737.0,737.0
B09DKXLPWJ,,,214.0,,214.0
B09DL3BNZF,58.0,,58.0,,
B09DL3ZTH1,,,,,6.0
B09DL5JWHD,,,,,6.0
B09DL6GN7J,1812.0,,,1812.0,1812.0
B09DN3PGL1,,,121.0,,121.0
B09DP1NHMZ,,,,,74.0
B09DP26JYQ,,,,,25.0
B09DP3VKTH,7.0,,,,
B09DPDF89H,617.0,,617.0,617.0,617.0
B09DPKLBHP,,,,,124.0
B09DPN3VDB,,,,,5.0
B09DPNRJ24,,,,,124.0
B09DPRV618,,,,123.0,123.0
B09DPWQL5Q,,,,,636.0
B09DPWR8XK,,636.0,,,636.0
B09DQ497NB,,,,,2.0
B09DRSM2ZD,,,,,236.0
B09DRVPF7F,14370.0,,14370.0,14370.0,14370.0
B09DRX7Z3J,,,,,11137.0
B09DRY6QWP,,,,,15.0
B09DS3P58R,,,,,17.0
B09DS4P11V,,,,,11137.0
B09DSCRK45,,,,,36.0
B09DSHFJP3,,,,,15.0
B09DSM8GVR,,,,,1546.0
B09DSSZXTF,43.0,,,,
B09DST9F9S,,,,,14370.0
B09DT1D5YF,,,2.0,,
B09DW1RXQM,,,,,44.0
B09DWXFHV4,,,,,196.0
B09DX4XXVN,,,,,13.0
B09DXC5KDK,,,,,101.0
B09DY298CK,,,,,22.0
B09DY326JR,442.0,,442.0,,
B09DY7GFFN,,,,,68.0
B09DY8KZRK,,,,,7.0
B09DYB24RD,,,39.0,39.0,
B09DYCPZQD,,,,39.0,39.0
B09DYCTDTB,,,,,16.0
B09DYD13BC,,,,,16.0
B09DYG8KWM,,,,,917.0
B09DYJ2N33,,,,,120.0
B09DYLKQF1,,,,,124.0
B09DYM38VC,,,,,124.0
B09DYMZB22,,,,,124.0
B09DYN5JVC,,,,,124.0
B09DYNDRR4,,,,,124.0
B09DYNGGG2,,,,,124.0
B09DYPTC87,,,,,188.0
B09F2KXJXH,,,,,6.0
B09F2QPVKD,,,,,39.0
B09F2R6RHY,,,,,14.0
B09F2RNMY8,,566.0,,,566.0
B09F2WNT5R,,,,,566.0
B09F2YMNQB,,,,,3288.0
B09F32NJQM,320.0,,,,320.0
B09F3518M2,,,,,3288.0
B09F35DZLR,31.0,,,31.0,
B09F3D4JPM,,,25.0,,
B09F3DP16Q,,,,,407.0
B09F5TSGWK,,,,,12.0
B09F5WVG9Q,,,,,6.0
B09F6F8224,,,,,27.0
B09F6NPHR5,,,,,41.0
B09F6QK5BG,,,159.0,,159.0
B09F6STX9Q,,,,,19.0
B09F6SZ4G9,,,,,65.0
B09F6WLF7G,,,29.0,,29.0
B09F8HPHBL,,,,,4.0
B09F8PR9J5,,,,,24.0
B09F92FWGJ,16.0,,,,
B09F9BF8B7,,,,,35.0
B09F9BWJFF,,,,,83.0
B09F9BWVLW,,87.0,,,87.0
B09F9CHRQV,,,,,12.0
B09F9CSZFM,,,,,42.0
B09F9D34GM,,,,,42.0
B09F9DDLLZ,,,,,63.0
B09F9DJPVD,,,,,6.0
B09F9FTWDB,,,,,1.0
B09F9HVNC2,,,,,164.0
B09F9PH9BT,,,42.0,42.0,42.0
B09F9Q7X8W,3.0,,,,
B09FB1JNYW,,,160.0,,160.0
B09FCTSD3T,442.0,442.0,,442.0,442.0
B09FDW261V,,,,,25.0
B09FF1P9J3,,,,,15.0
B09FF29XDC,,,,,14.0
B09FF3ZWN8,,,,,9.0
B09FF4HK9X,38.0,,,,
B09FF5WBLC,,,,,34.0
B09FFB4XWS,,,,,14.0
B09FFDCJCL,,,,,259.0
B09FFW4XPY,,,,27.0,27.0
B09FFXCD7Z,,,,16.0,16.0
B09FG714CS,,,,48.0,
B09FG9G3W9,,,,,13.0
B09FGSJG2K,,,57.0,,57.0
B09FHBSFHF,294.0,,294.0,,294.0
B09FJCD6KN,102.0,102.0,,,102.0
B09FJPV9MB,,143.0,,,143.0
B09FJPXXKS,,,,,5.0
B09FJS5GQV,1016.0,,,,
B09FJTFTG3,,,,,296.0
B09FJVZHXK,,,,,6.0
B09FJWWZR9,,,,,111.0
B09FK53QCL,6.0,,,,
B09FKCP8CH,,,,,55.0
B09FKFQS6L,,,,,55.0
B09FKLGVN9,,,,,73.0
B09FKMJ8FB,,,158.0,158.0,
B09FKPW82X,,,,,158.0
B09FL6P2VX,,,,,105.0
B09FL9KVGR,,,,33.0,
B09FLB6MLV,14.0,,,,
B09FLB9XW5,,,,13.0,13.0
B09FLBNS3G,,,,,33.0
B09FLCXPS1,,,,,90.0
B09FLDJC2N,,,,,82.0
B09FLH8Y9Q,14.0,,,,
B09FLJX7LX,,,,234.0,234.0
B09FLKYV27,5.0,,,,
B09FLQP6X1,,,,54.0,54.0
B09FLQVFQM,,,,,30.0
B09FLY9TCJ,,,,35.0,35.0
B09FM3LC2F,,,,,1.0
B09FM7Z7GX,,,,,27.0
B09FP1MDJD,,,,,23.0
B09FP58Z7N,7.0,,,,
B09FP9TPMK,,,,,638.0
B09FP9W5QD,,,,,638.0
B09FPBG2ZB,,,,,601.0
B09FPNBQYV,,,,,46.0
B09FPQBPYZ,7.0,,,,
B09FQ71C95,,,,,5.0
B09FT2JWNY,,,,,154.0
B09FT8JNNB,,,,,344.0
B09FT92QXN,,,,,344.0
B09FV9HY6X,117.0,117.0,,117.0,117.0
B09FVFB6WV,,,,,138.0
B09FVHTY1J,88.0,,,,
B09FX1BCWK,,,,,4.0
B09FXKY3WW,,,,,10.0
B09FXN8D44,1.0,,,,
B09FXPCZSK,,,,,48.0
B09FXQF6R1,,,,,4.0
B09FXVFX64,,62.0,62.0,,
B09FXWS4ZR,,,,,23.0
B09FY3QDLK,,,,469.0,469.0
B09FY4PRSS,,,,,58.0
B09FYDNPDY,,,,133.0,133.0
B09FZ4D72H,31.0,31.0,31.0,31.0,
B09FZ6J7TD,,,,28.0,
B09FZ7KW23,,,,,132.0
B09FZ9DQRB,,,,,19.0
B09FZ9GJRD,,,,,1.0
B09FZ9V2XJ,,,,,179.0
B09FZBMS3H,,,,,132.0
B09FZCBQRZ,,,,,2.0
B09FZNL3Q4,,,,18.0,18.0
B09G16HG9V,,,,,62.0
B09G2F93LS,,,,,2.0
B09G2FVHNM,327.0,,,,327.0
B09G2H49WR,,,,,327.0
B09G2ZNGRF,,,,,44.0
B09G3495CM,,,224.0,224.0,224.0
B09G39VLFW,,118.0,,,118.0
B09G5PQ268,7.0,,,,
B09G5RJWYM,,,,280.0,280.0
B09G63J2G1,,,35.0,,35.0
B09G66CZ8S,12.0,,,,
B09G6FTQNP,,,,,18.0
B09G6SKB2S,,,,45.0,
B09G6TFSRV,,,,228.0,228.0
B09G6TJZ3W,,,64.0,,
B09G6TPCP5,66.0,,,,66.0
B09G6V3H9C,,,,,228.0
B09G6VKG53,,,,,46.0
B09G6W2H63,,,,,228.0
B09G87DLWV,,,30.0,30.0,30.0
B09G8GHZ92,,,,46.0,46.0
B09G96S8G5,,,,64.0,
B09G986TBC,969.0,,,,
B09G9CVT42,,,,,188.0
B09G9RCKYJ,,,,,259.0
B09G9RHKN9,,,,,10.0
B09G9SYJQ7,,,,,35.0
B09G9XS2ZB,,,,,27.0
B09G9XT5L1,,,64.0,,
B09G9YKD1G,,,,,34.0
B09G9ZMMF4,986.0,986.0,,986.0,986.0
B09GB24PYC,,,,,149.0
B09GB2C6PC,,,,,7.0
B09GD6YCLV,214.0,,,,214.0
B09GFMTPB3,,,,,68.0
B09GFRC3KW,,,67.0,67.0,
B09GFRFHHW,,,22.0,22.0,22.0
B09GFX9KQ8,,,,,32.0
B09GFXQM1D,,,,,32.0
B09GG1CDJL,,,,,32.0
B09GG8XD8W,,,,,50.0
B09GJSGN5N,,,,,2.0
B09GJZJTSM,,,,,2.0
B09GK5V3TQ,,,,,3.0
B09GKB39RM,,,,,3.0
B09GKRCJRQ,,,,1092.0,1092.0
B09GKRGSVT,,,,,362.0
B09GKRPYW9,,153.0,,153.0,153.0
B09GKTZVQF,,,,,106.0
B09GKVWFK3,,,1117.0,1117.0,1117.0
B09GKW7TDQ,,,,,363.0
B09GKX93R3,,,1112.0,,1112.0
B09GKZR73G,,,,,508.0
B09GLN9MZP,,,,24.0,
B09GLQSL6X,,,,,95.0
B09GLQZNYW,,,,,14.0
B09GLW89R5,365.0,,,365.0,
B09GLXRPXF,,,,,365.0
B09GLYHYHC,,,,,240.0
B09GM1NKD8,,,,,56.0
B09GN4FDYY,,,,,37.0
B09GNNF5ZN,,,,39.0,
B09GNPY1SK,,,,39.0,39.0
B09GP27RGX,,,,,39.0
B09GP52ML6,,,,,19.0
B09GPCBGTP,,,,,70.0
B09GR15JJB,,299.0,299.0,299.0,299.0
B09GTYHWZL,,,491.0,491.0,491.0
B09GTZ9PJY,,,,,56.0
B09GV3P45Q,,,,,9.0
B09GV5CVRR,,,,,4.0
B09GV6CJRP,,,,,613.0
B09GV8XPBN,,,18.0,,
B09GVL6DDY,1405.0,,,1405.0,1405.0
B09GVMNC65,,,,,2.0
B09GVS15GG,,,,,4.0
B09GVTQJ67,,1.0,,,
B09GVWRG52,,,,,3.0
B09GW99XXG,,,,,81.0
B09GWFXMQW,,,,,177.0
B09GXG2XFN,,,,,43.0
B09GXGTC9M,,,,,162.0
B09GXJBJP7,,,,,30.0
B09GXJFHSB,,,12.0,,
B09GXLZRYP,62.0,62.0,,,
B09GXN2XPW,,,,,53.0
B09GXPGL98,,,,63.0,63.0
B09GXPZSRB,,,,55.0,55.0
B09GXR3RZD,,,,40.0,40.0
B09GXR55K1,,,,21.0,
B09GY2RMB1,,,,21.0,21.0
B09GY4375Z,,,33.0,,
B09GY6X6X2,,,,44.0,
B09GY7C87R,,,,243.0,243.0
B09GY86MBF,,,,,331.0
B09GY8CS7F,,,,,12.0
B09GY8G6KW,,,,,331.0
B09GY9ZVSD,,,,,331.0
B09GYPXL3L,,,,,11.0
B09H1SBFB5,,,,30.0,
B09H1ZJ4W2,,,,,1288.0
B09H25NJYG,1284.0,1284.0,,1284.0,1284.0
B09H2BLC5X,8.0,,,,
B09H2DVH1L,,,,,13.0
B09H2FFTJS,,,,,6.0
B09H2JHN26,,,1278.0,1278.0,1278.0
B09H2KLWNY,24.0,,,,
B09H2ND6KS,,,1296.0,,1296.0
B09H2SK94L,5187.0,,,,5187.0
B09H2T35NM,,592.0,,,592.0
B09H2T78GK,5187.0,,5187.0,5187.0,5187.0
B09H2VV6GX,,,,,721.0
B09H2W9HNL,,,,592.0,592.0
B09H34ZGZ2,,,,,837.0
B09H44JRT4,,,,,4696.0
B09H451C7L,,,,,4696.0
B09H46NVBP,,,,,26.0
B09H479WKS,135.0,135.0,,,135.0
B09H4CBTPV,,,,,3.0
B09H4F59KV,,,,,6.0
B09H4GC6NH,,,,,15.0
B09H4HR3ZX,,,,,56.0
B09H4NYLLW,,,,,117.0
B09H5N4QG3,,,,,3.0
B09H5NXS4P,,,,,201.0
B09H5PSF92,,,,,5.0
B09H5PXB6B,,,,,201.0
B09H5Q33WW,,,,,4209.0
B09H6K13DW,,,,791.0,791.0
B09H6KY1NT,,,,,791.0
B09H6PN39H,,,,,22.0
B09H6RJPSY,,,7.0,,
B09H6S5QNM,,57.0,,,
B09H6SK552,,,,,15.0
B09H6TZ2RV,,,,,11.0
B09H6V6VTD,,,,,6.0
B09H6VNJN7,,,,,212.0
B09H6VTVN7,,,,,24.0
B09H6WF87L,,,,,7.0
B09H6XHRSH,,,,212.0,
B09H79KJH8,,,,,7.0
B09H8T7BYJ,,,,,179.0
B09HB2NYDX,,,,,31.0
B09HB7R8LM,,,,,24.0
B09HBBK2DR,,,5.0,,
B09HBDKGH6,,,1.0,,
B09HBJ97FZ,1.0,,,,
B09HBJXVPC,,,,,22.0
B09HBKBY9L,,,,50.0,50.0
B09HBPZJCC,,,,12.0,
B09HBTP6W6,,,,9.0,
B09HBWQHV8,,,,61.0,
B09HBZ6XL2,,,,,32.0
B09HC4QF8V,,,,,289.0
B09HC7S5ZD,,,,,984.0
B09HC8NZ26,,,8.0,,8.0
B09HCK9D8Z,,,,,75.0
B09HCKJDJQ,,49.0,,,
B09HCLS4VQ,,,,142.0,
B09HGKC7QV,,,79.0,,
B09HGL3FPY,255.0,,,,255.0
B09HGMNHQY,,,,,39.0
B09HGYL579,,,,,5.0
B09HH56JP3,,,,,79.0
B09HH5FDRB,,,25.0,,
B09HH6KRSS,,,,,22.0
B09HHB7CYC,,,,,20.0
B09HHB9HHQ,,,,,61.0
B09HHM57RL,,,,,566.0
B09HJ9WLW6,1206.0,1206.0,1206.0,1206.0,1206.0
B09HJKGQJN,11.0,,,,11.0
B09HJW9QR6,,,,,155.0
B09HKD7HCD,,,,,71.0
B09HKP2ZZJ,,,,,22.0
B09HKTQZ26,,104.0,,,
B09HM7JH85,,19.0,,19.0,
B09HN9H7J6,,,50.0,50.0,50.0
B09HP56SJ1,23107.0,,,,23107.0
B09HPCBFQ1,,,1.0,,
B09HPWRG75,,,,64.0,64.0
B09HQNKX89,,,,,37.0
B09HQRFSHF,,,,43.0,
B09HQTGQ6X,,,,,8.0
B09HR8DSFC,,,,,24.0
B09HRMR4T7,,,73.0,,73.0
B09HRTD5DV,,,,,140.0
B09HT9XYTV,,,,,5.0
B09HTMJQ18,,,,721.0,721.0
B09HTNR7JV,,,20.0,,
B09HTR5NG7,,,,,5.0
B09HTR5ZF2,,,,,6.0
B09HTSGTDT,224.0,,,224.0,224.0
B09HV12LKB,,,,,1187.0
B09HV1ZLJN,,,,1187.0,1187.0
B09HV2ZGFW,,,,,42.0
B09HV3NYKN,,,,,9.0
B09HV3P5TC,,,,,24.0
B09HV3SGX9,,,,,9.0
B09HV3TV4V,,,,,135.0
B09HV3ZCCR,,,,,5.0
B09HV493PV,,,,,102.0
B09HV4BTFY,,,,,5.0
B09HV63JNQ,,,,,3141.0
B09HVB6CTS,1246.0,,,,1246.0
B09HWQ9FJP,,,37.0,,37.0
B09HWS2MW5,,,,1187.0,1187.0
B09HWT1F1V,87.0,,,,87.0
B09HWWZG7L,,,,,289.0
B09HWYVFKR,,,,,1187.0
B09HX1NC89,,,,,856.0
B09HX4C593,,,,856.0,856.0
B09HX5SSY9,,,,,24.0
B09HX93M3P,,,,,1995.0
B09HXLPW5Q,,,,,3.0
B09HXPYJ99,112.0,,,,
B09HXZ467J,,,,,14.0
B09HXZRPDH,,,,,6.0
B09HY2Y6PW,,,,16.0,
B09HYY6ZLJ,,,,,218.0
B09HZ286WF,,,,,155.0
B09HZGMP6H,,7.0,,,7.0
B09HZNSR4R,,,,2990.0,2990.0
B09HZPYVXD,,,,157.0,157.0
B09HZXDLR7,58.0,,,,58.0
B09J16GPGJ,,,,,106.0
B09J1GTNV6,7.0,,,,
B09J1Q82TR,,,,,65.0
B09J1QFFT3,,,,,65.0
B09J1QRD32,,,,,65.0
B09J1RDFR8,,,,,65.0
B09J1RMF96,,,,,65.0
B09J1RQ4P2,,,,,65.0
B09J1S83PS,,,,,65.0
B09J229XWV,,,,,53.0
B09J2497LT,,,,,8.0
B09J29WGS3,6.0,,,,
B09J2FF382,,,,,734.0
B09J2H1KRY,,,,,30.0
B09J3CWHCT,2011.0,,,2011.0,2011.0
B09J3S86W5,,,,,23.0
B09J3SFBJB,23.0,,,,
B09J3W7R2X,,,,13.0,13.0
B09J4DH6MK,,,14.0,14.0,14.0
B09J4F2R6T,,,,,3.0
B09J4F84NC,681.0,,,,
B09J4GDLX1,,,,,178.0
B09J4HWW68,1112.0,,1112.0,1112.0,1112.0
B09J4NQGTW,,,,,365.0
B09J4RM496,,,,,464.0
B09J4VB3NQ,,,,,100.0
B09J4X3YJN,,,,,77.0
B09J4XJWP2,,,,,117.0
B09J4YVCXJ,3.0,,,,
B09J7PNGF5,,,,,16.0
B09J7WM54C,,,,,72.0
B09J7XPQZB,,,,,73.0
B09J7ZLK9V,,,,,10.0
B09J83WT69,30.0,,,,
B09J89W66Q,,,,,45.0
B09J8BPG3S,,,,,29.0
B09J8HMDF7,567.0,,567.0,567.0,567.0
B09J8Z4JX7,,,,,496.0
B09JB243WR,,,,,98.0
B09JB8PYZ1,,,,,15.0
B09JB97B4T,,,,,104.0
B09JBBPF6D,,774.0,,774.0,774.0
B09JBKVTF1,,,,,28.0
B09JBKZTX2,,,,,353.0
B09JBMPW6W,,,,,28.0
B09JBTKSX5,20.0,,,,
B09JBXGR6G,,,,,76.0
B09JC12JYR,,,,,18.0
B09JFGL2ZG,100.0,,,,
B09JFLNTXN,,,,,106.0
B09JFZ549Q,209.0,,,,
B09JFZ8FD5,,,,,117.0
B09JG8WG1L,,,,,10.0
B09JGL4XND,,,,,61.0
B09JGX4ND7,,,,,155.0
B09JHKL5H6,,,,,104.0
B09JHMGMMM,43.0,,,,
B09JJ2RHMV,,,,,241.0
B09JJLMMXQ,,,,,38.0
B09JJYGNRK,,,,,14.0
B09JK2XN5F,,,,,26.0
B09JK3JJV7,,,,,61.0
B09JK9LB35,,,,,33.0
B09JKDM6NB,,,,,42.0
B09JL53T1N,,,101.0,101.0,101.0
B09JLL26P2,9.0,,,,
B09JLMSH9S,,,,,24.0
B09JM7CQ5C,25.0,,,,
B09JMC7GL5,,,,,34.0
B09JMFKPW2,,,,18.0,18.0
B09JMJ3VVN,,,,,52.0
B09JMQKYM8,,,,,20.0
B09JMYJY33,,,,,23.0
B09JN23Y61,,27.0,,27.0,
B09JNH5RGN,3.0,,,,
B09JNMNGZ4,,,,,8.0
B09JNMW4TT,,,,5.0,
B09JNMYFQJ,,,,,25.0
B09JNQCNZ2,,,,,16.0
B09JNTWSLW,,,,,15.0
B09JNYY6G9,,,,,972.0
B09JP2VRMS,,,,,972.0
B09JP4T54G,,,,,4.0
B09JP54NYY,,,,,49.0
B09JP5BGCL,,,,,214.0
B09JP6DDYN,,,,19.0,
B09JPG1LW7,,,,1390.0,1390.0
B09JPG4L97,,,,,1390.0
B09JQRGS8L,,,33.0,33.0,33.0
B09JRR3MQV,,,,46.0,46.0
B09JRRBGSQ,,,,,16.0
B09JRTFYBT,,,,,68.0
B09JRW7WYQ,,,137.0,,
B09JS76JNJ,,,,,3466.0
B09JSBRW2W,,,,,34.0
B09JSCYD84,,,,1139.0,1139.0
B09JSLM562,,,,200.0,200.0
B09JSNMLT1,,200.0,,,
B09JSNQGV6,,,,,200.0
B09JSNZQ9B,,,,,23.0
B09JSNZWYG,200.0,,,,
B09JTXB7L5,5.0,,,,
B09JV85L57,,,,,46.0
B09JVKQGTM,,,,,11.0
B09JVPL59T,,,35.0,,35.0
B09JVYSRH5,,,,63.0,
B09JW118GW,,,,12.0,
B09JWC5F7C,,,,,5.0
B09JWL5B7T,,,,,1774.0
B09JWRPRSX,,,,,28.0
B09JWZG614,,175.0,,,175.0
B09JYFWZLP,,,,,42.0
B09JYLVX7H,,,35.0,,
B09JYPB6CH,,,,,18.0
B09JYVJP9D,,,,,76.0
B09JYWMRKR,,,,,76.0
B09JZ1TDXT,,66.0,,,66.0
B09JZK66G2,,,,36.0,36.0
B09K12KGM1,141.0,,,,141.0
B09K34PCML,,,,,16.0
B09K3BL9PY,,,,16.0,
B09K3FGHWY,,,,,16.0
B09K3J6M2M,,,,,16.0
B09K3KDFB1,,,,,20.0
B09K3NQ8NW,,,1292.0,1292.0,1292.0
B09K57Q8X3,,,14.0,,
B09K57XNSP,,,,38.0,38.0
B09K5T3157,,,,,3.0
B09K6L3ZND,,,,,9.0
B09K6SFV72,,,,,8.0
B09K7294R9,,,40.0,,
B09K735Q84,,,,,442.0
B09K766J4P,,,,,11.0
B09K76D6GD,,,,,8.0
B09K76L9CB,,,,,9.0
B09K7BWKJ9,,,,,7.0
B09K7C291D,,,,51.0,51.0
B09K7CFDRV,,,,,171.0
B09K7HCB2S,,,,,36.0
B09K7HTM6X,,,,,11.0
B09K7KF7HY,,,,,26.0
B09K7NT5CD,,,464.0,,464.0
B09K7PD628,,,,,9.0
B09K7R9TSN,,,,,8.0
B09K7YZHLS,25.0,,25.0,,25.0
B09K81R39N,,,,,12.0
B09KBGZHQ4,,,,,34.0
B09KBJPT9P,,,113.0,,113.0
B09KBL8SWR,,,,,22.0
B09KBQLZP3,,,,554.0,554.0
B09KBQWTZB,,,,,14.0
B09KC1K352,,,,,4.0
B09KC3PVVK,,,,,148.0
B09KC4L51X,,,,,148.0
B09KC7YF9C,,,,,17.0
B09KC8G4G7,,,,,14.0
B09KC9QT92,,,1.0,,
B09KCB7YVB,,,,,276.0
B09KCC3P2B,,,,,276.0
B09KCD3JLD,,,,,276.0
B09KCDG729,,,276.0,,
B09KCHW7XJ,,38.0,,,
B09KDDYT4M,,,,,27.0
B09KGFNRZG,,,,,16.0
B09KGL29N3,,20.0,,,
B09KGQNWWZ,2244.0,,,,2244.0
B09KGZPXHY,,,,,3466.0
B09KGZVWT2,,,,,3466.0
B09KH1CCJK,,,43.0,43.0,
B09KH1D7FN,,,,3466.0,
B09KH283CD,,,,,3466.0
B09KH2WB8J,1.0,,,,
B09KH3JPY6,,,,,3.0
B09KH3JQ9F,,,,,3466.0
B09KHK2BM1,,315.0,,,315.0
B09KJVGC3C,,,144.0,144.0,144.0
B09KK121JF,,,,37.0,37.0
B09KLBTQS9,,,,,4.0
B09KLQ5JCJ,,,,,18.0
B09KLQT3WZ,,,,966.0,966.0
B09KLQWW85,,44.0,44.0,44.0,
B09KLR8B4T,,,,,68.0
B09KLRLJW3,,,,,25.0
B09KLRVRKK,,,,959.0,959.0
B09KLSCHB9,,,44.0,,
B09KLTWRRT,,,,1643.0,1643.0
B09KLV5MRP,,,,,6.0
B09KLVHXDW,,,,1643.0,1643.0
B09KM9KB6S,,,,,56.0
B09KMBVP7W,,,,164.0,164.0
B09KMDL3T2,,,,,15.0
B09KMPBZRD,,,,18.0,
B09KMV23S7,,,,,11.0
B09KMX4WHC,,,,,23.0
B09KMXYKTC,,,,4.0,
B09KPBVDPJ,,,,,3.0
B09KPPVK3S,,,,10.0,10.0
B09KQQLTYN,,,,,156.0
B09KRDKHLB,,,,9.0,9.0
B09KRM7W51,,,,,94.0
B09KRM8HSY,,,,,12.0
B09KRMLJC2,,,,,95.0
B09KRND5LJ,,,,,95.0
B09KRPC8MN,,,62.0,62.0,62.0
B09KRPRKXL,,,,,2.0
B09KRQGTBT,,,3.0,,
B09KRXLBVP,,,,,6.0
B09KS93NXX,,,32.0,,32.0
B09KT6RMQY,,,,,10.0
B09KT9ZY14,,,,,12.0
B09KTFPSCM,,,6.0,,
B09KTFX5C8,,,,,83.0
B09KTN231G,,,,,12.0
B09KTS1H3V,,,,,1.0
B09KTS8JM6,45.0,45.0,,,
B09KTX65VV,,,,,22.0
B09KTYFYDS,,,,,32.0
B09KTZ3K86,,26.0,26.0,,
B09KV2JM77,35.0,,,,
B09KV6KP3F,251.0,,251.0,251.0,251.0
B09KVFFGQQ,,,,,8.0
B09KW7DLJK,,,,,15.0
B09KX581V5,,,,,51.0
B09KX86C9C,,,,,11.0
B09KXC25TB,,,,,912.0
B09KXCFWBV,,,,,62.0
B09KXDJ56V,,227.0,,,
B09KXPQ2FG,,,,61.0,61.0
B09KXXLBG3,,,,260.0,260.0
B09KYJHXP7,13.0,,,,
B09KZR4RNG,,,,,128.0
B09KZWS7F1,,,,,99.0
B09KZX9JWK,,,,,531.0
B09KZYTQ75,,,,,95.0
B09L15P3LB,,,,,237.0
B09L1CXFY6,,,,5.0,
B09L1HFF7F,69.0,,,,
B09L1J117M,,3.0,,,
B09L3YFH7C,755.0,,,,755.0
B09L44NBCZ,,,,,755.0
B09L46F19D,,,,,755.0
B09L4GH458,,,,,13.0
B09L4JKLB3,,,,,48.0
B09L4KHFHG,,,,,531.0
B09L4LM88N,,,,,75.0
B09L4MSR2G,,,,75.0,
B09L4QBWY7,,,,30.0,30.0
B09L4RG8YJ,,,,30.0,
B09L4S65CQ,,,,,19.0
B09L54Q52W,,125.0,125.0,,
B09L5Q2FHG,,,,,11.0
B09L61SJNJ,,,,12.0,
B09L629VC7,,,,,513.0
B09L62Q6SD,,,,63.0,
B09L6KRN66,,,28.0,28.0,28.0
B09L6XZV3R,,,,,81.0
B09L6Y9QJ1,,,,,81.0
B09L7MJ2VT,,,,,240.0
B09L7MRKS7,,,,,234.0
B09L7NC872,,,,241.0,
B09L7P24LS,,,,,53.0
B09L84MDKZ,,,,,9.0
B09LB5CPPB,255.0,,255.0,255.0,255.0
B09LCD62H4,,,,,281.0
B09LCL5YQ3,,,,,281.0
B09LCS1NR1,,,,,177.0
B09LD2KGCT,,,,,78.0
B09LD356B2,,,,445.0,
B09LD4TLKN,,,,,445.0
B09LD55W8C,,,,59.0,
B09LDB3C12,174.0,,,,174.0
B09LHFCKJW,,,,,3.0
B09LHT4DGN,,,47.0,47.0,47.0
B09LLPWXVT,19.0,,,,19.0
B09LLQT2Z7,,,,,469.0
B09LLSFTSP,,,,,7.0
B09LLW31DY,,35.0,35.0,35.0,35.0
B09LM22ZTV,20.0,,,,
B09LM2GNJL,,,,93.0,
B09LMD63Y4,,,64.0,64.0,64.0
B09LMDZJWM,,,37.0,37.0,37.0
B09LMMQSFY,163.0,,,,
B09LNRPWD3,,,,,20.0
B09LQCSN8L,,,,,7.0
B09LQRLDDL,,,,,44.0
B09LQSVQ83,,,,,3.0
B09LRCLMWW,,,,,55.0
B09LRSMCM5,,,,41.0,
B09LRXXLTF,,,,,452.0
B09LRYZ7VY,,,,452.0,
B09LS6F5XS,,,,,16.0
B09LS6FQ5X,,,,,6.0
B09LSR29YK,,,,5.0,5.0
B09LTG94PQ,,,,,86.0
B09LTNBKPZ,,,,134.0,134.0
B09LV5Y71V,,,,,1.0
B09LV6NGSX,,138.0,138.0,138.0,
B09LVGVNM1,,,,228.0,228.0
B09LVJ1627,,476.0,476.0,476.0,476.0
B09LXK6QK4,529.0,,,,529.0
B09LXVD9J8,,,,547.0,547.0
B09LYJCB9Q,,,,,43.0
B09LYK5PHF,,,,,2990.0
B09LYKZ6MW,6.0,,,,
B09LYLRCLZ,2990.0,,,,
B09LYPJLF7,369.0,,,,
B09LYYQMHR,,,,10.0,
B09M2LB5X6,290.0,,,,
B09M2S4JZC,,,,,49.0
B09M3H13GV,,,,,33.0
B09M3NH85M,,,12.0,,
B09M697J56,,91.0,,91.0,91.0
B09M6GXD53,,,,1150.0,1150.0
B09M6LYWSW,,,,,245.0
B09M6SN77P,1327.0,1327.0,,,1327.0
B09M6W9P8T,,,,,33.0
B09M78K4LR,,,,,8.0
B09M7B3ZYV,,,,,1.0
B09M7QRW89,344.0,,,344.0,344.0
B09M7YVYNN,,,,,303.0
B09M7ZFKQ4,,,1.0,,
B09M86FFSC,,,,,1.0
B09M86SKP6,,,,,6.0
B09M88C92S,,,,57.0,
B09M8PSC4P,,,25.0,,25.0
B09M9J6GY9,,,,,67.0
B09M9K9FSQ,,,,67.0,67.0
B09M9W32N4,,,2284.0,,2284.0
B09M9W51GS,,,,,13.0
B09M9WFKLD,,,,,17.0
B09MBPHVD4,,,,105.0,105.0
B09MBVKMJK,,,,,5.0
B09MBZBQCB,,,,107.0,
B09MCM7QGP,,,,,37.0
B09MCP1YKP,,,,,661.0
B09MCWCKYB,,,,,1.0
B09MCZMV2Y,,,,,12.0
B09MD64RBR,,,,,27.0
B09MD6YZP3,,,,,140.0
B09MD8PHKS,,,,,140.0
B09MDBSG9H,,,,,6.0
B09MDFCNK6,50.0,,,,50.0
B09MDLMDCQ,,8.0,,,
B09MF1B95H,,,,,2.0
B09MF6FGKT,,,,1.0,
B09MFCJ7BG,,122.0,122.0,122.0,122.0
B09MFCRPBP,,,,,88.0
B09MFH8CT1,32.0,,,32.0,
B09MFN8G8H,,,366.0,366.0,366.0
B09MFQC27L,,,,,5.0
B09MH1JZNL,,,,,10.0
B09MH7D25G,,,27.0,27.0,27.0
B09MHDMTSH,,,,,50.0
B09MHWTG1K,,,,,150.0
B09MJ12D16,,11.0,,,
B09MJ2CHLX,,,,,4.0
B09MJYVVZL,,,,,31.0
B09MK2PTXV,13.0,,,,
B09MK3163B,,,5.0,,
B09MK87WQB,,,,,23.0
B09MKMV1D9,,484.0,,,
B09MLB4NHV,3.0,,,,
B09MLHVNHC,110.0,,,,
B09MLJPVS1,,,,,11.0
B09MLK5NRM,,,,,176.0
B09MLKMKPF,,,,,176.0
B09MLN2J42,,,,,25.0
B09MLNJMWT,31.0,,,,
B09MLTNQHL,,,,,7.0
B09MLV2LSS,,,,,29.0
B09MM7PBZK,,,,17.0,17.0
B09MN35L64,,,,,12.0
B09MN7LPMW,,,,,30.0
B09MPK2NL8,,,23.0,,
B09MPQW3FZ,,,,,5.0
B09MQND2VD,,,10.0,,
B09MR3S1KL,,,,,1282.0
B09MR3YHGD,,,,,1295.0
B09MRK1FJ9,11.0,,,,
B09MRMP2Q7,,,,5.0,
B09MRTRN3C,,,,,14.0
B09MRTXK67,,,,,12.0
B09MRVRVPG,1111.0,,,1111.0,1111.0
B09MRVXP12,,,,,1117.0
B09MRWYZJT,,1112.0,1112.0,1112.0,1112.0
B09MRZ7KCH,,,,,356.0
B09MRZWW2Z,,,,,178.0
B09MS24L2P,,,,,178.0
B09MS2FDK8,,,,,1295.0
B09MS473T5,,178.0,,,178.0
B09MS7WB2L,,,39.0,,
B09MS8JB9M,,,,,74.0
B09MSP86TR,,,,,73.0
B09MSYVHF1,,,,,47.0
B09MT166LL,,,,,45.0
B09MT171KJ,,,,,40.0
B09MT2C9CX,181.0,,,,
B09MT4VGWK,,,,,48.0
B09MTBZN5C,,,,,188.0
B09MTYR4ZD,,,,10.0,
B09MVLG4BF,,,,,791.0
B09MVT7YZT,,,,,12.0
B09MVVQL21,,,,,26.0
B09MVWXRY1,,,,,11.0
B09MVZ8LNT,230.0,,230.0,,230.0
B09MWDL14D,5.0,,,,
B09MYGLZWX,,,,22.0,22.0
B09MYS69BR,,142.0,,,
B09MZ1SBZB,,,,,13.0
B09MZ8D9PK,,,,,58.0
B09N11PFXN,,,,,41.0
B09N128Z4W,,,,,42.0
B09N13KK84,,5.0,,,
B09N19VW8J,,,,,31.0
B09N1GVXZD,,,,,44.0
B09N1H8CRP,,,,,34.0
B09N1WGQNZ,,,,83.0,83.0
B09N2WDSBJ,,,118.0,118.0,118.0
B09N32LY98,,,,39.0,39.0
B09N35PM95,,,,,7.0
B09N38WJ4G,,,,51.0,51.0
B09N3C5PK2,61.0,,61.0,,
B09N3M3CYQ,5.0,,,,
B09N41T7DH,,,,,19.0
B09N4VCZ96,,63.0,63.0,63.0,63.0
B09N6FTBS5,,,,,19.0
B09N6J9T1L,21.0,,,,
B09N6NCSMM,,,,,6019.0
B09N6S4WDF,,807.0,807.0,,807.0
B09N6V33PT,,,,120.0,120.0
B09N6YCGCH,,,,,24.0
B09N6ZR6DK,,,,,3.0
B09N719STH,,,6.0,6.0,
B09N729MTS,,100.0,,100.0,100.0
B09N7GFB79,,,,11.0,
B09N7WB1Y9,,,,34.0,34.0
B09N7X4GZD,,,58.0,58.0,58.0
B09N7XCBMS,54.0,,,54.0,54.0
B09N8YBBZH,,,,,4.0
B09N97161J,,,,151.0,151.0
B09N9NMDDY,,,2234.0,2234.0,2234.0
B09NBKRZGS,,,,,282.0
B09NBKXX9F,,,,,282.0
B09NBL49NH,282.0,,,,282.0
B09NBTYLT8,,,,,16.0
B09NBVN5CS,,,,,35.0
B09NBZ115F,,,,,3.0
B09NC1L4BM,67.0,,,,
B09NC2GXDC,,,,,67.0
B09NC3HGGL,67.0,,,,
B09NC3MFTB,,,67.0,,67.0
B09NC7MFFX,,,,,37.0
B09NC8M6XX,,,,37.0,37.0
B09NC9L1J7,,,,,37.0
B09NCFRPG3,,,109.0,,
B09NCSS41W,,,,53.0,
B09NCYZHYX,,,,4.0,
B09NCZGZ84,,,,,21.0
B09ND161YX,,,,,37.0
B09ND3R54T,699.0,,,699.0,
B09ND5WVYN,2.0,,,,
B09NFCGMYX,,,,,121.0
B09NFMTBKT,33.0,,,,
B09NFQYFK4,77.0,77.0,,77.0,77.0
B09NHZ8L64,,,,715.0,
B09NJ1MQ3D,,,,,715.0
B09NJ854FB,715.0,,,,715.0
B09NJMR82T,,,,,228.0
B09NK2C6M1,,715.0,,,
B09NK5DSRS,,,,,6.0
B09NK6DWFM,,,715.0,,715.0
B09NKFPZXC,,,,,63.0
B09NKGRSZR,,,,1.0,
B09NKL68R3,,,,,97.0
B09NKM28S2,39.0,,,,
B09NKRG37Z,,21.0,,,
B09NKTVXBH,,,,,6.0
B09NKZ9R6P,163.0,,163.0,163.0,163.0
B09NKZVK5B,,,,,231.0
B09NL7NG4X,,,,86.0,
B09NLNTX38,,,,,188.0
B09NLTD293,,29.0,,,
B09NLWBN3C,,,,,44.0
B09NM1NMYL,,,135.0,135.0,135.0
B09NM3T53Q,,,,6.0,
B09NM4LZSS,,,,,4.0
B09NMDJFV6,,,,23.0,
B09NMRCNWY,,61.0,,,
B09NN1BRRC,,4.0,,,
B09NNB7MJM,,,,,8.0
B09NNBFRML,,,,,9.0
B09NNBQ5XG,218.0,218.0,,218.0,218.0
B09NNBVS6J,,,,,22.0
B09NNCNVPS,,,,,37.0
B09NNDF6Q3,,,,101.0,101.0
B09NNFRHFN,,,,,24.0
B09NNH94MR,,,30.0,30.0,30.0
B09NNHCB63,,,,,23.0
B09NP1V55T,,,,,14.0
B09NPMHMJS,,,,2366.0,2366.0
B09NPTGXKH,26.0,,,,
B09NPYSGW9,,,,,117.0
B09NQ58QHC,,,,340.0,340.0
B09NQ63FYF,,,,,40.0
B09NQ7479K,,,,7.0,7.0
B09NQ8VPT9,,,,,133.0
B09NQBNWFC,,,,1662.0,
B09NQCKXQ2,,,,,33.0
B09NR1FXLZ,,,121.0,,
B09NR34TQC,,,,,3.0
B09NR49MH4,,,221.0,221.0,221.0
B09NR4Q6HS,,221.0,,221.0,221.0
B09NR6M1FF,,,,,531.0
B09NR7TTFM,,88.0,88.0,88.0,88.0
B09NRV66CC,,,,46.0,46.0
B09NSK1CMM,,,,,24.0
B09NSKZ7L3,,,,,61.0
B09NSPK9HW,,,,,450.0
B09NTSCCVF,,,,,25.0
B09NV9T4VY,,,1.0,,
B09NVKHKYS,,,,50.0,
B09NW3QBKY,,,,,243.0
B09NW45Q7Z,229.0,,,,229.0
B09NW51DFH,,,,,2356.0
B09NW5F1X2,,,,,231.0
B09NX9RRST,,,,,35.0
B09NXDGFGF,,,,,638.0
B09NXHD1MB,,,,,125.0
B09NXPLJ3J,,,,,73.0
B09NXY4BPR,,,,,469.0
B09NXZGK91,36.0,,,,
B09NY1CLGN,,,,,8.0
B09NY1J8C7,,,,140.0,
B09NY7FW49,,,,,64.0
B09NY7NQJ3,,,79.0,,79.0
B09NYG5HBG,,,,,5.0
B09NZKGV82,,,,28.0,28.0
B09NZL7CQJ,,,,,60.0
B09P13MFYW,,,,,1.0
B09P15452X,,,25.0,,
B09P1F34LP,,22.0,,,
B09P35G6TL,21.0,,,,21.0
B09P37YJTW,,161.0,,,
B09P3P63TJ,,,,,164.0
B09P3PPFRG,,,,,39.0
B09P3PVYG2,,,,,74.0
B09P3S76PR,,,,,34.0
B09P4QHZVT,,,,,51.0
B09P4WZ3X9,,,,,48.0
B09P4XFJL6,,,,,66.0
B09P565L4D,,,,,11.0
B09P56NTNR,,,,,11.0
B09P5Y6WC2,,,,,57.0
B09P61CHPM,,,,,471.0
B09P6PHNW3,,,109.0,,
B09P7F3M33,,,,,9.0
B09P7VVW3Y,,,,,117.0
B09P7YFQRL,,,443.0,,
B09P819DD7,,259.0,,259.0,259.0
B09P81PPTJ,,,,,13.0
B09P82BB83,,,,,59.0
B09P84G8QG,,218.0,,,218.0
B09P86FTPF,2.0,,,,
B09P8JBCLC,,,,,13.0
B09P8JKV7J,21.0,,,,
B09P8JSLLZ,,,,,84.0
B09P8KZ1TK,,,,35.0,35.0
B09P8WGSD3,160.0,,160.0,160.0,160.0
B09P9SLNDG,,,108.0,,108.0
B09P9Y8CL6,,,,51.0,51.0
B09P9Z8RW8,,,,,85.0
B09PBBPZ1Z,,,,,288.0
B09PBGD9KW,,,,,100.0
B09PBHSH2D,,,,,28.0
B09PBL2SRL,,,,,35.0
B09PBMPG14,,,,,15.0
B09PBMRBP3,,,,,127.0
B09PBNKNNZ,,,,,127.0
B09PBS4R8Y,,,,108.0,108.0
B09PBZXYDV,,,,,7.0
B09PCZ3L7C,,,,,15.0
B09PD4FZMC,,8171.0,,,8171.0
B09PD9ZSWY,,83.0,,83.0,83.0
B09PDBC8TH,,,,,496.0
B09PDGSRMZ,,,,,21.0
B09PDJRPWB,,,,83.0,83.0
B09PDSL8KN,49.0,,49.0,,49.0
B09PF2RJS2,,,,,7.0
B09PFSR9TP,,,9.0,9.0,
B09PFZBZ4S,,,,,179.0
B09PG3P78F,,,,,34.0
B09PGBTM2V,,,,58.0,58.0
B09PGFG7Z3,,2.0,,,
B09PH2BDL2,,,,,198.0
B09PH449YT,15.0,,,,15.0
B09PHXRY8N,,,27.0,27.0,27.0
B09PHYB6WY,,,,,2.0
B09PJGM3FH,,,,,5.0
B09PK2JQNN,,,,,168.0
B09PKV6JVC,,,,54.0,54.0
B09PMFL4BX,,,,,845.0
B09PMPYQSL,,,,76.0,76.0
B09PMZGM99,,154.0,,,
B09PMZMHHH,,,,154.0,154.0
B09PN14HP5,,,,154.0,
B09PN1V26B,,,,,154.0
B09PN4V39W,,,,,2.0
B09PN9TR6B,,,,38.0,
B09PNBP3X8,,,,,208.0
B09PNDLM52,,,,11.0,
B09PNVRJJJ,,,,17.0,17.0
B09PQBNSQT,,,,,23.0
B09PQCHDQ6,17.0,,,,
B09PQDK94F,,,,,58.0
B09PQNLKL8,,,,59.0,
B09PQQDT57,,,,59.0,59.0
B09PQTJP4H,,,,58.0,58.0
B09PQWH49G,,4.0,,,
B09PQWJBVS,,,3.0,,
B09PQWLBF2,,,,,21.0
B09PR1329X,,,,,17.0
B09PR2HJF2,,34.0,,34.0,
B09PR4L6VY,,,,,9.0
B09PR53ZF4,,,,,6.0
B09PR6YNZC,,,,,71.0
B09PRDGL53,33.0,,,,
B09PRKK155,55.0,55.0,,,
B09PRQT3PM,,,,,34.0
B09PSHGBS2,,,1.0,,
B09PTBX2S6,,,,,70.0
B09PTF486K,,,,,25.0
B09PTFR8LW,,,,,145.0
B09PTFY1T3,,,,,164.0
B09PTPQ6J6,,,42.0,42.0,42.0
B09PTTSZ57,,,,,145.0
B09PTVNHYB,,,,,6.0
B09PV1BGPP,,,,145.0,
B09PV7DN8T,,,,,34.0
B09PV7FB4M,,,,33.0,33.0
B09PVGNYLV,,37.0,,,
B09PWWPJK3,,,,5.0,
B09PX9VSLN,,,,,8.0
B09PYMC7XR,1382.0,,1382.0,1382.0,1382.0
B09PYN5PQJ,,,,,4.0
B09PZJMBXQ,,,,,50.0
B09PZSMY48,,,,,48.0
B09PZTGXKZ,,,,,48.0
B09PZTKC3X,843.0,843.0,,843.0,843.0
B09PZTSXTP,,,,,51.0
B09PZTTKCZ,,,,,23.0
B09PZVPNFV,,,,,3821.0
B09Q1322RZ,,,,,105.0
B09Q152LBT,,,,471.0,
B09Q28FSZC,,,,,170.0
B09Q2PJJMH,,,,,8.0
B09Q2S2V6B,,,,,8171.0
B09Q2S4NNH,,,,8171.0,8171.0
B09Q2VTBRQ,,,,,19.0
B09Q343NRC,,,,,3.0
B09Q36Q7QH,,,,,6.0
B09Q3MXGQT,,204.0,,,204.0
B09Q4J8LZ8,,,,,37.0
B09Q546KBC,,,,,1.0
B09Q59XR4X,,,,,1.0
B09Q5DQ9BB,,46.0,46.0,,
B09Q5HYJT3,,,,,26.0
B09Q5SP9CX,14.0,,,,
B09Q5TQM62,,,,,51.0
B09Q5VHQ9Z,,,,,108.0
B09Q5WTM3F,,,,108.0,108.0
B09Q5YDKFY,,,,,7.0
B09Q5Z7H8K,,,,,108.0
B09Q629627,,,,187.0,
B09Q64XFW3,,,,,234.0
B09Q6KD7MM,209.0,209.0,209.0,,209.0
B09Q6KJ9V5,,,,25.0,25.0
B09Q7B5K9X,,,,,41.0
B09Q7CG6B8,,,,,77.0
B09Q7PHCJZ,,,,,77.0
B09Q7SVQ3S,,,68.0,,
B09Q7XL68Z,144.0,,,144.0,144.0
B09Q82ZBZZ,,,,,5.0
B09Q89VMNB,,,,13.0,13.0
B09Q8FCTYY,,,80.0,80.0,80.0
B09Q8H88VY,,,,,2.0
B09Q93FW3P,,,,,165.0
B09Q95X4SD,,,,,3.0
B09Q98LMK3,,,,,5.0
B09Q9B3H34,,,4.0,,
B09QB2HMKM,,,,31.0,31.0
B09QC6W1PD,,,,2635.0,2635.0
B09QCNT1W2,,,,,247.0
B09QCPP7XD,118.0,,,,
B09QCQ24BX,,,,,247.0
B09QCWHC4G,,353.0,,,
B09QCY112L,,,,,353.0
B09QCYWYB5,,,353.0,,
B09QCZBRTR,,,,353.0,353.0
B09QCZV3D3,,353.0,353.0,353.0,353.0
B09QD3QZ91,,,,222.0,222.0
B09QFJR844,,,,,91.0
B09QFYCYH1,,,28.0,,
B09QG1YG3L,,,,,1.0
B09QG4WYLW,446.0,,,,
B09QGC214W,,,,,1.0
B09QGFK3CC,,17.0,,,
B09QGG5L2R,,,,,10.0
B09QGP63V5,,,,446.0,
B09QGPVHDW,,,,,6.0
B09QGTS8YT,,,,,53.0
B09QGW1B5Y,,,,,6.0
B09QH1GPJ9,82.0,,,82.0,82.0
B09QH27JC1,,,253.0,,253.0
B09QHMR3T5,,,,,12.0
B09QHS4V8W,,,,90.0,90.0
B09QHW5LYW,,,,,19.0
B09QHWCCJL,,,6.0,,6.0
B09QHZK72T,,135.0,135.0,135.0,135.0
B09QJDY23T,,,12.0,12.0,12.0
B09QJQ1S4L,,,,9.0,
B09QJQKH7Z,,,,,117.0
B09QJS7S8V,,,,24.0,
B09QJZCCXM,,,,12.0,
B09QK85W5Z,,,,,49.0
B09QKGD1HH,,,,,846.0
B09QKH4JBM,6.0,,,,
B09QKJB8B2,,,,,846.0
B09QKL7SC3,12.0,,,,
B09QKMHSH2,,,,2635.0,2635.0
B09QKN26LZ,,,,,44.0
B09QKR64TT,,,6.0,,6.0
B09QKRZR28,,,,,6.0
B09QKSB33N,,,,,582.0
B09QL8D1Q7,,,,,118.0
B09QLNWWVJ,,,,,74.0
B09QLVDGJW,70.0,,,,70.0
B09QLVMXXH,,,,36.0,
B09QLWNTCH,,,,,40.0
B09QLWYQBM,,,,,25.0
B09QLYGDNB,,,,46.0,
B09QM3GWJD,,,43.0,,
B09QM488DY,,,,43.0,
B09QM4TWJ5,,,,,43.0
B09QM6K73J,,,,,7.0
B09QM8TG4Z,,,,,104.0
B09QMFLVNB,,,,,46.0
B09QMS66BF,,412.0,,412.0,412.0
B09QPHH9H6,,,,12.0,
B09QQDP331,,44.0,44.0,44.0,44.0
B09QQV6P7X,,,,,48.0
B09QRJ2QK1,,,,129.0,
B09QRWBM4F,,,,,54.0
B09QRWQ83P,,,,,129.0
B09QRWX5ZL,,,,,156.0
B09QRXCXQ3,,129.0,,,
B09QRXJ6FW,,,,,38.0
B09QSBNZ8P,,,,,3.0
B09QSF2JBJ,,,,,62.0
B09QSK333H,,,,,8.0
B09QSK6LKH,,,186.0,,186.0
B09QSKZKNT,100.0,,,,
B09QSNW5GR,,,,,12.0
B09QT18742,,,,,12.0
B09QTX4LZQ,,,,,12.0
B09QXLK4P5,,,,,1.0
B09QYDYJ9N,,,,,3.0
B09QYFBBR8,,,,,7.0
B09QYNS9ZK,90.0,,,,90.0
B09QYPKG92,,,,,439.0
B09QYQZZPX,12.0,12.0,,,
B09QYZWSDM,,,,48.0,48.0
B09QZWBDD9,,,,,193.0
B09R1MMH2C,,,,,158.0
B09R1R37ZW,,,51.0,,
B09R29YM1G,,,,,43.0
B09R3Y96YF,,,,,61.0
B09R42R411,,,83.0,83.0,
B09R51VNDB,,,,,14.0
B09R6N1YBH,,,,343.0,343.0
B09R9FTVZ7,,,,,12.0
B09RBHVFPV,,,,,2.0
B09RF373ZR,,,,,4.0
B09RG2FWSG,,,,,21.0
B09RG3GBKQ,,,3.0,,
B09RGYNXH4,12.0,,,,
B09RJ58NPM,203.0,,203.0,203.0,203.0
B09RLT57R3,,,,,12.0
B09RPRFJTJ,,,,,31.0
B09RQ4WLG7,,,,46.0,46.0
B09RSFXRRW,28.0,,,28.0,28.0
B09RVJ4PN1,,,,,13.0
B09RVSP1D3,,,,7.0,
B09RWF2HYC,,21.0,21.0,21.0,21.0
B09RWH1VMF,,,,,2.0
B09RWMNVPY,,,6.0,,
B09RXWFW1V,970.0,970.0,,970.0,970.0
B09RYM3WFS,,,,,99.0
B09RZPR4MF,,,,11.0,
B09RZT5FJK,,,7.0,,
B09S162ZK8,,,,13.0,13.0
B09S18SCSJ,,,47.0,,
B09S3FRKLG,,,,,13.0
B09S3JZX33,181.0,,,,
B09S3K85HG,,,,,106.0
B09S3NQ4FH,,,106.0,,
B09S3X9ZYM,,,,,1.0
B09S4XWL25,,,,39.0,39.0
B09S5L5JFF,,,,,356.0
B09S5LT6VH,,,,,7.0
B09S5WX219,,,,,22.0
B09S5XHZBJ,,,,34.0,34.0
B09S62GCPN,,,,,7.0
B09S65RVY1,,,,,2.0
B09S67N5G8,,,,,8.0
B09S6CM9Z5,,,,,360.0
B09S6D3MYB,13.0,,,,
B09S6SZQLD,,,,,32.0
B09S6WSRVV,,,,,21.0
B09S6XPBND,,,,,19.0
B09S8FMR16,,,91.0,,
B09S8YH4BZ,,,,,31.0
B09S9NPK1R,,,,39.0,39.0
B09S9PHNBW,,,,,6.0
B09SB7KY12,,,,,78.0
B09SBGTRYG,,,,,1.0
B09SBJ2DDL,,,,37.0,
B09SBKTXRD,,,,,13.0
B09SCPGNS8,,,,249.0,249.0
B09SD93WSC,,,,13.0,
B09SF31PW9,,,,,42.0
B09SFKZVXY,,,,,11.0
B09SFTG68P,,,,4.0,
B09SFW6Z62,243.0,,,,
B09SG24RBZ,,,,63.0,
B09SGBRXH7,,,212.0,,
B09SGRW3PH,,,,,126.0
B09SGSM4C5,,,,,55.0
B09SGSYB7J,,,,,38.0
B09SGVLW62,,,69.0,,69.0
B09SH1PW26,,,6.0,,6.0
B09SH3VTW8,,,,,27.0
B09SHPJ65F,,,,,2.0
B09SHR4WHF,,,,,16.0
B09SHS216D,,,,,8.0
B09SHS3VJL,,,,,10.0
B09SK97TP1,,,,,7.0
B09SL5SSLP,,,,,7.0
B09SLBGGNM,,,,,87.0
B09SLBHB4L,,,,,87.0
B09SLBNTZH,,,48.0,,48.0
B09SLQ7VJV,,,,,24.0
B09SLQYQ9J,,,,,24.0
B09SLRZJZ1,,,,,24.0
B09SNR2Y28,,,,,17.0
B09SNXBD3T,,,7.0,,
B09SNYKB9N,,,,29.0,29.0
B09SP6VB9R,,,,22.0,22.0
B09SPB4L64,160.0,,160.0,,160.0
B09SPN6C95,,,,,86.0
B09SPSXDYN,48.0,,,,
B09SPXBYF6,,,38.0,,
B09SPZQXFL,,,55.0,55.0,
B09SQ3SQ2L,,,405.0,,405.0
B09STBBXDC,,,,,35.0
B09STCXL13,,,,,582.0
B09STJJ6X2,,,,,582.0
B09STY53FL,,,69.0,69.0,
B09SVJSJ2Y,,,,,98.0
B09SWNDGDF,,,,,14.0
B09SWSD1XT,2557.0,2557.0,2557.0,2557.0,2557.0
B09SY6KFWD,,,15.0,15.0,15.0
B09SYVC4J4,133.0,,,,
B09SYWN3DD,,,,,20.0
B09SYWNYJT,4.0,,,,
B09SYZCZV6,,,,,36.0
B09SZ5H47T,1.0,,,,
B09SZ6YFL2,,,,,9.0
B09SZ9RD21,,,,,43.0
B09SZBTCK8,,,,,33.0
B09SZDFD9H,,280.0,,,280.0
B09SZKKQ3J,56.0,56.0,,,56.0
B09SZNZKZP,,,38.0,38.0,
B09SZPGGZ1,,,,,38.0
B09SZRPCS5,,,,,38.0
B09SZRSGNR,,,38.0,,38.0
B09T2QBKT1,,,,,3.0
B09T2SL16Q,,,,,199.0
B09T39DXC9,,,,,42.0
B09T3BNTF1,,,,,50.0
B09T3C7JLW,,,,,47.0
B09T4S3QT3,,,,44.0,44.0
B09T5DN5KF,,,,,17.0
B09T5JPR91,,,,,228.0
B09T5VNS35,,,156.0,,156.0
B09T612XHD,14.0,,,,
B09T684FKB,,,,20.0,
B09T68S51F,,,,,17.0
B09T69CTHV,,,,,18.0
B09T6G9NNW,16.0,,,,
B09T6R2NRD,,,,15.0,15.0
B09T6SNQH1,,,,,42.0
B09T77B78V,,,,,8.0
B09T93N81V,34.0,,34.0,,34.0
B09T95CGTW,,,,120.0,120.0
B09T9DGQ9J,,,,,6.0
B09T9J1MDM,,,,,9.0
B09T9KFL6Q,,,,,9.0
B09T9M4WLC,,,,,6.0
B09TB3PTB2,,,837.0,837.0,837.0
B09TB85N1G,,,,,23.0
B09TB9DTRK,,,,,23.0
B09TCSRDY3,,,,,3.0
B09TDGCK7B,,,,,40.0
B09TDMH46J,109.0,,,,
B09TDT9BPN,,,1.0,,
B09TF8G87N,,,,,170.0
B09TFFGXXZ,,,24.0,,
B09TFLN5VT,,,,156.0,
B09TFM3RMP,,,,,156.0
B09TFM9HJZ,,,,,156.0
B09TFMT9BN,,,,,156.0
B09TG2NRVD,,,25.0,,25.0
B09TG3NJRN,,,30.0,30.0,30.0
B09TG521QD,,,,,194.0
B09TGV2P6X,,,,,13.0
B09TH1L8TS,,,,,6.0
B09TJLK35N,,,,55.0,
B09TJZQSL4,,,323.0,,
B09TK2K9KP,,,,,323.0
B09TK3T14G,102.0,102.0,,,102.0
B09TK5MZRP,,,,,23.0
B09TKB8LWX,,,,,43.0
B09TKBJD98,,,,469.0,469.0
B09TKDWZJX,,,,,469.0
B09TKHJT9S,,,,,11.0
B09TKN4MKZ,,,,,40.0
B09TKQNXLS,,,1259.0,1259.0,1259.0
B09TKVXF8M,,,,78.0,78.0
B09TKYMWCG,,,,,78.0
B09TL1HSGC,,,,78.0,78.0
B09TNGX4HT,,,,,62.0
B09TNKYKQ4,,,,,75.0
B09TNTZRYY,74.0,,,,74.0
B09TP5TM7Y,,,,,44.0
B09TPYMSNQ,,,,17.0,17.0
B09TQBYBN2,,,,,99.0
B09TQDCLTN,,17.0,,,17.0
B09TQM597C,,,,,10.0
B09TQM96QY,,,24.0,,24.0
B09TQPG7SK,,,,,72.0
B09TQQDPLF,,,,72.0,72.0
B09TQYN4L1,,,,74.0,
B09TQZKBYN,,,,,243.0
B09TQZKMTW,,,,,74.0
B09TR4K838,3.0,,,,
B09TR5P8VV,,,,,40.0
B09TRS7YW2,,,,,32.0
B09TRXM9SF,,,,,285.0
B09TRYV7P1,,,,,970.0
B09TRZ8Y11,,,,30.0,30.0
B09TSHNPX9,326.0,,,,
B09TSHTRCD,,,,,98.0
B09TSHZY7B,,,,,161.0
B09TSJPZCM,,,,,98.0
B09TV5HMVM,,,,171.0,171.0
B09TVCYXT1,,,,,42.0
B09TVDH6J8,,,,,62.0
B09TVGB33Q,,,,,81.0
B09TVJ61T1,,,,,1.0
B09TVJ71Y2,,,,,6.0
B09TVMFMMV,,,,,21.0
B09TVMVG5L,,,1382.0,,1382.0
B09TVMX3YQ,,,,,21.0
B09TVP5VKC,,,,,99.0
B09TW3Z4G8,,,,,60.0
B09TW76ZFV,,,,6.0,
B09TX88D2P,,,,,121.0
B09TXF17RD,112.0,,112.0,112.0,112.0
B09TXGHBQB,,,,,1.0
B09TYM8YWZ,,,353.0,,
B09TYMWB95,,,,,353.0
B09TYW92HG,,,73.0,,73.0
B09TZ3D9X5,,,,,30.0
B09TZLYVDG,,,,,2.0
B09TZM2VYX,,2635.0,,,2635.0
B09TZMZMMG,,,,,2635.0
B09TZVT4P3,224.0,,,,224.0
B09TZYJNZX,,,49.0,,49.0
B09V119R96,,,,,6.0
B09V11FJLH,,,,,90.0
B09V1T4CCY,,,,,76.0
B09V1TWP9R,,,,467.0,
B09V1ZYH85,,,,19.0,19.0
B09V26DG3Z,54.0,,,,
B09V2FD853,51.0,,51.0,51.0,51.0
B09V2PFX6Q,,,,,54.0
B09V2WSHDC,,,,,34.0
B09V3B4JZX,,,,7.0,
B09V3DGHSR,,,,,24.0
B09V45Q44J,,53.0,,,53.0
B09V4817JY,,,,20.0,20.0
B09V4CRK3C,133.0,,,,
B09V4HK427,,,,,53.0
B09V4MJFKZ,,,,,1259.0
B09V4PZ72Z,,,,,1259.0
B09V52ZBBJ,,,,,25.0
B09V57VMT8,,,,197.0,197.0
B09V594F96,,,,11.0,
B09V7BZ3NW,,,,,23.0
B09V7J9W79,,,,875.0,875.0
B09V7K44Z8,,,,,875.0
B09V7K5ZLH,,,,875.0,875.0
B09V7K5ZQD,,,,,875.0
B09V7K76VG,,,,35.0,
B09V7KX31X,,,,,875.0
B09V7L7J1Z,,,,,875.0
B09V7LFMK3,,,,,875.0
B09V7MMSCP,,,,,875.0
B09V7TLSGF,,,,116.0,116.0
B09V7ZRZQF,,,,,24.0
B09V9XWYX5,,,,779.0,779.0
B09VB16P7R,,,,56.0,
B09VB8DXPL,,,1.0,,
B09VB949DL,,35.0,35.0,,35.0
B09VBLTHXC,,,,21.0,
B09VC1MRS2,,,,,60.0
B09VC262QN,,,,,147.0
B09VC2L9ZJ,,,,,7.0
B09VCJZJS5,,,,,4.0
B09VCV7RG3,,,,,13.0
B09VD7QCQ4,,,,,4.0
B09VDFKZ4G,,,,56.0,56.0
B09VDGBDP1,,,,,13.0
B09VDGDD3W,,,,,10.0
B09VDGRFVJ,,,,,3.0
B09VDKQZ6V,,,310.0,310.0,310.0
B09VDL5K85,,310.0,,,310.0
B09VDLTP96,,,,,310.0
B09VDM35V3,310.0,,,,310.0
B09VDMVTKL,,310.0,,,310.0
B09VFT4DQY,,,,,415.0
B09VK51GR9,,,,,77.0
B09VKFWT1F,,,,,312.0
B09VKV1WGZ,,,,,45.0
B09VL4DWP4,,,,,447.0
B09VL8QRDT,,,,,4.0
B09VMZVN97,,,,35.0,35.0
B09VNHHRXK,,,,,16.0
B09VNQR751,,,,48.0,48.0
B09VP1PWHH,638.0,,638.0,,638.0
B09VP54H3R,,,,,36.0
B09VP7CGMX,,36.0,,,
B09VPGYBSZ,,37.0,37.0,37.0,37.0
B09VPK6TP8,,,,412.0,412.0
B09VPNNKYN,,,,60.0,60.0
B09VSZFNK6,34.0,,,,34.0
B09VT111K4,,,,,20.0
B09VT2MQWF,,,22.0,,
B09VT37QNY,,,,,54.0
B09VT41479,,,,,21.0
B09VT4D42F,29.0,,,,
B09VT6X15C,,4.0,,,
B09VT8H3R3,,,,,553.0
B09VT8P1P1,,,,496.0,496.0
B09VT8Q4ZM,,,,,553.0
B09VT9GDQX,,37.0,,,
B09VTC8YG1,,,496.0,,496.0
B09VX5PF1M,,,,,3.0
B09VXJQP6J,,,,,1.0
B09VXPSS9Q,,,,30.0,
B09VXVTGHK,,22.0,,,
B09VY3969J,,,,,52.0
B09VYTJF9D,,,,,131.0
B09VZ27LRN,,,29.0,,
B09VZPQ459,,,,,12.0
B09W1S1415,43.0,,,,
B09W1Y5VF5,,,,,9.0
B09W1YFS5B,8.0,,,,
B09W1ZM861,,,,6.0,
B09W1ZP8B6,,,,,173.0
B09W21RJR9,,,,,10.0
B09W22C43P,2.0,,,,
B09W22PJ8Z,,,,,4.0
B09W232NYS,,,,,173.0
B09W23D2MQ,,,,,33.0
B09W2412HF,,,,,32.0
B09W281VFZ,,,,,264.0
B09W28QR2F,,,,,264.0
B09W29VQ2K,,,,,50.0
B09W2CLL3C,,,,132.0,132.0
B09W2CWS6N,,,,132.0,
B09W2DJMLR,,,,,132.0
B09W2J6JDQ,,,,,9.0
B09W2JLZCY,645.0,,,,645.0
B09W322QMP,,,,,4.0
B09W3YVC9G,,,,,98.0
B09W59JVZS,,,,,2.0
B09W5BFNGQ,,,,,4.0
B09W5BKZ2R,,,,,1.0
B09W5DFKCW,4.0,,,,
B09W5MBNQT,,,,,34.0
B09W5NNYWG,,,,,113.0
B09W5SRNH2,,,,7.0,
B09W66FXXL,,30.0,,,
B09W8FG81Y,,,,,21.0
B09W91D7VB,,,,,21.0
B09W92DYZP,,,,,11.0
B09W95MBXW,601.0,,,,
B09W99K2Y9,,,,,201.0
B09W9FFDPX,,,,,275.0
B09W9HXJJL,,,,,30.0
B09W9KCKZZ,193.0,,193.0,,193.0
B09W9RH9QC,,,15.0,,
B09W9TDWB9,,,,,35.0
B09WB4KPBX,,,,,50.0
B09WBL85GF,,,,,50.0
B09WBT324M,,,,,50.0
B09WCNGZDD,,,,,19.0
B09WCS1VR7,,,,,25.0
B09WCTHMBF,,,,435.0,435.0
B09WCWCV8N,,,,45.0,
B09WD2NRZP,,,,,435.0
B09WD61RBT,,,,3466.0,
B09WDC7YLT,,,,64.0,
B09WDC8NLF,,86.0,,86.0,86.0
B09WDGLRW5,,,,,73.0
B09WDGYPQ6,,,,,1.0
B09WDJVX7L,,,,,15.0
B09WDKBNR8,,,,7.0,7.0
B09WDMNZ98,,,,,18.0
B09WDN6PF1,,,,,18.0
B09WDNNQ8X,164.0,,,164.0,164.0
B09WF5T41S,,,,27.0,27.0
B09WH5946R,,,,,8.0
B09WHJ1PQW,,,1.0,,
B09WHRH4HW,,,,,492.0
B09WJ1KVQL,,,,,2.0
B09WJBS4FK,,,,,11.0
B09WJWNLNZ,,,,195.0,
B09WK6467M,,,,,67.0
B09WK6FQYD,,,,,67.0
B09WK6JKTR,,,,,67.0
B09WKCZQM4,,,,,35.0
B09WKK554P,,,,,82.0
B09WL7ZRMJ,,34.0,,,
B09WLGCKB6,,,,57.0,57.0
B09WLHSY5N,,,,,843.0
B09WMNN29Q,,,12.0,,
B09WMQZPMB,,,,,32.0
B09WMRPSZV,22.0,,,,
B09WMRVSRQ,,,,58.0,58.0
B09WMSP5L4,,,,,56.0
B09WMYK1N4,,,31.0,,
B09WMZ9F67,,,,,1.0
B09WN955VH,,,,,9.0
B09WN9JN6P,,,,,2284.0
B09WQ4HV8T,,,,,111.0
B09WQLD2Z2,,,18.0,,
B09WQSXQZM,,,,,13.0
B09WR5WR5R,,,,,70.0
B09WRFTNH2,,,,,5.0
B09WRHPQCJ,,,,,19.0
B09WRJWRYT,,,,,738.0
B09WRKN51D,,,,,738.0
B09WT1KLQ2,40.0,,,,40.0
B09WTYVTQZ,,,,,19.0
B09WTZ4V4T,79.0,79.0,,,
B09WV34JTY,,,,1.0,
B09WV4RKVV,,,,,16.0
B09WVCF45C,92.0,,,,
B09WVDNSRK,,,,5.0,
B09WVHCZYP,,,,46.0,
B09WVJG39G,,,,,21.0
B09WVW2CX9,,,,27.0,27.0
B09WY156JY,,,,,141.0
B09WY3FFWQ,,,4053.0,,4053.0
B09WY3L7MT,,,,,2.0
B09WYJ45XK,,,,,98.0
B09WYJ52JL,,,,28.0,28.0
B09WYJQNB3,,,,,28.0
B09WYL9RV6,,,,,1.0
B09WYMNP66,,,,,14.0
B09WYSJK7D,,,,1390.0,1390.0
B09WYSTZ3W,,,,,1390.0
B09WYTVDWH,,,,,1390.0
B09WYTXK1S,,,,,1390.0
B09WZ49N12,,,,,492.0
B09WZ58CB4,,,,492.0,
B09WZ63NYN,,,,,492.0
B09WZ6PTB6,,,,,12163.0
B09WZJKJ3S,,,15.0,,
B09WZW3HV3,195.0,,,,
B09WZWX19M,,,,,97.0
B09WZY1J8J,,,,72.0,
B09WZZDKNC,,,,,66.0
B09X13VV9T,,79.0,79.0,,
B09X1523TT,,46.0,,,
B09X16LWT8,,,,,79.0
B09X1HRBXJ,,2396.0,2396.0,2396.0,2396.0
B09X1Q3RDM,,95.0,,,95.0
B09X25XP5M,,,,,27.0
B09X2CCQCW,,,,,45.0
B09X2D4B4M,,,,,45.0
B09X2Y85W4,,,,,153.0
B09X31FGR7,,,,,73.0
B09X329SSK,1425.0,,1425.0,1425.0,1425.0
B09X33N4XW,,,252.0,,252.0
B09X33TVVW,140.0,,,140.0,
B09X34VWXM,,208.0,,,208.0
B09X3Z5TQN,,,,,7.0
B09X588G6L,,,,,128.0
B09X5BY1S7,,,,,11.0
B09X5DR4CX,,,30.0,30.0,
B09X5JKVD3,,42.0,42.0,42.0,42.0
B09X6H4Q3P,,,20.0,,
B09X9B4TQC,,,,8.0,8.0
B09X9FHHS6,,,,,374.0
B09X9MLT4W,,,,,30.0
B09X9P86MS,,,,,51.0
B09X9R1NP1,,,,,1.0
B09X9RJ7D8,,,,,374.0
B09X9S8P4M,,,,,374.0
B09X9ZVWFH,,,,,49.0
B09XB1C7K5,1069.0,1069.0,1069.0,1069.0,1069.0
B09XB31ZQ7,,,,,116.0
B09XB329WR,623.0,623.0,,,623.0
B09XB4T2RH,,,,,12163.0
B09XB653WY,,,,,492.0
B09XBCCZS7,,,,,274.0
B09XBD23GS,,,,,106.0
B09XBG2FP4,,,,,58.0
B09XBHG8XK,,,106.0,106.0,
B09XBKS9LJ,,,,,106.0
B09XBS4F7T,,,,,3.0
B09XBYGMY7,,24.0,,,24.0
B09XBZR7HY,20.0,,,,20.0
B09XCV82WG,,,130.0,,
B09XD4K1XF,,,,,17.0
B09XD9NK4R,,,,,55.0
B09XDKLCSC,,,,,240.0
B09XDL82LM,,,,,13.0
B09XDVRH2L,,,,,20.0
B09XDYVZGS,,,,40.0,40.0
B09XFB9W86,,,,,242.0
B09XFC1H94,,,,,242.0
B09XFDVJBR,,,,,242.0
B09XFFF1TK,,,32.0,32.0,32.0
B09XFGMGZD,,,,16.0,16.0
B09XFJ6R8Z,,,,,16.0
B09XGGX8QB,,,,,11.0
B09XGMK9H6,,,,,25.0
B09XGVD6ZW,,,,,118.0
B09XH4YFD3,573.0,,,,573.0
B09XHD5JNG,,,,,92.0
B09XHNS59M,,,,,34.0
B09XHS171J,,,,,114.0
B09XHS94SD,,,,23.0,
B09XJ83DMT,,,,,75.0
B09XJPQLYQ,,,,,187.0
B09XK3FB6S,,,,,37.0
B09XK8HCLY,,,,36.0,
B09XLQZNM5,,,,,24.0
B09XLR7DDY,,,,,51.0
B09XM5GT7T,,,,200.0,
B09XM5RWS9,,,,,9.0
B09XM8RF7D,,,,13.0,
B09XMG9HBY,,,,,7.0
B09XMGPRLT,,,,,9015.0
B09XMMSV2B,108.0,,,108.0,108.0
B09XMS43NC,,,26.0,,
B09XMS7K6Q,1382.0,,,,
B09XMSFXCS,,,,,26.0
B09XMT8CV3,,,,7.0,
B09XQ3238X,,,,,19.0
B09XQ8HLMB,,12.0,,,
B09XQDKK9H,,,,,531.0
B09XQK3NYB,,,,,58.0
B09XQKSLK5,,,,4.0,
B09XQM9PG9,,,,,70.0
B09XQR3X5V,,11.0,,,11.0
B09XQTJGJ4,,,44.0,,44.0
B09XQWWZFC,,,,8.0,
B09XRG2JPS,,,,,83.0
B09XTK3632,5.0,,,,
B09XTR2NBQ,,,,24.0,24.0
B09XTYXWYG,,,,,3.0
B09XVFVKCH,,,,,33.0
B09XWB6ZD2,,,,,630.0
B09XX296FS,,,,,33.0
B09XXCVC58,8.0,8.0,,,
B09XXD6WSV,,,,,365.0
B09XXHM732,8.0,,,,
B09XXN7TNN,,,27.0,27.0,27.0
B09XXP1TCR,,,154.0,,
B09XXSS5PB,,,,,13.0
B09XXSYTF5,,,,,25.0
B09XZQM9XB,,,,,7.0
B09Y13PDM5,,,,,200.0
B09Y1GH1T6,,,,,23.0
B09Y2Q2D2S,20.0,,20.0,,20.0
B09Y2WSM7P,,,,95.0,95.0
B09Y2XZT3Q,,,,,95.0
B09Y3JFG35,67.0,,,,67.0
B09Y4588RP,,,,,49.0
B09Y4P569H,2.0,,,,
B09Y5B7ZK2,2.0,,,,
B09Y5RBVQN,,45.0,,,45.0
B09Y5RC6WZ,33.0,,,33.0,
B09Y5SXNBM,,,,4.0,
B09Y5WL44H,12.0,,,,
B09Y82FL2Y,,,,,791.0
B09Y8KYGYP,,,,31.0,31.0
B09Y8SJ3V1,,,,,125.0
B09Y8VVHX5,,,,,125.0
B09Y8ZBDWV,,,,,2.0
B09Y9263NT,,,,,1.0
B09Y92B76L,,,,,1.0
B09Y9BP98H,,,,,151.0
B09Y9ZQ4DG,,,56.0,56.0,56.0
B09YB8Y693,,,,56.0,56.0
B09YBPD3GF,,,,,56.0
B09YBTKQPB,,,,56.0,56.0
B09YC6KRR7,,,,15.0,
B09YC9JJK5,,,,,901.0
B09YCCC7MH,,,,60.0,
B09YCHCDV8,,60.0,,60.0,60.0
B09YCHGW9M,875.0,875.0,,875.0,875.0
B09YCJTCLR,,19.0,,,19.0
B09YCK3VPK,,,,60.0,60.0
B09YCLMK2F,,,,,53.0
B09YCPW9NW,,,,25.0,25.0
B09YCR7VQD,,,,,3.0
B09YD5XCTX,30.0,,30.0,,30.0
B09YD7X3M9,,,,30.0,30.0
B09YD8BDGX,,,,,3.0
B09YD8VTJC,,,,80.0,
B09YGKS3VS,,19.0,,,
B09YGVW7VX,,,,,734.0
B09YGYKKMH,,,,,2.0
B09YGZKWLL,,,,,8.0
B09YH1WGW9,,,,,697.0
B09YH4FLZB,,,,36.0,36.0
B09YH4L79H,,,,,11.0
B09YH7SYLM,,1382.0,1382.0,,1382.0
B09YHH5BSN,,,,,773.0
B09YHMNTLH,,,7.0,,
B09YHTN2CK,,,,,39.0
B09YLF4HWB,,,,,6.0
B09YLFY7B5,,,,,76.0
B09YLKSYMC,,,,,18.0
B09YLRH235,,,,,47.0
B09YM1KQKQ,,,3.0,,
B09YM35NSY,,,,,2.0
B09YMGZ49D,,,,11.0,
B09YN91L7W,,,,,42.0
B09YNF2RXH,,,,,323.0
B09YNMKLBS,,,,,3.0
B09YNMX4GN,,,,,20.0
B09YNP62GS,,,,,60.0
B09YNQ5VNY,,,,,17.0
B09YNQFYPC,,,,47.0,47.0
B09YNRXPWB,,108.0,,108.0,108.0
B09YPYMGNC,,,,,1643.0
B09YQ2F5RV,,,65.0,65.0,65.0
B09YQXCRXB,,,,,22.0
B09YRCCFLH,,,,,82.0
B09YRCYG6H,,,,12.0,
B09YRD3GKD,82.0,,,,
B09YRLB78W,96.0,96.0,,,96.0
B09YRTMYJT,,,,,8.0
B09YS1YNQR,,,,561.0,
B09YTVHF8Y,,,,,35.0
B09YV32CRL,,,,,4.0
B09YV56SMB,,,,,11.0
B09YWVHFMW,,,,,61.0
B09YX1YSG2,,,,,61.0
B09YX4F9H7,,,,,61.0
B09YX6HP87,,,46.0,,
B09YXDMVRN,,,,61.0,
B09YXGLHYM,,,,2.0,
B09YXLW3BK,,,173.0,173.0,173.0
B09YXRW23Q,,,,,121.0
B09YXYMXYZ,,,,30.0,
B09YY1HD1H,,27.0,27.0,,27.0
B09YY693JP,,,,,121.0
B09YY6MZ9N,,,,66.0,66.0
B09YYFR297,,,,,113.0
B09YYHYML2,,,,,673.0
B09YYJRC8M,,,,,35.0
B09YYZV8SB,,,19.0,19.0,19.0
B09YZ3FKDM,,,,13.0,13.0
B09Z1VYBMR,,,,,2.0
B09Z277N24,,,,38.0,38.0
B09Z28TLC8,,,4.0,,
B09Z29QZLT,280.0,,,,
B09Z2BG99F,,,,,8171.0
B09Z2CRV1T,,,,1.0,
B09Z2JX69R,,,,,471.0
B09Z2N6KS2,,,,,582.0
B09Z2QQ294,6.0,,,,
B09Z2S2KCX,,,,,27.0
B09Z2SC299,,,,,27.0
B09Z2TBNYC,,,27.0,27.0,27.0
B09Z31QXMB,,,,,32.0
B09Z33RKHV,,31.0,,31.0,31.0
B09Z595DJK,,,,,41.0
B09Z5N8FM6,,,,,3.0
B09Z66H9VQ,,,,67.0,67.0
B09Z6722YD,,,,,9.0
B09Z6HB4GT,,,,,12.0
B09Z6JR3S1,,,,2.0,
B09Z6K4JHB,,,,,37.0
B09Z6L1KYQ,50.0,,,,
B09Z7LYX7L,,,,,103.0
B09Z7N7J56,,,245.0,245.0,245.0
B09Z8XXR2L,,,,,16.0
B09ZB3LYRS,,,,13.0,
B09ZB9KN9L,,,,,17.0
B09ZDK285N,,,,,33.0
B09ZDKMSS8,225.0,,,,225.0
B09ZF2WH3B,62.0,,,62.0,
B09ZFC7Z32,,,,4.0,
B09ZHLXNQG,,,,17.0,17.0
B09ZHV8MPY,,,,,213.0
B09ZHW2ZVZ,,,,,61.0
B09ZHX415V,,,,,213.0
B09ZK6GRN6,,,,,1.0
B09ZK88Q3S,,,,,2.0
B09ZKKBN1L,,,,93.0,93.0
B09ZKZXBJX,,,,,881.0
B09ZL24GLM,,,,,8.0
B09ZL2JWR7,,,,62.0,62.0
B09ZL74VWV,,,,,8.0
B09ZLC675W,,239.0,239.0,,
B09ZLCRQT3,,,,,50.0
B09ZLK5JV3,,,,,67.0
B09ZLLSTH1,,,,,12.0
B09ZNJWGPF,,,19.0,,
B09ZNW4WBR,9.0,,,,
B09ZNYF5C4,,,,,4.0
B09ZNYP4X5,,,,,4.0
B09ZP2DJHL,,,,,3.0
B09ZP4JZ6C,205.0,,205.0,205.0,
B09ZP54WRF,,,,,170.0
B09ZP5CZH4,,,,,205.0
B09ZPBNNC7,,,105.0,,105.0
B09ZPDRZC3,,,,,12.0
B09ZPDV77D,,,,15.0,
B09ZQFD4MX,,,,74.0,74.0
B09ZQFHLWK,,,,,5.0
B09ZQL4JH5,,30.0,,30.0,30.0
B09ZQLM8QL,,,,,2421.0
B09ZQLX881,,,,,2421.0
B09ZQRCNGY,32.0,,,,
B09ZQSF4JC,,,,,1.0
B09ZQTHXGW,,,,,141.0
B09ZRJHJG9,,,,,17.0
B09ZS17M2M,,,,,27.0
B09ZTKM31S,,,,4746.0,
B09ZTL51ZJ,,,,,128.0
B09ZTWK4Y9,,,,22.0,22.0
B09ZTX62JV,,,,22.0,22.0
B09ZTX85M6,,,,,156.0
B09ZTXKFTB,,,,,6.0
B09ZTXPFDM,,,,,143.0
B09ZVDJJRB,,,,,2.0
B09ZX81G99,,6.0,,,
B09ZXGS2H3,,,881.0,,
B09ZXH8MY6,,,,,39.0
B09ZXM74GZ,881.0,,,,
B09ZXVMXWQ,,,,,6.0
B09ZXXWWHL,,,,,24.0
B09ZY3NFSF,166.0,,,,166.0
B09ZY911K9,,,,881.0,881.0
B09ZYGTMPF,,,,638.0,
B09ZYHLYTS,,,638.0,,
B09ZYJ274V,,,,28.0,
B09ZYLCZ57,,,,,50.0
B09ZYMXGB4,,,,,50.0
B09ZZJ9YQL,,,,,18.0
B0B11LRDQN,139.0,,139.0,139.0,139.0
B0B126T4CM,77.0,,,77.0,77.0
B0B12RSWHY,,,,,29.0
B0B12W2B7H,16.0,,,,
B0B13X9HMZ,,,,,42.0
B0B13XFDS5,,,651.0,,
B0B141CD8C,,,,,42.0
B0B145GFX8,,,,,154.0
B0B1468VT9,,866.0,,,
B0B148N6G7,,,651.0,,
B0B14CVLML,,,,,154.0
B0B14F5QVM,,,,,180.0
B0B14GG6NC,,,,,651.0
B0B14HDPK6,,,958.0,,
B0B14HJZBZ,6450.0,,,,
B0B14J1DYX,,,,,180.0
B0B14K5X7C,,,269.0,,269.0
B0B14N1LDS,,,,42.0,
B0B14N1XL8,,,,,180.0
B0B14QSQSQ,866.0,,,,
B0B14R41SQ,,,,,601.0
B0B14RJ9PP,,,,,180.0
B0B14S6S1N,,,,,601.0
B0B14SFSYX,,,,,601.0
B0B14SGK8B,,,,,601.0
B0B14T7Y62,,,,,601.0
B0B14V6F8T,,2286.0,2286.0,2286.0,2286.0
B0B14VJLLX,175.0,,,,
B0B14VXVV8,2286.0,,2286.0,2286.0,2286.0
B0B157Y2WB,,,,1.0,
B0B15CCWJX,,,,,135.0
B0B15FNRZY,20.0,,,,
B0B15NW2S9,32.0,,,,
B0B16659PN,,,32.0,32.0,32.0
B0B177WKCD,,,,,70.0
B0B177YFHV,,,,,1.0
B0B17JJN9Y,,,176.0,,176.0
B0B17L43QF,,,,,154.0
B0B17N969L,,,,,10.0
B0B17QDG3D,,,,154.0,154.0
B0B17RYKRW,,,,,60.0
B0B17WTV42,,,,3821.0,3821.0
B0B17ZY1RS,,,,,49.0
B0B182D86D,49.0,,,,
B0B187C6GR,,,,,28.0
B0B18BDR3Z,,,,,46.0
B0B18CQ4RM,,,23.0,,23.0
B0B19Z86KB,,,,,49.0
B0B1B2YT5N,,,6.0,,
B0B1CCFLXX,560.0,,,,
B0B1CCYG4L,,,,560.0,
B0B1CGX87P,,,,,1.0
B0B1CTTBCX,,,,,39.0
B0B1CXD86K,,,32.0,,32.0
B0B1CXRGFR,,,,,63.0
B0B1CXXHV6,,,,,46.0
B0B1D24XB1,,,,8171.0,8171.0
B0B1D5MNXW,,,,,3.0
B0B1D9NLRQ,,,,56.0,56.0
B0B1DGZXZN,,,,,92.0
B0B1DH5NZW,,,,175.0,175.0
B0B1DJVGP4,,,,,6.0
B0B1DPXR2Q,154.0,,154.0,,
B0B1FWXG6J,,,,,227.0
B0B1GRKD8T,,,,,15006.0
B0B1HMC5DT,,,,,53.0
B0B1HP6GGC,,,,,1898.0
B0B1HTFVQK,,,,,20.0
B0B1HWK1T3,,23.0,,,23.0
B0B1J26H2B,22.0,,,,
B0B1J3NXBZ,,44.0,44.0,,44.0
B0B1KR2GJM,,,,,412.0
B0B1L8BLYY,,,522.0,522.0,522.0
B0B1LT8L9M,,,,,44.0
B0B1LTQMJF,,,,,44.0
B0B1LTRW8D,,,,44.0,
B0B1LW2SXJ,,,,,32.0
B0B1LWF7XG,,,,,44.0
B0B1LWNVMY,,,,,44.0
B0B1M33HM1,,,,,25.0
B0B1M5P4DQ,,,,,119.0
B0B1MC5TQF,,,,,34.0
B0B1MCKG7H,,,,15.0,15.0
B0B1MTJBMX,186.0,186.0,,,186.0
B0B1PXTQ5Z,,,,,285.0
B0B1PYK5ZJ,,,,30.0,
B0B1PZ4WX4,,,,,30.0
B0B1Q7MHM8,592.0,,,592.0,
B0B1QB6MYM,,,,,4.0
B0B1QPMM6Y,,,,98.0,98.0
B0B1QSC5PR,,,,32.0,32.0
B0B1QZLB6P,,,,,79.0
B0B1T6KTTG,677.0,,,677.0,677.0
B0B1T85SLH,,,,,254.0
B0B1TDXBFV,,,,6.0,
B0B1TGWLQG,,,,,6.0
B0B1TJGQL3,,,,,36.0
B0B1TKMDV9,,,,,33.0
B0B1TRT44L,,,,36.0,
B0B1TTSR9B,,,,,2.0
B0B1TYTV7Y,2.0,,,,
B0B1V4MF23,,,,,28.0
B0B1VZ8G7Y,,,,102.0,102.0
B0B1X6NWH7,,,,,4.0
B0B1X8LC7R,,,,60.0,60.0
B0B1Y9YSGM,149.0,,,,
B0B1YZCD92,,,,,6.0
B0B1Z7WVZ3,,,,,29.0
B0B1ZLH4SK,,,,,1.0
B0B1ZQKM19,,,,,30.0
B0B1ZSJNR9,,,,,31.0
B0B1ZVVP8X,,,,,19.0
B0B1ZW14CS,,,,13.0,
B0B1ZXVR3K,,,,31.0,31.0
B0B1ZYF8ZN,,,,15.0,15.0
B0B1ZYH96Q,,,,31.0,
B0B1ZYLGKL,,,,21.0,21.0
B0B1ZZCVRW,,,,31.0,
B0B2133RD7,,,,,19.0
B0B213CPCH,,,192.0,192.0,
B0B21M5MD8,,,,,81.0
B0B21Q941B,,,,77.0,77.0
B0B21X775M,,,,28.0,28.0
B0B2216RTB,,,,88.0,88.0
B0B221G923,,,,,88.0
B0B221RHWN,,,,,88.0
B0B222DRQB,,,,88.0,88.0
B0B223WLW9,,,,,88.0
B0B23KV9KH,,,,,2.0
B0B23M19WL,,,,3821.0,3821.0
B0B23R6T65,,,,,4.0
B0B24S5QXM,,,,15.0,15.0
B0B24TGVFZ,,,,,8171.0
B0B257PFGR,,,,12.0,12.0
B0B257SWTQ,,,,,264.0
B0B25BBQS6,,,264.0,,
B0B25BP8BC,,,,,264.0
B0B25CSY3P,,,,,68.0
B0B25FY6P6,,,,,8.0
B0B25S3BKM,,,,,3.0
B0B25SSMGP,,295.0,,,
B0B27HSW27,,,,553.0,
B0B27HSWYW,,,,,293.0
B0B27HVBS5,,,,,3.0
B0B27TT1MX,,,,,553.0
B0B27WNQBF,293.0,,293.0,,293.0
B0B27ZWQQT,,,,,28.0
B0B281S2BV,,,,,9.0
B0B28534FD,13.0,,,,13.0
B0B286SB6D,,,,119.0,119.0
B0B28CM1R6,,,,,28.0
B0B28QLGZ8,,,,2011.0,
B0B28SVSZC,,,,,15.0
B0B28VDN3J,,,,,15.0
B0B28VG3FB,,,,15.0,
B0B292LLVD,,,10.0,10.0,
B0B292LWZW,,,,,10.0
B0B292TTDR,,,,,10.0
B0B292VVD2,,,,,10.0
B0B293DL3C,118.0,,,,
B0B295BDTV,,,59.0,,59.0
B0B2988CFN,,,,,182.0
B0B2BY55PP,,,,,333.0
B0B2CP6BMT,,,,,98.0
B0B2CWYW9Q,,,,,155.0
B0B2CYY4YJ,,,,,155.0
B0B2D457WD,,,1.0,,
B0B2D8TB2N,278.0,278.0,,278.0,278.0
B0B2DL2C8D,224.0,,,,
B0B2DT974Q,36.0,36.0,36.0,36.0,
B0B2F77WK2,,,,,10.0
B0B2HSGFLP,44.0,,,,
B0B2HY722P,,,,,13.0
B0B2HZGQDF,,50.0,,50.0,50.0
B0B2J5G1QH,,,,28.0,28.0
B0B2JH25P1,,,,,13.0
B0B2JP6Y1J,,,,,3466.0
B0B2JP8F88,,,,,3466.0
B0B2JPGQTR,,,,,3466.0
B0B2JPV115,,,,,3466.0
B0B2JPW1T1,,,,,3466.0
B0B2JPZH4K,,,,,15.0
B0B2JQCDV6,,,,3466.0,3466.0
B0B2JQV2XD,,,,,3466.0
B0B2JRTWN6,19.0,,,19.0,19.0
B0B2JWYX7H,,,,29.0,
B0B2JYCFX8,,,,255.0,255.0
B0B2JYSP9T,,,,,255.0
B0B2JZLDDN,,,,12.0,
B0B2K1DCSC,,,,,255.0
B0B2KNDGWY,85.0,,85.0,,
B0B2KRXSYD,8.0,,,,
B0B2LGSSWN,44.0,,,,44.0
B0B2LP2J4N,,,,,157.0
B0B2M7387T,,,,,3.0
B0B2MN1653,,,,,5.0
B0B2MTGSHC,,,,,45.0
B0B2MTNQZ3,,,,,15.0
B0B2NS49PK,,,,,699.0
B0B2NWZ5FZ,117.0,,,,
B0B2NYCYJB,,,,,202.0
B0B2NZ7RJF,,496.0,,496.0,496.0
B0B2NZXV34,,,202.0,,
B0B2P24R59,,,,,496.0
B0B2P39G8G,,,,,95.0
B0B2P5ZLP2,,,,,1.0
B0B2P91WH3,,,,,36.0
B0B2PB5PR8,,,,,37.0
B0B2QKCR3D,,,,,85.0
B0B2QNLMCS,,,,,5.0
B0B2QV368M,,,,5.0,
B0B2QVBXPW,,,7.0,,
B0B2R2KWFB,,,,,57.0
B0B2R3QCCY,,,,,11.0
B0B2R7KJVQ,,,,,36.0
B0B2RG14FH,,,,,32.0
B0B2RGGXVN,,,,4.0,
B0B2RGNMB6,,,,,6.0
B0B2RMG93H,7.0,,,,7.0
B0B2RMTMN3,,,,,20.0
B0B2RSKZYJ,,,,,103.0
B0B2RWVBN3,,,,,2.0
B0B2TTYVQ3,,,,,23.0
B0B2VPBXZ4,,,,,475.0
B0B2VPRVCG,47.0,,47.0,,47.0
B0B2VPYVNP,,,475.0,,475.0
B0B2VRQDC8,,,,,210.0
B0B2W1CGKY,34.0,,,,34.0
B0B2W4FWN5,130.0,,,,
B0B2W84FHL,,,,,129.0
B0B2W88VGS,,129.0,,,
B0B2WC3S9Z,,,,6.0,6.0
B0B2WR6K8J,,,,,8.0
B0B2Z6342Y,,66.0,,,
B0B2Z6SFB2,,,,,4209.0
B0B2ZDXXQJ,,,,,2244.0
B0B2ZNNJ3W,,,,,4209.0
B0B2ZSCMJF,,,116.0,,
B0B31JY339,21.0,,,,
B0B31LHMVN,,,,44.0,
B0B31MVFPF,,,,,94.0
B0B31P2JVC,,,94.0,94.0,
B0B31TMGZR,,,,,4.0
B0B33DZT1T,168.0,,,,168.0
B0B3476P5J,,,,,27.0
B0B34TRR3R,,105.0,,,
B0B36G758L,,,,,66.0
B0B37F1DTH,,,72.0,,72.0
B0B38924J6,,,7.0,,
B0B389F2DC,,,,,54.0
B0B38C9SX5,,,54.0,,54.0
B0B38JX29M,,,,,166.0
B0B38PJD1L,32.0,,,,
B0B38WTL33,33.0,,,,
B0B38YTMSN,,,143.0,,143.0
B0B391P9QY,,,,,13.0
B0B392F6F7,,,,,5.0
B0B393SNYP,,,,,986.0
B0B3BL8H7Y,,,58.0,,
B0B3CMG94P,,,,,150.0
B0B3CMJ15Z,,,,150.0,150.0
B0B3D5M1BC,,,,,3.0
B0B3D6LXY6,,,,,4.0
B0B3D87B91,,,,280.0,
B0B3DFQG13,,,,,45.0
B0B3DHM745,,,,45.0,45.0
B0B3DRVKWM,,,,,40.0
B0B3DVRGBV,,,893.0,,893.0
B0B3F1BCFK,,,,392.0,392.0
B0B3GZBGFR,,,,,123.0
B0B3HBYRJ8,,,,3.0,
B0B3HFTW69,,,,38.0,
B0B3HK722X,,,,123.0,
B0B3HNWDL8,,,,,51.0
B0B3HTVDZV,,,,,333.0
B0B3J38ZDZ,,,,,54.0
B0B3JBN3FJ,,56.0,,,
B0B3JCT89K,,,,,155.0
B0B3LG9YWR,,,,88.0,
B0B3LKB75H,,,,28.0,28.0
B0B3LLDW7R,,,,,7.0
B0B3LLXCH6,,,,28.0,28.0
B0B3LM991P,,,,270.0,270.0
B0B3LMH4HP,,,,149.0,149.0
B0B3LMSJ5T,,7.0,,,
B0B3LNP2F7,,,,,6.0
B0B3LSM2TK,,,,88.0,
B0B3LVSJHN,,,,270.0,
B0B3LXYW52,,,,,20.0
B0B3M2FVXT,,,,,270.0
B0B3M729GW,,,,,54.0
B0B3M7H3K9,,,,,52.0
B0B3MFHKYV,,,,186.0,
B0B3MGTVB4,,,,,186.0
B0B3MPCRGS,,,,,19.0
B0B3MSDYM5,,,30.0,,
B0B3MSR7GH,,,,,469.0
B0B3MTJX79,,,,,19.0
B0B3MZNSJ4,,,,,2.0
B0B3N99W85,,,,84.0,84.0
B0B3QJ3HLQ,,,,29.0,29.0
B0B3R6LMYD,31.0,,,,
B0B3R9GV18,138.0,,,,138.0
B0B3RCRZ5L,,,,,14.0
B0B3RFR6QN,,,,,12.0
B0B3RK187Y,,,53.0,,
B0B3RK2LBQ,,,,308.0,308.0
B0B3RMM6QL,,,,,186.0
B0B3T5FHWK,,,,,13.0
B0B3TG4Q5M,,,,21.0,
B0B3VM8CZ2,,,,,8.0
B0B3VS14ZL,123.0,,,123.0,
B0B3WQRNFR,,,,,186.0
B0B3WRQ8HH,,,82.0,,
B0B3WWFRJD,73.0,,73.0,,73.0
B0B3X9D1RD,,,,,28.0
B0B3XB6GWY,,,,,450.0
B0B3XC9DXL,,,,,92.0
B0B3XCY3FX,,,,,8.0
B0B3XDNJZC,,,,,51.0
B0B3XDZ5Q1,,,,60.0,60.0
B0B3XF14GZ,,,,,51.0
B0B3XFMZ5N,,,,,51.0
B0B3XJNL47,26.0,,26.0,26.0,
B0B3XKPXBC,,,39.0,,39.0
B0B3XSQZ7X,,,,,16.0
B0B3XWTVP7,,,,,11.0
B0B3XZCF2K,,,,,3.0
B0B3Z18TPS,29.0,,,,29.0
B0B41DGH5N,,,,,59.0
B0B41KN6RC,,,,349.0,
B0B41QPFDX,,,,,349.0
B0B4278B9N,,,,22.0,
B0B427TH7X,,,,,31.0
B0B42BGFCX,357.0,,,,357.0
B0B42CWTFG,,,,,1.0
B0B42JZWD9,,,,3.0,
B0B42LW6M4,,,,,141.0
B0B42ZRRF6,240.0,,,,240.0
B0B431L91D,399.0,399.0,,399.0,399.0
B0B432C3PB,,,,34.0,34.0
B0B432CK33,,,,,244.0
B0B435WKHZ,,,,,525.0
B0B43YKWYM,,,,,99.0
B0B44885XF,,,,,98.0
B0B44HJRVC,263.0,,,263.0,263.0
B0B44KPQX1,,,98.0,,98.0
B0B44PLHPK,436.0,,436.0,,436.0
B0B44PVQ9M,,,,,30.0
B0B457XVYV,,,,19.0,19.0
B0B45DGM17,,,39.0,39.0,39.0
B0B45ST7HM,,,,,36.0
B0B45X59T6,,,,,3.0
B0B45XM3WT,,,,,27.0
B0B46L8M19,,,,,1259.0
B0B46NL7LS,,,,,21.0
B0B46QYBFP,,,,,8.0
B0B47RGNLJ,38.0,,,,
B0B47VW553,,,,,121.0
B0B48H74Q2,,,,,135.0
B0B49GQFZF,,,,,17.0
B0B49WD9M5,,,,,1.0
B0B49X9BPW,,,,,875.0
B0B49YQHLS,,,,48.0,48.0
B0B4B9B97B,,,,,21.0
B0B4BB63Y2,,,,,21.0
B0B4BF67YG,,,,,76.0
B0B4C5NTY3,,,,,20.0
B0B4CB5XYW,,,,17.0,17.0
B0B4CHCGQ7,3.0,,,,
B0B4D53QMY,,,,6.0,
B0B4D5S2S1,,,,,16.0
B0B4DGBSB4,,,,,325.0
B0B4DHV3L8,,,,579.0,579.0
B0B4DJGJ1K,,,,,579.0
B0B4DK8JHL,,,,579.0,579.0
B0B4DL5X8P,,,,78.0,
B0B4DNMQ46,,,,57.0,57.0
B0B4DPSBRD,,,,57.0,57.0
B0B4DQPGMJ,,53.0,,,
B0B4DSMPJG,,,17.0,,
B0B4F21VMQ,,,,,150.0
B0B4F29JPH,,,,,45.0
B0B4FR5Z3B,,,,,19.0
B0B4G1P8LV,,,,7.0,7.0
B0B4GXHMLL,,,,8.0,
B0B4H9C4SL,,,,,51.0
B0B4HC1WZV,,,90.0,90.0,90.0
B0B4HKG4Z4,,,87.0,,
B0B4HKQT5R,,,,,87.0
B0B4JCQ2ZG,,,,,511.0
B0B4JCS3P1,,,,,511.0
B0B4JNGCCG,,,,18.0,18.0
B0B4JQ2QL4,,,,,11.0
B0B4JRVLC6,,,,,77.0
B0B4JSHJBV,,,,,6.0
B0B4K3HRP4,,,,,14.0
B0B4K56QNR,,,,,197.0
B0B4K98SN4,,,,,83.0
B0B4KCVCXZ,,,,,6.0
B0B4KCXWG5,,,,71.0,
B0B4KD42B7,,,,,7.0
B0B4KDR7ZC,,,,47.0,47.0
B0B4N2TT8D,,,,,128.0
B0B4N4N3M7,,,,,128.0
B0B4NCVCX7,,,,,4.0
B0B4NHNWYL,,,,,54.0
B0B4NP3HB4,255.0,,,,
B0B4NT68C5,,,,20.0,20.0
B0B4NX42VY,,,,,213.0
B0B4NY16Q4,,,22.0,,
B0B4NYP8QK,,,,,213.0
B0B4P11Z9T,,,,213.0,213.0
B0B4PR1FDC,,,,32.0,32.0
B0B4PW1K3Z,,,374.0,374.0,374.0
B0B4QTMFZS,,,,,47.0
B0B4R5C8L6,,,,,47.0
B0B4RB6QCN,,,,,47.0
B0B4RN5JZR,,,,47.0,47.0
B0B4S136MP,51.0,,,,51.0
B0B4S1TKJS,,,132.0,,
B0B4S62S7D,,,,,9.0
B0B4S93HK4,,,,5.0,
B0B4S9GL1C,,,,,2.0
B0B4SFVVY8,,,,,4.0
B0B4SJ7JXT,,,2286.0,2286.0,2286.0
B0B4SNXJ59,,,,37.0,37.0
B0B4SP4WZ7,,,37.0,37.0,37.0
B0B4SP5CNT,,,,51.0,
B0B4SZJ6F7,2.0,,,,
B0B4T2C6MK,,360.0,,,360.0
B0B4T54PWD,,,,360.0,360.0
B0B4T6YLRN,,,,360.0,360.0
B0B4TCLPWQ,,,8.0,,
B0B4TVXMXB,,,,247.0,
B0B4V4XQN9,,,,,132.0
B0B4V6KJ6L,247.0,247.0,,,247.0
B0B4VLHJKC,,,,779.0,779.0
B0B4VQ4BVR,,,,,1.0
B0B4VS34FP,,248.0,,,248.0
B0B4VVYRCD,,,,,80.0
B0B4W33RGP,,,,14.0,
B0B4W6R32J,,,,,117.0
B0B4W99DBY,,,,117.0,
B0B4WBNYXJ,,,,,4.0
B0B4WCJJTV,,,,7.0,
B0B4X2Y516,,17.0,,17.0,17.0
B0B4Z766WT,896.0,,896.0,896.0,896.0
B0B4Z9BHPD,,22.0,,,
B0B4ZWBDWJ,,,,64.0,64.0
B0B51822SX,,,,,38.0
B0B51BDSPM,,,,36.0,36.0
B0B51D2198,,129.0,,,
B0B51GTVW4,,,,14.0,
B0B51HNP1J,,,,16.0,16.0
B0B51HWM92,,,,,205.0
B0B51J62L8,,,,,13.0
B0B51K88TR,,,,,8.0
B0B51KPLVD,,,,,205.0
B0B51LV7TS,7.0,,,,
B0B51MTS79,35.0,35.0,35.0,,35.0
B0B51N49TD,,,,14.0,
B0B51NR3P2,,,51.0,,51.0
B0B51QFBH3,,,,,5.0
B0B51VR8D4,,,,,80.0
B0B51W573F,,,,,51.0
B0B525C8DC,18.0,,,,
B0B529MK48,,,,,18.0
B0B52B76S5,,,,36.0,
B0B52YHRDH,,,,,16.0
B0B533RGLC,,,99.0,,99.0
B0B536D9T8,,,115.0,,
B0B536T44K,,,,115.0,115.0
B0B53CX3P6,,,,843.0,843.0
B0B53GCCJX,,,,1048.0,
B0B53GF2GD,,,,,1048.0
B0B53GMWD7,,,,,7.0
B0B53GVWPQ,,,,,9.0
B0B55YCVWF,428.0,,,428.0,428.0
B0B55ZH7VD,,,176.0,,176.0
B0B55ZMFL9,,,,,428.0
B0B56DVSTC,,,,41.0,41.0
B0B56G9THC,1823.0,,,1823.0,
B0B56HP9N5,,19.0,,19.0,
B0B56LH3VZ,,,,8.0,
B0B56P1R3F,87.0,,,87.0,
B0B56QWS9X,,,,119.0,119.0
B0B56VSRNL,,,,,2990.0
B0B56YGCQ8,,,68.0,,
B0B5763RTF,,,,61.0,
B0B577Z52W,,,,,61.0
B0B57K5F14,,,,,477.0
B0B57LXB3H,,,,,5.0
B0B57PBSWD,,,,,254.0
B0B58786NX,,,,,94.0
B0B58DJ89W,,,,,531.0
B0B58Q6YG9,,,,,2.0
B0B58VWT4D,,,,,56.0
B0B591DJZD,,,,56.0,56.0
B0B59F77FH,,,,,67.0
B0B5CJN5WX,,,,1259.0,
B0B5CSKJ4W,,,,21.0,
B0B5DCDP9C,,,,,32.0
B0B5DCL45F,,,44.0,,
B0B5DLT5LB,32.0,,,,32.0
B0B5DNQTGS,,,2286.0,2286.0,2286.0
B0B5DPVPLX,,,,19.0,19.0
B0B5DVW6XD,,,,,1.0
B0B5DZSWQC,,,,,3.0
B0B5FY3HHV,,,,697.0,697.0
B0B5G3J5ZT,,,,,859.0
B0B5G6B3H8,,,,,82.0
B0B5G6WSPB,,,,,57.0
B0B5G79K36,,,,,49.0
B0B5G7FH7P,,,,,57.0
B0B5G7ZLKB,,,,82.0,82.0
B0B5G85QSF,,,,35.0,35.0
B0B5G8GHRM,,,,35.0,35.0
B0B5G8J3JC,,,,82.0,82.0
B0B5G8P5PL,,,,49.0,49.0
B0B5GB1T4C,,82.0,,,
B0B5GFM93G,,,6.0,,6.0
B0B5GKZ2XF,224.0,,,224.0,224.0
B0B5GNTM3L,,,,,23.0
B0B5GPHSSB,,,,,35.0
B0B5GPTP36,,,,,2234.0
B0B5H18XDY,,,2.0,,
B0B5H7712Q,,,,98.0,98.0
B0B5HD6PL3,,,,24.0,
B0B5HPMXN9,,,,188.0,188.0
B0B5HRM7R3,,,,94.0,
B0B5JMLQ4G,,,15.0,,
B0B5K8L7DG,,,,,3821.0
B0B5KH62C7,,,,,26.0
B0B5KH7CD9,,,807.0,,807.0
B0B5KWC8YL,,,14.0,,
B0B5KWMG38,,,,,715.0
B0B5KX9KZ2,,,,,715.0
B0B5KYLTPJ,,,,,715.0
B0B5KYM4D7,,,,,14.0
B0B5KYX418,,,,,715.0
B0B5KZQ2Z1,1246.0,,,,
B0B5L5XYXC,,,,,27.0
B0B5LCZHGT,,,,715.0,
B0B5LGK3GH,31.0,,,,
B0B5LM7Z92,,,,,31.0
B0B5LW3NCG,,,,,1.0
B0B5M5YN6Q,,,,,49.0
B0B5MDWYVN,,,105.0,,105.0
B0B5MMKGTY,,,,,220.0
B0B5MPJJWN,,,,,220.0
B0B5MPQBJT,,,,,220.0
B0B5N2NDYD,,,,,14.0
B0B5N3MK75,,,,331.0,
B0B5N5C7QK,,,,50.0,
B0B5N6D89F,,,,14.0,
B0B5Q4HYJB,,,172.0,,172.0
B0B5QZ3H9G,,,,,6.0
B0B5RCXCT6,304.0,,,,304.0
B0B5RJ692C,,,,,6.0
B0B5RKYNFR,,,93.0,,
B0B5RTXY45,,,5.0,,
B0B5RVLGLG,,,,,2.0
B0B5RWQ4ND,,,,,333.0
B0B5SMTNVS,,,48.0,,
B0B5SR4543,,,49.0,49.0,
B0B5SWWX79,,,,32.0,32.0
B0B5TV6V3S,,,,,95.0
B0B5V1S42R,,,,,90.0
B0B5VXKTLK,,,37.0,,37.0
B0B5VZ5TKR,,,33.0,33.0,33.0
B0B5WGL1J8,,,,,7.0
B0B5WQB5GB,,,,,1.0
B0B5WQRY6W,,,,284.0,284.0
B0B5WZPDJP,,34.0,,,
B0B5X4K36R,,,,,35.0
B0B5X8V935,,,,,246.0
B0B5XJ5Q8G,,,,,80.0
B0B5XJFS5N,,,,6.0,
B0B5XN88LQ,,,,26.0,
B0B5XS226C,,,,,1.0
B0B5XTXNB7,,,,,33.0
B0B5XW593Q,,,1.0,,
B0B5YHYVMB,37.0,,,,
B0B5YV4KZN,,,,,11.0
B0B5ZHYLMD,,,,31.0,31.0
B0B61Q9YRG,,,39.0,,39.0
B0B625JSVK,,,,31.0,31.0
B0B62K7DQH,,,,,125.0
B0B62M1GYL,,,,,69.0
B0B62NLFXX,,,,,69.0
B0B63DH94P,,,,59.0,59.0
B0B63RTS6V,,,106.0,106.0,106.0
B0B64ZG9F3,,,,,4.0
B0B65G2KXQ,,,,,6.0
B0B67G7NL2,,,,,333.0
B0B67GH559,,,,,25.0
B0B67JNS9H,,,,,7.0
B0B67MK5HF,,,,9.0,
B0B67TVH9H,,17.0,17.0,17.0,17.0
B0B687452C,,,,,103.0
B0B68D9VN9,,,,,268.0
B0B68FPRV1,,107.0,107.0,107.0,107.0
B0B68HR9VN,,,,1193.0,1193.0
B0B68J5KTT,,,,1193.0,1193.0
B0B68JWQS1,,,,,1193.0
B0B68K66GH,,,,,1193.0
B0B68ML628,10.0,,,,
B0B68SBCLX,,,,,1.0
B0B68XR6MZ,,,,,9.0
B0B68ZR9VV,13.0,13.0,,,
B0B6B3D6LF,,,,,435.0
B0B6B5PQ96,,,25.0,,25.0
B0B6B8NRF2,,,,,42.0
B0B6B9HXD7,83.0,,,,
B0B6BD4LXQ,,,,,13.0
B0B6BDWTQX,,,,,4.0
B0B6BFMYW2,,,,,177.0
B0B6BHBQWY,,,,,14.0
B0B6BLSDG8,,,69.0,69.0,69.0
B0B6BLVPWQ,,,,,69.0
B0B6BM7HVT,,,25.0,,25.0
B0B6BV4JP4,,,,,30.0
B0B6BX9PXB,,,141.0,,141.0
B0B6C2JGDC,,,,,17.0
B0B6C5Z41D,,,,,76.0
B0B6CCQKZX,,,,,18.0
B0B6CRMFRV,,,,,1.0
B0B6DRS3PF,,,,,1.0
B0B6DTKTCQ,,,7.0,,7.0
B0B6DZRWB5,,,,,53.0
B0B6F4819X,,,,,14.0
B0B6F6TVRK,,,,,697.0
B0B6FJ49W8,,,,,154.0
B0B6FK5GT3,,,,,154.0
B0B6FL828Z,,,,,154.0
B0B6FMFZDV,,,,154.0,
B0B6FPPHYB,,,,,3.0
B0B6FV5X8R,13.0,,,,
B0B6GQSV7Z,,,399.0,,399.0
B0B6H1J34P,,,3.0,,
B0B6H44NL5,,,,,43.0
B0B6H8GTBY,,,,,592.0
B0B6HJMVRD,,,,,74.0
B0B6HNK8NZ,,,14370.0,,
B0B6HVN572,13.0,,,,13.0
B0B6HVTZ44,,,,,56.0
B0B6HW91G5,,,,,9015.0
B0B6J2211Z,,,,145.0,145.0
B0B6J2NQDP,,,,145.0,145.0
B0B6J4BCKV,9.0,,,,
B0B6J4K4CK,,,,,31.0
B0B6JDMMDF,,,524.0,524.0,524.0
B0B6JF3Q9R,,,,,524.0
B0B6JFM51H,,524.0,,,
B0B6JH3CL9,,,,,524.0
B0B6JHLLCS,,,,524.0,
B0B6JK7LLB,,,,,23.0
B0B6JM364T,,,,,23.0
B0B6JPZSRQ,,,,40.0,40.0
B0B6JQ68Z3,,,,,40.0
B0B6JRJ3V1,,,,40.0,40.0
B0B6JSHRJD,,,,31.0,
B0B6KFB1SQ,,,,,31.0
B0B6N1DJGQ,,,,,5.0
B0B6P3XBDG,,,,,24.0
B0B6PHYR9S,,,,122.0,122.0
B0B6PJ163X,122.0,,,122.0,122.0
B0B6PSXQ7X,,,,,98.0
B0B6Q8C5FD,,,,,21.0
B0B6QNCBG6,,,,,17.0
B0B6QQMHDY,,,,,56.0
B0B6R6Q3WM,,,,,986.0
B0B6RJ6D27,,,,,11.0
B0B6RZC4PY,,,,,86.0
B0B6TN84DD,4.0,,,,
B0B6TR7YGN,,,,,89.0
B0B6TW8G86,,,9.0,,9.0
B0B6V3YD3P,,,,,165.0
B0B6V4JGGW,,,,,165.0
B0B6V4JNN1,165.0,,,,
B0B6V6X7RF,,1643.0,,,1643.0
B0B6V7KSYB,,,139.0,,
B0B6V8FXTG,,,,,139.0
B0B6VCL9S4,,,,,5.0
B0B6VLRM5M,,,6.0,6.0,
B0B6VM78Q5,,,,,48.0
B0B6VVRHZW,,,74.0,,
B0B6VXDXPZ,,,,10.0,10.0
B0B6W3G8DY,,,278.0,278.0,278.0
B0B6W6ZZ7T,,,,,16.0
B0B6W73LCZ,,,,,107.0
B0B6YJ58P8,7.0,,,,
B0B6YW3PCW,,,,,8.0
B0B6Z6YSLF,,,,33.0,33.0
B0B6Z8G5QG,,,,,37.0
B0B6ZGQCMX,123.0,,,,
B0B6ZS8VJT,,,,5839.0,
B0B6ZSPT3S,,,,,44.0
B0B717G22S,11.0,,,,
B0B719TV92,,,,,17.0
B0B71D5JNV,,,,,6450.0
B0B71FRS88,,,,,6450.0
B0B71FXBYM,,,,17.0,
B0B71J9FVS,,,,,17.0
B0B71NYNTZ,,,,,63.0
B0B727R5KJ,,,,,15.0
B0B728T8M7,,,29.0,29.0,29.0
B0B7294WQQ,,,,,277.0
B0B72JB9XV,,,,3.0,
B0B72P4G8F,,,,,155.0
B0B73DG6QS,,,,,155.0
B0B73MN25R,,,,155.0,155.0
B0B73ND4KX,,,1.0,,
B0B747WBY3,,,,,8.0
B0B74LFP2W,,,,,70.0
B0B74N6C6Z,,,,,12.0
B0B74T3GQR,,,,310.0,310.0
B0B75GCWV3,,,,117.0,
B0B75GVTCK,,,,,117.0
B0B75H1HQB,,,,,117.0
B0B75H5ZKR,,,,,117.0
B0B75QNSFQ,,,,59.0,59.0
B0B75WK49H,,,,42.0,42.0
B0B76K5GW4,1.0,,,,
B0B76W8QBG,,,,,8.0
B0B7751KDJ,,,,3821.0,3821.0
B0B776N852,,,,,645.0
B0B777XYDH,,,102.0,,
B0B777ZCDC,97.0,,,,97.0
B0B778PDRL,85.0,,,,
B0B77DGYFV,,,51.0,51.0,
B0B77FV4MC,,,,404.0,
B0B77FZBJ7,,,404.0,,404.0
B0B77GYT7X,,,,404.0,404.0
B0B77LJYB4,1425.0,,,1425.0,1425.0
B0B78114LZ,,,,,156.0
B0B784268H,156.0,,,,156.0
B0B785NMFN,270.0,,270.0,270.0,270.0
B0B7895BBN,,,,24.0,24.0
B0B78FKWHD,,,,,3821.0
B0B78H5H28,,,,,1.0
B0B799RF1Z,,,8.0,,
B0B79FXLDP,,,,,94.0
B0B79FXTC8,,,,,136.0
B0B79JJ124,,,,,136.0
B0B79NW3YM,,,,,136.0
B0B79X5NWQ,,,,,2427.0
B0B79YVPXR,313.0,,313.0,313.0,313.0
B0B7B6PVGD,,,,,105.0
B0B7B9KPPW,,,313.0,,
B0B7BJCS7R,,,,,105.0
B0B7BWZQLH,,,,,2427.0
B0B7CGFPBC,105.0,,,,105.0
B0B7CSVZ48,38.0,,,38.0,38.0
B0B7CZQL69,,,,,8.0
B0B7D6SS8D,,,,40.0,
B0B7D8T5JX,,,,,76.0
B0B7D9GNPT,,,37.0,37.0,37.0
B0B7D9KCRM,46.0,,46.0,,46.0
B0B7DB7T3G,,,,,76.0
B0B7DJC8P9,,,,,1.0
B0B7DSXSR8,,,,,243.0
B0B7DTGPLP,,,43.0,,43.0
B0B7DV1416,,,,,10.0
B0B7H6MM85,,,,,71.0
B0B7HB3ZTW,,,,,601.0
B0B7HFQQN9,,,,29.0,29.0
B0B7HH7WWK,,,,,29.0
B0B7HJ5YNM,,,,,1.0
B0B7HJ913R,,,,,14.0
B0B7HL58NP,,,,,6.0
B0B7HVMD9P,68.0,,,,
B0B7HVVHFG,,,,,68.0
B0B7HVXFWY,,68.0,,,
B0B7HXB68Q,,,68.0,68.0,
B0B7HZLRMR,,,,,531.0
B0B7J1DKDF,,,,74.0,
B0B7J2DQLM,,,,,1.0
B0B7J2TVB2,,,,,220.0
B0B7J4MNN4,15.0,,,,15.0
B0B7J5SCNF,,,,,40.0
B0B7JC3PLJ,,,,,699.0
B0B7JCRFG2,,,,,6.0
B0B7JDLWWF,,,27.0,,
B0B7JDTWTC,,,,,8.0
B0B7JF7STT,,4.0,,,
B0B7K71221,,,,,149.0
B0B7K7QZFT,,,,,149.0
B0B7K828F4,,,,,149.0
B0B7KBZSGS,,,,,883.0
B0B7KCDRG4,,,,,2.0
B0B7MGZZYZ,,,,,11.0
B0B7MMLSLQ,,,,,36.0
B0B7MQNSWY,36.0,,,,36.0
B0B7N569N6,,,,,10.0
B0B7QKBB2D,,,,,235.0
B0B7QY9C7X,,,,318.0,318.0
B0B7QYFLCM,,,,318.0,318.0
B0B7QZZNQB,,,318.0,,318.0
B0B7R19YYN,,,,318.0,318.0
B0B7R44RVC,,,,,2.0
B0B7R6QXX2,,,,,318.0
B0B7RLM3S9,,,,,102.0
B0B7RN5VTL,,,,,172.0
B0B7RPL7WV,172.0,,,,172.0
B0B7RQ7DJC,,,47.0,47.0,47.0
B0B7RR1M5G,,172.0,,,172.0
B0B7RRL2BJ,,,,333.0,
B0B7RSXZJ3,,,,333.0,
B0B7RTKTHW,,,,,333.0
B0B7RTQMBD,,,,,333.0
B0B7RVJC4Z,,,,333.0,333.0
B0B7RYJDY2,,,,14.0,
B0B7SKBBPS,,,,,21.0
B0B7SM438C,,,,21.0,
B0B7SMRRMW,,,,,21.0
B0B7VGNJC2,,,,,21.0
B0B7VWNTCR,,51.0,,,51.0
B0B7W6VHV4,,,,,81.0
B0B7WW2TNC,,,,,7.0
B0B7X1CFTG,,,,27.0,27.0
B0B7X23JZ8,,,,27.0,
B0B7XDRHKG,,,,80.0,
B0B7XDYRHV,,,,,80.0
B0B7XFWRHG,,,,,80.0
B0B7XG74HZ,,,80.0,,
B0B7XGBSV2,,,,,10.0
B0B7XGC4T6,,,,40.0,
B0B7XGMY1S,,,,,37.0
B0B7XGNYM2,,,,,80.0
B0B7XH944K,,,80.0,,
B0B7XHMWML,,,,,80.0
B0B7XHQKCT,,,,,36.0
B0B7XHXT4B,,,,,36.0
B0B7XKG8Z7,,,36.0,,
B0B7XKWNWJ,,,,36.0,
B0B7XN2K6H,,,,,80.0
B0B7XRY1JG,,,,83.0,
B0B7XT328D,,,,,3.0
B0B7YKLJNG,,,,21.0,21.0
B0B7Z339D8,,,1.0,,
B0B7ZWBX48,,,,,28.0
B0B8113QTJ,,,,,11.0
B0B81W6NVT,,,,,35.0
B0B824R94C,,,55.0,,55.0
B0B82689PY,,,,,875.0
B0B82NBJ74,,,,,29.0
B0B8366Y2M,,,,1.0,
B0B83VLD6M,,,,,31.0
B0B862VPXN,,,,22.0,
B0B86DZZ23,,,,760.0,760.0
B0B86MLP1D,,,,,20.0
B0B871CCCB,,,7.0,,7.0
B0B871NQ7P,,,,,3.0
B0B87CL2QK,,,,,717.0
B0B87PJD8V,,18.0,,,
B0B87TTWN2,,,,9.0,9.0
B0B87XVXS1,,,,,22.0
B0B87YZ8R8,,,,,15.0
B0B88C5Z27,,,,,468.0
B0B8BKWFSL,,,,,6.0
B0B8BT6HZF,,,,,1.0
B0B8BX8Y72,112.0,,,112.0,
B0B8BZXX81,,,,214.0,214.0
B0B8CD9RPN,,,84.0,84.0,84.0
B0B8CGHYQN,,,,42.0,42.0
B0B8CYB28H,23.0,,,,
B0B8F3D7DR,436.0,436.0,,,436.0
B0B8G6CZB4,,,,,531.0
B0B8GGPQ9H,,,,,31.0
B0B8GN2WK8,,,,,127.0
B0B8H21NF5,,,21.0,,21.0
B0B8HGLY73,,,,,234.0
B0B8HJX48Q,,,,,11.0
B0B8HJXHVR,,,,,234.0
B0B8HKJ1ZH,,,,49.0,
B0B8J4NFF7,,,,16.0,
B0B8J5VD2Z,,,,,59.0
B0B8J8Y754,,,,,59.0
B0B8J9V1LS,,,,,2.0
B0B8JX191Q,,,43.0,43.0,43.0
B0B8JX7F4H,,,1812.0,,1812.0
B0B8M3HKDC,,,,,95.0
B0B8M5JMN7,,,,43.0,43.0
B0B8MHMHV4,,,,,634.0
B0B8N5P4PP,,,,,1139.0
B0B8N6F5N3,1139.0,,,,
B0B8N88DFN,,,30.0,30.0,30.0
B0B8N9PM9K,,,,,264.0
B0B8N9R1QY,,264.0,,,
B0B8NB4ZL6,,,,,5.0
B0B8NJFPN1,,38.0,38.0,,38.0
B0B8NL3WDV,,,,,9.0
B0B8NQXZ2F,,,,,875.0
B0B8PXR4C5,,37.0,,,37.0
B0B8QWYVBG,,,,,1.0
B0B8R2YYRS,,,,,586.0
B0B8R7CGW6,,,,,49.0
B0B8RJ19HN,11.0,,,,
B0B8RPWC91,,,,,10.0
B0B8RXK22Q,,,126.0,,126.0
B0B8RYLT69,,,,,126.0
B0B8RZ2SPY,5.0,,,,
B0B8RZ65BL,,,,,126.0
B0B8RZT7Q6,,,126.0,,126.0
B0B8S1K23F,,,,,126.0
B0B8SB8RDJ,,,,15.0,
B0B8SC6DVN,,,,,3.0
B0B8T83NHB,,,3.0,,
B0B8TNZGWC,,,,,33.0
B0B8TZDGJT,,,1139.0,,1139.0
B0B8VFRT2F,,,83.0,83.0,83.0
B0B8WXDF4F,,,,,13.0
B0B8XXCY7K,180.0,,,,180.0
B0B8Y7FPYB,,,,,7.0
B0B8Y82HQF,,,,277.0,277.0
B0B8Y97MHP,277.0,,,277.0,277.0
B0B8Y9PMJF,,,277.0,277.0,277.0
B0B8YBZKHN,6.0,,,,
B0B8YFF7X7,,,,,35.0
B0B8YG7JBB,,,,62.0,62.0
B0B8YGP4Z9,,,,62.0,
B0B8YGXT42,,,,,62.0
B0B8YHN1WM,,,,7.0,7.0
B0B8YP51CT,,,,163.0,163.0
B0B8YQ9S3D,,,,,6.0
B0B8YQHQQQ,,,,,163.0
B0B8YQXZK7,,,,,9.0
B0B8YRG2K3,,,,163.0,163.0
B0B8YX4SWX,,120.0,,120.0,
B0B8Z38BMG,,,,,6.0
B0B8Z3P9QM,,,,13.0,
B0B8Z54BXN,,,,,71.0
B0B8Z56PHV,,,,21.0,21.0
B0B8Z8SVD9,,,,36.0,36.0
B0B8ZG2S86,,54.0,,,
B0B8ZHFVX7,,22.0,22.0,,
B0B8ZKTH2L,,,,22.0,22.0
B0B8ZN561X,2.0,,,,
B0B8ZVXQKY,,,,,1.0
B0B914WB6J,,,33.0,,33.0
B0B914WB6Q,,,,33.0,
B0B91SGQQC,,,,32.0,32.0
B0B9224HVR,,,,,496.0
B0B9236FNH,,,,313.0,313.0
B0B93FDNPR,15.0,,,,
B0B93K3WLR,,,,,8.0
B0B93KFRF4,,,,,9.0
B0B93M32GK,,,,,293.0
B0B93PGC47,,,,1048.0,1048.0
B0B93TJQ22,,,,,9.0
B0B93TSZ44,,,,,21.0
B0B93V3XX6,,,21.0,,
B0B93WN1C5,,,,21.0,21.0
B0B93X5N7V,252.0,,,252.0,
B0B941T1XP,,,,,21.0
B0B94PWYTS,,,,167.0,167.0
B0B96S7LX3,4.0,,,,
B0B975KJF9,,,,,4.0
B0B977JSNY,,,,,24.0
B0B97BYHTJ,,,,9.0,
B0B97C9FNX,,,,,9.0
B0B97RCNRX,,,,37.0,37.0
B0B98RFYKT,,,46.0,,46.0
B0B999DDB1,,,,21.0,21.0
B0B999V66Y,,,,,21.0
B0B99HB8X7,,,,,21.0
B0B99K6B78,,50.0,,,
B0B99LCF97,,,,30.0,30.0
B0B99MLLML,,,,,21.0
B0B99NRZK8,,,,,21.0
B0B99VKM6W,,46.0,,,
B0B99WWRYV,,,18.0,,
B0B9B5CY43,,,,,11.0
B0B9B6DM7S,,,,23.0,
B0B9B9S3QP,,210.0,,,
B0B9CDH244,,,,,46.0
B0B9FK8ZLG,,,104.0,104.0,104.0
B0B9FPGGGQ,,,,,24.0
B0B9FWFZD6,,,,61.0,61.0
B0B9GMRZBK,,,,,45.0
B0B9GRSWT6,,,,,1471.0
B0B9GSWSQN,,,117.0,,
B0B9GX5SJW,,15.0,,,
B0B9GXC1J2,,,,,2.0
B0B9HHPG91,,,,,3.0
B0B9HQ9ZDS,,,,,110.0
B0B9JV7ZK5,,,,,34.0
B0B9LVLYK1,3.0,,,,
B0B9M764JM,,,,1501.0,1501.0
B0B9M9F3ZN,,,,,176.0
B0B9M9XQPQ,,,210.0,210.0,210.0
B0B9MJ1FFR,,,,,103.0
B0B9MLBH79,,,,,96.0
B0B9MLQCD1,,,96.0,,96.0
B0B9MSB44Y,328.0,328.0,328.0,,328.0
B0B9N5F6BF,,,,231.0,231.0
B0B9N8NC4D,,95.0,,,
B0B9N9XWZ6,95.0,,,,
B0B9NCQH7Z,95.0,,,,95.0
B0B9NJ71ZW,,,,183.0,183.0
B0B9NPQ36H,,,,,15.0
B0B9R4N137,141.0,,,141.0,
B0B9RGX9D7,91.0,,,91.0,91.0
B0B9RR8KB5,17.0,,17.0,,
B0B9RRGT2R,,,18.0,18.0,18.0
B0B9RTHLJR,,,42.0,42.0,42.0
B0B9RXZ3SC,,255.0,,,255.0
B0B9S5HPM3,,,,20.0,20.0
B0B9S6SSPF,,,173.0,173.0,173.0
B0B9SFF8LJ,,,,,62.0
B0B9SFP4KX,61.0,,,,
B0B9SGTMQ9,,,,11.0,11.0
B0B9SL7772,,,,,67.0
B0B9SNBK43,,,,83.0,83.0
B0B9SSZLF7,,,,,2.0
B0B9SXXC64,,,23.0,,23.0
B0B9T6JFLY,,,,,41.0
B0B9WP9N9B,,,,,119.0
B0B9WSDNFF,,,,21.0,21.0
B0B9WT2ZTL,,,,,119.0
B0B9WWZXF7,,,,,36.0
B0B9WYMH1D,,,,38.0,38.0
B0B9XJFYG5,,,,2.0,
B0B9XQVHX1,,102.0,,102.0,102.0
B0B9XR4QX6,,,102.0,,102.0
B0B9Y3XHSJ,,,,,13.0
B0B9YF8GDF,,,,,6.0
B0B9YK4BQV,,,,,8.0
B0B9ZV1WZC,,,,,12.0
B0BB1JXJ7L,39.0,,39.0,,39.0
B0BB1X56D2,12.0,,,,
B0BB1YHLY9,,,,,200.0
B0BB214FMC,,,,,93.0
B0BB271SWN,,,,,8.0
B0BB27XFXH,,11.0,,,11.0
B0BB2CBD1T,,,,,19.0
B0BB2CR17V,,,,,333.0
B0BB2CY7B9,,,,19.0,19.0
B0BB2DBR2X,,,,,333.0
B0BB2DKNRQ,,,,,19.0
B0BB2DTQF8,,,,19.0,
B0BB2F3CW4,,,,,10.0
B0BB2GH325,,,,,428.0
B0BB2GRXPM,,,,,333.0
B0BB2GSQRT,,,,,19.0
B0BB2HGTH7,,,,,333.0
B0BB2JVV83,,,,,10.0
B0BB2PBB3G,,,,333.0,333.0
B0BB32Y92J,,,,15.0,
B0BB35RGVJ,,,41.0,,
B0BB5DHBT6,,,,121.0,
B0BB64CMRX,,,,,21.0
B0BB69YB35,,,,,59.0
B0BB6CPLKX,,,,,4.0
B0BB6R7262,,,,,158.0
B0BB6RBSMC,,,,8171.0,
B0BB72KQLN,3.0,,,,
B0BB77MJ2W,,,,76.0,76.0
B0BB78DK7J,,,,,2.0
B0BB7D2J68,,,,80.0,
B0BB7L8X81,,,,4.0,
B0BB92QXCQ,8.0,,,8.0,
B0BB9TTZL9,,,,,7.0
B0BBBQ3MTW,,,,,374.0
B0BBC89MH3,,,,89.0,89.0
B0BBCRYQMW,,,,,26.0
B0BBCX5D1Q,,1.0,,,
B0BBCYV6SK,,,,6.0,6.0
B0BBFG7DMV,13.0,,,,
B0BBFT9RW6,,,,,47.0
B0BBFTKY19,,,,,47.0
B0BBFVQZ1Z,,,47.0,,
B0BBFW5T7D,,,,47.0,47.0
B0BBFZKSV4,,,164.0,164.0,164.0
B0BBG3BB3Z,,,,8.0,8.0
B0BBG65Q9H,,,,,3.0
B0BBG83QRG,,,6.0,,
B0BBG8J1ZL,,6.0,,6.0,6.0
B0BBG8WZX6,,77.0,,,77.0
B0BBG9VX5R,77.0,,,,77.0
B0BBGF3Z89,,,36.0,,
B0BBGHHK3P,,,,,19.0
B0BBGNYLG8,,,,19.0,19.0
B0BBGYN49C,,,,,39.0
B0BBGZ6K6G,,,,,166.0
B0BBJKJNBK,,,,184.0,184.0
B0BBKJSB2F,,,,,30.0
B0BBKVM78V,,,,,227.0
B0BBL48JBD,,,,227.0,227.0
B0BBLC94MG,11.0,,,,
B0BBLFPKVV,,,,,1.0
B0BBLNZ1JW,,,,47.0,47.0
B0BBLP3RD4,,,,47.0,
B0BBLQXZZV,,,,,47.0
B0BBLSZK52,,,,,47.0
B0BBLTJXFN,,,,,47.0
B0BBM199PL,,,,15.0,
B0BBMJ8J65,,,,,5.0
B0BBN14MGX,,,58.0,,58.0
B0BBN5KX6T,,,,58.0,
B0BBN5XCC5,,,,,58.0
B0BBN6748Z,,,,25.0,
B0BBN7V7P4,58.0,,,,58.0
B0BBN81ZB2,,,,,24.0
B0BBNDYG2J,,,,36.0,36.0
B0BBNFLNPV,,,,,25.0
B0BBNQ65W1,,,,77.0,
B0BBPHTWP8,,,,,45.0
B0BBPLLXVS,,,,,173.0
B0BBPRFYMC,,18.0,,18.0,18.0
B0BBPRPMJK,,,173.0,173.0,
B0BBPXTDKF,,,,,18.0
B0BBQ6G8RJ,,,,173.0,173.0
B0BBQPJPFB,,,,51.0,
B0BBQQ81S5,,,18.0,,
B0BBR1KWDT,,,,116.0,116.0
B0BBR1Y83V,,,,,116.0
B0BBR21SFP,,,,,116.0
B0BBR3S9MT,,51.0,,,
B0BBRFWJM5,,,,,255.0
B0BBRHWCBK,,,,,24.0
B0BBRKDRMZ,,,,,261.0
B0BBRMQVPX,,261.0,,,
B0BBRQVPT9,2.0,,,,
B0BBSCHW6N,,32.0,,,32.0
B0BBSCS83W,,,57.0,57.0,57.0
B0BBSFGVF6,,,,,95.0
B0BBT8RWDK,,,,33.0,33.0
B0BBTFGB4B,,,,,100.0
B0BBTGXZGQ,,,,,59.0
B0BBTP8H3G,,,,,19.0
B0BBTZ4W5P,,,,,20.0
B0BBV1YV8K,,,,,69.0
B0BBV3RLY4,,,,,69.0
B0BBV4SNVS,,,,65.0,
B0BBV54PYW,,2299.0,,2299.0,2299.0
B0BBVDWKRZ,,,,,70.0
B0BBW4VFPR,,,,69.0,69.0
B0BBWNCVKQ,,,,,63.0
B0BBX1ZRKK,,,47.0,47.0,47.0
B0BBXX8W2X,,,,,14.0
B0BBXZQ5FM,,,17.0,17.0,17.0
B0BBZ69VTD,,100.0,,,100.0
B0BBZGSPXP,,,,6450.0,
B0BBZJ362Z,,,1206.0,1206.0,1206.0
B0BBZR69ZJ,,,,165.0,
B0BBZTBGF2,,,,165.0,
B0BBZVZ27F,,,,1501.0,1501.0
B0BBZXKXRZ,,,,,3.0
B0BBZXX6CY,,,1501.0,,1501.0
B0BBZY912Q,,,,,531.0
B0BC11YM3D,,,,,61.0
B0BC13G414,,,,,61.0
B0BC18231Y,,26.0,26.0,26.0,26.0
B0BC1BPTSL,,,,,61.0
B0BC1CGDZ1,,,,178.0,178.0
B0BC1CY2MF,,,,,178.0
B0BC1FJ616,,,,,178.0
B0BC1M9NVG,,,,,97.0
B0BC1RDQS4,,,,39.0,
B0BC1W3XP2,,,,,39.0
B0BC1WCXJG,,,,39.0,39.0
B0BC2G3C9T,30.0,,,,30.0
B0BC2TG79N,,,72.0,,
B0BC39D82L,,,,39.0,
B0BC3BH9P1,,,,,4.0
B0BC3SR8V7,,,81.0,,81.0
B0BC4MS1R9,,,,,1.0
B0BC5QK94S,,,,84.0,
B0BC5XH8CN,31.0,31.0,,,31.0
B0BC5Y4WLR,,,,19.0,19.0
B0BC6ZQ7GY,,,,,27.0
B0BC7L7HJQ,84.0,84.0,84.0,,84.0
B0BC7VXSXZ,34.0,34.0,34.0,,
B0BC7Y2W5L,,,,,28.0
B0BC838LX2,,,,,57.0
B0BC83D7PY,,,,57.0,57.0
B0BC8XY75C,,,,,12.0
B0BC9V3WJ2,112.0,,,,
B0BC9VWJ1M,,,,,15.0
B0BC9WH5L6,,43.0,,,
B0BC9WX3QR,,,,,112.0
B0BCC4TLP7,,,,32.0,32.0
B0BCDJVVXT,,,,171.0,171.0
B0BCF2GQ6Q,22.0,,22.0,22.0,22.0
B0BCF96Z7R,,,,43.0,43.0
B0BCFB4RDT,,,,,46.0
B0BCFHD1LH,,,,,220.0
B0BCFJTTLL,,,,453.0,453.0
B0BCFNJTNS,,,,,102.0
B0BCG4Y9ZL,,,,,62.0
B0BCG5XBCP,,,62.0,,62.0
B0BCGBZD4Z,,,760.0,,
B0BCGR97LK,,,37.0,37.0,37.0
B0BCGS73WF,,,,,21.0
B0BCH9TML8,,,,,10.0
B0BCHPZCKW,,,49.0,,49.0
B0BCHW43KP,,,,,31.0
B0BCJ49YPR,,,,35.0,35.0
B0BCJ8Q1HN,,,,,33.0
B0BCJBGTDN,,,16.0,,
B0BCJT8HC1,,,,62.0,
B0BCJVF8TK,,49.0,49.0,,49.0
B0BCJWHCTW,,,,,35.0
B0BCJWV9MH,,,62.0,,
B0BCK52B6S,,,,2.0,
B0BCK8NPGW,,42.0,42.0,,42.0
B0BCKBJQJV,,,,80.0,
B0BCKFQ6Y1,,,,80.0,80.0
B0BCKHSQJ4,,,80.0,,80.0
B0BCKHWMCH,,,,,8.0
B0BCNH1SMG,,,,36.0,36.0
B0BCNK93SH,,,,,7.0
B0BCP31FNP,,,2.0,,
B0BCP3K5CQ,,,,,13.0
B0BCP5F5M3,,,,44.0,44.0
B0BCP96458,,,,,30.0
B0BCP9VYVJ,,,,30.0,30.0
B0BCPMX4PM,,,,107.0,107.0
B0BCPSQN8L,,,,51.0,51.0
B0BCPSTYMD,,,,55.0,55.0
B0BCPT88VB,,,,,55.0
B0BCPTXRML,,,,,55.0
B0BCPWDJFK,,,,,55.0
B0BCPYMK2T,,,,30.0,30.0
B0BCQ5P7RC,,,,,11.0
B0BCQNQ45B,,5.0,,,
B0BCR192NM,,,,,3.0
B0BCTT6JDJ,,,,,60.0
B0BCTWVQPB,,,,69.0,69.0
B0BCTZ3FRV,,,,129.0,129.0
B0BCV13B2Y,,,58.0,58.0,58.0
B0BCVF9Y5X,69.0,,,,69.0
B0BCVGZG9Q,,,8.0,,8.0
B0BCVHYP31,,,,129.0,129.0
B0BCVKB26G,,,4.0,,
B0BCVLF5C1,,,,,69.0
B0BCVN7442,,,,38.0,38.0
B0BCW6FC5L,,,,,122.0
B0BCWC4ZYY,,,,,30.0
B0BCWH2LSR,,,22.0,,22.0
B0BCX16LDV,,,,,27.0
B0BCXB1RJS,,,,29.0,
B0BCXP4DC1,,,31.0,31.0,31.0
B0BCXR1N65,,,,,31.0
B0BCY2BVYM,,,,31.0,31.0
B0BCYGM1V7,,,,15.0,
B0BCYGW89N,,,,,15.0
B0BCYTF577,,,,,8.0
B0BCYWH24Q,,,,19.0,19.0
B0BCYX9V9Y,,,,22.0,22.0
B0BCYY3VRF,,,,26.0,26.0
B0BCYZNYX4,,,,,28.0
B0BCZ5KKHS,,,,18.0,18.0
B0BCZ7M3PL,,,26.0,,26.0
B0BCZXMCC6,,,154.0,154.0,154.0
B0BD164WBG,,,,,28.0
B0BD18MWC1,,,26.0,,26.0
B0BD2DNMYW,,,,,26.0
B0BD2H4FK5,,,,26.0,26.0
B0BD2JL6LH,,,,,26.0
B0BD2JYVM1,,,26.0,,26.0
B0BD362848,,,,113.0,113.0
B0BD43GN1D,,,37.0,37.0,37.0
B0BD4DVKW7,,,,50.0,50.0
B0BD4H7KBV,,,,,41.0
B0BD4JNNRR,,,,,11.0
B0BD4JYPWB,,,,,41.0
B0BD4NPSB7,68.0,,,,
B0BD4PMF7V,,68.0,68.0,,
B0BD4V8RPY,,,,,16.0
B0BD4VX74C,,,,41.0,41.0
B0BD4WXQZN,,,41.0,41.0,41.0
B0BD522JV9,,,,,41.0
B0BD595YSB,,,,60.0,
B0BD5Q2C1V,,,,,229.0
B0BD6JHK1Z,,236.0,,236.0,
B0BD6LTQXP,,,,,156.0
B0BD6NGN15,,,,,166.0
B0BD6NRNJH,,,,,166.0
B0BD6Q92HR,,,,,166.0
B0BD6W3JR1,,,,,1898.0
B0BD81R2D3,,,,113.0,113.0
B0BD8343YD,,,93.0,,
B0BD8JGHSN,,,79.0,79.0,79.0
B0BD959LJ5,,,85.0,,85.0
B0BDCN21GJ,,,,,2.0
B0BDCSQPY1,,,,,22.0
B0BDD92Y28,,,,39.0,39.0
B0BDDHGRM5,,,39.0,39.0,39.0
B0BDDJ96DY,,,,32.0,32.0
B0BDDMNGFB,,,,,103.0
B0BDDWQ47X,,,,456.0,456.0
B0BDDXPWLW,,,,,20.0
B0BDDZF2TH,,,17.0,,
B0BDDZV82Z,,,,,21.0
B0BDF32VKH,,,,,17.0
B0BDF7YK78,,,,,4.0
B0BDF9H2JD,,,,34.0,34.0
B0BDF9PD66,,,,34.0,34.0
B0BDFB6MFY,,,,3.0,
B0BDFH26B3,,156.0,,,
B0BDFKP4XF,,,,,113.0
B0BDFPSKQY,,113.0,,,113.0
B0BDFWKD9J,,,88.0,88.0,88.0
B0BDK7S5P8,,,52.0,52.0,
B0BDKQ1VDG,,,,,12.0
B0BDKZNYR7,,,,,12.0
B0BDKZTH12,,,,51.0,
B0BDL2N8YZ,,,,26.0,
B0BDMCKDD8,,,,,116.0
B0BDMX5RP9,,30.0,30.0,30.0,30.0
B0BDMXFVNR,,,30.0,30.0,30.0
B0BDQ8BZC6,,,,,15.0
B0BDQHCD58,,20.0,,20.0,20.0
B0BDQQJWGN,,,,,20.0
B0BDQS5CMQ,,,,98.0,98.0
B0BDQY82QP,,,,,98.0
B0BDR1Z5F2,,,,,7.0
B0BDR2Y1VD,,,,,98.0
B0BDR3QGYQ,,,,,98.0
B0BDR5VTL3,,,,20.0,20.0
B0BDRF2PJQ,,,,73.0,
B0BDRF8WV6,,10.0,,,
B0BDRFMK22,,,,,73.0
B0BDRMW9WD,,,,70.0,
B0BDRPTQ42,,,70.0,,
B0BDSL5S1B,,,,,16.0
B0BDY5ZJXG,,,,,12.0
B0BF2TD1B7,,,,17.0,17.0
B0BF58MBPH,,,,,34.0
B0BF5CQDFM,,,,,16.0
B0BF8GSR9H,,,30.0,,
B0BF8LTDD9,30.0,,30.0,,30.0
B0BF8QXH22,,,,66.0,
B0BF8RFJZ9,,30.0,,,
B0BF8RGQ9J,,,,66.0,66.0
B0BF9KP6CR,,,93.0,,93.0
B0BF9LN3NQ,,,,,1.0
B0BF9PGHVC,,,66.0,66.0,
B0BF9SR8XK,,,,,80.0
B0BF9VCHKM,,,,,60.0
B0BF9VT2Z2,,,,,80.0
B0BF9WLG6L,,,,,37.0
B0BF9XYYJ9,,,,,167.0
B0BF9Y7L5P,,,,,37.0
B0BFB59RLZ,,,176.0,176.0,176.0
B0BFCFQS3B,,,31.0,,31.0
B0BFCFRKBD,,,,,6.0
B0BFCMXNGB,,30.0,,30.0,30.0
B0BFCNBPPD,,,,,30.0
B0BFCTD789,,70.0,,,70.0
B0BFCZ41QC,,,,,47.0
B0BFD5G5NM,,,,,1774.0
B0BFD9Z934,,,,,15.0
B0BFDBTM4C,,,,30.0,30.0
B0BFDGQMWK,,,106.0,,
B0BFDKTJRK,,,,54.0,54.0
B0BFDT5Q62,,,,,54.0
B0BFF51Y8C,90.0,,,,90.0
B0BFF6XYHR,90.0,,,,
B0BFF9Y9WC,117.0,,,,
B0BFFF88BQ,,,,,53.0
B0BFFFWPGW,53.0,,53.0,53.0,
B0BFG28F6V,,,55.0,55.0,55.0
B0BFG5JJXJ,,,,29.0,29.0
B0BFG7FR3Y,,,,,30.0
B0BFGRQKFV,,,,38.0,38.0
B0BFGSF98S,,,,,3943.0
B0BFH9Q5RC,,,,2008.0,2008.0
B0BFHHNZCF,,,46.0,,
B0BFHKM436,,,,26.0,26.0
B0BFHT1FQ4,,,,,1.0
B0BFHVP95H,,,,,295.0
B0BFHW4HH7,,,,295.0,
B0BFJ21GB3,,,,295.0,295.0
B0BFJJJ6JQ,,416.0,,,
B0BFJLJYZS,,,,,416.0
B0BFJLWLTB,,,,,416.0
B0BFJPJY3G,,,,,416.0
B0BFK4K3DH,109.0,109.0,,,109.0
B0BFKLQ79B,,,,,36.0
B0BFKNVV27,,,,,57.0
B0BFKV6JYL,,,,,13.0
B0BFKVVG8R,13.0,,,,
B0BFL8GYM9,,,,,5.0
B0BFLD8C9H,,,,,2.0
B0BFLWB9QV,,,,,52.0
B0BFLWCCLS,,,,,52.0
B0BFLXR1YZ,,,,,52.0
B0BFLYM19G,,,,,82.0
B0BFMPQMVP,,,,32.0,32.0
B0BFMVFG67,,,,,335.0
B0BFMWGVQD,,,35.0,35.0,35.0
B0BFNWNZ57,,,,,17.0
B0BFPNJWZB,,,,,41.0
B0BFPR5L98,,,34.0,,
B0BFPXB1NG,,,88.0,88.0,88.0
B0BFQDRGP7,23.0,,,,
B0BFQDW8CQ,50.0,,,,
B0BFQGGSL8,50.0,,,,50.0
B0BFQSQDH7,,,,,56.0
B0BFQTZV6P,,,,,475.0
B0BFQV6PP4,,,9.0,,9.0
B0BFQVQP4G,,,,,100.0
B0BFQZLXK5,,,,,475.0
B0BFR1NYL3,,,,1425.0,1425.0
B0BFR2C7Y1,,,,,475.0
B0BFR3JSK6,,,,,1425.0
B0BFRBLTZH,,,,,29.0
B0BFRJ488B,,,,1.0,
B0BFV8GNX8,,,,,2635.0
B0BFVPKS5G,,,,48.0,48.0
B0BFW7K2ZS,,,43.0,43.0,43.0
B0BFW9GMLL,,,,,137.0
B0BFWC1TN3,,,15.0,,
B0BFWP9DJY,,,,1.0,
B0BFWPTTZ5,,,,1625.0,
B0BFWSHBXR,,,,,1625.0
B0BFWTGS42,,,,,23.0
B0BFWVXLNZ,,,,,119.0
B0BFWXM642,,,,,119.0
B0BFWYDCZB,,,,58.0,58.0
B0BFX1MVPT,,,117.0,117.0,117.0
B0BFX97XJ1,,,,10.0,10.0
B0BFZ4378L,,,,78.0,78.0
B0BFZTBVH8,,,,,2.0
B0BFZW9VKT,,,,9.0,9.0
B0BG14K657,,,,,592.0
B0BG14V4VH,,,,48.0,48.0
B0BG16663T,,,,,149.0
B0BG1PMNS5,,,,52.0,
B0BG1Q6TRW,,26.0,,26.0,26.0
B0BG24FJ9D,,,,30.0,30.0
B0BG24VML1,106.0,,,,
B0BG2N2VXH,,,,,15.0
B0BG2TNLVL,,,,,48.0
B0BG2VF2YB,333.0,,,333.0,333.0
B0BG3WP1R2,,76.0,,,
B0BG3XRMP3,,,,,2286.0
B0BG3YSSK1,2286.0,,,,2286.0
B0BG3ZDX9J,,,2286.0,2286.0,2286.0
B0BG3ZPWBX,,,,,2286.0
B0BG43MN47,56.0,56.0,,,
B0BG44PQCB,,,,30.0,30.0
B0BG4B64LQ,,,,,9.0
B0BG4DP4KX,,,,,13.0
B0BG4FZHZK,,,,,38.0
B0BG4L8F1M,,,,,40.0
B0BG4XYQ8B,,,161.0,161.0,161.0
B0BG4Z41RF,,,,,100.0
B0BG54MVXY,,,,,232.0
B0BG55YTVT,,,,,883.0
B0BG5F3PKQ,,,,,1.0
B0BG5MX6W9,42.0,,42.0,42.0,42.0
B0BG5Q4MH2,,,42.0,,
B0BG64GQXR,,,13.0,13.0,
B0BG69TGV4,,,,,23.0
B0BG6VWV8M,,,,,72.0
B0BG6XV6G6,,,,,72.0
B0BG6YTT67,72.0,,,,
B0BG7VJ7R6,,,,,2.0
B0BG7VQD2Q,,,,106.0,106.0
B0BG7VTBC8,,,,106.0,
B0BG7VZQ78,,106.0,,,106.0
B0BG7WKSVL,,,,,14.0
B0BG7XCQ3D,,,,,3.0
B0BG7XNF9T,,,,18.0,18.0
B0BG8R64FW,,,,,19.0
B0BG8WF1B5,,,,,12.0
B0BG95KZH6,,,,31.0,31.0
B0BGC1BVFW,,,101.0,,
B0BGDCWP67,,,,,232.0
B0BGFW5WFC,,,,,48.0
B0BGH92QVP,,,,,531.0
B0BGHCMR48,,,,42.0,42.0
B0BGHDZFXP,,,,,42.0
B0BGHFV5R3,,,51.0,,51.0
B0BGHHK7Y6,,,,51.0,
B0BGHJMJGG,,,51.0,51.0,
B0BGHXTKN1,32.0,,,,32.0
B0BGJ1VZVQ,,,,,43.0
B0BGJ51F8X,,,,43.0,
B0BGJDKM12,,,,,43.0
B0BGK3MM5J,,2.0,,,
B0BGKC5BGV,,,,,8.0
B0BGKGWG9K,,,8.0,,
B0BGKKKGNH,,,2.0,,
B0BGKLQHR1,,,,50.0,
B0BGKPX9RW,,,50.0,,
B0BGL4CSQ9,,,,30.0,30.0
B0BGL5YC87,,,,,42.0
B0BGL6712Y,,,,,42.0
B0BGL9BXZ5,,,,,42.0
B0BGLJYMZW,,,,16.0,
B0BGML2WN1,,,,,11.0
B0BGN27FZ2,,,,,41.0
B0BGN2TXVQ,,,,41.0,41.0
B0BGNTFLZ6,,,,60.0,
B0BGNTVZKB,,,60.0,,60.0
B0BGP1LX5Y,,,,164.0,
B0BGP1PJZ2,,,,,164.0
B0BGPDFXFY,,,94.0,,94.0
B0BGPLCYGX,,,,35.0,35.0
B0BGPNS73Q,,,,,63.0
B0BGPNZKY2,,,,176.0,176.0
B0BGPQ3KN8,,,,,63.0
B0BGPQWF5N,,,63.0,,63.0
B0BGQDLR99,,,,180.0,180.0
B0BGQF2WDV,,,,60.0,60.0
B0BGRBPTPH,,,,,77.0
B0BGRC6TFK,,,,,255.0
B0BGRHRVKY,,,,,62.0
B0BGS17PD8,,,,,3.0
B0BGS51SRZ,,,,28.0,28.0
B0BGS5C7LV,,,,15.0,15.0
B0BGS5QFKG,,,,71.0,71.0
B0BGS7G7N7,,,,22.0,
B0BGSGX2BH,,,,,57.0
B0BGSJC6JR,,,,,57.0
B0BGSJYWSQ,57.0,,,,
B0BGSKK7MV,,,,,57.0
B0BGSL9NYM,,57.0,,,
B0BGSP1SV1,,,,,57.0
B0BGV2YCCN,,1.0,,,
B0BGVF3HZV,,15.0,,,
B0BGWGX3NF,,,,,63.0
B0BGWPLJD6,,,63.0,,
B0BGX2L7SW,,,63.0,63.0,63.0
B0BGX9RWSC,,,,,210.0
B0BGXDBX3Q,,,,,3.0
B0BGY3Z779,,66.0,66.0,66.0,
B0BH545P3N,,29.0,29.0,29.0,29.0
B0BH567YCB,,,47.0,47.0,47.0
B0BH6LTBCY,,,,79.0,79.0
B0BH7YRTX5,,,,,54.0
B0BH81NB4H,,,,31.0,
B0BH8DH9YX,,,,,31.0
B0BH8F4WXB,,,,,31.0
B0BH8K25KR,,,,31.0,
B0BH8K58V7,,,,,31.0
B0BH8QQX7B,,,,30.0,
B0BH8VHDCN,,,,,31.0
B0BH982TX8,105.0,,,,
B0BHDDVB3Y,,,69.0,,69.0
B0BHDJV52F,,,,69.0,69.0
B0BHFDHQYG,,,,,496.0
B0BHH96JKC,,,26.0,,26.0
B0BHKRCBYC,,,,20.0,20.0
B0BHL8G1SD,,524.0,,,524.0
B0BHLH5XCZ,,,50.0,,
B0BHM7Y9C4,,,43.0,43.0,43.0
B0BHM9NF9N,,,,,524.0
B0BHN5XFZ4,,,,,91.0
B0BHN6VMPL,,,,91.0,91.0
B0BHN7F2WT,,,,,8.0
B0BHN7F35B,,,,,91.0
B0BHNMCG79,,,,,34.0
B0BHNNMJCH,,,,,34.0
B0BHNNVKKV,,,,,21.0
B0BHNNWKKC,,,,,21.0
B0BHNPKCHD,,,,,21.0
B0BHNPNXB6,,,,,21.0
B0BHNQZFP1,,,,,21.0
B0BHNR12RV,,,,34.0,
B0BHNV2CCR,8.0,8.0,,,
B0BHP293DR,,,,,19.0
B0BHP45VYP,,,,,17.0
B0BHPNPL6T,,,,,6.0
B0BHQ8H9FX,,,,,9.0
B0BHQB6W4J,,,,,78.0
B0BHR1PBM6,,,,,31.0
B0BHRWRTC1,,,,,11.0
B0BHRY1PCK,,,,37.0,37.0
B0BHS476VP,,,,,83.0
B0BHS69CK9,,,,,31.0
B0BHS6QMNF,,,,22.0,
B0BHS6RBZV,,,,,29.0
B0BHS6STY4,,,,,29.0
B0BHS733GK,,,,,26.0
B0BHS779YP,,,,27.0,
B0BHS7HFVS,,,,29.0,29.0
B0BHS7TVP4,,,,27.0,27.0
B0BHS8JGPB,,,,,26.0
B0BHS8QH3J,,,,,31.0
B0BHS8TK53,,,,,31.0
B0BHS8W5WP,,,29.0,,
B0BHS96JLH,,,,,26.0
B0BHS9DB6Z,,,,,27.0
B0BHS9RTVN,,,,,22.0
B0BHSC3XK8,,,,29.0,
B0BHSGJ4KD,,,,,20.0
B0BHSR8YMS,,,,,791.0
B0BHSSBP6M,,,,,524.0
B0BHSVHPD8,,,,35.0,35.0
B0BHSWFNDX,,,,,5.0
B0BHSX79D9,,,,,5.0
B0BHSYPV6N,,,,,30.0
B0BHSYR2H4,,,,,30.0
B0BHT1QWNT,,,,,27.0
B0BHT217YT,,,,,11.0
B0BHTGGKJP,,,,,170.0
B0BHTGR6HW,,,,170.0,170.0
B0BHTJN35W,,,170.0,170.0,170.0
B0BHVCK8Z7,,,,,1.0
B0BHVNNZ97,,,,,77.0
B0BHVP4DRS,,,,,77.0
B0BHVQD9SM,,,,50.0,50.0
B0BHVRK3DK,,,1.0,,
B0BHVZZHMQ,,,,,119.0
B0BHXKZ4T3,,,,,52.0
B0BHXLDS1Q,,,,36.0,36.0
B0BHYJL987,,,,,355.0
B0BHYLB8VK,,,,,355.0
B0BHYLCP4R,,,,,355.0
B0BHYMF6XB,,,,355.0,355.0
B0BHYNRL72,,,19.0,19.0,19.0
B0BHZ3LMV7,,,,,29.0
B0BHZ44PBY,,,,7.0,
B0BJ15NGNT,,,,,19.0
B0BJ1T5Z7B,,,,,27.0
B0BJ4LW89S,,,108.0,,108.0
B0BJ5C75MR,,,,108.0,108.0
B0BJ5Q7FLW,,,,,60.0
B0BJ5QBN8L,,,,,1425.0
B0BJ5V1611,7.0,,,,7.0
B0BJ6394G7,,,,,77.0
B0BJ63YHR7,,,,,57.0
B0BJ6482LK,,,,,133.0
B0BJ6CTVPR,,,27.0,27.0,27.0
B0BJ6F82FX,,,,,60.0
B0BJ6FNL2V,,,,,57.0
B0BJ6HWB63,,,,,57.0
B0BJ6LB39D,,,,65.0,65.0
B0BJ6LMF3Y,,,,,65.0
B0BJ6N87BL,,,,,31.0
B0BJ6SVLCD,,,,133.0,133.0
B0BJ6TT8ZD,,,,,22.0
B0BJ6V7WP8,,,16.0,,
B0BJ6XYR4H,,,,34.0,34.0
B0BJ7292T2,,,,,328.0
B0BJ7RPSTZ,,,,,5.0
B0BJ88X87K,50.0,,,,
B0BJ8ZBS5N,,,,95.0,95.0
B0BJ8ZPM3J,,,,95.0,95.0
B0BJBHD1SB,,,,7.0,7.0
B0BJCY427K,,1.0,,,
B0BJD968NJ,,,,38.0,38.0
B0BJDLPDCT,,,,106.0,106.0
B0BJDLRVTK,,63.0,63.0,63.0,63.0
B0BJDN6JMP,,,,,38.0
B0BJDRLYDF,,,,,11.0
B0BJDRNW5J,,,,,38.0
B0BJF132T8,,,152.0,152.0,152.0
B0BJJD11Y9,,,,,29.0
B0BJJPXXJR,,,29.0,,29.0
B0BJJTV7Y5,,,,,582.0
B0BJKV2KXP,,,,,76.0
B0BJLBF8S8,,,,215.0,
B0BJM7QP4K,,,30.0,,30.0
B0BJNT3S3G,,,,,32.0
B0BJNTYMFQ,,,,,46.0
B0BJNX2GTG,,168.0,168.0,168.0,168.0
B0BJNZZ56Y,,,,100.0,100.0
B0BJP77Q3W,,,,,118.0
B0BJPJ78D6,,,,118.0,118.0
B0BJPJQL27,,,,,46.0
B0BJPMPZ83,,,,46.0,46.0
B0BJPMVDZJ,,,,,32.0
B0BJPP1BSP,,,,,98.0
B0BJPSNF8J,,,,,98.0
B0BJQZ815L,,,,,70.0
B0BJTC99RR,,,,,75.0
B0BJTWMV2C,,,22.0,,
B0BJV3WW6G,,,,22.0,
B0BJV5FYVS,,,,28.0,
B0BJV8FTXZ,,,,,136.0
B0BJVDDRWB,,,,136.0,136.0
B0BJVDW39Y,,,,,26.0
B0BJVG6HDR,,,,55.0,55.0
B0BJVH2M3P,,,,137.0,137.0
B0BJVH38LN,,,,44.0,
B0BJVJ69CQ,,,,,136.0
B0BJVJ7J5K,,,,,45.0
B0BJVJF7GB,,,,,137.0
B0BJVJMRYQ,,,,,44.0
B0BJVKT3YN,,,51.0,51.0,51.0
B0BJVTQVJ6,,,,136.0,136.0
B0BJVXTCC8,,,,26.0,26.0
B0BJW1QLMW,,,,,21.0
B0BJW5DSDF,16.0,,,,
B0BJZBNSPF,,,,,1.0
B0BJZKBW3L,,,,,140.0
B0BJZMHSG9,,,,,20.0
B0BJZSTVJ8,,,,,104.0
B0BK12YF2N,,,,,14.0
B0BK18847K,,,,,37.0
B0BK1CHKYL,,,,,37.0
B0BK25XK22,,,,8.0,8.0
B0BK2CMPP3,8.0,,,,8.0
B0BK3LQJPY,,,,,38.0
B0BK3NFHMW,,,,,38.0
B0BK4HVZQG,,,,,4.0
B0BK4RNNLV,,2.0,,,
B0BK6FX6WL,,,,,11.0
B0BK6Y74LS,,,,,229.0
B0BK79XZXS,,,,,36.0
B0BK7CWH34,,,36.0,36.0,36.0
B0BK8N9VKF,,,,,8.0
B0BK8PLB2F,,,,91.0,
B0BK8Q81LY,,,,,91.0
B0BK8Q92Y2,,,,,91.0
B0BK9441XK,24.0,,,,
B0BK9RP4X9,,,,26.0,26.0
B0BKFMP9VZ,,,,80.0,80.0
B0BKFTXT56,,,,68.0,68.0
B0BKG2JD4W,,,,14.0,
B0BKG2NNGR,,,,,166.0
B0BKG311Y8,,,,,166.0
B0BKGCD3VR,,,,,31.0
B0BKGDYP7D,,,,,31.0
B0BKGFLFC7,,,,,31.0
B0BKH3S5K1,,,61.0,61.0,61.0
B0BKJT4WZG,,,,,95.0
B0BKKB22BS,,,,,31.0
B0BKKHJFQS,,,,,31.0
B0BKKJRBWM,31.0,,,,
B0BKL19VCJ,,,,28.0,28.0
B0BKL2G6RC,,20.0,,20.0,20.0
B0BKL8MZBR,,,,10.0,10.0
B0BKL9VQ4D,,,,,10.0
B0BKLGB1NT,,,,,10.0
B0BKPSDKPD,,,,38.0,38.0
B0BKPTW8YK,,,,,2.0
B0BKPX2KY8,,,,,3.0
B0BKQFSGZQ,,61.0,61.0,61.0,
B0BKQGCWDZ,,61.0,,,61.0
B0BKQHZK3N,,,,,13.0
B0BKQJ3T9J,,,,,61.0
B0BKQJBFS2,,,,61.0,61.0
B0BKRK1HR5,,,,27.0,27.0
B0BKRV22Y9,20.0,,,,
B0BKSN74W4,,,,,11.0
B0BKSP91GR,,,,,36.0
B0BKSQJKTB,,,,,21.0
B0BKSWQJXJ,,45.0,,,
B0BKTW7QZW,,,,78.0,78.0
B0BKV7WDQB,,,,,471.0
B0BKVB1DCJ,,,,,7.0
B0BKVS9BCR,18.0,,,,
B0BKVT2LGC,,,,67.0,67.0
B0BKW7PWBN,,,,228.0,228.0
B0BKY8XPFZ,,,,,229.0
B0BKYFCGLM,,,10.0,,10.0
B0BKZB3KQN,,5.0,,,
B0BKZCDPGM,,,,,14.0
B0BKZLPN28,,,,100.0,100.0
B0BKZM7QY2,,,,100.0,100.0
B0BL13S5GS,,,,,2286.0
B0BL13YCXR,20.0,,,,
B0BL15XHPJ,,2286.0,,,
B0BL17CPPY,,,,,68.0
B0BL18PCSL,,,116.0,116.0,116.0
B0BL19LC49,,,,,78.0
B0BL1B9MHX,,68.0,,,
B0BL1C8VC6,,,2.0,,
B0BL1NZM5R,,,,,7.0
B0BL2WXJQG,,,,,122.0
B0BL2XD227,231.0,,,,231.0
B0BL2ZZY93,,,,249.0,249.0
B0BL31MWXL,,,,,249.0
B0BL33Z5G1,,,249.0,,249.0
B0BL357DM7,,,,,249.0
B0BL3C1KF1,,,,143.0,143.0
B0BL3D5L9P,,81.0,81.0,81.0,81.0
B0BL3GRB11,,,,81.0,81.0
B0BL3ND8BK,,,,,213.0
B0BL6JGJTY,,,,,89.0
B0BL6N2RRV,,,,,4.0
B0BL6TC52H,,,,28.0,28.0
B0BL74N9D7,24.0,,,,
B0BL783CS5,,,27.0,,27.0
B0BL78BNNQ,,,,48.0,48.0
B0BL7BNXR9,,,,,48.0
B0BL7MLJR2,,,,,70.0
B0BL7WZXYS,,,,18.0,18.0
B0BL82J2PJ,,,,,14.0
B0BL8335BL,,,82.0,82.0,82.0
B0BL8BD882,,33.0,33.0,33.0,33.0
B0BL9CXNSL,,,,,95.0
B0BLC6K6R6,,,,,92.0
B0BLCFV9H8,,,2.0,,
B0BLCPJTR7,,,,14.0,14.0
B0BLG3J5XF,,,,,43284.0
B0BLGB1NPY,,,,,875.0
B0BLGBZ6C3,,43.0,43.0,43.0,43.0
B0BLGH6PB3,,,,99.0,99.0
B0BLGNJXJN,,,,,71.0
B0BLGP33M9,,,,43284.0,
B0BLGRG5GS,,,,,43284.0
B0BLGSGSP7,,,200.0,200.0,200.0
B0BLGWWVQ7,13.0,,,,
B0BLH3MV84,,,,131.0,
B0BLHG63R1,,,,,123.0
B0BLHHHDXB,,,,123.0,123.0
B0BLHJ46ZV,,,,32.0,
B0BLHJQ1C5,,,,117.0,
B0BLMLD4S6,,,,,75.0
B0BLMQ3D8N,,,,75.0,75.0
B0BLMQ3MNC,,,,,24.0
B0BLMQ5HRF,,,,,46.0
B0BLMR7DV5,,,,,46.0
B0BLN8RH9Y,,,,23.0,23.0
B0BLNHT6SR,,,,204.0,204.0
B0BLNMJNT2,,6.0,,,6.0
B0BLNN9MHV,,,,,5.0
B0BLP39NTW,,,,,47.0
B0BLP45ZGG,,,3.0,,
B0BLPN5MK8,,,,,96.0
B0BLQL93S5,,,,128.0,128.0
B0BLR8BD1C,,72.0,,,
B0BLRWMYBZ,,,,46.0,46.0
B0BLS6N95V,,,,,128.0
B0BLSG4TFZ,,,,,49.0
B0BLSG77GP,,,,,5.0
B0BLSHQPCT,,,,27.0,27.0
B0BLSJJLWP,,,,27.0,27.0
B0BLSPR5V4,,,,26.0,26.0
B0BLTLFM2H,,,113.0,113.0,113.0
B0BLV1Y6K7,,,,25.0,
B0BLV3M272,,,,,2.0
B0BLVHNCMS,,,,37.0,
B0BLVLDJHR,,,,,25.0
B0BLVT4XCC,,,,,27.0
B0BLYSG41J,,,,,57.0
B0BLYSY56N,,,,57.0,57.0
B0BLYV8HLS,,,,,57.0
B0BLYW3W5T,,,,,24.0
B0BLYW4WC6,,,,,1193.0
B0BLYWS8Y9,,,,57.0,57.0
B0BLYYBWGH,,32.0,,,
B0BLZ53XT2,,,,,60.0
B0BM32WRLQ,,,,,36.0
B0BM356SXV,,,,,107.0
B0BM39D6PV,,,,39.0,39.0
B0BM3GD3K3,,,,36.0,36.0
B0BM3GZ7DD,,,39.0,39.0,39.0
B0BM3LP7DS,,,,,21.0
B0BM3S2M3V,,,,,61.0
B0BM3WZS4Y,,,,,39.0
B0BM3WZZ26,,,16.0,16.0,16.0
B0BM43YC22,,,,,107.0
B0BM45C18Y,,,,,10.0
B0BM4B3W68,,,,,12.0
B0BM4BVL49,,,,26.0,26.0
B0BM4C7BGS,,,15.0,,15.0
B0BM4D6P8P,,,,26.0,26.0
B0BM4DTL6Y,,,26.0,26.0,26.0
B0BM4FTR93,,,15.0,15.0,15.0
B0BM4G9CTQ,,,,27.0,27.0
B0BM4GLDNB,,,,,26.0
B0BM4KGBS2,,,,48.0,
B0BM4PR8MM,,,,25.0,25.0
B0BM4XVKZV,,,29.0,,29.0
B0BM51PC84,,,37.0,37.0,37.0
B0BM51SH24,50.0,,,50.0,50.0
B0BM5G1Z2R,,,,,67.0
B0BM5Y7SLQ,,,,,24.0
B0BM6J286Y,,,,75.0,
B0BM6JXPQ7,,,178.0,,178.0
B0BM8RG7ZC,,,,,313.0
B0BM8V6QZL,,,,,19.0
B0BM9GZVND,,,,,34.0
B0BM9HS864,,,,,29.0
B0BM9K8L9H,,,,29.0,29.0
B0BM9KF29V,,,,,34.0
B0BM9L2PD9,,,,,128.0
B0BM9LNWKS,,,,,34.0
B0BM9M72ZQ,,56.0,,,56.0
B0BM9SFPWF,,,,27.0,
B0BM9SJYGC,,,,,28.0
B0BM9SRS3C,139.0,,,,
B0BMB9KW5C,,,,29.0,
B0BMDL8XWW,,,,62.0,62.0
B0BMDZ3GNT,,,,62.0,
B0BMFFPVB3,,,,,11.0
B0BMFH3XQM,,,,,3.0
B0BMFHP5Z4,,,,62.0,62.0
B0BMFSWLWZ,,,,74.0,74.0
B0BMGBMPT2,,,29.0,29.0,29.0
B0BMGDP5FD,,8.0,,,
B0BMGJRWCW,,,,,113.0
B0BMJY4D3K,,,,,28.0
B0BMKY772S,,,,10.0,
B0BML1ZR1P,,,,41.0,41.0
B0BML3W7TP,,,,32.0,32.0
B0BML9QM3T,,,,,6.0
B0BMLB94DJ,,,1.0,,
B0BMLS5H1F,,,,,12.0
B0BMLV7V4X,,,220.0,220.0,220.0
B0BMLVZ233,,,,,220.0
B0BMLY5F96,,,220.0,,220.0
B0BMNWFFC5,,,,,49.0
B0BMPMHN4R,,,,,36.0
B0BMPPYPFB,,,,,115.0
B0BMQ1KXRZ,,,,,31.0
B0BMQ747JF,,60.0,,,60.0
B0BMQLLMSK,,,,,1193.0
B0BMQMDV8T,,,,,1193.0
B0BMQP7R3Q,,,,66.0,66.0
B0BMQQPL3X,,,,23.0,23.0
B0BMRTZMCH,,,,,675.0
B0BMSZWTYF,,,,42.0,42.0
B0BMTCGDYP,,,,,70.0
B0BMTD2P8M,,,18.0,18.0,18.0
B0BMTK9TSF,,,,33.0,33.0
B0BMTKFZLT,,164.0,,,164.0
B0BMTP5XCR,,,,,16.0
B0BMTPHHWN,,10.0,,,
B0BMTRPKN3,,,,,70.0
B0BMVWRSNZ,,,,,5.0
B0BMW1GJ25,,,,,43.0
B0BMWS3DV5,,,,,593.0
B0BMWT4533,,,,,593.0
B0BMWTNDDZ,,,3.0,,
B0BMWV2QSR,,,593.0,,593.0
B0BMWV2RK6,,,,593.0,593.0
B0BMWWDTWB,593.0,,,,593.0
B0BMX2PY5G,,,,64.0,64.0
B0BMXFVSQB,,,,,45.0
B0BMXYR8Q6,,,,,29.0
B0BN128C56,,36.0,,,
B0BN1383NY,75.0,,,,75.0
B0BN1NQ8ZR,,71.0,,71.0,71.0
B0BN1PF39P,,,,57.0,57.0
B0BN1PXRDX,,,,57.0,57.0
B0BN2PDCYP,,,4.0,,
B0BN2WWMXR,,,,,875.0
B0BN3FH42Y,,,,,89.0
B0BN3HSLYM,,,,89.0,89.0
B0BN3XS3TK,,,,,6.0
B0BN596R92,,,,2.0,
B0BN5F618S,,,,,39.0
B0BN5HL8JP,,2.0,,,
B0BN5RTDH2,,,100.0,,
B0BN618SDQ,15.0,,,,
B0BN632CBJ,,,39.0,,39.0
B0BN6BQKP3,,,,10.0,
B0BN7JZVT7,,,,,16.0
B0BN7W329B,,,,49.0,49.0
B0BN87T649,,,,,54.0
B0BN8BNYQT,35.0,,,,
B0BN99WCZH,7.0,,,,
B0BN9DCYFN,,,69.0,69.0,69.0
B0BN9VRD2Q,,,240.0,,
B0BN9VY2P7,,,,,240.0
B0BNB6ZB7S,,58.0,58.0,58.0,58.0
B0BNBC9YF2,,,,,54.0
B0BNBD9164,,,,26.0,26.0
B0BNBDVFSQ,3.0,,,,
B0BNBMRWGV,1.0,,,,
B0BNBN1XJD,,,33.0,,33.0
B0BNBP4BNP,,,28.0,,28.0
B0BNBV27LH,,,,,4.0
B0BNC5V371,,,3.0,,
B0BNCYHMNC,,,,,26.0
B0BNDDB1DL,,,,89.0,89.0
B0BNDVZM21,,,,,21.0
B0BNG2D57G,,,,,1.0
B0BNG2Z5WC,,,,,1.0
B0BNGF8SNV,,,,29.0,
B0BNGX826H,,,,,262.0
B0BNH4Q8Z1,,,,,31.0
B0BNH588W3,,,,17.0,17.0
B0BNHK27MD,,,,28.0,28.0
B0BNHK5YY3,,,,,28.0
B0BNHMQSCS,,,,,12.0
B0BNHXY61V,,,,22.0,22.0
B0BNJ9XWC8,,,,,46.0
B0BNJDN7BM,,,,,46.0
B0BNJFQ6GG,,,,38.0,38.0
B0BNK8NZQ5,,,25.0,,25.0
B0BNK9N7MD,,,,25.0,
B0BNKH71X7,,,,,45.0
B0BNKXHNKT,,,,111.0,111.0
B0BNKYQ7MN,,,,111.0,111.0
B0BNL2LSYY,,,,111.0,111.0
B0BNL3FQ73,,23.0,23.0,23.0,23.0
B0BNL6XDPS,345.0,,,345.0,345.0
B0BNL9ZRFY,,,,,50.0
B0BNNJZVF2,,,28.0,28.0,28.0
B0BNNQNK2X,,,1.0,,
B0BNNRV475,,,,,29.0
B0BNPG58RX,14.0,,,14.0,14.0
B0BNPGPPZ8,,,,,86.0
B0BNPGV7GR,,,,86.0,86.0
B0BNPHHDSP,,,,86.0,
B0BNPVBWYZ,,,,,86.0
B0BNQ7XKHC,7.0,,,,
B0BNQ7XSFL,,,,5.0,
B0BNQ9N8VT,5.0,,,,
B0BNQBCMC3,,,,328.0,
B0BNQZGF2H,,,,,5.0
B0BNSXYKNV,,,,48.0,48.0
B0BNT7BPSV,,,,48.0,48.0
B0BNT91D5B,,,,,9.0
B0BNTL6W6K,2.0,,,,
B0BNVCJ3Y1,,,,63.0,63.0
B0BNW7WNLL,,,,5432.0,5432.0
B0BNW913N4,,,27.0,27.0,
B0BNWS3QMG,,,,,27.0
B0BNXQ7BH6,26.0,26.0,,26.0,26.0
B0BNY1PHTS,,24.0,,,
B0BNYRBD32,,,,,32.0
B0BNZ7NKCW,,,,29.0,
B0BNZDPQPY,59.0,,,59.0,59.0
B0BNZZD671,,,,,56.0
B0BP11YLW4,,,52.0,52.0,52.0
B0BP238HPZ,,,,34.0,
B0BP2FDCMP,,,,,18.0
B0BP6ZMTBJ,,,,35.0,35.0
B0BP7BYNGT,,,,6.0,6.0
B0BP7GK924,,37.0,37.0,37.0,37.0
B0BP7LWM6B,,,,148.0,148.0
B0BP85DRXV,,,,24.0,24.0
B0BP88GDHR,,,,24.0,24.0
B0BP99K68F,,,,57.0,57.0
B0BP9H5C4K,,,,27.0,27.0
B0BP9LRGM1,,,,26.0,26.0
B0BP9ZRRT5,,,,27.0,27.0
B0BPBD13MK,,,,27.0,27.0
B0BPBS1NWM,,,40.0,40.0,40.0
B0BPCD3K19,,,,,29.0
B0BPCJ3THN,,,,,65.0
B0BPCL7C9P,,,,65.0,65.0
B0BPCQ2MKW,,,,,5.0
B0BPCRN869,,,,,5.0
B0BPCTBNJN,,,,,5.0
B0BPD193P5,60.0,,,60.0,
B0BPDT8CFL,,,,60.0,60.0
B0BPDYQFFG,,,,21.0,
B0BPGKQLJ7,,,,,57.0
B0BPH1L93N,,,,,21.0
B0BPH3N5L7,,,47.0,47.0,47.0
B0BPH4F8G8,,,,80.0,80.0
B0BPH5PTC2,,,,40.0,40.0
B0BPHBV39Q,,,,,26.0
B0BPHTFWKS,,,,,41.0
B0BPHTJYT5,,,,41.0,41.0
B0BPJJH964,,,,,54.0
B0BPK14YC7,,,,,19.0
B0BPK1BNHQ,,41.0,,,41.0
B0BPK262KR,,,,,54.0
B0BPKGL12L,,56.0,,56.0,56.0
B0BPKS6R99,,,32.0,32.0,32.0
B0BPL3VD4Z,,,,113.0,113.0
B0BPL8T7RR,61.0,,,,
B0BPM4J9TP,,,,,54.0
B0BPMKDNT4,76.0,,,76.0,
B0BPP14MP5,,,,,29.0
B0BPP1G2Y5,,,,,29.0
B0BPP3BCZQ,,,,,29.0
B0BPP3JLT2,,,,,29.0
B0BPQLHPZH,,,,,94.0
B0BPQLJLVL,,,,,94.0
B0BPQMBJ6L,,,,,94.0
B0BPQML9XX,,,,,94.0
B0BPQMN6CX,,,,,94.0
B0BPQMVHLC,,,,,94.0
B0BPQNMTC7,,,,,94.0
B0BPQP47LF,,,,,94.0
B0BPQPG6XV,,,,94.0,94.0
B0BPQPK88H,,,,,94.0
B0BPRHSMYK,,,,,11.0
B0BPS8QRST,,,,,760.0
B0BPSDHMPN,,,,,128.0
B0BPSM7Z6G,,,,,62.0
B0BPSQBL97,,29.0,,,29.0
B0BPSS3YNS,,,29.0,,29.0
B0BPVKMGPT,244.0,,,244.0,
B0BPX6T475,,,,,54.0
B0BPXTV25Z,,,,2.0,
B0BPY5YT4H,,27.0,,,27.0
B0BPYC649H,,,18.0,,18.0
B0BPZX5XYN,,,,,19.0
B0BQ2SG5J4,,,136.0,,
B0BQ5YPK3T,,,,,25.0
B0BQ64BDKT,,,,75.0,75.0
B0BQ65JZD2,,,,,75.0
B0BQ6RNCVC,,,,,28.0
B0BQ7388P9,,,453.0,,453.0
B0BQ9H2D5M,,,,,42.0
B0BQB7ZYSS,,,,,62.0
B0BQB9XPHM,,,,,62.0
B0BQBL1HNC,,,,,32.0
B0BQBPHK5P,,,,,32.0
B0BQBPPPFF,,,,,23.0
B0BQBS12QH,,,,,48.0
B0BQBS3W3Z,,,,,32.0
B0BQGX2ZGK,,,,,28.0
B0BQGYQTQ2,,,,,28.0
B0BQH95VY2,,,32.0,,
B0BQHC9WPQ,,,,32.0,
B0BQHF2R57,,,,,34.0
B0BQHJB435,,,17.0,17.0,17.0
B0BQJ5BGL3,42.0,,,42.0,42.0
B0BQJB3VBH,,,16.0,,16.0
B0BQJF4QV3,,,,,16.0
B0BQJK61FH,,,,,97.0
B0BQJKDX4M,,,,,97.0
B0BQL9BKV9,,,471.0,,
B0BQMDVJ33,,,,27.0,27.0
B0BQMFYFKS,,,,,27.0
B0BQMG2V58,,,27.0,27.0,27.0
B0BQN9V13H,,,,57.0,57.0
B0BQNBXSXZ,,,,,57.0
B0BQQBPFGS,,,60.0,60.0,60.0
B0BQQDBDJ8,,,,50.0,50.0
B0BQQSB1NF,,,,,50.0
B0BQRSHGFR,,,,,51.0
B0BQRTV8CQ,,,159.0,159.0,159.0
B0BQWFTLK1,,,41.0,41.0,41.0
B0BQWJHVV2,,,,,25.0
B0BQWNRG3Z,,,,,159.0
B0BQX2DSKM,,,44.0,44.0,44.0
B0BQXCXHN3,,,,27.0,27.0
B0BQYJGSW9,,,,,190.0
B0BQYW4H6H,,,,,29.0
B0BQYW52YZ,,,,,29.0
B0BQYWZVJ6,,,,,29.0
B0BR393K5L,,,,31.0,31.0
B0BR3DH8QK,,,,31.0,31.0
B0BR3R1LW3,,,,,312.0
B0BR3R2939,,,,,312.0
B0BR3RSQ4L,,,,,312.0
B0BR3S5TTG,,,,,312.0
B0BR3T8F78,,,312.0,,312.0
B0BR3TW3G1,,,,,312.0
B0BR4Q8CXY,,,,,333.0
B0BR4QHFVV,,,,333.0,333.0
B0BR4QTGLM,,,,83.0,83.0
B0BR4VTM8R,,,,,173.0
B0BR52XBWR,,,,15.0,15.0
B0BR536X8V,,,,,15.0
B0BR58DNYV,,,,116.0,116.0
B0BR58HVRW,,,,78.0,78.0
B0BR59WRM4,,,,78.0,78.0
B0BR5DR8LR,,,,,27.0
B0BR5MS2D6,,,24.0,24.0,
B0BR5MV266,,,,89.0,89.0
B0BR5N5WRN,,,89.0,89.0,89.0
B0BR5PYPXP,,,35.0,35.0,35.0
B0BR6CW4LR,,,28.0,28.0,28.0
B0BR6D48MK,,,28.0,28.0,28.0
B0BR6J5CRB,2.0,,,,
B0BR73FQJ2,,,,,40.0
B0BR747T6T,,,,40.0,40.0
B0BR7SZMTQ,,,,,11.0
B0BR8M7J1D,,,,,23.0
B0BR8NN1PJ,,,,23.0,23.0
B0BR8RLRSR,,,,,1677.0
B0BR93JXRQ,,,,,96.0
B0BR94W2T5,,,,28.0,28.0
B0BR9DJL87,,,,,188.0
B0BR9RPJV2,,,,,312.0
B0BR9TGPCX,,,,,312.0
B0BR9V7NYW,,,,,312.0
B0BRC9CF5D,,,,,18.0
B0BRCDP8DD,,,,13.0,13.0
B0BRCJKYWV,,,,183.0,183.0
B0BRCRNTVW,,,30.0,30.0,30.0
B0BRD2HWQD,,,,8.0,
B0BRFW3H13,,,,,33.0
B0BRJ1V3RS,,,,49.0,49.0
B0BRJ4WNDZ,,,,,12.0
B0BRJBJJQL,,,,,56.0
B0BRK7MNNF,,,,,131.0
B0BRK7TS4M,,,,,131.0
B0BRKCQM7V,,,,,63.0
B0BRKD8SZG,,,,,29.0
B0BRKJTK14,,,,,26.0
B0BRKKMXMG,,,,26.0,
B0BRKRY8Y3,,,,,20.0
B0BRKSYGXH,,,,72.0,
B0BRKV96SL,,,,,72.0
B0BRKVQH5S,,,,72.0,
B0BRKWSBS7,,,,,22.0
B0BRKXBPVX,,,,72.0,
B0BRKYSLXW,,,,34.0,34.0
B0BRMZLB88,,,,30.0,30.0
B0BRN11WJT,,,,,38.0
B0BRN1218L,,,,,39.0
B0BRN1B7DS,,,,38.0,38.0
B0BRN2JVBZ,,,,,1698.0
B0BRN4CP6S,,,34.0,,
B0BRN5Q6W4,,,,34.0,34.0
B0BRN5YGQP,,,30.0,30.0,30.0
B0BRN7HQN8,,,,30.0,30.0
B0BRN8C7SH,,,,30.0,
B0BRNWQT27,,,,,36.0
B0BRP4HY6T,,,,,21.0
B0BRP52DV7,,,,,21.0
B0BRPN4DK3,93.0,,,,
B0BRPXR2BB,,,70.0,,
B0BRPXYZWC,,,,,70.0
B0BRPZ28NM,,,,,70.0
B0BRPZDT35,,,55.0,55.0,55.0
B0BRQC23GR,,,,83.0,83.0
B0BRQDHS19,,,,,58.0
B0BRR5D969,,,,,9.0
B0BRR5LRT3,,,,,116.0
B0BRR6Q2ZD,,,,116.0,116.0
B0BRR6Z13D,,,,,116.0
B0BRV4BLXY,,,,,6.0
B0BRV55KXK,,,,34.0,
B0BRVWSPQ9,,,,,33.0
B0BRVY6TXB,,,,,33.0
B0BRW7873Z,,,,,11.0
B0BRX9X6Y8,,,,57.0,57.0
B0BRXR7W63,328.0,,,,
B0BRXS9NVD,,,,,37.0
B0BRYJVLWQ,,,,,1.0
B0BRYM34WV,,,17.0,,
B0BRZ9M15M,,,,63.0,63.0
B0BS138NQ4,,,,,25.0
B0BS188SXD,,,,52.0,52.0
B0BS18DYB5,,,,,52.0
B0BS1PCRBH,,,28.0,28.0,28.0
B0BS344KXT,,,,24.0,
B0BS366X58,,,,118.0,118.0
B0BS3DDJJB,,,,,10.0
B0BS3DHHQ3,,,43.0,43.0,
B0BS3FCQF1,,,,118.0,118.0
B0BS3HS6QD,,,,,80.0
B0BS3JSTFQ,,,,,43.0
B0BS3K792N,,,,43.0,
B0BS3KXPBT,,,,43.0,43.0
B0BS43XVQ7,,,,159.0,159.0
B0BS44NZ4C,,,,26.0,
B0BS44TS3F,,,,26.0,
B0BS44V7MV,,,,159.0,159.0
B0BS45FKZ9,,159.0,,159.0,159.0
B0BS4FVQZ4,,,,40.0,40.0
B0BS5VPVSL,,,,48.0,
B0BS64GHMQ,,34.0,,,
B0BS6575KF,34.0,,,34.0,34.0
B0BS6BXYF3,,,,34.0,
B0BS6GMDYD,,,,,41.0
B0BS8T8XKG,,,,189.0,189.0
B0BS9CYNH6,,,,10.0,
B0BSB8B7V7,,,,,28.0
B0BSC4M47K,,,,,26.0
B0BSDH7DK6,,,,1.0,
B0BSDJMW4T,,,,,1.0
B0BSDJVZ3N,,,,,1.0
B0BSDJZ6GP,,,,1.0,1.0
B0BSDK6TX4,,,,1.0,1.0
B0BSGZYK4K,31.0,,31.0,31.0,31.0
B0BSHCVJSC,,175.0,,175.0,175.0
B0BSVLQMNF,,74.0,74.0,74.0,74.0
B0BTBVK1NF,,,,,13055.0
B0BTCQYBXW,,,,,372.0
B0BTD69J4W,,,,52.0,
B0BTDSL5Y1,,,,29.0,
B0BTHF143S,,,154.0,154.0,154.0
B0BTHJLTQH,,,,34.0,34.0
B0BTHM435D,,,46.0,,
B0BTKK9N1V,,,,32.0,
B0BTKMC1WB,,,,,32.0
B0BTKQWMX1,,,32.0,32.0,
B0BTM1HCQK,,,27.0,,27.0
B0BTM25TY6,,,,27.0,27.0
B0BTM2JKMQ,,,27.0,,
B0BTM4R5SN,,,,,27.0
B0BTMQ7KF8,,,,19.0,19.0
B0BTMWDK1S,,,,55.0,55.0
B0BTNM7W8V,,,,111.0,111.0
B0BTPGTDWJ,,,,,49.0
B0BTR27YZX,,,,77.0,77.0
B0BTT55NWX,,,,31.0,31.0
B0BTTHP7W7,,,,,26.0
B0BTYKJ1QD,,,,,25.0
B0BTZYP1PJ,,,,,51.0
B0BV11RGQ8,,,,,51.0
B0BV16RP6H,,,,,374.0
B0BV287J4Y,,,,34.0,34.0
B0BV5GZGGB,333.0,,,,
B0BV5WXX7C,,,,,19.0
B0BV6BJZ9Y,,,,,333.0
B0BV71ZCHD,,,,,44.0
B0BV77MKQ8,,,,,44.0
B0BV9K7T7Z,,,,,16.0
B0BVBVPG2C,,,,,24.0
B0BVF9RNPM,,,,3.0,
B0BVFRYRJB,,,,36.0,36.0
B0BVFY4G3J,,,36.0,36.0,36.0
B0BVH3GX86,,,,29.0,29.0
B0BVHCRXD9,,,,37.0,37.0
B0BVHD4358,,,,,37.0
B0BVHHJ1MC,,,,37.0,
B0BVQ9JK2Z,,5.0,5.0,,
B0BVR3RWXN,,,,,143.0
B0BVR4YWRH,,,,,12.0
B0BW15R8TQ,,,,,23.0
B0BW361X48,,,,,7.0
B0BW37BQ1N,,,7.0,,7.0
B0BW493DQ2,,,27.0,,
B0BW57S5ZT,,,,29.0,29.0
B0BW59VS1N,,,,27.0,27.0
B0BW5V18Z1,,,,74.0,
B0BW898V42,,,,,91.0
B0BW9MPQ3B,,,,30.0,
B0BWD4G5FV,,,,74.0,74.0
B0BWH3K2BV,,,,27.0,27.0
B0BWH61CT1,,,,,3.0
B0BWH9D1F4,,,,,3.0
B0BWHB91FW,,,,,3.0
B0BWHBB2S3,,,,3.0,3.0
B0BWHJZ3J1,,,,,3.0
B0BWHL5VBC,,,,,3.0
B0BWHL5VBF,,,,,27.0
B0BWHLVWN3,,,,27.0,
B0BWHLWK83,,,,,33.0
B0BWHLYRNF,,3.0,,,3.0
B0BWHRCFW3,,,,54.0,
B0BWN9SPDF,,,,,29.0
B0BWND2DDR,,,,,29.0
B0BWNHVPWT,,,,,94.0
B0BWNJ698M,,,,,94.0
B0BWPZR8M6,,,,,14.0
B0BWQ3C7C8,,,,,14.0
B0BWR14CN5,,,,26.0,26.0
B0BWR5Y2GF,,,26.0,26.0,26.0
B0BWRZYW46,,,,331.0,331.0
B0BX3MXLT5,,,43.0,43.0,43.0
B0BX5VYW66,,,23.0,23.0,23.0
B0BX5W3LF7,,,23.0,,
B0BX6HJYMK,,,,,331.0
B0BX6KCRDH,,,,331.0,331.0
B0BX6PXW46,,,,,66.0
B0BX9B88ZR,,,,,28.0
B0BXCF3K38,,,,,170.0
B0BXH159GB,,,3.0,,
B0BXH2WJC8,,,,,48.0
B0BXH436P3,,,,,2.0
B0BXJB1QP1,,,,30.0,
B0BXLL93D6,,,,29.0,29.0
B0BXLMGQVN,,,29.0,,29.0
B0BXNHJ4V7,,,27.0,,
B0BXT2557T,,,,,9.0
B0BZ6CTC1R,,,,,2.0
