product_id,1.0,2.0,3.0,4.0,5.0
3110740079,,,,,4.0
4053000092,,,,1.0,
535795545X,,,,,158.0
5357956014,,,,48.0,48.0
5936000753,,,,,120.0
9790781261,,7768.0,,,7768.0
9790781407,,,,119.0,119.0
B000052YII,,,,,8.0
B0000531EN,,,6.0,6.0,
B00005329I,,30.0,,,30.0
B00005A77G,,,,,27.0
B00005K3L6,,,,,8.0
B00005R7ZY,,,,,9.0
B000068DIB,,,,,748.0
B000068DWY,,,,,16124.0
B00007KQF8,,7346.0,7346.0,7346.0,7346.0
B0000Y3NO6,,,,,74.0
B0000Y3NOG,,,,327.0,
B0000YUWG8,,,,,501.0
B0000ZREXG,341.0,341.0,,341.0,341.0
B0000ZREXQ,487.0,487.0,487.0,487.0,487.0
B00012C5RS,,,,,50.0
B000141MAW,96.0,,96.0,96.0,96.0
B000141PIG,6457.0,6457.0,6457.0,6457.0,6457.0
B000141PYK,4680.0,4680.0,4680.0,4680.0,4680.0
B000142ABW,,,,460.0,460.0
B000142FVW,,,16092.0,16092.0,16092.0
B000142JDG,,,,,3358.0
B0001432PK,1748.0,,,,1748.0
B0001433OU,16092.0,,16092.0,,16092.0
B0001433PO,,,,,6.0
B0001433YK,64.0,,,,
B00014340I,,,,,37.0
B0001434GW,88.0,,88.0,,88.0
B0001434T4,,,,,88.0
B00014351Q,,88.0,88.0,,88.0
B00014353E,239.0,,,,239.0
B00014353Y,8749.0,8749.0,,8749.0,8749.0
B00014358E,88.0,88.0,,,88.0
B0001435D4,9378.0,9378.0,9378.0,9378.0,9378.0
B0001435QQ,80.0,,,,80.0
B000143LBU,,,,70.0,
B000143LCE,,,,,70.0
B000143RIW,173.0,,,,173.0
B00014GT78,8685.0,8685.0,8685.0,,8685.0
B00014GT8C,,8685.0,,8685.0,8685.0
B00014GT8W,8685.0,8685.0,8685.0,8685.0,8685.0
B00014GTPK,,,,8685.0,8685.0
B00017XGDU,7768.0,,,,7768.0
B00017XWES,,,,,720.0
B0001B52EM,,,,,701.0
B0001BOD1K,,,,,6247.0
B0001EKTTC,,,,66.0,66.0
B0001EKTTM,,,,,1245.0
B0001EKTVK,,,,,492.0
B0001EKTZQ,2450.0,2450.0,2450.0,2450.0,2450.0
B0001EKU28,425.0,425.0,425.0,,425.0
B0001EKVC2,,,798.0,798.0,798.0
B0001EKVCC,,,,798.0,798.0
B0001EKVCM,,,798.0,798.0,798.0
B0001EKVCW,798.0,798.0,,798.0,798.0
B0001EKVDG,638.0,,638.0,,638.0
B0001EKVFE,,,638.0,,638.0
B0001EKVGI,,,,,638.0
B0001EKVGS,,,638.0,,638.0
B0001EKWMQ,982.0,,,,
B0001EKXAM,798.0,,798.0,798.0,
B0001EKYEM,431.0,431.0,,431.0,431.0
B0001EKYEW,,431.0,431.0,431.0,431.0
B0001EL34M,,,,,313.0
B0001EL39C,,,,,32.0
B0001EL3B0,,798.0,,,
B0001EL5JA,,,,,99.0
B0001EL5KO,,258.0,258.0,,258.0
B0001EL5OU,72.0,,,72.0,72.0
B0001EL5Q8,274.0,274.0,,274.0,274.0
B0001EL5R2,,,,,353.0
B0001EL658,,,725.0,,725.0
B0001EL9BO,,,,1429.0,1429.0
B0001EL9D2,36.0,,36.0,36.0,36.0
B0001EL9DC,36.0,,36.0,,36.0
B0001EL9DW,36.0,36.0,,36.0,36.0
B0001EL9FA,,,36.0,36.0,36.0
B0001IW3RE,,,,,358.0
B0001IW400,,,,,81.0
B0001IW45U,,,,,31.0
B0001LVX36,332.0,,,,
B0001NAYOI,,,,,44.0
B0001QNKRI,,,6.0,,6.0
B0001QNL5Y,,,,,3.0
B0001QNLNG,72.0,72.0,72.0,72.0,72.0
B0001XDTWM,,,,13.0,13.0
B0001XDTYA,160.0,160.0,160.0,160.0,160.0
B0001XKA5G,,235.0,,,
B0001XLSRA,,,,,1915.0
B0001Y74H2,,54.0,,,54.0
B0001Y74KO,1487.0,1487.0,1487.0,1487.0,1487.0
B0001Y74SG,37.0,37.0,37.0,,37.0
B0001Y74TA,,72.0,72.0,,72.0
B0001Y74TU,,,,308.0,308.0
B0001Y74WM,433.0,433.0,433.0,433.0,433.0
B0001Y74XG,27.0,27.0,27.0,27.0,27.0
B0001YO0XS,,,,,6.0
B0001Z66UM,7764.0,7764.0,7764.0,7764.0,7764.0
B0001Z980C,,36.0,,,36.0
B00020E1P8,791.0,791.0,791.0,791.0,791.0
B00021AJ5I,21.0,,21.0,21.0,21.0
B00021AK4I,,,16124.0,16124.0,16124.0
B00021AKJI,12755.0,12755.0,12755.0,12755.0,12755.0
B00021AMZK,,,92.0,,
B00021AN3Q,,,,,92.0
B00021AN4U,,,,,92.0
B00021AUBQ,,,,,14.0
B00021AVL0,,9.0,,,
B00021AVLU,,,,,9.0
B00021AVZQ,,,9.0,,
B00021B3XU,1469.0,1469.0,,1469.0,1469.0
B00021B3YO,,1469.0,1469.0,1469.0,1469.0
B00021B402,1469.0,1469.0,1469.0,1469.0,1469.0
B00021B416,,,,,1469.0
B00021B4MK,75.0,,,,75.0
B00021B95M,,,,,140.0
B00021B95W,,10170.0,10170.0,10170.0,10170.0
B00021B9W0,,,,,26.0
B00021BF06,,,,51.0,51.0
B00021BNSK,,,,,12.0
B00021C1LI,5861.0,5861.0,5861.0,5861.0,5861.0
B00021C1NG,5861.0,5861.0,5861.0,5861.0,5861.0
B00021C49W,17891.0,17891.0,17891.0,17891.0,17891.0
B00021C6GI,,,,,3.0
B00021CAQY,,,,,843.0
B00021CJ6U,,,,25.0,
B00021CJAQ,,,,25.0,
B00021CX1Q,,,,,50.0
B00021CX3O,1174.0,,,1174.0,1174.0
B00021CXZM,,,,,49.0
B00021CY42,,,,,76.0
B00021CYJC,,29.0,,,
B00021D2TI,596.0,596.0,596.0,596.0,596.0
B00021D2UW,209.0,209.0,209.0,209.0,209.0
B00021D2XO,,540.0,540.0,540.0,540.0
B00021D2Z2,284.0,284.0,,284.0,284.0
B00021D5PO,,,,,13.0
B00021D5Q8,,,37.0,,37.0
B00021DBA8,450.0,,450.0,,450.0
B00021DDBK,341.0,,,341.0,341.0
B00021DDCY,,341.0,,341.0,341.0
B00021DDEM,,,,341.0,
B00021DETG,,,,,225.0
B00021DEY6,,,224.0,224.0,224.0
B00021DH0M,,,,29.0,
B00021DHIY,,,,,29.0
B00021DOZ0,,,,179.0,179.0
B00021DSBA,78.0,,,,
B00021DT6Y,,,,,1352.0
B00021DTGY,,5.0,,,
B00021DTJG,,,,1352.0,1352.0
B00021DXVA,,,,,63.0
B00021DY82,,,63.0,,
B00021EA9Y,692.0,692.0,692.0,692.0,692.0
B00021UR3C,1335.0,1335.0,1335.0,1335.0,1335.0
B000235UQO,,,,,72.0
B00023AH9O,,,,,31.0
B00023AHQC,,,,,289.0
B00023AIZW,,,,,755.0
B00023KD7A,10170.0,,10170.0,,10170.0
B00023KDBG,,,,,9227.0
B000248HLI,329.0,329.0,329.0,329.0,329.0
B00024YVXG,131.0,,,,131.0
B00025H67S,40.0,,40.0,40.0,40.0
B000264T9U,,,175.0,175.0,175.0
B00026ITZA,,,,,32.0
B00026YM60,,,,,470.0
B00027DYAE,22.0,,,,
B00027OQQA,,,40.0,,40.0
B00029RC46,,,,62.0,
B0002A65LQ,,,,261.0,261.0
B0002A65MK,10170.0,10170.0,10170.0,10170.0,10170.0
B0002AASE6,447.0,,447.0,447.0,447.0
B0002BPIZO,9227.0,9227.0,9227.0,9227.0,9227.0
B0002CZK74,,,325.0,,325.0
B0002CZK7E,383.0,,383.0,383.0,383.0
B0002DMLRA,,,,,3559.0
B0002H841I,,,,,1751.0
B0002H842C,,,1751.0,1751.0,1751.0
B0002JBXG4,,140.0,,140.0,140.0
B0002L2JT2,218.0,,218.0,218.0,218.0
B0002L2JY2,,108.0,,108.0,108.0
B0002LK3XG,,,38.0,,38.0
B0002MFL00,16.0,,16.0,,
B0002MPS7G,487.0,487.0,,487.0,487.0
B0002OZ018,109.0,,,109.0,109.0
B0002Q8WAC,,,108.0,,
B0002RI2PG,14367.0,14367.0,14367.0,14367.0,14367.0
B0002RI2PQ,14367.0,14367.0,14367.0,14367.0,14367.0
B0002VE4PO,234.0,234.0,,,234.0
B0002VNKPY,878.0,878.0,878.0,878.0,878.0
B0002VNKQS,164.0,164.0,164.0,,164.0
B0002VNKRW,,224.0,224.0,224.0,224.0
B0002VYJL8,,,,,8.0
B0002X4F0Q,,,487.0,487.0,487.0
B0002XBTVO,1087.0,1087.0,1087.0,1087.0,1087.0
B0002YYE3S,50.0,,,,50.0
B0002Z0QZ2,655.0,655.0,655.0,655.0,655.0
B0002Z81O0,1151.0,1151.0,,1151.0,1151.0
B0002Z8ETC,,,,173.0,173.0
B0002Z8ETW,,173.0,,,173.0
B0002Z8EVU,,,,50.0,
B0002Z8F00,,,,,173.0
B0002Z8F3M,,,,70.0,
B0002Z8F7S,,,,,144.0
B0002Z8F8C,,,,,144.0
B0002Z8FEQ,,,,,144.0
B0002Z8FF0,,,,,144.0
B0002Z8FFK,131.0,,,,131.0
B0002Z8FGO,,,301.0,301.0,301.0
B0002Z8FL4,,144.0,,144.0,
B0002Z8FLE,,,,144.0,
B0002Z8FMI,131.0,,,131.0,131.0
B0002Z8FMS,,,,,131.0
B0002Z8FN2,,,,70.0,70.0
B0002Z8K6Y,,,3122.0,,3122.0
B0002Z8LKO,,,,,14.0
B0002Z8LLI,,217.0,217.0,217.0,217.0
B0002Z8LOA,201.0,201.0,201.0,,201.0
B0002Z8MLW,,,,310.0,310.0
B0002Z8Z5K,10.0,,,,
B0002Z90PE,28.0,,,,28.0
B0002Z90Q8,,,,,19.0
B0002Z90RM,3420.0,3420.0,3420.0,3420.0,3420.0
B0002Z93BA,3937.0,,3937.0,3937.0,3937.0
B0002Z94LO,9005.0,,9005.0,9005.0,9005.0
B0002ZOD9M,,,126.0,126.0,126.0
B0002ZOD9W,129.0,,129.0,129.0,129.0
B0002ZODA6,,179.0,179.0,179.0,179.0
B0002ZODAG,,,26.0,,26.0
B0002ZOF22,,,,50.0,50.0
B0002ZOF2C,127.0,,127.0,127.0,127.0
B0002ZOF2M,,,,,68.0
B0002ZW5UQ,,,,,1821.0
B0002ZZT5Y,,,,,168.0
B00063M3EC,3639.0,3639.0,3639.0,3639.0,3639.0
B000642CHO,,,,,4.0
B00064A5L4,,,,15813.0,15813.0
B000666CDM,,18.0,,18.0,
B00067WIZC,,,,,2.0
B00067WJ42,,5.0,,,
B00067WRNU,107.0,,,,
B000684H1Y,127.0,,,,
B000684H28,,,,,36.0
B000684HEG,,,,,1255.0
B000684HIW,,,,,15.0
B000684HJG,,,,,501.0
B000684HTQ,,,,,69.0
B000684HU0,,,,,149.0
B000687RHA,,,,,42.0
B00068CG3U,,,18.0,,18.0
B0006B43C4,,,,,3671.0
B0006B43SS,417.0,417.0,417.0,417.0,417.0
B0006B4VVW,991.0,,991.0,991.0,991.0
B0006B78OO,,,,,2204.0
B0006BCVE6,,,,,983.0
B0006BDLAE,512.0,512.0,512.0,,512.0
B0006BDMIU,2358.0,2358.0,2358.0,2358.0,2358.0
B0006BDPJG,1224.0,1224.0,1224.0,1224.0,1224.0
B0006BDQF4,,,,,657.0
B0006BDS7U,561.0,561.0,561.0,561.0,561.0
B0006D34N6,,,7.0,,7.0
B0006FMQWO,1382.0,,1382.0,1382.0,1382.0
B0006FMR28,,105.0,105.0,,105.0
B0006JDR64,43.0,43.0,,,43.0
B0006LJ45U,,,891.0,,891.0
B0006LMUUG,,,,,21.0
B0006LMUVA,,,,,21.0
B0006LMUX8,,,,21.0,
B0006LMUXS,,,,,21.0
B0006LP90E,14367.0,,14367.0,14367.0,14367.0
B0006NXBIE,,,,,995.0
B0006NXBJ8,995.0,,,,995.0
B0006NY1AQ,,725.0,725.0,725.0,725.0
B0006NZ8BC,,,,,10.0
B0006NZOXY,,,,,6.0
B0006O0VZ4,,,,,41.0
B0006O0XYI,,,,,7.0
B0006O4M8Q,3671.0,3671.0,3671.0,3671.0,3671.0
B0006ODQII,,,,,9.0
B0006OMG8O,,,1087.0,1087.0,1087.0
B0006PJRFS,80.0,,,,
B0006PJRNA,,,,18.0,18.0
B0006PJRQ2,,,18.0,,18.0
B0006PJRRG,,,39.0,39.0,39.0
B0006PJRV2,,44.0,,,44.0
B0006PJRVM,324.0,324.0,324.0,324.0,324.0
B0006PJSES,184.0,184.0,184.0,184.0,184.0
B0006PJSSO,,,,203.0,203.0
B0006PKIQA,3576.0,3576.0,3576.0,3576.0,3576.0
B0006PLNPU,,18.0,,18.0,18.0
B0006PLNSC,,37.0,,,
B0006PLNU0,,7.0,,,
B0006PLNXW,,,18.0,,18.0
B0006PLNYQ,,,,,34.0
B0006PLNZ0,,,,,24.0
B0006PLNZK,,,8.0,,
B0006PLO40,,,,,277.0
B0006PLPE4,1732.0,1732.0,1732.0,1732.0,1732.0
B0006Q0H5G,3270.0,,,,
B0006Q232Q,1096.0,1096.0,1096.0,1096.0,1096.0
B0006Q23H6,256.0,256.0,256.0,256.0,256.0
B0006SFXXK,353.0,353.0,353.0,353.0,353.0
B0006UHE9O,,91.0,91.0,91.0,91.0
B0006V7Y8Y,1701.0,1701.0,1701.0,1701.0,1701.0
B0006V87U8,,,,41.0,41.0
B0006VZ3BY,,,,,62.0
B0006Z342K,,,,,360.0
B0006ZEVU4,50333.0,50333.0,50333.0,50333.0,50333.0
B0006ZHJXK,,2400.0,,,2400.0
B00070JJ4G,,,,,28.0
B00070MO4I,,,32.0,32.0,32.0
B00076ZUJS,,152.0,,,152.0
B0007ACV64,10170.0,10170.0,10170.0,10170.0,10170.0
B0007CXX82,23460.0,23460.0,23460.0,23460.0,23460.0
B0007CXXYG,14460.0,14460.0,14460.0,14460.0,14460.0
B0007CXXZU,811.0,811.0,811.0,811.0,811.0
B0007CXY04,1699.0,1699.0,1699.0,1699.0,1699.0
B0007CXY0O,,,,,2949.0
B0007CXY2C,,3597.0,,3597.0,3597.0
B0007CXY5E,6457.0,6457.0,6457.0,6457.0,6457.0
B0007CXY5O,7876.0,7876.0,,7876.0,7876.0
B0007CXY72,1054.0,,,,1054.0
B0007CXY7M,,,,,60.0
B0007CXY8Q,15176.0,15176.0,15176.0,15176.0,15176.0
B0007CXYA4,546.0,546.0,546.0,546.0,546.0
B0007CXYAE,5873.0,5873.0,5873.0,5873.0,5873.0
B0007CXYDQ,16049.0,16049.0,,,
B0007CXYM2,,,,18.0,18.0
B0007CXYMW,,,,,17.0
B0007CXYN6,610.0,,610.0,610.0,610.0
B0007D02CQ,4277.0,4277.0,,4277.0,4277.0
B0007D3ATI,,,,,1610.0
B0007MCQSU,36.0,36.0,,36.0,36.0
B0007MCQTE,,,36.0,,36.0
B0007MYMW8,788.0,788.0,788.0,788.0,788.0
B0007P6DR2,,111.0,,111.0,111.0
B0007P6GPG,,,,11.0,11.0
B0007PAY18,,,,,40.0
B0007RXGZM,,,,,373.0
B0007THDTA,,,,,249.0
B0007WZ7YU,2159.0,2159.0,2159.0,2159.0,2159.0
B0007X749U,16049.0,,16049.0,16049.0,16049.0
B0007XD3EU,,5045.0,,5045.0,5045.0
B0007XQXQA,,,434.0,434.0,434.0
B0007Z4JE6,,,441.0,,441.0
B0007Z4JEQ,,,,348.0,348.0
B0007ZG2FU,,,,32.0,32.0
B0007ZJD7E,,,,48.0,48.0
B00080AYQC,,,,304.0,304.0
B00080AZQG,,83.0,,83.0,83.0
B00080AZWU,59.0,,,,59.0
B00080DK86,,,1594.0,1594.0,1594.0
B00080DNUG,1597.0,1597.0,1597.0,1597.0,1597.0
B00081PZ2O,,,,,413.0
B00081PZ2Y,,,,322.0,
B00081UWZY,254.0,254.0,254.0,254.0,254.0
B0008F6GB4,,,,,3671.0
B00092M2ZU,505.0,505.0,505.0,505.0,505.0
B00092M35E,107.0,107.0,107.0,107.0,107.0
B00092M35O,115.0,115.0,,,115.0
B00092M35Y,2485.0,2485.0,,2485.0,2485.0
B00092M368,2485.0,2485.0,,2485.0,2485.0
B00092M36I,2485.0,2485.0,2485.0,2485.0,2485.0
B00095LIP2,,,,,441.0
B00095VFPK,,,,92.0,92.0
B000972KTS,105.0,105.0,105.0,105.0,105.0
B000972KU2,,118.0,118.0,118.0,118.0
B00097CGJM,,,,,6.0
B000980PGW,2221.0,,2221.0,2221.0,2221.0
B0009A0UA6,,,,,18.0
B0009A6EHE,,,34.0,34.0,34.0
B0009AXE72,,55.0,55.0,55.0,55.0
B0009DSNUW,1359.0,,1359.0,1359.0,1359.0
B0009DSOCE,391.0,391.0,,,391.0
B0009DSOLK,,,,,121.0
B0009DSONI,,,,3.0,
B0009DU99U,,193.0,,193.0,193.0
B0009DV7CS,,,7.0,,
B0009DVDTU,,748.0,,748.0,748.0
B0009E379I,,381.0,381.0,381.0,381.0
B0009EXM52,,,,11675.0,11675.0
B0009EXONC,,,,,357.0
B0009EXOO6,1174.0,1174.0,1174.0,1174.0,1174.0
B0009F3ORM,,,,4.0,
B0009F3OS6,,,,1999.0,1999.0
B0009FHJOG,88.0,,88.0,88.0,88.0
B0009FHJRS,32528.0,32528.0,,32528.0,32528.0
B0009GIHT6,828.0,828.0,828.0,828.0,828.0
B0009HG2OW,,239.0,239.0,239.0,239.0
B0009HGFSK,25.0,25.0,25.0,,25.0
B0009HKOHS,,31.0,,,
B0009I2POM,,,61.0,61.0,61.0
B0009I7LWS,,,,53.0,53.0
B0009I7M18,,,87.0,87.0,87.0
B0009IGAMA,,,,,1344.0
B0009MX4PW,78.0,,,,78.0
B0009NUJXQ,,,592.0,,592.0
B0009OAGPQ,12755.0,12755.0,12755.0,12755.0,12755.0
B0009OAGQU,,,,21.0,21.0
B0009OAGTM,2234.0,,2234.0,,2234.0
B0009OAGVA,16124.0,,,16124.0,16124.0
B0009OAGWE,3859.0,3859.0,,3859.0,3859.0
B0009OAGYC,,,,1851.0,1851.0
B0009OAGYM,21683.0,,,21683.0,
B0009OAGZ6,,741.0,741.0,,741.0
B0009OAHBE,,,,1516.0,1516.0
B0009OAHBY,748.0,748.0,748.0,748.0,748.0
B0009OAHWS,93.0,,93.0,93.0,93.0
B0009OAHX2,,,,29.0,29.0
B0009OAI0E,521.0,,,,521.0
B0009OAI18,,,,,1632.0
B0009OAI1I,7376.0,7376.0,,,7376.0
B0009OAI1S,7376.0,7376.0,7376.0,7376.0,7376.0
B0009OAI4A,,,1224.0,,1224.0
B0009OAI4U,,,,1959.0,1959.0
B0009OAI54,739.0,739.0,,739.0,739.0
B0009OMNGQ,4094.0,4094.0,4094.0,4094.0,4094.0
B0009OMNHU,5873.0,5873.0,5873.0,5873.0,5873.0
B0009OMNJI,,,,4671.0,4671.0
B0009OMNKM,9256.0,,9256.0,9256.0,9256.0
B0009OMNO8,1953.0,1953.0,1953.0,1953.0,1953.0
B0009OMNOI,2114.0,2114.0,2114.0,2114.0,2114.0
B0009OMNOS,2114.0,2114.0,,,2114.0
B0009OMNPM,10858.0,10858.0,10858.0,10858.0,10858.0
B0009OMNQ6,4821.0,4821.0,4821.0,4821.0,4821.0
B0009OMNQG,4821.0,4821.0,4821.0,4821.0,4821.0
B0009OMNQQ,11378.0,11378.0,11378.0,11378.0,11378.0
B0009OMNTI,1888.0,1888.0,1888.0,1888.0,1888.0
B0009OMNWA,1462.0,1462.0,1462.0,1462.0,1462.0
B0009OMOVK,,14.0,,,
B0009OMOVU,,,,61.0,61.0
B0009OMOYW,,,,,71.0
B0009PL3B6,85.0,,85.0,,85.0
B0009PYELW,,73.0,73.0,,73.0
B0009Q2SHI,,,,11.0,11.0
B0009QZYLU,2294.0,2294.0,2294.0,2294.0,2294.0
B0009R348Y,,104.0,,,104.0
B0009R5B6M,53.0,,,,53.0
B0009R5BXU,,,,,12.0
B0009STDCY,15938.0,15938.0,15938.0,,15938.0
B0009STDD8,15938.0,15938.0,15938.0,15938.0,15938.0
B0009W2426,,,40.0,,
B0009W7NJU,,95.0,,95.0,95.0
B0009WB49K,,,,,1228.0
B0009XEQ1C,85.0,85.0,,85.0,85.0
B0009XJNR4,,,,,139.0
B0009XNX9I,,,139.0,139.0,139.0
B0009XPAIK,,,,,139.0
B0009YKIZE,1821.0,,,,1821.0
B000A2NHP8,2417.0,,,,2417.0
B000A3UX6S,108.0,108.0,,108.0,108.0
B000A3Z7WI,,,,,329.0
B000A408T4,,,,,32.0
B000A5CPIU,91.0,,91.0,,91.0
B000A5CPJ4,854.0,854.0,854.0,854.0,854.0
B000A5CPJE,,36.0,,36.0,36.0
B000A5CPJY,,,,,72.0
B000A5CPK8,134.0,,,134.0,134.0
B000A5CPLW,,,9.0,,
B000A5CPNA,,,,,13.0
B000A618E6,,,,6.0,6.0
B000A6LTUO,,,,,136.0
B000A7960I,,,266.0,266.0,266.0
B000A82JBA,,,,,60.0
B000A84936,,,,,25.0
B000A84972,73.0,,,,73.0
B000A8497C,,73.0,73.0,73.0,73.0
B000A8497M,,,11.0,,
B000A849C2,,,,24.0,24.0
B000A849CM,,,,58.0,58.0
B000A85FTS,,,,73.0,73.0
B000A85FUW,,,,,2.0
B000A85FXY,,,,60.0,
B000A85FZC,60.0,,,,60.0
B000A87L22,,,22.0,22.0,22.0
B000A87L4A,,,,,99.0
B000A87L8Q,,,,,73.0
B000A87L90,,,,,11.0
B000A87LBI,,,,5.0,5.0
B000A87LCC,,,60.0,,60.0
B000A87LCM,,,,,60.0
B000A87LCW,58.0,,,58.0,58.0
B000A9QQ86,,,,,9.0
B000AAAVS6,1915.0,,,1915.0,
B000AAAWTY,347.0,,,,347.0
B000AAC8VO,,,,,15813.0
B000AADG8I,11508.0,11508.0,11508.0,,11508.0
B000ABBJSG,,53.0,,,53.0
B000ADDVFI,,,39.0,39.0,39.0
B000AEERFU,,,,,17.0
B000AIZ1PQ,102.0,,102.0,,102.0
B000AJ0PXI,,,,,18.0
B000AJ0PZQ,22.0,,,,22.0
B000AJ23BK,,,,,7.0
B000AJ23EC,,165.0,,165.0,165.0
B000AQG030,5737.0,5737.0,5737.0,5737.0,5737.0
B000AQI2EK,15176.0,15176.0,15176.0,15176.0,15176.0
B000AR8W8K,,,,,28.0
B000ARA468,,,33.0,33.0,
B000ARS5SC,852.0,852.0,852.0,852.0,852.0
B000ASDX3S,1114.0,1114.0,1114.0,1114.0,1114.0
B000AUTH0E,,40.0,,,40.0
B000AV1E5O,536.0,,536.0,,536.0
B000AV4XW0,,,140.0,,
B000AXME1U,,,,,88.0
B000AXODRI,2058.0,2058.0,2058.0,2058.0,2058.0
B000AXOY9U,,,,26.0,26.0
B000AXRT24,82.0,82.0,82.0,82.0,82.0
B000AXRT3S,,,,,24.0
B000AXTN5K,81.0,81.0,,81.0,81.0
B000AXTN5U,13.0,13.0,,,
B000AXTN6O,,8.0,,8.0,
B000AY63DY,,,,,238.0
B000AYSRO2,1165.0,,,1165.0,1165.0
B000AZ3S4U,,,,,22.0
B000AZANGG,,104.0,,,104.0
B000B5NEMU,,1858.0,,1858.0,1858.0
B000B5S5HY,,,,107.0,107.0
B000B60NC8,56.0,,,56.0,56.0
B000B626ZK,15176.0,15176.0,15176.0,15176.0,15176.0
B000B7KBHY,,,,50.0,
B000B7VO66,,116.0,116.0,116.0,116.0
B000B8VCNU,,,,49.0,49.0
B000B8YZRU,,,,18.0,18.0
B000B9T17I,,,,55.0,55.0
B000BBGP4I,,,447.0,447.0,447.0
B000BCDRZM,,446.0,446.0,446.0,446.0
B000BD9POI,,,,,359.0
B000BFM2FK,,,,8691.0,
B000BFTANW,294.0,,,,
B000BFTATQ,,,,,384.0
B000BFVFZ8,,169.0,169.0,169.0,
B000BGRC18,,,,,88.0
B000BHNBAI,7963.0,,7963.0,7963.0,7963.0
B000BIDGFW,,,,,35.0
B000BIDIFU,91.0,91.0,91.0,91.0,91.0
B000BIGOY2,,,,,785.0
B000BIGSSY,,,,16.0,
B000BIGSTS,,,,,16.0
B000BIGUQ4,,91.0,,,
B000BIPMC2,1933.0,1933.0,1933.0,1933.0,1933.0
B000BIPN9E,,71.0,71.0,71.0,71.0
B000BIRHH0,,,,71.0,71.0
B000BIRHHK,,,71.0,71.0,71.0
B000BIRHQ6,,,,,77.0
B000BIRHRU,,71.0,,,
B000BIRJJQ,,,,,91.0
B000BIVY10,3501.0,3501.0,3501.0,,3501.0
B000BJSHZ0,,,,,3671.0
B000BJUS6Q,2603.0,2603.0,2603.0,2603.0,2603.0
B000BK1U5S,1903.0,1903.0,1903.0,1903.0,1903.0
B000BKHHMI,,,,,50.0
B000BKZI6U,,,,,4008.0
B000BL7YP2,,3959.0,,3959.0,3959.0
B000BO4XO4,,,,,56.0
B000BO6ESM,,,,,73.0
B000BOA24O,,,22.0,,
B000BOA29O,27.0,,,,27.0
B000BOA2EE,,,,,2378.0
B000BOA3CK,12.0,,,,12.0
B000BOA6L8,,,,,27.0
B000BOZ7BW,,,,23.0,23.0
B000BP0ND8,,,,,16.0
B000BPOIM0,,,,1915.0,
B000BR4C6U,,,,102.0,102.0
B000BRH99C,,,17.0,,
B000BRLM8G,,,17.0,,
B000BTDCRI,,,,,364.0
B000BU815U,,,,9.0,9.0
B000BUBC2O,,,,12.0,12.0
B000BW76TK,2620.0,2620.0,,2620.0,2620.0
B000BYTGNW,,,,60.0,60.0
B000BYTKQU,217.0,,217.0,217.0,217.0
B000C1UBCE,,,,,13.0
B000C1UBQK,,,,2246.0,2246.0
B000C1UBQU,2201.0,,2201.0,2201.0,2201.0
B000C1UE4E,,44.0,,44.0,44.0
B000C1UE8A,521.0,521.0,521.0,521.0,521.0
B000C1VSIU,351.0,351.0,,351.0,351.0
B000C1VSUS,7768.0,7768.0,7768.0,7768.0,7768.0
B000C1VTI4,3559.0,,,,
B000C1VTJS,12755.0,12755.0,12755.0,12755.0,12755.0
B000C1VV82,167.0,,,,167.0
B000C1VW4A,,,266.0,,266.0
B000C1VWCM,996.0,996.0,996.0,996.0,996.0
B000C1VXAI,398.0,,,,
B000C1VXQ2,,,,1008.0,1008.0
B000C1VYDY,2299.0,2299.0,,2299.0,2299.0
B000C1VYSE,1775.0,1775.0,1775.0,,1775.0
B000C1VYSO,,7415.0,7415.0,7415.0,7415.0
B000C1VZYW,118.0,,,,118.0
B000C1W032,3751.0,3751.0,3751.0,3751.0,3751.0
B000C1W3OS,4168.0,,4168.0,4168.0,4168.0
B000C1W4HE,,,470.0,,470.0
B000C1Z16A,2566.0,,2566.0,2566.0,2566.0
B000C1Z1H4,,126.0,126.0,126.0,126.0
B000C1Z1HE,469.0,469.0,469.0,469.0,469.0
B000C1Z1JM,1669.0,,1669.0,1669.0,1669.0
B000C1Z1KQ,,7768.0,7768.0,7768.0,7768.0
B000C1Z1WO,3148.0,,3148.0,,3148.0
B000C1Z29Q,6849.0,,6849.0,6849.0,6849.0
B000C1Z2AU,1247.0,,1247.0,1247.0,1247.0
B000C1Z2D2,1700.0,,1700.0,1700.0,1700.0
B000C1Z4QC,521.0,,521.0,521.0,521.0
B000C1Z6DS,14053.0,14053.0,14053.0,14053.0,14053.0
B000C1Z6TC,,7535.0,,7535.0,7535.0
B000C1Z6TW,898.0,898.0,,898.0,898.0
B000C1Z782,2851.0,2851.0,2851.0,,2851.0
B000C1Z78C,8678.0,,8678.0,8678.0,8678.0
B000C1Z7CS,,,170.0,,
B000C1Z7S2,715.0,715.0,715.0,,715.0
B000C1Z7U0,576.0,,,576.0,576.0
B000C1Z8AY,472.0,,,,472.0
B000C1Z9Z8,397.0,,,397.0,397.0
B000C1Z9ZS,777.0,,,777.0,777.0
B000C1ZA0C,4008.0,4008.0,4008.0,4008.0,4008.0
B000C1ZA52,897.0,897.0,897.0,897.0,897.0
B000C1ZCAK,1174.0,,1174.0,1174.0,1174.0
B000C1ZDAO,,,42.0,,42.0
B000C1ZES0,,,,,15.0
B000C21014,,,6849.0,6849.0,6849.0
B000C2102I,1937.0,1937.0,1937.0,1937.0,1937.0
B000C2102S,1247.0,,1247.0,,1247.0
B000C21050,1110.0,,1110.0,1110.0,1110.0
B000C2105A,,,,,16124.0
B000C2106O,62.0,,62.0,,62.0
B000C211TK,,,,,37.0
B000C212OY,444.0,444.0,,444.0,444.0
B000C212QC,2585.0,2585.0,2585.0,2585.0,2585.0
B000C212RG,,,1586.0,1586.0,1586.0
B000C2147O,,17.0,,,
B000C21488,4018.0,4018.0,4018.0,4018.0,4018.0
B000C2148I,,,,,545.0
B000C2148S,8585.0,8585.0,8585.0,8585.0,8585.0
B000C214AQ,14053.0,,,,14053.0
B000C214B0,1045.0,,,,1045.0
B000C214HE,255.0,,,,255.0
B000C214NI,,,,264.0,264.0
B000C214PQ,474.0,,474.0,,474.0
B000C2150U,1530.0,,,1530.0,1530.0
B000C2169A,,268.0,268.0,268.0,268.0
B000C219QA,1851.0,1851.0,1851.0,1851.0,1851.0
B000C2317A,,,,,551.0
B000C233HS,4008.0,,,,4008.0
B000C235TY,558.0,558.0,,558.0,558.0
B000C236FW,470.0,470.0,,470.0,470.0
B000C47RIM,,,,,32.0
B000C603L8,,,,11.0,
B000CB04X0,,,3.0,,
B000CBRMYE,32528.0,32528.0,,,32528.0
B000CBVAQ0,1821.0,,,1821.0,1821.0
B000CC038K,,,,,1821.0
B000CCZ7ZE,1851.0,,1851.0,1851.0,1851.0
B000CD3C8C,2438.0,2438.0,2438.0,2438.0,2438.0
B000CD8S7W,,,,83.0,83.0
B000CGD0CC,78.0,,,78.0,78.0
B000CJPFW2,,6457.0,,6457.0,6457.0
B000CNKC3A,,,43.0,,43.0
B000CNKIVG,48.0,,,48.0,48.0
B000CNME4K,545.0,,545.0,545.0,545.0
B000CNTT9I,186.0,186.0,186.0,186.0,186.0
B000CPSHVM,,,,134.0,
B000CPZ18Y,308.0,,,308.0,308.0
B000CQYJ4U,679.0,,,679.0,679.0
B000CQYKRG,,,,,358.0
B000CQYKVM,28.0,,28.0,,28.0
B000CQYM4W,,74.0,74.0,74.0,74.0
B000CQYMHE,,,,,14367.0
B000CQYN9Q,351.0,,351.0,351.0,351.0
B000CQYNEG,,,,,8.0
B000CR0EKC,,,,,2.0
B000CR0F1U,,,,,31.0
B000CR0F4C,441.0,441.0,441.0,441.0,441.0
B000CR0F60,,,,,431.0
B000CR0ICQ,,,,25.0,
B000CR0J0M,633.0,633.0,633.0,633.0,633.0
B000CR2FFY,,,,,10.0
B000CR2FL8,,49.0,49.0,49.0,49.0
B000CR2FYA,,,798.0,798.0,798.0
B000CR2GU8,,,,,15.0
B000CR4HJG,,,,,97.0
B000CR4HPU,,,,,638.0
B000CR4IA4,,,136.0,,
B000CR4IBS,,,1429.0,1429.0,1429.0
B000CR4JI0,,,,,78.0
B000CR4JL2,,,,,8.0
B000CROIU4,156.0,156.0,156.0,,156.0
B000CRQHNU,,,529.0,,529.0
B000CRT9C6,,,,529.0,529.0
B000CRT9CG,,,,,529.0
B000CSLJB4,66.0,,,66.0,66.0
B000CSLJK0,,,,,1238.0
B000E0IO18,,,,,14.0
B000E2NXCG,62.0,,62.0,,62.0
B000E34464,88.0,88.0,,88.0,88.0
B000E7SS62,,,13.0,,13.0
B000E7SS6C,,,297.0,297.0,297.0
B000E7SSEE,450.0,,,450.0,450.0
B000E7STLQ,15813.0,15813.0,15813.0,15813.0,15813.0
B000E7STVQ,80.0,80.0,,80.0,80.0
B000E7UF18,,,,,7415.0
B000E7WFX4,16124.0,16124.0,16124.0,16124.0,16124.0
B000E7WHQY,,,,2008.0,2008.0
B000E7YJR4,1700.0,,1700.0,1700.0,1700.0
B000E9QSTE,,,,29.0,
B000E9WB7M,,,,,38.0
B000EA3MYM,,,,,9.0
B000EGPLQ8,,207.0,207.0,207.0,207.0
B000EGWMYM,,,,11.0,
B000EI3XFC,,63.0,,,
B000EI5S64,,,,,63.0
B000EI7T2A,,,,,12.0
B000EI9OSC,63.0,,63.0,,63.0
B000EI9OSM,,,,,64.0
B000EM7962,2336.0,2336.0,2336.0,2336.0,2336.0
B000EM9CUI,920.0,920.0,920.0,,920.0
B000EM9D0W,,,,,1748.0
B000EMBK0S,3004.0,,3004.0,3004.0,3004.0
B000EMDK38,8258.0,8258.0,8258.0,8258.0,8258.0
B000EN3IIE,,,,1352.0,1352.0
B000ES4KO0,,,,,4.0
B000ESR0WY,,,,3409.0,
B000ESWPFG,,,18.0,,18.0
B000ETPCOG,,,,,57.0
B000EVKXKM,5665.0,5665.0,5665.0,5665.0,5665.0
B000F1ZS38,,,,,11.0
B000F4D0G2,,,25.0,25.0,25.0
B000F4EMP0,,3609.0,,,3609.0
B000F4EPCA,,,,,170.0
B000F4GIP2,,547.0,,,547.0
B000F4GLAY,,3532.0,3532.0,,3532.0
B000FALX2O,,,,32.0,32.0
B000FD98MS,,,412.0,412.0,412.0
B000FD98NM,,,,,93.0
B000FDB9D4,,,,622.0,622.0
B000FDB9MU,,,,733.0,733.0
B000FDCXPW,2309.0,,2309.0,2309.0,2309.0
B000FDVVVE,,,2716.0,2716.0,2716.0
B000FEJU3O,,,,,22.0
B000FFVQYY,338.0,,,338.0,
B000FFXFAM,,,,,338.0
B000FFZ1KE,,,251.0,251.0,251.0
B000FFZ1L8,,,,251.0,251.0
B000FG0WXO,,338.0,,,338.0
B000FG0WY8,,,,,338.0
B000FGTTTC,2716.0,2716.0,2716.0,2716.0,2716.0
B000FGTTTM,2647.0,2647.0,2647.0,2647.0,2647.0
B000FGTTTW,140.0,,140.0,140.0,140.0
B000FGTTUG,2017.0,2017.0,2017.0,2017.0,2017.0
B000FGVJWW,140.0,140.0,140.0,140.0,140.0
B000FGVJXG,,,18.0,,
B000FGVJXQ,270.0,,270.0,270.0,270.0
B000FGWTZ8,,,,132.0,132.0
B000FGWU02,,,,,69.0
B000FGWU0M,2692.0,2692.0,2692.0,2692.0,2692.0
B000FGWU0W,5894.0,5894.0,5894.0,5894.0,5894.0
B000FGWU16,,,,56.0,56.0
B000FGXB2S,,,83.0,,83.0
B000FGYLCW,,,,826.0,826.0
B000FGYLD6,186.0,186.0,186.0,186.0,186.0
B000FGYLDG,,,7.0,,
B000FH65E8,,,,,87.0
B000FHBCFU,,,,,52.0
B000FHD72Q,,,,,138.0
B000FHD73A,,,,,72.0
B000FHELJO,,,,971.0,971.0
B000FHGF3O,,,,,13.0
B000FJ69LU,137.0,,137.0,,137.0
B000FJGFUA,,,,49.0,
B000FJGFUK,,,49.0,49.0,49.0
B000FJGFVE,,,,,49.0
B000FJJUZW,49.0,,,,
B000FJN90O,,,49.0,,49.0
B000FJU4HK,,,1033.0,1033.0,1033.0
B000FL5CDE,,,,65.0,65.0
B000FLEUUA,566.0,566.0,,,566.0
B000FMTOTG,,,58.0,58.0,58.0
B000FMVL10,785.0,785.0,785.0,785.0,785.0
B000FN4VA2,3593.0,3593.0,3593.0,3593.0,3593.0
B000FN6TPM,,,425.0,425.0,425.0
B000FNF5IO,1449.0,,1449.0,,1449.0
B000FP0V2M,,,,,232.0
B000FP7M4W,,,,3639.0,3639.0
B000FP7ZLM,,,,,3432.0
B000FPWMFQ,,,,776.0,
B000FQ8V64,,,,,166.0
B000FSG2Y0,271.0,271.0,271.0,271.0,271.0
B000FVHRTQ,,,6369.0,6369.0,6369.0
B000FVUEBE,,327.0,,,327.0
B000FVWAMA,151.0,,,,151.0
B000FVWARU,,274.0,,274.0,274.0
B000FVXV6E,348.0,348.0,,348.0,348.0
B000FXT2NI,,,4.0,4.0,
B000FXV4XY,,,,,16.0
B000FXV53I,1521.0,1521.0,,1521.0,1521.0
B000FXY2Y2,,,,,503.0
B000G0JZXC,,,,,16.0
B000G0JZYQ,1632.0,1632.0,1632.0,1632.0,1632.0
B000G0RYLC,49.0,49.0,,49.0,49.0
B000G1JX6K,,,,,301.0
B000G1MARE,388.0,,,388.0,388.0
B000G81I9I,,,,,9.0
B000G837DS,,,28.0,,28.0
B000GAD510,7045.0,7045.0,7045.0,7045.0,7045.0
B000GBBUFM,,195.0,195.0,195.0,195.0
B000GCQC6S,,,,1766.0,1766.0
B000GCUPIE,11094.0,11094.0,11094.0,11094.0,11094.0
B000GDA04W,391.0,,391.0,391.0,391.0
B000GDA056,,227.0,227.0,227.0,227.0
B000GDA06A,2657.0,2657.0,2657.0,2657.0,2657.0
B000GDA07E,492.0,492.0,492.0,492.0,492.0
B000GDC4HI,,,,,432.0
B000GDC4I2,,125.0,,125.0,125.0
B000GDC4IC,,,,,801.0
B000GDC4J6,383.0,383.0,383.0,383.0,383.0
B000GDC4JQ,107.0,107.0,,107.0,107.0
B000GDC4KA,45.0,45.0,,45.0,45.0
B000GDDKIU,5283.0,,,,5283.0
B000GDDKJ4,997.0,997.0,997.0,997.0,997.0
B000GDDKJO,,,,283.0,283.0
B000GDDKJY,,,,,501.0
B000GDF484,,,62.0,62.0,62.0
B000GDF48O,954.0,954.0,954.0,954.0,954.0
B000GDFYDE,,,,,1569.0
B000GDJDPE,4438.0,4438.0,4438.0,4438.0,4438.0
B000GED3UO,,,,5.0,
B000GEJQKK,,113.0,,113.0,113.0
B000GG12J6,2221.0,,,,2221.0
B000GG6B38,,,,,1060.0
B000GGODPQ,595.0,,,595.0,595.0
B000GHRA00,195.0,,195.0,195.0,195.0
B000GHUFP2,,36.0,,,36.0
B000GHUIQI,,,638.0,,638.0
B000GHUIU4,,,,,638.0
B000GHVGRI,1700.0,1700.0,1700.0,1700.0,1700.0
B000GHVLUK,186.0,,186.0,186.0,186.0
B000GHVTN4,1195.0,1195.0,,1195.0,1195.0
B000GHVTVG,,,,,2378.0
B000GHVWUE,,,,,638.0
B000GHWPDW,445.0,,445.0,445.0,445.0
B000GHWST8,6378.0,,,6378.0,6378.0
B000GHWSYS,1587.0,,1587.0,1587.0,1587.0
B000GHXTPA,71.0,,,71.0,71.0
B000GHYOU4,,,,,7952.0
B000GHYVB6,,,,130.0,130.0
B000GHYX5U,,,1084.0,1084.0,1084.0
B000GI0S62,4817.0,,4817.0,4817.0,4817.0
B000GI3TT0,112.0,,,,112.0
B000GI3TTA,,,,176.0,176.0
B000GI3TU4,,,,,125.0
B000GI3TUY,,,,37.0,37.0
B000GI3TWW,,147.0,,,147.0
B000GI3TX6,,,,,147.0
B000GI3TXG,,,,147.0,147.0
B000GI3TZ4,1045.0,1045.0,1045.0,1045.0,1045.0
B000GI3TZE,627.0,,627.0,627.0,627.0
B000GI3TZO,627.0,,627.0,,627.0
B000GI3U2Q,,116.0,,116.0,
B000GI3U44,873.0,873.0,,873.0,873.0
B000GI3U4Y,1917.0,,1917.0,1917.0,1917.0
B000GI3U58,,327.0,327.0,327.0,327.0
B000GI3U6C,817.0,817.0,817.0,817.0,817.0
B000GI3UA8,226.0,,226.0,226.0,226.0
B000GI3UAI,,,,226.0,226.0
B000GJL3H4,,,,,560.0
B000GKDB1O,319.0,,,,319.0
B000GKVRHO,,,,55.0,55.0
B000GOV6U8,,,,,225.0
B000GRCA8W,238.0,,,,
B000GSTHZU,1345.0,1345.0,1345.0,1345.0,1345.0
B000GSUMWC,69.0,,,69.0,69.0
B000GSWR0C,1345.0,,1345.0,1345.0,1345.0
B000GSWR6Q,,,5.0,5.0,5.0
B000GSYRAA,3292.0,3292.0,3292.0,3292.0,3292.0
B000GTGRPW,1476.0,,1476.0,1476.0,1476.0
B000GVQZJS,222.0,,,222.0,222.0
B000GWHBCW,,,,,2114.0
B000GX4BSS,1085.0,1085.0,,,
B000GX56RI,,,,,134.0
B000GX56S2,,,134.0,,
B000GX9A2K,,,,70.0,70.0
B000GXDT1I,14.0,,14.0,14.0,14.0
B000GZ9IKM,,,,,97.0
B000GZBVKM,,,,,48.0
B000H09GVC,,,,,48.0
B000H09GWG,,,48.0,,48.0
B000H0BD86,,1.0,,,
B000H0BDNQ,,,,,48.0
B000H0DDUM,,,51.0,51.0,
B000H0SCXU,,,,,37.0
B000H0SEDI,,,,,1981.0
B000H0U77O,3424.0,3424.0,3424.0,3424.0,3424.0
B000H0Y4NW,,4161.0,4161.0,4161.0,4161.0
B000H30EEW,,,,11.0,
B000H30EG0,,,,,36.0
B000H30EI8,,,,,708.0
B000H30ELA,,,,64.0,64.0
B000H30EV0,,14.0,,14.0,14.0
B000H5N4Z6,9256.0,9256.0,9256.0,9256.0,9256.0
B000H74SE0,,,,,176.0
B000H7L6A4,,,,,30.0
B000H8GPO0,9227.0,9227.0,9227.0,9227.0,9227.0
B000H8Y1N2,18.0,,,,18.0
B000H9C1UG,1042.0,1042.0,1042.0,1042.0,1042.0
B000HA7QAA,,,32.0,32.0,32.0
B000HA9NZ6,,,81.0,,81.0
B000HBJ22O,61.0,,,,61.0
B000HBOK30,,,135.0,,135.0
B000HEENHU,2358.0,2358.0,2358.0,2358.0,2358.0
B000HEIRRM,440.0,440.0,440.0,440.0,440.0
B000HHLI8O,2159.0,2159.0,2159.0,2159.0,2159.0
B000HHOPDE,1194.0,1194.0,1194.0,1194.0,1194.0
B000HHQP6Y,,,56.0,56.0,56.0
B000HJNGIM,,205.0,,205.0,205.0
B000HJRLXI,,,,,104.0
B000HLF0QQ,,,,3654.0,3654.0
B000HLF5DO,,93.0,93.0,93.0,93.0
B000HLRPB4,111.0,,111.0,111.0,111.0
B000HLYKKI,,,1352.0,1352.0,1352.0
B000HP02X8,,,,,5.0
B000HP5G6G,,489.0,489.0,489.0,489.0
B000HP5G70,2580.0,2580.0,2580.0,2580.0,2580.0
B000HP7INK,678.0,678.0,678.0,678.0,678.0
B000HP9M34,3122.0,3122.0,3122.0,3122.0,3122.0
B000HP9M3E,7963.0,7963.0,7963.0,7963.0,7963.0
B000HPBRDC,,,,,248.0
B000HQTM5Q,,,7.0,,
B000HQVNFS,,,,8.0,
B000HX0W08,47.0,,47.0,47.0,
B000HX2KBM,,30.0,,,30.0
B000HX2KDK,47.0,,,,47.0
B000HX2KFS,,,,,25.0
B000HX2KQW,,,69.0,69.0,69.0
B000HX2KS0,,,,31.0,31.0
B000HX2L6Q,,,,,118.0
B000HX2LAC,50.0,,,,50.0
B000HX2LDE,,,69.0,69.0,69.0
B000HX4IT4,132.0,,,132.0,132.0
B000HX4IVC,31.0,31.0,31.0,,31.0
B000HX4JWK,213.0,213.0,,213.0,213.0
B000HX6JKK,,,,,21.0
B000HX6JRI,225.0,,,225.0,225.0
B000HX6JVE,,,,,14.0
B000HX6K18,,,,,13.0
B000HX6KCC,,,,,14.0
B000HX6KYA,,,,,58.0
B000HZA2L0,,,,,104.0
B000HZDY5G,,,,,39.0
B000I1UW8Q,1735.0,,,,
B000I1Y74Q,,,,,71.0
B000I1Y75K,6121.0,6121.0,6121.0,6121.0,6121.0
B000I2QE1O,,,,,3434.0
B000I2XL38,,2647.0,,2647.0,2647.0
B000I2XL4M,,5894.0,5894.0,5894.0,5894.0
B000I32A2A,,,,,2698.0
B000I3NC40,1133.0,,1133.0,1133.0,1133.0
B000I3Z39W,5812.0,5812.0,5812.0,5812.0,5812.0
B000I5HTVU,,,380.0,380.0,380.0
B000I5JB0W,,,,,39.0
B000I6KWF4,59.0,,59.0,59.0,59.0
B000I7ZH3K,164.0,,,,164.0
B000IAEI78,,,,132.0,132.0
B000IB0F6U,162.0,162.0,162.0,162.0,162.0
B000ICV8XI,,,,,56.0
B000IE1YIA,,,,,1963.0
B000IMIU3O,,,,,26.0
B000IMWI3M,,,,2.0,
B000IMYI94,,,24.0,,24.0
B000INV6W0,164.0,,,,164.0
B000IO3GO0,275.0,,,275.0,275.0
B000IO6NFE,338.0,338.0,338.0,338.0,338.0
B000IO8KCS,,,,,66.0
B000IOAA3K,,,,419.0,419.0
B000IOATJU,424.0,,,,424.0
B000IOBEG2,1926.0,1926.0,1926.0,1926.0,1926.0
B000IOBEQ2,,,,245.0,245.0
B000IOBETE,1554.0,1554.0,1554.0,1554.0,1554.0
B000IOFR5G,1539.0,,,,1539.0
B000IOFRCE,,,,2.0,
B000IOJNPQ,,,,,329.0
B000IOLA20,,,22.0,,22.0
B000IOLCWI,,342.0,342.0,342.0,342.0
B000IQ49EO,,,,,3434.0
B000IVB1G8,,,,172.0,172.0
B000IWUB4A,255.0,,255.0,255.0,255.0
B000J10I5M,,,,,39.0
B000J10I8O,,7.0,,,
B000J10II4,,,695.0,,695.0
B000J10IL6,,,,,13.0
B000J10ISE,,405.0,405.0,,405.0
B000J10J5Q,102.0,102.0,102.0,102.0,102.0
B000J10J7Y,,,,,30.0
B000J10JB0,,,77.0,,77.0
B000J10JDS,234.0,,,,
B000J10JHO,,,,,26.0
B000J10JHY,,,,,77.0
B000J10JI8,195.0,,,195.0,195.0
B000J1ACSA,,12.0,,,
B000J242TE,,,,,3.0
B000J257FC,,,,,4.0
B000J279VM,,,,4.0,
B000J279YE,,,,,3.0
B000J27ADE,3.0,,,,3.0
B000J3M79K,,,,,196.0
B000J4SWDY,,,1710.0,,
B000J52X88,,,52.0,52.0,52.0
B000J54KJ8,,,,,42.0
B000J559HU,,,,1903.0,
B000J564NS,,,,,6.0
B000J564OM,,,44.0,,44.0
B000J56ZZK,,,,3576.0,3576.0
B000J584AE,,68.0,68.0,68.0,68.0
B000J5A2K4,4382.0,4382.0,4382.0,4382.0,4382.0
B000J6ZC7G,,,6.0,,
B000J9Y40Y,,,,,82.0
B000JC0BK8,,,,,984.0
B000JCDV1O,1700.0,,1700.0,1700.0,1700.0
B000JCDV4G,,,,,13.0
B000JCDV5A,3559.0,,,3559.0,3559.0
B000JD4JS2,,92.0,92.0,92.0,92.0
B000JD4N9M,12755.0,,12755.0,12755.0,12755.0
B000JEWHVC,,,10.0,,10.0
B000JFICSI,,,,,17.0
B000JG1QDA,4738.0,,4738.0,4738.0,4738.0
B000JHA9D2,2071.0,2071.0,2071.0,2071.0,2071.0
B000JKE9U8,,,,,1168.0
B000JKRJGO,,,,,2017.0
B000JKVOT2,,,,,186.0
B000JKXQUW,341.0,,,,341.0
B000JKXQV6,,,38.0,,38.0
B000JL1KGI,,,,,50.0
B000JL1MP2,632.0,632.0,,,632.0
B000JL1NJM,632.0,632.0,632.0,632.0,632.0
B000JL1RD4,37.0,,37.0,,37.0
B000JL3PAW,4817.0,4817.0,4817.0,4817.0,4817.0
B000JL5T38,,,28.0,,28.0
B000JL5V0E,,3984.0,3984.0,3984.0,3984.0
B000JL79HW,,,,,3122.0
B000JL7RWY,,,,,25.0
B000JL7Z5S,1578.0,1578.0,1578.0,1578.0,1578.0
B000JL8QO2,22.0,,,22.0,22.0
B000JL8QTW,,,,429.0,429.0
B000JLASC0,,,,,2.0
B000JLAVD6,160.0,,,160.0,160.0
B000JPMHWK,4373.0,4373.0,4373.0,4373.0,4373.0
B000JR6VO8,,,,4719.0,
B000JUK1D2,70.0,,70.0,70.0,70.0
B000JWDW86,,,,,3639.0
B000JWMEQW,216.0,,,216.0,216.0
B000JYJQWU,856.0,,,856.0,856.0
B000JYNDXS,,,63.0,,63.0
B000JZ0WZO,490.0,,,490.0,490.0
B000JZ1RLM,,,,15.0,
B000JZ3MGU,,103.0,,,103.0
B000KBHG88,,,,,3434.0
B000KEIO7C,943.0,,943.0,943.0,943.0
B000KEOOMG,,,,,3.0
B000KESRZG,,,,,10.0
B000KFBAO0,521.0,521.0,,521.0,521.0
B000KG7110,,,,,33.0
B000KHZIJG,,,,46.0,46.0
B000KK7XQ4,,980.0,980.0,980.0,980.0
B000KLVH60,,,,,1106.0
B000KNMN70,882.0,,,882.0,882.0
B000KOQ7TE,,,,,25.0
B000KOQ84I,,,,184.0,184.0
B000KOQ85M,,,,730.0,730.0
B000KOQ8L6,,,,,196.0
B000KOSBQG,,459.0,,459.0,459.0
B000KOSBU2,,,,,255.0
B000KOUCDQ,,,,124.0,124.0
B000KOUCZO,,,,301.0,301.0
B000KQ73J0,239.0,239.0,239.0,239.0,239.0
B000KQ7X4K,2383.0,2383.0,2383.0,2383.0,2383.0
B000KQ9TME,665.0,665.0,,665.0,665.0
B000KQB0OO,202.0,,,,202.0
B000KQB0YE,770.0,770.0,,770.0,770.0
B000KQR8F4,,94.0,94.0,94.0,94.0
B000KQT9I8,,,,,13.0
B000KQV88M,,,243.0,,
B000KQX7M2,,,,,75.0
B000KU70PI,,,,355.0,355.0
B000KUY64G,,,,,2246.0
B000KVF12G,,,,,184.0
B000KZFC2Q,,,,,381.0
B000L6ODCO,,,,,1578.0
B000L7WU32,9.0,9.0,,,
B000L8GL8G,,1118.0,,1118.0,1118.0
B000L9MV5M,,,,,88.0
B000LD3J3Q,,346.0,346.0,,
B000LJCNAK,,,25.0,25.0,25.0
B000LJCNFA,331.0,331.0,,,331.0
B000LJCNG4,1454.0,1454.0,1454.0,1454.0,1454.0
B000LJE7UE,,,,,21.0
B000LJGCIY,,4.0,,,
B000LJI6NI,66.0,66.0,,66.0,66.0
B000LKCSUE,,,,,13.0
B000LN3BLG,38.0,,,38.0,38.0
B000LPOPVO,45.0,,,,45.0
B000LPSGL4,36.0,,36.0,,36.0
B000LPSGLE,,,,,44.0
B000LPSGM8,,,45.0,,45.0
B000LRIGL2,,,,,388.0
B000LSBZ8W,,,4.0,,
B000LSBZ9G,,,,74.0,74.0
B000LSBZ9Q,2434.0,2434.0,2434.0,2434.0,2434.0
B000LSBZA0,,,390.0,390.0,390.0
B000LSBZAU,,,,,1639.0
B000LSBZCI,,,,,13.0
B000LSC07C,,,1488.0,1488.0,1488.0
B000LTQA6I,292.0,292.0,292.0,292.0,292.0
B000LWN2A2,407.0,407.0,,407.0,407.0
B000LWN2F2,715.0,,715.0,715.0,715.0
B000LWOW38,448.0,,448.0,448.0,448.0
B000LZ8U3I,5.0,,,,
B000LZ8UA6,,6.0,,,
B000LZ8UB0,,,,5.0,5.0
B000LZ8UC4,,,,,1.0
B000LZ8UCE,,,,,10.0
B000LZ8UGA,,,,,7.0
B000LZAWU2,,,,,2.0
B000LZAWWU,,,8.0,,
B000LZAWXY,,,,,31.0
B000LZAX1A,,,,,17.0
B000LZAXAG,,,,,10.0
B000LZBNTG,,,,,4.0
B000LZBNXW,,,,,6.0
B000LZDJ1G,,,,,24.0
B000LZDJEI,,,,,4.0
B000LZDJG6,,,,,8.0
B000LZDJH0,,,,,8.0
B000M25614,,,,,5.0
B000M2KF9C,,,,,8.0
B000M4Z3OW,,,,,5.0
B000MAXL0O,,,,,1919.0
B000MD65FO,50333.0,50333.0,50333.0,50333.0,50333.0
B000MEKG30,5445.0,5445.0,5445.0,5445.0,5445.0
B000MGEHCO,,3109.0,3109.0,,3109.0
B000MI1CO8,,,,32.0,32.0
B000MI2102,250.0,,,,
B000MI4QNW,,,,,3.0
B000MIH34Q,21368.0,,,21368.0,21368.0
B000MIIFB6,2580.0,,2580.0,2580.0,2580.0
B000MIKEZQ,5320.0,5320.0,5320.0,5320.0,5320.0
B000MJU9B4,,,,85.0,85.0
B000MJUAFE,155.0,,,,155.0
B000MMZJJI,244.0,,244.0,,244.0
B000MN0WKS,,42.0,,,
B000MOR50C,1911.0,,,1911.0,1911.0
B000MPAU5I,288.0,,,,288.0
B000MTSVZU,2428.0,2428.0,2428.0,2428.0,2428.0
B000MV304U,,,29.0,,
B000MV530Y,95.0,95.0,,,95.0
B000MWHHBG,,,123.0,123.0,123.0
B000MWW4V4,,,,,5.0
B000MX66T4,5.0,,5.0,,5.0
B000MXBYOQ,291.0,,291.0,291.0,291.0
B000MXBYPK,10.0,,,,
B000MXFAOG,,,,,21.0
B000MXM4J0,2313.0,2313.0,2313.0,2313.0,2313.0
B000MYY7AS,,,,1677.0,1677.0
B000N2EPBK,,,12.0,,12.0
B000N2IGPG,,18.0,18.0,,18.0
B000N2IGZ6,497.0,497.0,,497.0,497.0
B000N2JHTU,,,,,31.0
B000N2JHVS,427.0,,427.0,427.0,427.0
B000N2KSHU,413.0,,413.0,413.0,413.0
B000N2KV40,,,,,14.0
B000N2L0QS,,,,,72.0
B000N2LUNG,,,,,10.0
B000N2MDUK,172.0,172.0,172.0,,172.0
B000N2MV20,,,322.0,322.0,322.0
B000N2MXIW,,47.0,,,47.0
B000N2OC2C,3076.0,3076.0,,,3076.0
B000N2ODEE,40.0,,40.0,40.0,40.0
B000N2ODEO,62.0,,,,62.0
B000N2ODF8,,,,20.0,20.0
B000N2Q694,,36.0,,36.0,36.0
B000N2Q8FG,,,,,112.0
B000N2ZRRQ,502.0,502.0,502.0,502.0,502.0
B000N3S9RK,,,,,169.0
B000N3Z8MY,,,,,157.0
B000N3Z8NS,,,,,157.0
B000N4CNQ2,,93.0,93.0,93.0,93.0
B000N4P7O2,,,,,189.0
B000N5MGGS,,,,,14.0
B000N5MGHM,,,,,10.0
B000N5PUO8,,,10.0,,
B000N5QWA4,1453.0,1453.0,1453.0,,1453.0
B000N5WRVM,27.0,,,27.0,27.0
B000N797YU,,741.0,,741.0,741.0
B000N7981C,,,,,105.0
B000N7BCB6,2647.0,2647.0,2647.0,,2647.0
B000N7VLG2,,,,,151.0
B000N7X5ZC,,,,,49.0
B000N7X5ZW,,,,,20.0
B000N818UU,,,,7.0,7.0
B000N818VE,,,,,23.0
B000N8CN4U,2164.0,2164.0,2164.0,2164.0,2164.0
B000N8DMIQ,1204.0,,,,1204.0
B000N8DMJK,,1204.0,1204.0,1204.0,1204.0
B000N8GID2,,,,,1204.0
B000N8GIFA,,,,,1204.0
B000N8IKH4,,,1204.0,1204.0,1204.0
B000N94XPQ,1903.0,1903.0,1903.0,1903.0,1903.0
B000N97V5A,,,,,41.0
B000NARU2S,103.0,,103.0,103.0,103.0
B000NBU9SY,,326.0,,326.0,326.0
B000NC9S0S,,,,,33.0
B000NCTTGG,430.0,430.0,430.0,430.0,430.0
B000NCTTQQ,1114.0,1114.0,1114.0,1114.0,1114.0
B000NCTX3A,,,,,7.0
B000NCTX6W,,,,,13.0
B000NCTX7G,,,,,17.0
B000NCVAC2,,,,19.0,19.0
B000NCX3PY,,88.0,88.0,,
B000NCX3R2,,102.0,102.0,,102.0
B000NCX3RM,,,,,96.0
B000NG46M4,16092.0,16092.0,,16092.0,16092.0
B000NG46ME,88.0,,88.0,88.0,88.0
B000NG46Q0,,,,88.0,88.0
B000NG46QU,465.0,465.0,465.0,465.0,465.0
B000NG46TM,,,169.0,,169.0
B000NG46YM,88.0,88.0,88.0,88.0,88.0
B000NG46ZG,,,,,88.0
B000NG4732,,,,,8749.0
B000NG4778,465.0,465.0,465.0,465.0,465.0
B000NG479Q,88.0,,88.0,88.0,88.0
B000NG68ZC,,,,,13.0
B000NG68ZW,88.0,88.0,,,88.0
B000NG69E2,239.0,,239.0,239.0,239.0
B000NG6D5W,66.0,66.0,,66.0,66.0
B000NG6D6G,,,,88.0,88.0
B000NG6D7K,465.0,465.0,465.0,465.0,465.0
B000NG800S,88.0,88.0,88.0,88.0,88.0
B000NG801C,88.0,,88.0,88.0,88.0
B000NG80B2,80.0,,,,80.0
B000NG80D0,,,,,22.0
B000NG80GM,88.0,,88.0,88.0,88.0
B000NG80GW,16092.0,16092.0,,16092.0,16092.0
B000NG84G8,16092.0,16092.0,16092.0,16092.0,16092.0
B000NG84GS,,,,,8.0
B000NG84K4,,,,,239.0
B000NG8864,465.0,465.0,465.0,465.0,465.0
B000NG887S,39.0,39.0,,39.0,39.0
B000NG8882,465.0,465.0,465.0,465.0,465.0
B000NG889Q,465.0,465.0,465.0,465.0,465.0
B000NG90NE,88.0,88.0,88.0,88.0,88.0
B000NG90SE,16092.0,16092.0,,16092.0,16092.0
B000NG90UM,16092.0,16092.0,16092.0,16092.0,16092.0
B000NG90XY,16092.0,16092.0,,16092.0,16092.0
B000NG9840,,6.0,,,
B000NG985E,,37.0,,37.0,37.0
B000NGAQGO,,,465.0,465.0,465.0
B000NGATPW,88.0,88.0,88.0,88.0,88.0
B000NGCVZS,1882.0,1882.0,1882.0,1882.0,1882.0
B000NGFFCY,,,,,168.0
B000NGH3VU,51.0,,,,
B000NGH3X8,6527.0,6527.0,,6527.0,6527.0
B000NGH4G4,,,,465.0,465.0
B000NGI4QI,,807.0,807.0,807.0,807.0
B000NGJOBC,,2421.0,2421.0,,2421.0
B000NGLR8A,10151.0,10151.0,,,10151.0
B000NHSAVQ,570.0,570.0,570.0,570.0,570.0
B000NL2J4G,,,,1088.0,
B000NM3AK2,,,23.0,23.0,23.0
B000NNFSII,,,241.0,,241.0
B000NNNCI6,3559.0,,,3559.0,
B000NRE6P0,1548.0,1548.0,,1548.0,1548.0
B000NSGU80,,448.0,,,448.0
B000NU4GFC,,,109.0,,109.0
B000NUG5LK,1115.0,1115.0,1115.0,1115.0,1115.0
B000NVCQ4Y,186.0,,186.0,,186.0
B000NVVDWA,2272.0,,,,
B000NW4JNY,,,,,1898.0
B000NW4LDM,661.0,,661.0,,661.0
B000NW4LDW,661.0,661.0,661.0,661.0,661.0
B000NW6NNS,,,,17.0,17.0
B000NW6NOM,,,,,31.0
B000NW6RXO,,,,,807.0
B000NW6XGU,,,88.0,,88.0
B000NW84U8,,,,,547.0
B000NW84UI,,2529.0,,,
B000NW8AMU,,,,,439.0
B000NW8HLO,16092.0,16092.0,16092.0,16092.0,16092.0
B000NWA7KS,,,,,1748.0
B000NWA9VA,,13.0,,,
B000NWA9ZG,,239.0,,,239.0
B000NWGM8O,,,,,7916.0
B000NX1BNE,,478.0,,478.0,478.0
B000NYIJTM,212.0,,,,212.0
B000NYL3NQ,13067.0,13067.0,13067.0,13067.0,13067.0
B000NZOCA6,469.0,,,,
B000NZQFXI,,,,31.0,31.0
B000O2KAMW,122.0,,122.0,,122.0
B000O2LQBG,,,,,87.0
B000O2LQWU,,,,,61.0
B000O2LWOW,,,,,92.0
B000O2LWSI,,300.0,,,300.0
B000O2MAUW,,,,2794.0,2794.0
B000O2P0R2,,,,,41.0
B000O2P10I,,,,,38.0
B000O2PDKQ,3076.0,3076.0,3076.0,3076.0,3076.0
B000O2PDX8,377.0,377.0,,,377.0
B000O2PJEG,,275.0,,275.0,275.0
B000O2PTMI,,,,,795.0
B000O2QT18,,,,1262.0,
B000O2RAUW,289.0,289.0,289.0,289.0,289.0
B000O2T5L4,,,370.0,370.0,
B000O3BDHW,,,399.0,,399.0
B000O3I87K,,,277.0,277.0,277.0
B000O3IX0M,,,277.0,277.0,277.0
B000O3OX3I,340.0,,,,340.0
B000O3SGSQ,,,,277.0,277.0
B000O5158C,,277.0,,277.0,277.0
B000O5162M,277.0,,277.0,277.0,277.0
B000O5RVJO,1942.0,1942.0,1942.0,1942.0,1942.0
B000O5TWHS,1782.0,1782.0,1782.0,1782.0,1782.0
B000O5WCN4,3359.0,,,,3359.0
B000O6YJV6,780.0,780.0,780.0,780.0,780.0
B000O70LJO,336.0,336.0,336.0,336.0,336.0
B000O7CJT4,340.0,,,,
B000O7JM2Q,,207.0,207.0,207.0,207.0
B000O7LI1Y,,,,2580.0,2580.0
B000O7NJ8O,,,,,72.0
B000O7NP38,456.0,456.0,456.0,456.0,456.0
B000O7PH34,10265.0,10265.0,10265.0,10265.0,10265.0
B000O7T9XI,43.0,43.0,,43.0,43.0
B000O8ZA30,2058.0,,,,2058.0
B000O9XNO2,,,,88.0,88.0
B000O9Z8EA,,,,,22.0
B000OA0ZME,,,,465.0,465.0
B000OD5V8E,1116.0,1116.0,1116.0,1116.0,1116.0
B000OEF3O0,,,,,3.0
B000OF8670,1021.0,1021.0,1021.0,1021.0,1021.0
B000OFL8GQ,,,,,2.0
B000OFND96,,,3.0,,
B000OFNDC8,,,3.0,,
B000OFR68U,,,,,11.0
B000OFR69O,,4.0,,,
B000OFT5PC,,,,,12.0
B000OH1RGA,,,,,241.0
B000OIBUZC,,,,,5861.0
B000OIDB2M,,16.0,,,
B000OIDTY2,,,,,704.0
B000OKJU5W,88.0,,,88.0,88.0
B000OKVJAQ,5.0,,,,5.0
B000OLM4DQ,,664.0,664.0,664.0,664.0
B000OMPQ76,,,,,68.0
B000OOSHAM,16124.0,,16124.0,16124.0,16124.0
B000OQ5T9M,,,,619.0,619.0
B000OQBLIK,,,,83.0,83.0
B000OR3CZO,16092.0,,16092.0,16092.0,16092.0
B000OR8KHE,,,,39.0,39.0
B000ORDC4A,,,,,13.0
B000ORGS14,,,,88.0,88.0
B000OSADQE,,,58.0,58.0,58.0
B000OTDK86,,48.0,48.0,48.0,48.0
B000OU30HG,,,,,1479.0
B000OWOSFM,,111.0,,,111.0
B000OYFRNW,,,,,104.0
B000OYHMZI,101.0,101.0,,101.0,101.0
B000OYHN2K,2791.0,2791.0,2791.0,2791.0,2791.0
B000OYHN5W,,,,,25.0
B000OYJR7Y,595.0,,595.0,595.0,595.0
B000P0DB3I,,,,21.0,
B000P0DBF6,626.0,,626.0,626.0,626.0
B000P0DBFG,2111.0,,2111.0,2111.0,2111.0
B000P0DBFQ,,546.0,,,546.0
B000P0DBG0,,,,546.0,546.0
B000P0DBGA,1277.0,,1277.0,,1277.0
B000P0F8Y8,,,21.0,21.0,21.0
B000P0F9B0,,,,,1062.0
B000P0F9BA,1062.0,1062.0,1062.0,1062.0,1062.0
B000P0F9BK,699.0,,,,699.0
B000P0GQCQ,255.0,255.0,255.0,255.0,255.0
B000P0GQQ2,,,,,333.0
B000P0GQQC,,,333.0,333.0,333.0
B000P0GQRG,2111.0,2111.0,2111.0,2111.0,2111.0
B000P0LNKQ,,,,5894.0,
B000P0MRL0,,,,,792.0
B000P0NF20,44.0,,44.0,44.0,44.0
B000P0NF3Y,,,,,21368.0
B000P0PB7W,,,826.0,,
B000P0R1KM,96.0,96.0,96.0,96.0,96.0
B000P1A7O8,,649.0,649.0,,649.0
B000P20TAY,2000.0,,2000.0,2000.0,2000.0
B000P20U44,,,,,3559.0
B000P20VAC,251.0,,,251.0,251.0
B000P228QM,42.0,42.0,,,42.0
B000P22TRU,,3984.0,3984.0,3984.0,3984.0
B000P22WO0,,,,,95.0
B000P22X62,701.0,701.0,,,701.0
B000P24FA4,,,,481.0,481.0
B000P250TE,81.0,,,,81.0
B000P250US,,,,175.0,175.0
B000P251G6,22.0,,,,22.0
B000P251NE,,,1030.0,1030.0,1030.0
B000P2670U,,20.0,,20.0,20.0
B000P275JM,451.0,,,,451.0
B000P275OM,269.0,,,269.0,269.0
B000P2762I,,,,,37.0
B000P52X0K,77.0,,,,
B000P6FEUK,,,,,121.0
B000P6W6XI,2108.0,,,2108.0,2108.0
B000P6W6Y2,,,,,74.0
B000P6W7C8,3728.0,,3728.0,3728.0,3728.0
B000P8BBIW,,975.0,,,
B000PAW6ZW,10858.0,,10858.0,10858.0,10858.0
B000PB26Q0,1056.0,1056.0,1056.0,1056.0,1056.0
B000PBQ7LK,27598.0,27598.0,27598.0,27598.0,27598.0
B000PC2H7C,,125.0,125.0,125.0,125.0
B000PCC42K,,,,,28.0
B000PEJO76,1711.0,1711.0,1711.0,1711.0,1711.0
B000PGXL1Y,,6.0,,,
B000PH8KDW,359.0,359.0,359.0,359.0,359.0
B000PHKE0O,2780.0,2780.0,2780.0,2780.0,2780.0
B000PHMNAS,,692.0,692.0,692.0,692.0
B000PHNWRG,,,,39.0,39.0
B000PHP8L4,2216.0,2216.0,2216.0,2216.0,2216.0
B000PHRIYE,2070.0,2070.0,2070.0,2070.0,2070.0
B000PHUJY0,158.0,,158.0,158.0,158.0
B000PHUKEE,3109.0,3109.0,3109.0,3109.0,3109.0
B000PHVKKW,,,,816.0,816.0
B000PHVQEW,,,83.0,,83.0
B000PHVR8C,,,,,12.0
B000PHVRAA,,,,,13.0
B000PHVTVC,5466.0,5466.0,5466.0,5466.0,5466.0
B000PHZ7FQ,,,,906.0,
B000PHZ7GK,885.0,885.0,,885.0,885.0
B000PHZ7HO,5835.0,5835.0,5835.0,5835.0,5835.0
B000PI15WO,,,,,2044.0
B000PI168W,,,151.0,,151.0
B000PI169Q,,215.0,215.0,,215.0
B000PI38QA,,,37.0,,37.0
B000PI38R4,35.0,,35.0,,35.0
B000PI38TW,,,,7.0,
B000PI4ISC,,,,,2.0
B000PI57HS,,,46.0,46.0,46.0
B000PJ2R0C,,135.0,135.0,135.0,135.0
B000PJ6UDW,,,,,1748.0
B000PJ7VL2,,,465.0,465.0,465.0
B000PKC152,,209.0,,,209.0
B000PKILMY,24.0,,24.0,,24.0
B000PKIMGO,295.0,295.0,295.0,295.0,295.0
B000PKUZ5U,370.0,,,370.0,370.0
B000PKUZ8W,,,,,6.0
B000PKUZDM,7.0,,,,
B000PKYBXM,,,241.0,241.0,241.0
B000PKYC68,2492.0,2492.0,2492.0,2492.0,2492.0
B000PKYCJA,,1260.0,,,1260.0
B000PKZFFK,165.0,,165.0,165.0,165.0
B000PKZFFU,,314.0,,,314.0
B000PKZFT6,,,,,190.0
B000PKZFTQ,,819.0,,819.0,819.0
B000PKZG22,,,,,1060.0
B000PLZDJC,,235.0,,,
B000PS8P3Q,,4714.0,4714.0,4714.0,4714.0
B000PSA7QY,3021.0,,,3021.0,3021.0
B000PSZ72I,,21.0,,,21.0
B000PTFAFG,42.0,,,,
B000PW13QS,,243.0,243.0,,243.0
B000PXUBKQ,,,,41.0,41.0
B000PY1E7Y,,,,1608.0,1608.0
B000PY29Q4,,,,25.0,
B000PY2JE6,4355.0,,,,4355.0
B000PY61H2,,,,,14256.0
B000PY7BNU,456.0,,456.0,,456.0
B000PY9HG4,971.0,971.0,971.0,971.0,971.0
B000PZ4QBY,6527.0,6527.0,6527.0,6527.0,6527.0
B000PZ8DRM,2421.0,2421.0,2421.0,2421.0,2421.0
B000PZ8DWM,2421.0,,2421.0,2421.0,2421.0
B000PZ8E62,3732.0,3732.0,3732.0,3732.0,3732.0
B000PZA2KS,2262.0,2262.0,2262.0,2262.0,2262.0
B000PZE9UM,,30.0,,,30.0
B000Q1XE7E,5073.0,,5073.0,5073.0,5073.0
B000Q2ZUYS,59.0,,59.0,,59.0
B000Q2ZV0Q,,,44.0,44.0,44.0
B000Q336XY,,,,498.0,498.0
B000Q337LK,72.0,72.0,,72.0,72.0
B000Q33M8S,,,166.0,166.0,166.0
B000Q34PES,1165.0,,1165.0,1165.0,1165.0
B000Q34W0K,,,,26.0,26.0
B000Q34ZS4,,125.0,125.0,125.0,125.0
B000Q380EE,,,,1666.0,1666.0
B000Q384SQ,3144.0,3144.0,3144.0,3144.0,3144.0
B000Q388UK,304.0,304.0,304.0,304.0,304.0
B000Q39JVW,,696.0,696.0,696.0,696.0
B000Q3BLOK,,802.0,,,
B000Q3BO6A,,,,69.0,69.0
B000Q6JA5E,657.0,657.0,,657.0,657.0
B000Q6KZW6,10029.0,10029.0,10029.0,10029.0,10029.0
B000Q6MYG6,1283.0,,1283.0,1283.0,1283.0
B000Q6MYIY,27062.0,27062.0,27062.0,27062.0,27062.0
B000Q8124O,,56.0,,56.0,56.0
B000Q85OHK,,,,638.0,638.0
B000QFSLGE,,32.0,32.0,32.0,32.0
B000QGKQXO,5252.0,5252.0,5252.0,5252.0,5252.0
B000QGW0E2,,,,,8.0
B000QGZOF4,,,,51.0,51.0
B000QH17LI,51.0,51.0,51.0,,51.0
B000QHF8OU,70.0,,,70.0,70.0
B000QTYQ6Y,,570.0,,570.0,570.0
B000QU5QIA,,,,10.0,
B000QU75FM,2271.0,2271.0,2271.0,2271.0,2271.0
B000QU95JG,,,438.0,438.0,438.0
B000QV2XRQ,,800.0,,,
B000QXATDO,,,41.0,41.0,41.0
B000QXBCZI,,,205.0,,205.0
B000QYCXS2,,,,,70.0
B000QYJBKK,,,,,188.0
B000QZ4H58,363.0,,,363.0,363.0
B000R48D2G,,,943.0,,
B000R8QVY4,8857.0,8857.0,8857.0,8857.0,8857.0
B000R8QY14,4680.0,4680.0,4680.0,4680.0,4680.0
B000R8S8AE,,,,,347.0
B000R8U1XQ,17891.0,17891.0,17891.0,17891.0,17891.0
B000R8Z852,,,,10.0,
B000R8Z910,,,,,510.0
B000R8Z9TW,,,,,4.0
B000R8ZB4U,,62.0,,62.0,62.0
B000R8ZBJK,954.0,,,,954.0
B000R92XE0,,,394.0,394.0,394.0
B000R92XHM,,1539.0,1539.0,,1539.0
B000R94OGK,,,152.0,,152.0
B000R94SJS,961.0,961.0,,961.0,961.0
B000R94SL6,,,,422.0,422.0
B000R94SMU,,,352.0,352.0,352.0
B000R9A56I,1729.0,1729.0,1729.0,1729.0,1729.0
B000R9CIYA,,,,97.0,97.0
B000RBDDFQ,,,,5333.0,5333.0
B000RDQV08,,,,,132.0
B000RDTW7C,,,,,79.0
B000RFVLXI,,,,33.0,33.0
B000RI3RQE,,,,,264.0
B000RI8BZQ,,,,,9911.0
B000RIAD0W,,4994.0,,4994.0,4994.0
B000RMPOTS,,,800.0,,
B000RO7EA8,,,6501.0,6501.0,6501.0
B000RP7JZW,,,,,12.0
B000RPLZAM,21683.0,21683.0,21683.0,21683.0,21683.0
B000RPO23Y,,,,,34.0
B000RPPK76,,784.0,,784.0,784.0
B000RPQDGI,,,4740.0,,4740.0
B000RTTVGS,,,,,62.0
B000RU5AYE,,,,,249.0
B000RUHH2W,,,,,138.0
B000RUKDH8,93.0,93.0,93.0,,93.0
B000RUKQM0,,,94.0,,94.0
B000RUKQQG,,,,80.0,80.0
B000RUKR0Q,1073.0,1073.0,1073.0,1073.0,1073.0
B000RUO414,,46.0,,,46.0
B000RUO43M,,,,,97.0
B000RYAIJC,,,610.0,610.0,610.0
B000RYAIM4,,610.0,,,610.0
B000RZVK02,,,,,13.0
B000RZVK3O,,,,,5.0
B000S1AILM,,,,329.0,
B000S6EZGG,,,,,39.0
B000S6QGHW,,,,,7045.0
B000S6QGIQ,3408.0,3408.0,3408.0,3408.0,3408.0
B000S6QGJK,844.0,844.0,844.0,844.0,844.0
B000S6VI7K,,,4516.0,,
B000S7ZMDA,2282.0,2282.0,2282.0,2282.0,2282.0
B000S94HBG,,68.0,,,68.0
B000S94HTI,711.0,711.0,711.0,711.0,711.0
B000S94IQU,,,79.0,79.0,79.0
B000S94IVU,37.0,,,,
B000S94IXI,,,,,5.0
B000S95QQQ,,,102.0,,102.0
B000S97MEU,,,,649.0,649.0
B000S97MH2,159.0,,159.0,,159.0
B000S99888,575.0,575.0,575.0,575.0,575.0
B000SAZT1M,,,4658.0,4658.0,4658.0
B000SDKUEK,,,,136.0,136.0
B000SDXCS6,,,,,248.0
B000SF9SSM,,,,432.0,432.0
B000SHSFSE,5737.0,5737.0,5737.0,5737.0,5737.0
B000SHWYHW,4237.0,,,4237.0,4237.0
B000SJ61E2,,,88.0,88.0,88.0
B000SKXL5I,5873.0,,5873.0,5873.0,5873.0
B000SKYRR4,,,,157.0,157.0
B000SN5R0C,725.0,725.0,725.0,725.0,725.0
B000SNRJ1M,776.0,776.0,776.0,776.0,776.0
B000SQTOOY,,,,,125.0
B000SSHTWG,,,16.0,,
B000SSPXN8,482.0,482.0,,482.0,482.0
B000SSPXZG,1059.0,1059.0,1059.0,1059.0,1059.0
B000SSRBY2,,,,,339.0
B000SSRD90,,,,,9.0
B000SST81Q,,489.0,,489.0,489.0
B000SST89S,,1059.0,1059.0,,1059.0
B000SSUE9Q,,,,,339.0
B000SSUFGI,,489.0,489.0,489.0,489.0
B000SSUFHW,1059.0,,,,1059.0
B000SSUFWC,,,,415.0,415.0
B000SWXZ2U,,,,,10.0
B000SWXZ8Y,,,,,31.0
B000SWXZ98,,,,,18.0
B000SWY05Q,215.0,215.0,215.0,215.0,215.0
B000SWZOR4,,,,255.0,255.0
B000SX0Y82,,,,,10.0
B000SX0Z9K,912.0,,912.0,912.0,912.0
B000SX31VY,,,,38.0,38.0
B000SX327C,,,,,16194.0
B000SX3380,3734.0,3734.0,3734.0,3734.0,3734.0
B000T2CER6,,,,,4717.0
B000T2SBJG,1701.0,1701.0,1701.0,1701.0,1701.0
B000T50K5Q,80.0,,,,80.0
B000TB4P4W,6770.0,,6770.0,,
B000TBKI34,37.0,,37.0,37.0,37.0
B000TBXWNW,10151.0,10151.0,10151.0,10151.0,10151.0
B000TBZBMW,,,,688.0,
B000TC198Q,,,,,1915.0
B000TD2QPK,,,248.0,248.0,248.0
B000TD2QR8,,443.0,443.0,443.0,443.0
B000TD2QXC,,78.0,,78.0,78.0
B000TD4RSO,304.0,,,304.0,304.0
B000TD5K8U,207.0,,207.0,207.0,207.0
B000TD5KT4,1042.0,,1042.0,1042.0,1042.0
B000TDECV6,,,,,15.0
B000TG63EW,24937.0,24937.0,24937.0,24937.0,24937.0
B000TQHTPE,285.0,285.0,285.0,285.0,285.0
B000TQY6F0,,,,,9.0
B000TSZ3I2,,1483.0,1483.0,1483.0,1483.0
B000TUMAP4,,,,,876.0
B000TUNMW4,11699.0,11699.0,11699.0,11699.0,11699.0
B000TV9RW2,,,,2983.0,2983.0
B000TVAR12,,,,,1729.0
B000TX5TRC,,,,,13.0
B000TX5U3U,,1547.0,,,
B000TYGI3U,,,1400.0,,1400.0
B000TYLOSE,57.0,57.0,57.0,,57.0
B000TYTRQK,,92.0,92.0,92.0,92.0
B000TZG8CU,,,31.0,,31.0
B000TZG8D4,,,,,17.0
B000TZG8DE,,,,,14.0
B000TZI22O,,,,,38.0
B000U5O5Q0,,,,,97.0
B000U5WSGY,,,,463.0,463.0
B000U6MLJC,1726.0,1726.0,1726.0,1726.0,1726.0
B000U6PW7K,,2682.0,2682.0,2682.0,2682.0
B000U8E1AM,,260.0,,,260.0
B000U8FFTI,21.0,,,,21.0
B000U8FGEW,,,2087.0,,2087.0
B000UB23YK,2425.0,2425.0,2425.0,2425.0,2425.0
B000UEERK0,,,,14.0,14.0
B000UEROLE,159.0,159.0,159.0,159.0,159.0
B000UEW23O,,,,10.0,
B000UFWQJI,,,,,16.0
B000UFWRUQ,,,,,176.0
B000UGJW44,,,184.0,,184.0
B000UH0YA4,,,56.0,,
B000UI88BA,,,,,51.0
B000UJQFH8,,,,71.0,71.0
B000ULAXOM,,,,23.0,23.0
B000ULBBUC,307.0,,307.0,307.0,307.0
B000ULBC5Q,,,9284.0,9284.0,9284.0
B000ULD9XE,9284.0,,9284.0,9284.0,9284.0
B000ULDA06,,,,,49.0
B000ULDA0Q,52.0,,,,52.0
B000ULDABU,,,98.0,,98.0
B000ULF8NI,,,,,83.0
B000ULF8Q0,,,,126.0,126.0
B000ULF90K,,108.0,108.0,,108.0
B000ULH2DC,23.0,,,,23.0
B000ULH2YG,,,,,49.0
B000ULH34K,,,,,156.0
B000ULHXMC,,,,294.0,294.0
B000ULI3Y4,,300.0,,300.0,300.0
B000ULI46G,,,,,307.0
B000ULI4H0,,,150.0,,
B000ULLA2G,,,,,46.0
B000ULLA6W,22.0,,,22.0,22.0
B000ULLISW,29.0,,,,29.0
B000ULLIX2,,,59.0,59.0,59.0
B000ULLLES,401.0,401.0,401.0,401.0,401.0
B000ULN7AO,,,,,110.0
B000ULN7B8,,165.0,,165.0,165.0
B000ULNA9M,,,,995.0,
B000ULNEUM,,,234.0,234.0,234.0
B000ULNH4U,23.0,,,23.0,23.0
B000ULOYHO,,,,25.0,25.0
B000ULP360,816.0,,,,
B000ULPCZM,,,,,66.0
B000ULPD5G,,,,,37.0
B000ULPD7Y,,,,31.0,
B000ULPFP4,,,,,102.0
B000ULPFQI,,,,,3.0
B000ULQU2G,1345.0,,,1345.0,1345.0
B000ULR1EC,,,,67.0,67.0
B000ULR3TK,544.0,544.0,544.0,544.0,544.0
B000ULR8O0,39.0,,,39.0,39.0
B000ULRBSI,438.0,438.0,438.0,438.0,438.0
B000UMG5AW,,,7877.0,,7877.0
B000UMG5F2,,,,7860.0,7860.0
B000UMIFSM,86.0,,,,
B000UNKK7U,14460.0,14460.0,14460.0,14460.0,14460.0
B000UNM8WK,3597.0,,,3597.0,3597.0
B000UNRNJ8,4237.0,4237.0,4237.0,4237.0,4237.0
B000UP6RDY,2060.0,2060.0,2060.0,2060.0,2060.0
B000UPA8F2,2060.0,,2060.0,2060.0,2060.0
B000UPEDXU,7876.0,7876.0,7876.0,7876.0,7876.0
B000UPEF88,9256.0,9256.0,9256.0,9256.0,9256.0
B000UPFRXK,7876.0,,,7876.0,7876.0
B000UPFYO2,,1094.0,1094.0,1094.0,1094.0
B000UPGSHE,,,,22372.0,
B000UPGZ36,138.0,138.0,138.0,,
B000UPH5WG,12223.0,,12223.0,12223.0,12223.0
B000UPMGNE,3412.0,3412.0,3412.0,3412.0,3412.0
B000UPO54M,6532.0,6532.0,6532.0,6532.0,6532.0
B000UPOBRI,12223.0,12223.0,12223.0,12223.0,12223.0
B000UQ5P5E,,,,16.0,16.0
B000UQSMJK,,,,,6.0
B000URWZ6A,,14.0,,,
B000US081S,23.0,,,,23.0
B000US25DC,,,,36.0,36.0
B000US79HO,,,,,22.0
B000USCOI8,,,,,8.0
B000UU13LK,,,,,1916.0
B000UUMXQE,,277.0,,277.0,277.0
B000UV7FXE,237.0,237.0,237.0,237.0,237.0
B000UWP0XU,,3122.0,3122.0,3122.0,3122.0
B000UY81H0,7988.0,,7988.0,,7988.0
B000UY9OKS,,,508.0,,508.0
B000UYC03G,,,,,369.0
B000UYGFY6,97.0,,,,97.0
B000UYSSB4,3947.0,3947.0,3947.0,3947.0,3947.0
B000V02Z16,,,88.0,88.0,88.0
B000V193RE,58.0,58.0,58.0,,58.0
B000V1QTBM,2620.0,2620.0,2620.0,2620.0,2620.0
B000V3IQGQ,,364.0,,364.0,364.0
B000V3KLGO,,,,,1105.0
B000V3ME6Y,1648.0,1648.0,1648.0,1648.0,1648.0
B000V3MEC8,192.0,,192.0,192.0,192.0
B000V3MGFS,2254.0,,2254.0,2254.0,2254.0
B000V3MGG2,,,,,136.0
B000V3MHA2,,,650.0,650.0,650.0
B000V3O732,8412.0,8412.0,8412.0,8412.0,8412.0
B000V3O8NQ,,1095.0,,1095.0,1095.0
B000V3Q2CG,,,,,148.0
B000V3SY1I,,,,,158.0
B000V6XESI,257.0,,,,257.0
B000V6Y8TC,,,,188.0,188.0
B000V6YMNO,,,,88.0,88.0
B000V707PA,1003.0,1003.0,1003.0,1003.0,1003.0
B000V70SRW,,,,,1056.0
B000V74ET0,465.0,465.0,465.0,,465.0
B000V74ZOE,,,,,1781.0
B000V7506G,,,,,7963.0
B000V7AVS8,2221.0,,,,
B000V7F354,,,,,2651.0
B000V7MOTW,,,,,1578.0
B000V86MT4,205.0,205.0,205.0,205.0,205.0
B000V87E7S,1112.0,1112.0,1112.0,,1112.0
B000V87HBQ,1062.0,1062.0,1062.0,1062.0,1062.0
B000VB7VLO,,,,12.0,12.0
B000VBCE34,,,,,932.0
B000VBO0CM,83.0,,83.0,83.0,83.0
B000VE8LRO,,,,1.0,
B000VEJV6O,,,982.0,982.0,982.0
B000VEJVCI,12223.0,12223.0,12223.0,12223.0,12223.0
B000VEN44O,37.0,,,,
B000VEOY16,1841.0,,1841.0,1841.0,1841.0
B000VEQTXW,1030.0,1030.0,,,1030.0
B000VH78AC,,,,,2647.0
B000VHAA84,,35.0,35.0,,35.0
B000VHE8ZU,147.0,147.0,147.0,147.0,147.0
B000VHE92W,1917.0,,,1917.0,1917.0
B000VHFT30,227.0,,227.0,227.0,227.0
B000VHFT4Y,147.0,147.0,,,147.0
B000VHH71W,,,,28.0,
B000VIJ7JG,166.0,,166.0,166.0,166.0
B000VIO58Y,,,,,66.0
B000VIY38G,234.0,,,,234.0
B000VIY3OU,,675.0,,,675.0
B000VIZEOS,,,186.0,,186.0
B000VJMKP8,,,,36.0,
B000VNIZGM,13067.0,13067.0,13067.0,13067.0,13067.0
B000VNOEYO,,,,,42.0
B000VOHOG8,3984.0,,,3984.0,3984.0
B000VOHQW0,2299.0,2299.0,2299.0,2299.0,2299.0
B000VOJMJ0,542.0,542.0,542.0,542.0,542.0
B000VOJMS6,,,,,22.0
B000VOJPMY,,,1578.0,,1578.0
B000VOLI4C,363.0,363.0,363.0,363.0,363.0
B000VON764,16124.0,16124.0,16124.0,16124.0,16124.0
B000VONBTM,563.0,563.0,,563.0,563.0
B000VOPEWE,,,530.0,530.0,530.0
B000VOPG2M,15813.0,,15813.0,15813.0,15813.0
B000VR2TVK,286.0,286.0,,286.0,286.0
B000VRYXT6,,,,,289.0
B000VV9ZCC,,,28.0,,28.0
B000VWKIMC,74.0,,74.0,74.0,74.0
B000VWL9UC,,,,,4.0
B000VWL9ZW,,,,,8.0
B000VWSER8,,,,,15.0
B000VXMMY8,871.0,,871.0,871.0,871.0
B000VXMMZC,853.0,853.0,853.0,853.0,853.0
B000VXMMZW,,,6456.0,,6456.0
B000VXMO7I,,764.0,,764.0,764.0
B000VXOQH4,136.0,,,,136.0
B000VXPAOW,,,,29.0,29.0
B000VXSFVC,,,,,448.0
B000VXUTEI,46.0,,,46.0,46.0
B000VXUTFM,1264.0,,1264.0,1264.0,1264.0
B000VXUTFW,,,,776.0,776.0
B000VXUUV0,,,19.0,,19.0
B000VXVEGK,,56.0,,56.0,56.0
B000VYA24E,,39.0,39.0,,39.0
B000VYSN4A,,,134.0,134.0,134.0
B000VYWRQ0,,,312.0,,
B000VYWS6Y,134.0,,134.0,134.0,134.0
B000VYYCHM,,,,8.0,
B000VZ297Q,,,338.0,,338.0
B000VZOJ6U,103.0,103.0,103.0,,103.0
B000VZS3VW,185.0,185.0,,185.0,185.0
B000W0XVNG,363.0,363.0,363.0,363.0,363.0
B000W0XVOA,,,,,9.0
B000W14OOA,89.0,89.0,89.0,89.0,89.0
B000W16JAC,93.0,,93.0,93.0,
B000W5J4L4,,,,,1764.0
B000W5K1E8,11501.0,11501.0,11501.0,11501.0,11501.0
B000W6244M,710.0,710.0,,710.0,710.0
B000W68SZQ,,204.0,204.0,,204.0
B000W7ESFY,8749.0,8749.0,8749.0,8749.0,8749.0
B000W7PKU6,,,949.0,949.0,949.0
B000W7QGS6,788.0,788.0,788.0,788.0,788.0
B000W7QXZ2,,,,,949.0
B000W7SV0W,949.0,949.0,949.0,949.0,949.0
B000W7SV1G,,,,949.0,
B000W8JZII,92.0,,92.0,92.0,92.0
B000W8JZIS,278.0,,278.0,278.0,278.0
B000W8JZJ2,,,,,78.0
B000W8JZNI,,,,,29.0
B000W8JZNS,,,,9.0,9.0
B000W8LRC0,,,125.0,,125.0
B000W8ND18,,,,,246.0
B000W8ND68,19.0,19.0,,,19.0
B000W8NDC2,,,,,12.0
B000W8QWXO,,,46.0,,46.0
B000W9E1KE,17891.0,17891.0,17891.0,17891.0,17891.0
B000WBLYQG,,,124.0,124.0,124.0
B000WCSH7O,,,,19.0,19.0
B000WCT26E,193.0,,,,193.0
B000WFWIYE,,,13.0,,
B000WGD572,4738.0,,4738.0,4738.0,4738.0
B000WKY63U,21.0,,,,21.0
B000WM54E8,,,,61.0,61.0
B000WMIOJK,2777.0,2777.0,2777.0,2777.0,2777.0
B000WN2O22,,,383.0,383.0,383.0
B000WN417I,2471.0,2471.0,2471.0,2471.0,2471.0
B000WN5EGA,52.0,52.0,,52.0,52.0
B000WN7V66,,,,,23.0
B000WPDVXG,,,,214.0,
B000WPJQPI,16092.0,16092.0,,16092.0,16092.0
B000WPQ0PC,,,,88.0,88.0
B000WQ7TE2,,,,,188.0
B000WQBSDK,,,,,1091.0
B000WZIX0W,,14256.0,,14256.0,14256.0
B000WZPE5O,,,,191.0,191.0
B000WZRBXC,,,,,24.0
B000X14TYY,,,,,318.0
B000X1HNWO,12.0,,12.0,,
B000X1JHGE,,,,,10.0
B000X1LOJM,2258.0,2258.0,,2258.0,2258.0
B000X1LR5I,,,,,17.0
B000X1LR6M,,7.0,,,
B000X1T8I6,,,,,10.0
B000X1YID6,,,,98.0,98.0
B000X2H76U,,,83.0,83.0,83.0
B000X2NW78,,,,15.0,
B000X4I74Y,,,,,70.0
B000X4KJPE,,,,,1238.0
B000X4M9AC,,,,,92.0
B000X6MO28,,,,,24.0
B000X9WXSU,1169.0,1169.0,1169.0,1169.0,1169.0
B000XB1VJK,,,,495.0,
B000XE0DS2,4719.0,4719.0,4719.0,4719.0,4719.0
B000XE0TDG,,,9.0,,9.0
B000XE1TUI,6378.0,6378.0,6378.0,6378.0,6378.0
B000XE44NM,,,,,14.0
B000XE4KB8,,196.0,,196.0,196.0
B000XE64XA,238.0,,,238.0,238.0
B000XE6C2I,1710.0,,1710.0,1710.0,1710.0
B000XE7U6U,,102.0,,102.0,102.0
B000XE7UBU,,,,,1053.0
B000XE947S,154.0,,,,154.0
B000XFR42O,,,,,3976.0
B000XFSUV8,,,31.0,,31.0
B000XFUM32,3976.0,3976.0,3976.0,3976.0,3976.0
B000XFUM3W,,,,,22.0
B000XFWO1A,,,,2579.0,
B000XGYFNY,2657.0,,,2657.0,2657.0
B000XH9I0I,1082.0,,,,1082.0
B000XNNH7C,,,,,48.0
B000XPTFMG,189.0,189.0,189.0,189.0,189.0
B000XSPQ62,331.0,331.0,331.0,331.0,331.0
B000XTCB1Y,,,,,6.0
B000XTCFOC,89.0,89.0,89.0,,89.0
B000XTCINU,1916.0,1916.0,1916.0,1916.0,1916.0
B000XTFP1W,,,,50.0,50.0
B000XV83Y6,90.0,,,90.0,90.0
B000XVBRPS,,,,209.0,
B000XYPNMS,778.0,778.0,778.0,778.0,778.0
B000XYX104,,,,81.0,81.0
B000Y0UIVW,61.0,,61.0,,61.0
B000Y1MPN0,,,,,33.0
B000Y1X32W,87.0,,,87.0,87.0
B000Y91AHY,,,,,77.0
B000YACKO0,27062.0,27062.0,27062.0,27062.0,27062.0
B000YBIOAS,2595.0,2595.0,2595.0,2595.0,2595.0
B000YBIOB2,,,,,2581.0
B000YBNL2Y,,,,,4975.0
B000YC718S,2102.0,2102.0,2102.0,2102.0,2102.0
B000YDI6TU,,,,1174.0,
B000YJ0BGA,,481.0,481.0,481.0,481.0
B000YJ2FLE,,,595.0,595.0,595.0
B000YJ3UEK,423.0,423.0,,,423.0
B000YJG7HW,,,6.0,,
B000YMCM0U,590.0,590.0,590.0,590.0,590.0
B000YMTLUO,,,,,48.0
B000YMUAPO,,15.0,,,
B000YN0724,,,,18.0,18.0
B000YOMR8A,,,,192.0,192.0
B000YOU23C,1007.0,1007.0,1007.0,1007.0,1007.0
B000YT4SVY,,,,778.0,
B000YTA57K,,,,,2.0
B000YYYZ5S,,,227.0,227.0,227.0
B000YYYZLW,,,,,6403.0
B000YYZOJ4,7205.0,,,7205.0,7205.0
B000YZ0YSY,27062.0,27062.0,27062.0,27062.0,27062.0
B000YZ2YV4,,,126.0,126.0,126.0
B000YZ4MSC,1447.0,1447.0,1447.0,1447.0,1447.0
B000YZ4N6S,,,,10029.0,10029.0
B000YZ5C8Q,4516.0,4516.0,4516.0,4516.0,4516.0
B000Z3ERRO,,,,,163.0
B000Z3ES1O,161.0,,,,161.0
B000Z3GO4I,,,,,224.0
B000Z4IPT4,,,,,86.0
B000Z4OT1W,,,,,49.0
B000Z5Y2D6,,112.0,,112.0,112.0
B000Z5Y3I0,,,,,42.0
B000Z5YBK0,,43.0,43.0,43.0,43.0
B000Z5YBPK,,,,,10.0
B000Z5YBUK,,,,,108.0
B000Z5YC5O,,24.0,,24.0,24.0
B000Z5YCHM,610.0,610.0,,,610.0
B000Z5YDJ4,,,,2.0,
B000Z5YDV2,44.0,,,,
B000Z5YEGG,,,,,17.0
B000Z5YG8M,7918.0,7918.0,,7918.0,7918.0
B000Z5ZRR6,,,,,93.0
B000Z5ZSDE,,,,,5861.0
B000Z5ZW1C,,,,,8.0
B000Z601F8,82.0,82.0,82.0,82.0,82.0
B000Z6020W,,,,63.0,63.0
B000Z60234,,,,,4.0
B000Z602C0,,785.0,785.0,785.0,785.0
B000Z602ES,,3.0,,,
B000Z6053G,,,,,44.0
B000Z606EO,143.0,143.0,,143.0,143.0
B000Z61IYQ,,,,,995.0
B000Z61KP8,,,,,17.0
B000Z61P4Y,,,149.0,149.0,149.0
B000Z61PR6,65.0,65.0,65.0,65.0,65.0
B000Z61QCU,,,,111.0,111.0
B000Z61QR0,,32.0,32.0,32.0,32.0
B000Z61SSM,,347.0,347.0,347.0,347.0
B000Z61T0E,,,,,21.0
B000Z61VVQ,489.0,489.0,489.0,489.0,489.0
B000Z63L78,42.0,42.0,,,42.0
B000Z63MCM,,,,8.0,
B000Z63QK0,2196.0,,,2196.0,2196.0
B000Z63RGS,,,,202.0,
B000Z63TMK,,,,,14.0
B000Z63U2E,20.0,,20.0,,
B000Z63W6I,,,,,44.0
B000Z63WPO,,,,,13.0
B000Z63XZ8,,,,,11.0
B000Z65APY,,,14.0,14.0,14.0
B000Z65BDU,907.0,,,907.0,907.0
B000Z65C2K,,,,,23.0
B000Z65CQ6,,,,,8.0
B000Z65DMO,,,70.0,,
B000Z65DZG,773.0,773.0,773.0,773.0,773.0
B000Z6CUFM,,,79.0,79.0,79.0
B000Z70WTC,78.0,,,78.0,78.0
B000Z89Q7K,,,,,5.0
B000Z8BMJ0,,,9.0,,
B000Z8ESKA,,,1283.0,,1283.0
B000Z8GT8E,3408.0,,3408.0,,3408.0
B000Z8GTA2,657.0,657.0,,657.0,657.0
B000Z8J6OI,,,,71.0,71.0
B000ZJEM3W,,,,46.0,
B000ZJJA0M,127.0,127.0,127.0,127.0,127.0
B000ZJO1YW,,,,,55.0
B000ZJO5BQ,,,,,40.0
B000ZK04PQ,14.0,,14.0,,14.0
B000ZK84V2,,,1764.0,1764.0,1764.0
B000ZLZMRA,2716.0,,2716.0,2716.0,2716.0
B000ZM2E4S,,,86.0,,86.0
B000ZOFWLS,160.0,160.0,160.0,160.0,160.0
B000ZOZZSS,,,,,4.0
B000ZPRI2I,,,,71.0,71.0
B000ZXB8YY,,,,134.0,
B000ZXB94I,45.0,,,45.0,
B001035HY0,,,,,3.0
B0010BBK8Y,,,,16.0,16.0
B0010E85TS,181.0,181.0,181.0,,181.0
B0010FGGG6,1352.0,1352.0,,,1352.0
B0010LAYIG,,,,256.0,256.0
B0010LIYNS,,,1309.0,,1309.0
B0010MGNK8,294.0,294.0,294.0,294.0,294.0
B0010OGX9C,,,,24.0,24.0
B0010OKF7S,11094.0,11094.0,11094.0,11094.0,11094.0
B0010P6D28,1430.0,1430.0,1430.0,1430.0,1430.0
B0010TOZ5Q,,,70.0,70.0,70.0
B0010XGWPI,7.0,,,,
B0010ZEVEA,,,,,49.0
B0010ZPB6M,,,,,1352.0
B0010ZWHIM,,,31.0,,31.0
B0011002YW,,2378.0,,2378.0,2378.0
B0011045AY,,10.0,,,10.0
B00110ML4Q,,,,,361.0
B00110OKKE,,,,292.0,
B00110Q8FO,,,135.0,135.0,135.0
B00110Q92Q,,37.0,,,
B00110S21M,354.0,354.0,354.0,354.0,354.0
B00110S226,47.0,,,,47.0
B00110S3FM,,,,90.0,90.0
B00112BJRE,,,,56.0,
B00112RH98,1911.0,1911.0,1911.0,1911.0,1911.0
B00115YBVW,491.0,491.0,491.0,491.0,491.0
B00116628G,,,,25.0,25.0
B001181P1I,,,,,66.0
B001181W7K,127.0,127.0,127.0,127.0,127.0
B001183V8I,,,,,4.0
B00118RJIQ,,,,247.0,247.0
B0011FKM42,45.0,,,45.0,45.0
B0011FQBO2,,208.0,,208.0,208.0
B0011FRP4C,,,,,102.0
B0011NMLAC,,,,,2579.0
B0011NMOL8,,,7.0,,
B0011NO9FW,189.0,189.0,189.0,189.0,189.0
B0011NPBJ0,5861.0,,,5861.0,5861.0
B0011NR3EQ,18.0,18.0,18.0,18.0,18.0
B0011TM75U,,,,8.0,8.0
B0011TN93E,,,600.0,,600.0
B0011U19PI,9227.0,9227.0,,,9227.0
B0011YDNUS,,,35.0,,35.0
B0011ZJHY8,,,244.0,244.0,244.0
B0011ZLXAE,,,,151.0,151.0
B0011ZPEO0,,,,,4.0
B0011ZV1LU,,,,,833.0
B00120IJSC,,,,,22046.0
B00120MFG4,,,,22046.0,22046.0
B00120MFGY,22046.0,22046.0,,22046.0,22046.0
B00120RRYO,105.0,,105.0,105.0,105.0
B00120UH4G,,,,,28.0
B00123ZM7A,,36.0,36.0,,36.0
B001242JU2,,,144.0,144.0,144.0
B001242VZA,,,,,81.0
B001246MNC,,,,,315.0
B00124CQUA,,,,240.0,240.0
B00128789U,,,,,92.0
B00128793U,,,,,11.0
B001287L7Y,,,,,17.0
B001288CBI,,,,,77.0
B001288CCW,,,,,2.0
B001288CFO,,,77.0,,
B001288K5G,,,,,1.0
B001288MV8,,,,,44.0
B001288YEI,,,,,29.0
B001288YY8,,,,,1.0
B00128ANAQ,,,,,92.0
B00128AT96,,,29.0,,
B00128CS4U,,,93.0,,93.0
B00128F572,,,,41.0,41.0
B0012BYN18,1650.0,,,1650.0,1650.0
B0012C4IKS,,,2450.0,2450.0,2450.0
B0012DTZQY,,,,50.0,50.0
B0012E7AO2,19.0,,,,19.0
B0012FCGX6,2580.0,,2580.0,2580.0,2580.0
B0012FE076,7963.0,7963.0,7963.0,7963.0,7963.0
B0012H31BU,,,10.0,10.0,
B0012H6Y28,,,153.0,153.0,153.0
B0012HEW2C,11.0,,,11.0,
B0012HJHRC,223.0,223.0,223.0,223.0,223.0
B0012HPB5E,,,,25.0,25.0
B0012ILUC6,396.0,396.0,396.0,396.0,396.0
B0012J7C90,,,,,13838.0
B0012JK7OM,802.0,802.0,802.0,,802.0
B0012KOIGE,42.0,,,,
B0012KX1YO,,,,,188.0
B0012MY3IK,,2017.0,,,2017.0
B0012MYPP6,,,,,12.0
B0012OR2CC,,,335.0,,335.0
B0012QX350,,,785.0,785.0,
B0012R3SH2,,,785.0,,785.0
B0012RQX3S,,,,,86.0
B0012RQZGS,,,1639.0,,1639.0
B0012RSQS8,,,,,28.0
B0012RST8K,467.0,467.0,467.0,467.0,467.0
B0012RUS34,,,,,14256.0
B0012RWK5I,,30.0,,,30.0
B0012RXO62,,,,,15.0
B0012SI2EU,,,108.0,108.0,108.0
B0012T7RNG,,,,,197.0
B0012UX11W,,,,,16.0
B0012UX586,1204.0,1204.0,1204.0,1204.0,1204.0
B0012V05VK,,,,,100.0
B0012V3Y54,,117.0,,117.0,117.0
B0012X3YK2,,,7876.0,7876.0,7876.0
B0012X3YPW,14460.0,,,14460.0,14460.0
B0012X3YZC,,,1476.0,1476.0,1476.0
B0012X5RX4,466.0,466.0,,466.0,466.0
B0012X5SX8,,,,,151.0
B0012X8NYO,8039.0,8039.0,8039.0,8039.0,8039.0
B0012XI524,,,,,293.0
B0012XI72M,504.0,504.0,504.0,504.0,504.0
B0012XK7U2,,293.0,,,293.0
B0012XLTY0,,,,,610.0
B0012XM8MC,77.0,77.0,77.0,77.0,77.0
B0012XM8X6,82.0,,82.0,,82.0
B0012XO2W6,,,,1220.0,1220.0
B0012XQ25G,,,,,60.0
B0012Z32DY,,,,3501.0,
B0012ZK9SK,,,,,5.0
B0012ZKEGW,,,,,11.0
B0012ZQCHM,,,,,19.0
B0012ZRV6I,,,,,14.0
B0012ZUS6S,,,,,14.0
B001303ZVW,5.0,,,,
B0013041HE,,,22.0,,22.0
B0013041JC,,,,,11.0
B00131Y696,,,,,92.0
B00132865K,,,,,453.0
B00132AI1K,937.0,937.0,937.0,937.0,937.0
B00132CESU,290.0,,,,290.0
B00132DZPG,,,82.0,,82.0
B00132FF9U,,,,,453.0
B00132FPFY,523.0,523.0,523.0,523.0,523.0
B00132H3UE,,1226.0,1226.0,1226.0,1226.0
B00132O442,278.0,278.0,278.0,278.0,278.0
B001331ZX4,313.0,,,313.0,313.0
B001344WOM,,27.0,,,27.0
B001347398,,,,,27.0
B001348KZY,,,,,27.0
B001348VT4,,,,,135.0
B00134FX1I,,,,,135.0
B00135G668,,,,,138.0
B00135P05Q,,,657.0,657.0,
B001377JEY,154.0,,,154.0,154.0
B00138X0GE,11378.0,11378.0,11378.0,11378.0,11378.0
B00138Y8NI,347.0,347.0,347.0,347.0,347.0
B00138Y8TW,261.0,,261.0,261.0,261.0
B001390336,6770.0,,,6770.0,
B001390AU2,123.0,123.0,,,123.0
B001392DMK,84.0,,,84.0,84.0
B0013934XW,10858.0,,,10858.0,10858.0
B00139353Q,8857.0,8857.0,8857.0,8857.0,8857.0
B0013945XU,,2363.0,2363.0,2363.0,2363.0
B00139461Q,,,,,117.0
B001395GCO,,,,102.0,102.0
B00139CT4M,,,,,262.0
B0013A6NFM,,,,,1207.0
B0013B53DY,,,160.0,,160.0
B0013BUGAY,,,,,88.0
B0013E65HO,,,,,34.0
B0013E7ZD2,,31.0,,31.0,31.0
B0013EB72M,,,12397.0,,
B0013EF2DC,,,18.0,,18.0
B0013EF2G4,,,,,66.0
B0013EF31I,,,,,47.0
B0013EF3OK,,,,,129.0
B0013EGS4O,,,,,27062.0
B0013EGTMA,,33.0,33.0,33.0,33.0
B0013EGUT2,150.0,150.0,150.0,,150.0
B0013EGV3C,,,,,192.0
B0013EKQUQ,6403.0,6403.0,6403.0,6403.0,6403.0
B0013EKXFO,,,,84.0,84.0
B0013EMN02,,,,,30.0
B0013F7J78,,50.0,,,
B0013FFYXE,,,,,65.0
B0013FKSIA,,,307.0,307.0,307.0
B0013FM2V6,,,,,25.0
B0013FS4XQ,,,,,1140.0
B0013FVKUU,,,1140.0,,
B0013G8ILS,,,,,79.0
B0013G8INQ,,,,,528.0
B0013IH1QY,,,,,7918.0
B0013IJ89M,7918.0,,,,7918.0
B0013IZZEY,,,139.0,139.0,139.0
B0013J8ARW,249.0,,249.0,249.0,249.0
B0013K7ZJK,,,,,14.0
B0013L94NE,3912.0,3912.0,3912.0,3912.0,3912.0
B0013LZHUS,690.0,690.0,690.0,690.0,690.0
B0013MVZRQ,1469.0,,1469.0,1469.0,1469.0
B0013MVZSA,,,1469.0,,
B0013MW1CO,,105.0,105.0,105.0,105.0
B0013MXNYO,,24.0,24.0,24.0,24.0
B0013MXPCY,8.0,,,,8.0
B0013MXPEM,,,,11.0,11.0
B0013N09OU,4.0,,4.0,,
B0013N0BQ6,,7.0,,,
B0013N0BQG,,,,,4.0
B0013N1RQ4,,,,,4.0
B0013P1C0S,,,13.0,,
B0013PK9AW,,,2116.0,,
B0013QPXWA,,,,,699.0
B0013T2KGE,,5.0,,,
B0013T42J2,56.0,,56.0,,56.0
B0013TN7T8,,,57.0,57.0,57.0
B0013TZ016,,32528.0,32528.0,32528.0,32528.0
B0013U09P2,,,,,32528.0
B0013V5MGW,27062.0,27062.0,27062.0,27062.0,27062.0
B0013V8Z48,657.0,,657.0,,657.0
B0013VY4AM,6663.0,6663.0,6663.0,6663.0,6663.0
B0013VYNG2,3.0,,,,
B0013YQ2H2,1979.0,1979.0,1979.0,1979.0,1979.0
B0013YU2IM,,,,77.0,
B0013YYIEQ,685.0,685.0,,685.0,685.0
B0013Z1P0A,3593.0,3593.0,3593.0,3593.0,3593.0
B00140QXE2,148.0,,,,148.0
B00141FB9E,140.0,,140.0,140.0,140.0
B00141FB9Y,,27.0,27.0,27.0,27.0
B00141QOZ4,47.0,,,47.0,47.0
B00141XJJS,,,,,86.0
B00143V3US,,,,547.0,547.0
B00144I6L6,,,,,23.0
B00144JWGE,,,,,1.0
B00144JWHI,,,,,3.0
B00144LBKY,,,,,10.0
B00144N8VO,,,,,13.0
B00147QL4M,,,,59.0,59.0
B00147QL4W,,1370.0,1370.0,1370.0,1370.0
B00147QL8S,9324.0,9324.0,9324.0,9324.0,9324.0
B00149NUO4,16092.0,,16092.0,16092.0,16092.0
B00149RO2S,88.0,88.0,,88.0,88.0
B0014B93HU,,341.0,,341.0,341.0
B0014BIRGI,2579.0,2579.0,2579.0,2579.0,
B0014DGOJI,,,,,275.0
B0014DYD46,573.0,573.0,,573.0,573.0
B0014DYEAE,,,188.0,188.0,188.0
B0014E2Q8K,1761.0,1761.0,1761.0,1761.0,1761.0
B0014E8I5K,79.0,,79.0,79.0,79.0
B0014F812E,243.0,243.0,243.0,,243.0
B0014FBLDK,,,1764.0,1764.0,1764.0
B0014FD7SW,1479.0,1479.0,1479.0,1479.0,1479.0
B0014FDBR4,,,,,26.0
B0014JR2OS,,,,,437.0
B0014JWKFE,,,12.0,,
B0014JWKJ0,,,,,64.0
B0014JWNME,,,,,62.0
B0014JXVR0,180.0,180.0,180.0,180.0,180.0
B0014K90S8,,,165.0,165.0,165.0
B0014M5S14,,,7.0,,
B0014TF8DU,,,,,46.0
B0014TMHBG,,,60.0,,60.0
B0014TPYKM,,,,,10.0
B0014UCSVY,8685.0,8685.0,8685.0,8685.0,8685.0
B0014YC61C,,,,399.0,399.0
B00150GP3U,2848.0,2848.0,2848.0,2848.0,2848.0
B00150NTJ8,10265.0,10265.0,10265.0,10265.0,10265.0
B00150UO5K,,15938.0,15938.0,15938.0,15938.0
B00152A0OI,1199.0,1199.0,1199.0,1199.0,1199.0
B00152S1IK,185.0,,185.0,185.0,185.0
B001543FF2,2535.0,,2535.0,2535.0,2535.0
B001545T6K,,155.0,155.0,,155.0
B0015476RU,,,311.0,311.0,311.0
B00154XM4Q,3639.0,,3639.0,3639.0,3639.0
B00158OO1M,,,,,46.0
B00158UZA6,102.0,102.0,102.0,102.0,102.0
B0015AA1L2,1911.0,1911.0,1911.0,1911.0,1911.0
B0015AATBY,,,,,6.0
B0015B0BAM,,,,,115.0
B0015B2BZ0,,,42.0,,42.0
B0015B8456,,,,,24.0
B0015E5R8A,,,,,159.0
B0015FQOJK,,,,67.0,67.0
B0015FSH8Q,68.0,,,,68.0
B0015FTULY,,,,,302.0
B0015FW020,119.0,,,119.0,119.0
B0015G9EGY,4391.0,4391.0,4391.0,4391.0,4391.0
B0015GA1CK,,,,,6.0
B0015GEMSE,4391.0,4391.0,4391.0,4391.0,4391.0
B0015HXZ36,,,,,86.0
B0015KKTSW,,,817.0,,817.0
B0015KKU72,,,,,61.0
B0015KMPXE,,,243.0,,243.0
B0015KOT3I,,,,,103.0
B0015L5E9K,,,,,14.0
B0015LCFTC,533.0,533.0,533.0,533.0,533.0
B0015LMRA4,,,71.0,71.0,71.0
B0015MU08O,,,4.0,,
B0015MU098,,,,37.0,
B0015PYQ18,,,,9.0,
B0015Q0RP6,,,,,13.0
B0015Q0VCA,2943.0,2943.0,2943.0,2943.0,2943.0
B0015QIVRC,,,17.0,,
B0015QTA3G,,,,5944.0,5944.0
B0015R255A,1304.0,,1304.0,,1304.0
B0015SBOLU,1797.0,1797.0,1797.0,1797.0,1797.0
B0015UQ66G,,,,,7.0
B0015UUOGO,,,,,4.0
B0015UVN0K,,,,39.0,39.0
B0015UVN82,,,,,9.0
B0015VIKZ0,55.0,,55.0,55.0,55.0
B0015VJK8Q,,,8.0,,
B0015VJKW2,,37.0,37.0,37.0,37.0
B0015VN6V8,,67.0,,67.0,67.0
B0015VP9VS,,,,,15.0
B0015XTIU4,,151.0,,,151.0
B0015XUUF6,,,,182.0,182.0
B0015XUUG0,58.0,58.0,,,58.0
B0015XWPIQ,,,,,219.0
B0015XWPM2,,,122.0,122.0,122.0
B0015XWV58,2.0,,,,
B0015YSNUE,413.0,413.0,413.0,413.0,413.0
B0015YV946,,,,,6457.0
B0015Z2X90,,,,927.0,927.0
B0015Z2XD6,2103.0,2103.0,2103.0,2103.0,2103.0
B0015Z2XE0,107.0,,107.0,107.0,
B0015Z3FE2,,258.0,258.0,258.0,258.0
B0015Z52JS,194.0,194.0,194.0,194.0,194.0
B0015Z52SY,,,70.0,70.0,70.0
B0015Z531A,,635.0,635.0,635.0,635.0
B0015Z532O,209.0,209.0,209.0,209.0,209.0
B0015Z8RQI,,2603.0,2603.0,,2603.0
B0015Z9096,467.0,467.0,467.0,467.0,467.0
B0015Z90AA,711.0,711.0,711.0,711.0,711.0
B0015Z90GY,,,68.0,68.0,68.0
B0015Z90J6,184.0,184.0,,,184.0
B0015Z90NC,,3175.0,,,3175.0
B0015ZAFBI,,358.0,358.0,,358.0
B0015ZAO3C,324.0,,,324.0,324.0
B0015ZAO6E,1520.0,1520.0,1520.0,1520.0,1520.0
B0015ZAOBY,,168.0,,,168.0
B0015ZAOGO,682.0,682.0,682.0,682.0,682.0
B0015ZAOLY,470.0,470.0,470.0,470.0,470.0
B0015ZC0W0,388.0,,388.0,,388.0
B0015ZC0ZM,,,,,584.0
B0015ZC124,721.0,721.0,721.0,721.0,721.0
B0015ZC13I,3821.0,3821.0,3821.0,3821.0,3821.0
B0015ZC1AQ,,334.0,334.0,334.0,334.0
B0015ZC1CY,713.0,713.0,713.0,713.0,713.0
B0015ZC1FG,2046.0,2046.0,2046.0,2046.0,2046.0
B0015ZC1G0,,,,,362.0
B0016191HU,1495.0,1495.0,1495.0,,1495.0
B00161HWJ4,,,,,939.0
B00161KXKE,30.0,,,,30.0
B00164BK4E,,,88.0,,88.0
B00165FRHE,,,,,630.0
B00166M14A,241.0,241.0,241.0,241.0,241.0
B00166PSOU,,,,,30.0
B00166PSR2,,,,,48.0
B00167RR7U,39.0,,,,39.0
B00167RUTA,,,,,110.0
B00167ZEFC,,,,,29.0
B001683VQK,,,48.0,,48.0
B00168GY2I,,22.0,,,
B0016A18YU,,97.0,,97.0,97.0
B0016A4TF0,,,,,81.0
B0016A7CHW,,148.0,148.0,,148.0
B0016A7D8K,,99.0,99.0,,99.0
B0016A7QNC,,,,,357.0
B0016A8OIS,,132.0,,,132.0
B0016FXN6Q,,,177.0,177.0,177.0
B0016G0CS2,,,,1476.0,1476.0
B0016GTBQ6,,,,,15.0
B0016H8U2G,,,,,16.0
B0016HJV10,,,,,102.0
B0016HOU4S,,,,,102.0
B0016HPWAY,,,,,8.0
B0016JAK40,,,,,418.0
B0016JDYDY,203.0,,203.0,,203.0
B0016JNQYG,,,,,286.0
B0016KTQ0I,3285.0,3285.0,3285.0,3285.0,3285.0
B0016KVFJI,53.0,,,53.0,
B0016KVHCS,15.0,,,,
B0016KVLKQ,,,,58.0,
B0016KWWW2,,1204.0,1204.0,1204.0,1204.0
B0016KWZ2E,1718.0,1718.0,1718.0,1718.0,1718.0
B0016KWZ92,1921.0,1921.0,1921.0,1921.0,1921.0
B0016KX17C,30.0,,,,
B0016KYYAK,,,,56.0,56.0
B0016LJ4OA,,,,,7.0
B0016LOPG2,675.0,,,,675.0
B0016LTX6E,,,,,347.0
B0016LTZD0,,,27598.0,,27598.0
B0016P32VM,,,,,15.0
B0016Q03IG,,,,,57.0
B0016Q2604,135.0,,,,135.0
B0016QYRU6,,,,,202.0
B0017092KQ,,,,,65.0
B00170BJCA,,91.0,,,91.0
B00170BJD4,,,217.0,217.0,217.0
B00170BJDY,,233.0,,233.0,233.0
B001716TJM,,,,,508.0
B00171D9J0,,,43.0,43.0,43.0
B00172BIFG,,,,,713.0
B00172BIM4,,,,,248.0
B00172BIPG,1021.0,,,,1021.0
B00172BIYM,,,635.0,,635.0
B00172BJ1O,,,,362.0,362.0
B00172BJ3W,3821.0,3821.0,,3821.0,3821.0
B00172BJ64,55.0,,,,55.0
B00172BJ7I,,,,87.0,
B00172BJOQ,,,,,37.0
B00172BK0Y,,,97.0,,97.0
B00172DINQ,,,136.0,136.0,136.0
B00172DIPE,,,,,60.0
B00172DIS6,,,,36.0,36.0
B00172DIUO,,,,134.0,134.0
B00172DJ08,,,114.0,,114.0
B00172DJ4E,,,,,194.0
B00172DJ7Q,,,248.0,,248.0
B00172DJF8,710.0,,,710.0,710.0
B00172DJGC,,88.0,,,88.0
B00172DJK8,,57.0,,,
B00172DJNK,,87.0,87.0,87.0,87.0
B00172DJWQ,,,68.0,,68.0
B00172F9HO,4688.0,4688.0,4688.0,4688.0,4688.0
B00172F9JM,,,,,136.0
B00172F9PQ,,,,,388.0
B00172F9RE,,,,,470.0
B00172F9T2,,,,,130.0
B00172FAAU,,,,,88.0
B00172FAGY,168.0,,168.0,,
B00172FAPU,68.0,,,68.0,68.0
B00172FB1I,,,,,97.0
B00172GKX6,1711.0,,,1711.0,1711.0
B00172GLDU,,4984.0,,4984.0,4984.0
B00172GLG2,,152.0,152.0,,152.0
B00172GLJ4,,,,,584.0
B00172GLQW,,,55.0,,
B00172GLZI,,5835.0,,5835.0,5835.0
B00172GLZS,105.0,,,105.0,105.0
B00172GM6Q,,184.0,,184.0,184.0
B00172GM7U,,,,,62.0
B00172GM98,,,,,62.0
B00172GMCU,,,,334.0,334.0
B00172I5IE,169.0,169.0,169.0,169.0,169.0
B00172I5O8,,,,,79.0
B00172I5U2,116.0,,,116.0,116.0
B00172I5ZM,2046.0,,,,2046.0
B00172I5ZW,788.0,788.0,,788.0,788.0
B00172IEFI,,,,60.0,
B00172IEL2,,,,134.0,134.0
B00172IENU,130.0,,,130.0,130.0
B00172IES0,98.0,98.0,,,98.0
B00172IEU8,62.0,,,,
B00172IEVM,,,62.0,,62.0
B00172IEXU,529.0,529.0,529.0,529.0,529.0
B00172IEYY,,,,,529.0
B00172IFAC,,,,57.0,57.0
B00172IFG6,,,,,16.0
B00172IFOI,,,,37.0,
B00172IFQG,,,,,101.0
B00172IFT8,43.0,,,,
B00172JYIY,564.0,,564.0,564.0,564.0
B00172JYKW,,269.0,269.0,269.0,269.0
B00172JYM0,476.0,476.0,476.0,476.0,476.0
B00172JYQ6,39.0,39.0,,,
B00172LM6Q,,,,,37.0
B00172LM8O,,180.0,180.0,180.0,180.0
B00172LMCU,,,43.0,,43.0
B00172LMES,,,,144.0,144.0
B00172LMHA,308.0,,308.0,308.0,308.0
B00172LMNO,186.0,,186.0,,186.0
B00172M9Q8,986.0,986.0,986.0,986.0,986.0
B00172MB34,,,,,114.0
B00172NN22,56.0,56.0,,56.0,56.0
B00172NN9K,,,,,3.0
B00172NNDQ,197.0,,197.0,197.0,197.0
B00172NNEK,,,118.0,,118.0
B00172NNEU,,,,,927.0
B00172NNIG,,,927.0,927.0,927.0
B00172NNL8,,,6.0,,
B00172NNNQ,,,,,24.0
B00172O9NO,60672.0,60672.0,60672.0,60672.0,60672.0
B00172PBWC,181.0,,,181.0,181.0
B00172PBY0,,38.0,,,38.0
B00172PBZO,,,,,135.0
B00172PC1M,,,42.0,,42.0
B00172PC2G,,,,,61.0
B00172PC2Q,,,27.0,27.0,27.0
B00172PC3A,,,,,3175.0
B00172PC3U,,,,,18.0
B00172PC7G,601.0,601.0,601.0,601.0,601.0
B00172PC80,344.0,344.0,344.0,,344.0
B00172PC9E,,,,,31.0
B00172VUWW,107.0,107.0,107.0,,107.0
B00172WFZI,,,,,24.0
B00172XUZC,,354.0,,354.0,354.0
B00175S7JS,,,,136.0,136.0
B00175S7R0,,,,259.0,259.0
B00175S7T8,,,,,224.0
B00175U4KS,251.0,,,,251.0
B00175U4L2,,1059.0,,1059.0,1059.0
B00175W39S,617.0,617.0,,617.0,617.0
B00175W3HK,,,2934.0,2934.0,2934.0
B00175YVOS,1233.0,1233.0,1233.0,1233.0,1233.0
B00176B9JC,4790.0,4790.0,4790.0,4790.0,4790.0
B00176SJPY,1449.0,1449.0,1449.0,1449.0,1449.0
B00176X9TU,,,,16.0,16.0
B00178SOCA,1137.0,1137.0,1137.0,1137.0,1137.0
B00178T4EW,8685.0,8685.0,8685.0,8685.0,8685.0
B00178TVXG,28496.0,28496.0,28496.0,28496.0,28496.0
B00178VX50,1140.0,1140.0,1140.0,1140.0,1140.0
B0017DI8QM,11094.0,11094.0,11094.0,11094.0,11094.0
B0017G53WG,,595.0,,595.0,595.0
B0017H09TC,,,63.0,63.0,63.0
B0017H09TM,,,,63.0,
B0017HT0NI,4161.0,4161.0,4161.0,4161.0,4161.0
B0017HTES4,,,,,7.0
B0017J7TRA,,,,,38.0
B0017JAYPY,66.0,,,66.0,
B0017JDUFA,3752.0,3752.0,3752.0,3752.0,3752.0
B0017JDUJG,29.0,,29.0,,
B0017JRE0W,1689.0,1689.0,1689.0,1689.0,1689.0
B0017KFLWY,,,,41.0,41.0
B0017M5UUA,,,,,37.0
B0017MSNAE,2046.0,2046.0,,2046.0,2046.0
B0017MWW24,8685.0,,8685.0,8685.0,8685.0
B0017MWW56,8685.0,8685.0,8685.0,8685.0,8685.0
B0017MZ0RS,,145.0,145.0,145.0,145.0
B0017MZ0T6,8685.0,8685.0,8685.0,8685.0,8685.0
B0017MZ190,8685.0,,8685.0,8685.0,8685.0
B0017N0OT6,,107.0,107.0,107.0,107.0
B0017N0P8Q,,,,8685.0,8685.0
B0017N0UKE,,,,4.0,
B0017N2DRC,8685.0,8685.0,8685.0,8685.0,8685.0
B0017N2E12,8685.0,8685.0,8685.0,8685.0,8685.0
B0017N2EA8,8685.0,,8685.0,8685.0,8685.0
B0017N2EBC,8685.0,8685.0,8685.0,8685.0,8685.0
B0017N44ZG,,58.0,,58.0,58.0
B0017QNGFC,,,,,137.0
B0017QQ0TQ,,,,,428.0
B0017QVEUG,2579.0,2579.0,2579.0,2579.0,2579.0
B0017QVEWO,3976.0,,,,3976.0
B0017QXF26,,,,,3976.0
B0017RD0KW,1952.0,1952.0,1952.0,1952.0,1952.0
B0017S2NUY,,,,,92.0
B0017SQHW4,,,,,35.0
B0017SR7FA,,,,,15.0
B0017SUG9O,,122.0,122.0,122.0,122.0
B0017SWIU4,31737.0,31737.0,31737.0,31737.0,31737.0
B0017SY63Q,,62.0,62.0,,62.0
B0017U3NBU,3663.0,3663.0,3663.0,3663.0,3663.0
B0017W6PU4,,,,60.0,60.0
B0017WJCVI,,,,,1.0
B0017WT49S,1569.0,1569.0,1569.0,1569.0,1569.0
B0017XABUI,,,,,37.0
B0017XE226,,,,,8.0
B0017XFSB0,,,,,47.0
B0017XH5WK,,,,,38.0
B00180VUS2,3597.0,3597.0,3597.0,3597.0,3597.0
B00180ZWDQ,1444.0,1444.0,1444.0,1444.0,1444.0
B00181YF3I,,,,,1092.0
B00183AEN6,,,255.0,,255.0
B00183AEOA,,255.0,,255.0,255.0
B00185PK38,,,,,23.0
B00185PK3S,,,,,81.0
B00187TQQ8,,,,,75.0
B00187X826,,,,,75.0
B00187X83K,,,,,75.0
B001888W76,17.0,,17.0,,17.0
B00188AQAC,,,,88.0,
B00188CH4A,88.0,88.0,88.0,,88.0
B00188DNDY,,88.0,88.0,,88.0
B00188DNHK,,,14.0,,14.0
B00188IFHS,933.0,933.0,933.0,933.0,933.0
B00188NVFE,,,,1469.0,1469.0
B001893360,,,267.0,267.0,267.0
B0018982XE,1069.0,1069.0,1069.0,1069.0,1069.0
B0018AEA5M,,,99.0,99.0,99.0
B0018AMJ96,301.0,301.0,301.0,301.0,301.0
B0018APVTG,,57.0,,,57.0
B0018BAU50,74.0,,,74.0,74.0
B0018BO7AO,1387.0,1387.0,1387.0,1387.0,1387.0
B0018BQ1WQ,,66.0,66.0,,66.0
B0018BQ5MW,88.0,88.0,88.0,,88.0
B0018BVINS,3102.0,3102.0,3102.0,3102.0,3102.0
B0018CBBPW,695.0,695.0,695.0,695.0,695.0
B0018CES1G,,,,93.0,93.0
B0018CS9FW,,,,,18.0
B0018DNGQI,,252.0,252.0,252.0,252.0
B0018DP2JW,354.0,354.0,354.0,354.0,354.0
B0018DR4SY,,,,,46.0
B0018DYHJS,,,,,352.0
B0018E9I9G,,112.0,,112.0,112.0
B0018JB9H0,,,,,92.0
B0018JB9HU,327.0,,,,327.0
B0018JEWHY,,405.0,405.0,,405.0
B0018JEWIS,185.0,,,,185.0
B0018JGU7Y,,,,,405.0
B0018JIWVG,,561.0,,,561.0
B0018L6V6C,9227.0,9227.0,9227.0,9227.0,9227.0
B0018MIJES,163.0,163.0,163.0,163.0,163.0
B0018Q31CO,1516.0,1516.0,1516.0,1516.0,1516.0
B0018Q6ZRW,74.0,74.0,74.0,74.0,74.0
B0018QXQWO,,,,72.0,
B0018QZDC0,,,,,2257.0
B0018R3GNC,,,,,8.0
B0018R4R94,,,,427.0,427.0
B0018R4RB2,,,,1941.0,1941.0
B0018RGL1G,,,16.0,,16.0
B0018S2L1Y,1044.0,1044.0,1044.0,1044.0,1044.0
B0018S2L3C,,1044.0,,,1044.0
B0018Y44ZY,279.0,279.0,279.0,279.0,279.0
B0018YZ7NW,384.0,384.0,384.0,384.0,384.0
B0018Z4DAE,2272.0,,2272.0,2272.0,2272.0
B0018Z5WJ0,11.0,,,11.0,11.0
B00190F5EG,,88.0,,88.0,88.0
B00190PSBG,,,3.0,3.0,
B001924AL8,,,,32528.0,32528.0
B00193VHC2,,,,,29.0
B00194Q7BC,12802.0,12802.0,12802.0,12802.0,12802.0
B00195HUF8,10.0,,,,
B00195LN2Y,16.0,,,,16.0
B0019647NU,284.0,,284.0,284.0,284.0
B001965S6A,,16.0,,16.0,
B001965UU4,1001.0,1001.0,1001.0,1001.0,1001.0
B00196B42W,383.0,383.0,,383.0,383.0
B00196YJEM,,,30.0,,30.0
B001971DG8,,19.0,,,
B00197EO1O,,,,,188.0
B00198KRL4,212.0,212.0,212.0,212.0,212.0
B0019902VS,,,26.0,26.0,26.0
B0019AA9YM,2754.0,2754.0,2754.0,2754.0,2754.0
B0019ADO7G,,,,5323.0,
B0019AETLQ,,,,,149.0
B0019BSLTQ,36.0,36.0,,36.0,36.0
B0019CH9VG,,,,,4.0
B0019CRGYQ,,,,94.0,94.0
B0019F6RX4,,,,,7.0
B0019FFD2U,,7.0,,,
B0019FG5R2,,,,51.0,51.0
B0019FUGO0,,,,41.0,41.0
B0019G50UO,231.0,,231.0,231.0,231.0
B0019GA4AK,,,119.0,,119.0
B0019H7Z38,,270.0,,270.0,270.0
B0019HYC6G,10826.0,10826.0,10826.0,10826.0,10826.0
B0019I342S,308.0,,,,308.0
B0019IU246,,,,,83.0
B0019IVEEI,2104.0,2104.0,2104.0,2104.0,2104.0
B0019J2IVK,,,,90.0,90.0
B0019JDCV0,93.0,93.0,93.0,93.0,93.0
B0019JF0OW,557.0,,557.0,557.0,557.0
B0019JF0Q0,,639.0,639.0,639.0,639.0
B0019JF0TM,,,,12.0,
B0019JH4Y6,28.0,,,28.0,28.0
B0019KK37U,,,,199.0,199.0
B0019L154O,,70.0,70.0,70.0,70.0
B0019LLEIG,2785.0,,,2785.0,2785.0
B0019LYCBM,,47.0,,47.0,47.0
B0019M1JFS,,,,,159.0
B0019R0V52,,262.0,262.0,262.0,262.0
B0019R4N1A,8.0,,,8.0,8.0
B0019UXQV0,,,,129.0,129.0
B0019UXS86,,,,234.0,234.0
B0019UZB68,,17891.0,17891.0,17891.0,17891.0
B0019V1KY4,104.0,,,,
B0019V3MA4,,,,203.0,
B0019V5JGY,,,,,13.0
B0019V5L6C,,,,,4.0
B0019W9DJW,,,,,14.0
B0019W9DNS,,,,,4.0
B0019WBCGY,,,,,11.0
B0019WCCN6,,17.0,,17.0,17.0
B0019WFVDY,,,,,1.0
B0019WFW42,,7.0,,7.0,
B0019WWXE4,,,,,309.0
B0019X2C3A,1378.0,1378.0,1378.0,1378.0,1378.0
B001A0MOZS,,,,1182.0,
B001A1NAQO,4671.0,4671.0,4671.0,4671.0,4671.0
B001A3S9AY,2775.0,2775.0,2775.0,2775.0,2775.0
B001A3W8QA,2775.0,2775.0,2775.0,2775.0,2775.0
B001A52T1M,,33.0,,,
B001A5W958,49.0,49.0,,,49.0
B001A7DMRK,,,23.0,,
B001A7WV0Y,,,,195.0,195.0
B001A7YCBK,,266.0,266.0,,266.0
B001A7YGQG,,,,,156.0
B001A7YGS4,,,,3673.0,3673.0
B001A7YGXE,,,,,31.0
B001A82DY2,,,,,471.0
B001A82DYC,,,,1749.0,
B001A8EFQ6,,,,,33.0
B001ABWMP4,,,,,13.0
B001ABYSFQ,102.0,102.0,102.0,102.0,102.0
B001ABYSG0,,,,2104.0,2104.0
B001AC0GLK,543.0,,,,
B001AC0HEG,,,,68.0,68.0
B001AC0HPK,,,,,38.0
B001AC1UNS,8685.0,,8685.0,8685.0,8685.0
B001AC1UTW,,8685.0,8685.0,8685.0,8685.0
B001AC1YT8,256.0,,256.0,256.0,256.0
B001AC3RQ6,,,,,8685.0
B001AGIKH8,,,,,1408.0
B001AGKDD2,4337.0,4337.0,4337.0,4337.0,4337.0
B001AH0H9G,,33.0,33.0,,33.0
B001AH233Y,4.0,4.0,,,
B001AH8PZY,684.0,684.0,684.0,684.0,684.0
B001AHLL2S,340.0,,,,
B001AHQ344,340.0,,340.0,340.0,340.0
B001AID7PQ,,,,,209.0
B001AIK434,78.0,78.0,,,78.0
B001AIM1O4,,365.0,,365.0,365.0
B001AIM1OE,,1197.0,,,1197.0
B001AIQ2M6,,1197.0,,,1197.0
B001AIRXR4,,,,,1197.0
B001AKLUBC,,,,,33.0
B001AKQD1E,,,33.0,,33.0
B001AMBAIS,369.0,369.0,369.0,369.0,369.0
B001AN0UTC,30.0,30.0,30.0,30.0,30.0
B001AO0WCG,34317.0,34317.0,34317.0,34317.0,34317.0
B001AQCR5O,,,14.0,,14.0
B001AQXCHG,,75.0,,,75.0
B001ARJGXY,52.0,,52.0,52.0,52.0
B001ARP2LY,1902.0,1902.0,1902.0,1902.0,1902.0
B001ARQWW2,2111.0,2111.0,2111.0,2111.0,2111.0
B001ARSVI0,2160.0,2160.0,2160.0,2160.0,2160.0
B001ASOD86,698.0,698.0,698.0,698.0,698.0
B001ASY0IO,42.0,,,,42.0
B001ATQXWY,3420.0,3420.0,3420.0,3420.0,3420.0
B001AULFT4,,,,,4457.0
B001AV8MLW,,409.0,409.0,409.0,409.0
B001AVAMZG,54.0,54.0,,54.0,54.0
B001AVNEQA,,185.0,185.0,185.0,185.0
B001AVWSLW,17891.0,17891.0,17891.0,17891.0,17891.0
B001AWUFUM,,,,,29.0
B001AXFE6G,,,,,6.0
B001AXJ796,,,9.0,9.0,
B001AXS4WC,,,,,19.0
B001AYBZPE,,,,,32528.0
B001AYFVAE,,,22.0,,
B001AYHNG4,5221.0,5221.0,5221.0,5221.0,5221.0
B001AZ01JE,1726.0,,1726.0,,1726.0
B001AZH7KA,4671.0,4671.0,4671.0,4671.0,4671.0
B001AZIY6Q,4337.0,4337.0,4337.0,4337.0,4337.0
B001AZJWEO,,,,,9.0
B001AZLZCG,,,,,1596.0
B001AZVRII,2492.0,,,2492.0,2492.0
B001AZXAOM,15.0,,,,
B001AZXB0A,37.0,37.0,,37.0,37.0
B001B0C5BA,,,,,12.0
B001B0TG1W,,,,,22.0
B001B1MYR4,,,,,96.0
B001B1MZ5U,2651.0,2651.0,,2651.0,2651.0
B001B1OBN4,6507.0,6507.0,6507.0,6507.0,6507.0
B001B1OPKS,,,,,7376.0
B001B1OVFM,,,,132.0,132.0
B001B1PAKC,,,,,20.0
B001B1SKRM,,,95.0,95.0,95.0
B001B1SVA8,33.0,,33.0,,33.0
B001B1TY1S,30.0,,,,30.0
B001B1TYDQ,,,45.0,45.0,45.0
B001B1TZOO,,282.0,,,282.0
B001B271Q2,88.0,,88.0,,88.0
B001B3P18Q,,,30.0,30.0,30.0
B001B4Z6EO,3671.0,,3671.0,3671.0,3671.0
B001B5AZWQ,,31.0,,31.0,31.0
B001B78F9E,,,,,2.0
B001B7I70G,,,,86.0,86.0
B001B7MAU4,122.0,,122.0,122.0,122.0
B001B8AAB4,,,28.0,,
B001B8B6BC,1436.0,,1436.0,,1436.0
B001B8CLUC,,,,,190.0
B001B9FFV8,,,,,80.0
B001B9G3B4,,22.0,,,
B001B9G6MA,,,,,37.0
B001B9I74U,271.0,,,,271.0
B001BBINZ6,135.0,,135.0,135.0,135.0
B001BBIOD2,,,,,62.0
B001BBOGCK,,46.0,,,
B001BBRVYK,,,1352.0,,1352.0
B001BBWJI8,,,,12.0,12.0
B001BBY7M4,,,227.0,,227.0
B001BDVOIC,,,,,2.0
B001BDVPOA,11501.0,11501.0,11501.0,11501.0,11501.0
B001BDYXY4,6790.0,6790.0,6790.0,6790.0,6790.0
B001BEHTIK,,,,,60.0
B001BEL7IS,,,,,891.0
B001BEMDJ0,891.0,,,891.0,891.0
B001BEOI8E,891.0,,,891.0,891.0
B001BHEE8K,38.0,38.0,,,38.0
B001BHGB8Q,1113.0,1113.0,1113.0,1113.0,1113.0
B001BHLPWS,,,,437.0,437.0
B001BJ5OHS,,,,,66.0
B001BL39ZK,57.0,57.0,,57.0,57.0
B001BNCQSY,,1812.0,1812.0,1812.0,1812.0
B001BNG5E0,,,2949.0,2949.0,2949.0
B001BNI6M4,718.0,718.0,718.0,,718.0
B001BQXPBS,,,,3360.0,3360.0
B001BQZFVQ,14.0,,14.0,,
B001BR4LCO,542.0,542.0,542.0,542.0,542.0
B001BS8FWU,,,32.0,,
B001BTN6LY,,,32.0,,32.0
B001BZEKJ0,40.0,,,40.0,40.0
B001BZIRGC,80.0,,,,80.0
B001C0W8QG,,,109.0,109.0,109.0
B001C2ZXZW,,,,7.0,
B001C7SPX4,13.0,,,,13.0
B001CBGGSQ,,,,,48.0
B001CCFOC4,,,,,7.0
B001CEKOOK,1195.0,1195.0,1195.0,1195.0,1195.0
B001CEKOZE,,,,1429.0,1429.0
B001CEMJN4,1345.0,,1345.0,,1345.0
B001CENUKU,280.0,,280.0,280.0,280.0
B001CENUN2,,520.0,,520.0,520.0
B001CENUPU,,,,,4975.0
B001CEPXKU,265.0,265.0,265.0,265.0,265.0
B001CERZ7E,1751.0,1751.0,1751.0,1751.0,1751.0
B001CERZ7O,,1345.0,1345.0,1345.0,1345.0
B001CGJSIQ,,,,5.0,
B001CGMK0O,,86.0,,,86.0
B001COTI10,,,,,820.0
B001COYPJA,7918.0,,,7918.0,7918.0
B001CQTLKG,,,,6.0,
B001CRTFI8,9227.0,,9227.0,9227.0,9227.0
B001CS3HOA,,,,,25.0
B001CSBHKQ,,,,,148.0
B001CSODK2,164.0,,164.0,,164.0
B001CSRPF2,,,,,1.0
B001CT04J0,1700.0,1700.0,1700.0,1700.0,1700.0
B001CT097M,,118.0,,118.0,118.0
B001CT098G,,,,,34.0
B001CT099A,,,,41.0,41.0
B001CT099K,,,,77.0,77.0
B001CT099U,39.0,,,39.0,39.0
B001CT09A4,83.0,,83.0,83.0,83.0
B001CT09O0,,63.0,,63.0,63.0
B001CT09Q8,29.0,,,,29.0
B001CTECAC,,,,3.0,
B001CTLCD2,1311.0,1311.0,1311.0,1311.0,1311.0
B001CTMEHK,100.0,,,100.0,
B001CWCIE6,42.0,,42.0,,42.0
B001CWD4BM,330.0,330.0,,,330.0
B001CWD9E4,,638.0,,,638.0
B001CWF2US,1238.0,1238.0,1238.0,1238.0,1238.0
B001CWH72E,1345.0,1345.0,1345.0,1345.0,1345.0
B001CWHR06,,,71.0,,71.0
B001CWJBM8,,,,,638.0
B001CY837U,227.0,227.0,,227.0,227.0
B001CY9J4Q,,35.0,,,35.0
B001CYIG18,,,,21.0,21.0
B001D06UW8,88.0,88.0,88.0,88.0,88.0
B001D0BH3K,1292.0,1292.0,1292.0,1292.0,1292.0
B001D0BJNI,,,1823.0,1823.0,1823.0
B001D0CDPG,,,,,16.0
B001D1IE7G,,430.0,,430.0,430.0
B001D38JSI,,,,,14.0
B001D4FF66,3270.0,3270.0,3270.0,3270.0,3270.0
B001D6HAAS,,,,,28.0
B001D74186,,,,156.0,156.0
B001D93QHQ,,,,798.0,798.0
B001D94NO6,,,,,529.0
B001D98FL8,,,,1751.0,1751.0
B001DAYWSC,,,26.0,,26.0
B001DB4ZDS,1749.0,1749.0,1749.0,1749.0,1749.0
B001DB6XE2,,,,12.0,
B001DB6Y7S,,,,,15.0
B001DCY9WY,,69.0,69.0,69.0,69.0
B001DDBQEC,,111.0,111.0,111.0,111.0
B001DDD9HY,,,,,3.0
B001DDGVEW,,,46.0,,46.0
B001DDM8SU,1457.0,1457.0,1457.0,1457.0,1457.0
B001DEPTQ2,81.0,,,,81.0
B001DERTSI,,,,,17.0
B001DJ9XPA,73.0,,73.0,73.0,73.0
B001DJCLE0,254.0,,,254.0,254.0
B001DJFUF2,780.0,780.0,780.0,780.0,780.0
B001DJHMXA,4161.0,,4161.0,,4161.0
B001DJNGX0,,,,,91.0
B001DK9QXI,606.0,606.0,606.0,606.0,606.0
B001DK9RQE,97.0,97.0,97.0,97.0,97.0
B001DKILAC,1888.0,1888.0,1888.0,1888.0,1888.0
B001DMQ6BG,4299.0,4299.0,4299.0,4299.0,4299.0
B001DNCF42,,,,,1.0
B001DPUNI0,,,,,13.0
B001DTZK0C,5238.0,5238.0,5238.0,5238.0,5238.0
B001DVP0JQ,,,,,22.0
B001DVYIVC,949.0,949.0,949.0,949.0,949.0
B001DXBQ9W,,,265.0,,
B001DYDFMC,,,,31.0,31.0
B001DYFFCU,465.0,,465.0,465.0,465.0
B001DYFGGU,,379.0,379.0,379.0,379.0
B001DYJ544,16092.0,16092.0,16092.0,16092.0,16092.0
B001DZDUJE,,,,,28.0
B001DZGYN8,,,,,28.0
B001E01EPU,2771.0,2771.0,2771.0,2771.0,2771.0
B001E23514,,,,18.0,18.0
B001E23YV0,,15.0,,15.0,15.0
B001E4KA9C,55.0,,,,
B001E51GY4,,1823.0,,1823.0,1823.0
B001E5J6SC,401.0,,,401.0,401.0
B001E631WS,,,,,16.0
B001E6EME4,,,,147.0,147.0
B001E6GO1S,,4277.0,,4277.0,4277.0
B001E6QUNK,,2688.0,2688.0,,2688.0
B001E6UHXY,,109.0,,109.0,109.0
B001E727YA,,,,,2.0
B001E8JIO6,,,,72.0,
B001ECJJ1E,,26.0,,26.0,26.0
B001ECTZNG,214.0,,214.0,214.0,214.0
B001EJOP9I,,5.0,,,
B001EPQ1J4,32.0,,,,32.0
B001EPQ1LC,,,,7.0,7.0
B001EPQ1LW,,,,,2271.0
B001ET6WKI,,,,,854.0
B001EWF0QM,,,,,16.0
B001EYFYNO,,,37.0,,37.0
B001EYGCZS,,695.0,695.0,695.0,695.0
B001EYGGIQ,,,,429.0,
B001EYHJRS,50.0,,,,50.0
B001EYIUE4,,88.0,,88.0,88.0
B001F0D11Y,483.0,483.0,,483.0,483.0
B001F0D13C,153.0,153.0,153.0,153.0,153.0
B001F0D1DW,,107.0,107.0,107.0,107.0
B001F7EJPE,417.0,417.0,417.0,417.0,417.0
B001F7J8RI,,,,,104.0
B001FBCLS2,2168.0,2168.0,2168.0,2168.0,2168.0
B001FCL8CQ,,,192.0,192.0,192.0
B001FNFVZK,1.0,,,,
B001FNG9QA,,,,24.0,
B001FNIGVQ,,,,,1110.0
B001FNNFD0,,1110.0,,1110.0,1110.0
B001FNOA5C,,,,,32.0
B001FNPJ5C,1110.0,1110.0,1110.0,1110.0,1110.0
B001FNRJKA,,,1110.0,1110.0,1110.0
B001FNXVVQ,,,,,1429.0
B001FO2GW0,,,1429.0,,1429.0
B001FO48EO,,,,,1429.0
B001FO6GIA,,1429.0,,1429.0,1429.0
B001FORIG4,,,,,11.0
B001FORJ7W,,141.0,,141.0,141.0
B001FORJ86,,286.0,286.0,,286.0
B001FORJ8G,,42.0,,,42.0
B001FORJXQ,3124.0,3124.0,3124.0,3124.0,3124.0
B001FORJYA,652.0,652.0,652.0,,652.0
B001FSDPWG,,3663.0,3663.0,,3663.0
B001FSNFNK,1579.0,,1579.0,1579.0,1579.0
B001FTA4NS,,,,20.0,20.0
B001FTASDY,,,44.0,44.0,44.0
B001FVD4VA,,,,13.0,
B001FVQIEK,377.0,,,377.0,377.0
B001FWXG3U,,599.0,,599.0,599.0
B001FWXHPM,,,278.0,,278.0
B001FWXHSE,,2377.0,,,2377.0
B001FWXHWA,249.0,,,,249.0
B001FWXIFG,,,,545.0,545.0
B001FWXISS,1007.0,1007.0,1007.0,1007.0,1007.0
B001FWXJQ4,3984.0,,3984.0,3984.0,3984.0
B001FXYHCS,2159.0,2159.0,2159.0,2159.0,2159.0
B001FYV0HM,2550.0,2550.0,2550.0,2550.0,2550.0
B001FYXA6G,11282.0,11282.0,11282.0,11282.0,11282.0
B001FYXAKW,2390.0,2390.0,2390.0,2390.0,2390.0
B001FYZAWS,,,,,801.0
B001G0MKZQ,,,,,9.0
B001G13VFI,,,,,3358.0
B001G31UWW,,,27062.0,27062.0,27062.0
B001G4W5K2,,,,,169.0
B001G5JL26,,,,,29.0
B001G5JT3W,,,,,28.0
B001G60E30,1188.0,,1188.0,1188.0,1188.0
B001G60E3K,1534.0,,1534.0,1534.0,1534.0
B001G60E4O,,,8.0,,8.0
B001G60E62,972.0,972.0,972.0,972.0,972.0
B001G60E76,,,,,9.0
B001G60EA8,,9.0,,,
B001G60EAI,1408.0,1408.0,1408.0,1408.0,1408.0
B001G60EDK,,38.0,38.0,,38.0
B001G60EE4,,,,,26.0
B001G60EEY,,,,,2.0
B001G60EGC,158.0,158.0,,,158.0
B001G60EGM,,,,15.0,15.0
B001G60EGW,928.0,928.0,928.0,928.0,928.0
B001G60EHG,91.0,91.0,,91.0,91.0
B001G60EI0,1880.0,1880.0,1880.0,1880.0,1880.0
B001G60EK8,9682.0,9682.0,9682.0,9682.0,9682.0
B001G60EM6,,,,37.0,
B001G60EMQ,1578.0,1578.0,1578.0,1578.0,1578.0
B001G60ENA,,,7.0,,7.0
B001G60EOE,,,,16.0,16.0
B001G60EW6,,,8.0,,8.0
B001G60EXU,,,,10.0,
B001G60F84,,,,,4.0
B001G60FB6,,,,,8.0
B001G60FBQ,,,,,4.0
B001G70U9M,,,,92.0,92.0
B001G73YQI,52.0,52.0,52.0,52.0,52.0
B001G7ONAO,2257.0,,2257.0,,2257.0
B001G7PLE6,226.0,226.0,226.0,226.0,226.0
B001G7PM22,,,,,9.0
B001G7PWM2,,,,,657.0
B001G7PY9S,1283.0,,,,1283.0
B001G8M35U,,,,41.0,41.0
B001G8M3BE,,,,,30.0
B001G8RWHE,,,,,3.0
B001G8VOXM,,1366.0,,1366.0,1366.0
B001G8W120,,,,72.0,72.0
B001G9022K,4975.0,,4975.0,,4975.0
B001G93TS4,24.0,,,24.0,24.0
B001G93YRU,,,,4975.0,4975.0
B001G94I1G,,,,,32.0
B001G9AJQY,,,,,36.0
B001G9B5J4,,40.0,40.0,40.0,40.0
B001G9BJ54,,,,1751.0,1751.0
B001G9CJO4,507.0,507.0,507.0,507.0,507.0
B001G9EDNY,,,,36.0,36.0
B001G9EIZM,508.0,,,508.0,508.0
B001G9GJKY,508.0,,508.0,,508.0
B001GAOUYK,,,,249.0,249.0
B001GAOUZ4,,2417.0,2417.0,,2417.0
B001GAOV0I,,43.0,,,43.0
B001GAOV1W,,,,,18.0
B001GAOV2G,2606.0,,2606.0,2606.0,2606.0
B001GAOV3A,116.0,,116.0,,116.0
B001GAOV3U,43.0,,,,43.0
B001GAOV4E,,,,,1.0
B001GAOV4Y,5.0,,,,
B001GAOV7G,,,,,3.0
B001GAOV9Y,2207.0,2207.0,2207.0,2207.0,2207.0
B001GAOVE4,,,,,15.0
B001GAOVEY,,,,,37.0
B001GAOVHG,,,,,1.0
B001GAOVJE,,,,,15.0
B001GAOVKS,,7.0,,,
B001GBMCW6,,,,,15.0
B001GBNMLG,,,,6.0,
B001GECYIU,,,,23460.0,23460.0
B001GEP8ZG,1650.0,,,,
B001GMTKCK,,178.0,178.0,178.0,178.0
B001GP7150,,,,41.0,
B001GPJR34,,,,,74.0
B001GRS0FI,,,,,1918.0
B001GRS9QS,1918.0,,1918.0,,1918.0
B001GSK74E,1.0,,,,
B001GSM6TS,,2066.0,,2066.0,2066.0
B001GSQ3YM,57.0,,,,57.0
B001GTK8P6,982.0,982.0,982.0,982.0,982.0
B001GWHSRO,,,,,13.0
B001GZRL3W,,,,,5283.0
B001H3JQ0E,,,,,3673.0
B001H6E1PG,,,,,13.0
B001H6FI58,,,,,2.0
B001HBFAC4,,,,11.0,11.0
B001HBL9OW,,,,,33.0
B001HBL9R4,,,,116.0,116.0
B001HBR0VI,,,,,4.0
B001HJY5VS,,,,197.0,197.0
B001HL68Z2,,1429.0,1429.0,1429.0,1429.0
B001HL7I9C,4790.0,4790.0,4790.0,4790.0,4790.0
B001HLA6YG,242.0,242.0,,242.0,242.0
B001HX39VQ,,,49.0,49.0,49.0
B001I4THJM,,,,,510.0
B001I4V34E,,97.0,97.0,97.0,97.0
B001I4WGHM,,,97.0,,97.0
B001I4YQH0,,,,97.0,97.0
B001I4YU76,,,,,97.0
B001I510AU,,,,,71.0
B001I6N8YU,,,,,23.0
B001I6PTQA,195.0,195.0,195.0,195.0,195.0
B001I82I12,,254.0,,,
B001I82LJG,48.0,,,48.0,48.0
B001I83RHG,23.0,,,,23.0
B001I83RJE,,,10.0,,10.0
B001I9KT94,,,,,12.0
B001IANG8Y,,136.0,136.0,136.0,136.0
B001IBAK0A,,,,8.0,
B001IE46QG,,,7.0,7.0,
B001IE607Y,,,,,21.0
B001IFV91A,,,,886.0,
B001IFX9HC,,21368.0,21368.0,21368.0,21368.0
B001IHYAI2,3109.0,3109.0,3109.0,3109.0,3109.0
B001IIDOCY,,,,,36.0
B001ILODXK,249.0,249.0,249.0,249.0,249.0
B001ILUF5A,,,,,36.0
B001IQ35X4,,,,120.0,120.0
B001IQ7K6C,,,,,4790.0
B001IS2RPY,,,51.0,51.0,51.0
B001IWJD70,91.0,91.0,91.0,91.0,91.0
B001IY0YOO,498.0,,498.0,,498.0
B001J43KM6,,,,,798.0
B001J4FU38,,,,,253.0
B001J4PT34,,,,,91.0
B001J6O6AE,,120.0,,120.0,120.0
B001J835RM,17.0,,17.0,,17.0
B001J85O26,,,,,20.0
B001JB7390,,,,,1467.0
B001JCX8SE,,,,,44.0
B001JDY4K4,,30.0,30.0,,30.0
B001JGQQP2,,,,,13838.0
B001JHEY14,6719.0,6719.0,6719.0,6719.0,6719.0
B001JHJ928,,445.0,445.0,,445.0
B001JNDGU8,,166.0,,,166.0
B001JP9164,,,,67.0,67.0
B001JPAXIO,,,,,21.0
B001JQB6FM,2535.0,2535.0,2535.0,2535.0,2535.0
B001JQB6NE,,57.0,,,57.0
B001JQD0WY,,,13.0,,13.0
B001JQFE0A,,,,75.0,75.0
B001JQFE0U,,,,,15.0
B001JZ5PZA,,1076.0,,1076.0,1076.0
B001K3A6DM,,,2590.0,2590.0,2590.0
B001K9X9W6,362.0,,362.0,362.0,362.0
B001KN9ZNO,,145.0,,145.0,
B001KOH13E,,,362.0,,362.0
B001KOTQQ4,,,,1004.0,1004.0
B001KQ3E4M,556.0,,,556.0,556.0
B001KQ6PZ2,,,2.0,,2.0
B001KT4RKE,,,66.0,,66.0
B001KU8OSY,,,,,7.0
B001KVOHXO,,,,,279.0
B001KWW4YM,328.0,328.0,,328.0,328.0
B001KXX2VK,,,,,71.0
B001KY3KBG,,,,,77.0
B001KYO1B4,106.0,106.0,106.0,106.0,106.0
B001KYOCTK,17891.0,17891.0,17891.0,17891.0,17891.0
B001KYOIVM,532.0,532.0,532.0,532.0,532.0
B001KYQ6QM,1004.0,1004.0,1004.0,1004.0,1004.0
B001KYRMEC,,,785.0,785.0,785.0
B001KYTYH0,1004.0,1004.0,1004.0,1004.0,1004.0
B001KYTZBU,244.0,244.0,244.0,244.0,244.0
B001KYU8KM,1457.0,1457.0,1457.0,1457.0,1457.0
B001KYUB2W,,,,,282.0
B001KYW4OK,6457.0,,,6457.0,6457.0
B001KZ3MNG,88.0,88.0,,,88.0
B001KZ90F0,88.0,,,,88.0
B001KZG4WM,,,542.0,542.0,542.0
B001L11ODO,,,,,60.0
B001L11UGU,,,13.0,,13.0
B001L11UPG,,,,14.0,
B001L2KIO4,138.0,,,,138.0
B001L2U61E,,,,9911.0,
B001L3Y5F6,,,,,6.0
B001L9MKQQ,,,,,14.0
B001LEPC9I,,,,,79.0
B001LFCHI6,,576.0,576.0,576.0,576.0
B001LFJMGG,,,,3292.0,3292.0
B001LFKSV4,395.0,,,,395.0
B001LFNV7W,,,,774.0,
B001LITXVW,359.0,359.0,359.0,359.0,359.0
B001LJJQ7C,,,,80.0,80.0
B001LMABIW,,,,11.0,
B001LNTNGC,781.0,781.0,781.0,781.0,781.0
B001LQH8WA,,,139.0,139.0,139.0
B001LQJBUW,1269.0,1269.0,1269.0,1269.0,1269.0
B001LQJBXE,,,,,254.0
B001LQJC24,,,,,110.0
B001LQL9AC,,,,1269.0,1269.0
B001LQL9AW,125.0,,,,
B001LYAQ8K,,,174.0,,174.0
B001LYI4O8,,,,,26.0
B001LYJRCG,,,,,61.0
B001M2CZO4,6.0,,,,
B001M48W6W,,,,,1194.0
B001M5D8AQ,,,,,20.0
B001M5F48A,,,,,42.0
B001M5H000,,,,217.0,217.0
B001M5H7KI,,,,,13.0
B001M5I8P6,,,,1387.0,1387.0
B001M8YKP0,60.0,,,,60.0
B001M921J6,,,47.0,47.0,47.0
B001MA0QU6,,618.0,618.0,618.0,618.0
B001MA2GD6,719.0,,,719.0,719.0
B001MA3YQ4,,,,104.0,104.0
B001MA40NA,264.0,,264.0,264.0,264.0
B001MA5RKK,198.0,198.0,198.0,198.0,198.0
B001MA5SSG,,26.0,,,26.0
B001MA5U5W,,,,,6.0
B001MA5VUQ,,,,,272.0
B001MA7N8O,147.0,147.0,,147.0,147.0
B001MA7NMA,,,,,13.0
B001MA7QFO,,,,794.0,794.0
B001MA7QLI,,166.0,,166.0,166.0
B001MA9QQQ,,,,,252.0
B001MA9QTI,,,313.0,,313.0
B001MA9QV6,86.0,86.0,86.0,86.0,86.0
B001MA9R8I,,,,,2.0
B001MEXZLY,,,,,5002.0
B001MF0V3S,475.0,,475.0,,475.0
B001MF3FMW,,,,6719.0,6719.0
B001MJA6FC,101.0,101.0,,101.0,101.0
B001MOEZLI,,,,69.0,69.0
B001MQ6TIS,,,,4438.0,
B001MS7DMW,,,,8.0,8.0
B001MS7DNQ,,5.0,,,
B001MTFMN8,,,,329.0,329.0
B001MTFMNI,329.0,,329.0,329.0,329.0
B001MTFMNS,329.0,,,,329.0
B001MTYR8Y,,,,388.0,388.0
B001MULPO2,54.0,,,,
B001MUNBZS,4335.0,,,,4335.0
B001MUSBW6,69.0,,,,
B001MUUGTW,,,140.0,,140.0
B001MV5UEC,,,,,357.0
B001MV5UFG,,357.0,357.0,,357.0
B001MV5UGU,,,,357.0,
B001MV5UHY,285.0,285.0,285.0,285.0,285.0
B001MV5UQ0,285.0,,285.0,285.0,285.0
B001MVOI7M,,,54.0,54.0,54.0
B001N3SU3M,,,,11.0,
B001N444EA,,,48.0,,48.0
B001N444EK,446.0,446.0,446.0,446.0,446.0
B001N444EU,139.0,,,139.0,139.0
B001N444F4,,,,,995.0
B001N444FE,995.0,,,995.0,995.0
B001N444FO,,,,164.0,164.0
B001N444FY,288.0,,288.0,288.0,288.0
B001N444GI,113.0,,113.0,113.0,113.0
B001N444GS,995.0,995.0,995.0,,995.0
B001N444H2,77.0,,,77.0,77.0
B001N444HC,,,,,995.0
B001N444HM,995.0,,,,995.0
B001N444HW,995.0,,995.0,,995.0
B001N444I6,,,,995.0,995.0
B001N444IG,258.0,258.0,258.0,258.0,258.0
B001N444IQ,403.0,,403.0,403.0,403.0
B001N444J0,,,100.0,100.0,100.0
B001N444JK,,457.0,457.0,457.0,457.0
B001N444JU,199.0,199.0,,199.0,199.0
B001N5TGT2,,,,,44.0
B001N60RVC,,,,,12.0
B001N622XI,,,3.0,,
B001NC3VC8,,,75.0,,75.0
B001NCSX44,88.0,88.0,88.0,88.0,88.0
B001NF2A3G,2423.0,2423.0,2423.0,2423.0,2423.0
B001NFMM8E,9302.0,9302.0,9302.0,9302.0,9302.0
B001NFP326,63.0,63.0,63.0,63.0,63.0
B001NGBMXY,,80.0,,80.0,80.0
B001NIM696,,90.0,,,90.0
B001NJB1I2,,,,,42.0
B001NJFUUW,,,,33.0,33.0
B001NJGARY,705.0,705.0,705.0,705.0,705.0
B001NJHUXW,,,620.0,,620.0
B001NJLBV4,,95.0,,,95.0
B001NZB906,,,,4.0,
B001NZF2Q8,280.0,,280.0,280.0,280.0
B001NZH4GO,,,,,148.0
B001NZTICM,36.0,,,,36.0
B001NZTQ42,,,630.0,,630.0
B001NZUMB8,1049.0,1049.0,1049.0,1049.0,1049.0
B001O08CSW,1579.0,,,,1579.0
B001O0CRPQ,,1579.0,,1579.0,1579.0
B001O0HP7Q,1579.0,1579.0,1579.0,1579.0,1579.0
B001O0PSZ2,,,,,149.0
B001O0SS6I,,,,,149.0
B001O15X1A,,,,,169.0
B001O1EE3I,50.0,50.0,,,50.0
B001O1FYM8,41.0,,,,41.0
B001O1HZKM,,45.0,45.0,45.0,45.0
B001O1I2IG,,,,,168.0
B001O1I6DC,,,,177.0,177.0
B001O1K3I8,,,84.0,84.0,84.0
B001O1OA0K,,,,,466.0
B001O2KLXY,78.0,,78.0,,78.0
B001O2SEOW,7.0,,,,7.0
B001O4E228,,,80.0,,80.0
B001O4FWOU,1140.0,1140.0,1140.0,1140.0,1140.0
B001O4JPFC,8749.0,8749.0,8749.0,8749.0,
B001O4LFBY,,,,,8749.0
B001O51GUI,,,88.0,88.0,88.0
B001O6E6E0,1751.0,,1751.0,1751.0,1751.0
B001O8MI2K,,,,,7564.0
B001OAB7Z2,,,768.0,768.0,768.0
B001OBVJX6,,,557.0,,
B001OBVOOA,,,,,184.0
B001OBXVVY,,90.0,,,90.0
B001OC1DCM,,531.0,531.0,531.0,531.0
B001OM3VJU,,,36.0,,36.0
B001OM3YIS,,,,,572.0
B001OOH4SW,,,,,4.0
B001OUD0SO,,,,,51.0
B001OUGQL2,,,,,30.0
B001OVQSJG,7465.0,7465.0,7465.0,7465.0,7465.0
B001OXO6DO,,3120.0,3120.0,3120.0,3120.0
B001P3QHHG,284.0,284.0,284.0,,284.0
B001P3QHU8,,,,,4975.0
B001P3UR1I,,,284.0,,284.0
B001P72WZI,140.0,,,,
B001P74OF4,,,,14.0,14.0
B001P78SDI,,1799.0,1799.0,,
B001P7AINQ,,3976.0,3976.0,3976.0,3976.0
B001P7AWXC,2603.0,2603.0,2603.0,2603.0,2603.0
B001P83MJC,,,,,13.0
B001P85OES,,25.0,,25.0,25.0
B001P87RUM,,,,15.0,
B001P9EX08,,,,,56.0
B001P9N1M4,294.0,294.0,294.0,294.0,294.0
B001PATGYA,,,1917.0,,1917.0
B001PATGYK,,,327.0,327.0,327.0
B001PDC3LU,65.0,,,65.0,65.0
B001PE22II,,5.0,,5.0,
B001PE47ZY,,,,,4.0
B001PEIU9I,,,,,16.0
B001PGFS0K,,,,,412.0
B001PHHUMI,630.0,630.0,630.0,,630.0
B001PKXNN0,,,15.0,,15.0
B001PLXLU4,,,,,2569.0
B001PMES0U,111.0,111.0,,,111.0
B001PMIN10,9284.0,9284.0,9284.0,9284.0,9284.0
B001PMIN38,,,,,22.0
B001PMLGJG,,,,22.0,
B001PMZHNW,156.0,,,156.0,156.0
B001PN33PA,75.0,,,,75.0
B001PQRISK,,,,5.0,5.0
B001PROONQ,,,,111.0,111.0
B001PRSFZ4,673.0,673.0,673.0,673.0,673.0
B001PSPETI,,,,,342.0
B001PTFXAM,1500.0,1500.0,,1500.0,1500.0
B001PTFXKW,3218.0,,3218.0,3218.0,3218.0
B001PWFYAS,,,,,7.0
B001PYO3PI,,,868.0,868.0,868.0
B001Q1YFE4,6790.0,6790.0,6790.0,6790.0,6790.0
B001Q3ZBYU,,,,79.0,
B001Q51KAM,,,92.0,92.0,92.0
B001Q8Q180,610.0,610.0,,,610.0
B001QE61KW,,,,,10.0
B001QJO1XG,186.0,,,186.0,186.0
B001QJP5IQ,,,,,12.0
B001QJTYVA,,300.0,300.0,,300.0
B001QJWIKE,,,,,16.0
B001QN2FNU,,,,,16.0
B001QN3836,,,,,423.0
B001QN7396,,,,,557.0
B001QN9UXI,,,,,423.0
B001QOVUR6,2319.0,2319.0,2319.0,2319.0,2319.0
B001QRD602,,,,,36.0
B001QRF69G,,,,15.0,15.0
B001QRG190,124.0,124.0,124.0,124.0,124.0
B001QTLNK0,1195.0,1195.0,1195.0,1195.0,1195.0
B001QTTOBK,,,,5.0,
B001QVCYI8,79.0,,,,79.0
B001QW735Q,10961.0,10961.0,,10961.0,10961.0
B001QW99JO,,,,,158.0
B001QWB91K,,,,,9.0
B001QWB9Q0,,10961.0,10961.0,10961.0,10961.0
B001QWCCCU,10961.0,10961.0,10961.0,10961.0,10961.0
B001QWCCQG,201.0,,,,201.0
B001QWFHVI,,439.0,,,439.0
B001QX31KG,,,,,949.0
B001QX79QI,949.0,,949.0,949.0,949.0
B001QX7NBE,949.0,949.0,949.0,949.0,949.0
B001QX9XEO,,,,244.0,244.0
B001QY11NO,,,,,156.0
B001QY12ZG,91.0,91.0,,91.0,91.0
B001QY65BC,251.0,,,,251.0
B001QY67BA,,,,,176.0
B001QYBURQ,4358.0,4358.0,4358.0,4358.0,4358.0
B001R201DQ,,,3673.0,3673.0,
B001R2BQBC,,,,,28.0
B001R2BTIW,,,,256.0,256.0
B001RD05KO,,,,,70.0
B001RD37ZO,,,,1144.0,
B001RIU7BG,24.0,,,,24.0
B001RK8N4C,,,,216.0,216.0
B001RK8ZXG,2062.0,2062.0,,,2062.0
B001RLCKGI,23.0,,,,
B001RMP7NK,1105.0,,1105.0,1105.0,1105.0
B001RO8MNK,9284.0,9284.0,9284.0,9284.0,9284.0
B001ROPGYI,,,,,26.0
B001RQLU8M,3655.0,3655.0,3655.0,3655.0,3655.0
B001RR7EPO,,,,,3.0
B001RR7EZE,46.0,,,,
B001RUYKVW,,,,,117.0
B001RUYL0C,,,100.0,100.0,100.0
B001RV283S,,,,39.0,39.0
B001RV9FJS,465.0,,,,465.0
B001RVBO2Y,,,2058.0,2058.0,2058.0
B001RVFZQU,,807.0,807.0,807.0,807.0
B001RVGUYG,80.0,,,80.0,80.0
B001RVGV2C,465.0,,465.0,465.0,465.0
B001RVGV8Q,,88.0,,,88.0
B001RVGWQW,16092.0,16092.0,16092.0,16092.0,16092.0
B001RVJIP4,,,,,11.0
B001RVMX6A,,,,,132.0
B001RYNK2S,80.0,80.0,,,80.0
B001S485ZY,,,,,34.0
B001S4KH2I,,,,,19.0
B001S9YJ1S,,,124.0,124.0,124.0
B001SA3X5K,201.0,,201.0,201.0,201.0
B001SA6DES,,,,781.0,
B001SBFY0Q,354.0,,354.0,,354.0
B001SCK5WM,29.0,,,,29.0
B001SS4L3A,,,,,335.0
B001T0HHAG,4790.0,4790.0,4790.0,4790.0,4790.0
B001T0HHDS,10034.0,10034.0,10034.0,10034.0,10034.0
B001T4EFFC,,,,158.0,158.0
B001T8S928,,3487.0,3487.0,3487.0,3487.0
B001TBH4ZI,679.0,679.0,679.0,679.0,679.0
B001TBH56Q,,,3.0,,
B001TBI3T4,1751.0,,,1751.0,1751.0
B001TBI3X0,100.0,,100.0,100.0,100.0
B001TBK4OG,,,,26.0,26.0
B001TBK62Q,,,,526.0,526.0
B001TBK6E4,100.0,,,,100.0
B001TBO7SA,,,,4.0,
B001TBQ3BE,42.0,,42.0,42.0,42.0
B001TBQ4KY,,,,44.0,44.0
B001TEY19C,,,5.0,,
B001TGBFQW,,,,,36.0
B001TGZ3GK,,,,,33.0
B001TH6R1O,,,,,52.0
B001TJE0M0,,,,157.0,
B001TJE0ZM,,,,,169.0
B001TMS6XG,,,,14.0,
B001TMU1WU,,,,,2.0
B001U25DKY,,,817.0,,817.0
B001U2DPQ8,,,,,691.0
B001U2GDUS,1044.0,1044.0,1044.0,1044.0,1044.0
B001U5B5HQ,3230.0,3230.0,3230.0,3230.0,3230.0
B001U69URM,,,,6.0,6.0
B001U6FIVE,3266.0,3266.0,3266.0,3266.0,3266.0
B001U9M2EW,824.0,824.0,824.0,824.0,824.0
B001UF2M3W,,,,,9.0
B001UF6AHG,,,,,8.0
B001UFJTRE,,,,25.0,25.0
B001UGAFZI,,,,8685.0,8685.0
B001UHN0FE,,,1401.0,1401.0,1401.0
B001UHN0FY,1401.0,1401.0,1401.0,1401.0,1401.0
B001UHN0GS,1401.0,1401.0,,1401.0,1401.0
B001UHN0HM,1090.0,1090.0,1090.0,1090.0,1090.0
B001UHN0JA,65.0,65.0,65.0,65.0,65.0
B001UHN0L8,94.0,,,,94.0
B001UHOX5K,4.0,,,,
B001UJGF3Q,177.0,177.0,177.0,,177.0
B001UJIIN6,,,61.0,,
B001UNA5VA,,,,,9.0
B001URYGXY,,37.0,,,37.0
B001UTR0WG,173.0,173.0,173.0,173.0,173.0
B001UTR0X0,,,,43.0,43.0
B001UTT5MO,102.0,102.0,102.0,102.0,102.0
B001V9LUJO,450.0,450.0,450.0,450.0,450.0
B001V9LUK8,,,,,22.0
B001V9LULM,171.0,171.0,171.0,171.0,171.0
B001V9LUO4,342.0,342.0,342.0,342.0,342.0
B001V9LUP8,,,24.0,24.0,24.0
B001V9LUQ2,290.0,290.0,290.0,290.0,290.0
B001V9LUQM,,18.0,,,18.0
B001V9LUR6,198.0,,198.0,198.0,198.0
B001V9LUTY,,,,31.0,31.0
B001V9LUVC,,,,,1.0
B001V9LUVW,224.0,,224.0,224.0,224.0
B001V9LUW6,,33.0,,,
B001V9LUWG,,,,,77.0
B001V9LUWQ,,213.0,,213.0,213.0
B001V9LUXA,126.0,,126.0,126.0,126.0
B001V9LUXU,,,61.0,61.0,61.0
B001V9LUY4,,,87.0,,87.0
B001V9LUYE,,,,,13.0
B001V9LUYO,21.0,,,,21.0
B001V9LUYY,,31.0,,31.0,31.0
B001V9LUZI,,,,,9.0
B001V9LUZS,2378.0,2378.0,2378.0,2378.0,2378.0
B001V9LV02,,,,,5.0
B001V9LV0W,,,,,19.0
B001V9LV20,136.0,,,136.0,136.0
B001V9LV2A,114.0,,114.0,114.0,114.0
B001V9LV3O,,,,,15.0
B001V9LV3Y,11.0,,,,
B001V9LV48,,27.0,27.0,27.0,27.0
B001V9LV4I,,,,,32.0
B001V9LV6G,760.0,,760.0,760.0,760.0
B001V9LV8E,,6.0,,,
B001V9LV98,,,,,118.0
B001V9LV9I,96.0,,96.0,96.0,96.0
B001VBBO2U,,,145.0,145.0,145.0
B001VBDQBW,231.0,231.0,,,231.0
B001VBH6P4,,,58.0,58.0,58.0
B001VDP8AC,,,,,789.0
B001VGA4P8,16842.0,16842.0,16842.0,16842.0,16842.0
B001VGBN58,11501.0,11501.0,11501.0,11501.0,11501.0
B001VGC0YQ,,,138.0,,138.0
B001VGGNZI,8857.0,8857.0,8857.0,8857.0,8857.0
B001VJVP0S,,,,,910.0
B001VJXL0U,,128.0,128.0,128.0,128.0
B001VJZETQ,,,,,1922.0
B001VJZEXW,2046.0,,2046.0,2046.0,2046.0
B001VM6MK8,,,73.0,73.0,73.0
B001VMJSCW,7988.0,7988.0,7988.0,7988.0,7988.0
B001VMQQPY,,2716.0,,,2716.0
B001VMQQQI,2716.0,,,,
B001VMQZOQ,,64.0,,,64.0
B001VNOXVW,,65.0,65.0,65.0,65.0
B001VO1R74,22372.0,22372.0,22372.0,22372.0,22372.0
B001W12MQ6,,938.0,938.0,938.0,938.0
B001W2GLRG,24.0,,,24.0,24.0
B001W49XZQ,1748.0,1748.0,1748.0,1748.0,1748.0
B001W8XMBS,,446.0,446.0,,446.0
B001WA03AE,,14.0,,,14.0
B001WAKURU,,,8.0,,
B001WAKUU2,305.0,,305.0,,305.0
B001WAKUUC,828.0,828.0,828.0,828.0,828.0
B001WAKUUW,7.0,,,,
B001XM5LNU,,,6457.0,6457.0,6457.0
B001YIW8KC,,,,,18.0
B001YJ1FNC,50.0,,,50.0,50.0
B001YPQ4NC,,,,47.0,47.0
B001ZS655U,,,,34.0,34.0
B001ZSBI8Y,,2204.0,,2204.0,2204.0
B001ZSD77E,,66.0,,,
B001ZSIY7M,23.0,23.0,,23.0,23.0
B001ZTAT0G,,,,,30.0
B00203IOHQ,190.0,190.0,,190.0,190.0
B00203IOR6,,,,76.0,76.0
B00203IOTO,70.0,,,,70.0
B00203KOV0,,51.0,,,51.0
B00203KOYM,,938.0,938.0,938.0,938.0
B00203KP6Y,,,,,285.0
B00203KP8C,1420.0,1420.0,1420.0,1420.0,1420.0
B00203KPDC,,281.0,281.0,281.0,281.0
B00203KPE6,340.0,340.0,340.0,,340.0
B00203KPGY,595.0,,595.0,595.0,595.0
B00203MP9E,398.0,398.0,398.0,398.0,398.0
B00203MPJY,286.0,286.0,286.0,286.0,286.0
B00203Q9B4,1470.0,,,1470.0,1470.0
B00203SDQS,265.0,265.0,265.0,265.0,265.0
B00203SE2G,167.0,167.0,,167.0,167.0
B00203SE76,134.0,,,,134.0
B00203UQB8,,,1209.0,,1209.0
B00205CJWK,,,33.0,33.0,33.0
B0020MM7K2,774.0,,774.0,774.0,774.0
B0020MM7SO,,,,1007.0,1007.0
B0020MMD8I,59.0,,,,
B0020MMD92,,,,,15.0
B0020MMDNS,,,1002.0,1002.0,1002.0
B0020MMGM6,,,632.0,,632.0
B00211NEWC,1291.0,1291.0,1291.0,,1291.0
B0021FUYCQ,,,,,27.0
B0022H6JQI,1282.0,,1282.0,1282.0,1282.0
B0023AX72I,,,,36.0,36.0
B0023USBOM,,,,,23.0
B0024LSMNU,,,39.0,,39.0
B0024LUS9G,,12.0,,,12.0
B0024LYLS0,33.0,33.0,33.0,33.0,33.0
B0025YVBG6,,,,,6239.0
B0025Z8Q4K,6239.0,6239.0,,,6239.0
B002605MLY,,70.0,,70.0,70.0
B002610ZU6,,,,,141.0
B002612JIM,,,65.0,,
B002612K9K,186.0,,186.0,186.0,186.0
B002616M1C,109.0,,109.0,109.0,109.0
B00261803U,,92.0,92.0,92.0,92.0
B00265YNFK,5203.0,5203.0,5203.0,5203.0,5203.0
B0026632YW,,,,,325.0
B00266QVX6,,,11.0,,
B00266YYH6,,,,10723.0,10723.0
B0026BA9HA,165.0,165.0,165.0,165.0,165.0
B0026H1JOQ,,210.0,210.0,210.0,210.0
B0026I6K3A,,,,,138.0
B0026K7C2Q,,,10.0,,
B0026KEJ4K,,,,60.0,
B0026LQ84S,,,,,3.0
B0026LXBV6,,,,,31.0
B0026LXBVG,,,31.0,,
B0026Q45VG,,,,517.0,
B0026QV0EG,,,64.0,64.0,64.0
B0026SPP2M,,,,,6.0
B0026TOCK2,,,,,2108.0
B0026VMUUO,,,,23.0,
B0026VOXRC,,,,,30.0
B0026W2A1M,,,491.0,,491.0
B00270UP3I,1144.0,1144.0,1144.0,1144.0,1144.0
B00270WCXY,,,,,23.0
B0027105BY,88.0,,88.0,,88.0
B0027105E6,89.0,89.0,,,89.0
B0027107J4,,477.0,477.0,477.0,477.0
B002714QFA,,,2058.0,,2058.0
B002714QH8,88.0,88.0,88.0,,88.0
B00273VS18,,,,,19.0
B002756HAI,,,342.0,,342.0
B0027583BO,,,,,264.0
B0027583QE,,,,53.0,53.0
B00275C92I,,,,7.0,7.0
B00275VAYG,,,,,3.0
B00276E3KS,43.0,,43.0,43.0,43.0
B00276IB2O,,,,,43.0
B00279UNX6,,,,14.0,
B0027AJFK2,122.0,122.0,122.0,122.0,122.0
B0027CRZS4,758.0,758.0,758.0,758.0,758.0
B0027JIVOO,,,60.0,,
B0027MMK7A,,,4.0,,
B0027UY3IG,,,,441.0,441.0
B0027VPNNO,,,36.0,,36.0
B0027Z0E52,,,,72.0,
B00282JB6C,,,,61.0,
B00282MGLO,,,,,85.0
B00282OGKI,,,113.0,,
B00283MJZ6,,,,20.0,20.0
B00283TEJ0,,,,,27.0
B00284B7YY,625.0,,625.0,625.0,625.0
B00284B81Q,,,,,67.0
B0028AFIRU,,63.0,63.0,63.0,63.0
B0028BDLTQ,,,,,638.0
B0028BDM72,,31.0,,,31.0
B0028D4PVC,38.0,,38.0,38.0,38.0
B0028D4PXU,,,70.0,70.0,70.0
B0028FNSEU,77.0,77.0,77.0,,77.0
B0028FXRMS,,210.0,,210.0,210.0
B0028OK8B2,,,,56.0,
B0028PI3FY,,,,,23.0
B0028Q01Q2,,,,,1077.0
B0028Q1XPA,,48.0,,,
B0028Q1XT6,,86.0,,,86.0
B0028QFHUM,,,,7.0,
B0028RBZWA,,121.0,121.0,,121.0
B0028RG0WU,,,,,428.0
B0028S31MQ,50333.0,50333.0,50333.0,50333.0,50333.0
B0028S6RJA,,1918.0,1918.0,1918.0,1918.0
B0028S8PY0,,,1918.0,,1918.0
B0028S8R48,15176.0,15176.0,,15176.0,15176.0
B0028UU460,,,,,11.0
B0028WDK3W,,,4717.0,4717.0,4717.0
B0029786I0,,,37.0,37.0,37.0
B00299GX42,112.0,112.0,,112.0,112.0
B0029L1LI8,2044.0,2044.0,2044.0,2044.0,2044.0
B0029MVMAE,2949.0,2949.0,2949.0,2949.0,2949.0
B0029RC2PI,54.0,54.0,54.0,54.0,54.0
B0029RFKBG,,,,17.0,17.0
B0029RHE0Q,,,126.0,126.0,126.0
B0029T5PBE,3298.0,,3298.0,,3298.0
B0029VAVSO,,,,31.0,31.0
B0029VCK24,25.0,,,,
B0029XFNSU,,,,,1.0
B002A8JO1Q,6456.0,6456.0,6456.0,6456.0,6456.0
B002A8JO48,1049.0,1049.0,1049.0,1049.0,1049.0
B002A8OR1I,,,,8.0,8.0
B002A9JONI,4335.0,4335.0,4335.0,4335.0,4335.0
B002ABZW28,,,,,30.0
B002ADO8JO,40.0,,,,
B002AGN0FY,,,,,30.0
B002AH449E,,17.0,,,
B002AHF1J6,,,,,71.0
B002AHH8NI,,,,,2.0
B002AHQ19K,,,325.0,325.0,325.0
B002AHQDRU,2.0,,,,
B002AJGKAS,,,21.0,,
B002AK8HIU,,,,,32.0
B002AKO5TU,,,,71.0,71.0
B002ANIXOA,,,,,87.0
B002AOG9SG,,53.0,,53.0,53.0
B002AQRLEU,,438.0,438.0,438.0,438.0
B002B4540O,,,77.0,,77.0
B002B46H6Y,223.0,,223.0,223.0,223.0
B002B4SSSO,,23.0,23.0,,23.0
B002B4UB9I,43.0,,,,43.0
B002B4Y6E4,14.0,,,,14.0
B002B500P2,3.0,,,,
B002BB3HIS,46.0,,,,46.0
B002BB7UPE,130.0,,,,130.0
B002BBA7IG,,78.0,,,78.0
B002BDMQBA,,,,,120.0
B002BDYB0Y,,,119.0,119.0,119.0
B002BGDNKU,,,8.0,,8.0
B002BGHN4W,,,,209.0,209.0
B002BGT7DM,243.0,243.0,243.0,243.0,243.0
B002BJMBAA,142.0,,,142.0,142.0
B002BLEIVI,,1111.0,1111.0,1111.0,1111.0
B002BLLMRQ,,439.0,,439.0,439.0
B002BLW0D6,10723.0,,,,10723.0
B002BPY5O4,,823.0,823.0,823.0,823.0
B002BWRQD4,,,,,4975.0
B002BWVQHQ,,,,4975.0,4975.0
B002BX284K,,,,,49.0
B002BZZ0LG,,,,,453.0
B002C08Z30,,,,24.0,
B002C1RUAS,,,,12284.0,
B002C1V9RS,,,,10189.0,
B002C4V3WG,1368.0,1368.0,1368.0,1368.0,1368.0
B002C88LWC,,,,134.0,
B002C9607O,,,,,1888.0
B002C9KWI2,,,,,103.0
B002CBZB5E,4688.0,4688.0,4688.0,4688.0,4688.0
B002CC1CX8,,,,,75.0
B002CC5A8Q,66.0,,,66.0,66.0
B002CC5DG0,,,,74.0,
B002CC8EWA,,40.0,,40.0,40.0
B002CD2OF2,1215.0,1215.0,1215.0,,1215.0
B002CIUC2E,,,53.0,53.0,53.0
B002CIXLMM,,38.0,38.0,,38.0
B002CJ778U,,,,,54.0
B002CLDUZM,1091.0,,1091.0,1091.0,1091.0
B002CLH5MG,721.0,721.0,721.0,721.0,721.0
B002CLJ8KS,,405.0,,405.0,405.0
B002CLL85Q,,349.0,349.0,349.0,349.0
B002CML1VG,8401.0,8401.0,8401.0,8401.0,8401.0
B002CML1XE,6107.0,6107.0,6107.0,6107.0,6107.0
B002CMLHF6,13838.0,13838.0,13838.0,13838.0,13838.0
B002CMLJM2,4237.0,4237.0,4237.0,4237.0,4237.0
B002CMLJMW,5737.0,,5737.0,5737.0,5737.0
B002CMLRQA,23460.0,,23460.0,23460.0,23460.0
B002CMLS46,5821.0,5821.0,5821.0,5821.0,5821.0
B002CMLS50,12397.0,12397.0,12397.0,12397.0,12397.0
B002CMYANC,,,,,18.0
B002CQ4LWI,25.0,,,,25.0
B002CXPO7W,,,145.0,145.0,145.0
B002CYVQEQ,,,,,48.0
B002CYXJY6,,,29.0,,29.0
B002D2F5BW,4642.0,4642.0,4642.0,4642.0,4642.0
B002D32HVM,,608.0,608.0,608.0,608.0
B002D48QI4,,,1325.0,,1325.0
B002D48QIE,,493.0,493.0,493.0,493.0
B002D48QIO,573.0,,573.0,573.0,573.0
B002D48QJ8,573.0,573.0,,,573.0
B002D48QJI,,209.0,209.0,209.0,209.0
B002D48QJS,,,,,209.0
B002D48QK2,209.0,,,,209.0
B002D48QKC,,,,,19.0
B002D48QKM,,,,,45.0
B002D48QKW,,59.0,,,59.0
B002D48QLQ,,,,,59.0
B002D48QMK,114.0,,114.0,114.0,114.0
B002D48QO8,,,,39.0,39.0
B002D48QOI,73.0,,73.0,73.0,73.0
B002D48QPC,,,,26.0,26.0
B002D48QR0,981.0,981.0,981.0,981.0,981.0
B002D48QRA,1245.0,,,,1245.0
B002D48QRK,1642.0,1642.0,1642.0,1642.0,1642.0
B002D48QRU,322.0,322.0,322.0,322.0,322.0
B002D48QSE,,491.0,491.0,491.0,491.0
B002D48QTS,150.0,,,150.0,150.0
B002D48QUC,10265.0,10265.0,,10265.0,10265.0
B002D48QUW,,,,,2.0
B002D48QVG,,,163.0,,163.0
B002D48QVQ,198.0,,198.0,,198.0
B002D48QWA,,,,,1489.0
B002D48QWK,269.0,269.0,269.0,,269.0
B002D48QY8,,,434.0,434.0,434.0
B002D48QYS,351.0,351.0,351.0,351.0,351.0
B002D48QZC,165.0,165.0,165.0,165.0,165.0
B002D48R06,,206.0,206.0,206.0,206.0
B002D48R0Q,,,,,185.0
B002D48R2Y,,333.0,333.0,333.0,333.0
B002D48R5G,971.0,971.0,971.0,971.0,971.0
B002D48R6A,418.0,418.0,418.0,,418.0
B002D4CXII,,,1323.0,1323.0,1323.0
B002D4DQ1Q,465.0,465.0,465.0,465.0,465.0
B002D4EBGU,,,,511.0,511.0
B002D4H0S6,88.0,88.0,,88.0,88.0
B002D4J0TI,,,,3199.0,3199.0
B002D4J3VI,225.0,225.0,225.0,225.0,225.0
B002D4L046,465.0,465.0,465.0,465.0,465.0
B002D4ML4O,,,,,3199.0
B002D4MMWK,230.0,230.0,230.0,230.0,230.0
B002D4OJJE,,,88.0,,88.0
B002DFESKI,,,,,44.0
B002DG5N8S,12.0,12.0,12.0,12.0,12.0
B002DHGR46,,,,,92.0
B002DI0T94,1054.0,1054.0,1054.0,1054.0,1054.0
B002DN7HXA,,,18.0,,18.0
B002DNAEA8,,,,,90.0
B002DNHBQI,,38.0,,,38.0
B002DP8D36,152.0,152.0,152.0,152.0,152.0
B002DQABBC,135.0,135.0,135.0,135.0,135.0
B002DR10YI,111.0,,,111.0,
B002DR21RI,112.0,,,,112.0
B002DR5PW6,,,,,65.0
B002DV6HH4,153.0,153.0,153.0,153.0,153.0
B002DW07YW,,,205.0,205.0,205.0
B002DW4036,,,,,30.0
B002DW44Y6,,,23.0,23.0,23.0
B002DW653Y,,,,,3.0
B002DYCUW2,,,7010.0,,7010.0
B002DZGIGA,310.0,,,,
B002DZKLMM,,16092.0,16092.0,,16092.0
B002DZYMI6,50.0,50.0,,,50.0
B002E7NHVQ,,3658.0,,,
B002E9IQU6,,,,1.0,
B002E9IQX8,,,3.0,,
B002EA1F8A,316.0,316.0,316.0,,316.0
B002EA3K6A,258.0,,258.0,258.0,258.0
B002ED6F50,,,,12.0,12.0
B002EIR84W,,,,33.0,33.0
B002EKCZZM,307.0,,307.0,,307.0
B002ELKI96,10.0,,10.0,,10.0
B002EQQ11K,1404.0,1404.0,1404.0,1404.0,1404.0
B002EQZ9OU,105.0,105.0,105.0,,105.0
B002EY8ZLQ,,,91.0,91.0,91.0
B002EYL32E,,,,,14.0
B002EZGSK0,,,,,10.0
B002EZOHYE,55.0,,55.0,,
B002FCFD0I,215.0,,215.0,215.0,215.0
B002FITVGO,,,5737.0,,5737.0
B002FIW15W,1387.0,1387.0,1387.0,1387.0,1387.0
B002FIZHTO,4237.0,,4237.0,4237.0,4237.0
B002FJ11UW,22372.0,22372.0,22372.0,22372.0,22372.0
B002FJ2LKG,5073.0,5073.0,5073.0,5073.0,5073.0
B002FOHIPE,,,,,77.0
B002FTT10E,5873.0,5873.0,5873.0,5873.0,5873.0
B002FTT1G8,22372.0,22372.0,22372.0,22372.0,22372.0
B002FVUVTM,,,24.0,24.0,24.0
B002G4Z9HM,33.0,,,,33.0
B002G76LQM,,,,30.0,
B002GCO2UE,,,1594.0,,1594.0
B002GKPV9C,164.0,164.0,164.0,164.0,164.0
B002GN8AQU,,,,,13.0
B002GQ3FAI,1721.0,,1721.0,1721.0,1721.0
B002GQ3ZIA,,,,,35.0
B002GXA84W,,,,17.0,
B002GYQ0FW,272.0,272.0,272.0,272.0,272.0
B002GYQ958,,,,,168.0
B002GYSCO4,,,,,272.0
B002GYU14I,726.0,726.0,726.0,726.0,726.0
B002GYXLPY,627.0,627.0,627.0,627.0,627.0
B002GZKS8Q,18.0,,,,
B002H3J4GO,,,82.0,82.0,82.0
B002H3J4GY,,88.0,,88.0,88.0
B002HCDT3O,,,,,959.0
B002HG4HL8,1209.0,1209.0,1209.0,,1209.0
B002HG4JLQ,,,70.0,,
B002HG7NX2,,,4684.0,4684.0,4684.0
B002HGBM48,,59.0,59.0,59.0,59.0
B002HGBMCK,107.0,107.0,,107.0,107.0
B002HGBMDE,4684.0,4684.0,,4684.0,4684.0
B002HLZTWE,1954.0,1954.0,1954.0,1954.0,1954.0
B002HM1ONG,207.0,207.0,207.0,207.0,207.0
B002HM1PH6,,,,,105.0
B002HM1RFQ,308.0,,308.0,308.0,308.0
B002HM5C2A,,,,5.0,5.0
B002HMHJ8U,,,,,13.0
B002HMOWH6,25.0,,25.0,,25.0
B002HMOWHQ,,,17.0,,17.0
B002HMOWJ4,,,4.0,,
B002HMYGW2,18307.0,18307.0,18307.0,18307.0,18307.0
B002HMZUOK,2684.0,2684.0,2684.0,2684.0,2684.0
B002HRS7ZY,1092.0,,1092.0,1092.0,1092.0
B002HU6HVM,,,,271.0,271.0
B002HY4A6C,,16092.0,,16092.0,16092.0
B002HZAZEM,,,,1004.0,1004.0
B002I4Z6TG,1792.0,1792.0,1792.0,1792.0,1792.0
B002I9LJ74,1720.0,1720.0,1720.0,1720.0,1720.0
B002I9UKJM,,10.0,,,
B002IABQ9E,55.0,,55.0,55.0,55.0
B002IDMJ3I,,,,,6193.0
B002IJJ7DM,1701.0,1701.0,1701.0,1701.0,1701.0
B002IJKV8C,1901.0,1901.0,1901.0,1901.0,1901.0
B002IJKW54,515.0,515.0,515.0,515.0,515.0
B002IJP3P8,,,,10.0,10.0
B002IKH0N0,,,,,4.0
B002ISTOPO,,,,,12.0
B002IWAJKY,60.0,,,,
B002IWY8A6,,,,,5944.0
B002IY2EBY,,87.0,,87.0,87.0
B002J9DUSY,,,,,3175.0
B002J9P6ZO,880.0,,880.0,880.0,880.0
B002JAR10G,,,,,251.0
B002JEZBWM,,,2058.0,,2058.0
B002JEZCE4,23.0,,,23.0,23.0
B002JF32ZO,,,88.0,,88.0
B002JF33DA,,,80.0,,80.0
B002JF4Q72,16092.0,,16092.0,,16092.0
B002JF6GMA,,,80.0,80.0,80.0
B002JF6RWO,243.0,243.0,243.0,243.0,243.0
B002JF8TXY,,,,27.0,27.0
B002JFCVBK,,,107.0,107.0,107.0
B002JFEM6W,213.0,213.0,,213.0,213.0
B002JLUY2M,23460.0,23460.0,23460.0,23460.0,23460.0
B002JMCZVE,,,,,12.0
B002JPD2KY,169.0,169.0,169.0,169.0,169.0
B002JUVH56,,,,149.0,149.0
B002JV2JGQ,,,,,9.0
B002JXB7M6,207.0,,207.0,207.0,207.0
B002K3P2DK,153.0,,,,153.0
B002K6AHQY,,336.0,336.0,,336.0
B002K9FDQ0,,49.0,,49.0,49.0
B002K9PY0A,465.0,465.0,465.0,,465.0
B002KANVLI,18.0,,18.0,,18.0
B002KANVO0,,,,,18.0
B002KANVPO,19.0,,,,19.0
B002KANVTU,8.0,,,,
B002KANVX6,,12.0,,,12.0
B002KANW6M,110.0,,110.0,,110.0
B002KANWA8,35.0,,,,35.0
B002KANWDA,102.0,102.0,102.0,,102.0
B002KANWU8,1714.0,1714.0,1714.0,1714.0,1714.0
B002KANX8O,63.0,,63.0,63.0,63.0
B002KANXB6,218.0,218.0,,218.0,218.0
B002KCXSEG,100.0,,100.0,,100.0
B002KCZR3Q,,,,,100.0
B002KDGUUO,,,,,29.0
B002KGH3HA,,,,,382.0
B002KGUFHA,,,,,58.0
B002KMZ9UC,,,,29.0,
B002KMZ9XE,,44.0,,,
B002KN0Q4A,,,37.0,,37.0
B002KN2VIE,,,,7.0,
B002KN2WGK,,,,,19.0
B002KN6TUU,6.0,,,,
B002KN6VBW,,,19.0,,19.0
B002KNEACE,,676.0,676.0,676.0,676.0
B002KPAG3Y,7272.0,7272.0,7272.0,7272.0,7272.0
B002KPE8W4,,,,,20.0
B002KQ7E9M,146.0,146.0,146.0,146.0,146.0
B002KSFKGY,854.0,854.0,,,854.0
B002KU0WRO,55.0,,55.0,,55.0
B002L28EIA,,,,1735.0,
B002L3MPK2,,756.0,,,756.0
B002L6K1GO,3412.0,,3412.0,,3412.0
B002L9ZBIO,681.0,,681.0,,681.0
B002LA1ADS,,8.0,,,
B002LA1D9Y,9457.0,9457.0,9457.0,9457.0,9457.0
B002LC9OES,60672.0,60672.0,60672.0,60672.0,60672.0
B002LDPC6G,,,,,16.0
B002LDQYTK,,,,,161.0
B002LDRH14,91.0,,,,91.0
B002LDSWBS,,,,,163.0
B002LDWKNY,,,,,163.0
B002LDXD8K,1429.0,,1429.0,,1429.0
B002LDXZ7O,606.0,606.0,606.0,606.0,606.0
B002LDY5HS,,,,,1429.0
B002LDYLHM,,,,,610.0
B002LDZQDK,1328.0,,1328.0,,1328.0
B002LDZVXU,,,,,4975.0
B002LE0MAG,,,2.0,,
B002LE13IQ,2535.0,,2535.0,2535.0,2535.0
B002LE1994,,,,1429.0,1429.0
B002LE1AVG,,27.0,27.0,27.0,27.0
B002LE30DM,,,,,4975.0
B002LE4V9E,,,56.0,56.0,56.0
B002LE54P4,1334.0,1334.0,1334.0,1334.0,1334.0
B002LE55XU,,,,,1429.0
B002LE97IY,,,39.0,39.0,39.0
B002LHITWG,2142.0,2142.0,2142.0,2142.0,2142.0
B002LHKS0C,,1031.0,1031.0,1031.0,1031.0
B002LHOJNE,909.0,,909.0,909.0,909.0
B002LHPNKM,,,,36.0,36.0
B002LHPNL6,,,,,201.0
B002LHVRBQ,,1345.0,,1345.0,1345.0
B002LJXXDE,,,,,28.0
B002LK41B6,,,,,24.0
B002LTCSJO,,,,217.0,217.0
B002LTHFZ6,10858.0,10858.0,10858.0,10858.0,10858.0
B002LTKLHK,,,,,16.0
B002LTZV2K,82.0,,,,82.0
B002LVJBPG,4684.0,4684.0,4684.0,4684.0,4684.0
B002LVJMJG,,221.0,,,221.0
B002LVN3XC,4684.0,4684.0,4684.0,4684.0,4684.0
B002LVP13W,,74.0,,74.0,74.0
B002LZIYTQ,,,19.0,,19.0
B002LZJSLO,,,,,3696.0
B002LZKQTM,,,,,110.0
B002LZQUGU,,,94.0,,94.0
B002LZQXGW,,,,,38.0
B002LZR02S,,,,,73.0
B002LZR2S0,,,,,81.0
B002M2TLT0,520.0,,520.0,520.0,520.0
B002M3LQ7O,14.0,,,,14.0
B002M3NV2C,1727.0,,,1727.0,1727.0
B002M3S83E,335.0,,,,335.0
B002MQ6P68,15.0,,,15.0,15.0
B002MSN3QQ,38072.0,38072.0,38072.0,38072.0,38072.0
B002MTZPUC,,,,,212.0
B002MUZFQU,,,,,6.0
B002MVB3JM,8.0,,,,8.0
B002MVY7ZY,,,,1429.0,1429.0
B002MWVU8K,,311.0,311.0,311.0,311.0
B002MX1A20,794.0,794.0,794.0,794.0,794.0
B002MZU5Z6,168.0,,,,168.0
B002N0U37A,3992.0,3992.0,3992.0,3992.0,3992.0
B002N5MI7S,2949.0,,2949.0,2949.0,2949.0
B002N5MI8C,4161.0,4161.0,4161.0,4161.0,4161.0
B002N5MI8W,1030.0,1030.0,,,1030.0
B002N5MI96,1462.0,1462.0,,,1462.0
B002N5MIA0,,982.0,982.0,982.0,982.0
B002N5MIAK,,,1382.0,1382.0,1382.0
B002N5MIBE,12223.0,12223.0,12223.0,12223.0,12223.0
B002N5MKE4,,,770.0,770.0,770.0
B002N5MKLW,12284.0,12284.0,12284.0,12284.0,12284.0
B002N5MKM6,10189.0,10189.0,10189.0,10189.0,10189.0
B002N5MKMG,13838.0,13838.0,13838.0,13838.0,13838.0
B002NBF8SI,5568.0,5568.0,5568.0,5568.0,5568.0
B002NBFBLW,,1293.0,1293.0,1293.0,1293.0
B002NBFSJ2,,1368.0,,,
B002NBL6RU,,,18.0,,
B002NBMXT0,,,18.0,,18.0
B002NCRFJC,106.0,106.0,106.0,106.0,106.0
B002NGGUN0,,172.0,172.0,172.0,172.0
B002NGMEV2,924.0,,924.0,924.0,924.0
B002NGMEVC,1316.0,1316.0,1316.0,1316.0,1316.0
B002NJ1OHY,,341.0,341.0,,
B002NM0RU6,,,675.0,,675.0
B002NM5Z44,,,,,92.0
B002NPAIT8,27.0,,,,27.0
B002NPJQAA,,,,,24.0
B002NPYOIY,,,84.0,,84.0
B002NS5980,4684.0,4684.0,4684.0,4684.0,4684.0
B002NUWMJ2,88.0,,,,88.0
B002NUWMUQ,,,,1135.0,
B002NVBEJA,,,341.0,,
B002NVBVUW,1298.0,1298.0,1298.0,1298.0,1298.0
B002NVBW56,164.0,164.0,164.0,164.0,164.0
B002NVDS3U,,,90.0,,90.0
B002NVDS5S,,,131.0,131.0,131.0
B002NVFB9E,,,,,8.0
B002NX0B4W,8412.0,8412.0,8412.0,8412.0,8412.0
B002NX1M40,,,,303.0,303.0
B002NYG8IE,,,,,72.0
B002NYJKR0,,785.0,,785.0,785.0
B002NYJU20,4606.0,,,4606.0,4606.0
B002NYNIP0,519.0,519.0,519.0,519.0,519.0
B002O04V4U,,112.0,,112.0,112.0
B002OC1LL4,247.0,247.0,247.0,247.0,247.0
B002OCZIFE,,,,,6.0
B002OHSW20,,,5.0,,
B002OINK8U,,,5.0,,
B002OJ6SA6,,,,11.0,11.0
B002OJ77SI,,603.0,,,603.0
B002OL7UJ2,24.0,,,24.0,24.0
B002OLLSU4,334.0,334.0,,334.0,334.0
B002OLOAHC,,,,,115.0
B002OLQAQG,,794.0,794.0,794.0,794.0
B002OLQASY,1769.0,,1769.0,,1769.0
B002ONCHFM,,630.0,630.0,630.0,630.0
B002ONCHG6,210.0,210.0,210.0,210.0,210.0
B002ONCHHA,,,210.0,,210.0
B002ONCHHU,50.0,50.0,50.0,50.0,50.0
B002ONCHIO,4335.0,4335.0,4335.0,4335.0,4335.0
B002ONCHIY,126.0,,126.0,,126.0
B002ONCHJI,630.0,630.0,630.0,630.0,630.0
B002ONCHK2,630.0,630.0,630.0,630.0,630.0
B002OPRSS6,66.0,,66.0,,66.0
B002P24KPM,,,,,22.0
B002P3L99G,29993.0,29993.0,29993.0,29993.0,29993.0
B002P59SIS,12.0,,,,
B002P5HDQ2,,,58.0,,58.0
B002P5J58Q,262.0,262.0,,262.0,262.0
B002P5Q7DW,,,2716.0,,2716.0
B002P6GAOW,,,56.0,56.0,56.0
B002P6NGQ2,567.0,,567.0,,
B002P9BP3K,638.0,,638.0,,638.0
B002P9FG4E,,,66.0,66.0,66.0
B002P9IFXI,,,,,16.0
B002P9KRHU,,,,,1341.0
B002P9LOZY,,,,33.0,
B002P9OZMI,,14.0,,,
B002PA2LNC,1272.0,1272.0,1272.0,1272.0,1272.0
B002PANQHM,225.0,225.0,225.0,225.0,225.0
B002PAR53S,,986.0,986.0,,986.0
B002PAR54C,986.0,986.0,986.0,986.0,986.0
B002PAR556,,69.0,,,69.0
B002PAR560,986.0,986.0,986.0,986.0,986.0
B002PAR56U,986.0,986.0,986.0,986.0,986.0
B002PAR57E,986.0,986.0,986.0,,986.0
B002PB7KBO,,,,229.0,229.0
B002PCUJ2A,,,,,138.0
B002PHRLC6,529.0,,,529.0,529.0
B002PHX9AE,,595.0,,595.0,595.0
B002PIFY6K,,,,,1238.0
B002PJ8GZK,,,,,6335.0
B002PJV300,,,,,1233.0
B002PJWX1S,,,,,413.0
B002PK7XDA,,,,,18.0
B002PN2AZI,,,153.0,,
B002PYN58I,,,,50.0,50.0
B002Q4RDXU,88.0,,88.0,88.0,88.0
B002Q4XPMI,126.0,126.0,,126.0,126.0
B002Q4YY1O,30.0,,30.0,,30.0
B002Q4ZME2,,,,,22.0
B002Q52NM0,674.0,674.0,674.0,674.0,674.0
B002Q52YKG,422.0,422.0,422.0,422.0,422.0
B002Q6UK9M,,,,,34317.0
B002Q7K820,,,,,14.0
B002Q7M6AW,,11.0,,,
B002Q7Q7MU,,,,,270.0
B002Q7RAG2,,,,,5.0
B002Q7RAP8,,,,,2.0
B002Q7VLOO,,,,,7.0
B002Q7VUWM,3673.0,,,3673.0,3673.0
B002Q83056,,,,,196.0
B002QBDMB0,,,,,264.0
B002QEUWSS,2102.0,,2102.0,2102.0,2102.0
B002QG6P9G,2189.0,2189.0,2189.0,2189.0,2189.0
B002QGDBIO,2211.0,2211.0,2211.0,2211.0,2211.0
B002QGGQ7W,,,595.0,,595.0
B002QGJX6I,15.0,,15.0,,15.0
B002QNS3CQ,,,,,88.0
B002QTITG0,,,,,83.0
B002QW8KMK,,,,,6.0
B002QYJYUK,17891.0,17891.0,17891.0,17891.0,17891.0
B002R2OLYA,1183.0,1183.0,1183.0,1183.0,1183.0
B002R37VHS,,,,,6.0
B002R5NAQC,,,,,17.0
B002R8SE56,,,,,3.0
B002RANEAE,,,,,49.0
B002RBGYXW,1066.0,,,1066.0,1066.0
B002RBHU2G,,,,,12.0
B002RCBDUU,,,,61.0,61.0
B002RCFG3K,894.0,,,894.0,894.0
B002RCH4ZI,,,,,53.0
B002RCMLHY,,,,,11.0
B002RCOH7G,,,,,7.0
B002RCQJ2W,,,,,19.0
B002RCXL3M,165.0,,165.0,165.0,165.0
B002RCZ7R0,,260.0,260.0,260.0,260.0
B002RCZ8JM,,,,174.0,174.0
B002RCZCF2,152.0,152.0,,,152.0
B002RD5T04,,,,4.0,
B002RGPP2I,,,,,445.0
B002RS6IY0,1953.0,1953.0,1953.0,1953.0,1953.0
B002RS6J3A,862.0,862.0,862.0,862.0,862.0
B002RS6J4E,1458.0,1458.0,1458.0,1458.0,1458.0
B002RS6JBC,5073.0,5073.0,5073.0,5073.0,5073.0
B002RS6JOE,1016.0,1016.0,1016.0,1016.0,1016.0
B002RS6K9S,,,,,33.0
B002RS6KIE,691.0,691.0,691.0,691.0,691.0
B002RS6KNE,,,,,57.0
B002RS6KQG,1965.0,1965.0,1965.0,1965.0,1965.0
B002RS6KWA,61.0,,61.0,,61.0
B002RS6L10,2922.0,2922.0,2922.0,2922.0,2922.0
B002RSC45W,236.0,,,236.0,236.0
B002RSDTF6,,,1291.0,,
B002RSUPD0,,,54.0,54.0,54.0
B002RT70TG,,,,34.0,34.0
B002RT710Y,8039.0,8039.0,8039.0,8039.0,8039.0
B002RT711S,1118.0,1118.0,1118.0,1118.0,1118.0
B002RT718G,164.0,164.0,,164.0,164.0
B002RT71CW,504.0,504.0,,504.0,504.0
B002RT71DG,508.0,,,508.0,508.0
B002RT71HC,1167.0,1167.0,1167.0,1167.0,1167.0
B002RT71OA,83.0,,83.0,,83.0
B002RT71OU,41.0,,,41.0,41.0
B002RT71PE,,,,,72.0
B002RT71RM,3597.0,,,3597.0,3597.0
B002RT71UO,1024.0,1024.0,1024.0,1024.0,1024.0
B002RT720I,4535.0,4535.0,4535.0,4535.0,4535.0
B002RYGPSS,36.0,,,,36.0
B002RZKFAQ,96.0,96.0,96.0,96.0,96.0
B002RZSWOC,7.0,,,,7.0
B002RZSWQK,137.0,,137.0,137.0,137.0
B002RZSWSI,,,,,529.0
B002RZUIAI,,,,529.0,529.0
B002RZUINA,,,22.0,,22.0
B002RZWA4A,,,,5.0,5.0
B002RZY1NI,,,,,104.0
B002RZZXYE,1727.0,,,,1727.0
B002S50SSE,,,,,9.0
B002S51CZW,135.0,,,135.0,135.0
B002S51D4M,,,,,9.0
B002S54Y66,327.0,327.0,327.0,327.0,327.0
B002S54YCK,1579.0,1579.0,1579.0,1579.0,1579.0
B002S56Y0U,,1579.0,,,1579.0
B002S56Y3W,,,1579.0,,1579.0
B002S58GAQ,,,,,13.0
B002S5CEF4,1579.0,1579.0,1579.0,1579.0,1579.0
B002SBOQPE,,,,,149.0
B002SCDZ8W,,,29.0,29.0,29.0
B002SKOONO,,107.0,107.0,,107.0
B002SKPP6O,,,2269.0,2269.0,
B002SMNBXG,1889.0,,1889.0,1889.0,1889.0
B002SOT8JA,77.0,,,77.0,77.0
B002SPYM4K,,,,,164.0
B002SPYPMY,,,,,1349.0
B002SQ16CK,,,,,9.0
B002SQ6K1M,162.0,,162.0,162.0,162.0
B002SQ72B4,16.0,,,,
B002SR4UJA,114.0,,114.0,114.0,114.0
B002SR8XSO,,,,,131.0
B002SRCBP0,145.0,,,,145.0
B002SRFMX8,,,,,246.0
B002SRMXDU,,,,,347.0
B002SRUFGM,,,9.0,,
B002SRWE3O,,,,,70.0
B002SRYIN8,3232.0,,,3232.0,3232.0
B002SS06G0,,,,,66.0
B002SS075K,145.0,,145.0,,145.0
B002SS32GG,,,,,61.0
B002SUXSKO,,,153.0,,153.0
B002SVITUM,,38.0,,38.0,38.0
B002SYXHTC,2513.0,2513.0,2513.0,2513.0,2513.0
B002SYZLS2,,650.0,650.0,650.0,650.0
B002T0WWH8,4.0,,,,
B002T5KF9U,,,,85.0,85.0
B002TBC5RY,,,,,159.0
B002TDHQZ8,,,,68.0,
B002TDUOUW,10.0,,,,
B002TIR3YC,,,,,166.0
B002TKUBVC,3298.0,,3298.0,3298.0,3298.0
B002TLT2WU,,,,,6.0
B002TLT3H4,348.0,348.0,348.0,348.0,348.0
B002TLT5VI,29.0,,,29.0,29.0
B002TN4APC,,,,,6.0
B002TO1POK,,,,71.0,71.0
B002TSOJGC,3122.0,3122.0,3122.0,3122.0,3122.0
B002TSP6L4,,,,,37.0
B002TSUSO4,,,,,20.0
B002TSUWKE,,63.0,,,63.0
B002TW16IW,290.0,290.0,290.0,290.0,290.0
B002U0KUSU,60.0,,,60.0,60.0
B002U0KUTE,16194.0,16194.0,16194.0,16194.0,16194.0
B002U1DNL0,,,90.0,,90.0
B002U1FR4Q,,,90.0,90.0,
B002U2OTYE,,,,15.0,15.0
B002U2QLGS,,,,,34.0
B002UD52QW,,,20.0,,20.0
B002UD52R6,,,113.0,113.0,113.0
B002UD52RQ,,,,42.0,42.0
B002UD52SA,,,,15.0,15.0
B002UD52TO,47.0,47.0,47.0,,47.0
B002UD52US,,,,,49.0
B002UD52V2,,,,,7.0
B002UDZ1FO,11.0,,11.0,,
B002UED7D6,,,,11.0,
B002UEF8P6,,,,,2119.0
B002UEGJWC,,,,82.0,82.0
B002UEGPLM,,,,86.0,86.0
B002UEIQXM,,,,,17.0
B002UEMBX8,,,,,8.0
B002UEMRS2,,,,,4.0
B002UEULLM,,,,16.0,
B002UGO1KC,,286.0,,286.0,286.0
B002UL33GA,,,15.0,,15.0
B002UL34TQ,,,,2.0,2.0
B002ULK264,,,,,657.0
B002ULPRNM,,,92.0,,92.0
B002UNALAE,251.0,,,251.0,251.0
B002UNC91S,251.0,,,251.0,251.0
B002UNE8RQ,,,,,251.0
B002UNGDQA,251.0,,,,
B002UO5LRG,,,,,4.0
B002UOCTSU,97.0,97.0,97.0,97.0,97.0
B002UQ7XQG,289.0,,289.0,289.0,289.0
B002UQSKCC,,,,,111.0
B002UWVNE8,,,,2682.0,
B002UXRBHK,,,,3.0,
B002UXRCTM,,,,,23.0
B002UXRCVU,,15.0,,15.0,15.0
B002UXRCW4,,,,6.0,6.0
B002UXRCWO,,,,17.0,17.0
B002UXRCWY,,,,,2.0
B002UXRCX8,,102.0,102.0,102.0,102.0
B002UXRCXI,,,17.0,,17.0
B002UXRCXS,,,,11.0,11.0
B002UXRCYW,,,5.0,,
B002UXRCZG,,,,7.0,7.0
B002UXRD00,73.0,,,,73.0
B002UXRD0A,30.0,,,,30.0
B002UXRD1E,,,3.0,,
B002UXRD2S,,,,14.0,14.0
B002UXRD32,,29.0,29.0,29.0,29.0
B002UXRD3C,,,,,6.0
B002UXRD4G,,6.0,,6.0,6.0
B002UXRD4Q,26.0,,,,26.0
B002UXRD50,,,,,4.0
B002UXRD5A,,9.0,,,
B002UXRD5K,,,,,7.0
B002UXRDAK,,,,,5.0
B002UXRDBO,6.0,,,,6.0
B002UXRDDW,165.0,,165.0,165.0,165.0
B002UXRDE6,38.0,,,,38.0
B002UXRDFA,,,38.0,,38.0
B002UXRDGY,,,,,38.0
B002UXRDIC,13.0,,,,13.0
B002UXRDJ6,490.0,,,,490.0
B002UXRDJQ,12.0,,,,
B002UXRDK0,297.0,297.0,297.0,297.0,297.0
B002UXRDKA,478.0,478.0,,,478.0
B002UXRDL4,168.0,168.0,168.0,168.0,168.0
B002UXRDLE,101.0,101.0,,101.0,101.0
B002UXRDM8,,,1.0,,
B002UXRDMS,6130.0,6130.0,6130.0,6130.0,6130.0
B002UXRDN2,225.0,225.0,225.0,225.0,225.0
B002UXRDNC,69.0,69.0,69.0,69.0,69.0
B002UXRDNM,64.0,64.0,,64.0,64.0
B002UXRDNW,41.0,41.0,41.0,41.0,41.0
B002UXRDOG,,,,,25.0
B002UXRDP0,,,62.0,62.0,62.0
B002UXRDPA,440.0,440.0,440.0,440.0,440.0
B002UXRDPU,102.0,102.0,102.0,102.0,102.0
B002UXRDRS,,,,,3.0
B002UXRDSC,,,,,8.0
B002UXRDY6,174.0,174.0,174.0,174.0,174.0
B002UXRDYG,79.0,79.0,79.0,79.0,79.0
B002UXRE1I,,,17.0,17.0,
B002UXRE22,,,,,13.0
B002UXRE2W,,20.0,,20.0,20.0
B002UXRE3G,,,2.0,,
B002UXRE4U,6130.0,6130.0,6130.0,6130.0,6130.0
B002V7T8BC,617.0,617.0,,617.0,617.0
B002V7XKRK,,97.0,,97.0,97.0
B002V7YE52,289.0,289.0,289.0,,289.0
B002V7Z8AW,,265.0,,,265.0
B002VINPM4,,,,,29.0
B002VINRJA,,,,,3.0
B002VJLWCI,34.0,,,34.0,34.0
B002VJSGO0,1274.0,1274.0,1274.0,1274.0,1274.0
B002VKAC3C,2813.0,,2813.0,2813.0,2813.0
B002VM7ILE,,,77.0,77.0,77.0
B002VRXRGO,,,74.0,,74.0
B002VS3Q7I,,,16.0,,
B002VTHXLC,,,,,536.0
B002VTVSZ4,,,,,54.0
B002VY2FQK,,,,,33.0
B002VYH6IC,,,,6.0,
B002VZRAFA,758.0,,758.0,758.0,758.0
B002W2BQAM,,283.0,,283.0,283.0
B002WBXCPA,,152.0,,,152.0
B002WCJOXI,,,393.0,,393.0
B002WDIPR8,,,,,41565.0
B002WDKJZO,2962.0,2962.0,2962.0,2962.0,2962.0
B002WDMOMA,,,,,19547.0
B002WDMS94,153.0,153.0,153.0,153.0,153.0
B002WDPX6Y,,,,,13.0
B002WDXYP6,,,,,4.0
B002WF3OWW,73.0,,,,73.0
B002WJKQZQ,,10.0,,,10.0
B002WO7230,,,,891.0,891.0
B002WO8X06,,,,,891.0
B002WQ1G8U,,85.0,85.0,85.0,85.0
B002WTC38Y,11295.0,11295.0,11295.0,11295.0,11295.0
B002WTC3AC,5717.0,5717.0,5717.0,5717.0,5717.0
B002WTC3AW,6713.0,6713.0,6713.0,6713.0,6713.0
B002WTC3BQ,9893.0,9893.0,9893.0,9893.0,9893.0
B002WTC3C0,10743.0,10743.0,10743.0,10743.0,10743.0
B002WUJL9W,,,,38.0,38.0
B002WZG2R6,,,,130.0,130.0
B002WZGFVY,,,,,102.0
B002WZGFWS,2908.0,,2908.0,2908.0,2908.0
B002WZI6CU,6009.0,6009.0,6009.0,6009.0,6009.0
B002WZJQLA,2037.0,2037.0,2037.0,2037.0,2037.0
B002WZM85Q,,,,9457.0,9457.0
B002WZPDMG,9302.0,,9302.0,9302.0,9302.0
B002X0J8BW,,,1858.0,,1858.0
B002X0SQRO,,,,,6.0
B002X7WV32,192.0,,,192.0,192.0
B002XA00FU,4075.0,,,,
B002XBWSS6,,217.0,217.0,217.0,217.0
B002XDETCW,,,,22.0,
B002XDMOT2,,,34.0,,34.0
B002XGMHXW,2865.0,2865.0,,2865.0,2865.0
B002XITXZA,,,1004.0,,1004.0
B002XIZNM2,,,,9227.0,
B002XN5Q1A,,28.0,28.0,28.0,28.0
B002XO4E5S,,441.0,441.0,,441.0
B002XO6A3M,,29.0,,,29.0
B002XO6EOW,,,,,14.0
B002XO87GK,,,,196.0,196.0
B002XO882S,,,984.0,,984.0
B002XOA16E,,984.0,,,984.0
B002XOLAFA,,,,,186.0
B002XQ1R0G,,,,8.0,
B002XQ1REC,,,,,2.0
B002XQ1RJC,,,,,10723.0
B002XQ1RJW,10723.0,,10723.0,10723.0,10723.0
B002XQ1TSG,576.0,,576.0,576.0,576.0
B002XQ1TTK,248.0,,248.0,248.0,248.0
B002XQ1UQ2,233.0,,,233.0,233.0
B002XQ1USU,,,,,292.0
B002XQ1XBO,30.0,,,,
B002XQ1XO6,,,,,73.0
B002XQ1YOU,,3298.0,3298.0,3298.0,3298.0
B002XQ1YT0,,,,2865.0,2865.0
B002XQ1YTK,2865.0,2865.0,2865.0,2865.0,2865.0
B002XQ264C,,,,,32.0
B002XRXDK2,5291.0,,,,5291.0
B002XXB5FG,,246.0,246.0,246.0,246.0
B002XXXKMW,,,7.0,,7.0
B002XXZZZC,61.0,,61.0,61.0,61.0
B002XZLAWM,41565.0,41565.0,41565.0,41565.0,41565.0
B002Y0IX94,1410.0,,1410.0,1410.0,1410.0
B002Y0KU4A,,,,,33.0
B002Y2Z6M4,4438.0,,4438.0,4438.0,4438.0
B002Y7DOGO,,,,,50.0
B002Y97GFC,,,,,85.0
B002Y9AXU2,,,,36.0,
B002YEVSUQ,,,,24.0,24.0
B002YHTQPM,,,,,7918.0
B002YJ0PMS,,,,,7.0
B002YJ5CHQ,3155.0,3155.0,3155.0,3155.0,3155.0
B002YJ5FXC,,,,,13.0
B002YJAV3Q,,311.0,,311.0,311.0
B002YK52OS,,,162.0,162.0,162.0
B002YK52PW,,,,,21.0
B002YK52QG,,,,12.0,
B002YK52RK,65.0,,,,65.0
B002YK52UW,18.0,,18.0,18.0,18.0
B002YK52WA,,,,,364.0
B002YK52X4,,25.0,,,
B002YK5310,,,,,40.0
B002YK531A,,,,,1749.0
B002YK534C,,,,10.0,10.0
B002YK537E,,,,36.0,36.0
B002YK53CO,18.0,,18.0,18.0,18.0
B002YK53DI,,,,25.0,25.0
B002YK53DS,,,,,21.0
B002YK53GK,,,,,12.0
B002YK53GU,41.0,,,,41.0
B002YK53H4,41.0,41.0,,41.0,41.0
B002YK53I8,173.0,,,,173.0
B002YK53K6,,295.0,295.0,295.0,295.0
B002YK53OM,12.0,,,,
B002YK53P6,41.0,41.0,,,
B002YK53Q0,,,,,41.0
B002YK53VK,,,279.0,,279.0
B002YK53YC,,40.0,,,
B002YK53YW,422.0,422.0,,,422.0
B002YK53ZG,105.0,,,105.0,105.0
B002YK53ZQ,,,360.0,,360.0
B002YK5478,,,35.0,,35.0
B002YK547S,,,,9.0,
B002YK548C,,29.0,,29.0,29.0
B002YK548M,,,,21.0,21.0
B002YK54BE,,,29.0,,
B002YK54BO,16.0,,16.0,,
B002YK54CS,,,,,6.0
B002YK54DC,,16.0,,,16.0
B002YK54E6,,295.0,,,295.0
B002YK54GE,,,35.0,35.0,35.0
B002YK54GO,,,181.0,181.0,181.0
B002YK54GY,18.0,,,,18.0
B002YK54H8,14.0,,,,
B002YK54HS,,,61.0,,61.0
B002YK54IM,,64.0,64.0,,64.0
B002YK54JG,29.0,,,,
B002YK54LO,,,,,35.0
B002YK54MI,,29.0,,29.0,
B002YK54MS,,,,,38.0
B002YK54NC,,,,,10.0
B002YK54NW,,,,,48.0
B002YK54P0,,,,,14.0
B002YK54PU,,,,,43.0
B002YK54QY,,,,22.0,22.0
B002YK54RS,,,,,17.0
B002YK54S2,16.0,,,,16.0
B002YK54SC,45.0,,,,45.0
B002YK54SM,,297.0,297.0,297.0,
B002YK54VO,,,,,1749.0
B002YK54W8,,,,88.0,
B002YK54WI,18.0,18.0,18.0,18.0,18.0
B002YK54WS,,,,,71.0
B002YK54XC,,54.0,54.0,,54.0
B002YK54Y6,,,,,13.0
B002YK54YQ,,,,,8.0
B002YK54ZA,76.0,,,,76.0
B002YK54ZU,30.0,,,30.0,30.0
B002YK5504,,,,,18.0
B002YK550E,,,,,15.0
B002YK553G,,,155.0,155.0,155.0
B002YK553Q,,,,,15.0
B002YPGDQ4,,,,675.0,
B002YPIDZS,,,7.0,,7.0
B002YPKCUW,,,,41.0,41.0
B002YR2D5W,4015.0,4015.0,4015.0,4015.0,4015.0
B002YR4Y4K,1461.0,1461.0,1461.0,1461.0,1461.0
B002YUZ5EK,67.0,67.0,,67.0,67.0
B002YY26T8,,17.0,17.0,17.0,17.0
B002Z01QNS,,,1165.0,1165.0,1165.0
B002Z0QKJS,4277.0,4277.0,4277.0,4277.0,4277.0
B002Z34W5Y,,,,,31.0
B002Z36VWQ,244.0,244.0,,244.0,244.0
B002Z7FU3I,467.0,,467.0,467.0,467.0
B002Z7FVGO,,,,84.0,84.0
B002Z7FVHS,,,,35.0,35.0
B002Z7FVVO,,97.0,,,
B002Z8JAOW,,23.0,,,
B002ZBGS5S,,,,,164.0
B002ZBMHZ8,1339.0,1339.0,1339.0,,1339.0
B002ZF34TC,,,,,4.0
B002ZH7M0C,,,,,381.0
B002ZJFAXG,,,66.0,,
B002ZMDEC2,852.0,852.0,852.0,852.0,852.0
B002ZNSZ70,,,26.0,,26.0
B002ZO3VF0,,,221.0,221.0,221.0
B002ZP29CU,80.0,,80.0,80.0,80.0
B002ZSW5RQ,43.0,,,43.0,43.0
B002ZXGYU0,,,,7.0,7.0
B00303GLXY,,,975.0,,975.0
B00306499O,,,,,57.0
B003083ZW4,1429.0,1429.0,1429.0,1429.0,1429.0
B0030DOCBC,,,,,14.0
B0030F6BDW,,,,,611.0
B0030H3FE8,38.0,,38.0,,38.0
B0030IVTKY,,,,144.0,144.0
B0030M956U,,,,,121.0
B0030NV2YW,4684.0,4684.0,4684.0,4684.0,4684.0
B0030SXMRM,,,,,68.0
B0030TTS9M,30.0,30.0,30.0,30.0,30.0
B0030TU3GY,,,,,170.0
B0030TZK6M,30.0,,30.0,30.0,30.0
B0030U1XDU,,,,,170.0
B0030UU41C,,,,,129.0
B0030YS6W2,,,,25.0,
B0030YUQWA,,12.0,,,
B0030YX0B4,,,25.0,,
B0030ZOYH2,,,,,597.0
B00315CLHG,,,,,10.0
B003176BES,345.0,345.0,345.0,345.0,345.0
B00317E64U,3358.0,,,,
B00317FVO4,,,,,27062.0
B00317HWF0,29.0,29.0,,,29.0
B0031NK0TE,,,,,111.0
B0031NL3JA,,,,,151.0
B0031NLKJI,,,,11.0,
B0031NNE56,26375.0,26375.0,26375.0,26375.0,26375.0
B0031NPFCG,,,,,34.0
B0031NSK5K,,25.0,,,
B0031NYVQW,,74.0,74.0,,74.0
B0031O0ZWA,,,,320.0,320.0
B0031Y7PD2,,,,,19.0
B0031Y7PNW,,1136.0,1136.0,1136.0,1136.0
B0031ZX7QK,,,,,4975.0
B003201F04,,,,4975.0,4975.0
B003203ACA,,453.0,453.0,453.0,453.0
B003204OKM,,,4975.0,,4975.0
B00322R4S4,,16.0,,,
B00325D0WK,42173.0,42173.0,42173.0,42173.0,42173.0
B00328M91U,,,,13.0,13.0
B00328S8BK,457.0,,457.0,457.0,457.0
B0032B3RTK,2213.0,2213.0,2213.0,2213.0,2213.0
B0032B3VM8,,,,,38.0
B0032B9F3W,,,,,38.0
B0032CUJCM,,8.0,,,
B0032ERIZG,,,,,72.0
B0032ET1II,,,13.0,,13.0
B0032GP7RK,,,,,61.0
B0032GXHYA,,,,19.0,19.0
B0032JFR0O,58.0,58.0,58.0,58.0,58.0
B0032P7T22,,,,698.0,698.0
B0032QG1CA,,,,,32.0
B0032TWKCM,,,,,16.0
B0032YV8RU,,,,91.0,91.0
B0032YVXP2,,,,,13.0
B0032YX68O,,,,,22.0
B0032Z21HK,266.0,266.0,266.0,266.0,266.0
B0032Z24JU,,,25.0,25.0,25.0
B0032Z3CDW,,,,,233.0
B00331NP4G,273.0,,273.0,273.0,273.0
B00336VPIO,,,,,8.0
B00338LNL6,,,,,41565.0
B0033HXR9I,984.0,984.0,984.0,984.0,984.0
B0033QTYRS,,,,,45.0
B0033YKBZO,,,,,11.0
B0033ZKBOY,370.0,,,,370.0
B0034E103K,465.0,465.0,465.0,465.0,465.0
B0034E31BE,,,88.0,88.0,88.0
B0034E4UJG,,,5.0,,5.0
B0034EA60I,845.0,,,845.0,845.0
B0034EAJJ6,1748.0,1748.0,1748.0,1748.0,1748.0
B0034SHUV2,45.0,,,45.0,45.0
B00351VOUQ,2319.0,2319.0,2319.0,2319.0,2319.0
B00352GMFM,4684.0,4684.0,4684.0,4684.0,4684.0
B00354QIEU,,,328.0,328.0,328.0
B00354QIW2,4975.0,,4975.0,4975.0,4975.0
B00354UCF6,,4975.0,4975.0,,4975.0
B003554PYO,2468.0,2468.0,2468.0,2468.0,2468.0
B0035AN2WU,31737.0,31737.0,31737.0,31737.0,31737.0
B0035BAWVS,121.0,,,,121.0
B0035BOFRK,,,101.0,,101.0
B0035GO584,,,,,2492.0
B0035I768S,,447.0,,,447.0
B0035M6U04,162.0,,162.0,162.0,162.0
B0035NDW04,,,235.0,,235.0
B0035TVSY0,,,,37.0,37.0
B0035Y65VQ,8749.0,8749.0,8749.0,8749.0,8749.0
B0035Y80JQ,8749.0,8749.0,8749.0,,8749.0
B0035Y9VKS,,,,,23.0
B0035YFH6K,88.0,88.0,,88.0,88.0
B0035Z7CCG,,921.0,921.0,921.0,921.0
B003625U4K,11.0,,,,
B003627RBY,102.0,,102.0,102.0,102.0
B00366JMQS,,,,,1.0
B0036B764I,,,,,2.0
B0036BCU3K,,,,40.0,40.0
B0036FBUS2,33.0,,,33.0,33.0
B0036FKCOU,,,,,66.0
B0036FTF7K,,1050.0,1050.0,,1050.0
B0036G153G,,,438.0,,438.0
B0036G15HC,,,,,12.0
B0036G2WTM,,,,,284.0
B0036G31JC,,,,,36.0
B0036G34X0,,,,15.0,15.0
B0036G70BM,443.0,443.0,443.0,443.0,443.0
B0036SFTK4,41565.0,41565.0,41565.0,41565.0,41565.0
B0036SFTQI,,6285.0,6285.0,6285.0,6285.0
B0036U52G8,,,,,36.0
B0036UA2OK,1412.0,,,1412.0,1412.0
B0036UC3L0,2813.0,,,,2813.0
B0036UIBUM,,,,15.0,
B0036UW5VS,3.0,,3.0,3.0,3.0
B0036VT1AK,,,,,79.0
B0036VURV2,,,,880.0,880.0
B0036XNLD6,172.0,172.0,,,172.0
B0036XOA2M,,439.0,439.0,439.0,439.0
B0036XUYAE,,,,16.0,
B0036YK4EO,,,,,1.0
B0036Z466A,,,,88.0,88.0
B0036Z7XXS,,,,,114.0
B0036ZXA58,,79.0,,79.0,
B0036ZYMGO,,880.0,,,880.0
B00370661M,,,,880.0,880.0
B003706I7O,,,152.0,152.0,152.0
B003708ZBQ,,,,1721.0,
B003709CUE,1174.0,1174.0,1174.0,1174.0,1174.0
B00371C002,,128.0,,128.0,128.0
B00373Z7G4,,,,35.0,35.0
B003741UKK,,136.0,136.0,136.0,136.0
B00374F5CY,5531.0,5531.0,5531.0,5531.0,5531.0
B003750672,40.0,,40.0,40.0,40.0
B00375BUQ8,1346.0,1346.0,1346.0,1346.0,1346.0
B00375L8I8,170.0,170.0,170.0,170.0,170.0
B00375L8N8,188.0,,,,188.0
B00375L8QK,66.0,,,,66.0
B00375L8R4,,4148.0,,4148.0,4148.0
B00375L8RO,1168.0,1168.0,1168.0,1168.0,1168.0
B00375L8S8,447.0,,447.0,447.0,447.0
B00375L8SI,9421.0,9421.0,9421.0,9421.0,9421.0
B00375L8TC,,,,,7.0
B00375L8TM,302.0,,302.0,302.0,302.0
B00375L8X8,79.0,,,79.0,
B00375L9Q4,,,,,269.0
B00375RCJ2,,,,,84.0
B00375SQO2,,,,71.0,
B00375UX52,,,,3435.0,
B00375X6UG,,,,107.0,107.0
B00375XT4E,,788.0,,788.0,788.0
B00375ZPNC,,,,69.0,69.0
B003761K76,,,,,5.0
B003763ML8,,,,,700.0
B003764EIS,,25.0,,,
B003765DLK,,,,12.0,12.0
B003766POO,,,,1352.0,1352.0
B0037AKUIW,4975.0,,,,4975.0
B0037AON7Q,,,,,4.0
B0037AON8K,4975.0,,,,4975.0
B0037BUJNW,1104.0,,1104.0,1104.0,1104.0
B0037H3W8A,,,,,33.0
B0037I6ILC,13.0,,13.0,,13.0
B0037IESXC,1385.0,,1385.0,1385.0,1385.0
B0037IN1RQ,34.0,,34.0,,34.0
B0037IOZEE,,,69.0,,
B0037LRZ0M,,,61.0,61.0,61.0
B0037M6Z16,,,,,85.0
B0037MHVOQ,,374.0,,,374.0
B0037MIMLW,27598.0,27598.0,27598.0,27598.0,27598.0
B0037MQAHA,,,,,5.0
B0037MR78Q,,,,,72.0
B0037O5920,148.0,,148.0,148.0,148.0
B0037O72TI,,,,,38.0
B0037O8K76,108.0,,,,108.0
B0037ZEDM6,,,,3.0,
B0037ZFVLI,,,,68.0,
B0037ZH44U,,,,,17.0
B0037ZTRAY,,,,,21.0
B00380VBLQ,16.0,,,,
B003832ECI,,,,,9.0
B00383HHT8,141.0,141.0,141.0,,141.0
B00384C39Q,22.0,,,,22.0
B00384HBJ8,,,,24.0,24.0
B00384JA8S,,,,,7.0
B00384JB6Y,,,,23.0,
B0038APHBG,,,,165.0,165.0
B0038AVP94,,,,1710.0,1710.0
B0038B1FZ2,3576.0,,3576.0,,3576.0
B0038BE8CY,88.0,,88.0,88.0,88.0
B0038COKQ2,,1058.0,1058.0,1058.0,1058.0
B0038CS02W,,,1407.0,1407.0,1407.0
B0038KR3L8,,,,,76.0
B0038QWDIU,5.0,,,,
B0038R1WOU,,,2.0,,
B0038RCCUS,,,35.0,,
B0038RNR84,,,,,5.0
B0038SILY8,81.0,,,,81.0
B0038TN5KW,,,1721.0,,1721.0
B0038TN5RA,,,840.0,,840.0
B0038TP7OE,840.0,,840.0,840.0,840.0
B0038TQZ3G,220.0,,220.0,,220.0
B0038TQZ8G,,,1721.0,1721.0,1721.0
B0038TQZAY,880.0,,,880.0,880.0
B0038ZL1BQ,,,102.0,,102.0
B0038ZQFXA,,,,,79.0
B00390DN34,15185.0,15185.0,15185.0,15185.0,15185.0
B00392L578,1097.0,1097.0,1097.0,1097.0,1097.0
B00394A0CC,,97.0,,97.0,97.0
B00396OTJ0,2508.0,2508.0,2508.0,2508.0,2508.0
B00396VE7U,2382.0,2382.0,2382.0,2382.0,2382.0
B0039BGHX6,492.0,492.0,492.0,492.0,492.0
B0039KC54W,,,2.0,,
B0039NJ9IE,,,,,19.0
B0039NP1HM,,,,,12.0
B0039QYMBA,,,,,19.0
B0039T6OZO,,,,,3601.0
B0039UJ4FA,,,92.0,,92.0
B0039UJ59U,,,,104.0,104.0
B0039UJ5AE,,263.0,263.0,263.0,263.0
B0039UL96W,,,,,92.0
B0039UL9YO,,172.0,,172.0,172.0
B0039UO34W,52.0,52.0,,,52.0
B0039UROPW,4148.0,4148.0,4148.0,4148.0,4148.0
B0039UWFG0,,,,,11.0
B0039V4NDW,,27.0,27.0,,27.0
B0039VMLWW,130.0,130.0,130.0,130.0,130.0
B0039W0UOM,7934.0,7934.0,7934.0,7934.0,7934.0
B003A6KL3C,,,,,86.0
B003A6LZEQ,,,11.0,,
B003A8K1DK,,,7.0,,
B003A9V89U,,,,367.0,
B003AA1VXM,,,,,1349.0
B003AGXQFW,,3.0,,,
B003AHFK78,,,,,196.0
B003AK3FX6,,,,,2468.0
B003AR4CKE,,,39.0,,39.0
B003ARHPI0,,,,,66.0
B003ASSRWC,,,52.0,,52.0
B003AT0G7K,,,44.0,,44.0
B003AXXL82,,,,4.0,
B003AY949G,18468.0,18468.0,18468.0,18468.0,18468.0
B003B3FN7I,,,,,19.0
B003B3VEKS,,,,,3.0
B003B6NU7U,,,,,55.0
B003B6S36S,3819.0,3819.0,3819.0,3819.0,3819.0
B003BE23NE,,,,,10.0
B003BE3ELE,,,,,8.0
B003BE3EQ4,,,,,18.0
B003BE3F9A,,,,,60.0
B003BE52B4,789.0,789.0,789.0,789.0,789.0
B003BE52BY,,,,,70.0
B003BE6QSC,86.0,86.0,,86.0,86.0
B003BE6SDK,,,,11.0,11.0
B003BE8OJQ,,,,,26.0
B003BE8SCO,,,18.0,18.0,18.0
B003BEAQAQ,,,,,201.0
B003BEARXM,313.0,313.0,313.0,313.0,313.0
B003BEAV9W,,,,,18.0
B003BEAW6O,,,,,64.0
B003BEAWRI,,,,,167.0
B003BEF4SU,,29.0,,,29.0
B003BEF7U0,,,,,247.0
B003BEF8Z4,,,,,14.0
B003BFPBIW,,,813.0,,813.0
B003BI08K0,,,,,268.0
B003BK00ZQ,,,,,17.0
B003BK4CMS,,30.0,,30.0,30.0
B003BK4FKC,,,,19.0,19.0
B003BK9J3A,,,15.0,,15.0
B003BKEO8A,,,,15.0,15.0
B003BM40IW,354.0,354.0,354.0,354.0,354.0
B003BM9N7K,168.0,,168.0,,168.0
B003BMNJ34,,,,,27062.0
B003BQ5B0E,105.0,,105.0,105.0,105.0
B003BQHAGW,,,,,8.0
B003BQJDX0,,,,,101.0
B003BQLBE4,,,,,4.0
B003BQOJI4,,,,17.0,
B003BS1ZWA,,,168.0,,168.0
B003BS1ZYS,,,,168.0,168.0
B003BT6HMW,,,,61.0,61.0
B003BT6HNQ,2949.0,2949.0,2949.0,2949.0,2949.0
B003BW8HU4,,,,,16.0
B003BXT9IW,984.0,984.0,984.0,,984.0
B003C1AFT0,1011.0,1011.0,1011.0,1011.0,1011.0
B003C1CWWI,1509.0,,1509.0,1509.0,1509.0
B003C1ETD8,2122.0,2122.0,2122.0,2122.0,2122.0
B003CFB39C,2798.0,2798.0,2798.0,2798.0,2798.0
B003CFB3A6,2798.0,2798.0,,,2798.0
B003CFB3AG,293.0,293.0,,293.0,293.0
B003CFB3BA,,943.0,943.0,943.0,943.0
B003CFB3EC,16397.0,16397.0,16397.0,16397.0,16397.0
B003CFB3EW,233.0,233.0,,,233.0
B003CH2HO0,,,,,1370.0
B003CH2JZC,,,,,657.0
B003CH5OXQ,,1.0,,,
B003CH7YIE,,24.0,,,24.0
B003CHCYVG,,111.0,111.0,111.0,111.0
B003CICN8O,,,,,271.0
B003CIEP9Y,,,,,24.0
B003CIT832,,,38.0,,38.0
B003CJ1INE,,,,,4.0
B003CJHZKY,,693.0,693.0,,693.0
B003CM4VCQ,,,,,2.0
B003CN78GG,4619.0,4619.0,4619.0,4619.0,4619.0
B003CO9HDW,,,216.0,216.0,216.0
B003CQ2T1M,,,,,2194.0
B003CQZ1A8,108.0,108.0,108.0,108.0,108.0
B003CR2RC2,,,4405.0,4405.0,4405.0
B003CR4KRM,972.0,972.0,972.0,972.0,972.0
B003CYKY4I,,,15.0,,15.0
B003CYKY52,,,,,13.0
B003D30B8W,633.0,,,,633.0
B003D8RKD6,,,,,81.0
B003D8TN4U,,,,,1.0
B003D8ZMLI,,97.0,97.0,,97.0
B003DKKQFS,,,,,42.0
B003DPXT6G,,,415.0,,
B003DQ55BW,,,415.0,,
B003DQP0NA,156.0,156.0,,156.0,156.0
B003DQP0NK,137.0,137.0,137.0,137.0,137.0
B003DQP0NU,206.0,206.0,206.0,206.0,206.0
B003DQP0O4,159.0,159.0,159.0,159.0,159.0
B003DQP1OS,58.0,58.0,,,58.0
B003DS0KQU,,,2807.0,,
B003DV8744,,,,,40.0
B003DV8C9O,2994.0,2994.0,,2994.0,2994.0
B003DVASXM,16092.0,,16092.0,16092.0,16092.0
B003DVCY0C,465.0,465.0,465.0,465.0,465.0
B003E0I6FE,61.0,61.0,61.0,61.0,61.0
B003E0U7YC,,,,,16.0
B003E0U9FY,,,549.0,549.0,549.0
B003E0VJYO,,,,184.0,
B003E0VKTS,,20.0,,,20.0
B003E0WZOW,,,,23460.0,23460.0
B003E0Z0GW,,,61.0,,61.0
B003E0Z1RK,,,19.0,,19.0
B003E0ZCB0,168.0,,,,168.0
B003E114IE,,,,,28.0
B003E139AK,,,212.0,212.0,212.0
B003E14ENQ,,,,,57.0
B003E152QO,,,,,7.0
B003E154LM,,,,13.0,13.0
B003E15NJK,,,,,1639.0
B003E1CYHO,50333.0,50333.0,50333.0,50333.0,50333.0
B003E1D1NK,,,,12223.0,12223.0
B003E1EUA8,,,,,50333.0
B003E1IYZA,,,,,5873.0
B003E1KCIC,,,,,4671.0
B003EENTOS,,,,59.0,59.0
B003EGWQ36,,,163.0,163.0,163.0
B003EGY3B4,435.0,435.0,435.0,435.0,435.0
B003EH3QE8,,163.0,,163.0,
B003EH5MLS,163.0,,163.0,163.0,163.0
B003EHOLAQ,,52.0,52.0,52.0,52.0
B003EJAE6O,,,,110.0,110.0
B003EM96NS,171.0,171.0,171.0,,171.0
B003EMFXNA,3819.0,,3819.0,3819.0,3819.0
B003EMLH4Y,,,,,29.0
B003ENATLU,,,,,9.0
B003EO4AJG,1721.0,1721.0,1721.0,1721.0,1721.0
B003ES7GRA,2054.0,2054.0,2054.0,2054.0,2054.0
B003EUTRRK,1454.0,,,,
B003EUUB0C,,,,18.0,18.0
B003EUZD1E,,44.0,44.0,,44.0
B003EZVBXI,,342.0,,342.0,342.0
B003F18DFU,,,,,88.0
B003F1ZROA,,,,,2.0
B003F25CTY,,1594.0,,,1594.0
B003F25CVC,,,,,239.0
B003F2WEF4,,,56.0,56.0,56.0
B003F7BJ4G,,,2548.0,,
B003F831BE,,,,,54.0
B003F8EWXK,322.0,322.0,322.0,322.0,322.0
B003FIRJ6W,,,,,28.0
B003FIV0HG,,14.0,,,14.0
B003FIWZEI,,,,,30.0
B003FIZ0X6,,,8.0,,
B003FIZ0YK,,,17.0,,
B003FJ10MK,,,,,18.0
B003FPESJG,,,,,13.0
B003FTSB6S,,,,,2054.0
B003FW5GJU,,,,339.0,339.0
B003FXC3N6,,,,,1.0
B003FXK41O,492.0,,492.0,492.0,492.0
B003FXK4Y6,5221.0,5221.0,5221.0,5221.0,5221.0
B003G42Y6A,2620.0,2620.0,2620.0,2620.0,2620.0
B003G4XTE6,,,8749.0,,8749.0
B003GC64HC,2433.0,2433.0,2433.0,2433.0,2433.0
B003GCEDOI,,,,111.0,
B003GE49A4,,,,41565.0,
B003GEBH2C,,,,,301.0
B003GRP068,,86.0,86.0,,86.0
B003GTZH14,17.0,,,,
B003H0U5BY,2618.0,2618.0,2618.0,2618.0,2618.0
B003H17YK8,,,,,23.0
B003H5YNQ2,2433.0,2433.0,,2433.0,2433.0
B003H5YNVC,56.0,,56.0,,56.0
B003H60GEE,,,,3.0,
B003H63JDY,52.0,52.0,52.0,52.0,52.0
B003H77EGQ,3012.0,3012.0,3012.0,3012.0,3012.0
B003H7DR8A,,,163.0,163.0,163.0
B003H7G2M8,,,,401.0,
B003H7GNI6,,,,666.0,666.0
B003H82NBG,,,,161.0,161.0
B003H8D6HG,274.0,,,274.0,274.0
B003H8F19W,,,,64.0,64.0
B003H8LQKK,143.0,143.0,,143.0,143.0
B003H9XTMC,,,,,37.0
B003HFS6EW,,,1749.0,,
B003HFU6WC,,,,,529.0
B003HFVPTK,1213.0,1213.0,1213.0,1213.0,1213.0
B003HFZMM6,,,,156.0,156.0
B003HKZDX4,,,,,820.0
B003HN0S4A,7205.0,7205.0,7205.0,7205.0,7205.0
B003HULDOM,,,,23.0,23.0
B003HUNDPO,,5.0,,,5.0
B003HUOZN8,,,,1.0,
B003HUP190,,,,,22.0
B003HUP27Q,96.0,96.0,96.0,,96.0
B003HUSLG0,,,36.0,,36.0
B003HUSLHY,,,,32.0,32.0
B003I3NEZ4,691.0,691.0,691.0,691.0,691.0
B003I6I25I,,,,,2.0
B003IFEVD6,,,,726.0,
B003IITB9W,,,162.0,,162.0
B003IITG7E,,,,,31.0
B003IIWQNK,229.0,229.0,229.0,,229.0
B003IJF2VC,199.0,,199.0,199.0,199.0
B003IKJS3O,8749.0,8749.0,8749.0,8749.0,8749.0
B003IKJUIW,88.0,88.0,88.0,88.0,88.0
B003IKLX0K,,465.0,,465.0,465.0
B003IKRHTQ,88.0,,,88.0,88.0
B003IQ1N4A,1720.0,1720.0,1720.0,1720.0,1720.0
B003IVER5M,,,,,26.0
B003IX27P2,295.0,295.0,295.0,,295.0
B003IX36H0,6556.0,6556.0,6556.0,6556.0,6556.0
B003IX57CC,6556.0,,,6556.0,6556.0
B003IX7AIQ,6556.0,6556.0,6556.0,6556.0,6556.0
B003IX7AJK,,,,,6556.0
B003IX8TQI,,,,,8.0
B003IX97E6,6556.0,6556.0,6556.0,6556.0,6556.0
B003IXB8O8,,6556.0,,,6556.0
B003IXGV36,,,,,2771.0
B003IYRJMW,520.0,520.0,520.0,520.0,520.0
B003J3AVUO,370.0,370.0,370.0,370.0,370.0
B003J42WVO,,,,,67.0
B003J487CC,184.0,,,,
B003J4AB2G,,,,,7934.0
B003J4OIFW,,,,,13.0
B003J8QJS2,,,,,6.0
B003JAVASY,1086.0,1086.0,1086.0,,1086.0
B003JBKMVE,,,,,3.0
B003JC1424,,,,127.0,127.0
B003JCLOW4,,339.0,,,339.0
B003JCN2C4,,,5278.0,,5278.0
B003JCOY7Q,,,,,5782.0
B003JEC39K,,,,,38.0
B003JJSRYU,,,98.0,98.0,98.0
B003JK9S6K,3121.0,3121.0,3121.0,3121.0,3121.0
B003JKDII4,,,5908.0,,5908.0
B003JKDNQQ,14460.0,14460.0,14460.0,14460.0,14460.0
B003JKE4SW,,,418.0,,418.0
B003JKEEV4,,,,,610.0
B003JKFEL8,34317.0,34317.0,34317.0,34317.0,34317.0
B003JMYB7Y,2391.0,2391.0,2391.0,2391.0,2391.0
B003JMYSTU,1127.0,1127.0,1127.0,1127.0,1127.0
B003JN31DI,511.0,511.0,,,511.0
B003JN4NLM,,,444.0,444.0,444.0
B003JN4NN0,,,,511.0,511.0
B003JN4UUG,,158.0,158.0,,158.0
B003JN57MG,402.0,,,402.0,402.0
B003JN7OLI,444.0,444.0,,444.0,444.0
B003JN7TSG,170.0,,,,170.0
B003JN7UAS,,,73.0,,73.0
B003JN9Q5A,,,,,65.0
B003JSEG4Q,5641.0,5641.0,5641.0,5641.0,5641.0
B003JSEGNC,29993.0,29993.0,29993.0,29993.0,29993.0
B003JUXWS0,145.0,145.0,145.0,145.0,145.0
B003JVRIM0,4436.0,4436.0,4436.0,4436.0,4436.0
B003K6YRYQ,,,,27.0,
B003KLUPN8,130.0,130.0,,,
B003KLZYSY,,,,,130.0
B003KM1I7O,3.0,,,,
B003KNETSS,,,,,37.0
B003KPT01M,,,,,6.0
B003KUOJVS,,,,22.0,
B003KW8V7E,,,103.0,103.0,103.0
B003L00YJI,182.0,182.0,182.0,182.0,182.0
B003L1X2JG,,,,,211.0
B003L8RVZ0,1288.0,1288.0,1288.0,1288.0,1288.0
B003LM1H1A,56.0,56.0,56.0,56.0,56.0
B003LMDT16,,,,,7.0
B003LR3MQ8,1817.0,1817.0,1817.0,1817.0,1817.0
B003LRG1VG,734.0,734.0,734.0,734.0,734.0
B003LRYO24,,859.0,859.0,,859.0
B003M0Y9YS,1211.0,1211.0,1211.0,1211.0,1211.0
B003M5UOBK,2794.0,2794.0,2794.0,2794.0,2794.0
B003M5YUJC,,,,,4.0
B003MBZL94,35.0,,,35.0,35.0
B003MC1ZSE,722.0,722.0,722.0,722.0,722.0
B003MC3DM0,,,,,31.0
B003MC99O6,,,,,36.0
B003MC9EXW,56.0,,,,56.0
B003MCPH6A,,,,,7934.0
B003MIQZTC,856.0,856.0,856.0,856.0,856.0
B003MJ1RGM,,,,677.0,
B003MJFHCC,,88.0,88.0,88.0,88.0
B003MQVSKK,28.0,,,,28.0
B003MR28XU,,,,,11.0
B003MR3D8E,,,,,90.0
B003MTCLF8,,250.0,,250.0,250.0
B003MY14J2,845.0,845.0,845.0,845.0,845.0
B003N1YF2C,,41.0,,,41.0
B003N4Q2KC,,,20.0,,
B003N4RGIO,,,,40.0,40.0
B003N4T4M0,,,,,33.0
B003N4VL94,,,,,35.0
B003N705TI,,,,,842.0
B003N75VBA,433.0,,,,433.0
B003N8N3N2,1204.0,1204.0,1204.0,1204.0,1204.0
B003N8WFMW,,,,,49.0
B003N93R96,,,,,22.0
B003N9ZC2G,,,,115.0,115.0
B003NLV6W4,1112.0,,1112.0,,1112.0
B003NMQUF6,574.0,574.0,,574.0,574.0
B003NMVN9E,677.0,,,,677.0
B003NMXYYQ,17.0,,,,
B003NN684S,17.0,,,17.0,17.0
B003NUF2HK,,527.0,527.0,527.0,527.0
B003NUF2O8,,,527.0,527.0,527.0
B003NUF338,,,527.0,,
B003NUF4DW,,,248.0,248.0,248.0
B003NUGRHE,,,,244.0,244.0
B003NUGRIS,,,,244.0,244.0
B003NUGRK6,,244.0,,244.0,244.0
B003NUGTQS,,,,527.0,527.0
B003NUGTY0,,527.0,527.0,,527.0
B003NUGU4Y,,,,,527.0
B003NUGUNK,,,,,527.0
B003NUGUQ2,,,,,5.0
B003NUGVIY,,,,,527.0
B003NUGVUC,,,,,527.0
B003NUGW6U,,,,,527.0
B003NUGWL0,101.0,101.0,,,101.0
B003NUIKSI,,244.0,244.0,,244.0
B003NUINCQ,,,,,527.0
B003NUIPEW,,,248.0,248.0,248.0
B003NUKPXG,,,,,527.0
B003NUMQG0,,,244.0,,244.0
B003NUMTR6,,,,,527.0
B003NUMU8O,32.0,,32.0,32.0,
B003NUMVBU,248.0,,,248.0,248.0
B003NUOW44,,,,,527.0
B003NUOWKS,527.0,,527.0,527.0,527.0
B003NUOXW0,,248.0,248.0,248.0,248.0
B003NUYOQA,,,,,19.0
B003NVE1QM,,,7.0,7.0,
B003NX9IXQ,,,,,381.0
B003NXAGQ4,244.0,,,244.0,244.0
B003NXCCZ2,1901.0,,1901.0,,1901.0
B003NXG5DM,,,97.0,97.0,97.0
B003NXM9HS,7840.0,7840.0,7840.0,7840.0,7840.0
B003NXQG4A,310.0,310.0,310.0,310.0,310.0
B003O4AX7E,,,,,390.0
B003O4F2PC,,,,,25.0
B003O4F54A,,,37.0,,37.0
B003O4G3AU,1045.0,,1045.0,,1045.0
B003O534AG,,,,,41.0
B003O53780,,,20.0,,
B003O55EDG,88.0,,,,88.0
B003O5AH0G,,,,,71.0
B003O91U9Y,,,,,10.0
B003O9HOUS,1049.0,1049.0,,1049.0,1049.0
B003O9TUOG,459.0,459.0,459.0,459.0,459.0
B003OGQYC0,108.0,108.0,108.0,108.0,108.0
B003OGT4KE,,,,,106.0
B003OGUQS8,324.0,324.0,324.0,324.0,324.0
B003OGV7UO,168.0,168.0,168.0,,168.0
B003OGYO7W,204.0,204.0,204.0,204.0,204.0
B003OGZC2S,,,,,120.0
B003OH0KBA,,,,571.0,571.0
B003OH27QG,227.0,,,227.0,227.0
B003OH2Q80,192.0,,192.0,192.0,192.0
B003OJDIUI,,82.0,82.0,82.0,82.0
B003ONJH8Q,488.0,488.0,488.0,488.0,488.0
B003ONLAXQ,,,1075.0,1075.0,1075.0
B003OQGT8E,,,,,1309.0
B003P65H1S,370.0,370.0,,370.0,370.0
B003P678KQ,,605.0,605.0,605.0,605.0
B003P68ZAS,,,,71.0,71.0
B003P6AZU6,,,,,71.0
B003P73I0Y,6.0,,6.0,,
B003P73I9U,,,,,1094.0
B003PAXM0W,861.0,861.0,861.0,861.0,861.0
B003PJKSZ0,304.0,,304.0,304.0,304.0
B003PLNA3U,1799.0,1799.0,1799.0,1799.0,1799.0
B003PM5WEY,69.0,,,,69.0
B003PNAKPY,,,6.0,,6.0
B003PWUNVG,,148.0,,148.0,148.0
B003PWUO6U,,,9.0,,
B003PWZKWI,35.0,,,,35.0
B003Q9ZZZM,,,,67.0,67.0
B003QA05EW,,,,,39.0
B003QA46QA,,,,,100.0
B003QA9G9M,,41.0,41.0,,41.0
B003QA9JOE,,,,,66.0
B003QAHV8K,,,30.0,30.0,
B003QAJUKW,,,,,131.0
B003QD1T9Y,433.0,433.0,,,433.0
B003QJ4WRY,,,,,10.0
B003QJ6QZ0,,,75.0,75.0,75.0
B003QK3RJ2,656.0,656.0,656.0,656.0,656.0
B003QKL5YQ,4459.0,4459.0,4459.0,4459.0,4459.0
B003QLLYPA,,22.0,22.0,22.0,22.0
B003QNFPSU,90.0,,90.0,90.0,90.0
B003QUCV80,228.0,,,228.0,228.0
B003QUEM2I,,,229.0,229.0,229.0
B003QXZWYW,19547.0,19547.0,19547.0,19547.0,19547.0
B003R0N0BG,95.0,,95.0,95.0,95.0
B003R0Q7N4,,,51.0,51.0,51.0
B003RA8EQC,,,,,5.0
B003RAXU2K,6556.0,6556.0,6556.0,6556.0,6556.0
B003RAZUZA,,,,6556.0,6556.0
B003RIQV6E,,,,,268.0
B003RJ165Y,2728.0,2728.0,2728.0,2728.0,2728.0
B003RQYQVI,,144.0,144.0,144.0,144.0
B003RW2K0G,22347.0,22347.0,22347.0,22347.0,22347.0
B003RZPCU8,,,,1174.0,
B003RZYC6S,1174.0,1174.0,1174.0,1174.0,1174.0
B003S1H434,215.0,215.0,215.0,215.0,215.0
B003S5HTHG,,,,,1014.0
B003S5UP8G,20.0,20.0,,,20.0
B003SA8Y02,,63.0,63.0,63.0,63.0
B003SAOCXK,,,,,5.0
B003SGE9E6,,,811.0,,811.0
B003SISMJC,,,564.0,564.0,564.0
B003SKTYEW,,,,,268.0
B003SP1VCA,,,,2.0,
B003SQPYLI,1074.0,1074.0,,1074.0,1074.0
B003SQQ0A2,,,,,9.0
B003SQRSH6,,,,2.0,
B003SS4MUK,657.0,657.0,657.0,657.0,657.0
B003SZCZ0C,4436.0,,4436.0,4436.0,4436.0
B003T1HFP0,,34.0,,34.0,34.0
B003T1LJ5M,,8.0,,,
B003T1OZPS,459.0,459.0,459.0,459.0,459.0
B003TC0F6K,34.0,,,,34.0
B003TC0FLK,,32.0,,,32.0
B003TC3ZAS,,,,96.0,96.0
B003TC5S80,,,,,34.0
B003TC5SM6,,28.0,,28.0,28.0
B003TFFCMO,,173.0,,,173.0
B003TFZB8Y,,,455.0,455.0,455.0
B003TIOVIC,,,,,28.0
B003TJ6D5K,,,,,9005.0
B003TJ9H2Q,,,151.0,151.0,
B003TJ9H30,255.0,,,255.0,255.0
B003TJ9H3A,,,,58.0,58.0
B003TN5T1K,,,,,35.0
B003TN76L6,,,,6.0,6.0
B003TN77D8,,,,,14.0
B003TN98PS,,,,,131.0
B003TNFTME,18.0,,18.0,,18.0
B003TNITJO,11269.0,11269.0,,11269.0,11269.0
B003TOZKVI,,4436.0,,4436.0,4436.0
B003TP9OUK,,,128.0,128.0,128.0
B003TQQGHI,,,,,19.0
B003TRQP0K,1161.0,1161.0,1161.0,1161.0,1161.0
B003TRW590,682.0,682.0,,682.0,682.0
B003TY8UEC,,252.0,252.0,252.0,252.0
B003TY8VPA,423.0,423.0,423.0,423.0,423.0
B003TZAVXE,,,,,108.0
B003TZAWB0,94.0,94.0,94.0,,94.0
B003TZE5TU,,,189.0,,189.0
B003TZSVCM,,,,,3472.0
B003U064AM,,144.0,,,144.0
B003U0E1W0,,,,,276.0
B003U28VJW,777.0,,777.0,777.0,777.0
B003U3HUJ8,,,,,32.0
B003U54FJ4,805.0,,805.0,805.0,805.0
B003U61474,44.0,44.0,,44.0,44.0
B003U79KWO,,,,,10.0
B003UAZ958,,,,,1143.0
B003UBCR7A,,,,,7.0
B003UBIKYY,2294.0,,,,2294.0
B003UBKRKO,,,,,260.0
B003UBMCLQ,28.0,,,,28.0
B003UE0HG0,113.0,113.0,113.0,113.0,113.0
B003UFE6FM,,3358.0,3358.0,3358.0,3358.0
B003UFQF10,,,,,179.0
B003UFZX4A,,,,,66.0
B003UJFLGQ,,,,,388.0
B003UK84P0,1994.0,1994.0,1994.0,1994.0,1994.0
B003UNPS0Q,19372.0,,19372.0,19372.0,19372.0
B003UNRKPW,138.0,138.0,138.0,138.0,138.0
B003UNT4P6,,,,431.0,
B003UT8Q0O,,,,,67.0
B003UTAEY0,,,,,83.0
B003UTAIVE,,,,,51.0
B003UTC8PI,,72.0,,,72.0
B003UTRNXK,265.0,,265.0,265.0,265.0
B003UTUQJI,,,,337.0,337.0
B003UZ109M,,,,,1.0
B003UZ4JWW,,,,,3.0
B003UZ4UY4,,,,2.0,
B003V1I44E,4619.0,4619.0,4619.0,4619.0,4619.0
B003V55P42,,,,,18.0
B003V5QS7U,101.0,,,,101.0
B003V6919Q,,,,,98.0
B003VCEB54,,,277.0,277.0,277.0
B003VFACOU,,35.0,,,35.0
B003VFCB5S,,12.0,12.0,,12.0
B003VFE8OU,,,,47.0,47.0
B003VFFNKS,,,,35.0,35.0
B003VFHIR4,,47.0,47.0,47.0,47.0
B003VFHIY2,,,,,35.0
B003VJTNKA,,,112.0,,
B003VL2RYM,232.0,232.0,232.0,232.0,232.0
B003VMFITM,341.0,341.0,341.0,341.0,341.0
B003VMS0Z6,82.0,82.0,,,82.0
B003VMXNCG,38.0,38.0,,38.0,38.0
B003VMZ8HY,302.0,302.0,302.0,302.0,302.0
B003VN7CUE,980.0,,,980.0,980.0
B003VOZR6O,,,,6.0,
B003VP21TE,30.0,,,,30.0
B003VP3OUO,,,,119.0,119.0
B003VPAX7G,,23.0,,,23.0
B003VPMP0Y,,,,2095.0,2095.0
B003VPTA2U,4990.0,4990.0,4990.0,4990.0,4990.0
B003VRC12O,,,,,11.0
B003VS5O3Q,4553.0,4553.0,4553.0,4553.0,4553.0
B003VWEF4Q,,,,,29.0
B003VWFQG2,,,,,8.0
B003VWJ6KE,,,,,4.0
B003VWMUE8,,,,,5.0
B003W5D4BM,,,,162.0,162.0
B003W5GL3U,51.0,51.0,51.0,51.0,51.0
B003W5GL5I,3934.0,3934.0,3934.0,3934.0,3934.0
B003W5IS6I,,,,44.0,44.0
B003W8ER7O,,,,,15.0
B003W95N4E,4606.0,,,4606.0,4606.0
B003W96ZQ4,,,,,15.0
B003W9B5S2,2794.0,,2794.0,2794.0,2794.0
B003WLWG6U,41.0,,,41.0,41.0
B003WM2FSS,,,,,1495.0
B003WOU7NG,,,,16.0,16.0
B003WOU9DE,,,,237.0,
B003WTMCH0,,,66.0,66.0,66.0
B003WWL2J6,88.0,,88.0,88.0,88.0
B003WZZHS0,189.0,189.0,189.0,189.0,189.0
B003X0Y1UE,,43.0,,,43.0
B003X3T4PS,7.0,,,,
B003X49E20,,,,174.0,174.0
B003X4B05E,735.0,735.0,735.0,735.0,735.0
B003X4B11C,,,,106.0,106.0
B003X4B162,,724.0,,724.0,724.0
B003X4B1BC,,,,66.0,66.0
B003X4C5V2,,,,114.0,114.0
B003X4D2H8,,,,,75.0
B003X4D37C,,,,,147.0
B003X4E4CU,409.0,,,409.0,409.0
B003X4F42E,,,,14.0,
B003X4G23O,54.0,54.0,,54.0,54.0
B003X4G25C,1190.0,,1190.0,1190.0,1190.0
B003X4HAT4,,,,26.0,26.0
B003X4HQ7K,272.0,,,272.0,272.0
B003X4I7HS,377.0,,,377.0,377.0
B003X4JHTK,,,,,216.0
B003X5BWEM,,,,,25.0
B003X5H3I6,7.0,,,,
B003X69MT8,,,,,12.0
B003XCNZ9U,,,,17.0,17.0
B003XERCEC,,,,,58.0
B003XEW4MW,,,19.0,19.0,
B003XJGC3Y,,,,,287.0
B003XKPJQE,,,,,1.0
B003XKPJSW,,,,,17.0
B003XKRI0Y,,4.0,,,
B003XM8AY0,,,,107.0,107.0
B003XNVNAC,141.0,,141.0,141.0,141.0
B003XROJJK,1754.0,,1754.0,,1754.0
B003XUONBG,145.0,,145.0,,145.0
B003XV5OGS,,794.0,794.0,,794.0
B003XVSOXI,,,,120.0,120.0
B003XW0JQ2,4405.0,4405.0,4405.0,4405.0,4405.0
B003XWC7PI,,,,51.0,51.0
B003XWEFEE,192.0,,,192.0,192.0
B003XWEJ4K,,,,9.0,
B003XWSC16,33.0,,,,33.0
B003XX01U0,,,,,30.0
B003XX2LG2,,,,,32.0
B003XX5E8Y,,,,219.0,219.0
B003XX6834,68.0,,68.0,,68.0
B003XXBFFA,,,,,37.0
B003Y0MRMW,,,,,382.0
B003Y5CDL2,1455.0,1455.0,1455.0,1455.0,1455.0
B003Y5FHAQ,2795.0,2795.0,2795.0,2795.0,2795.0
B003Y5LIHW,1679.0,1679.0,1679.0,1679.0,1679.0
B003Y774CS,,,,,9.0
B003YC8NS2,634.0,634.0,634.0,634.0,634.0
B003YC8PRG,,,,38.0,38.0
B003YCUPDI,,,,,16.0
B003YHCQAS,54.0,54.0,54.0,54.0,54.0
B003YJ13WI,,,,,51.0
B003YJ384E,,,193.0,,193.0
B003YJ7D7C,,135.0,135.0,,135.0
B003YJ7DTA,351.0,,351.0,351.0,351.0
B003YJ8L78,,758.0,758.0,758.0,758.0
B003YM1XUW,,,,,27062.0
B003YM7LOY,80.0,,,80.0,80.0
B003YMDYCW,,,6.0,6.0,6.0
B003YMJ5ZM,,71.0,71.0,,71.0
B003YOKF7C,,,,,26.0
B003YOMJW6,,,38.0,,38.0
B003YOPSDI,,31.0,,,31.0
B003YSW33C,36.0,,,36.0,36.0
B003YTTFF0,,,,,178.0
B003YUYIYM,,,,,3.0
B003Z4RKSI,,,,,11.0
B003Z6JZX4,,13.0,,13.0,13.0
B003Z6RFP4,,,,,12.0
B003Z82VDS,,,,,12.0
B003ZBKJ16,247.0,,247.0,247.0,247.0
B003ZFV57O,,,,,7.0
B003ZG1X84,,,,95.0,95.0
B003ZH7ZM6,88.0,,88.0,88.0,88.0
B003ZIZCCK,409.0,409.0,,409.0,409.0
B003ZLH004,430.0,,,,430.0
B003ZMAT0G,,,,21.0,21.0
B003ZNPRJI,,,45.0,45.0,45.0
B003ZT6TLC,,,,,20.0
B003ZTE1XA,,87.0,87.0,87.0,87.0
B003ZUTWVU,68.0,,68.0,68.0,68.0
B003ZW0M1W,31.0,,,31.0,31.0
B003ZW2M5Q,,406.0,406.0,406.0,406.0
B003ZWEQGY,,810.0,810.0,,810.0
B003ZXH4OO,495.0,,495.0,,495.0
B003ZYU7VK,87.0,,,,87.0
B003ZYVIX6,52.0,52.0,52.0,52.0,52.0
B00400C4ZU,186.0,,186.0,,186.0
B004016SXI,136.0,136.0,136.0,136.0,136.0
B00404W190,,,11.0,,11.0
B00404WN16,,,,,11.0
B00404YGXE,,,,9.0,
B004050PMO,13.0,,,,13.0
B0040528Z6,,,,10.0,10.0
B004052HRU,,13.0,,,13.0
B00405570Y,,,,,8.0
B004055HXQ,,,,,9.0
B004059XMM,4.0,,,,
B00405AURE,,,,,9.0
B00405FPHO,,2.0,,,2.0
B00406ZI3E,411.0,411.0,411.0,411.0,411.0
B00406ZIBQ,,,,118.0,118.0
B004072TCG,,,280.0,,280.0
B004074PA0,147.0,,,,
B004076PYE,259.0,259.0,259.0,259.0,259.0
B004082AE2,239.0,239.0,239.0,239.0,239.0
B004084752,218.0,218.0,218.0,218.0,218.0
B004085P4E,,,,,303.0
B004085QCK,371.0,,371.0,371.0,371.0
B00408GUGG,,,116.0,,116.0
B0040DCZEC,,,203.0,203.0,203.0
B0040E29HY,,,,1367.0,1367.0
B0040LEVZA,,,645.0,645.0,645.0
B0040MJUKA,,,,257.0,257.0
B0040MM0AC,173.0,,,,173.0
B0040PMUV8,1113.0,,,,1113.0
B0040QG46E,5782.0,,5782.0,,5782.0
B0040QNQME,,,,,5.0
B0040RWHZA,,,2058.0,,2058.0
B0040RYMNK,,,80.0,,80.0
B0040T4N7S,,,,,22.0
B0040U4BEC,2324.0,2324.0,2324.0,2324.0,2324.0
B0040VSQVA,,,70.0,,70.0
B0040Z2Q26,,41.0,41.0,,41.0
B0040ZAQCS,,,219.0,,219.0
B0040ZAQHS,,,,219.0,
B00410EJNO,,,,,29.0
B004140P9W,1174.0,,,1174.0,1174.0
B00414411K,1174.0,1174.0,1174.0,1174.0,1174.0
B004144GZG,,218.0,,,
B00415GJS2,17.0,,,17.0,17.0
B00415UOCO,88.0,,88.0,,88.0
B004165XAG,1954.0,,,1954.0,1954.0
B00418ZRKU,136.0,,136.0,136.0,136.0
B0041DRN5M,24.0,,24.0,24.0,24.0
B0041EESBI,27.0,,,27.0,
B0041IMXSO,3710.0,,3710.0,,3710.0
B0041K3TYE,2352.0,2352.0,2352.0,2352.0,2352.0
B0041K5I48,573.0,573.0,573.0,573.0,573.0
B0041K5P3C,,,,,69.0
B0041KMK1C,,,124.0,,124.0
B0041LYOJ2,,,,,4.0
B0041M3YOW,,,,,2.0
B0041M5XCI,38.0,,,38.0,38.0
B0041MEMVG,1513.0,1513.0,1513.0,1513.0,1513.0
B0041MKPBW,,1648.0,1648.0,1648.0,1648.0
B0041OUAIS,920.0,920.0,920.0,920.0,920.0
B0041POI6C,,,,,90.0
B0041PRBWA,,,,,1077.0
B0041Q15N0,,,,20.0,20.0
B0041Q3C3G,,96.0,,,96.0
B0041Q57ES,330.0,,,330.0,330.0
B0041QSXT4,217.0,,,217.0,217.0
B0041QZOF0,6123.0,6123.0,6123.0,6123.0,6123.0
B0041TEYB2,,,,,11508.0
B0041TGNCU,,,,,3430.0
B0041TJWT6,,,,28.0,28.0
B0041TSJ18,,,,,41.0
B0041UURGM,,15.0,15.0,,
B0041UUSOS,,,,31.0,31.0
B0041UWT2C,,,,12.0,12.0
B0041UWTHM,,74.0,74.0,74.0,74.0
B00421X0M8,,,,80.0,80.0
B00421X2SU,,,,,88.0
B00421X35C,,,,465.0,465.0
B00421X384,,,,17.0,
B00421YYBO,88.0,,,88.0,88.0
B00421YYL4,,,,,1594.0
B00421YYXW,465.0,,465.0,465.0,465.0
B00421Z0E4,465.0,465.0,465.0,465.0,465.0
B00421Z0ZI,1882.0,1882.0,1882.0,,1882.0
B00421Z0ZS,,3199.0,3199.0,3199.0,3199.0
B00421Z14S,,,,66.0,66.0
B004220BBU,1144.0,1144.0,1144.0,1144.0,1144.0
B004220BWE,88.0,,88.0,88.0,88.0
B004220CVO,88.0,,,,88.0
B004220DOU,16092.0,,,16092.0,16092.0
B004220DZ4,88.0,,,,88.0
B004220EF8,505.0,,,505.0,505.0
B004222078,,,,,169.0
B004222082,229.0,,229.0,229.0,229.0
B004222154,2000.0,2000.0,2000.0,2000.0,2000.0
B0042221H2,63.0,,,63.0,63.0
B004223UM2,16092.0,,,16092.0,16092.0
B004223VIK,88.0,88.0,88.0,88.0,88.0
B00422W59G,,,,,6.0
B00425YTHE,,,,2206.0,
B00426G0FM,,,,47.0,47.0
B00426LAXE,,,,,832.0
B00426OBNK,,,,,70.0
B00426QKES,1267.0,,,1267.0,1267.0
B00426S5B4,1477.0,,,1477.0,
B00426SCGC,,,,,31.0
B00428T90I,,14.0,,,14.0
B00429RVNE,111.0,,,,
B00429W382,,,,,1783.0
B00429YBP0,,,,,2535.0
B0042A08LK,2535.0,2535.0,2535.0,2535.0,2535.0
B0042BZ7F6,30.0,30.0,,,30.0
B0042C825W,,3.0,,,
B0042EYONO,,,1.0,,
B0042GH78G,3644.0,3644.0,3644.0,3644.0,3644.0
B0042I55QK,,,,,7.0
B0042JFOTC,,,,62.0,
B0042KWIBI,1139.0,1139.0,1139.0,1139.0,1139.0
B0042KWMHS,793.0,793.0,793.0,793.0,793.0
B0042KY3RA,775.0,775.0,775.0,775.0,775.0
B0042L09HC,3710.0,3710.0,3710.0,3710.0,3710.0
B0042L0CUQ,2147.0,2147.0,,,2147.0
B0042L1XJK,2129.0,2129.0,2129.0,2129.0,2129.0
B0042NU7FE,1283.0,1283.0,1283.0,,1283.0
B0042PC4SA,,,,135.0,135.0
B0042QLDOA,,,,,14.0
B0042SFYMU,,,467.0,,467.0
B0042UKYBO,,231.0,,,231.0
B0042UMGEW,,,,,36.0
B0042X83UA,3644.0,,3644.0,,3644.0
B0042XCGCG,2129.0,,,,2129.0
B00433BVR6,475.0,475.0,475.0,475.0,475.0
B00433DPSE,,,,10.0,10.0
B00434YGQS,,,,,261.0
B0043876K2,,,292.0,292.0,292.0
B00439UY2S,24.0,,,,24.0
B0043BOOTU,970.0,970.0,970.0,,970.0
B0043BW5OG,154.0,154.0,,,154.0
B0043GJXT6,80.0,80.0,80.0,,80.0
B0043J65LC,,,,,114.0
B0043MN4JA,,,,371.0,371.0
B0043OMAHK,64.0,64.0,,,64.0
B0043R50EC,,,,,11.0
B0043R5AIS,,,,,264.0
B0043TYXJ8,48.0,48.0,48.0,,48.0
B0043U36OU,26.0,,,,26.0
B0043X174I,,,,,11.0
B004415NNU,,,,1727.0,
B00445F9XA,,,268.0,268.0,268.0
B00449CW2C,,,,,140.0
B00449EK9U,158.0,158.0,,,158.0
B0044DYBMC,82.0,,,,82.0
B0044VO9YO,,17.0,,17.0,17.0
B0044YSUFA,,,,,47.0
B0045326TQ,17891.0,17891.0,17891.0,,17891.0
B004564LGO,,,,,590.0
B00457UCUM,152.0,152.0,,152.0,152.0
B0045ATJH6,,,,,148.0
B0045EAMUA,,,,80.0,80.0
B0045ECMJY,88.0,,88.0,88.0,88.0
B0045FJ872,111.0,111.0,,,111.0
B0045FLLS6,,,33.0,,33.0
B0045FPB4Q,144.0,,144.0,144.0,144.0
B0045FR6WQ,,5.0,,,
B0045IM7TU,,,,53.0,53.0
B0045JAPYI,464.0,,464.0,464.0,464.0
B0045K6UCS,,,,,35.0
B0045K96EW,4358.0,,,,4358.0
B0045K9Y94,1026.0,1026.0,1026.0,1026.0,1026.0
B0045KBU0K,,,,,10.0
B0045KBYTW,,,,,1260.0
B0045KDFZI,,,,,16.0
B0045KIF44,,,,,22347.0
B0045M2T12,88.0,88.0,,88.0,88.0
B0045PICGA,649.0,,649.0,649.0,649.0
B0045QXSBS,30.0,30.0,30.0,,30.0
B0045R39N4,,,,,984.0
B0045SU5ZI,,,86.0,86.0,86.0
B0045SWOOI,,,,23.0,23.0
B0045WAXTC,,242.0,242.0,242.0,242.0
B0045WF4LO,242.0,,,,242.0
B0045ZXAUI,486.0,486.0,486.0,486.0,486.0
B00462XC3K,,,83.0,83.0,83.0
B0046314ZM,,,,,10.0
B00464EC1E,16611.0,16611.0,16611.0,16611.0,16611.0
B00464F0Y2,,,,,19.0
B00466JYAG,,,174.0,174.0,174.0
B00466JYE2,,,,,96.0
B00466JYHY,,,,,115.0
B00466LT2C,,,54.0,54.0,54.0
B00466LT9K,,,,,80.0
B00466NKBK,435.0,,,,435.0
B00466OG04,412.0,412.0,412.0,,412.0
B00466PJAU,,,378.0,,378.0
B00466PJVY,,,,95.0,95.0
B00466RL8S,,,222.0,222.0,222.0
B00466RLF6,,,,44.0,44.0
B00466RLUQ,,,,,53.0
B00467AXL4,,208.0,208.0,,208.0
B00469CIMO,,,140.0,140.0,140.0
B0046D1V9G,,,,16.0,
B0046D1VC8,,,,,5.0
B0046GEJY2,146.0,146.0,146.0,146.0,146.0
B0046HSQ9K,,,,18.0,18.0
B0046KGDFQ,45.0,45.0,45.0,,45.0
B0046KHKOO,,,,266.0,266.0
B0046KJ16Y,657.0,657.0,657.0,657.0,657.0
B0046KLCWA,455.0,,,455.0,455.0
B0046KN0LQ,1283.0,,1283.0,,1283.0
B0046KN5RK,,,,28.0,28.0
B0046UYACY,,,3292.0,,3292.0
B0046WBKF2,30.0,,,,
B0046ZHQAW,566.0,566.0,566.0,566.0,566.0
B0046ZOWJU,,,220.0,220.0,220.0
B004706E2W,,2147.0,2147.0,2147.0,2147.0
B00470L8XW,45.0,45.0,45.0,45.0,45.0
B004756YJA,,8749.0,8749.0,8749.0,8749.0
B00478T76O,19.0,,19.0,,19.0
B00479YYR0,,52.0,,,52.0
B0047A2Z8E,107.0,,,,107.0
B0047BD56O,,,1.0,,
B0047CYQUW,,,,,441.0
B0047DOYMG,63.0,63.0,,63.0,63.0
B0047E9MFE,86.0,,,86.0,86.0
B0047INM1K,,,17.0,,17.0
B0047JJUBA,113.0,113.0,,,113.0
B0047KYR2G,,3644.0,3644.0,3644.0,3644.0
B0047NVV5Y,,,34.0,,34.0
B0047OPMIK,,,27.0,,27.0
B0047PTKOQ,3.0,,,,3.0
B0047S870Q,,,,,3.0
B0047S88YQ,,,,,3.0
B0047WWK4G,14842.0,14842.0,14842.0,14842.0,14842.0
B0047WX5B8,14842.0,14842.0,14842.0,14842.0,14842.0
B0047WYO1I,14842.0,14842.0,14842.0,14842.0,14842.0
B0047WYSRI,14842.0,14842.0,14842.0,14842.0,14842.0
B0047Z7RNM,568.0,,568.0,568.0,568.0
B0047ZNLNC,,,46.0,46.0,46.0
B00480R39O,,,72.0,,
B00481PTDU,1250.0,1250.0,1250.0,1250.0,1250.0
B004887F6M,,,13.0,13.0,
B0048AU5AS,,,,50.0,50.0
B0048BKCHS,,,,,29.0
B0048IZOP6,202.0,202.0,,,202.0
B0048L09TO,,,,34.0,
B0048LPHGO,,,,,158.0
B0048NIFQQ,,,,,54.0
B0048O2R1E,3270.0,3270.0,3270.0,3270.0,3270.0
B0048WODPY,660.0,660.0,660.0,660.0,660.0
B0048WSM88,,13.0,,,13.0
B00493YHWG,,,,,88.0
B00493ZMSO,,,116.0,116.0,116.0
B0049423VM,,,,80.0,80.0
B0049AMTP6,,,,,105.0
B0049DNHY0,,,,,16.0
B0049DP6US,,,,25.0,25.0
B0049DQSA0,,,,,39.0
B0049OY496,,,,885.0,
B0049P3YM8,146.0,,146.0,,146.0
B0049P5ZIY,,,118.0,118.0,118.0
B0049THD0I,30.0,30.0,30.0,30.0,30.0
B0049W6Q5I,,,34.0,,34.0
B0049XKXRY,153.0,153.0,153.0,153.0,153.0
B0049ZJFSU,70.0,,,70.0,70.0
B004A8DCPS,26375.0,26375.0,26375.0,26375.0,26375.0
B004A8DIXE,,9.0,,,9.0
B004A8FO8G,513.0,513.0,513.0,513.0,513.0
B004A8FUHG,,,,11.0,11.0
B004ACN1UA,,,,4.0,4.0
B004AGFU46,,,,114.0,114.0
B004AMCBQA,1179.0,1179.0,1179.0,1179.0,1179.0
B004ARYSXY,2121.0,2121.0,2121.0,2121.0,2121.0
B004ATQM4K,248.0,,,,248.0
B004AYQOAW,,,,,9.0
B004B3BRG8,162.0,,,,162.0
B004B3WJ38,28.0,,28.0,,28.0
B004B3Y5M6,,,,,371.0
B004B4JSTA,125.0,,125.0,125.0,125.0
B004B64Z78,4.0,,,,
B004BCZ0TY,,,193.0,193.0,193.0
B004BDTQUW,,,,110.0,110.0
B004BDTSN2,,,,,110.0
B004BDVFY2,,,3.0,,
B004BDVG5K,,,11.0,,
B004BDVGTQ,,,110.0,,
B004BDVHPY,93.0,93.0,93.0,93.0,93.0
B004BDVI5S,,,,,111.0
B004BDXPF4,,,,110.0,110.0
B004BDZAHA,,,,110.0,110.0
B004BE0E7K,,,,,110.0
B004BE0I1M,,,110.0,,
B004BGZ7FM,,,,,4.0
B004BLOC3K,261.0,,261.0,,261.0
B004BP7Q2U,,45.0,45.0,45.0,45.0
B004BPIP7K,91.0,,,,91.0
B004BQSBF0,236.0,,,,236.0
B004BQXPF6,303.0,,,303.0,303.0
B004BRCBZA,,,,,5.0
B004BRCC5E,,,,,6.0
B004BRDZBE,,,,,9.0
B004BRDZI2,,,,,8.0
B004BRFPSU,,,,,6.0
B004BRFRQU,,,,,10.0
B004BRGYLC,,,,,8.0
B004BRH03I,,,,,23.0
B004BRH8OE,,,,,4.0
B004BWBFSY,183.0,,183.0,183.0,183.0
B004BZJM5O,90.0,,,90.0,90.0
B004C0USWO,,,10.0,,
B004C0WPVG,,,,,2.0
B004C3RVVC,152.0,,,152.0,152.0
B004C4BIHE,,,,784.0,784.0
B004C4BUGI,410.0,410.0,410.0,410.0,410.0
B004C6DTZ6,,125.0,,125.0,125.0
B004C7MRBW,314.0,,314.0,314.0,314.0
B004C7OV7K,,,,,4.0
B004C7SIPQ,,,,,1.0
B004C7SM4I,,,,4.0,
B004CA8TXE,465.0,465.0,465.0,465.0,465.0
B004CASKMO,,,1797.0,1797.0,1797.0
B004CFF1XA,798.0,798.0,798.0,798.0,798.0
B004CMYEKY,,,,,5.0
B004CN28S8,4.0,,,,
B004CN2AA4,526.0,526.0,526.0,526.0,526.0
B004CN3T6I,,,,,21.0
B004CN5SOE,,526.0,526.0,526.0,526.0
B004CN5VIC,554.0,,,,554.0
B004CNMJ8C,,,,,984.0
B004CR1Z5Q,,,,4.0,
B004CR9DG4,,,,47.0,47.0
B004CSLNYI,,,,1367.0,1367.0
B004CT2QV6,,,,,565.0
B004CT4VKU,,,,,5.0
B004CT52G2,433.0,,433.0,433.0,433.0
B004D0VEAI,,37.0,,37.0,37.0
B004D15D7C,73.0,,,,73.0
B004D4Q2UG,,,,,2189.0
B004D511EM,,,,,15.0
B004D6V146,,,,,151.0
B004D7JXP4,,,,,300.0
B004D8KUKU,,,,,672.0
B004D8V3LK,1096.0,1096.0,1096.0,,1096.0
B004DAUB66,51.0,,51.0,,51.0
B004DDF5P0,,,,,86.0
B004DE3KQK,,80.0,,,80.0
B004DEC7YG,,,,88.0,88.0
B004DFDBKY,1868.0,,,,1868.0
B004DH5TXY,6.0,,,,
B004DM595C,,214.0,214.0,214.0,214.0
B004DO28PY,,,,,254.0
B004DPKZ6C,,,,,64.0
B004DQ0D1I,,,,,1868.0
B004DQ0EPI,,,,,1868.0
B004DQ1SHQ,,,,,1868.0
B004DQ1UOW,1868.0,,,,
B004DQ2KD2,188.0,188.0,188.0,188.0,188.0
B004DQ3TZU,1868.0,1868.0,1868.0,,1868.0
B004DQ3U6I,1868.0,,1868.0,1868.0,1868.0
B004DQ3UEU,,,,,1868.0
B004DQ54HG,,,,,1868.0
B004DQC0U0,,26.0,,,26.0
B004DQQCPY,110.0,110.0,110.0,,110.0
B004DQWIIO,1140.0,1140.0,1140.0,1140.0,1140.0
B004DR2J14,,,19.0,,19.0
B004DWF4JI,,,,,117.0
B004DXN0J8,2129.0,2129.0,2129.0,2129.0,2129.0
B004DZVC14,,,,,1.0
B004E8Z6Q2,,,,6.0,
B004E90E1I,,,,,42.0
B004E9MVZK,,,,46.0,46.0
B004EB19LK,,,,34.0,34.0
B004EBDC56,,,,,7.0
B004EBDC60,,,,192.0,192.0
B004EBFBEG,,,202.0,202.0,202.0
B004ECHVJS,,,158.0,,158.0
B004EDWYO4,,,669.0,,669.0
B004EFG4BG,18468.0,18468.0,18468.0,18468.0,18468.0
B004EH0S5W,,,,,124.0
B004EH29LI,,,,,123.0
B004EHMVES,,,,,41.0
B004EHROL8,,,,,7.0
B004EHTXDK,,1.0,,,
B004ETQ4CG,,,,,62.0
B004EVLR9O,,,,,4.0
B004F0F6RI,,,,24.0,
B004F0LTKG,16.0,,,,16.0
B004FCLN64,,,,1174.0,
B004FDSD8E,,,,,10.0
B004FDX23U,60.0,,60.0,,60.0
B004FFD59Y,3710.0,3710.0,3710.0,3710.0,3710.0
B004FK6S1Q,859.0,859.0,859.0,859.0,859.0
B004FMC6NS,,202.0,202.0,202.0,202.0
B004FNNKRI,25.0,,,,25.0
B004FOMLJ0,,,,,18.0
B004FRZLMG,,,,,33.0
B004FRZNMO,192.0,192.0,192.0,192.0,192.0
B004FULSMU,,,88.0,,88.0
B004FVUM94,,,1183.0,,1183.0
B004FW20PM,2046.0,2046.0,2046.0,2046.0,2046.0
B004FW2YZS,,,,,32.0
B004FWCMEG,1419.0,,,1419.0,1419.0
B004G0GKW2,,1419.0,,1419.0,1419.0
B004G31AJ2,,,,3226.0,3226.0
B004G6456E,,,,35.0,
B004G6MRQY,4168.0,,4168.0,,4168.0
B004G9QB72,,,,64.0,64.0
B004GCC9TI,,,,,123.0
B004GF6RRU,,,,837.0,
B004GF9FKQ,,,113.0,,113.0
B004GFGYE6,87.0,,,87.0,87.0
B004GFLYEG,,192.0,,192.0,192.0
B004GFMG0W,,,,,7.0
B004GFNA7K,,,,140.0,140.0
B004GHQSMM,475.0,,,,
B004GHUHOW,,,,,1516.0
B004GIXJUA,,,,,29.0
B004GJ0J1G,,,,3.0,
B004GJ2R9S,,,101.0,101.0,101.0
B004GJCN8I,,,,,330.0
B004GKKCEY,,,,,89.0
B004GLNTS4,,,,,22.0
B004GLX4AC,35.0,,,,
B004GLY29Y,,,,,8.0
B004GMN8KC,,1389.0,1389.0,1389.0,1389.0
B004GQSUTW,,,,165.0,165.0
B004GV8H68,,,,,3.0
B004GVBZ1W,483.0,,483.0,483.0,483.0
B004GVBZL2,,,,,58.0
B004GVDZ4W,,,,419.0,419.0
B004GWQIH2,,238.0,238.0,238.0,238.0
B004GWUL3Y,4094.0,4094.0,4094.0,4094.0,4094.0
B004GWXWG2,,127.0,,127.0,127.0
B004GXQL6O,,,524.0,,524.0
B004GXTEFE,,7045.0,7045.0,,7045.0
B004H0UGUS,,,,,1810.0
B004H0UIPQ,,,,2352.0,2352.0
B004H0WO3U,61.0,,,61.0,61.0
B004H2D342,,80.0,80.0,80.0,80.0
B004H2S48C,,,6.0,,6.0
B004H2TMFQ,5665.0,5665.0,5665.0,,5665.0
B004H31HH6,,29.0,,29.0,29.0
B004HAAA0Y,704.0,704.0,704.0,704.0,704.0
B004HCPG42,,,,,105.0
B004HFW2L4,227.0,,227.0,,227.0
B004HLM0M4,,,272.0,272.0,272.0
B004HLSZYQ,8571.0,8571.0,8571.0,8571.0,8571.0
B004HPMS1S,125.0,,125.0,,125.0
B004HQIGZO,,,,,124.0
B004HRE64I,,,11.0,,11.0
B004HRHM44,,,27.0,,27.0
B004HY052S,148.0,,,,148.0
B004HY5906,2013.0,2013.0,,2013.0,2013.0
B004HYRHEM,41.0,41.0,41.0,41.0,41.0
B004HYSI1S,41.0,41.0,41.0,41.0,41.0
B004HZEYO2,,,21.0,,21.0
B004HZHFKC,16.0,,,,16.0
B004I14JCC,461.0,461.0,461.0,461.0,461.0
B004I14JD6,,,280.0,280.0,280.0
B004I26GJA,,,,,94.0
B004I4YVIQ,,,,8.0,8.0
B004I50YQ8,,492.0,,492.0,492.0
B004I524W0,,,,,12.0
B004I54ZEU,,492.0,492.0,492.0,492.0
B004I5DFYQ,,496.0,,,496.0
B004I5J13U,,,,,496.0
B004I5JTKA,,,,,496.0
B004I65J4E,,,,,10.0
B004I6BFXI,,,,,15813.0
B004I6EXJ6,,,,,42.0
B004I6EYYU,,,576.0,,576.0
B004I8CYFY,,,,,124.0
B004I8CYHC,1.0,,,,
B004I8GXWY,,,,,124.0
B004ICVLWW,519.0,519.0,519.0,519.0,519.0
B004ID39I0,,,,519.0,519.0
B004IDHE1I,15813.0,,,,15813.0
B004IFAJKE,169.0,,169.0,169.0,169.0
B004IHS6JS,,,,,103.0
B004ILMUXC,136.0,136.0,136.0,136.0,136.0
B004ILMUXM,,,,,6.0
B004ILMUYG,152.0,,,,152.0
B004ILQVIW,,,,,437.0
B004IQJ69S,,148.0,,,148.0
B004IS7CV0,,30.0,,30.0,30.0
B004IT2WPA,,,17.0,,
B004IT74D0,17.0,,,,17.0
B004ITB5IU,,,,,53.0
B004ITB5KS,,,,,33.0
B004IW1XJ8,,,,58.0,58.0
B004IW5PEM,,,19.0,,19.0
B004IW9I4U,,39.0,,,39.0
B004IW9IGI,,,,175.0,175.0
B004IW9JDK,21.0,,,21.0,21.0
B004IW9JLW,,185.0,185.0,,185.0
B004IZA3YG,705.0,705.0,705.0,705.0,705.0
B004J00ZUC,,,,,43.0
B004J1MNII,12397.0,12397.0,12397.0,12397.0,12397.0
B004J2SOIA,526.0,526.0,526.0,526.0,526.0
B004J63SZ0,104.0,,,104.0,
B004J7OYP2,157.0,157.0,157.0,157.0,157.0
B004J84WDU,,3021.0,3021.0,3021.0,3021.0
B004JBWMD4,35.0,35.0,35.0,,35.0
B004JBXFS0,,,,,6.0
B004JBXFTE,,,9.0,,9.0
B004JEJZG8,,,,,15.0
B004JIT190,70.0,,,,70.0
B004JJ0SM8,,,168.0,,168.0
B004JJ0YD6,,,,,148.0
B004JJ2B7I,,,,,70.0
B004JJ2O4S,,,,,42.0
B004JJQG4C,,,,20.0,20.0
B004JK20LY,915.0,,,,915.0
B004JK41YS,915.0,,915.0,915.0,915.0
B004JK420Q,26.0,26.0,,,26.0
B004JK421A,915.0,915.0,915.0,915.0,915.0
B004JK685I,,,,,915.0
B004JK7INO,,,,,40.0
B004JK97T2,,,,,28.0
B004JKNYL4,5215.0,5215.0,5215.0,5215.0,5215.0
B004JQDE8G,,,,32528.0,
B004JQXKVW,82.0,,,,82.0
B004JTQBA6,,,,,4.0
B004JVXM2E,,32.0,,32.0,32.0
B004JW02HG,121.0,121.0,,,121.0
B004JWR9PO,3083.0,3083.0,3083.0,3083.0,3083.0
B004JY1TZ8,,,,495.0,
B004JY1W96,,,495.0,,
B004JY1WWI,,,,,635.0
B004JY54EA,545.0,,,,
B004JY56NE,,,635.0,,635.0
B004K1579E,,,,,41.0
B004K7XM0E,,,,,18.0
B004KA5PEC,71.0,,,,
B004KAZ8YY,,2058.0,2058.0,2058.0,2058.0
B004KBDI7C,,,,,17891.0
B004KELK4C,22339.0,22339.0,22339.0,22339.0,22339.0
B004KIB688,2496.0,2496.0,2496.0,2496.0,2496.0
B004KKC51I,,,,,354.0
B004KRNTFM,,,,630.0,630.0
B004KRRKSO,,,,,2894.0
B004KTYC7E,,,134.0,,134.0
B004KU0FNI,,,,3.0,
B004KUXL66,,45.0,45.0,,45.0
B004KVBMFW,,,41.0,,41.0
B004KVBSCY,,,28.0,,
B004KXNM26,,57.0,57.0,57.0,57.0
B004L27DKS,,,,,36.0
B004L5WFO4,66.0,,,,
B004L5YJ3E,,,,,44.0
B004L6XY2K,,,,,116.0
B004L8J15C,,,,6372.0,6372.0
B004LCWFUG,23.0,23.0,,,
B004LCZEJK,9371.0,9371.0,9371.0,9371.0,9371.0
B004LD5CHI,695.0,,695.0,695.0,695.0
B004LD7GJU,,,,9371.0,9371.0
B004LE66UO,9371.0,,9371.0,9371.0,9371.0
B004LEJD5Y,,,,,228.0
B004LEKKZQ,,,,,240.0
B004LEMWGG,,,230.0,230.0,230.0
B004LFUQDG,,,56.0,56.0,56.0
B004LFWB5W,,,274.0,,274.0
B004LGUDWY,569.0,,569.0,569.0,569.0
B004LGUNTM,,,,62.0,62.0
B004LGVLFC,,333.0,333.0,333.0,333.0
B004LGX92K,,98.0,,,
B004LH24QG,,,,,917.0
B004LH2N6C,,,105.0,105.0,105.0
B004LJYZHK,,203.0,,,203.0
B004LK6VKI,,,,218.0,218.0
B004LKPKRI,,70.0,,70.0,70.0
B004LKPNSO,,33.0,,33.0,33.0
B004LL8BFK,,,303.0,303.0,303.0
B004LNTR9C,,,,,963.0
B004LO7XWO,,,16.0,,16.0
B004LSLLJ6,,9.0,,,9.0
B004LT6V2C,,,,54.0,54.0
B004LT8IEG,555.0,,555.0,555.0,555.0
B004LXKX2M,181.0,,181.0,181.0,181.0
B004LXL1W8,1238.0,,,1238.0,1238.0
B004LXMKMS,,190.0,,190.0,190.0
B004LXOODQ,374.0,,,,374.0
B004M1O130,,,,95.0,95.0
B004MB8SYI,,,,,208.0
B004MBQO6W,,,,,1843.0
B004MFLVRA,,24.0,,,24.0
B004MIKDBW,1798.0,,1798.0,1798.0,1798.0
B004MJYUSS,569.0,,569.0,569.0,
B004MKAF86,265.0,,,,
B004MKAF8G,,,,,223.0
B004MOU4C4,1835.0,,,1835.0,1835.0
B004MPUZUY,,,116.0,,116.0
B004MWTWE2,,,,,17.0
B004MYHCQ0,,,,31.0,31.0
B004MZRVPQ,738.0,,,,738.0
B004N2S2JM,155.0,155.0,155.0,155.0,155.0
B004N2SQUC,,,248.0,248.0,248.0
B004N2SUOY,82.0,,82.0,,82.0
B004N2UCJU,,,,132.0,132.0
B004N6ANW2,,,,,22.0
B004N7WOIC,,,,15.0,15.0
B004N8TXKS,1179.0,1179.0,1179.0,1179.0,1179.0
B004N9S3AI,,,,,224.0
B004N9WJEY,,,,,237.0
B004N9X7QS,,,,224.0,
B004N9X7R2,,,,,224.0
B004N9X86C,117.0,,117.0,117.0,117.0
B004NA17DW,87.0,,,,87.0
B004NAEP6I,,483.0,483.0,483.0,483.0
B004NAVLKG,,,18.0,,
B004NCFOZM,5821.0,5821.0,5821.0,5821.0,5821.0
B004NEDTUM,840.0,840.0,840.0,840.0,840.0
B004NG6A10,,,,28.0,28.0
B004NMRJ82,2991.0,,2991.0,2991.0,2991.0
B004NMT926,88.0,88.0,88.0,88.0,88.0
B004NMVN5W,,,,,35.0
B004NMXM7Y,,,,,39.0
B004NMYMJG,,84.0,84.0,84.0,84.0
B004NMYNHW,,,,,18.0
B004NN4FKQ,,,,,14.0
B004NQTQSE,49.0,,,49.0,49.0
B004NRI5XA,,,,,18.0
B004NRQ3M0,,61.0,,61.0,
B004NTM2HI,,,,,490.0
B004NXLI9C,,,,,547.0
B004NYHAYI,296.0,296.0,,,296.0
B004O03FYU,,,,23460.0,23460.0
B004O196CY,,,,51.0,
B004O19A5M,,,,6.0,
B004O1CXDI,,,86.0,86.0,86.0
B004O2542Y,59.0,59.0,59.0,59.0,59.0
B004O2KPRI,149.0,149.0,149.0,149.0,149.0
B004O9ZLAW,,,,,147.0
B004OBGD9S,,,,500.0,500.0
B004OE74NO,,,,1408.0,1408.0
B004OK8R70,,,,,12.0
B004OKTSGO,,,,,160.0
B004OUFZP2,,,555.0,555.0,555.0
B004OUGD62,325.0,,325.0,,325.0
B004OY24C0,,,,29.0,29.0
B004P2LL2K,10217.0,10217.0,10217.0,10217.0,10217.0
B004P5B14A,,49.0,,,49.0
B004PAM8VK,,,,,25.0
B004PDG8P4,,,106.0,106.0,106.0
B004PDHKRY,,,,,68.0
B004PEOI3M,82.0,,82.0,82.0,82.0
B004PGVU6I,,,,,90.0
B004PHZU0Y,330.0,330.0,330.0,330.0,330.0
B004PJ3WV6,134.0,,,,134.0
B004PNWB50,,,,,30.0
B004PRT0RI,,,,,24.0
B004PV47UO,,40.0,,40.0,40.0
B004Q0NVU6,1524.0,,1524.0,1524.0,1524.0
B004Q0OB2S,1524.0,1524.0,1524.0,1524.0,1524.0
B004Q1OBNQ,176.0,,176.0,176.0,176.0
B004Q1OCQ2,2781.0,2781.0,2781.0,2781.0,2781.0
B004Q3EZLC,,,,,1195.0
B004Q3G5AQ,,,,,44.0
B004Q6J8CU,,,,,6.0
B004Q6YE2O,,,,,39.0
B004Q9C3A6,,,,,64.0
B004QAG7QQ,,1551.0,1551.0,1551.0,1551.0
B004QB528Y,311.0,311.0,311.0,311.0,311.0
B004QB70JS,20.0,,,,20.0
B004QBFF86,,,,105.0,105.0
B004QBUUUY,488.0,,,,
B004QCHWNG,,,16.0,16.0,16.0
B004QDRWDA,,,30.0,,30.0
B004QDVEQ6,,,,227.0,227.0
B004QDXUGI,,,,,281.0
B004QETBYC,113.0,113.0,,113.0,113.0
B004QGXAUG,,,738.0,,738.0
B004QIVX26,97.0,,,,97.0
B004QK2L9S,,,,1210.0,1210.0
B004QK5SS4,,,,,248.0
B004QM1RSC,,,45.0,45.0,45.0
B004QP2VK2,,,,,487.0
B004QQ207A,,,,,12.0
B004QRVEXU,428.0,428.0,428.0,428.0,428.0
B004QRX55A,,,,,20.0
B004QSV27C,,,,1353.0,1353.0
B004QV7412,,,,,5.0
B004QXGJRA,,,,189.0,189.0
B004QY048O,,,,21.0,21.0
B004R15R06,,,,,28.0
B004R3FGHI,94.0,94.0,94.0,,94.0
B004R7RMNU,,,2927.0,,
B004R7YJX6,,,,,81.0
B004RBFNPU,,,,7645.0,7645.0
B004RE4R90,,,,,626.0
B004RHGW7C,,,113.0,113.0,113.0
B004RJBQMQ,,,71.0,71.0,71.0
B004RJFP5K,,68.0,68.0,68.0,68.0
B004RKCD7W,,,238.0,238.0,
B004RKDWVI,,,87.0,,87.0
B004ROUWSK,,14.0,,,14.0
B004RQ08C8,,,,2182.0,2182.0
B004RUZOR8,,,,58.0,
B004RV4LZI,,,,130.0,130.0
B004S0C5OW,147.0,,,147.0,147.0
B004S290JI,,,,,22.0
B004S34N7G,,63.0,63.0,63.0,63.0
B004S6QU6A,831.0,831.0,831.0,831.0,831.0
B004S7HRMK,1620.0,1620.0,,1620.0,1620.0
B004S7ZLZ0,,165.0,165.0,,165.0
B004S8BF9K,,13.0,,,
B004SCNH38,2007.0,2007.0,2007.0,2007.0,2007.0
B004SCW4S2,251.0,251.0,,251.0,251.0
B004SDBT5K,,,,,17.0
B004SE6SBY,,,,,675.0
B004SE6SE6,,,675.0,675.0,675.0
B004SE9K6O,,22.0,,,22.0
B004SE9MYO,,,,,675.0
B004SE9NW0,,,,,186.0
B004SGZ610,4674.0,4674.0,4674.0,4674.0,4674.0
B004SHJD5Y,,,9.0,,
B004SIIHXM,,,,1291.0,1291.0
B004SN7M74,,,19.0,,19.0
B004SO9E0Q,,,407.0,,407.0
B004STJ0UU,11778.0,11778.0,11778.0,11778.0,11778.0
B004STRHZA,,,,132.0,132.0
B004SU886Q,2031.0,2031.0,2031.0,2031.0,2031.0
B004SUHFI8,,,,512.0,512.0
B004SUHGOQ,,,,61.0,61.0
B004SUSRRG,323.0,323.0,323.0,323.0,323.0
B004SUUU3K,,362.0,362.0,362.0,362.0
B004SUY40A,552.0,552.0,552.0,552.0,552.0
B004SUY43W,434.0,434.0,434.0,434.0,434.0
B004SUY46E,,805.0,805.0,805.0,805.0
B004SUY482,,,463.0,,463.0
B004SUY4C8,73.0,,73.0,,73.0
B004SY3WSQ,,,,233.0,233.0
B004SY3X4Y,,,324.0,,324.0
B004T38LHI,,,,87.0,
B004T49ZEK,81.0,,81.0,81.0,81.0
B004T6ZA0Q,,,,,19.0
B004TB2OFA,,,,,143.0
B004TBMID8,,,46.0,,46.0
B004TDQFV2,,,,,31.0
B004TEOFFY,20.0,,,,20.0
B004TKZ7BO,54.0,,54.0,54.0,54.0
B004TMRV8Y,,,,994.0,994.0
B004TMRVHU,923.0,,923.0,923.0,923.0
B004TMRVXY,923.0,923.0,,923.0,923.0
B004TMRW24,,,,,923.0
B004TNEZGY,,,,,217.0
B004TQS1RU,,203.0,,,203.0
B004TS01GM,,,44.0,44.0,44.0
B004TSB2JM,,,,4.0,4.0
B004TSB2JW,,,,,8.0
B004TSB2WO,,,,,46.0
B004TSB2WY,,,,46.0,46.0
B004TSB2XS,,,,,1.0
B004TSB3BE,,,46.0,46.0,46.0
B004TSB3CS,,,,,46.0
B004TT71YQ,,,149.0,,149.0
B004TVXOQ8,,,386.0,,
B004TW7TIG,,386.0,,386.0,
B004TW7TTA,386.0,,386.0,386.0,386.0
B004TW7U2Q,11.0,,,,11.0
B004TW7VES,,,,,18.0
B004TW7VPM,,,67.0,67.0,67.0
B004TW8EM6,,11.0,11.0,11.0,11.0
B004U5DNMI,135.0,,,135.0,135.0
B004UBD36I,,,,258.0,
B004UC2LYM,,287.0,287.0,287.0,287.0
B004UDDZEG,21368.0,21368.0,21368.0,21368.0,21368.0
B004UDDZHS,21368.0,21368.0,21368.0,21368.0,21368.0
B004UDWDQW,,,,,4.0
B004UHCKWA,1860.0,1860.0,1860.0,1860.0,1860.0
B004UHDDUS,,,,27.0,27.0
B004UHRW5U,,,,,6.0
B004UHS5R4,,,,,2.0
B004UJCIL6,368.0,368.0,368.0,368.0,368.0
B004UK49IA,,,,,8.0
B004UKDSVE,,,,,58.0
B004UMTKKK,50.0,50.0,,50.0,50.0
B004UMX7F4,79.0,,79.0,79.0,79.0
B004UMYAEQ,23.0,,,,
B004UMYEIS,2512.0,2512.0,2512.0,2512.0,2512.0
B004UQH29C,303.0,,,,303.0
B004UQH2A6,,,,375.0,375.0
B004UQH2B0,156.0,,156.0,,156.0
B004UQH2BU,,,,,20.0
B004UQH4CW,423.0,423.0,423.0,,423.0
B004UQH55S,,,,,990.0
B004UQH5TE,3581.0,3581.0,3581.0,3581.0,3581.0
B004UQH5U8,,,,990.0,990.0
B004UQH5V2,990.0,990.0,990.0,990.0,990.0
B004UQH5VM,,,,,990.0
B004UQH7LK,,17.0,17.0,17.0,17.0
B004UQHIQE,990.0,990.0,990.0,990.0,990.0
B004UQHIVE,,,990.0,990.0,990.0
B004UQHIVO,262.0,262.0,262.0,262.0,262.0
B004UQHIW8,990.0,,990.0,,990.0
B004UQHIWS,2.0,,,,2.0
B004UQHJ7M,4037.0,4037.0,4037.0,4037.0,4037.0
B004UQHJ8G,,,909.0,909.0,909.0
B004UQN03Y,2119.0,2119.0,2119.0,2119.0,2119.0
B004URRR4Q,,,1173.0,,1173.0
B004URZDX8,,,,52.0,52.0
B004URZE3C,52.0,,,,52.0
B004USKDKA,,90.0,90.0,,90.0
B004UT3XEC,71.0,,,,71.0
B004V2AWHE,,,,,6.0
B004V2QJVC,,,,,9.0
B004V3S1R6,,,,,52.0
B004V3S1VC,,,59.0,,
B004V3T4H2,1299.0,1299.0,1299.0,1299.0,1299.0
B004V3XGQC,18.0,,,18.0,18.0
B004V3XGVC,352.0,,,,352.0
B004V3XGZI,,,,,20.0
B004V3XH3Y,,,38.0,38.0,38.0
B004V3XHCU,,,,,22.0
B004V3XHGG,,128.0,,,128.0
B004V42TDM,,,,,28.0
B004V43TG8,,,,2943.0,2943.0
B004V444AI,,,,,1700.0
B004V44W1E,,,,41.0,41.0
B004V59IYE,,,88.0,88.0,88.0
B004V5G0B8,,,,,31.0
B004V9JR8C,32.0,,,,32.0
B004VBISXU,687.0,687.0,687.0,687.0,687.0
B004VCF69I,,,148.0,,148.0
B004VDJJV8,,,,6.0,6.0
B004VKD62O,,,,13.0,13.0
B004VKI6MO,,,,50.0,50.0
B004VKIBS8,,88.0,,,88.0
B004VLXABA,,423.0,,,423.0
B004VLXAGA,,,,,111.0
B004VLXALU,,,111.0,111.0,111.0
B004VLXB5U,,,,,423.0
B004VLXCL8,,423.0,,423.0,
B004VLXCY0,111.0,,,,111.0
B004VPVR0M,,62.0,,62.0,62.0
B004VQTUMI,6.0,,,,
B004VQTUVE,637.0,637.0,637.0,637.0,637.0
B004VQTV22,,,,,4.0
B004VQTW4O,,,,,3.0
B004VR1FO8,3.0,,,,
B004VR1FR0,,,,13.0,13.0
B004VR1GRY,,,,,3.0
B004VR1HN2,,,,,3.0
B004VR1IU4,,,,3.0,3.0
B004VR1IXG,,,,,9.0
B004VR1JNU,,,3.0,,
B004VR1KMU,,,,,5.0
B004VR1KPM,,,,,4.0
B004VR1M9Q,,,,,5.0
B004VR1NY0,,,,,5.0
B004VR1QCO,,1.0,,,
B004VR8Y8S,,,,36.0,36.0
B004VRL3L8,,,,,6.0
B004VYZ82G,,,,298.0,298.0
B004VYZWHM,5915.0,5915.0,,5915.0,5915.0
B004W2PRCI,71.0,71.0,,71.0,71.0
B004W2QPWY,,84.0,,,84.0
B004W2SLKI,,,,148.0,148.0
B004W2TCRO,41.0,,,41.0,41.0
B004W3VIXY,56.0,,56.0,56.0,56.0
B004W40W94,,,,,5.0
B004W55086,3374.0,3374.0,3374.0,3374.0,3374.0
B004W6VTHG,5221.0,5221.0,5221.0,5221.0,5221.0
B004W96XE2,,,,,667.0
B004W9HSFA,,215.0,,215.0,215.0
B004WDIEMW,,,,,2.0
B004WDLXI4,,,8.0,,8.0
B004WDLXIO,,,,,6.0
B004WG2N30,,,,,2187.0
B004WK3SOY,,,100.0,,100.0
B004WLJAO0,,,,,96.0
B004WLK4L8,89.0,,,,89.0
B004WLM4H0,670.0,670.0,670.0,670.0,670.0
B004WMJWII,28.0,,28.0,,28.0
B004WO9E5C,,61.0,,61.0,61.0
B004WOA9FQ,26.0,,26.0,,26.0
B004WOX6LU,,,,55.0,55.0
B004WP4Z64,,159.0,,,159.0
B004WPHHXW,,,,,45.0
B004WYGJSC,,,,,17.0
B004X37RFQ,,442.0,,,442.0
B004X751HI,69.0,,,69.0,69.0
B004X751K0,,,,,26.0
B004X8KT4W,,13477.0,,,13477.0
B004XB03MC,,,,525.0,525.0
B004XBDPN6,407.0,407.0,407.0,407.0,407.0
B004XCQWLM,485.0,,,485.0,485.0
B004XCQYDI,,,576.0,576.0,576.0
B004XEQE5Y,,,20.0,,20.0
B004XGYWJC,,,,,12.0
B004XGYWJM,,69.0,,,69.0
B004XJ8YWU,106.0,,,,
B004XJI9KW,,,,,41.0
B004XJI9RU,,51.0,,51.0,51.0
B004XJIACO,,,,,20.0
B004XJRQHO,232.0,,232.0,232.0,232.0
B004XMAVFA,7840.0,7840.0,7840.0,7840.0,7840.0
B004XNFCT4,,,,,2.0
B004XTX0VA,7223.0,7223.0,7223.0,7223.0,7223.0
B004XWO692,,,,,7.0
B004Y0RKE6,2058.0,2058.0,,2058.0,2058.0
B004Y6QWSA,192.0,,192.0,192.0,192.0
B004Y7OFAG,,,,,3.0
B004YCTMJU,,,,,23.0
B004YECM7C,507.0,,507.0,,507.0
B004YGXGFM,,,29.0,,
B004YKDP4U,,,,,1020.0
B004YKQALA,,300.0,,300.0,
B004YLTV38,32.0,,,,32.0
B004YPEFTE,2196.0,2196.0,2196.0,2196.0,2196.0
B004YRCPCQ,7934.0,7934.0,7934.0,7934.0,7934.0
B004YRUYE2,2360.0,2360.0,2360.0,2360.0,2360.0
B004YVDM2Y,,,162.0,162.0,162.0
B004YVDMGU,255.0,255.0,255.0,255.0,255.0
B004YVDMH4,513.0,513.0,513.0,513.0,513.0
B004YVDMIS,189.0,189.0,189.0,189.0,189.0
B004YVDMJC,26375.0,26375.0,26375.0,26375.0,26375.0
B004YVDN0U,,65.0,,,65.0
B004YVDN3C,98.0,98.0,,98.0,98.0
B004YX4IPM,,,,9.0,9.0
B004YX5PAO,,,22.0,22.0,22.0
B004YZ3ZJK,39.0,,,,39.0
B004Z1JN6M,,,,125.0,125.0
B004Z1LD8S,,159.0,,159.0,159.0
B004Z5GLE0,,,,,13.0
B004ZBFWX0,,,,,25.0
B004ZBIOJE,,80.0,,,80.0
B004ZBRTYA,,,,,43.0
B004ZH9TS8,,101.0,101.0,,101.0
B004ZJIVGM,,30.0,30.0,,30.0
B004ZKLSOS,,227.0,,,227.0
B004ZKSVM0,,,,96.0,96.0
B004ZKVV2W,,,180.0,180.0,180.0
B004ZLZ77G,919.0,,,919.0,919.0
B004ZLZR8A,2216.0,2216.0,2216.0,2216.0,2216.0
B004ZOSEEG,,88.0,88.0,,
B004ZOSIB0,697.0,697.0,697.0,,697.0
B004ZOSJTQ,,,,,88.0
B004ZT0CQO,64.0,,64.0,64.0,64.0
B004ZUJ0SE,399.0,399.0,399.0,,399.0
B004ZY4PVM,,,10.0,,10.0
B004ZZ6582,5.0,,,,5.0
B00505FA82,,,,,423.0
B00509C9MI,,340.0,,,
B00509SKN0,,,,,2.0
B00509W89M,,,,9.0,9.0
B00509W8D8,,8.0,,,8.0
B00509W8TC,10.0,,,10.0,10.0
B0050BQ8A0,98.0,98.0,98.0,,98.0
B0050BQ8DW,312.0,,312.0,312.0,312.0
B0050BURFC,,20.0,,20.0,
B0050CLLCO,,,,45.0,
B0050CZIFU,,,,23.0,23.0
B0050DLOO8,409.0,,,409.0,409.0
B0050E30J4,,,31.0,31.0,
B0050EB0BE,,,10372.0,,10372.0
B0050EB0IC,10372.0,,10372.0,10372.0,10372.0
B0050EB0Q4,10372.0,10372.0,10372.0,10372.0,10372.0
B0050IJRM4,340.0,,,340.0,340.0
B0050JQXCA,,279.0,279.0,279.0,279.0
B0050LW5PC,15.0,,,,
B0050PSXM2,,,,,14.0
B0050Q0H2K,,,,,26.0
B0050Q2S2W,,,783.0,783.0,783.0
B0050Q4J6U,,,23.0,,23.0
B0050Q58XI,782.0,782.0,,782.0,782.0
B0050Q7GPG,26.0,,,,
B0050WM3R6,,,,,264.0
B0050WM574,,,,,277.0
B0050WM5LU,,,,,27598.0
B0050WM5NI,,,,,439.0
B00510J3HK,,,,,10.0
B005114MD4,,65.0,,65.0,65.0
B00512J84G,,,108.0,108.0,108.0
B00512SFDQ,555.0,555.0,555.0,555.0,555.0
B00512SFZO,1283.0,1283.0,1283.0,1283.0,1283.0
B00512SGEY,,,31.0,31.0,31.0
B005192VQG,3535.0,3535.0,3535.0,3535.0,3535.0
B00519BC9S,67.0,67.0,,,67.0
B00519BCAM,,201.0,201.0,201.0,201.0
B0051B1NPY,2121.0,2121.0,2121.0,2121.0,2121.0
B0051BIF1Y,20109.0,20109.0,20109.0,20109.0,20109.0
B0051BZIZK,,,,,22.0
B0051C0YT4,982.0,982.0,982.0,982.0,982.0
B0051C0ZAC,,,982.0,982.0,982.0
B0051CW76W,,3021.0,,3021.0,3021.0
B0051D2KTA,,88.0,88.0,88.0,88.0
B0051GENRO,19.0,,,,19.0
B0051HODCS,,,562.0,,562.0
B0051LVF70,,,,,5011.0
B0051LVFD4,5142.0,,,,5142.0
B0051OY8NK,,,14.0,,14.0
B0051OY9M0,10.0,,,,10.0
B0051P0VZ8,7223.0,7223.0,7223.0,7223.0,7223.0
B0051P35CE,7223.0,7223.0,7223.0,7223.0,7223.0
B0051P47GM,7223.0,7223.0,7223.0,7223.0,7223.0
B0051V9WIE,101.0,,101.0,,
B0051WRBFY,14.0,,,,14.0
B0051XV2M6,,,,,98.0
B00521MTNS,88.0,88.0,88.0,,88.0
B00521QSJY,80.0,,80.0,80.0,80.0
B00522PF60,,,,,40.0
B00526ST96,,,,33.0,
B0052ECRUA,577.0,,,577.0,577.0
B0052EEKZ0,,,,,132.0
B0052EF7RA,,23.0,,23.0,23.0
B0052ELVJI,,,,,148.0
B0052EM6DS,96.0,,,,96.0
B0052EOEME,,523.0,523.0,,
B0052EOHM6,,,,,6.0
B0052FSIPC,,,25.0,,
B0052H2JXW,1609.0,1609.0,1609.0,1609.0,1609.0
B0052OUDLU,390.0,390.0,390.0,390.0,390.0
B0052P5EFO,,,,,42.0
B0052PL9PS,,,,,145.0
B0052PM01K,41565.0,41565.0,,,41565.0
B0052PQNOA,,,43.0,43.0,43.0
B0052RQPD2,,,,55.0,55.0
B0052ULJBM,1893.0,1893.0,1893.0,1893.0,1893.0
B0052YEVF4,,,,,24.0
B00534FARQ,,,,8.0,
B00535OW6A,,,618.0,,618.0
B00538KNP6,2570.0,2570.0,2570.0,2570.0,2570.0
B0053DAM34,,,,,2.0
B0053GFLCI,,,1.0,,
B0053GO0UM,,,,19.0,19.0
B0053GPKQU,1.0,,,,
B0053GPZQ0,,6.0,,,
B0053YUNZA,,,,,1000.0
B00540U3L2,,,580.0,580.0,580.0
B00547FH2K,57.0,,,,57.0
B00547FNP6,28.0,,,,
B00547H5U2,262.0,262.0,262.0,262.0,262.0
B0054LN6EW,1249.0,1249.0,1249.0,1249.0,1249.0
B0054MYZ3C,,,,,1.0
B0054QM152,,,,,836.0
B0054U56GO,,,29.0,29.0,29.0
B0054Y0PMK,,,,,1165.0
B0054Y0U3E,,,,2.0,
B0054Y0ZJI,156.0,,,,156.0
B0054Y11V4,17.0,,,,17.0
B0054Y1290,35.0,,35.0,,35.0
B0054Y13TY,,,,,11508.0
B0054Y18BC,,333.0,,,333.0
B0054Y1BBE,,,11508.0,,11508.0
B0054Y1C40,,,,,663.0
B0054Y1CL8,,,,,4.0
B0054Y1E3Y,,,,,11508.0
B0054Y1E6Q,,,,,176.0
B0054Y1EWU,11508.0,,,,11508.0
B0054Y1JG6,,,,,11508.0
B0054Y1M3Q,,,,,11508.0
B0054Y1O66,,573.0,573.0,573.0,573.0
B0054Y22R6,202.0,,,202.0,202.0
B0054Y2Q8Q,103.0,103.0,103.0,,103.0
B0054Y2QUY,,,1749.0,,
B0054Y2SLQ,,,,,41.0
B0054Y30ZY,,,,,14.0
B0054ZIPQ2,,,36.0,,36.0
B00554AHTU,375.0,375.0,,375.0,375.0
B00554AK1K,,,7.0,,
B00555P8AC,,,,,82.0
B00555P974,,,141.0,,141.0
B00555P9P6,,,,,144.0
B0055BQXTQ,,61.0,61.0,,61.0
B0055EPHLS,,1001.0,1001.0,1001.0,1001.0
B0055NDLTY,,,,237.0,237.0
B0055NDLUI,7.0,,7.0,,
B0055NDLVM,,,,,1.0
B0055NELXY,517.0,517.0,517.0,517.0,517.0
B0055PPGQI,,,,61.0,61.0
B0055UHYZE,118.0,,118.0,118.0,118.0
B0055UYKDS,,,,60.0,60.0
B0055WMG5K,,,34317.0,,34317.0
B0055ZQH16,,,,,246.0
B00563HGM6,,,,,55.0
B00563HKB8,,,,,55.0
B00564HDKK,,,,,38.0
B005659H3U,20109.0,20109.0,20109.0,20109.0,20109.0
B00565UH7A,,,,,1004.0
B005678LY4,,,,,35.0
B005678XCE,,,,,19.0
B00569UIY8,1960.0,1960.0,,,1960.0
B0056AOWK8,,,55.0,,
B0056BX0JG,,,,,16.0
B0056C8O7S,,,,,22.0
B0056GJAR2,117.0,,117.0,117.0,117.0
B0056K0E6Y,,,,,103.0
B0056K93MU,,3021.0,3021.0,3021.0,3021.0
B0056KIPVA,,,,436.0,436.0
B0056SY07U,,,,,33.0
B0056Z7KN4,,,,4.0,
B0056ZAO4Q,,,,34.0,
B0056ZAPQI,,,,,34.0
B0056ZAR6Q,,,,,423.0
B0056ZARIY,,,,423.0,423.0
B0056ZARSE,,,423.0,,423.0
B0056ZAS2E,,423.0,,,423.0
B0056ZBVFC,,,,,31.0
B0056ZIEAC,25.0,,,,
B0056ZJMYO,,,,,32.0
B0056ZREG2,,77.0,77.0,,77.0
B0056ZTBBI,62.0,62.0,,62.0,62.0
B0056ZU5UE,,,,,19.0
B0056ZXIYO,,,8.0,,
B005706SLI,1408.0,1408.0,1408.0,1408.0,1408.0
B005708HQ2,523.0,523.0,,523.0,523.0
B00570AHI8,1945.0,1945.0,1945.0,1945.0,1945.0
B00570C6MS,,,1956.0,1956.0,1956.0
B00570DA1Y,110.0,,110.0,110.0,110.0
B00576AD3G,909.0,,909.0,909.0,909.0
B00576AD4U,3581.0,3581.0,3581.0,3581.0,3581.0
B0057DDZ3O,,,52.0,,
B0057IP0D2,,,,,441.0
B0057J2MVO,6.0,,,,
B0057MMSWY,473.0,473.0,473.0,473.0,473.0
B0057SX82M,,,,,681.0
B0057TPUPY,816.0,816.0,816.0,816.0,816.0
B0057XCE72,,,984.0,,
B00583UL6M,,17.0,,,
B0058DDFL0,,76.0,,,76.0
B0058DGMFG,32.0,,,,32.0
B0058DI01U,,,12.0,,12.0
B0058EEIN8,,,,,21.0
B0058EELK8,,,,,71.0
B0058EFWBU,,,,,10.0
B0058OY9J6,,,,,2.0
B0058QM77K,1088.0,,1088.0,1088.0,1088.0
B0058QM7HK,,63.0,,,63.0
B0058QM7KC,59.0,59.0,,,
B0058QM7QG,26.0,,,,
B0058UD3BK,,,,,11.0
B0058UD4S2,599.0,,599.0,599.0,599.0
B0058YJVNK,,,,,17.0
B0058YKI46,2450.0,,,,2450.0
B0058YKIA0,277.0,277.0,277.0,277.0,277.0
B0058Z8FM2,,,,,4.0
B0058Z8FXG,,,,,12.0
B0058Z8GFS,8.0,,,,8.0
B0058ZRUTQ,59.0,,59.0,,59.0
B0058ZRV54,,16.0,,16.0,16.0
B0058ZRVOK,11.0,,,,
B0058ZZIHW,,,7.0,,7.0
B0058ZZJD0,,,,8.0,8.0
B005918M3C,5.0,,,,
B00593XXK2,,,15.0,,15.0
B00595B16S,,,,,20.0
B00595BY6U,,,570.0,570.0,570.0
B00597MI4K,426.0,,426.0,426.0,426.0
B00597PZ5Y,,,426.0,,426.0
B00597QNBY,726.0,,,726.0,726.0
B00597RGL0,574.0,,574.0,574.0,574.0
B00597S3VW,,,158.0,158.0,158.0
B00597SS0S,241.0,241.0,,241.0,241.0
B00597U3HE,,,692.0,692.0,692.0
B00597ZDMO,309.0,,309.0,,309.0
B00597ZQCQ,,274.0,274.0,274.0,274.0
B0059802GU,,185.0,185.0,185.0,185.0
B0059856B6,,,55.0,55.0,55.0
B005985KIA,79.0,,79.0,,79.0
B005985WPG,726.0,,726.0,726.0,726.0
B005986GZQ,574.0,574.0,,,574.0
B005986Z3E,,,,,241.0
B005987BF0,692.0,,,,692.0
B005987NYO,309.0,,,,309.0
B0059HW0F2,,,53.0,,53.0
B0059IE374,38.0,,,,
B0059J2HTY,,,,,3.0
B0059J5VGU,,,,,9.0
B0059JS1BW,900.0,,900.0,900.0,900.0
B0059K04K2,,,,,6.0
B0059K04Z2,,,,,42.0
B0059S1ELM,173.0,,173.0,173.0,173.0
B0059XLCCS,46.0,,46.0,,46.0
B0059XLCGY,109.0,109.0,109.0,109.0,109.0
B005A12X6S,,,88.0,88.0,88.0
B005A1QRWY,,,,,23.0
B005A2M7WC,177.0,177.0,177.0,177.0,177.0
B005A3HCL2,430.0,,430.0,,430.0
B005A5F3FM,,,,,8332.0
B005A5F4AQ,,,,,90.0
B005A5Y55G,,1315.0,1315.0,1315.0,1315.0
B005A76KMU,,,151.0,151.0,151.0
B005A76MA0,,,,,255.0
B005A76NYU,,58.0,,58.0,58.0
B005AFJFI8,,,25.0,25.0,25.0
B005AII23O,,,,,264.0
B005AKX8IQ,377.0,377.0,377.0,,377.0
B005ALU9T6,,,,,342.0
B005ASMCYO,,,,,57.0
B005AVVPP8,,,619.0,619.0,619.0
B005AW32FS,,,,,5.0
B005BAIRDQ,,,,35.0,35.0
B005BEF5EQ,19372.0,19372.0,19372.0,19372.0,19372.0
B005BEYZXS,,,,,1367.0
B005BFD8VC,,,,,255.0
B005BQ7J5W,1741.0,1741.0,1741.0,1741.0,1741.0
B005BQ7JAM,2161.0,2161.0,2161.0,2161.0,2161.0
B005BQ88F2,,,,,319.0
B005BSBKBE,,,,1183.0,
B005BSWMF2,,,,,114.0
B005BTM378,,,,,2204.0
B005BUB4ZY,,,88.0,88.0,88.0
B005BXY4X0,4037.0,4037.0,4037.0,4037.0,4037.0
B005BXY51Q,,,,1.0,
B005C66P7E,418.0,418.0,418.0,418.0,418.0
B005C66X4E,780.0,780.0,,,780.0
B005C673JI,222.0,222.0,222.0,,222.0
B005C673PC,33.0,,,33.0,33.0
B005C674AQ,,,,126.0,126.0
B005C674GK,816.0,816.0,816.0,816.0,816.0
B005C6CVCW,,,,1.0,
B005C78B9I,,,,381.0,381.0
B005CKS8UM,,,,12.0,
B005CLW35C,,,,657.0,657.0
B005CNVFG8,,5151.0,,,
B005CP3AN2,,,,430.0,
B005CQ9YMW,,,,15.0,15.0
B005CQM6RC,,,,48.0,48.0
B005CQM7BM,313.0,313.0,,313.0,313.0
B005CQM8LG,84.0,,,,84.0
B005CQM8YS,,1749.0,1749.0,1749.0,1749.0
B005CQM9GK,,,,,58.0
B005CQMAAU,,,36.0,,36.0
B005CQMAMS,,,,,23.0
B005CQMB2M,,,13.0,,
B005CQMBLS,,,,,6.0
B005CQMBUY,,,,28.0,28.0
B005CQMC4Y,23.0,,,,
B005CQMCMG,,,,14.0,
B005CRNR6K,,,417.0,417.0,417.0
B005CUHGVE,303.0,303.0,303.0,,303.0
B005CVGJFM,9876.0,9876.0,9876.0,9876.0,9876.0
B005CWT4W6,6794.0,,6794.0,6794.0,6794.0
B005CWUU1K,,,,5327.0,5327.0
B005CX1ZQS,5327.0,5327.0,5327.0,5327.0,5327.0
B005D08XRE,,50.0,50.0,50.0,50.0
B005D0IFA4,954.0,954.0,954.0,954.0,954.0
B005D7T4SY,,,,22.0,
B005D7VJL4,,,,,64.0
B005D82O9Y,,,,55.0,
B005D83M22,74.0,,,74.0,74.0
B005DJ6ZCK,,,,,383.0
B005DRXW9G,6794.0,6794.0,,,6794.0
B005DSFT8M,,,,,16.0
B005DSGUEO,,376.0,,,376.0
B005DTX0DC,,,,57.0,57.0
B005DTX0UK,,,,,136.0
B005DWE966,118.0,118.0,,118.0,118.0
B005DYIT38,255.0,,255.0,255.0,255.0
B005DYITD8,211.0,211.0,211.0,211.0,211.0
B005E2HHE6,,,,,7.0
B005E2IH7W,71.0,,,,71.0
B005E2IJ1G,,,15.0,,
B005E7BLG6,,,,,64.0
B005E9QU7Y,,106.0,,,106.0
B005E9SA7C,,,,154.0,154.0
B005EAD0SK,,,,,3.0
B005EMQDD2,,1004.0,,1004.0,1004.0
B005EMSK0G,,,,38.0,38.0
B005EMSRDG,,,,,268.0
B005EMT0NM,314.0,314.0,,314.0,314.0
B005EUATLQ,,,,,2529.0
B005EZSU26,17.0,,,,
B005EZSU6C,,,,,11.0
B005EZSU7G,,,,,14.0
B005EZSUJY,,,,,367.0
B005EZSUS0,6009.0,6009.0,6009.0,6009.0,6009.0
B005EZTUIY,,,,,13.0
B005F1ILHS,282.0,282.0,282.0,282.0,282.0
B005F1ILK0,,,,,1988.0
B005F1IP74,,2903.0,,,
B005F1ISOO,,,,,55.0
B005F1IVKA,,,2363.0,2363.0,2363.0
B005F1IYU2,,,,56.0,56.0
B005F3HWIU,,22.0,22.0,,22.0
B005F3HWLW,,,,,29.0
B005F3HWUI,76.0,,,,76.0
B005F3HX5W,,,,,5.0
B005F454S4,,,,,813.0
B005F7P9AO,,,3673.0,,
B005F8ZYIK,,,,,442.0
B005F8ZYPS,,,,,442.0
B005FATMPO,,2.0,,,
B005FAV85G,,,,,2.0
B005FEODFE,994.0,994.0,994.0,994.0,994.0
B005FEODFY,72.0,72.0,72.0,72.0,72.0
B005FEODG8,,143.0,143.0,143.0,143.0
B005FFSP9I,15.0,,,,
B005FFUJ88,,,,,1.0
B005FHZ972,,,,,4.0
B005FJPXHQ,,,,,8.0
B005FPDCOG,336.0,336.0,336.0,,336.0
B005FQ63P0,186.0,,,,186.0
B005FQ6BNY,,150.0,,,150.0
B005FXNQ44,,,40.0,,40.0
B005FXXZ18,,,,40.0,40.0
B005FXYAEO,,,,,40.0
B005FXZEX0,,,,,16.0
B005FY5YS4,,59.0,,,59.0
B005G0YQDG,787.0,787.0,787.0,,787.0
B005G5DO2K,,,74.0,74.0,74.0
B005G5DTZC,98.0,,,98.0,98.0
B005G5FN2E,,,,209.0,209.0
B005G5WRV4,,,2.0,,
B005G7QK9C,607.0,607.0,607.0,607.0,607.0
B005G7Y8D2,,,93.0,93.0,93.0
B005GB3JU6,,,,,2.0
B005GM9MF6,,,,,21.0
B005GO25VW,,,,,1151.0
B005GO25Z8,,,,,868.0
B005GOP7A8,,,,135.0,135.0
B005GOP7NK,,,140.0,,
B005GOP9IS,,2.0,,,
B005GOP9V0,,,104.0,,104.0
B005GQN03M,174.0,,,174.0,174.0
B005GQO86U,38.0,38.0,,,
B005GUR6SS,,,,98.0,98.0
B005GUR7EQ,,,,,71.0
B005GUR7K0,,,,86.0,86.0
B005GUT9F6,,,,557.0,557.0
B005GUT9TM,,,,,557.0
B005GVEZK4,632.0,632.0,632.0,632.0,632.0
B005GVGOSU,114.0,,114.0,114.0,
B005GWAR9G,,,2314.0,2314.0,2314.0
B005GWRNQQ,,,,675.0,675.0
B005GX1BDQ,,,,,259.0
B005GX1MXA,,2512.0,,,2512.0
B005GX1NIY,,,291.0,,
B005GXG7EE,99.0,99.0,,99.0,99.0
B005GYD8MW,,,,,36.0
B005GYY5E2,,,,,99.0
B005GYY6SC,,16.0,16.0,,16.0
B005GYY704,,,,58.0,58.0
B005H0PXK0,871.0,871.0,871.0,871.0,871.0
B005H3AHTE,116.0,116.0,116.0,116.0,116.0
B005H40XL0,,,398.0,,
B005H6XPSQ,,,,,8.0
B005H6XPU4,,32.0,,32.0,32.0
B005H6XPUE,317.0,317.0,317.0,,317.0
B005HA92FC,,,,,8083.0
B005HBSU1S,,,,,32.0
B005HIKMB2,,230.0,230.0,230.0,230.0
B005HKST1U,,,88.0,,
B005HTKTNC,2865.0,,,,
B005HV2QYU,406.0,406.0,406.0,406.0,406.0
B005HWW6DK,,,407.0,407.0,407.0
B005HWY9LC,107.0,107.0,107.0,,107.0
B005HXD3WC,,43.0,43.0,,43.0
B005I4119W,,,,35.0,35.0
B005I412W8,202.0,,202.0,202.0,202.0
B005I4W9Y8,,,,,4.0
B005I4WAFQ,,,,,13.0
B005I4WANI,,,405.0,405.0,405.0
B005I4WB0U,329.0,,,329.0,329.0
B005I4WBDM,810.0,810.0,810.0,810.0,810.0
B005I4WBH8,,,,,4.0
B005I4WBTG,1199.0,1199.0,1199.0,1199.0,1199.0
B005I64ZDY,76.0,76.0,76.0,76.0,76.0
B005IAQXK8,,,,,16.0
B005IAT76A,,,,76.0,76.0
B005IAV59W,,,47.0,,47.0
B005IAZUEI,,,,767.0,
B005IDC5CU,,,,27.0,
B005IDHCSM,1386.0,1386.0,1386.0,1386.0,1386.0
B005IEJM5M,,,,,33.0
B005IEJN06,,,,,13.0
B005IEK6QQ,,,,,11.0
B005IEKJTU,,,,,20.0
B005IG9Z02,6.0,,,,6.0
B005IH4NCQ,,,,,68.0
B005IH4OUC,,68.0,68.0,68.0,68.0
B005IIAH0M,,,,83.0,
B005IQ2F4A,2871.0,,2871.0,2871.0,2871.0
B005IQ2GRQ,,42.0,42.0,,42.0
B005IQ44LW,,,,,976.0
B005ITAVCA,,,,,4.0
B005IVK7BS,,,68.0,68.0,68.0
B005IW7P6W,89.0,89.0,89.0,,89.0
B005IXG9Y0,1638.0,,1638.0,1638.0,1638.0
B005IXGA6C,1501.0,1501.0,1501.0,1501.0,1501.0
B005IY1X7W,,,234.0,,234.0
B005J0MWW0,,,2239.0,,
B005J3HZD8,,,279.0,279.0,279.0
B005J51Y7E,,,,120.0,120.0
B005J5BHU8,,,,52.0,52.0
B005J5BHZI,,,,77.0,77.0
B005J5BIMU,,40.0,40.0,40.0,40.0
B005J5BSSY,,,,80.0,80.0
B005J5CLQ2,,,90.0,,90.0
B005J5HC5M,20.0,20.0,,,
B005J5MK1I,,,,28.0,
B005J5PR4A,,16.0,,,
B005JBO2M2,,,,95.0,95.0
B005JBO74A,,36.0,,,36.0
B005JCVNMS,63.0,63.0,63.0,63.0,63.0
B005JDPGVQ,,,,,83.0
B005JDPH06,,,27.0,,
B005JDPHII,,,,,112.0
B005JDPI9G,,,,,22.0
B005JDPIRS,,,,,180.0
B005JDPJ3G,165.0,165.0,165.0,165.0,165.0
B005JDPJNG,,,,43.0,
B005JDPJVI,333.0,,,,333.0
B005JDPK2Q,,,78.0,78.0,
B005JDPKBC,,,,31.0,
B005JDPKGC,29.0,,,29.0,
B005JDPKZI,,,,,580.0
B005JDPLMA,,,,66.0,
B005JDPM0G,,,,,242.0
B005JDPS7I,,,,,274.0
B005JEK5FW,,,,493.0,493.0
B005JJ4FEE,754.0,,,754.0,754.0
B005JJ4H3I,15.0,,,15.0,15.0
B005JJ4HE2,64.0,64.0,64.0,,64.0
B005JJ512O,55.0,55.0,55.0,,
B005JTIA1I,,,182.0,,182.0
B005JUL0JQ,,,,,340.0
B005JY6COK,,,,15.0,
B005JY6IQM,,,,20.0,20.0
B005JYOX50,,1313.0,1313.0,1313.0,1313.0
B005JYOZZI,,676.0,676.0,676.0,676.0
B005JYP75K,,,436.0,436.0,436.0
B005JYP854,377.0,,377.0,377.0,377.0
B005JYP8EA,,528.0,528.0,,528.0
B005JYP9MG,,,,21.0,
B005JYPBWO,,,505.0,505.0,505.0
B005JYPETO,,,,,33.0
B005JYPGC4,,,,,42.0
B005JYPOCQ,,528.0,,528.0,528.0
B005JZ8BWA,,128.0,,,
B005K09UV0,,,,,1041.0
B005K0DO8A,,,1041.0,,1041.0
B005K82FOG,,,92.0,92.0,92.0
B005K82GA4,,,,204.0,204.0
B005K82JDS,,,,,10.0
B005K82RMG,,,,,101.0
B005K82VBS,,,,61.0,61.0
B005K82WDK,,28.0,,,
B005K82WKI,28.0,,,,
B005K82XAM,,,,61.0,
B005K82XW0,,,,,61.0
B005K8IW5W,,,,,30.0
B005K95YSY,37.0,37.0,37.0,37.0,37.0
B005KL2IAY,1629.0,1629.0,,1629.0,1629.0
B005KL3B64,1345.0,1345.0,1345.0,1345.0,1345.0
B005KQ75DE,,,,,1326.0
B005KUGUBS,,1650.0,1650.0,1650.0,1650.0
B005KVGMG0,22.0,,,,22.0
B005KW8K00,692.0,692.0,,692.0,692.0
B005KYND5A,,,29.0,,
B005KYNEJU,,,,714.0,
B005KYNLV6,,,84.0,84.0,84.0
B005L8BIMU,,,,17.0,17.0
B005L90FQY,54.0,54.0,54.0,,54.0
B005LBJHHK,,16.0,,,
B005LCLT3E,,,34.0,34.0,34.0
B005LCLU9C,,17.0,17.0,17.0,17.0
B005LCZ82W,,,,4.0,
B005LCZ8CM,,,,,8.0
B005LCZ8WC,,,,,6.0
B005LCZ9GC,,,,9.0,
B005LGC1A0,,,,,7.0
B005LGXHXK,,,,,4.0
B005LN5H5E,,,,,78.0
B005LN66O0,,,,58.0,58.0
B005LN66QS,37.0,,37.0,,37.0
B005LU5FTA,,1326.0,,,
B005LU5G44,1326.0,,,1326.0,1326.0
B005LW0BI8,1369.0,1369.0,1369.0,1369.0,1369.0
B005LY57S0,,71.0,,,71.0
B005M0I8W0,,,,,23.0
B005M9J05A,,,,,351.0
B005M9J0M8,366.0,366.0,366.0,366.0,366.0
B005MAOZ3Q,,,165.0,,
B005MFATIG,,,191.0,191.0,191.0
B005MFJZUE,,,,,17.0
B005MJC2O6,,,,,4.0
B005MJGUXU,,262.0,,262.0,262.0
B005MN2VB6,,,9371.0,,
B005MPNDG6,78.0,78.0,78.0,,78.0
B005MQLMJA,28.0,28.0,28.0,28.0,
B005MRS29C,69.0,,,69.0,69.0
B005MRSCMO,,9.0,,,
B005MRSF7G,,,,,15.0
B005MS06L8,,,,5.0,
B005MYI8VC,,,,,1568.0
B005MZFD5K,,64.0,64.0,,64.0
B005MZFNLY,,88.0,,88.0,88.0
B005MZKF6M,,,,16043.0,
B005N0JVFM,,,136.0,136.0,136.0
B005NBG820,,,39.0,39.0,39.0
B005NFESVY,,,,849.0,849.0
B005NFNZIG,69.0,69.0,69.0,69.0,69.0
B005NJ4XJW,,,,293.0,293.0
B005NOPU2G,,,9364.0,9364.0,9364.0
B005NQRPFO,2771.0,2771.0,2771.0,,2771.0
B005NWHOPE,,58.0,,58.0,58.0
B005NWHOW2,,,,148.0,148.0
B005NWHPXU,,,40.0,,40.0
B005NWM9WC,629.0,629.0,629.0,629.0,629.0
B005NWMFL2,624.0,624.0,,624.0,624.0
B005NWMR56,3050.0,,3050.0,3050.0,3050.0
B005NWO9G6,3538.0,3538.0,3538.0,3538.0,3538.0
B005NWO9J8,3213.0,3213.0,3213.0,3213.0,3213.0
B005NWO9MU,1212.0,,1212.0,1212.0,1212.0
B005NWO9SE,627.0,,627.0,627.0,627.0
B005NZMOGK,363.0,,363.0,,363.0
B005O0B7U8,,,,,4.0
B005O0DGRU,,,,,1.0
B005O29578,,,,,64.0
B005O8XYYM,8332.0,8332.0,8332.0,8332.0,8332.0
B005O8XZA0,,,,,90.0
B005O8Y6A8,,,,,7.0
B005OCZXQU,33.0,,,,33.0
B005OEAVSI,,,50.0,50.0,50.0
B005OIY6JE,2095.0,2095.0,2095.0,2095.0,2095.0
B005OKZHS6,,,,,86.0
B005OKZYPC,,,,,1558.0
B005OL2P44,,,,,264.0
B005OMZW48,2329.0,2329.0,2329.0,2329.0,2329.0
B005ONFQ2A,682.0,682.0,682.0,682.0,682.0
B005ORJVEA,,,,225.0,225.0
B005ORSOMA,,,,,44.0
B005ORUB3A,635.0,,635.0,635.0,635.0
B005OS470C,,,,,1835.0
B005OS6O76,,,,,79.0
B005OSAGTI,,,,,222.0
B005OTVVWS,3050.0,3050.0,3050.0,3050.0,3050.0
B005OU7ZZ4,,,,,5.0
B005OWMLRE,140.0,,,,140.0
B005OYYJ2W,,,,,11.0
B005OZDGW0,,,,,2783.0
B005OZOIKY,243.0,243.0,243.0,243.0,243.0
B005OZOZ16,3432.0,,3432.0,3432.0,3432.0
B005P9WVYO,,,,,11.0
B005PA226K,29.0,29.0,29.0,29.0,29.0
B005PC8TJ2,,,12.0,,12.0
B005PZRYFO,,38.0,,,38.0
B005Q4SRVO,,,,230.0,
B005Q7GEU2,9256.0,,,,
B005QHT7TW,,1.0,,,
B005QJAEVU,,,,297.0,297.0
B005QLSVAY,,,9.0,,
B005QPYREE,,,,,144.0
B005QR6Q4Q,8332.0,,,8332.0,8332.0
B005QR6QAA,8332.0,,8332.0,8332.0,8332.0
B005QR6QG4,90.0,,,90.0,90.0
B005QR6QLY,,8332.0,8332.0,8332.0,8332.0
B005QZXV7I,,,565.0,565.0,565.0
B005R1AAJI,,,,,28.0
B005R1HPUK,,,,,59.0
B005R296B0,,,,30.0,30.0
B005R29U3O,,,,10.0,10.0
B005R29X9K,,,,11.0,
B005R29ZCK,,,,,9.0
B005R3PLHC,405.0,405.0,405.0,405.0,405.0
B005RG93OG,,,,1157.0,
B005RGAJHQ,537.0,,537.0,537.0,537.0
B005RTYPAK,112.0,112.0,112.0,112.0,112.0
B005RZDEEC,376.0,,376.0,376.0,376.0
B005S01PNS,,,503.0,503.0,503.0
B005S08JGO,,,,,57.0
B005S3JF7S,109.0,109.0,109.0,109.0,109.0
B005S3WQ1U,263.0,,263.0,263.0,263.0
B005S5C1FE,,,,,5.0
B005S5IJGO,11.0,,,,11.0
B005S6RT5U,,,,21.0,
B005S7WGUW,,,,,13.0
B005SA8B1M,,,,,29.0
B005SA8BDU,,,,31.0,31.0
B005SA8C9S,61.0,,61.0,61.0,61.0
B005SA8CC0,23.0,,,,23.0
B005SAYYQS,,,122.0,,122.0
B005SEBU8O,108.0,108.0,108.0,108.0,108.0
B005SPWI3O,446.0,446.0,446.0,446.0,446.0
B005SQQF4Q,,,,,11269.0
B005TMY0IW,175.0,,,175.0,175.0
B005TOM9QK,197.0,197.0,197.0,197.0,197.0
B005TTYDUK,18.0,,,,18.0
B005TU1JGA,,,,,3.0
B005UFA8WK,,,,,76.0
B005UHM4YS,,,,,5.0
B005UHRMFO,,7223.0,,,7223.0
B005UHRN58,,,,,7223.0
B005UJM8QA,,,,,4.0
B005UJM8VU,,,7.0,,7.0
B005V0HCXC,,,,,3.0
B005V2XF68,271.0,,,271.0,271.0
B005V54SGG,251.0,,251.0,,251.0
B005VAIIH6,69.0,,,,69.0
B005VB2YN4,,193.0,,,193.0
B005VGS6TA,1918.0,1918.0,1918.0,1918.0,1918.0
B005VMHWRQ,1644.0,1644.0,,1644.0,1644.0
B005VMJCD8,,,1644.0,,1644.0
B005VMK99E,40.0,,,40.0,40.0
B005VPQVZM,,,,216.0,216.0
B005VQZ09O,4850.0,4850.0,4850.0,4850.0,4850.0
B005VR2AJG,,439.0,,,439.0
B005VR4WHE,,29.0,,,
B005VSS3P0,,,,,4.0
B005W1DUYU,158.0,158.0,158.0,158.0,158.0
B005W1DVCG,544.0,544.0,544.0,544.0,544.0
B005WIFR6C,62.0,,,,62.0
B005WKFHYC,1414.0,1414.0,1414.0,1414.0,1414.0
B005WKJB6C,1998.0,1998.0,1998.0,1998.0,1998.0
B005WNDGOM,1644.0,1644.0,1644.0,1644.0,1644.0
B005WNHVAW,,1644.0,1644.0,1644.0,1644.0
B005WOIUQA,,,105.0,105.0,105.0
B005WOIWFY,,,,,61.0
B005WOIX3A,124.0,124.0,124.0,,124.0
B005WX3N7W,867.0,867.0,867.0,867.0,867.0
B005WZ2QU0,,90.0,,90.0,90.0
B005WZNIYI,148.0,148.0,148.0,148.0,148.0
B005X6N8FK,,,,,4.0
B005XEBA3O,64.0,64.0,64.0,,
B005XMVYBY,,,816.0,816.0,816.0
B005XMZVVS,3855.0,3855.0,3855.0,3855.0,3855.0
B005XNC10Q,319.0,,319.0,319.0,319.0
B005XOM0U6,,,,13.0,
B005XPCOVU,388.0,388.0,,,
B005XR50R8,247.0,247.0,247.0,,247.0
B005XY43IS,,139.0,139.0,139.0,139.0
B005XZ0OP8,3584.0,3584.0,3584.0,3584.0,3584.0
B005Y1U9QU,,,,,4.0
B005YNB6VA,3582.0,3582.0,3582.0,3582.0,3582.0
B005YNB7JQ,,24.0,,,24.0
B005YQ231E,,16.0,,,
B005YQ36N8,375.0,375.0,375.0,,375.0
B005YQ3NTU,,,,,12.0
B005YQ4SOO,,,,439.0,439.0
B005Z23VP4,228.0,,,228.0,228.0
B005Z4TNMC,,824.0,824.0,824.0,824.0
B005ZESRYM,32.0,,32.0,32.0,32.0
B005ZGGPDU,,,,,9457.0
B005ZH3J4M,,,,,335.0
B005ZN865I,,,,,11.0
B005ZTKO3E,,,,,14.0
B005ZTRZJK,,,,,18.0
B005ZTS1N4,,,,,7.0
B005ZVWJXA,,191.0,,,191.0
B0060A2QXI,88.0,88.0,88.0,88.0,88.0
B0060A7DF4,80.0,,,,
B0060ALFW6,,2058.0,2058.0,2058.0,2058.0
B0060AUPAY,,,,88.0,88.0
B0060AXNUI,,,,,88.0
B0060C72SU,,,3581.0,3581.0,3581.0
B0060K8ITO,93.0,,,93.0,93.0
B0060LG5X4,10723.0,,,,
B0060OKMLC,5905.0,5905.0,5905.0,,5905.0
B0060OLB62,,,,,423.0
B0060OMQAW,,,,,29.0
B0060OMU3U,1905.0,1905.0,1905.0,1905.0,1905.0
B0060OMXUA,11699.0,11699.0,11699.0,11699.0,11699.0
B0060OTTCA,,,,,656.0
B0060OUV5Y,13779.0,13779.0,13779.0,13779.0,13779.0
B0060P0UUO,3049.0,3049.0,3049.0,3049.0,3049.0
B0060P25ZC,273.0,273.0,273.0,273.0,273.0
B0060TTGFK,1568.0,1568.0,1568.0,1568.0,1568.0
B0061CBPE6,,47.0,47.0,,47.0
B0061CBQ0O,,,47.0,,
B0061CBRD0,,,,,55.0
B0061CBRN0,,,,48.0,48.0
B0061CBXOS,,,,19.0,19.0
B0061CBXWK,,,3.0,,
B0061CBY56,,,,,19.0
B0061CBZIM,,,,,1.0
B0061CC9HS,,,,,47.0
B0061CCABS,,,,47.0,47.0
B0061CCAVI,,,,47.0,47.0
B0061CCYNW,,,,,21.0
B0061CCZBS,,,,,13.0
B0061CCZRC,,,,13.0,13.0
B0061CD44A,,,,111.0,111.0
B0061CD4Y0,54.0,54.0,,54.0,54.0
B0061CD5GC,66.0,,,,66.0
B0061EGBO8,45.0,,,,45.0
B0061FWTJI,,,,,15.0
B0061KU8W8,248.0,248.0,248.0,248.0,248.0
B0061Q3X60,,121.0,,121.0,121.0
B0061Q7X1Q,322.0,322.0,322.0,322.0,322.0
B0061RJRBE,,,,,53.0
B00620M05A,,,,86.0,
B00620M6UO,,,,,4.0
B006293E5Q,283.0,,283.0,,283.0
B0062BM1DU,,,,174.0,174.0
B0062CIECQ,,,39.0,39.0,39.0
B0062CIEKI,,,,,39.0
B0062KSIJ2,,,,45.0,45.0
B0062O4T14,,,,,28.0
B0062O4T4G,,,,,25.0
B0062O4TFA,,,,28.0,28.0
B0062O4TNC,,,,28.0,
B0062PDO1E,,,30.0,30.0,
B006302MVG,,,,,22.0
B0063AAQA0,,,,,6.0
B0063AJ8WW,,,,,5.0
B0063HHJXA,,53.0,53.0,,53.0
B0063LXEDK,,,,,123.0
B0063OQJJI,,,,,6864.0
B0063VG5UY,1175.0,,1175.0,,1175.0
B0063WN4DE,539.0,,,,539.0
B006428HO4,,,,388.0,388.0
B0064AV6BC,,,,,241.0
B0064EDOG8,236.0,236.0,236.0,236.0,236.0
B0064F6Y1O,,,,,194.0
B0064F8P0C,143.0,,143.0,143.0,143.0
B0064PYK10,,,,,140.0
B0064UQNG0,96.0,96.0,,96.0,96.0
B0064UR5LW,,,45.0,,45.0
B00650YIH0,,,,,1381.0
B00652J67K,66.0,,,66.0,66.0
B00653UN4E,,,,2.0,
B006563D20,,,,,130.0
B0065808B2,10.0,,,,
B0065I8MC4,4714.0,4714.0,4714.0,4714.0,4714.0
B0065JCV84,22760.0,22760.0,22760.0,22760.0,22760.0
B0065R05WA,,1168.0,,,
B0065RU8Y0,241.0,,241.0,,241.0
B00662Z24A,65.0,65.0,65.0,65.0,65.0
B00662Z9VG,,70.0,,70.0,70.0
B00665TG08,,,,,2.0
B0066AM3WG,,,,13.0,
B0066NBRDO,,,,,228.0
B0066SNGHY,,,,,10.0
B0066SNM7I,,,,,13.0
B0066SNPMK,80.0,80.0,,,80.0
B0066SNV5Q,88.0,,88.0,88.0,88.0
B0066TGLSY,219.0,,,219.0,219.0
B0066YIUOW,,,240.0,240.0,240.0
B0067QSGW0,121.0,121.0,121.0,,121.0
B0068235WO,,,,,5.0
B00683LN54,,,,154.0,154.0
B00684A3YK,1062.0,,,1062.0,1062.0
B00684A6VA,333.0,,333.0,,333.0
B00684A8MW,699.0,699.0,699.0,699.0,699.0
B00684AC82,,2111.0,2111.0,2111.0,2111.0
B00684ADPY,,626.0,,626.0,626.0
B00684AEY4,,,,77.0,
B00684AFFM,,,,,77.0
B00684ALKQ,,,,67.0,67.0
B00684ALYC,,,,100.0,100.0
B00684ANMC,546.0,546.0,546.0,546.0,546.0
B00684AR78,21.0,21.0,,,21.0
B00684AUCK,1277.0,,1277.0,1277.0,1277.0
B00684AWF0,1277.0,1277.0,1277.0,1277.0,1277.0
B00684H212,13.0,,,,
B00685MI7Y,19.0,,,,19.0
B0068B8LSS,,,,40.0,40.0
B0068GAB9U,,,,,598.0
B0068M4E6A,,,2028.0,2028.0,2028.0
B0068NJ0ZE,,,,,24.0
B0068RTV6S,477.0,,477.0,,477.0
B0068SZ7UG,1117.0,1117.0,1117.0,1117.0,1117.0
B00694FYHA,,,,,80.0
B006989VBG,1196.0,1196.0,1196.0,1196.0,1196.0
B00698F4AS,,,,48.0,48.0
B0069D5A6G,,,8.0,,
B0069RJV3U,43.0,,,,43.0
B0069RLERQ,,,331.0,331.0,331.0
B0069RODV0,,,,,53.0
B0069RZAGC,,,,56.0,56.0
B0069WVQZG,4075.0,4075.0,4075.0,4075.0,4075.0
B006A05VG2,,,,,12.0
B006A0674M,,,,12.0,
B006AR1B5K,,,47.0,47.0,47.0
B006B7RL9Y,,,19.0,,
B006B8FYMY,,,,,279.0
B006B8FZGE,,,,,68.0
B006B8G2RU,,,,27.0,27.0
B006CH0WQC,,,,,1713.0
B006CO40BI,413.0,,,413.0,413.0
B006CRG0I6,,,,11.0,11.0
B006CT0F12,1537.0,1537.0,1537.0,1537.0,1537.0
B006DCBBIO,,,,26.0,
B006DOC09Q,3414.0,,,,3414.0
B006E0YKKQ,,58.0,58.0,58.0,58.0
B006EZVT46,,,,55.0,55.0
B006EZVWSO,,,,122.0,122.0
B006FNAPL0,,,11.0,,11.0
B006FRS9O6,1247.0,1247.0,1247.0,1247.0,1247.0
B006FXKP0Q,6193.0,6193.0,6193.0,6193.0,6193.0
B006FXNG0C,1321.0,,,1321.0,1321.0
B006FYM33M,187.0,,,187.0,187.0
B006FZYBTU,,,,,3.0
B006G39G6Y,13.0,,,,
B006GD4I8U,,,31.0,,31.0
B006GDDO94,,,,,18.0
B006GDGUV8,,,,20.0,20.0
B006GEH4OY,,,,,114.0
B006GGNVJE,43.0,43.0,,,43.0
B006GIFFP0,,4358.0,,,4358.0
B006GK5OM2,,,,,49.0
B006GS3C8W,,,3.0,,
B006GS3C9Q,,,,,7.0
B006GTGEDQ,,,,,64.0
B006GUT1SK,,,51.0,,51.0
B006HG9GSS,3093.0,3093.0,,,3093.0
B006HH07I0,,,135.0,135.0,135.0
B006HI60EY,2640.0,2640.0,2640.0,2640.0,2640.0
B006HJOMIO,,,,81.0,81.0
B006HJPT7W,8.0,,,8.0,8.0
B006HJQ4BM,,,,8.0,8.0
B006HJQRB4,8.0,8.0,8.0,8.0,8.0
B006HJQVCO,154.0,,154.0,154.0,154.0
B006HJR2Q8,,8.0,,,8.0
B006HJRAD8,7.0,,,7.0,7.0
B006HJRU6U,8.0,8.0,8.0,8.0,8.0
B006HJYQBW,78.0,,,,78.0
B006HK7BSQ,,,11.0,,11.0
B006HK7I8E,,,8.0,8.0,8.0
B006HKAC6O,,,99.0,99.0,99.0
B006HKAF3Y,11.0,,11.0,11.0,11.0
B006HKE2TC,,8.0,8.0,8.0,8.0
B006HKR6OK,370.0,,370.0,370.0,370.0
B006HMARMG,,,,,540.0
B006HY59GS,41.0,,41.0,,41.0
B006IC9IGG,,,27.0,27.0,27.0
B006IUZSW6,,20.0,,,20.0
B006IYRNTI,,23.0,,,23.0
B006IYRUUU,,28.0,28.0,28.0,28.0
B006J7L3L8,,,,621.0,
B006J8M1XG,,,121.0,,121.0
B006JBUR6G,,330.0,,330.0,330.0
B006JEYUZC,,16.0,,16.0,16.0
B006JKXJ4E,,2477.0,2477.0,2477.0,2477.0
B006JRHS12,,,,26.0,26.0
B006JRHUM4,74.0,,,74.0,74.0
B006JRI38O,388.0,,388.0,388.0,388.0
B006JRI3LG,,,388.0,,388.0
B006JRI4JW,,,,8.0,
B006JRI65E,388.0,,,,
B006JRI78K,,9.0,,,
B006JRI7OO,,,9.0,,
B006JRI8TI,,388.0,,,
B006JV7J5S,2240.0,2240.0,2240.0,2240.0,2240.0
B006JYMPUO,,314.0,314.0,314.0,314.0
B006K2BBGY,168.0,168.0,,,168.0
B006K2FRZK,,,,,232.0
B006K63PIW,126.0,126.0,126.0,126.0,126.0
B006KE29KE,,24.0,,,
B006KH69MU,565.0,565.0,565.0,565.0,565.0
B006KRWTHY,794.0,,,794.0,794.0
B006L7KCEU,,,,,10.0
B006M4R2TU,,,,,166.0
B006MHKJ4M,,,,,261.0
B006MK5Z6Q,356.0,,,356.0,356.0
B006MK6092,1396.0,,1396.0,1396.0,1396.0
B006MK6178,294.0,294.0,294.0,,294.0
B006ML6PMI,68.0,,68.0,,68.0
B006MPZKCA,5636.0,,,5636.0,5636.0
B006MPZPVQ,,,,,5636.0
B006MQ0KII,,,,,958.0
B006N5P1P0,,,,,891.0
B006N83B4A,,,,,26.0
B006NR6JLI,162.0,162.0,162.0,162.0,162.0
B006NR8GSM,,39.0,39.0,,39.0
B006NRA86U,,,,,31.0
B006NRBT7M,,,22.0,22.0,22.0
B006NZ3PYY,525.0,525.0,525.0,525.0,525.0
B006O5OREA,,,,8.0,
B006O8DKJK,22046.0,22046.0,,22046.0,22046.0
B006OLDJZ2,,,237.0,,
B006OP2G3Y,,,60.0,,60.0
B006OP2G7U,1062.0,,,,
B006OP2HC4,,,1062.0,,
B006OP2HWY,,,,699.0,
B006OP2I78,,,,,25.0
B006OP2IYQ,,,,,333.0
B006OP2J3G,,,,,25.0
B006OP2J40,,,,,3.0
B006OP2JEU,,,,,7.0
B006OP2JFY,,,,77.0,77.0
B006OP2K7Q,,,,,546.0
B006OP2KTO,,,,,1277.0
B006OP2L7A,,,,,1277.0
B006OP2LBQ,,,,,63.0
B006OP2LJI,1277.0,,,,1277.0
B006OP2LK2,,,546.0,,546.0
B006OP2LNO,28.0,,,,28.0
B006OP2LOI,,,,,63.0
B006OP2MAQ,,,,53.0,53.0
B006OP2NZK,,21.0,,,21.0
B006OP98LW,,,,626.0,
B006OQL094,,,,,53.0
B006OSN3LK,,,,9.0,
B006OSN5RC,,,,,14.0
B006OSN7ZM,,,14.0,,
B006P11VLA,71.0,,,,71.0
B006P4E83A,19372.0,19372.0,19372.0,19372.0,19372.0
B006PJHX64,3.0,,,,
B006PKU9XC,224.0,,,,224.0
B006PKV4U4,181.0,,181.0,181.0,181.0
B006PKVEXQ,,,,,13.0
B006QMOMCI,88.0,88.0,,,
B006QO76I8,,,,,95.0
B006R2TV78,,,,,239.0
B006R2TVE6,,,,,119.0
B006R6HCBQ,88.0,88.0,88.0,88.0,88.0
B006R8HTJO,,,,,703.0
B006RBR7NO,41565.0,41565.0,41565.0,41565.0,41565.0
B006RJREUM,3806.0,3806.0,3806.0,3806.0,3806.0
B006RJRFBK,3806.0,3806.0,3806.0,3806.0,3806.0
B006RNCDLS,,,,,31.0
B006RUQK9M,,,,,635.0
B006SMFGL2,,2058.0,,2058.0,2058.0
B006SMFGQW,113.0,,,113.0,113.0
B006SMFH66,,,,,2058.0
B006SRGYEU,,,,,16.0
B006TD38ZG,,,,,58.0
B006TD3SIS,,,36.0,36.0,36.0
B006TD3SOC,41.0,41.0,41.0,41.0,41.0
B006TEY7DC,,,,,1174.0
B006TH5DUK,5701.0,5701.0,5701.0,5701.0,5701.0
B006TJYOL2,251.0,251.0,,251.0,251.0
B006TLL4YA,,,,610.0,610.0
B006U3UF6U,,,,32.0,32.0
B006UEOQ5K,16194.0,16194.0,16194.0,16194.0,16194.0
B006UJKPV4,1535.0,1535.0,1535.0,1535.0,1535.0
B006UK17RY,,367.0,367.0,367.0,367.0
B006UKN3H6,,,4.0,,
B006US6LD6,,56.0,,,
B006US7AL8,,,,,44.0
B006US886Y,,67.0,67.0,67.0,67.0
B006USAR6I,339.0,,339.0,339.0,339.0
B006USR4LY,,339.0,,,339.0
B006USY9YY,58.0,,,,58.0
B006UT08FM,,58.0,58.0,,
B006UT0YRE,,58.0,,58.0,58.0
B006UT27PQ,58.0,,,,58.0
B006UT31I8,58.0,,,,
B006VE7BEC,,,,,5.0
B006VE7C32,,34.0,,,34.0
B006VE7CFU,,,,8.0,8.0
B006VJX6FA,,,,,3472.0
B006VOY54G,,,,,13.0
B006VP3LFY,,,,,55.0
B006VP3MBM,,,,,48.0
B006VP3O56,,62.0,,,62.0
B006VP3PO6,,,,,43.0
B006VP3RGM,,,,,32.0
B006VP3WJY,,,,,26.0
B006VP5R0G,,,,,24.0
B006VP5RHO,,41.0,,,
B006VP5S2S,,,,,46.0
B006VP5UDU,,,,,46.0
B006VSRHGA,,,,,287.0
B006VT2368,,,,,3.0
B006VTO9Y2,5.0,,,,
B006VYVBRU,29.0,,,29.0,29.0
B006VZD3SE,,,,,2.0
B006WM8FGG,47.0,,,,47.0
B006WTVMR8,,,,173.0,173.0
B006WZ9K5I,,,152.0,152.0,152.0
B006WZ9LCA,241.0,,241.0,241.0,241.0
B006WZ9R24,,,29.0,,29.0
B006WZA3JK,655.0,655.0,655.0,655.0,655.0
B006WZA408,,,,655.0,655.0
B006X21GX4,22339.0,,,,
B006X4LU9W,3836.0,3836.0,3836.0,3836.0,3836.0
B006X77NQS,,,,,19.0
B006XBP78K,45.0,,,,45.0
B006XCUR5C,,2958.0,2958.0,2958.0,2958.0
B006YXZFZW,,48.0,48.0,,48.0
B006YXZWVO,22.0,,,22.0,22.0
B006YXZXR2,,,,,20.0
B006Z76ZH4,21.0,,,,
B006Z773PM,,1012.0,1012.0,1012.0,1012.0
B006Z77X02,,,,2.0,
B006Z79SBE,7918.0,7918.0,7918.0,7918.0,7918.0
B006Z79USU,,24.0,24.0,24.0,24.0
B006Z98M7I,,,212.0,212.0,212.0
B006ZTZZDW,293.0,293.0,293.0,,293.0
B006ZUNMLS,,618.0,618.0,618.0,618.0
B006ZVNNJ8,353.0,353.0,353.0,353.0,353.0
B007013B7G,,,,,6.0
B00703QGQM,1741.0,,1741.0,1741.0,1741.0
B00708DCX2,,,,2.0,
B00708DKPW,109.0,109.0,109.0,109.0,109.0
B00708DLVK,,,,7.0,7.0
B007097Q74,413.0,,413.0,413.0,413.0
B0070FLWI2,,,34.0,34.0,34.0
B0070WUPPQ,11.0,,,,
B0070XAL0E,21368.0,21368.0,21368.0,21368.0,21368.0
B00714AJK4,,,,46.0,46.0
B00718GF9O,,,,,29.0
B00718MPZ2,,,1339.0,1339.0,1339.0
B0071KPQLK,,,,,614.0
B0071NVC2Y,20.0,,,,
B0071XZW84,72.0,72.0,72.0,72.0,72.0
B00727FRDE,,,,53.0,53.0
B0072LAW2Q,158.0,,158.0,,158.0
B0072O1S4Y,317.0,,,317.0,317.0
B0072UXV0M,22.0,,,22.0,
B0072V1T1Y,,,,59.0,
B0072V2JA4,45.0,,,,45.0
B007340K8S,,,576.0,576.0,576.0
B0073FAGIG,,,,,69.0
B0073FCDWS,,,,,56.0
B0073FD66A,860.0,860.0,860.0,860.0,860.0
B0073FET84,732.0,732.0,732.0,732.0,732.0
B0073FH3L4,,,,,752.0
B0073FIB60,,,,,52.0
B0073FO9AM,1481.0,,,1481.0,1481.0
B0073FV5RM,,226.0,,226.0,226.0
B0073FWI0K,,,,,239.0
B0073FXEKI,,,,12.0,
B0073G9RZS,1008.0,,,1008.0,1008.0
B0073KABJ0,185.0,185.0,185.0,185.0,185.0
B0073P01RC,2699.0,2699.0,2699.0,2699.0,2699.0
B0073RK3S2,681.0,,,,681.0
B0073UM1SO,,,,,7.0
B0073XEGD4,71.0,,,71.0,71.0
B0073ZGJAA,265.0,265.0,265.0,265.0,265.0
B0074BWNT4,,,,,8.0
B0074QWXYE,,,,,7.0
B0074RDQK8,467.0,467.0,,,467.0
B0074ZS074,,,,,2.0
B00755JWSE,156.0,156.0,,,
B0075A95YA,,,,,49.0
B0075CHQLW,,,,46.0,46.0
B0075CI440,,,,,32.0
B0075CI4TU,,,,,79.0
B0075CI5S0,,,,105.0,105.0
B0075CI6WK,,,,,109.0
B0075CI7FG,,,,,33.0
B0075CI7UQ,,,,,30.0
B0075CI9FE,,,,,61.0
B0075CI9OU,,,25.0,,25.0
B0075CIBGG,,,,,59.0
B0075CIDZA,,,,,15.0
B0075CIEW2,,,,,32.0
B0075CK53I,,,,,64.0
B0075JI272,316.0,316.0,316.0,316.0,316.0
B0075JI9JI,156.0,156.0,156.0,156.0,156.0
B0075PMFQA,,,,,73.0
B0075XAZYG,5.0,,,,
B00760ARUK,,,,5.0,
B00760BDLW,,,124.0,,124.0
B00760BQY6,,,,,102.0
B0076QXBXE,,,,,2.0
B0076ZLAEM,,,,,12.0
B00770KQVE,,,,89.0,
B00770PKO2,,,,,14.0
B00770T1BA,,,,,3.0
B00770T2CI,31.0,,,31.0,31.0
B00771D4LC,,,41.0,,41.0
B00773J5NG,,,383.0,,383.0
B00773J676,,450.0,450.0,,450.0
B00773J7HU,,,,,3.0
B0077E5TDU,,144.0,144.0,,144.0
B0077E5TIU,,,,21.0,
B0077E5V7Y,,301.0,,,
B0077EDGZS,67.0,,,,67.0
B0077QL13K,8332.0,,,8332.0,8332.0
B0077QL19Y,8332.0,,,,8332.0
B0077QUH0S,,,,9.0,
B0077QUHIU,,6.0,,,
B0077QV9VE,,,,,5.0
B0077QVAYK,27.0,,,,
B0077RJMX0,8737.0,8737.0,8737.0,,8737.0
B0077RPL26,214.0,214.0,,214.0,214.0
B0077S1MFA,1725.0,1725.0,1725.0,1725.0,1725.0
B0077SK3PA,,25.0,25.0,,25.0
B0078G7RU0,,,,,77.0
B0078J7QMG,,,,,9.0
B0078PEM1S,,,,562.0,562.0
B0078PXML4,,,,,231.0
B0078PXN1I,,,411.0,,411.0
B0078PXU7U,,,15185.0,,
B0078SL2UY,,,,56.0,56.0
B0078UMGU2,,,,,79.0
B0078XB128,8.0,,,,
B00790QS9Q,,100.0,100.0,100.0,100.0
B00791COWU,,,630.0,630.0,630.0
B00791D4AQ,,,,,136.0
B00792DCQ6,,,,,775.0
B00792DDEW,,,775.0,775.0,775.0
B00792DDP6,,,,,775.0
B0079JDJ1M,,,,,39.0
B0079K5ZPY,846.0,846.0,,846.0,846.0
B0079K6V34,846.0,846.0,846.0,846.0,846.0
B0079K7IZE,,846.0,,846.0,846.0
B0079M5M3M,23.0,,23.0,23.0,
B0079M7VN6,108.0,108.0,108.0,108.0,108.0
B0079MRANM,,,9.0,,9.0
B0079RIYVO,,35.0,35.0,,
B0079RJ0U8,,,,35.0,
B0079RJ13Y,,,,35.0,35.0
B0079RJ1CK,,,42.0,,42.0
B0079RJ2R4,,,110.0,110.0,110.0
B0079Z6RS8,,,,40.0,
B007A2IX32,,,,,95.0
B007A2Z4VQ,8332.0,8332.0,8332.0,8332.0,8332.0
B007A2Z6K0,,,8332.0,,
B007A2Z6W8,,,,,8332.0
B007A6WJWE,,,,,130.0
B007AAUXI2,,,190.0,190.0,190.0
B007AE0270,472.0,472.0,472.0,472.0,472.0
B007AJOTME,2121.0,2121.0,2121.0,2121.0,2121.0
B007AKQMYQ,,908.0,908.0,,908.0
B007AKS8A2,,,,,768.0
B007AKSGH2,,,3673.0,3673.0,
B007AKW8US,,107.0,107.0,107.0,107.0
B007AKWMKO,,,569.0,,569.0
B007AKYK9A,38.0,,,,38.0
B007AL00CK,,,,,3.0
B007AM4F16,,,,,14.0
B007AO3LJG,,,,79.0,79.0
B007ATY66I,,,,,3414.0
B007AU0FXA,3301.0,3301.0,3301.0,3301.0,3301.0
B007AWXT7M,,86.0,86.0,,86.0
B007B3T47Y,6699.0,6699.0,6699.0,6699.0,6699.0
B007B48UQE,,,,15.0,15.0
B007B5D9C8,,,3806.0,,
B007BH9VAU,,3815.0,3815.0,,
B007BJO6SU,1284.0,1284.0,1284.0,1284.0,1284.0
B007BJO6ZS,9227.0,9227.0,9227.0,9227.0,9227.0
B007BQIR4W,,,,35.0,35.0
B007BR6D8I,,,,,5.0
B007BR6DRY,,,,,10.0
B007BR6DZQ,,,,,21.0
B007BR6EG4,,,,,8.0
B007C26TX6,915.0,915.0,915.0,915.0,915.0
B007C28U42,,,,35.0,35.0
B007C28US8,,,,,101.0
B007C5MKA4,465.0,465.0,465.0,465.0,465.0
B007C6XCXM,,172.0,,,172.0
B007C731ZA,10858.0,10858.0,10858.0,10858.0,10858.0
B007C7A0UE,26.0,,,26.0,26.0
B007C8G4KI,,,,,1559.0
B007CDAUCG,,,,,19.0
B007CFGB40,,,,,62.0
B007CKT016,2553.0,2553.0,2553.0,2553.0,2553.0
B007CKT0FW,,2553.0,2553.0,2553.0,2553.0
B007CKT0SE,,2553.0,,,2553.0
B007CKT18I,2553.0,,,,2553.0
B007CKT39A,,,,,5.0
B007CKUZ2O,,10.0,,,10.0
B007CKUZBK,,,23.0,,23.0
B007CKUZLU,,,,,8.0
B007CKVNVQ,,32.0,,,32.0
B007CKVO4M,,32.0,32.0,,32.0
B007CKVQRC,,,,,15.0
B007CKVUEQ,,32.0,,32.0,32.0
B007CLKZ6Y,,108.0,,,108.0
B007CMCSNQ,603.0,603.0,603.0,603.0,603.0
B007CMITVG,95.0,95.0,,,95.0
B007CMMSTA,,,218.0,218.0,218.0
B007CMQ9B8,551.0,551.0,551.0,551.0,551.0
B007CMXIXU,28.0,,28.0,28.0,28.0
B007CNDZIW,1104.0,1104.0,,1104.0,1104.0
B007CNI5LO,,89.0,,89.0,89.0
B007CNRQZ0,,,221.0,221.0,221.0
B007CY2F96,1.0,,,,
B007CY2K64,,,7.0,,
B007CY2KMI,,,,,8.0
B007D3V1UU,766.0,766.0,766.0,766.0,766.0
B007D5QV4E,,,,,11.0
B007D6MDA4,,,,,331.0
B007D9LBWW,76.0,,,,76.0
B007DIVH72,,,,35.0,35.0
B007DMAVCA,132.0,132.0,132.0,132.0,132.0
B007DMC8G2,69.0,69.0,69.0,69.0,69.0
B007DZJOO8,,,5.0,,
B007E2KEL2,,,318.0,318.0,318.0
B007E77PPK,,,,,394.0
B007E8KY9I,144.0,,,,
B007EEC3Z0,,,128.0,,128.0
B007EEE646,,,,,235.0
B007EHSBZ8,27062.0,27062.0,27062.0,27062.0,27062.0
B007EP9APA,472.0,472.0,,472.0,472.0
B007EP9GF4,,,169.0,,169.0
B007EUSL5U,2160.0,2160.0,2160.0,2160.0,2160.0
B007EZ2HI2,238.0,238.0,238.0,238.0,238.0
B007FCI14S,,,134.0,134.0,134.0
B007FGYY54,,15.0,,,15.0
B007FHM1L2,,,,,17.0
B007FI5GJU,,,,,9.0
B007FO1D28,,299.0,,,299.0
B007GIXD4Y,838.0,838.0,838.0,838.0,838.0
B007GLEGQU,,,214.0,,
B007GLEHMI,,,,,139.0
B007GLEHQE,26.0,,26.0,26.0,
B007GMT3IU,25.0,,,,25.0
B007GOR128,359.0,359.0,359.0,359.0,359.0
B007GZ28BG,,,,,170.0
B007HO2KM8,22.0,,,,22.0
B007HO82EI,112.0,112.0,112.0,112.0,112.0
B007HOAXQI,23.0,,,,23.0
B007HOM9GU,150.0,,150.0,150.0,150.0
B007HS0L7A,877.0,,877.0,877.0,877.0
B007HTPV0Q,,,,,5.0
B007HTSZTA,,,,41.0,
B007HTV772,,,,,725.0
B007HU31U2,,,,,2.0
B007HU84AO,,,,,732.0
B007I0HXXW,,,,,188.0
B007IE8ON6,,,,13.0,
B007IFT0EW,,,375.0,375.0,375.0
B007IIHZ6O,,147.0,147.0,147.0,147.0
B007ISQZ8S,,,148.0,,148.0
B007ISRDPC,1332.0,1332.0,1332.0,1332.0,1332.0
B007ISRDWK,928.0,,928.0,928.0,928.0
B007ISREZG,,342.0,342.0,,342.0
B007ISRFIM,71.0,,,,71.0
B007IV59AA,,,,,41.0
B007IX2DL6,433.0,433.0,433.0,433.0,433.0
B007JAPUX6,,,,,6.0
B007JHLCPO,235.0,235.0,235.0,235.0,235.0
B007JK4W0I,,,,51.0,51.0
B007JRVJP2,2379.0,,,,2379.0
B007JRWUO6,,363.0,363.0,363.0,363.0
B007JRXOKU,,,,2379.0,2379.0
B007KAFJS6,80.0,,,80.0,80.0
B007KBFIPY,,,1193.0,1193.0,1193.0
B007KE40EQ,,220.0,220.0,220.0,220.0
B007KJ10P8,30.0,,,30.0,30.0
B007KMOCU0,,,,,95.0
B007KPMO66,,7934.0,7934.0,7934.0,7934.0
B007KQJVK2,,,,,13.0
B007KSW6SY,,,,,168.0
B007KSWBP2,,,232.0,,232.0
B007KSWOV8,,,,,35.0
B007KWTM28,,,,423.0,
B007L0K97G,6.0,,,,6.0
B007LGH1NA,1272.0,,1272.0,1272.0,1272.0
B007LLW04A,12.0,,,,12.0
B007LMR670,,,,,13838.0
B007M1GPOK,1027.0,,,,1027.0
B007M8714G,,,,,233.0
B007MBT1M8,9682.0,9682.0,9682.0,9682.0,9682.0
B007MCTVQ8,,,,,22.0
B007MI4O0A,147.0,147.0,147.0,147.0,147.0
B007MNYN7O,,,62.0,,62.0
B007MODMTS,,165.0,165.0,165.0,
B007MODN9W,165.0,,165.0,165.0,165.0
B007MODOEG,,,,,165.0
B007MODP1S,,,165.0,,
B007MODQQM,,,,,9.0
B007MRQJ18,51.0,51.0,51.0,51.0,51.0
B007MS0DI2,,,,,63.0
B007MYLM1I,1391.0,1391.0,1391.0,1391.0,1391.0
B007N1D4A2,1744.0,1744.0,1744.0,1744.0,1744.0
B007N1D4OI,2055.0,2055.0,2055.0,2055.0,2055.0
B007N44H0A,,,,,29.0
B007N4J4X0,784.0,,784.0,,784.0
B007N4NA80,,,,784.0,784.0
B007N5B810,,,,17.0,17.0
B007N5B90A,,,10.0,,10.0
B007N5BAK4,,,,,24.0
B007N6HSRW,,,23.0,23.0,23.0
B007N6IX9O,,,,,21.0
B007NIVH2M,317.0,,,317.0,317.0
B007NIYXKU,,317.0,,317.0,317.0
B007NJ9D40,,44.0,44.0,44.0,44.0
B007NPPAU0,,,,,17.0
B007NPQ3A6,13.0,,13.0,,13.0
B007NPWZPI,1342.0,1342.0,1342.0,1342.0,1342.0
B007NPX2O6,439.0,439.0,439.0,439.0,439.0
B007NPX4LM,27598.0,27598.0,27598.0,27598.0,27598.0
B007NPX5K2,,109.0,,109.0,109.0
B007NPX7FK,,,,,43.0
B007NQ6U6M,6.0,,,,6.0
B007NQ8OU2,,,,,6.0
B007NQA0L8,,,,,8.0
B007NQBBV6,,,,,7.0
B007NV78EK,2267.0,2267.0,2267.0,2267.0,2267.0
B007NV7P16,,441.0,441.0,,441.0
B007NYF2HC,,,,,17.0
B007NYK3IA,,,,,3.0
B007NYPYNO,,,,,12.0
B007NYROAU,,,,,2.0
B007NZY22W,,,737.0,,737.0
B007O6SC2G,,,,,12.0
B007O6SM80,,,,,27.0
B007O7B1T6,88.0,,88.0,88.0,88.0
B007O7B21I,,,,,3.0
B007ODPBP0,47.0,,,47.0,47.0
B007OLQ80E,,,,149.0,149.0
B007OLV50M,371.0,,371.0,371.0,371.0
B007OY664E,,,,,111.0
B007OYZ4SS,,,149.0,149.0,149.0
B007P0MO2U,,,15185.0,,15185.0
B007P3OCO0,,,,,195.0
B007P3ZUF0,,,100.0,100.0,100.0
B007P57ZY2,335.0,335.0,,335.0,335.0
B007P63JNW,2627.0,2627.0,2627.0,2627.0,2627.0
B007PCB5AK,363.0,,363.0,,363.0
B007PCB5OQ,2340.0,2340.0,2340.0,2340.0,2340.0
B007PCM87O,,,,,698.0
B007PCQPAA,,,174.0,,174.0
B007PCRGGW,,,,,4.0
B007PF1MP0,16.0,,,,
B007PFIOUQ,681.0,,,681.0,
B007PFIQS6,159.0,,,,159.0
B007PFN47Y,,52.0,,,52.0
B007PIW8LY,,,,,8.0
B007PIW8XC,104.0,,,,104.0
B007PKSPJG,207.0,207.0,207.0,,207.0
B007PKUMKQ,,,157.0,157.0,157.0
B007PM1A82,22339.0,22339.0,22339.0,22339.0,22339.0
B007PSFAGO,,,,,15.0
B007PSY0WE,,,,,9.0
B007PSY0XS,,,,,16.0
B007PSY1DM,,,18.0,18.0,18.0
B007PSY1WS,,,181.0,,181.0
B007PSY25Y,352.0,352.0,,,352.0
B007Q0VW6I,1131.0,1131.0,1131.0,1131.0,1131.0
B007Q1GO38,,,,,121.0
B007Q1I7JM,2028.0,,2028.0,2028.0,2028.0
B007Q2CHFG,,,,10.0,10.0
B007Q2D8PE,168.0,168.0,168.0,168.0,168.0
B007Q83U3I,,,,,21.0
B007QHULH2,10372.0,,,,10372.0
B007QIKMIY,,,,,1.0
B007QMENBM,,,83.0,83.0,83.0
B007QNAP8Q,,,81.0,81.0,81.0
B007QOQFBG,,,4.0,,
B007QTXFYG,1114.0,1114.0,1114.0,,1114.0
B007QW082A,2794.0,2794.0,2794.0,2794.0,2794.0
B007QY1O26,,,,6.0,
B007R0HXII,,,,,61.0
B007R0I6EI,,,230.0,,
B007R63G6K,,,,,10.0
B007RE67UY,274.0,274.0,,274.0,274.0
B007REJT5Y,,94.0,,,94.0
B007REKFNY,,,,165.0,165.0
B007REKGY2,,26.0,,,
B007RENRNY,,,,,15.0
B007RF0312,148.0,,,,148.0
B007RFKEAW,,,,16.0,
B007RL00IC,,85.0,85.0,85.0,85.0
B007RNY9BY,,,,,1120.0
B007RNYA36,1463.0,1463.0,1463.0,1463.0,1463.0
B007RO0OEO,,,148.0,148.0,148.0
B007RO9C92,,,,12.0,
B007ROGQ3C,18307.0,18307.0,18307.0,18307.0,18307.0
B007ROL0Y2,301.0,,301.0,301.0,301.0
B007ROLOBG,525.0,525.0,525.0,525.0,525.0
B007RQXVEM,,,,,128.0
B007RR4N02,,,,,32.0
B007RX3L5Y,117.0,117.0,,,117.0
B007RYV3CG,,,35.0,,
B007RZ8BBQ,,189.0,,189.0,189.0
B007S3I036,,,,,100.0
B007S3I2EI,,,,,329.0
B007S429VE,124.0,124.0,124.0,124.0,124.0
B007SGQZ0S,,,,,30.0
B007SGS3NA,,,,,279.0
B007SHO3E2,,9371.0,9371.0,,9371.0
B007SHO6M6,471.0,,471.0,471.0,471.0
B007SHX97O,,,313.0,,
B007SPPQV8,,,,,61.0
B007SPPXWA,,51.0,,51.0,51.0
B007SPQA36,47.0,,47.0,47.0,47.0
B007SVYJUQ,,,101.0,101.0,101.0
B007SZ1UHM,,,,,5.0
B007T460YK,3663.0,3663.0,3663.0,3663.0,3663.0
B007TCJZMG,,,,2504.0,2504.0
B007TCQGJG,294.0,,294.0,294.0,294.0
B007TLJP2W,3414.0,3414.0,3414.0,3414.0,3414.0
B007TNBQPY,,,,,21.0
B007TNBVNQ,,,,,150.0
B007TNBXCA,,,,,150.0
B007TNDNGO,191.0,,,,
B007TNDOU4,,,191.0,,191.0
B007TNDPYO,,,,,191.0
B007TNM52C,,,,8.0,
B007TY4A5Q,15.0,,,15.0,15.0
B007TYV5S6,,,,9.0,9.0
B007TYXWGE,,,,,6.0
B007U29FQ6,,,,,3.0
B007U4IH1I,,,,141.0,141.0
B007U52XBW,542.0,,542.0,542.0,542.0
B007U54P36,16536.0,16536.0,16536.0,16536.0,16536.0
B007U7E51Q,,,168.0,168.0,168.0
B007U7TORG,2504.0,2504.0,2504.0,2504.0,2504.0
B007UH5ZB0,580.0,,580.0,580.0,580.0
B007UIAHX0,,,221.0,221.0,221.0
B007UICMBU,,,,,764.0
B007UICMCO,764.0,,764.0,764.0,764.0
B007UQAKCK,14.0,,,14.0,14.0
B007UW0IBW,28.0,28.0,,,28.0
B007UXTD80,,,,,6.0
B007UZ3V4A,2151.0,2151.0,2151.0,2151.0,2151.0
B007UZ3X3Y,,,,,54.0
B007V47RPO,,391.0,391.0,,391.0
B007V4ELQC,,,391.0,,391.0
B007V5CDPW,,,20.0,,
B007V5G6WI,,,5.0,,5.0
B007VZN8X8,58.0,58.0,58.0,58.0,58.0
B007W140L0,987.0,987.0,987.0,987.0,987.0
B007W26OIQ,,,1131.0,1131.0,1131.0
B007W3M0LA,,,,17.0,17.0
B007W9X2MU,,,,,6501.0
B007WA6FYG,,,,,10.0
B007WAWREI,,,,,600.0
B007WKCJRS,,764.0,,,
B007WR955U,10170.0,10170.0,10170.0,10170.0,10170.0
B007WR959Q,10170.0,10170.0,10170.0,10170.0,10170.0
B007X1YAJQ,,,,,194.0
B007X5JSO4,,,,,648.0
B007X6LX4G,,,,,147.0
B007XCBIXQ,,,7.0,,
B007XCIM8K,,,,,132.0
B007XCXOWO,73.0,73.0,73.0,,
B007XD6A0Q,,1710.0,1710.0,1710.0,1710.0
B007XE2MJS,,19.0,,,19.0
B007XF05VO,,25.0,,25.0,
B007XIWMWG,,,,22.0,22.0
B007XNNC7A,,,165.0,165.0,165.0
B007XNNF72,1304.0,,,,1304.0
B007XQDNM6,,,,,69.0
B007XQDNMG,,,13.0,,
B007XQDO2A,,,7.0,,
B007XTWFZE,2084.0,2084.0,2084.0,2084.0,2084.0
B007XVD21S,1427.0,,,,1427.0
B007XVD6VO,555.0,,555.0,555.0,555.0
B007XX4USU,138.0,,138.0,,138.0
B007XXTMOM,2076.0,,2076.0,2076.0,2076.0
B007Y4C8PA,,,23.0,23.0,23.0
B007Y4EKNS,,7.0,,7.0,
B007Y550PO,71.0,,,71.0,71.0
B007Y55GVC,1328.0,1328.0,1328.0,1328.0,1328.0
B007Y55GY4,92.0,92.0,92.0,92.0,92.0
B007Y7A99Y,,,446.0,,
B007Y7D29I,,,,923.0,923.0
B007Y7DY82,923.0,923.0,923.0,923.0,923.0
B007YB014S,,,,106.0,106.0
B007YJWBMA,,,,,1.0
B007YPOJ56,,,,,329.0
B007YPPFXQ,,104.0,,,
B007YPS5WO,713.0,,713.0,713.0,713.0
B007YQUS4Q,,1412.0,,1412.0,1412.0
B007YQUSHS,1412.0,1412.0,1412.0,,1412.0
B007YWT7J2,,,,,4.0
B007Z1X2GQ,,,,,19.0
B007Z2HZZ4,,,,,469.0
B007Z2RWIY,,,,,7988.0
B007Z5XZTG,,,88.0,,88.0
B007Z7YVJ2,,,28.0,28.0,28.0
B007Z860FE,,,1101.0,1101.0,1101.0
B007Z89Y1G,,,,896.0,896.0
B007Z8CQMA,199.0,,199.0,199.0,199.0
B007ZBBSR6,10170.0,,,,10170.0
B007ZBCASM,,,7.0,,
B007ZN5DDE,,,,,41.0
B007ZS3MX2,,,,,3.0
B007ZUGBGU,736.0,,,736.0,
B007ZUGBLA,741.0,,741.0,741.0,741.0
B007ZUGBU6,420.0,420.0,420.0,420.0,420.0
B007ZUGC6O,,25.0,,25.0,25.0
B007ZUGCD2,420.0,420.0,420.0,420.0,420.0
B007ZUGCIC,728.0,728.0,728.0,728.0,728.0
B007ZUGCL4,420.0,420.0,420.0,420.0,420.0
B007ZUGCPU,217.0,217.0,217.0,217.0,217.0
B007ZUGD0Y,728.0,,,728.0,728.0
B007ZUGD5Y,,,35.0,35.0,35.0
B007ZUGLZQ,26375.0,26375.0,26375.0,26375.0,26375.0
B007ZUHJYS,,,41.0,41.0,41.0
B007ZUHRVI,,,,,146.0
B007ZUHS9Y,,,146.0,,146.0
B007ZUHSFS,,,146.0,146.0,146.0
B007ZUHSK8,,146.0,,146.0,
B007ZUHSTO,,,41.0,41.0,41.0
B007ZUHSZS,,,,,144.0
B007ZUPT22,,,27.0,27.0,27.0
B00802IRQY,,,,,7.0
B00802IS6I,,,,,7.0
B00802JC0Y,,,,,54.0
B0080306R6,,,,,13.0
B00803081A,,,,31.0,31.0
B0080309M8,,,,32.0,32.0
B00803F6T4,1316.0,1316.0,1316.0,1316.0,1316.0
B00803FPZO,,,,4436.0,4436.0
B00803FQFI,,4436.0,,4436.0,4436.0
B00803FSZ6,,,,,430.0
B00803FTBO,,,,430.0,430.0
B00803FTLO,,,,13.0,
B00805FV1A,,,,,10.0
B00805OZF8,,,26.0,26.0,26.0
B0080634HC,,,36.0,36.0,36.0
B00806EKLG,286.0,286.0,286.0,286.0,286.0
B00808UL26,,,,13477.0,13477.0
B00809ELR6,,,,,509.0
B00809ERAM,10773.0,10773.0,10773.0,10773.0,10773.0
B0080FIRGQ,1223.0,1223.0,1223.0,1223.0,1223.0
B0080FLLN2,,,58.0,,
B0080G6WLC,,,,78.0,
B0080GC2V6,,91.0,,,91.0
B0080GG4UG,88.0,,,88.0,88.0
B0080GGDVQ,878.0,878.0,878.0,878.0,878.0
B0080GL19K,,,2066.0,,
B0080JFPGM,,122.0,122.0,,122.0
B0080MMHYW,195.0,,,,195.0
B0080OKSH8,,,570.0,,
B0080UI9ZK,,764.0,,,
B0080UX8R4,134.0,,,,134.0
B008171AUS,,,,,4.0
B00817B47C,262.0,,,,262.0
B00817CBQU,36.0,,,,36.0
B00817CH00,,,,,909.0
B00817WDEA,294.0,294.0,294.0,294.0,294.0
B00819PHMI,,,,,2.0
B00819Q04C,,,,,12.0
B00819Q0I8,,12.0,,,
B00819Q40W,,,,,9.0
B00819QDWQ,,,,,10.0
B00819QK6A,,,554.0,,
B00819QXW6,,3.0,,,
B00819RMGM,,,,,137.0
B00819ROR4,12.0,,,,
B00819RPGO,,,,,2.0
B00819RPZU,,,,4.0,
B00819RRZ8,,,,,6.0
B00819RSK2,,,6.0,,6.0
B00819S5X6,140.0,140.0,140.0,140.0,140.0
B00819S9I2,,,,,1.0
B00819SC9S,,,9.0,9.0,9.0
B00819SDN8,,,1.0,,
B00819SG1W,,,,,1.0
B00819SMC0,1.0,,,,
B00819SU3G,,,1.0,,
B00819T8DW,,,,,27.0
B00819T9RM,,,,,22.0
B00819THP6,90.0,,90.0,,90.0
B00819TXN2,174.0,174.0,174.0,174.0,174.0
B00819VJV6,,,,,81.0
B00819W5SC,8.0,,8.0,8.0,8.0
B0081BYVZU,,,,,198.0
B0081CN9JI,,,,,8.0
B0081CNKK6,,,,,23.0
B0081D5LMU,,,5.0,,
B0081G7P80,,,,94.0,
B0081G9GPA,,,,48.0,
B0081JUIRM,101.0,101.0,101.0,101.0,101.0
B0081O2A5A,,,,,4.0
B0081PF60A,,,81.0,81.0,81.0
B0081PGL3G,,,,,246.0
B0081PLK6E,,23.0,,,23.0
B0081PLKGO,1902.0,1902.0,1902.0,1902.0,1902.0
B0081PLKO6,,,,122.0,122.0
B0081PLKS2,3548.0,3548.0,3548.0,3548.0,3548.0
B0081PLL40,34.0,34.0,,34.0,34.0
B0081PLLE0,40.0,,,,
B0081PLLKY,,,,,35.0
B0081PLLSG,,,,22.0,
B0081PLMZI,37.0,,,,
B0081PLOAG,,,,31.0,
B0081S5OIG,2414.0,2414.0,2414.0,2414.0,2414.0
B0081S5ZEE,54.0,54.0,,,54.0
B0081SGUC0,921.0,921.0,921.0,921.0,921.0
B0081SPLQQ,,,,,17.0
B0081SR0Y2,,,,,4.0
B0081UAFLK,,,,,2867.0
B0081UCRES,,,,54.0,54.0
B0081UOC6O,2147.0,,,2147.0,2147.0
B0081ZLCR6,1283.0,,,,
B00820PVJK,,,616.0,616.0,616.0
B00821FNII,,,,,9.0
B00821UJJQ,,,,,101.0
B0082207JC,,,,,28.0
B00827ZZSK,,,,,2.0
B0082BYLS6,5033.0,5033.0,5033.0,5033.0,5033.0
B0082MRF5Q,301.0,,,,301.0
B0082MRFB0,,,,,301.0
B0082MRFCO,,,,,301.0
B0082PEL96,,6.0,,,6.0
B0082Q5YQE,45.0,,,,45.0
B0082UHGCU,78.0,78.0,,78.0,78.0
B00831TONM,,,,,5.0
B00837YGBQ,177.0,177.0,177.0,177.0,177.0
B00837YY18,14409.0,14409.0,14409.0,14409.0,14409.0
B00837ZOI0,9911.0,9911.0,9911.0,9911.0,9911.0
B0083BC858,,,13.0,,
B0083BC8U8,,,,,4.0
B0083BCA9W,,,,,7.0
B0083BCBKU,,8.0,8.0,,
B0083BLNX6,,,,,63.0
B0083FMG8S,130.0,,,,130.0
B0083HG6X2,,,,,439.0
B0083HT5XU,,,,,185.0
B0083K04IM,,132.0,132.0,132.0,132.0
B0083S3MYC,509.0,509.0,,509.0,509.0
B0083U9BQS,,,,,800.0
B0083U9QUY,,,,,7.0
B0083UVIP0,,,,,279.0
B0083V003A,,,,779.0,
B0083VBI5Y,11.0,,,,
B0083XWI1U,,,69.0,69.0,69.0
B00842O7C8,,442.0,,,442.0
B00843EJB6,,,,165.0,165.0
B00846H9WY,268.0,,268.0,268.0,268.0
B00846HME4,316.0,,316.0,316.0,316.0
B00846IUA4,528.0,528.0,528.0,528.0,528.0
B00846J15W,357.0,,,,357.0
B0084CH2B6,,,,,1551.0
B0084GVSWG,3603.0,3603.0,3603.0,3603.0,3603.0
B0084N7HPG,,,,,107.0
B0084OI4MU,,,,,57.0
B0084YD7IG,3584.0,,,3584.0,3584.0
B00850MG0O,,,,,45.0
B008539IOS,,42.0,,,42.0
B00856Z2UO,,938.0,938.0,,938.0
B00859C67S,,,214.0,214.0,
B00859DIFM,1393.0,1393.0,1393.0,1393.0,1393.0
B0085CNNCC,261.0,261.0,,,261.0
B0085EUJ9K,,2.0,,,
B0085MMRGU,,86.0,86.0,86.0,86.0
B0085RKPUU,49.0,,,,
B0085ROHO0,,,8.0,,
B0085ROIJO,,,,,7.0
B0085ROIJY,,8.0,,,8.0
B0085ROTRA,,,,,6.0
B0085UECY2,11111.0,11111.0,11111.0,11111.0,11111.0
B0085WDK9I,,,,,20.0
B0086467NG,33.0,33.0,33.0,,33.0
B008654MB4,840.0,840.0,840.0,840.0,840.0
B008654MNM,4261.0,4261.0,4261.0,4261.0,4261.0
B008654NAY,,615.0,615.0,615.0,615.0
B008655JI4,,,,,49.0
B00865610O,,,1567.0,1567.0,1567.0
B008656G36,,1567.0,,1567.0,1567.0
B00865F1LE,,,318.0,,318.0
B00866Q87E,,,,,79.0
B0086FNTUE,5.0,,,,
B0086I10T8,,,,,9324.0
B0086PBJ06,8749.0,8749.0,8749.0,8749.0,8749.0
B0086V52EY,,,,,72.0
B00870FXNY,,73.0,,,
B00870FZI2,,,19.0,,
B00870G29S,,,,,136.0
B00870G5T0,,,,,136.0
B00870G8OW,,,,,291.0
B00870G9AU,,,60.0,,60.0
B00870GLQM,,,,,167.0
B00870GMMA,,167.0,,167.0,167.0
B00870MHM4,,,,,148.0
B00871DGVO,,2774.0,,,2774.0
B008720TFY,,,140.0,140.0,140.0
B0087C7A92,,,14.0,14.0,14.0
B0087EGCH6,,68.0,68.0,68.0,68.0
B0087GJ4LU,210.0,,210.0,210.0,210.0
B0087HJAP4,,,165.0,,
B0087PZPPU,,,,,573.0
B0087Q8678,,,,,32.0
B00882XDLA,,16.0,,,
B00883BNAC,,,34.0,,34.0
B00883WIHY,,17.0,,,17.0
B008852UUM,,,32.0,32.0,32.0
B00885N9ZW,,,,,15.0
B00885NUB0,,,,,4.0
B00886Y3YW,,,,,7.0
B0088A7UBQ,,,,17.0,17.0
B0088A7UEI,,,,144.0,144.0
B0088A7UIO,,,,,8.0
B0088ESKN4,,,,11.0,11.0
B0088GT3R4,,,,,9.0
B0088GT3T2,,,,,1.0
B0088GT3TC,,,,,13.0
B0088H1XO4,,13.0,13.0,13.0,13.0
B0088OTE5M,,,,,44.0
B0088P2RVE,7934.0,7934.0,7934.0,7934.0,7934.0
B0088P3DTY,,,,,6699.0
B0088QUT72,,,,,52.0
B0088V0DTQ,,,,1727.0,1727.0
B0088YQM1Q,1492.0,1492.0,1492.0,1492.0,1492.0
B0088YVEWI,930.0,930.0,,930.0,930.0
B0088YX7PA,,337.0,337.0,337.0,337.0
B0089048W4,7.0,,,,
B00895PN0K,,,,,13.0
B0089AA8RS,3270.0,3270.0,3270.0,3270.0,3270.0
B0089BTMEC,,1377.0,1377.0,1377.0,1377.0
B0089GQWP4,,,,,1.0
B0089HGSDE,3616.0,3616.0,3616.0,3616.0,3616.0
B0089HGSMK,,,,2066.0,2066.0
B0089HI31O,,,,,2066.0
B0089NAUUU,,,,,42.0
B0089NB4S2,287.0,287.0,,287.0,287.0
B0089NVH5W,2674.0,2674.0,2674.0,2674.0,2674.0
B0089WNKVC,,,,,6335.0
B0089Y3AHE,1600.0,,1600.0,1600.0,1600.0
B0089YGZYY,,,,90.0,90.0
B0089YHZ4I,207.0,207.0,207.0,207.0,207.0
B0089ZMMY0,,,59.0,59.0,
B008A0RN4I,,,,633.0,633.0
B008A1QN0M,,,,,28.0
B008A1R6NK,1103.0,1103.0,,,1103.0
B008A1RRQQ,,,896.0,,896.0
B008A1SUR6,277.0,277.0,277.0,,277.0
B008A5ZIS6,,,,,199.0
B008A61AF0,,,38.0,38.0,38.0
B008A6M4SM,,,,154.0,154.0
B008A76RKW,,,,3414.0,3414.0
B008ATIGTA,407.0,,,,407.0
B008AV3YVS,67.0,67.0,,,67.0
B008AWONQC,,,,,2.0
B008B2OVZE,,44.0,44.0,44.0,44.0
B008B84R52,,,,,49.0
B008B8RWOK,,,,,7.0
B008B91H0E,5701.0,5701.0,5701.0,5701.0,5701.0
B008BBD3DQ,1120.0,,,,1120.0
B008BEL5DI,,,,,638.0
B008BHEIMU,320.0,320.0,,320.0,320.0
B008BHEIZW,3178.0,3178.0,3178.0,3178.0,3178.0
B008BI13FO,,,,,26.0
B008BILVB0,2674.0,,2674.0,2674.0,2674.0
B008BKYLI8,,,,,80.0
B008BL0CUI,,,,,92.0
B008BQ5TW4,1969.0,1969.0,1969.0,1969.0,1969.0
B008BT2P7S,,,1551.0,1551.0,1551.0
B008C13I3K,,,,,528.0
B008C4CPCW,,,10.0,10.0,10.0
B008C4CPL8,13.0,,,,13.0
B008C4CQQW,,,,,24.0
B008C4CXLK,,4.0,,,4.0
B008C4CY3M,,,,,6.0
B008C4CYSC,1.0,,,,
B008C4CZ0E,,,,9.0,9.0
B008C531CE,,,,,115.0
B008C6Z5OK,,,,,50333.0
B008C9X7BA,,,,,1.0
B008CCO4FA,1308.0,1308.0,1308.0,1308.0,1308.0
B008CGBCU6,,,7.0,,
B008CP3L7Y,,,,,5.0
B008CPLG94,697.0,697.0,697.0,697.0,697.0
B008CQAOOQ,,,,210.0,210.0
B008CQHILS,,273.0,273.0,,273.0
B008CQI8QC,,113.0,,113.0,113.0
B008CSMBE0,,,231.0,,231.0
B008CVIK5G,643.0,643.0,,,643.0
B008D3XDGE,28.0,,,,28.0
B008D3XEKE,,,,13.0,13.0
B008D3XFJO,,,,,8.0
B008D5A98W,,,,3.0,
B008DDXJKY,,,125.0,125.0,125.0
B008DG4MK2,,549.0,549.0,549.0,549.0
B008DG776S,,286.0,,286.0,286.0
B008DGAMVU,,,68.0,,68.0
B008DGBK5C,954.0,954.0,,,954.0
B008DI2UZY,32.0,,32.0,32.0,32.0
B008E0RHDQ,,,,95.0,
B008E4L9AY,83.0,,,83.0,83.0
B008E5FO04,,,,,37.0
B008E5FZ26,,,,,37.0
B008E9KBZ8,1536.0,1536.0,1536.0,1536.0,1536.0
B008ED2XL4,,,,,24.0
B008EM5XFI,,,,,208.0
B008EMMACC,,,,,18.0
B008EMQL40,,,26.0,,26.0
B008ENNUPC,,200.0,,,200.0
B008ERA2VI,,,,,41.0
B008EWSQQQ,,64.0,,,64.0
B008F6FPV0,1054.0,,1054.0,1054.0,1054.0
B008F8FVQW,273.0,,,,
B008F8UVS0,,,,,6.0
B008F9LRH8,1543.0,,1543.0,1543.0,1543.0
B008FER6AA,73.0,73.0,73.0,,73.0
B008FQNPM6,,,,,2674.0
B008FVSVV6,,62.0,62.0,,
B008G0J3M2,,,,75.0,75.0
B008G3SVV8,,,,,40.0
B008GECB1S,,,,,25.0
B008GH7192,,,,96.0,96.0
B008GTV9ES,,,,,19.0
B008GWJDAM,1420.0,,1420.0,1420.0,1420.0
B008H2YNDS,,,,44.0,44.0
B008H4RPAO,1369.0,,1369.0,1369.0,1369.0
B008H5GFWC,298.0,,,298.0,298.0
B008H5GGGM,379.0,379.0,379.0,379.0,379.0
B008H5JUYW,,,391.0,,
B008H6MTOY,,,,,9.0
B008H6N15A,,,,,2.0
B008HCVFIE,2477.0,2477.0,2477.0,2477.0,2477.0
B008HCWX30,30.0,30.0,30.0,30.0,30.0
B008HCY5KY,,,,122.0,122.0
B008HRITCE,,,37.0,,37.0
B008HRITK6,,,,,39.0
B008HS52IM,,,,,124.0
B008HSJHMY,,,,,32.0
B008I2E454,,743.0,,743.0,743.0
B008I2MU32,333.0,333.0,333.0,333.0,333.0
B008IDOXHC,7376.0,,,7376.0,7376.0
B008IEE0QK,,,,,6.0
B008IL8NCU,370.0,,370.0,370.0,370.0
B008IL90RC,,,,,152.0
B008ISY034,10.0,,,,
B008J54UHW,,285.0,285.0,285.0,285.0
B008J6XZSG,,,,91.0,91.0
B008JAGNLS,,,,,59.0
B008JI543I,,,,,22.0
B008JL44M2,,,,,14842.0
B008K1KQHI,369.0,369.0,369.0,,369.0
B008K3PEAK,,192.0,,,192.0
B008K4OFYU,,,,,3590.0
B008KFGH18,,,,,15.0
B008KFGIXA,,595.0,,595.0,595.0
B008KMNJKI,,,,,32.0
B008KPDKWW,184.0,,,184.0,184.0
B008KQ0PO2,136.0,,136.0,,136.0
B008KQ1EOW,,,,43.0,43.0
B008KVJQNS,,65.0,,65.0,65.0
B008L502Z4,,,12.0,,12.0
B008L51IXE,,,,,13.0
B008LB79CM,5861.0,5861.0,5861.0,5861.0,5861.0
B008LD8ZGO,10585.0,10585.0,10585.0,10585.0,10585.0
B008LDEX5Q,1252.0,1252.0,1252.0,1252.0,1252.0
B008LDKIXM,744.0,,744.0,744.0,744.0
B008LE3SEM,,115.0,,,115.0
B008LE5EIK,,,101.0,101.0,101.0
B008LGUVYU,,,1536.0,,1536.0
B008LWCEVC,,29.0,,29.0,29.0
B008M4KJ52,,,,,2.0
B008M99CGY,141.0,,141.0,141.0,141.0
B008MAPGEK,1381.0,1381.0,1381.0,1381.0,1381.0
B008MATW6I,,391.0,,,391.0
B008MAU8XY,391.0,,391.0,391.0,391.0
B008MAUMEO,,403.0,403.0,403.0,403.0
B008MAV162,,402.0,402.0,402.0,402.0
B008MAVBLC,,,403.0,,403.0
B008MAXT8U,389.0,389.0,389.0,389.0,389.0
B008MB1X4G,115.0,,,,115.0
B008MB1XGE,103.0,,103.0,,103.0
B008MDAHFA,,,,23460.0,23460.0
B008MIFO94,779.0,,779.0,779.0,779.0
B008MMFOWM,175.0,175.0,175.0,175.0,175.0
B008MNBK1A,338.0,338.0,338.0,338.0,338.0
B008MNEUBC,264.0,264.0,,264.0,264.0
B008MTZ0FG,,,,7464.0,7464.0
B008N10OJ0,,2121.0,,,2121.0
B008NAH9TY,1516.0,1516.0,1516.0,1516.0,1516.0
B008NAI8CQ,1516.0,1516.0,1516.0,,1516.0
B008NF7ITK,,,,,14.0
B008O4P2RK,38.0,,,,
B008OBSS2E,,,,141.0,
B008OLK5AC,,,480.0,,480.0
B008OMKHB8,,,57.0,,57.0
B008ORUKR4,516.0,516.0,516.0,516.0,516.0
B008ORUL50,474.0,474.0,474.0,474.0,474.0
B008OVXBKI,,,31.0,,31.0
B008OZSOBK,,,,7918.0,7918.0
B008PBIKB2,,,,,178.0
B008PCRGHA,,127.0,127.0,127.0,127.0
B008PD33GM,,,,,14.0
B008PE6SW2,3.0,,,,
B008PFG880,,,,53.0,53.0
B008PJGGME,,,,,3.0
B008PJGHZK,,,168.0,,168.0
B008PTXG5O,,,,,22.0
B008Q22P16,,,37.0,,37.0
B008QD5ZHG,,,,,27.0
B008QD9AJ0,,70.0,,70.0,70.0
B008QDGY3U,,,,,59.0
B008QEZ6S8,,,,,67.0
B008QFE0KM,10.0,,,10.0,10.0
B008QHDM0Y,,,97.0,,97.0
B008R9UFJC,,,,,3.0
B008RI96ES,,,,8.0,
B008RQZMNE,37.0,37.0,,37.0,37.0
B008RR0YE0,,74.0,,74.0,74.0
B008RYKDN0,413.0,,,413.0,413.0
B008RZ6V9Y,,48.0,,48.0,48.0
B008S115X4,1187.0,,1187.0,,1187.0
B008S4SRLE,,,1797.0,1797.0,1797.0
B008S6H9VG,,16.0,,,
B008SB0UO4,,52.0,52.0,52.0,52.0
B008SBKTLI,17140.0,,17140.0,17140.0,17140.0
B008SBKU80,17140.0,,,,17140.0
B008SV2BVE,1910.0,1910.0,1910.0,1910.0,1910.0
B008SVA6LQ,,,,,4.0
B008SVSH7G,608.0,,608.0,608.0,608.0
B008SX5T3E,,,,,9.0
B008TSPR9Y,,101.0,,,
B008TYJ1VS,,,,,3472.0
B008TYK716,4570.0,4570.0,,,4570.0
B008TYLYQS,,,,,3472.0
B008U2Y5ME,957.0,957.0,957.0,957.0,957.0
B008U2Y600,453.0,453.0,453.0,453.0,453.0
B008U5P0HA,,,159.0,159.0,159.0
B008U5QIEE,,,,3.0,3.0
B008U5RUW8,555.0,555.0,555.0,555.0,555.0
B008UDH1UG,188.0,188.0,188.0,188.0,188.0
B008UNCNIQ,,,62.0,,62.0
B008UPSGPS,289.0,289.0,289.0,289.0,289.0
B008UV29UA,,,,90.0,90.0
B008UYICIU,,,,,100.0
B008UZERSS,,,72.0,,72.0
B008VF354Y,,,,,59.0
B008VFBCYO,498.0,498.0,498.0,498.0,498.0
B008VJHPUK,,,,90.0,
B008VJHU7I,,,,,90.0
B008VJI7CU,,,,,43.0
B008VJI8QA,,,,90.0,90.0
B008VJIAFY,,,,,90.0
B008VK3F94,11282.0,11282.0,11282.0,11282.0,11282.0
B008VKEA9I,1740.0,1740.0,1740.0,1740.0,1740.0
B008VR7G4M,,,,,215.0
B008VSJFQ8,1552.0,1552.0,1552.0,1552.0,1552.0
B008VYXT5A,68.0,,,68.0,68.0
B008VZ18SE,,,,,90.0
B008WBK4UU,2533.0,2533.0,,2533.0,2533.0
B008WYI6Z2,,59.0,,,
B008X86276,,,,,117.0
B008X8A0PQ,,,,,54.0
B008X8EPK2,,,,,316.0
B008X99VEG,,,,,30.0
B008XLTRQQ,57.0,57.0,57.0,,57.0
B008XN3ZOY,,,,,164.0
B008XN41T2,164.0,,164.0,164.0,164.0
B008XN424Q,,954.0,,954.0,954.0
B008XN487W,,33.0,,,33.0
B008XN4LPG,,,17.0,17.0,
B008XN4MZK,,,,,53.0
B008XN4Q74,,,,,17.0
B008XN4QS8,,,,,13.0
B008XN4ROG,,,,,16.0
B008XN5J3E,,,5.0,,5.0
B008XN79GY,,71.0,71.0,71.0,71.0
B008XN79W8,,,156.0,,156.0
B008XN7ADQ,,67.0,67.0,67.0,67.0
B008XN7B1W,,,,,8.0
B008XN7DBA,156.0,,156.0,156.0,156.0
B008XN7I5Q,,,,4.0,
B008XN7VWQ,1339.0,1339.0,1339.0,1339.0,1339.0
B008XN7WAC,,,,,17.0
B008XN7ZEA,,,,12.0,12.0
B008XN81LQ,470.0,,470.0,470.0,470.0
B008XNB7M6,,,,164.0,164.0
B008XNBFBY,,,23.0,23.0,
B008XNBGQ8,,,,,23.0
B008XNBJ9M,,71.0,,71.0,71.0
B008XNBWEO,,,,,23.0
B008XNBX3Y,,25.0,,,
B008XNC00O,,,,,25.0
B008XNC1K8,,,,,954.0
B008XNC20C,71.0,,71.0,71.0,71.0
B008XNC39C,,954.0,954.0,954.0,954.0
B008XNC3ME,164.0,,,,164.0
B008XNJXXQ,2156.0,2156.0,2156.0,2156.0,2156.0
B008XWXZ9U,82.0,82.0,82.0,82.0,82.0
B008YFX9KG,,,,,88.0
B008YGBGIC,,,,46.0,46.0
B008YH7JQ4,,,,,1516.0
B008YUSE2Y,1516.0,1516.0,1516.0,1516.0,1516.0
B008YUSE60,,,,349.0,349.0
B008YYC570,,,,,40.0
B008Z34R1C,,763.0,,763.0,763.0
B008Z6SZ6M,31.0,,,,
B008Z70DE8,,,,800.0,
B00903YF54,,,13.0,,
B009041WA4,,9.0,,,9.0
B009041WPE,,,2.0,,
B009043OPK,15.0,,,,15.0
B009043PPO,,165.0,,,165.0
B00904MSHA,,,,,211.0
B0090E21TK,,,,9.0,9.0
B0090E21UY,,,,7.0,
B0090E2302,,,,,2.0
B0090E2334,,,,,5.0
B0090E23UM,,,,,5.0
B0090MX8JO,,209.0,,209.0,209.0
B0090QKZ9G,,475.0,475.0,,475.0
B0090QMUVM,,42.0,,,42.0
B0090XCJX4,,,,90.0,90.0
B00913VHXQ,1030.0,1030.0,1030.0,1030.0,1030.0
B009150ZNW,,,,,58.0
B0091J6NZ2,,,169.0,169.0,169.0
B0091N4C1A,23.0,,,,23.0
B0092OUNHA,,,,,3199.0
B0092X41RY,,,,,43.0
B0092X6GD6,86.0,86.0,86.0,,86.0
B009352L6O,,,,37.0,37.0
B009352S9O,,,,44.0,44.0
B009352T34,,,73.0,73.0,73.0
B00936H1PO,220.0,220.0,220.0,,220.0
B009388A8O,,,,,17.0
B0093GDT78,,,,423.0,423.0
B0093KNWO4,,,,,7.0
B0093PEMHA,,,,6.0,6.0
B00940L86C,7621.0,,,,7621.0
B0094GXV8Y,59.0,,,,59.0
B0094JEKM2,,,,,14.0
B0094JEM5W,17.0,17.0,,,17.0
B0094JEMUM,,,18.0,,18.0
B0094JENQU,,,,,352.0
B0094JGXV8,13838.0,13838.0,13838.0,13838.0,13838.0
B0094JNWQ2,6699.0,6699.0,6699.0,6699.0,6699.0
B0094KUJUI,349.0,349.0,,349.0,349.0
B0094KUK98,,359.0,359.0,359.0,359.0
B0094PCN2A,,,1030.0,1030.0,1030.0
B0094Z1VSC,428.0,428.0,428.0,428.0,428.0
B0095IFO22,105.0,,105.0,105.0,105.0
B0095OZ854,,,430.0,430.0,430.0
B0095UAYJ8,3358.0,3358.0,3358.0,3358.0,3358.0
B009610F1S,,,,,21.0
B0096A2W92,,,,,74.0
B0096DR9QA,,,,,8.0
B0096E9NZE,,,,,6.0
B0096M7YIO,,,,,25.0
B0096O1BWW,,,592.0,,592.0
B0096OBH4Y,,,238.0,238.0,238.0
B0096PKORO,,,,,2121.0
B0096WUELS,1625.0,,1625.0,1625.0,1625.0
B0096Z1I06,,,,50.0,50.0
B009776EKW,,,,,45.0
B0097A5BA8,,,,15221.0,15221.0
B0097DLJUQ,,9.0,,,
B0097DMMGQ,,,20.0,,20.0
B0097DZSZS,,,,52.0,52.0
B0097K1WE2,,,,,844.0
B0097OZZC8,,,,,144.0
B0097P3PMO,36.0,,36.0,36.0,36.0
B0097P4MBW,,,,,39.0
B0097PH3ZY,,,50.0,50.0,50.0
B0097RQJDO,,,,,32.0
B0097RROBA,,,,,214.0
B0097XGQ5O,7480.0,7480.0,7480.0,7480.0,7480.0
B00983NO12,,,,16.0,16.0
B00984PTUK,,940.0,,,
B00984S6EQ,,,,,1262.0
B00987IM5Q,,267.0,,,267.0
B00987PZS8,,,,,565.0
B00987R4B4,,,,,700.0
B00987RKWW,2820.0,,,2820.0,2820.0
B00987RSSI,265.0,,,,
B00987SAGM,,,,,115.0
B0098QO7RE,12284.0,12284.0,12284.0,12284.0,12284.0
B0098QPV3I,20348.0,20348.0,20348.0,20348.0,20348.0
B0098QQ88U,19101.0,19101.0,19101.0,19101.0,19101.0
B0098SP1DG,,,272.0,272.0,272.0
B0098SP1EU,,,,,272.0
B0098SP1FO,,,,272.0,
B0099094KE,2719.0,2719.0,2719.0,2719.0,2719.0
B0099094OU,795.0,795.0,795.0,,795.0
B0099094PY,795.0,795.0,795.0,795.0,795.0
B0099097TW,2719.0,,2719.0,2719.0,2719.0
B0099097Z6,2719.0,2719.0,2719.0,2719.0,2719.0
B00992L8E2,2164.0,2164.0,2164.0,2164.0,2164.0
B00992S5D4,2133.0,2133.0,2133.0,2133.0,2133.0
B00996GW12,,,658.0,658.0,658.0
B00996LB5E,,658.0,,658.0,658.0
B00998R4ZI,,,,,1.0
B00998TJ3I,21.0,21.0,,21.0,
B0099K7C7G,,,,,3.0
B0099LAE5C,473.0,473.0,,,
B0099NZC0W,,,,,23.0
B0099RKV9A,,,63.0,63.0,63.0
B0099UX630,59.0,,,,59.0
B0099VQBQI,,101.0,,101.0,101.0
B009AGMX64,,,,,94.0
B009AGTBG4,,698.0,698.0,698.0,698.0
B009AKGRJO,314.0,314.0,314.0,314.0,314.0
B009AQZCIK,,,,,557.0
B009AQZDR0,557.0,,,,557.0
B009AR2UZM,74.0,,,,74.0
B009AR2VGK,,,,,9.0
B009AR2XG8,,,,,7.0
B009AR2XR2,,,,131.0,131.0
B009AR2Y6C,,65.0,,,65.0
B009AR3NM6,,,,,48.0
B009AR3O3O,,,,,12.0
B009AWMLP6,,,,36.0,36.0
B009AWUSF6,,,,,453.0
B009AZ3OQ8,,,,,74.0
B009AZ6GWW,,108.0,108.0,108.0,108.0
B009B1C7OQ,,,,,13.0
B009B2TDPG,,,,,57.0
B009BPSFN4,,,,,722.0
B009BPSGMY,,,,,31.0
B009BPSHTQ,,,,,36.0
B009BPT71S,,,7.0,,7.0
B009BPT88U,,,7.0,,
B009C5H2NC,419.0,,419.0,419.0,419.0
B009C5H2RS,238.0,238.0,,238.0,238.0
B009C5NAJC,,,,1062.0,1062.0
B009C8ZA6K,158.0,,158.0,158.0,158.0
B009C9RENQ,88.0,,88.0,88.0,88.0
B009C9YAR4,,,107.0,107.0,107.0
B009C9YBWS,61.0,,,61.0,61.0
B009CFXQC8,216.0,,216.0,216.0,216.0
B009CW9A58,,,,19.0,19.0
B009D4BLGG,,,,1.0,
B009D4WAF2,,,540.0,540.0,540.0
B009D4XE1G,,,,,9.0
B009D4XE9S,,,,,14.0
B009D4XEL6,,,,,9.0
B009D4XFI8,,,16.0,,
B009D9531K,131.0,,,,
B009DKJWUC,,,,72.0,72.0
B009DNH580,,,,14.0,
B009DOUBS0,28.0,,28.0,,28.0
B009DP4DYW,,,,,2.0
B009DPSOOW,758.0,,,758.0,758.0
B009DZLCE6,,,630.0,,
B009EDCIYK,,,,51.0,51.0
B009EGMREI,,,,,26.0
B009EMOE9I,,,,,17.0
B009ERGG94,,,,7918.0,7918.0
B009EZGGFU,,68.0,,,68.0
B009F2P7PC,45.0,,,,
B009FKGBFY,1831.0,1831.0,1831.0,1831.0,1831.0
B009FKGDQ6,,,,170.0,170.0
B009FOY18Y,,,,,675.0
B009G03CGY,,,104.0,104.0,104.0
B009G074VS,403.0,403.0,,,403.0
B009G532FA,1658.0,1658.0,1658.0,,1658.0
B009G7L94Y,286.0,,286.0,286.0,286.0
B009G7Z3XM,20109.0,20109.0,20109.0,20109.0,20109.0
B009GD05NO,699.0,699.0,699.0,699.0,699.0
B009GFVGB2,,,,22.0,22.0
B009GFVGI0,,,,,8.0
B009GFVGIK,,,,,46.0
B009GFVGLC,,,25.0,,
B009GFVGP8,29.0,,,29.0,29.0
B009GFVH98,,,,,9.0
B009GFVHBG,,,,19.0,19.0
B009GFVHCU,,,,21.0,
B009GFVJ46,,16.0,,,
B009GG4DOS,,,,100.0,100.0
B009GIWSGG,,,,,62.0
B009GIXZ6I,,,14.0,,
B009GJE534,,,,154.0,
B009GMYMQ6,,,,28.0,28.0
B009GN0TK8,,220.0,,,220.0
B009GN3644,,,,,12.0
B009GN5S90,,,,28.0,28.0
B009GNL7P4,,,,,39.0
B009GNT5VW,,48.0,48.0,48.0,48.0
B009GPIDAY,57.0,,57.0,57.0,57.0
B009GPKW0S,2599.0,2599.0,2599.0,2599.0,2599.0
B009GPL5HC,85.0,85.0,85.0,85.0,85.0
B009GPM1F2,556.0,556.0,556.0,556.0,556.0
B009GSGEHK,,,7.0,,
B009GZ5YOW,653.0,,,,653.0
B009GZ60MM,653.0,,,653.0,653.0
B009H48J3A,,,,,22.0
B009H57WR8,,,,,9.0
B009H57XV8,23.0,,,23.0,23.0
B009H57YDK,47.0,47.0,,,47.0
B009H6KGIY,,,,,56.0
B009HLDZVO,,,,,386.0
B009I24N5Y,,,,,25.0
B009IAGVP6,133.0,,133.0,133.0,133.0
B009JC07T4,,,800.0,,
B009JCVSV0,,,47.0,,47.0
B009JI8EY8,,,,17.0,
B009JKDCEI,,,191.0,191.0,191.0
B009JKHR4E,88.0,88.0,,,88.0
B009JKICI4,,,78.0,,78.0
B009JKNSFG,88.0,,,,88.0
B009JKQEPW,,80.0,,,80.0
B009JL53U8,735.0,735.0,,735.0,735.0
B009JOXYYC,14.0,,,,
B009JSPREI,,,,246.0,246.0
B009JTDO74,8.0,,,,
B009JVXXGO,,,,,7.0
B009JVY8KE,,,,7.0,
B009JXI3E4,149.0,149.0,149.0,149.0,149.0
B009K1V6J4,,,,,61.0
B009KACHOS,515.0,,515.0,,515.0
B009KOW9FQ,10189.0,,10189.0,10189.0,10189.0
B009L4PWXQ,,176.0,,176.0,176.0
B009L771KU,1223.0,,,1223.0,1223.0
B009L781P4,1223.0,1223.0,1223.0,1223.0,1223.0
B009L8T9C2,,,,,51.0
B009LLUVTY,,,,238.0,238.0
B009LM851O,428.0,,,,428.0
B009LNFNC2,,,,86.0,86.0
B009LNFP4S,193.0,193.0,,193.0,193.0
B009LNZB1K,,,,69.0,69.0
B009LNZYV2,,,,,2983.0
B009LO00VK,,402.0,402.0,402.0,402.0
B009LO011O,169.0,,,,169.0
B009LO01BO,157.0,,157.0,,157.0
B009LU8P3O,,,,,100.0
B009LXX1GW,,,,12.0,
B009M7G7AY,,,,,15.0
B009MB3QM2,,,,,44.0
B009MBA15C,,,,,21.0
B009MBA1TS,,,,,9.0
B009MD5K1K,8.0,,,,
B009MRX2QG,392.0,,,392.0,392.0
B009MYHX46,,,187.0,187.0,187.0
B009N3UPBO,,,,,21.0
B009ND95CE,,,,,644.0
B009NHZUQA,,,,21.0,
B009NI9R86,1151.0,1151.0,1151.0,1151.0,1151.0
B009NLKLD8,,,,,544.0
B009NSXKWA,,,,,4.0
B009NSXL24,,,,6.0,6.0
B009O02ZFK,603.0,603.0,603.0,603.0,603.0
B009O8XRZ4,,,,,45.0
B009O8XSC6,,,,,21.0
B009OAMM7G,,,,110.0,
B009OAMN02,41.0,,,,41.0
B009OBZMEK,,,27.0,,27.0
B009OFD9I2,,,,,7.0
B009OH92GS,,26.0,,,
B009OIMLMY,,,,,3.0
B009OIPL26,,,,,2.0
B009OMER0E,,,,,10.0
B009OS48XO,,43.0,43.0,,43.0
B009OY8CA8,,,,272.0,272.0
B009OY8CAS,,,,272.0,272.0
B009OY8CI0,70.0,,,70.0,70.0
B009OY8CKI,,,,272.0,272.0
B009OY8DSE,272.0,,,272.0,272.0
B009P0IKF8,,,,,16.0
B009P0IKVM,,,,,16.0
B009P4Y9V8,,,1223.0,1223.0,1223.0
B009P5T3KO,,,,493.0,493.0
B009P5UFMO,71.0,,71.0,71.0,71.0
B009P5VIHU,76.0,,,76.0,76.0
B009PAF1WS,22347.0,22347.0,22347.0,22347.0,22347.0
B009PFIPSU,,,,,26.0
B009PHRRR8,,14.0,,,14.0
B009PHRTQM,59.0,59.0,,,59.0
B009PKJ8OA,51.0,,,,51.0
B009PNLJCG,,,13.0,,13.0
B009POSB8K,,,,,2.0
B009PQ5P8W,31.0,31.0,31.0,,31.0
B009PQ7J40,,,,1059.0,1059.0
B009PQAJAQ,1463.0,,1463.0,1463.0,1463.0
B009PUW4P0,2381.0,2381.0,2381.0,2381.0,2381.0
B009Q4H7BQ,,,648.0,648.0,648.0
B009Q6V1CU,,42.0,,,42.0
B009Q81K4W,,,,,2943.0
B009QDQ78G,135.0,,,,135.0
B009QEX6G6,5921.0,5921.0,5921.0,5921.0,5921.0
B009QJMNNI,,349.0,,,349.0
B009QWJOLY,,,,,16.0
B009QZ4SSK,,,,,20.0
B009QZ5IIE,,,,,155.0
B009QZ5RI0,,,,,30.0
B009QZ7ZD0,308.0,,,,
B009QZAGQS,,,,,663.0
B009QZAXPC,,,,,258.0
B009QZCAM6,4261.0,4261.0,4261.0,4261.0,4261.0
B009QZEHAO,264.0,,264.0,,264.0
B009R4P0VY,,,,,18.0
B009R4P230,,,,,18.0
B009R4P528,,,,17.0,17.0
B009R4P6EA,,25.0,,25.0,25.0
B009R7A15G,,42.0,,,
B009R7A2FU,,,,51.0,51.0
B009R7A6TC,,,,,78.0
B009R7A7YQ,34.0,,,34.0,34.0
B009RJPJZ6,,,,179.0,179.0
B009RLIO3S,369.0,,,,369.0
B009RPPV8K,,,,,5.0
B009RPPVXU,44.0,,,,44.0
B009RPPY4G,,,78.0,78.0,78.0
B009RSUBAK,121.0,121.0,121.0,121.0,121.0
B009RVAMGK,,,,,124.0
B009RW3MEI,49.0,49.0,,49.0,49.0
B009RW3NCO,,,23.0,23.0,23.0
B009RXUD1C,,,,158.0,158.0
B009RXUEHA,,,,,158.0
B009RXWDM4,,,,266.0,266.0
B009RXWDY2,,,,270.0,270.0
B009RXWE6Y,266.0,,,,266.0
B009RXWEGE,,,270.0,,270.0
B009RXWEV4,270.0,,,,270.0
B009RXWF18,,,,,266.0
B009RY2DNW,,,,,66.0
B009RY2FJE,52.0,,,,52.0
B009S7U4BQ,,,,,10.0
B009S9QBVG,,,53.0,53.0,53.0
B009S9QCVA,,,,48.0,48.0
B009SAE3LU,,,25.0,25.0,25.0
B009SAEMK2,,,,,8.0
B009SAEN9W,,,,,29.0
B009SAFF1C,,224.0,224.0,,224.0
B009SAFK0I,,,,,224.0
B009SAFKLM,,,,224.0,224.0
B009SAG95I,54.0,54.0,,,54.0
B009SAM7DG,,,,,167.0
B009SAXLI6,,6.0,,,6.0
B009SAZLTI,,,,,33.0
B009SAZOC2,,,,,33.0
B009SAZP4O,,,,,33.0
B009SB77E4,,,,25.0,25.0
B009SPQ6IS,212.0,212.0,212.0,212.0,212.0
B009SSOX0I,,,,,207.0
B009SSQ0Y0,,50.0,,50.0,50.0
B009SSR1J8,,,38.0,38.0,38.0
B009SSV4Z0,,,,,6.0
B009SX8H7S,,,,,241.0
B009T8F3U6,,8.0,,,8.0
B009T8J0VO,12.0,,12.0,12.0,
B009TAQAOW,974.0,974.0,974.0,974.0,974.0
B009U1EI7Q,,2871.0,,,2871.0
B009U1RBCK,,,286.0,,
B009U20MLG,,,,,824.0
B009UEVIOE,,,,,13.0
B009UFYXFE,1182.0,1182.0,1182.0,1182.0,1182.0
B009UKGSS4,,,1677.0,,
B009URXI44,,8.0,,,8.0
B009UU6NJ8,,,38.0,,
B009UUAB1E,,,151.0,151.0,
B009UUABQY,,43.0,,43.0,43.0
B009UUANSK,,,136.0,136.0,136.0
B009UUDU3U,111.0,,,,111.0
B009UUDUS0,,,,,113.0
B009UWXRZY,,,,,12.0
B009UWXSX0,,,,,15.0
B009UWXUGA,,30.0,,,
B009V04RYA,,,,,1.0
B009VFTMWM,,,798.0,,798.0
B009VGMW28,2227.0,2227.0,2227.0,2227.0,2227.0
B009VIB0VK,4334.0,4334.0,4334.0,4334.0,4334.0
B009VK4IDK,5059.0,5059.0,5059.0,5059.0,5059.0
B009VP7PA8,,,,18.0,18.0
B009VT5T8Y,,127.0,,,127.0
B009VT5UJC,,127.0,,,127.0
B009VZNV3I,1952.0,1952.0,1952.0,1952.0,1952.0
B009W4JWQI,,,,,34.0
B009WBLYWQ,,,,7.0,
B009WDY0IO,,51.0,51.0,,
B009WQTN3I,18.0,,,,18.0
B009WVR88K,30.0,30.0,30.0,,30.0
B009WVR9H0,,,,,30.0
B009WVREES,30.0,,,,
B009WVRKWE,,,,,30.0
B009WW497C,,,,,8.0
B009WWYHPQ,,,,,11.0
B009WWYIA0,,44.0,,44.0,44.0
B009WWYJ4A,,,,10.0,
B009WWYKOY,,,,32.0,32.0
B009WWYM7O,,,,,23.0
B009WWYMLU,10.0,10.0,,,
B009WWYN8W,,,4.0,,
B009WXPVJG,,,,,359.0
B009WXRRN4,,,,,30.0
B009WXVQ1I,,,,23.0,23.0
B009X3YSIA,,,,,723.0
B009XE36LY,,,,,4.0
B009XJ4HK8,,,47.0,47.0,47.0
B009XRFP9C,451.0,451.0,451.0,451.0,451.0
B009YBAXU8,658.0,,,,658.0
B009YS41RW,,,,,96.0
B009YS6F3A,2857.0,2857.0,,,2857.0
B009YSN4BG,,,,,1393.0
B009YZPBAQ,532.0,,,532.0,532.0
B009YZPXUY,296.0,,,296.0,296.0
B009Z4YB7U,1901.0,1901.0,,,
B009Z9IUDG,215.0,215.0,215.0,,215.0
B009ZJ7H76,,,,,277.0
B009ZKLOWO,2742.0,2742.0,2742.0,2742.0,2742.0
B009ZMXTNO,,,,,1.0
B009ZQHIWI,,,173.0,,173.0
B009ZT0F7U,,,58.0,,58.0
B009ZYL05G,,,,,32.0
B00A0D69BG,,,,,85.0
B00A0QV5VM,,,,,45.0
B00A1C4H56,,,,,9.0
B00A1LV25A,475.0,,,,475.0
B00A209EO6,,,,21.0,
B00A28G8FG,,12.0,,,
B00A2IXR5U,74.0,,,,74.0
B00A2J03XI,,,,,23.0
B00A2J08GA,,,,,131.0
B00A2KDLRW,,,,,11.0
B00A2KDLVI,,,7.0,,7.0
B00A2KDM2Q,,,,13.0,13.0
B00A2KDOGU,,,3.0,,3.0
B00A2KDOIS,,27.0,,,27.0
B00A2KDOLK,,,,6.0,
B00A2KDOLU,,,,,165.0
B00A2KDQUY,,,,5.0,5.0
B00A2W4ZX4,,,62.0,62.0,62.0
B00A2XI9LM,,,,,10.0
B00A32GTAA,445.0,445.0,445.0,445.0,445.0
B00A3DHYYE,,,510.0,,510.0
B00A3DHZA2,,,,,507.0
B00A42V508,,,,63.0,63.0
B00A45Z0H4,,,,,3.0
B00A46L8G0,,,638.0,638.0,638.0
B00A4IW0GU,,,3.0,,
B00A52GSJA,,,128.0,,128.0
B00A53J1MK,26.0,26.0,26.0,,26.0
B00A5LU1QC,,,23.0,23.0,23.0
B00A6AXD4E,27.0,27.0,27.0,,27.0
B00A6P0JOQ,97.0,,,97.0,97.0
B00A6SUR0E,,,,64.0,64.0
B00A6SY7SW,,1151.0,1151.0,,1151.0
B00A6UKM52,,,,16.0,16.0
B00A6UKMM0,,18.0,18.0,,18.0
B00A6UKMZW,,279.0,,,279.0
B00A6VN56E,452.0,452.0,452.0,452.0,452.0
B00A6VPFKI,,,,,126.0
B00A6WUMDM,,528.0,528.0,528.0,528.0
B00A6Z8EU2,,20.0,20.0,,20.0
B00A6ZFP40,21.0,,,,21.0
B00A6ZM0I4,,17.0,,,17.0
B00A6ZTJA6,,,19.0,,19.0
B00A6ZZSAQ,,,16.0,,16.0
B00A71YEKY,,,,,1004.0
B00A71YY86,,1004.0,,1004.0,1004.0
B00A72D5SA,,,,,449.0
B00A7AWGMI,,,,441.0,441.0
B00A7HYQH4,,,,,7.0
B00A7I27QA,,,,,663.0
B00A7I3P9S,,81.0,81.0,81.0,81.0
B00A7ISZR0,,,,,87.0
B00A86ECBE,183.0,183.0,183.0,183.0,183.0
B00A86JNVS,370.0,370.0,370.0,370.0,370.0
B00A87CW0G,939.0,939.0,939.0,939.0,939.0
B00A8A85TK,,,,,211.0
B00A8G7ZJ0,,,,,426.0
B00A8GA5L0,,,,,159.0
B00A8GC8MO,,,,67.0,67.0
B00A8JWJRA,,922.0,,922.0,922.0
B00A8KDWBQ,,,,,922.0
B00A8KDYIC,,922.0,922.0,922.0,922.0
B00A8ROEO8,,,,,2.0
B00A8VGVCM,,,,,12.0
B00A8XH66U,,,,,4.0
B00A9ELDS0,346.0,,,346.0,346.0
B00A9OEJT0,2568.0,2568.0,2568.0,2568.0,2568.0
B00A9TZMQE,1508.0,1508.0,1508.0,1508.0,1508.0
B00A9Y2XFC,,,,,168.0
B00A9YRGFY,,,,1.0,
B00A9YXOXM,,,,,5.0
B00A9Z1BC2,,,,38.0,38.0
B00AA17N4U,,73.0,73.0,73.0,73.0
B00AA2HLIM,,,,39.0,39.0
B00AA9902U,,,,,7.0
B00AAHQMEQ,,,,,12.0
B00AAIFFKC,1427.0,1427.0,1427.0,,1427.0
B00AAQBLPC,,,,,675.0
B00AAQL27E,,,,186.0,
B00AAR9I60,2988.0,2988.0,2988.0,2988.0,2988.0
B00AATNI5A,223.0,223.0,223.0,223.0,223.0
B00AATQUZU,,,,45.0,45.0
B00AAV845M,,,,1075.0,1075.0
B00AB3SDU0,,,,111.0,111.0
B00ABH2ABE,,27.0,27.0,27.0,27.0
B00ABMIOSM,3836.0,,3836.0,,3836.0
B00ABTJAHY,489.0,,,489.0,489.0
B00ABTJAJM,,,3581.0,3581.0,3581.0
B00ABZ679C,,,1059.0,1059.0,1059.0
B00ABZ67NS,1204.0,,,1204.0,1204.0
B00ABZ68DC,,,241.0,,241.0
B00AC2O2A0,631.0,,,,631.0
B00AC7RYO6,,,,,3.0
B00ACIDY26,,,,,12.0
B00ACRDKKI,,,,,28.0
B00ACSOAOM,,,,197.0,197.0
B00ACXRAH6,2.0,,,,
B00AD11HOY,378.0,,378.0,378.0,378.0
B00ADMGY14,,,,,73.0
B00ADPS9I2,298.0,,298.0,298.0,298.0
B00ADQKGAK,,,30.0,,30.0
B00ADV5BPU,,,,,18.0
B00AE3MEN4,,109.0,,,109.0
B00AE969NO,,,,,529.0
B00AE9BDE4,18.0,,,,18.0
B00AEAUN44,241.0,,,,241.0
B00AEBFN8Y,,,,,37.0
B00AEBFNW0,42.0,,42.0,42.0,42.0
B00AEI46GM,,,,,68.0
B00AEMG7NI,48.0,,48.0,,48.0
B00AF2HQ5U,3327.0,3327.0,3327.0,3327.0,3327.0
B00AF6MN1S,17.0,,,,
B00AFA52U8,,,,,5.0
B00AFA5H9E,,,,,3.0
B00AFCZ300,,,338.0,338.0,338.0
B00AFDDTR8,,,7402.0,,7402.0
B00AFL9IVG,,,,,285.0
B00AFPO574,35.0,,,35.0,
B00AFYA3K8,334.0,,334.0,334.0,334.0
B00AG0N4HK,,,,,217.0
B00AG1DYA6,,,,,141.0
B00AG1DYCE,,,,,140.0
B00AG1DYH4,,,,513.0,513.0
B00AG1DZ0A,,,142.0,,
B00AG1E5VI,,,,,141.0
B00AG1E5YK,,,,,140.0
B00AG1E608,,140.0,,,140.0
B00AG1E61W,,,,142.0,142.0
B00AG1EAY0,,,,,5.0
B00AG1EAZO,,142.0,,,
B00AG1EGT4,,,141.0,141.0,
B00AG8DDX2,,,,,1.0
B00AGIJYI0,,,4.0,,4.0
B00AGOOFYM,,,,,1.0
B00AGR7KHS,3237.0,3237.0,3237.0,3237.0,3237.0
B00AGYP2GW,,,,,7.0
B00AH4N65U,112.0,,112.0,,112.0
B00AHFTFSG,,,,98.0,98.0
B00AHH9LPQ,,,,,92.0
B00AHH9M3W,,,,92.0,92.0
B00AHKIYB0,,,,,41.0
B00AHTK5WC,492.0,,,,492.0
B00AHU3VQI,165.0,165.0,165.0,,165.0
B00AHU57ME,27.0,,,,
B00AI1CMOI,,,,106.0,106.0
B00AIAA5LG,,,,,253.0
B00AIAD1XK,,,,,5.0
B00AIAEQ4I,,,253.0,,
B00AIAI0HM,,,,,253.0
B00AIAJLS4,253.0,,,,
B00AIAXRH0,7.0,,,,
B00AIAXUY0,,,,,253.0
B00AIGMY3M,79.0,,79.0,79.0,79.0
B00AIJRN62,,36.0,36.0,36.0,36.0
B00AIJTKIG,,,,,4975.0
B00AIKSLGW,,,,,117.0
B00AIKU00W,,,22.0,22.0,
B00AJB2LQG,,,,,6.0
B00AJFBDKM,,20.0,,20.0,20.0
B00AJKIZW6,,,1412.0,,1412.0
B00AJLRHD8,,,151.0,,151.0
B00AJND8X4,,,,210.0,210.0
B00AKFFW3A,,,,,2386.0
B00AKFFXG6,,,2386.0,,2386.0
B00AKGGQ02,270.0,270.0,270.0,270.0,270.0
B00AKGGQO8,270.0,270.0,270.0,270.0,
B00AKKXF98,,,,,3.0
B00AKKXI90,,,175.0,,175.0
B00AKLH12E,,,,,15.0
B00AKOTOG2,,,,,27.0
B00AKOTQYW,,,27.0,,
B00AKOTSYA,,,,,27.0
B00AKOTU0W,,,27.0,,27.0
B00AKOTX5Y,,,,,27.0
B00AKOU34Y,87.0,87.0,87.0,87.0,87.0
B00AKOU452,,288.0,288.0,288.0,288.0
B00AKRZQRU,,1412.0,1412.0,,1412.0
B00AKS51MO,,,,1412.0,1412.0
B00AKS85PE,1412.0,,,,
B00AKSAWE6,,1412.0,1412.0,1412.0,1412.0
B00ALHISAQ,3419.0,3419.0,3419.0,3419.0,3419.0
B00ALI4BYM,4313.0,4313.0,4313.0,4313.0,4313.0
B00ALK4LDG,,,,,154.0
B00ALVCRWW,,,2352.0,,2352.0
B00AM36VKS,1901.0,,,1901.0,1901.0
B00AM36VUS,1741.0,1741.0,,,1741.0
B00AMTW4IU,,,,,114.0
B00AMTWS86,,,,54.0,
B00AMXG15I,,,,,681.0
B00AMXTGSW,,,,,14.0
B00AMYOERY,,,,,136.0
B00AN4FCB0,,,,,136.0
B00ANAF106,,190.0,190.0,190.0,190.0
B00ANEUWB0,,,,,362.0
B00ANN1OY0,4955.0,,4955.0,4955.0,4955.0
B00ANU9RME,64.0,64.0,,64.0,64.0
B00AOGPLKY,81.0,81.0,,,81.0
B00AOL6KQI,17.0,,,,
B00AONXUIW,,736.0,736.0,736.0,736.0
B00AP69CBM,,,69.0,,69.0
B00APEKQLO,2433.0,2433.0,2433.0,2433.0,2433.0
B00APKM1J8,,,,,1165.0
B00APOPN94,,,,83.0,83.0
B00APQ7106,,,,,56.0
B00APW02XS,206.0,,,206.0,
B00AQ23T1O,,,,,8.0
B00AQ2N0N6,,,,15.0,15.0
B00AQ6EUW2,119.0,,,119.0,119.0
B00AQ9BQG2,,,,17.0,17.0
B00AQ9JT52,,,,37.0,37.0
B00AQJR9NQ,,,,,229.0
B00AQMA3S6,,,,,34.0
B00AQX80YE,,,,,1751.0
B00ARBSRRU,35.0,,,,
B00ARF0IQY,,,,,8.0
B00ARF0KSK,,210.0,,210.0,210.0
B00ARRF85S,106.0,,106.0,,106.0
B00ASL1ZN2,,,,,38.0
B00ASN7XJK,,,,,22.0
B00ASYDKFA,,,,,269.0
B00AT5X34Q,,,244.0,,244.0
B00ATH9OMO,,,,106.0,106.0
B00ATH9OVK,,,,,111.0
B00ATH9P6Y,,,,,33.0
B00ATLNUKM,,,,141.0,141.0
B00ATLORK4,,,141.0,,141.0
B00ATLQ2U2,141.0,,,,
B00ATOGKU6,433.0,433.0,433.0,433.0,433.0
B00ATTJR1K,4334.0,4334.0,4334.0,4334.0,4334.0
B00ATTSM3E,,,9.0,,9.0
B00ATWH2C8,,25.0,25.0,25.0,
B00AU1I3JE,,,,,540.0
B00AU1J7VW,,,,,99.0
B00AU3UZJI,,,,,2988.0
B00AU6ZIGU,,,,21.0,21.0
B00AU78AN2,,14.0,,,
B00AU831VC,,719.0,719.0,719.0,719.0
B00AU83R6G,,,,205.0,
B00AU94LW4,,304.0,304.0,304.0,304.0
B00AU9KAKQ,175.0,,,175.0,175.0
B00AU9OGGK,,,,,14.0
B00AU9P2AO,,1291.0,,1291.0,1291.0
B00AUKQ5K4,1284.0,1284.0,1284.0,1284.0,1284.0
B00AUQCQQ0,,22.0,,,22.0
B00AUTKDGW,,,,,218.0
B00AUTL1MC,,2719.0,,,2719.0
B00AV9PEBU,,19.0,,,19.0
B00AVBGXL8,,,253.0,,253.0
B00AVBIVO0,,,,,253.0
B00AVBK4ZE,,,253.0,,
B00AVE22XS,41565.0,,41565.0,41565.0,41565.0
B00AVNBCKI,64.0,,64.0,64.0,64.0
B00AVNIE8G,,,109.0,,109.0
B00AVW9OAO,970.0,970.0,970.0,970.0,970.0
B00AW0ES88,,,,,129.0
B00AW53T6A,,,,5.0,
B00AW6KWVO,,,4.0,,
B00AWVKGBU,18.0,,,18.0,18.0
B00AWXC2XS,735.0,735.0,,735.0,735.0
B00AXJAB1Q,1412.0,,,,
B00AXRD8BS,3246.0,3246.0,3246.0,3246.0,3246.0
B00AXRF5H8,94.0,94.0,94.0,94.0,94.0
B00AXUEXHS,,,33.0,,
B00AY1JMNG,,,,,608.0
B00AY4QVZK,,,,40.0,40.0
B00AY4QXUI,70.0,,70.0,,70.0
B00AY4QZ4C,,,,,18.0
B00AYLYDIK,337.0,337.0,337.0,337.0,337.0
B00AYLYETS,427.0,,427.0,427.0,427.0
B00AYM34P2,,5.0,,,
B00AYM35KG,,,,5.0,
B00AYMZU54,,,,,4261.0
B00AYN2RS6,,67.0,,,67.0
B00AYN60PW,,,,,5.0
B00AYN67D2,,,,,23.0
B00AYNHPAQ,,,,23.0,23.0
B00AYXN0C8,890.0,,,890.0,890.0
B00AYZOFS4,3263.0,3263.0,3263.0,3263.0,3263.0
B00AZNB4AC,45.0,,,45.0,45.0
B00AZNZ2QO,,,1954.0,1954.0,1954.0
B00AZWT6YY,,,,14.0,14.0
B00AZWUJNQ,,,,5894.0,5894.0
B00B03L79O,,,26.0,,
B00B078IOC,,,,63.0,63.0
B00B0F3GQY,3947.0,,,,3947.0
B00B0F3QXW,,,,409.0,409.0
B00B0F3R7M,,,,56.0,56.0
B00B0F42GM,,,,,22.0
B00B0F4D1G,83.0,83.0,,83.0,83.0
B00B0F4D7A,,,,,13.0
B00B0F4DES,,,,,6.0
B00B0F4DPW,,,,,22.0
B00B0FRKF2,,,,49.0,49.0
B00B0G23US,,,,,253.0
B00B0G31YA,,,253.0,,
B00B0G5HME,,,,,253.0
B00B0JCE9A,,,152.0,152.0,152.0
B00B15XHJ4,139.0,139.0,139.0,139.0,139.0
B00B195HWK,,446.0,,446.0,446.0
B00B195I7Y,,,446.0,446.0,446.0
B00B195IHY,446.0,,,446.0,446.0
B00B19GO9A,22046.0,22046.0,22046.0,22046.0,22046.0
B00B1IDA2K,,60.0,,60.0,60.0
B00B1IFLR2,118.0,118.0,118.0,118.0,118.0
B00B1IFMH6,,,,,118.0
B00B1PQZM0,,,113.0,113.0,113.0
B00B1UE0C2,,,3.0,,3.0
B00B1UE0JA,198.0,198.0,,,198.0
B00B1UE0KY,,,,81.0,81.0
B00B1UE0PO,151.0,,,151.0,151.0
B00B1UE0Z4,453.0,453.0,453.0,453.0,453.0
B00B1UE15S,,199.0,,,199.0
B00B1V4HJC,,,29.0,29.0,29.0
B00B23OIFC,,,,8.0,
B00B23PY64,,,,,3.0
B00B23QATO,8.0,,8.0,8.0,8.0
B00B23QCVA,,,,,638.0
B00B23QUBM,,,,,638.0
B00B23REMG,,,,,3.0
B00B27040G,,9457.0,9457.0,9457.0,9457.0
B00B27QI74,878.0,878.0,,878.0,878.0
B00B27WGWA,,,53.0,53.0,
B00B29547M,,46.0,46.0,,46.0
B00B297WWW,,79.0,,79.0,79.0
B00B29LZVG,,,34.0,,34.0
B00B29OIYM,,,,,69.0
B00B2B4L92,46.0,46.0,,,46.0
B00B2G0X1C,,,2229.0,2229.0,2229.0
B00B2G0X1W,1041.0,1041.0,1041.0,1041.0,1041.0
B00B37Q4DG,,,,,46.0
B00B39JS2I,931.0,931.0,931.0,931.0,931.0
B00B3D3FXC,,39.0,,,39.0
B00B3JSNJW,,,,517.0,517.0
B00B3K8YD6,,,,,42.0
B00B3PEGP6,,,,475.0,
B00B3PFFV0,,,3.0,,
B00B3PFJSE,743.0,,,,743.0
B00B3PFKN8,,,544.0,,544.0
B00B40C4EA,,,,44.0,44.0
B00B43KV42,,,153.0,153.0,153.0
B00B46F9WI,736.0,736.0,736.0,736.0,736.0
B00B46LNIC,991.0,991.0,991.0,991.0,991.0
B00B4ALGWG,,131.0,131.0,131.0,131.0
B00B4F0LZ4,,,,,6335.0
B00B4GWL5Q,,,,,11.0
B00B4GXQP0,88.0,88.0,,,88.0
B00B4II6FI,5.0,,,,
B00B4JZ4IE,566.0,,566.0,566.0,566.0
B00B4JZ4JS,461.0,,461.0,461.0,461.0
B00B4LKGIK,1561.0,1561.0,1561.0,1561.0,1561.0
B00B4RJBIU,679.0,679.0,,679.0,679.0
B00B4RJP72,13050.0,13050.0,13050.0,13050.0,13050.0
B00B4S90UI,51.0,,51.0,,
B00B50CUN4,25.0,,,,25.0
B00B531WI0,,6.0,,,6.0
B00B59LCIE,22372.0,22372.0,22372.0,22372.0,22372.0
B00B5H6VAU,98.0,98.0,,98.0,98.0
B00B5I8Y4U,,,,8.0,
B00B5LR22W,43.0,,,,43.0
B00B5LR35I,,,1291.0,,1291.0
B00B5LR3GC,,,,,22.0
B00B5LR3TY,,,,,614.0
B00B5LR5XS,50.0,,50.0,50.0,50.0
B00B5NKD0S,,,9.0,,
B00B5PDM0O,,,,,139.0
B00B5PF2QQ,129.0,129.0,,129.0,129.0
B00B5PHZ20,,41.0,,,41.0
B00B5TEDFS,4405.0,4405.0,4405.0,4405.0,4405.0
B00B67GDGG,,,,331.0,331.0
B00B6AAGU2,,,,,10.0
B00B6ACI0I,102.0,,,,102.0
B00B6ACJYS,,,,,102.0
B00B6ACJZC,,,,,102.0
B00B6ACK6K,,,,,102.0
B00B6EJ8RK,,,,,42.0
B00B6EUOIC,22.0,,,,
B00B7FAK02,305.0,,,305.0,305.0
B00B7NHMUA,,,57.0,57.0,57.0
B00B7QC1JO,,,,,24.0
B00B80GS4I,543.0,,543.0,543.0,543.0
B00B86CGDO,,,,,1.0
B00B86DHC8,627.0,,,,
B00B86EHAO,,,,,2.0
B00B86J9SE,1382.0,,,,1382.0
B00B8AO19M,634.0,,,,
B00B8ATVTC,,,,,11.0
B00B8BF7MG,,,,,4.0
B00B8BHOM2,,54.0,,54.0,54.0
B00B8CST34,,,83.0,,
B00B8D9VCG,,,,,106.0
B00B8DRVBY,,,,,3.0
B00B8DRVRS,,,48.0,,48.0
B00B8NP1QQ,76.0,76.0,,,76.0
B00B90DURU,,,,,4.0
B00B90H6UC,,,,,1317.0
B00B95PWFS,,,122.0,122.0,122.0
B00B95PWQC,,122.0,122.0,122.0,122.0
B00B96JDPW,138.0,138.0,,138.0,138.0
B00B96PCIY,,,,51.0,51.0
B00B96PF68,,,,,28.0
B00B96PGCG,53.0,,,,
B00B96PHNE,107.0,,,,107.0
B00B96PJ28,,,122.0,,122.0
B00B96PNOM,64.0,,,,64.0
B00B9HLGUQ,,,,19.0,19.0
B00B9HLGXI,9.0,,,,9.0
B00B9HLH0U,,,,,28.0
B00B9M9FMC,134.0,,134.0,134.0,134.0
B00B9MFJK4,,9.0,,,9.0
B00B9NUTXK,,,,,328.0
B00B9ZQ7M0,,,,,153.0
B00B9ZQBM6,,,,,130.0
B00BA3Y75U,,,,,12.0
B00BAKCZ2A,,892.0,892.0,,892.0
B00BAKN5TC,923.0,923.0,,923.0,923.0
B00BAVBRYG,1497.0,,1497.0,1497.0,1497.0
B00BAXVIES,,,,,20109.0
B00BAXY4LC,112.0,,112.0,,112.0
B00BAY4MGS,410.0,,410.0,410.0,410.0
B00BB0B1II,174.0,174.0,174.0,,174.0
B00BB53RFS,66.0,,66.0,,66.0
B00BB8JFS8,,,,,305.0
B00BB8KSYS,,,1426.0,1426.0,1426.0
B00BB8LBLW,,667.0,,,
B00BB8O2U4,,,,,264.0
B00BBCVSWK,,,,,1298.0
B00BBCVX4I,,,798.0,,
B00BBCW5YU,,,,,700.0
B00BBCW80G,,,92.0,,92.0
B00BBGE7BK,432.0,,432.0,432.0,432.0
B00BBIAVDG,,357.0,357.0,357.0,357.0
B00BBJIEQG,83.0,,,,83.0
B00BBJV4NQ,165.0,165.0,165.0,165.0,165.0
B00BBJZJUK,,,,265.0,265.0
B00BBK5CRO,,,852.0,,852.0
B00BBMK0RY,1412.0,1412.0,1412.0,1412.0,1412.0
B00BBMPLJQ,,234.0,,,234.0
B00BBMSKE4,611.0,611.0,611.0,611.0,611.0
B00BBMYTQ2,250.0,,250.0,250.0,250.0
B00BBNJ8LC,283.0,,283.0,283.0,283.0
B00BBNP69A,378.0,378.0,378.0,378.0,378.0
B00BBO5VQ2,,,200.0,200.0,200.0
B00BBO926M,500.0,,500.0,500.0,500.0
B00BBOCAFM,,,514.0,514.0,514.0
B00BBU7E70,31.0,,,,
B00BBX38WC,,,,,23.0
B00BC8YKZU,185.0,,185.0,,185.0
B00BCASLI0,61.0,,,,61.0
B00BCI80YM,664.0,664.0,664.0,664.0,664.0
B00BCI82ZO,,,52.0,52.0,
B00BCI9758,,,,72.0,72.0
B00BCIBM88,,,,171.0,171.0
B00BCIBTAO,,,45.0,45.0,45.0
B00BCIE7NU,,258.0,258.0,258.0,258.0
B00BCL308K,,,,,10.0
B00BCL3CDI,,,,6.0,6.0
B00BCN8YAM,,,,1281.0,1281.0
B00BCQ4ADY,238.0,,,,238.0
B00BCR5MU8,,,,,48.0
B00BCR899E,647.0,647.0,647.0,647.0,647.0
B00BCX34YI,,,,82.0,82.0
B00BCX5O3C,,,,75.0,75.0
B00BCX88QM,,29.0,29.0,29.0,
B00BD3N55U,,,,,635.0
B00BD3V87W,,,,,260.0
B00BD4C07S,,,,732.0,
B00BD63ZMU,,,,,772.0
B00BD6QBJY,,,,,30.0
B00BD7SOB6,,630.0,630.0,,630.0
B00BDJ00V6,,,,,4131.0
B00BDJ3HUM,,,,,3.0
B00BDJ57Q4,,,,87.0,87.0
B00BDJLXD0,,,,,67.0
B00BDJMYR4,,,,,370.0
B00BDJUPI4,,,,,13.0
B00BE5D6MY,,,,,1362.0
B00BEDJUQ2,44755.0,,,44755.0,44755.0
B00BEDJXLO,88.0,88.0,88.0,88.0,88.0
B00BEEK5II,2257.0,,,,2257.0
B00BEFPR9Y,,111.0,,,
B00BEG0CX4,,,,,353.0
B00BEIFV24,,,,,22.0
B00BEY4RSW,,,,3.0,
B00BEYLIKW,,,,,13.0
B00BEYLJ6A,,,,,10.0
B00BEYLJKQ,,,,,11.0
B00BEYLK28,,,11.0,,11.0
B00BEYLKTQ,,,,,11.0
B00BEYLMQC,,,,4.0,
B00BEYLNA2,,,,,9.0
B00BEYLNR0,,,,,14.0
B00BEYLPYG,,,,,31.0
B00BEYLQEA,,,,8.0,
B00BEYYM5U,,,,,36.0
B00BEZ3VHY,,245.0,245.0,,245.0
B00BEZ6T7I,104.0,,104.0,104.0,104.0
B00BEZBQMQ,483.0,483.0,483.0,483.0,483.0
B00BEZG1QW,,483.0,483.0,483.0,483.0
B00BEZNBJ2,3116.0,3116.0,3116.0,3116.0,3116.0
B00BF1CN9Y,,,,43.0,
B00BF2UFC0,34.0,,,34.0,34.0
B00BF98G2Y,180.0,,180.0,180.0,180.0
B00BFEF6G8,558.0,558.0,,,558.0
B00BFEF6JK,2888.0,,,2888.0,2888.0
B00BFEF6JU,2888.0,2888.0,2888.0,2888.0,2888.0
B00BFGAVNY,47.0,,,,47.0
B00BFJGJLE,10585.0,10585.0,10585.0,10585.0,10585.0
B00BFJGLL2,748.0,,748.0,748.0,748.0
B00BFJGM5M,22760.0,22760.0,,22760.0,22760.0
B00BFS5TZC,,,,,6.0
B00BFW90VM,,332.0,332.0,332.0,332.0
B00BFW93LE,,,609.0,609.0,609.0
B00BFW95F8,757.0,,,757.0,757.0
B00BFYJPUG,241.0,241.0,,241.0,241.0
B00BG7JFAW,,,,,25.0
B00BG9NBLY,,,,21.0,
B00BGAFV84,,,,9.0,9.0
B00BGAFVDO,,,,,9.0
B00BGAFVEI,,,,2.0,
B00BGAFWXI,,,,,27.0
B00BGAFWYM,,,,,2.0
B00BGAFX28,27.0,,,,
B00BGAFYHC,,,,27.0,
B00BGJ7NGI,80.0,80.0,80.0,80.0,80.0
B00BGR2VX0,160.0,160.0,,,
B00BGSRIBE,2968.0,2968.0,2968.0,,2968.0
B00BH1H39M,58.0,,,,58.0
B00BH3INN0,2524.0,2524.0,2524.0,2524.0,2524.0
B00BH3MWPK,670.0,,670.0,,670.0
B00BH4JB1W,,,13.0,,13.0
B00BH4KHP6,,,,,116.0
B00BH4KOP4,,,,,89.0
B00BH4LQP6,,,,,3298.0
B00BH4OS6U,610.0,610.0,610.0,,610.0
B00BHKPA6Q,,,99.0,,99.0
B00BHVDSGE,,,,,80.0
B00BI8IBU4,38.0,,,,38.0
B00BIGARH6,782.0,782.0,782.0,,782.0
B00BIGB68U,1453.0,1453.0,,1453.0,1453.0
B00BIGBIWE,6572.0,6572.0,6572.0,6572.0,6572.0
B00BILZMZ8,1794.0,1794.0,,1794.0,1794.0
B00BINF47W,,,,,4.0
B00BIO10NS,15221.0,15221.0,,15221.0,15221.0
B00BISJ5OA,7408.0,,,,7408.0
B00BISJEFA,3603.0,,,3603.0,3603.0
B00BIZQK3W,,,,,16.0
B00BJ0QHOS,1621.0,1621.0,,1621.0,1621.0
B00BJ1C6CE,110.0,110.0,110.0,,110.0
B00BJ59CCC,634.0,634.0,634.0,634.0,634.0
B00BJ5HXAA,157.0,,157.0,157.0,157.0
B00BJ5JO0C,,,,,18.0
B00BJ5ZWWG,32.0,,32.0,,32.0
B00BJ6W6FQ,36.0,,36.0,,36.0
B00BJ79VSU,,,48.0,48.0,48.0
B00BJ7AZDK,,,,,13.0
B00BJ7C7KO,124.0,,,124.0,124.0
B00BJ7EWSY,,,59.0,,59.0
B00BJ810OW,23.0,,23.0,23.0,23.0
B00BJ81U1U,,,55.0,55.0,55.0
B00BJ82IO8,31.0,,,31.0,
B00BJ83LFS,,115.0,115.0,115.0,115.0
B00BJ84PH6,,,,19.0,19.0
B00BJ879XS,,,,,5.0
B00BJ9HKG8,,14.0,,,
B00BJ9HZ1I,,,,,3.0
B00BJAFMYO,,,447.0,447.0,447.0
B00BJC4R7A,3961.0,,3961.0,3961.0,3961.0
B00BJF8BEM,,238.0,,238.0,238.0
B00BJF8BHE,,,238.0,238.0,238.0
B00BJN78Q6,,,,77.0,77.0
B00BJSKC3M,,2.0,,,2.0
B00BJSZPVQ,,,,,2.0
B00BJU0HOE,513.0,,,,
B00BJU0X16,,,,,3.0
B00BJU0YH4,,,,,1.0
B00BJU0ZMS,,,,11.0,11.0
B00BJU17AM,,,5.0,5.0,
B00BJWGPMK,,,,,8.0
B00BKDJDE0,,,,412.0,412.0
B00BKRAC3W,,11.0,11.0,,11.0
B00BKRAE44,,,71.0,71.0,71.0
B00BKRAI4U,,,,,20.0
B00BKRAR64,,28.0,,,28.0
B00BKRAUMK,,,,,39.0
B00BKRAW6O,,34.0,,,34.0
B00BKUO8NO,,,85.0,,
B00BKUO8XY,35.0,,,,35.0
B00BLJMAES,655.0,655.0,655.0,655.0,655.0
B00BLMW5BS,80.0,,80.0,80.0,80.0
B00BLNS5YI,,,239.0,,239.0
B00BLNSU8E,,,,,312.0
B00BLNSXSG,92.0,,92.0,,92.0
B00BLNTJ70,341.0,,,,341.0
B00BM1V1PY,114.0,114.0,,,114.0
B00BM1V2U8,71.0,,71.0,71.0,71.0
B00BMCEXLM,,,,189.0,
B00BME83AC,22.0,22.0,,22.0,
B00BMMI1I8,41565.0,,,,
B00BMR1BQC,4175.0,4175.0,4175.0,4175.0,4175.0
B00BMTRL3W,,,,,4.0
B00BN9PABG,,,,,25.0
B00BNAQ5GO,,,,,484.0
B00BNARTCI,539.0,539.0,,539.0,539.0
B00BNBG2RA,,,,1215.0,1215.0
B00BNCOAQO,41.0,,,,
B00BNCXEX4,88.0,88.0,,88.0,88.0
B00BNWQ4TK,,,,,12.0
B00BNZOZUC,,265.0,265.0,,265.0
B00BO5884K,,10.0,,,10.0
B00BO5PTLA,,11.0,,,11.0
B00BO5WNP0,99.0,99.0,99.0,99.0,99.0
B00BOJ990S,,9.0,,9.0,
B00BOJGITI,3148.0,,3148.0,3148.0,3148.0
B00BOJOTLC,,,,,3.0
B00BOJPGGE,23.0,,23.0,23.0,23.0
B00BOJV2I0,,256.0,,,256.0
B00BON8Q3U,,196.0,,,196.0
B00BOYLZOQ,7.0,,,,
B00BP10WY2,8.0,,,,8.0
B00BP3QT92,1237.0,,1237.0,1237.0,1237.0
B00BP7JEAO,9.0,9.0,,,
B00BP8T51Q,30.0,,,,30.0
B00BP8T6PQ,,,,,39.0
B00BPE373M,,133.0,133.0,133.0,133.0
B00BPEUD4S,,441.0,,441.0,441.0
B00BPEUOIS,,,,,7463.0
B00BPJ139C,,,413.0,413.0,413.0
B00BPJ147S,,,,,785.0
B00BPJ14ZK,,,413.0,413.0,413.0
B00BPJ15OK,201.0,,,,
B00BPJ18DS,413.0,,,413.0,413.0
B00BPJ19ZA,413.0,,413.0,413.0,413.0
B00BPJ1AUY,,,,,413.0
B00BPJ1BYE,201.0,,,,
B00BPJ1CTS,,,,,413.0
B00BPL50XA,,,,178.0,
B00BPMIBMQ,,,,,66.0
B00BPMQ3OY,,,,230.0,
B00BPMRXK2,,,,,208.0
B00BPO3OV2,,,,,22.0
B00BPORRX8,120.0,120.0,120.0,120.0,120.0
B00BPPGEF4,,,,,87.0
B00BPPGP58,,,,,2.0
B00BPPH1SI,,,,53.0,53.0
B00BPPK44Q,,,,,1594.0
B00BPPM3XQ,138.0,,138.0,138.0,138.0
B00BPY98D0,37.0,,,37.0,37.0
B00BPYS5FC,,344.0,,344.0,344.0
B00BQ0SBTU,,,,,8.0
B00BQ1819Y,,,,16.0,
B00BQ19N4Q,,,,13.0,13.0
B00BQDJ84Y,,,85.0,85.0,85.0
B00BQE3UYM,,207.0,,,207.0
B00BQK8ZSM,17140.0,,,,17140.0
B00BQK9K6S,,,,1870.0,1870.0
B00BQKB61A,,,13.0,,
B00BQKHPMY,60.0,60.0,,60.0,60.0
B00BQL456C,,,442.0,,
B00BQRHA3G,101.0,,101.0,101.0,101.0
B00BQRIRDS,40.0,,,,
B00BQS07CQ,,,62.0,62.0,62.0
B00BQY40H8,1497.0,1497.0,,1497.0,1497.0
B00BQYE42Y,,,2.0,,
B00BQZAM10,,,,,38.0
B00BR090TY,235.0,235.0,235.0,235.0,235.0
B00BR091WU,153.0,,,153.0,153.0
B00BR0CN6Q,2.0,,,,
B00BR0D82Y,,17.0,17.0,,17.0
B00BR0D8KG,,,,,9.0
B00BR0D8ZQ,,,31.0,,31.0
B00BR0DAG8,,262.0,262.0,262.0,262.0
B00BR1M54A,,,2008.0,2008.0,2008.0
B00BR1M5YK,,,359.0,359.0,359.0
B00BR1VU5U,,,,,481.0
B00BR47OW0,121.0,,,121.0,121.0
B00BR48CIK,,,,33.0,33.0
B00BR48E9M,210.0,,210.0,,210.0
B00BR490AE,,,61.0,61.0,61.0
B00BR4E5BS,,,7.0,,7.0
B00BR4G25K,,923.0,923.0,,923.0
B00BR4IQ36,,,15.0,,
B00BR5ISJC,334.0,,,334.0,334.0
B00BR7BV9Y,2429.0,2429.0,2429.0,2429.0,2429.0
B00BRCAHBC,4.0,,,,
B00BREV1LU,,,,,2.0
B00BRZ4N3C,,,2742.0,,2742.0
B00BS2SLX2,,,,,2581.0
B00BS9Q5B0,43.0,,43.0,,43.0
B00BS9Q5OM,483.0,483.0,483.0,483.0,483.0
B00BS9RC6M,,,,,1.0
B00BS9RO5G,8039.0,8039.0,,8039.0,8039.0
B00BSBW90Y,83.0,83.0,83.0,83.0,83.0
B00BSEWFBE,2419.0,2419.0,2419.0,2419.0,2419.0
B00BSEZ46M,,,133.0,,133.0
B00BSZH6KI,,,20.0,,20.0
B00BTFWS4G,,,,,3.0
B00BTIOZ62,,,,480.0,480.0
B00BTIVE0C,,,,480.0,480.0
B00BTIY454,,,480.0,,480.0
B00BTJ2F68,480.0,,,,480.0
B00BTJ7D4M,480.0,,,480.0,480.0
B00BTJAC2M,,480.0,480.0,480.0,480.0
B00BTKK2HG,,521.0,,,521.0
B00BTKLP3G,,521.0,,,521.0
B00BTKO22M,521.0,521.0,521.0,521.0,521.0
B00BTKQ6JY,,,521.0,,521.0
B00BTKSCDC,,,521.0,,521.0
B00BTKVP0O,,,,,9.0
B00BTLZAPE,,,77.0,,77.0
B00BTM8FY6,,,,17.0,
B00BTMBWHI,,,16.0,,16.0
B00BTMD8GG,,,,,32.0
B00BTMETIC,,,,,10.0
B00BTMMSPI,,,,,7.0
B00BTMZDT6,,51.0,,51.0,51.0
B00BU6MY70,,372.0,372.0,372.0,372.0
B00BU6QHGO,372.0,372.0,372.0,372.0,372.0
B00BU6S90Q,,372.0,372.0,372.0,372.0
B00BU7K3NQ,,,60.0,,
B00BU7OPFI,,,,,59.0
B00BU7VI8K,,59.0,,,
B00BU81FZ0,,,,,236.0
B00BU83FFI,,,,,236.0
B00BU87BZI,,,,,236.0
B00BU8DGTS,236.0,,,,236.0
B00BU8PIE4,,,56.0,,56.0
B00BU8RKHC,,,,,55.0
B00BUATESS,,,,,128.0
B00BUXOK7K,,42.0,,42.0,42.0
B00BVLBOXE,,,,,2338.0
B00BVMA9H0,1675.0,1675.0,1675.0,1675.0,1675.0
B00BVO5I4C,213.0,213.0,213.0,213.0,213.0
B00BVO64HC,,,,,252.0
B00BVO699A,,,,100.0,100.0
B00BVO6WN8,,620.0,620.0,620.0,620.0
B00BVO7QBA,,,,3.0,3.0
B00BVO90BE,,,,402.0,402.0
B00BVO916I,,,,,98.0
B00BVOAA3G,26.0,,,,
B00BVXVIEM,,3.0,,,
B00BW7B7FC,23.0,,,,
B00BWALATM,,629.0,629.0,,629.0
B00BWAN68U,609.0,609.0,609.0,609.0,609.0
B00BWB2ZRW,94.0,,,,94.0
B00BWBS8N2,,476.0,,476.0,476.0
B00BWEBCSM,370.0,,370.0,,370.0
B00BWECOPC,,,11.0,,11.0
B00BWEDP3M,11.0,11.0,,,11.0
B00BWHWJMM,,,,,32.0
B00BWTR03S,,,,,50.0
B00BWUGUOW,391.0,391.0,,,391.0
B00BWUTRI8,163.0,163.0,163.0,163.0,163.0
B00BWV5N8K,,,96.0,,
B00BWV5N8U,,,,94.0,
B00BWV5N94,,57.0,,,57.0
B00BWV5N9E,,,,,94.0
B00BWV5N9Y,,38.0,,,38.0
B00BWV5NAI,,,,,95.0
B00BWV5NBC,,,,,94.0
B00BWV5NBW,94.0,,,94.0,94.0
B00BWV5ND0,34.0,,,34.0,34.0
B00BX2ZOR8,22760.0,,22760.0,22760.0,22760.0
B00BX578BA,,,,,1.0
B00BXID1EA,,,,,32.0
B00BXIUQ02,,,,,6.0
B00BXIWOIO,,,112.0,112.0,112.0
B00BXJ6RYU,,,134.0,,134.0
B00BXKQC12,,,,,1.0
B00BXKYNPY,2968.0,2968.0,2968.0,,2968.0
B00BXL10Y0,1049.0,1049.0,1049.0,1049.0,1049.0
B00BXNZ5T4,,83.0,,,
B00BXO0PWA,412.0,,412.0,412.0,412.0
B00BXTTGAM,,15.0,,,15.0
B00BY3REYM,167.0,,,,167.0
B00BY5A4W4,,,,,11.0
B00BY5A5HS,,,,10.0,
B00BYAVMS4,,124.0,,,124.0
B00BYC8HCG,,170.0,170.0,170.0,170.0
B00BYCMONY,,,,,5.0
B00BYFV45A,1797.0,1797.0,1797.0,1797.0,1797.0
B00BYH78SK,,16.0,,,
B00BYXT0R6,527.0,527.0,527.0,527.0,527.0
B00BZB1B1U,,,,,485.0
B00BZB1QZG,,,,,2212.0
B00BZIQXGG,1412.0,,,1412.0,1412.0
B00C044D52,,,,,88.0
B00C0AD6MC,,,1.0,,
B00C0AD6WC,,,,,1.0
B00C1ARW8U,,,,,191.0
B00C1BZC8G,,,18.0,,
B00C1C0PY6,,,,5.0,
B00C1C0ZO6,26.0,,,,
B00C1C1JJG,,,7.0,,
B00C1C1JKK,,4.0,,,4.0
B00C1CMVAM,169.0,,,169.0,169.0
B00C1FBNF8,,16.0,,,
B00C1G44Q2,1370.0,,1370.0,1370.0,1370.0
B00C1GWT6O,,,,,15.0
B00C1KRY1K,,,,,13.0
B00C1KVZ8I,12.0,,,,
B00C1NTQ18,319.0,,319.0,,319.0
B00C1NUR6Q,486.0,,,,486.0
B00C1RWL16,349.0,349.0,,349.0,349.0
B00C1S7JJO,,,,,61.0
B00C1SZJGY,,,,43.0,
B00C1SZJXM,,,,,51.0
B00C1SZL5S,34.0,,34.0,34.0,34.0
B00C1X8K4W,,,,,11.0
B00C1YMVRI,99.0,99.0,,,99.0
B00C1YMWCW,,,,,43.0
B00C1YMWWW,,,,114.0,114.0
B00C26ORM2,,,,,1.0
B00C2F61KY,831.0,831.0,831.0,,831.0
B00C2FGEQA,130.0,,,,
B00C2K7RUM,,424.0,,,
B00C2MN4VG,,,66.0,66.0,66.0
B00C2NFSAU,,,,116.0,116.0
B00C2U6J6A,,,625.0,,625.0
B00C2U7Z5E,437.0,,437.0,437.0,437.0
B00C2UZJX4,,,188.0,188.0,188.0
B00C2XGY4Y,,,,7918.0,7918.0
B00C32AD28,,,,,29.0
B00C32P918,212.0,,,,212.0
B00C3359AI,780.0,,,,780.0
B00C3GQGMU,,,,,34.0
B00C3GQGVG,,,,,12.0
B00C3HQB9C,7534.0,7534.0,7534.0,7534.0,7534.0
B00C3IFVHE,1120.0,,1120.0,1120.0,1120.0
B00C3LY17M,,,,46.0,
B00C3M4BJO,,,,78.0,78.0
B00C3MLWW8,,,,,22.0
B00C3PB8LU,339.0,339.0,339.0,339.0,339.0
B00C3WR704,,,,,14.0
B00C3YDGA2,,,,,43.0
B00C434FBQ,,,,,2.0
B00C4PIN8K,,82.0,,,82.0
B00C4PIOZ2,432.0,432.0,432.0,432.0,432.0
B00C4UZKLS,,,30.0,,30.0
B00C4VPH0G,7918.0,7918.0,,7918.0,7918.0
B00C4XKB6O,,,,,8.0
B00C4XS8OQ,,,,,8.0
B00C4YCIMI,,,,351.0,351.0
B00C4YH8LE,,,,,17.0
B00C4ZAAMW,,,,299.0,
B00C5GVI26,,2.0,,,
B00C5WZGDC,,,,,4.0
B00C5X31OW,,,,,8.0
B00C662PG8,,515.0,,,515.0
B00C662PKE,,,,,515.0
B00C662PKO,,,515.0,,515.0
B00C662PL8,,515.0,,515.0,515.0
B00C662QO4,41.0,,,41.0,41.0
B00C662QP8,834.0,834.0,834.0,,834.0
B00C662QQM,,515.0,,515.0,
B00C662SFG,834.0,,,,834.0
B00C662SG0,,,834.0,,
B00C662SIS,,,,,834.0
B00C662TQ4,834.0,,,,834.0
B00C662TQY,,834.0,,,834.0
B00C662TVO,834.0,,,834.0,834.0
B00C662TWI,,,,,834.0
B00C662V76,553.0,553.0,553.0,553.0,553.0
B00C662V7Q,,703.0,703.0,,703.0
B00C662V94,834.0,,,,
B00C662YAU,553.0,,,553.0,553.0
B00C662YMI,703.0,703.0,703.0,703.0,703.0
B00C66358K,,,,,50.0
B00C663AI0,,,,,312.0
B00C663AQW,312.0,312.0,,,312.0
B00C663C7E,,,,,312.0
B00C663C92,,,312.0,,312.0
B00C663DVY,,,312.0,,312.0
B00C663FEE,,312.0,,,
B00C663FQC,,,,,312.0
B00C663H60,95.0,,,,
B00C663HCO,,,,,25.0
B00C663HFQ,,,,95.0,95.0
B00C663LJ8,,,,,95.0
B00C663MVA,,,,,95.0
B00C663MWO,,95.0,,,95.0
B00C663N28,,,,,25.0
B00C663RSI,,,,,66.0
B00C663T9A,66.0,,,,
B00C663TC2,,,49.0,,49.0
B00C663TE0,,66.0,,,
B00C663USU,,,,,235.0
B00C663UVM,,,,,235.0
B00C663V0W,,,235.0,235.0,
B00C663WJM,235.0,,,,235.0
B00C6640SY,,,16.0,,
B00C6642XM,,,,,4.0
B00C664ESK,,,30.0,,30.0
B00C69IJM4,,,,,34.0
B00C6HLI9C,10.0,,,10.0,10.0
B00C6NR0M0,214.0,214.0,214.0,214.0,214.0
B00C6V1D0C,,,,,104.0
B00C6XV2G0,9421.0,,9421.0,9421.0,9421.0
B00C75CUQ8,,,,,52.0
B00C76ZGU4,799.0,,799.0,799.0,799.0
B00C78UQ84,,,,,190.0
B00C7E6NIA,,,,,85.0
B00C7JQ2FY,,,,,1.0
B00C7QH98Q,,,,,2337.0
B00C7VZ8DY,,,373.0,373.0,373.0
B00C7WAP5Y,,,28.0,28.0,28.0
B00C8FVXQA,4985.0,4985.0,4985.0,4985.0,4985.0
B00C8FVY3M,5131.0,5131.0,5131.0,5131.0,5131.0
B00C8FVYO6,,,,,3110.0
B00C8FVZZY,12903.0,12903.0,12903.0,12903.0,12903.0
B00C8FYPMO,,,,,106.0
B00C8TN43Q,,,,,9.0
B00C9B7FQU,7918.0,,,,
B00C9B7GNC,,,,,7918.0
B00C9B7HLS,,,,,7918.0
B00C9B7KPQ,7918.0,,,7918.0,7918.0
B00C9B7LNC,7918.0,,,,7918.0
B00C9B7OXY,,,,,7918.0
B00C9B7SVC,7918.0,,7918.0,,7918.0
B00C9B7VGE,,,7918.0,,7918.0
B00C9B7X7G,,,7918.0,7918.0,7918.0
B00C9B804Q,7918.0,,7918.0,,7918.0
B00C9B82SU,,,,7918.0,7918.0
B00C9B856O,7918.0,7918.0,7918.0,7918.0,7918.0
B00C9B865O,,,,,7918.0
B00C9E0HPS,,,,196.0,196.0
B00C9E7U08,,,,,895.0
B00C9O4EHA,556.0,556.0,556.0,556.0,556.0
B00C9O4EQ6,688.0,688.0,688.0,688.0,688.0
B00C9O4K9M,,,,6.0,
B00CA0BMSW,125.0,,,,125.0
B00CA6XUPY,,,,7.0,
B00CAA1JGC,25.0,,,25.0,25.0
B00CAA4DVK,,,,58.0,58.0
B00CAAJ8HY,,,,,15.0
B00CAAMHCW,,,,,15.0
B00CAB07P0,,,,,39.0
B00CAB4KGW,,,,20.0,20.0
B00CAB640W,23.0,,,,23.0
B00CAPWLW8,74.0,,74.0,,74.0
B00CAPZEJK,,,7918.0,,7918.0
B00CATW2IW,133.0,,133.0,133.0,133.0
B00CAZYWEI,,,,,249.0
B00CAZZN7S,82.0,,,82.0,82.0
B00CB6DT0E,,,,,54.0
B00CB6G0GY,165.0,,,,165.0
B00CB6L8FC,,,,,230.0
B00CB6XOY0,,,2.0,,
B00CB6XQ6Q,,18.0,18.0,,
B00CB6XQGQ,,,,,9.0
B00CB6Z63W,86.0,,,86.0,86.0
B00CB7N65G,79.0,79.0,,,79.0
B00CB87BQ0,1890.0,1890.0,1890.0,1890.0,1890.0
B00CBDHQM4,86.0,86.0,86.0,86.0,86.0
B00CBJ3QYA,7918.0,,7918.0,,
B00CBK3N74,48.0,48.0,48.0,48.0,48.0
B00CBKIH3Y,,,,,576.0
B00CBKOP1M,643.0,643.0,643.0,643.0,643.0
B00CBLC6PI,256.0,,256.0,,256.0
B00CBLNQXO,1600.0,1600.0,1600.0,1600.0,1600.0
B00CBMDZ4S,,,,,13.0
B00CBVJHYQ,,,,2535.0,2535.0
B00CBVJI6I,2535.0,2535.0,,2535.0,2535.0
B00CBWJ3UI,281.0,281.0,281.0,281.0,281.0
B00CBXZ9A0,,,,,5.0
B00CBYP0RQ,,,,265.0,265.0
B00CC1BC5W,1077.0,,,,1077.0
B00CC2M0VG,,,,,39.0
B00CC2M19C,,,,,7.0
B00CC2MRWI,2532.0,,2532.0,2532.0,2532.0
B00CCCQ2I8,,,39.0,39.0,39.0
B00CD8GH4K,,,,,1194.0
B00CD8IM1G,,,,,613.0
B00CDD4VFC,,,,121.0,121.0
B00CDEFUN8,,,,,3285.0
B00CDMQV4C,,,50.0,50.0,50.0
B00CDN7T9M,179.0,,,179.0,179.0
B00CDXOTYK,,,,,450.0
B00CDXPZWU,,,,,102.0
B00CDXSCR0,,,,,136.0
B00CEGMY34,,,,,2.0
B00CEGMZAG,,,,,2.0
B00CEGN2H6,,,,2.0,2.0
B00CEK10Q2,7535.0,7535.0,7535.0,7535.0,7535.0
B00CEK19GI,,2867.0,,2867.0,2867.0
B00CEKG328,4.0,,,,
B00CEKG7SS,,,,,6.0
B00CEL2YD4,140.0,,140.0,,140.0
B00CEQX9JW,,86.0,,86.0,86.0
B00CEX66BI,,,,,45.0
B00CEX67JO,,,,94.0,94.0
B00CF6LL2I,21.0,,,,
B00CF867I4,,,,30.0,30.0
B00CF8694Q,,5.0,,,
B00CFBOBK2,,,,,156.0
B00CFCDLM0,,,,,450.0
B00CFCR2QQ,,,,,76.0
B00CFD6HGQ,,,,,35.0
B00CFDOOXE,,,,,638.0
B00CFHYYIA,12253.0,12253.0,12253.0,12253.0,12253.0
B00CFM5VGY,1135.0,,1135.0,1135.0,1135.0
B00CFSNCAA,,,,158.0,158.0
B00CG6DP7Q,,,,,7.0
B00CG8GYHW,,,25.0,,
B00CGPJXT6,5327.0,5327.0,5327.0,5327.0,5327.0
B00CGPM6VS,3076.0,,,3076.0,3076.0
B00CGPPAIE,6794.0,6794.0,6794.0,6794.0,6794.0
B00CGPVJUC,130.0,130.0,130.0,130.0,130.0
B00CH3OIQA,,,,,12.0
B00CH3OK8G,,,,,219.0
B00CH3P60C,,8.0,,,8.0
B00CH6OCUY,103.0,103.0,103.0,103.0,103.0
B00CH6RTVS,,,,4.0,
B00CH6Z8U2,,,124.0,,124.0
B00CHCTHT4,,,,,146.0
B00CHFIKAI,,,,,267.0
B00CHLDA1G,6239.0,,6239.0,6239.0,6239.0
B00CHR3HIG,,,,,8.0
B00CHWQOEA,39.0,,,,39.0
B00CHWQOY0,,,,43.0,43.0
B00CHWQQ3O,,,,,23.0
B00CHWQSI2,,62.0,,,62.0
B00CHWQTF4,287.0,287.0,287.0,287.0,287.0
B00CHWQU6W,,,,,49.0
B00CHWQUWQ,85.0,,85.0,,
B00CI6PC3E,,,,,53.0
B00CICC62S,,,,,10.0
B00CICGDZO,,,59.0,,59.0
B00CICTI4M,,,,,66.0
B00CICTXLA,,,155.0,,155.0
B00CIPOH3G,368.0,,,368.0,368.0
B00CIX4FTO,,,28.0,28.0,28.0
B00CIXDUZE,,,,58.0,
B00CJ2LSEO,83.0,,,83.0,83.0
B00CJ2UOLM,54.0,,54.0,,54.0
B00CJ4RKUI,,339.0,,,339.0
B00CJ6SNPC,,,,,15.0
B00CJFQ3XW,351.0,351.0,,351.0,351.0
B00CJFQYYK,,,,351.0,351.0
B00CJFRR96,,,,351.0,351.0
B00CJHCGJK,,,,,483.0
B00CJHIMPW,95.0,,,,95.0
B00CJJ0IYS,92.0,,,92.0,92.0
B00CJQC6B4,34.0,,,,
B00CJQCQXC,,,,,15.0
B00CJQCUFG,,,,,36.0
B00CJQCUGA,,,,15.0,15.0
B00CJQD4MY,,,,,2.0
B00CJQDFTG,,,,,2.0
B00CJQDFWS,,,,,14.0
B00CJQDSDE,,,,,5.0
B00CJQDWOY,,,,,3.0
B00CJQDWPS,,,,,19.0
B00CJQEZHM,395.0,,,,
B00CJQFEPE,,,,,5.0
B00CJQFPIU,,,,,2.0
B00CJQFUU8,,,,,4.0
B00CJTX7E6,446.0,,,446.0,446.0
B00CK1XOJQ,,2822.0,2822.0,2822.0,2822.0
B00CK23XPK,3117.0,3117.0,3117.0,3117.0,3117.0
B00CK2IA3K,7917.0,7917.0,7917.0,7917.0,7917.0
B00CKX72MY,,,,,212.0
B00CLBO0RA,,,,,277.0
B00CLIC7E6,11594.0,11594.0,11594.0,11594.0,11594.0
B00CLID3WG,2522.0,,,2522.0,2522.0
B00CLLA5HY,,,,,44.0
B00CLVCGM6,,,3.0,,
B00CM8SM3U,93.0,93.0,93.0,93.0,93.0
B00CMC3IM6,,29.0,29.0,29.0,29.0
B00CMJBTK2,,,,,3.0
B00CMJBU56,,,,,4.0
B00CMJC5MS,3.0,,,,3.0
B00CMJCEA6,7.0,,,,
B00CMJCO1K,,,,20.0,
B00CMJCOII,,,5.0,,
B00CMJCP14,15.0,,,,
B00CMMYEGA,19.0,,,,
B00CMMYEGK,,186.0,186.0,186.0,186.0
B00CMMYFX2,,,,,13.0
B00CMMYFYG,,,,,1066.0
B00CMMYG0E,,1066.0,1066.0,1066.0,1066.0
B00CMMYG0O,,,,,21.0
B00CMMYHBM,,,,63.0,63.0
B00CMMYHD0,,,,,30.0
B00CMUE994,,,,340.0,
B00CMVAKDW,,,,,79.0
B00CNDGOES,,7.0,,,
B00CNE2GOO,6561.0,6561.0,6561.0,6561.0,6561.0
B00CNE4IT0,,,10.0,,
B00CNE54KW,,,,,20.0
B00CNE5WCC,,,,,249.0
B00CNE6FDC,27.0,,,,27.0
B00CNE6TFG,462.0,,,462.0,462.0
B00CNE8CQ0,,,298.0,,298.0
B00CNE8XQ4,249.0,,249.0,249.0,249.0
B00CNEADZ8,249.0,249.0,,249.0,249.0
B00CNEBADM,,249.0,,,249.0
B00CNEBSKM,,,88.0,88.0,88.0
B00CNECA68,,19.0,,,
B00CNECVXK,,,,249.0,249.0
B00CNEE63S,,,,249.0,249.0
B00CNEEPO8,,,46.0,,46.0
B00CNEEZDE,249.0,249.0,249.0,249.0,249.0
B00CNEFB4Q,249.0,249.0,,249.0,249.0
B00CNFC79C,,,249.0,249.0,249.0
B00CNFCOCM,,249.0,,249.0,249.0
B00CNFD16K,,,18.0,,
B00CNFDRIW,31.0,,,31.0,31.0
B00CNFE7S6,,,,,112.0
B00CNFEMD6,,,,54.0,54.0
B00CNFFX4S,249.0,249.0,249.0,249.0,249.0
B00CNFGVBC,249.0,,,,
B00CNFH6AM,249.0,249.0,249.0,249.0,249.0
B00CNFHSDC,249.0,,,,249.0
B00CNFI8YU,249.0,,249.0,249.0,249.0
B00CNFJIVC,336.0,,,,336.0
B00CNFJQBY,,,,,249.0
B00CNFYRCC,249.0,249.0,249.0,249.0,249.0
B00CNFZ9ZQ,,,,,249.0
B00CNFZPFA,,,,,298.0
B00CNFZZYQ,,,,,57.0
B00CNG0824,,,,12.0,
B00CNG0PPY,,,,,54.0
B00CNG1EP4,,,249.0,249.0,249.0
B00CNG1T6S,,249.0,,249.0,249.0
B00CNG2MGY,,249.0,249.0,249.0,249.0
B00CNG32C2,249.0,,249.0,249.0,249.0
B00CNG3FMY,,,,,249.0
B00CNG4MCQ,249.0,,,249.0,249.0
B00CNG68J6,112.0,112.0,112.0,,112.0
B00CNG7BFQ,15.0,,,,15.0
B00CNJ1NXY,,,,,189.0
B00CNSUYCQ,,,36.0,,36.0
B00CO1O3SI,,,147.0,,
B00CO1OJ9Q,,1469.0,,1469.0,1469.0
B00CO9NV42,,,128.0,128.0,128.0
B00COKI2IG,,,,,27.0
B00COQBNJA,,,,,9.0
B00CORLXSU,,,,,1870.0
B00COTYZ06,198.0,,,,
B00COU94XS,274.0,,274.0,,274.0
B00COUPEGO,,,,,79.0
B00COUT0IM,12.0,,,,
B00COV6UNO,,,,12.0,12.0
B00COVA1F2,20.0,,,,
B00CP1J9Z4,,,,,43.0
B00CP7G1WC,,,,,513.0
B00CP7G2QW,,,,513.0,513.0
B00CP7GYFQ,,,,,66.0
B00CPNK2WQ,2.0,,,,
B00CPNK4VK,,,,12.0,
B00CQ4DYP6,192.0,,,,192.0
B00CQ68MQ0,,,,473.0,473.0
B00CQNM4KI,56.0,,56.0,56.0,56.0
B00CQNPHCA,,,2.0,,
B00CQNUU5O,,,,,15.0
B00CQNV05I,705.0,,705.0,705.0,705.0
B00CSBFJDW,,,,,41.0
B00CSBHXYA,,,,,8.0
B00CSCD4F6,,,,,5.0
B00CSN0ZJI,1065.0,,,,1065.0
B00CSVCI5E,,,36.0,,36.0
B00CSWX7VW,,,,52.0,
B00CSY9KAW,668.0,668.0,,668.0,668.0
B00CSY9LQA,,,24.0,,24.0
B00CSYHDNI,,226.0,226.0,226.0,226.0
B00CSYHELE,,,,7.0,7.0
B00CTEUFTG,8.0,,,,
B00CTS82YW,2235.0,2235.0,2235.0,2235.0,2235.0
B00CTSAZXS,,30.0,,,30.0
B00CTSBNT8,,,,,51.0
B00CU4ZY8M,,,,,3.0
B00CU51S0O,142.0,,,142.0,142.0
B00CU51SRW,50.0,,50.0,50.0,50.0
B00CU744L2,14.0,,,,
B00CUBJY3Q,,4717.0,,,4717.0
B00CUBK2K0,4717.0,4717.0,4717.0,4717.0,4717.0
B00CUBK3DG,,,4717.0,,4717.0
B00CUBK71Y,,,,,4717.0
B00CUF51XO,,,35.0,35.0,35.0
B00CV2N2RI,,,167.0,167.0,
B00CVELGME,291.0,291.0,,,291.0
B00CVGOLUG,,,,,2.0
B00CVTJO4Q,,,,,76.0
B00CVTU0NK,,,,68.0,68.0
B00CVVA81C,25.0,,25.0,,25.0
B00CWCY9MY,,,,,39.0
B00CWE7PBY,108.0,,108.0,,108.0
B00CWE7Q7C,445.0,445.0,445.0,445.0,445.0
B00CWVGWPW,1247.0,,1247.0,1247.0,1247.0
B00CXC4T9G,61.0,61.0,,61.0,61.0
B00CXS41U2,,120.0,,,120.0
B00CXS42TC,,,84.0,,
B00CY1JC8Y,,6.0,,,6.0
B00CY9XW96,272.0,,,272.0,272.0
B00CYA1PBM,1764.0,,,1764.0,1764.0
B00CYA1TEU,,,,,595.0
B00CYA72YQ,,,,,473.0
B00CYHM3Y8,252.0,,252.0,252.0,252.0
B00CYHM7NU,276.0,276.0,276.0,,276.0
B00CYSI6ZC,,,31.0,31.0,31.0
B00CZAEUEA,,,,175.0,175.0
B00CZBSZ0E,,,,170.0,170.0
B00CZCAAWY,,,256.0,256.0,256.0
B00CZCABA0,,256.0,256.0,,256.0
B00CZCAE0M,,,5222.0,,5222.0
B00CZCAEL6,5222.0,,,5222.0,5222.0
B00CZED9KC,,134.0,,,
B00CZEDDKS,,,,,439.0
B00CZFA1HU,,,605.0,,605.0
B00D09EVJY,,,,86.0,86.0
B00D0K14QG,96.0,96.0,96.0,96.0,96.0
B00D0NKEFK,,,,,824.0
B00D0NKL58,174.0,174.0,174.0,174.0,174.0
B00D0NL166,,,,,4.0
B00D0NLLVG,,,,,249.0
B00D0NNR6S,,,,,249.0
B00D0SBDXM,,,,,5.0
B00D0UE0B2,,,,,3.0
B00D0UE1XE,,,,7272.0,
B00D0UE2AQ,,,,,13.0
B00D0UEH2O,,,7272.0,7272.0,7272.0
B00D0UEHCY,,,,1202.0,1202.0
B00D0UEHLU,,,,,2319.0
B00D0UGMDQ,,,,,7.0
B00D0UGWNG,,,,247.0,247.0
B00D10IR1K,,9457.0,9457.0,9457.0,9457.0
B00D10IR4C,,,9457.0,9457.0,9457.0
B00D13HSR6,,2720.0,,2720.0,2720.0
B00D13IM8U,632.0,632.0,632.0,632.0,632.0
B00D14G3F8,,,,,1194.0
B00D14G54M,523.0,,,,523.0
B00D1L1WNY,,,,23.0,23.0
B00D1X72D6,233.0,233.0,,233.0,233.0
B00D23G1DW,,152.0,,152.0,152.0
B00D2GT02S,,3701.0,3701.0,3701.0,3701.0
B00D2XJ2RO,29.0,29.0,,,29.0
B00D3HQBLY,,,290.0,,290.0
B00D3HZ1NI,,440.0,440.0,440.0,440.0
B00D3K4YOC,,,,,28.0
B00D3M0V4C,,,83.0,83.0,83.0
B00D3M0W5A,,,40.0,,40.0
B00D3M0XYU,,,,,11.0
B00D3RNV8K,,,,,169.0
B00D3RNX1K,,,,,79.0
B00D3VCH1S,,,,,54.0
B00D486WDE,,,,,19.0
B00D48FLI6,26.0,,26.0,26.0,
B00D49YPDC,,,,,189.0
B00D5073ZC,,,,501.0,501.0
B00D58IVT6,,,,19.0,19.0
B00D58LIL4,,,,193.0,193.0
B00D58NZ6A,,,,,48.0
B00D58OPCS,,,,,26.0
B00D58RD5O,,,,,2.0
B00D58RWPU,,,1436.0,1436.0,1436.0
B00D58YO6A,702.0,,,,
B00D64KJA8,1525.0,1525.0,1525.0,1525.0,1525.0
B00D6H6TAE,,644.0,644.0,644.0,644.0
B00D6IY3TM,,,,,48.0
B00D6V6TTG,32.0,,,32.0,32.0
B00D74IH92,189.0,,189.0,189.0,189.0
B00D74IHLA,,,,,140.0
B00D74IKGM,,,,,17.0
B00D74IKIU,,,13.0,13.0,13.0
B00D74ILYS,,,,,41.0
B00D74IM0G,,,,41.0,
B00D74IM2Y,,,,41.0,41.0
B00D74IOPO,,,,41.0,41.0
B00D75UA2I,513.0,513.0,,,513.0
B00D7BGTV8,,,1066.0,,1066.0
B00D7GTY9C,,,,,8.0
B00D7IMDZM,248.0,248.0,,248.0,248.0
B00D7MI5Y6,,,2.0,,
B00D86VMVO,,,,115.0,115.0
B00D86VN2C,,,115.0,,115.0
B00D86VPDE,,23.0,,23.0,23.0
B00D86VPGQ,,,,,5.0
B00D86VPN4,25.0,,,,25.0
B00D86VSAE,6.0,,,,
B00D86VSK4,,3.0,,,3.0
B00D8GVIZO,,,,,62.0
B00D8GXIR0,,,402.0,,402.0
B00D8JFJA6,,,,,3.0
B00D8JFT7O,,,26.0,,
B00D8KLZVW,355.0,,355.0,355.0,355.0
B00D8KSTGQ,,,,1.0,
B00D8PKFKO,,,,,163.0
B00D8PNU1K,2888.0,2888.0,2888.0,2888.0,2888.0
B00D92A2S6,,,,,3.0
B00D94SUHO,,,,49.0,49.0
B00D97UJFC,,,,,3.0
B00D97V3XO,,,,,2.0
B00D9I9WU4,91.0,91.0,91.0,91.0,91.0
B00DATQR1O,,,,,8.0
B00DATT4M8,,,,,1.0
B00DATYE28,,,161.0,161.0,161.0
B00DAUTSRS,,,,11.0,11.0
B00DAWF20S,,,,8.0,8.0
B00DAX2NPY,,,,,513.0
B00DAX5KB8,,,,,513.0
B00DAX81YG,,513.0,,513.0,513.0
B00DB7OHOY,,,,,62.0
B00DBFF36W,12.0,,,,
B00DBFF41G,,,,,22.0
B00DBFF5YW,,,,23.0,
B00DBFF86C,,,,,64.0
B00DBFF8T4,,,34.0,,
B00DBFFEMU,,,,,46.0
B00DBFFF60,173.0,173.0,,173.0,173.0
B00DBFFFRO,,,,,12.0
B00DBFFH5E,,,61.0,,61.0
B00DBFFIAS,,134.0,134.0,134.0,134.0
B00DC3EX9Q,,213.0,,,213.0
B00DC5JTCU,,21.0,21.0,21.0,21.0
B00DC70D0K,,,,,199.0
B00DC79GNU,154.0,,154.0,154.0,154.0
B00DCBZAPO,,,,,6.0
B00DCC70SS,983.0,,983.0,,983.0
B00DCDXPLS,,,,,75.0
B00DCECFZ4,,,238.0,238.0,238.0
B00DDB7ON4,,,,,2.0
B00DDBH7M2,66.0,66.0,,,66.0
B00DDOE0E2,,,,1882.0,1882.0
B00DDWDVGC,,70.0,,,70.0
B00DDXUZ2Y,,,26892.0,,26892.0
B00DE6YYQS,,,,1049.0,1049.0
B00DEHRV12,,,,,1091.0
B00DEP7R0E,,71.0,,71.0,71.0
B00DERV2BM,49.0,,49.0,49.0,49.0
B00DERV59Q,9.0,,,9.0,9.0
B00DF2O984,,,,,60.0
B00DFV17YO,160.0,,,,160.0
B00DFXP5TA,,,,,16.0
B00DFXP6VC,,,,,21.0
B00DG04M6Y,,,,30.0,30.0
B00DG0AXKI,2517.0,,2517.0,2517.0,2517.0
B00DG8WNYO,,,,,515.0
B00DGBHJLI,,,,206.0,206.0
B00DGEABVU,,,,,9.0
B00DHGB2LU,,,,,5.0
B00DHGB47C,,,,,6.0
B00DHGC9EY,,,,78.0,78.0
B00DHGE7A8,,,,,27.0
B00DHGE89I,27.0,,,,
B00DHGE8KW,,,,,27.0
B00DHGE9HY,,,,,22.0
B00DHKFWXK,,,,39.0,
B00DHO1EOC,662.0,,662.0,662.0,662.0
B00DHO7X8S,48.0,,48.0,48.0,48.0
B00DHODQJS,91.0,91.0,91.0,91.0,91.0
B00DHONW8I,329.0,329.0,,,329.0
B00DHOROQ4,593.0,593.0,593.0,593.0,593.0
B00DHTF0CE,,,,,104.0
B00DIEGVPI,,60.0,,,
B00DIGCFJW,,,,,972.0
B00DJ56TE4,,,,,1349.0
B00DJG6L8M,,,,,263.0
B00DJRFH5O,,,48.0,,
B00DJSXWBE,1102.0,1102.0,,1102.0,1102.0
B00DKFQUHE,,,,,1568.0
B00DKFR5QO,,,,83.0,83.0
B00DKMX3RW,,,,2533.0,2533.0
B00DKMY1UK,6247.0,,,6247.0,6247.0
B00DKMY8JY,,3237.0,3237.0,3237.0,3237.0
B00DL5DAUI,,,,3.0,3.0
B00DLGPQK4,,266.0,266.0,,266.0
B00DLJ7LJA,,,,,3273.0
B00DLNRFQU,,,,35.0,35.0
B00DLNTFE0,,,,412.0,412.0
B00DLOBVMI,,,,1748.0,1748.0
B00DLOC9V0,,,249.0,249.0,249.0
B00DLODG3A,,,481.0,,481.0
B00DLQPJG0,,412.0,,412.0,412.0
B00DM80DJK,,,,20.0,
B00DMCH3HG,975.0,,975.0,,975.0
B00DMMYJLY,22760.0,,22760.0,,22760.0
B00DMPYWEK,29888.0,,29888.0,29888.0,29888.0
B00DN76T48,,,,,12.0
B00DN9WSIC,,,253.0,,
B00DNA01VW,,,,,253.0
B00DNGDH62,,45.0,45.0,,45.0
B00DNO1194,,,,12.0,12.0
B00DNVPLXY,,,,,351.0
B00DODYM18,,,,,99.0
B00DOJAZEU,1557.0,1557.0,1557.0,1557.0,1557.0
B00DP0NBDU,,,,4.0,
B00DP38ZDS,,,16.0,,16.0
B00DP3DJX4,3653.0,3653.0,3653.0,3653.0,3653.0
B00DP4K3OG,,,331.0,331.0,331.0
B00DP5TXYQ,,15.0,15.0,,15.0
B00DP64TLM,,,,63.0,63.0
B00DPIHLU6,91.0,91.0,,,91.0
B00DPISCQS,,38.0,,38.0,38.0
B00DPPRD5M,9227.0,9227.0,9227.0,9227.0,9227.0
B00DPZP0BG,,,,,18.0
B00DQ9VTL6,,169.0,,,169.0
B00DQCGGKM,,,486.0,486.0,486.0
B00DQDSJ5Q,,,,8.0,8.0
B00DQDWWD6,10.0,,,,10.0
B00DQERTEM,17.0,,,,17.0
B00DQEVNV2,,,,,23.0
B00DQF0YUC,,,,,26.0
B00DQL8VS8,,,19.0,,19.0
B00DQLDIAE,,210.0,210.0,210.0,
B00DQLFYAG,,,16.0,,16.0
B00DQPRMSE,,,41.0,,41.0
B00DQQJAWO,,,,,125.0
B00DQUPBAA,19.0,,19.0,19.0,
B00DQYSVI0,,,,,65.0
B00DQYSXCY,,42.0,,42.0,42.0
B00DQYT3D2,,,65.0,,
B00DQYWOIS,,,,,1.0
B00DQYXMSY,,5.0,,,5.0
B00DQZ2DRE,,,,,34.0
B00DQZ2GLM,,,,,34.0
B00DQZ2O7S,,,,,34.0
B00DQZ2PQS,,,,34.0,34.0
B00DQZ2XKQ,4.0,,4.0,,
B00DQZ3CKQ,,,,,8.0
B00DQZ3EZY,3.0,,,,3.0
B00DQZ3JG8,,,,,10.0
B00DQZ6O92,39.0,,39.0,39.0,39.0
B00DQZ6PCS,,39.0,,39.0,39.0
B00DQZ6QTA,,,,,11.0
B00DQZ6SJI,,,,,1.0
B00DQZPXWQ,,,,,1.0
B00DQZQ582,,,,,4.0
B00DR6KEK0,,3836.0,,,3836.0
B00DRI0EM6,,,,,22.0
B00DRLPLVW,,,,,498.0
B00DRU7KQ2,,,,19.0,
B00DS60NOG,1196.0,,,1196.0,1196.0
B00DSDH3QK,,,,,58.0
B00DSQMUX8,,,,595.0,595.0
B00DSQMWR2,481.0,,481.0,,481.0
B00DSQZL9I,4528.0,4528.0,4528.0,4528.0,4528.0
B00DSTUVI6,383.0,,,,383.0
B00DSUQCG0,,,,,12.0
B00DT5H2I6,,,,,15.0
B00DT5PEXG,,,11.0,11.0,11.0
B00DT5VBGK,14.0,,14.0,14.0,14.0
B00DT5WIG2,,,13.0,,13.0
B00DTELJX6,231.0,231.0,,231.0,231.0
B00DTHJTYY,,,,22.0,
B00DTHJU8Y,,,134.0,,134.0
B00DTHJV2E,,,,94.0,94.0
B00DTHJVQA,,,,17.0,17.0
B00DTHJW64,,,,,39.0
B00DTHJWD2,,,469.0,469.0,469.0
B00DTHJXLS,,,52.0,52.0,52.0
B00DTPZZ5S,,,633.0,,633.0
B00DTQ06II,,471.0,471.0,471.0,471.0
B00DTQ14A2,,,,,1817.0
B00DTQ1P06,,,,,7936.0
B00DTRL7K8,78.0,,,,78.0
B00DTU4770,,,,278.0,278.0
B00DTVBYE8,1733.0,1733.0,1733.0,1733.0,1733.0
B00DTVCALE,2095.0,2095.0,2095.0,2095.0,2095.0
B00DTW3454,60.0,,,60.0,60.0
B00DTXMQ4S,26.0,,,26.0,26.0
B00DU1DBZW,5209.0,5209.0,5209.0,5209.0,5209.0
B00DU9OOHS,,16.0,,,
B00DUGPRN6,798.0,,798.0,798.0,798.0
B00DUKW1G8,271.0,,,,
B00DULW2YS,2209.0,2209.0,2209.0,2209.0,2209.0
B00DUSB47M,,,,,10.0
B00DUU8GHQ,4148.0,,4148.0,4148.0,4148.0
B00DUVMGL2,6247.0,6247.0,,6247.0,6247.0
B00DUVN6TI,,57.0,,,57.0
B00DUVPWPO,,,,174.0,
B00DUX2LSS,,,,617.0,617.0
B00DUX30YC,,617.0,,,617.0
B00DV4CJBA,231.0,231.0,,231.0,231.0
B00DVKWEBO,296.0,,,296.0,296.0
B00DVTTKMG,,,,,67.0
B00DW10WMK,2865.0,,2865.0,2865.0,2865.0
B00DW2Y34M,,,,,892.0
B00DW2ZSDW,,,,,923.0
B00DW6MV2Y,,,59.0,59.0,59.0
B00DW909OS,,,84.0,,84.0
B00DWF4CZO,,,2179.0,2179.0,2179.0
B00DWFHHA6,,,797.0,,797.0
B00DWY70JK,,,,,10.0
B00DWY9L0G,,,,2.0,
B00DWZ1H2K,266.0,,266.0,,
B00DWZPOGU,,,7.0,,
B00DX7QL2S,,400.0,400.0,400.0,400.0
B00DXYQ9W8,,,,,3.0
B00DY64K7Q,,,,,262.0
B00DY68AC2,9675.0,9675.0,9675.0,9675.0,9675.0
B00DY6DL8U,941.0,,941.0,,941.0
B00DYWD1H0,,,,,3.0
B00DYXV2KW,,,,,2832.0
B00DYXZ3WU,,,,1396.0,
B00DYYLRKG,,,,,1283.0
B00DZBWU04,567.0,,,567.0,
B00DZP5SJK,2257.0,2257.0,2257.0,,2257.0
B00DZPI4VO,,92.0,,92.0,92.0
B00DZPJFEY,,,,10.0,10.0
B00DZQNO0O,,,,8.0,
B00DZRHQ98,52.0,,52.0,52.0,52.0
B00DZVU7DQ,,6.0,,,6.0
B00DZZ6HKY,3679.0,,3679.0,3679.0,3679.0
B00E00GNBQ,,,,116.0,116.0
B00E07DNDA,,,,238.0,
B00E0BQ1VM,,,,,185.0
B00E0CDXS0,28.0,,,,
B00E0CE9VU,,,87.0,,87.0
B00E0CEWBC,,,44.0,,44.0
B00E0CGWVU,,,,,100.0
B00E0CHZRK,,,,15.0,15.0
B00E1FBZZO,,,,,37.0
B00E1HJUB8,,,,,82.0
B00E1JJ4TO,,,,,16.0
B00E1KLNW4,,,226.0,226.0,226.0
B00E1UF9BK,48.0,,,48.0,48.0
B00E210REW,,820.0,,,820.0
B00E210WA6,,,,,820.0
B00E24RT4U,1180.0,1180.0,1180.0,,1180.0
B00E26XE3S,,,,129.0,129.0
B00E26Y55Y,,101.0,101.0,,101.0
B00E275OEE,,,,,84.0
B00E36ZT2G,254.0,,,,
B00E3B18R6,,,,108.0,108.0
B00E3JXGGY,,,152.0,,152.0
B00E4221N4,403.0,403.0,403.0,403.0,403.0
B00E4226D4,472.0,,472.0,472.0,472.0
B00E44FKTE,,193.0,193.0,193.0,193.0
B00E4ADAL8,2550.0,,,,
B00E4FVT0C,,83.0,,83.0,83.0
B00E4FVTGG,,,,,6.0
B00E4FVTUW,,,,,17.0
B00E4FVU92,,,,,7.0
B00E4FVV5U,,,,,7.0
B00E4N9KBY,,,,,52.0
B00E4NDNWG,396.0,,396.0,396.0,396.0
B00E4U8UR2,,,,,19.0
B00E4WWS46,312.0,312.0,312.0,312.0,312.0
B00E4XYCT4,23340.0,23340.0,23340.0,23340.0,23340.0
B00E4Y8PKA,,40.0,40.0,40.0,40.0
B00E5DPP62,1274.0,,1274.0,1274.0,1274.0
B00E5DQ03Y,,274.0,,,274.0
B00E5Q7ACQ,,,,14.0,
B00E5YHIEI,11.0,,,,
B00E62IA6E,780.0,,780.0,780.0,780.0
B00E66R1AQ,,,,,39.0
B00E6BH4IU,,,,,76.0
B00E6D6V8C,13.0,,13.0,,13.0
B00E6EF254,,,1.0,,
B00E6EJ8Q8,,,,,56.0
B00E6ELYM4,,,13.0,,13.0
B00E6ENCPQ,,,10.0,,10.0
B00E6ENWI8,,,,,17.0
B00E6EVOX8,,14.0,,,
B00E6F1TEG,,77.0,,,77.0
B00E6F8Y12,,,,438.0,438.0
B00E6F8YUS,32.0,,,,32.0
B00E6I2LI6,20.0,,20.0,20.0,20.0
B00E6KIKYS,640.0,640.0,640.0,,640.0
B00E6KIL60,424.0,,424.0,424.0,424.0
B00E6KILTC,996.0,996.0,996.0,996.0,996.0
B00E6PD4UI,,,,,15.0
B00E6QU4WS,,,,,41.0
B00E6QU5A4,,,,,81.0
B00E6WXZMS,,1636.0,,1636.0,1636.0
B00E7GGIA4,,,,,576.0
B00E7HBZSI,1197.0,1197.0,1197.0,1197.0,1197.0
B00E7T20M6,628.0,628.0,,,628.0
B00E7T212K,4905.0,4905.0,4905.0,4905.0,4905.0
B00E80UNJ6,,,,,55.0
B00E80UPC6,,,297.0,297.0,297.0
B00E80UST6,,,,128.0,128.0
B00E80UTZ4,,,,,23.0
B00E821UT6,,,68.0,,68.0
B00E8OSIZS,,,,,5.0
B00E8X79V8,7590.0,7590.0,7590.0,7590.0,7590.0
B00E90VF60,,240.0,,240.0,240.0
B00E91B5UU,364.0,364.0,,364.0,364.0
B00E91DRI8,49.0,,,,49.0
B00E91FLXW,,,,23.0,23.0
B00E91I2K6,,,16.0,,
B00E91KPF6,,,13.0,,
B00E91NMN8,,,,,68.0
B00E985KG8,,,1131.0,,1131.0
B00E9CDSW2,,,,,9.0
B00E9CDUZW,,,,17.0,17.0
B00E9CDXRM,,,53.0,53.0,53.0
B00E9CP168,,,,15.0,15.0
B00E9CP4EC,,,,12.0,
B00E9CP58W,,,,,10.0
B00E9CP87K,,,,10.0,
B00E9Q27BQ,,272.0,,,272.0
B00E9RJKVA,1991.0,1991.0,1991.0,1991.0,1991.0
B00EA5AZDS,249.0,,,,
B00EA5B2VW,6511.0,6511.0,6511.0,6511.0,6511.0
B00EA5B2X0,,,,57.0,57.0
B00EABET48,,,67.0,67.0,67.0
B00EAER6EA,17.0,,,17.0,17.0
B00EANT91Y,,1097.0,,1097.0,
B00EAQS502,,,,,156.0
B00EBGYFX2,13.0,,,,13.0
B00EBH08F0,,,,13.0,
B00EBT1KSW,,,,19372.0,19372.0
B00EC5DKQA,,,,3.0,
B00ECE67PM,,,,,630.0
B00ECI45L6,,71.0,,71.0,71.0
B00ECIRLD0,,,34.0,34.0,34.0
B00ED7AAQA,,,41.0,,41.0
B00EDDAML2,,1732.0,,1732.0,1732.0
B00EDT6IBY,,,134.0,,134.0
B00EDTB82I,,,20.0,20.0,20.0
B00EDU45EK,477.0,,477.0,,477.0
B00EDWA4RK,,106.0,106.0,,106.0
B00EDWA5CY,,,141.0,,141.0
B00EE6IY2W,,,423.0,,423.0
B00EE820M0,,,,,4.0
B00EED8G2S,2221.0,2221.0,2221.0,2221.0,2221.0
B00EEH35FW,,,,2.0,
B00EEW7MLA,,,,,54.0
B00EEW7MNI,54.0,,,54.0,54.0
B00EEW7MQU,,,54.0,,54.0
B00EEW7NIM,,,,,4.0
B00EEW7NKK,,,,3.0,
B00EEW7NKU,,,,6.0,
B00EEW7NPA,,,,,13.0
B00EEW7PYY,,,,,327.0
B00EEW7R5G,327.0,,,327.0,327.0
B00EEW7R8I,,,,,32.0
B00EEW7RGK,327.0,327.0,327.0,327.0,327.0
B00EEW7T5Y,32.0,32.0,,32.0,32.0
B00EF19KNS,2258.0,2258.0,2258.0,,2258.0
B00EF4BBPA,14379.0,14379.0,14379.0,14379.0,14379.0
B00EFG0XLQ,,,,,45.0
B00EFGHDHS,,,,,29.0
B00EFYGC68,,,,,16.0
B00EHKCSTK,,,,6.0,6.0
B00EI7FRIG,398.0,,,,398.0
B00EIDUBV8,3246.0,3246.0,3246.0,3246.0,3246.0
B00EIKAXFU,971.0,,971.0,971.0,971.0
B00EIS8980,,,,14.0,14.0
B00EIS9TK2,,,3.0,,
B00EISCC9M,,,,,4.0
B00EJ9Z6KW,109.0,109.0,109.0,109.0,109.0
B00EJB2J1E,38.0,,,,
B00EJB2J1Y,,38.0,,38.0,38.0
B00EJB2J8C,,38.0,38.0,,38.0
B00EJDJVV8,,,,,37473.0
B00EJX1G9I,,,,,78.0
B00EK9IZT0,492.0,492.0,492.0,,492.0
B00EKII9ZQ,,,,,10.0
B00EKIIOC4,7.0,,,,7.0
B00EKIS7C6,,163.0,,163.0,163.0
B00EKIS7LW,163.0,163.0,163.0,,
B00EKIS7ZS,,,,163.0,163.0
B00EKISCI0,127.0,127.0,127.0,127.0,127.0
B00EKJZU8E,,,124.0,,124.0
B00EKJZV3S,,127.0,,,127.0
B00EKJZVW4,,,383.0,,383.0
B00EKU53YY,,96.0,96.0,,
B00ELD30EK,,13.0,13.0,,
B00ELSBPOM,,,23.0,,23.0
B00ELSBQ6O,,,,12.0,
B00ELSBR36,,,,,28.0
B00ELSBRC2,,59.0,59.0,,59.0
B00ELSBSIU,,,,,25.0
B00ELSBSOY,5.0,,,,5.0
B00ELSBUYW,,,,,39.0
B00EMCGTAW,,,,,248.0
B00EN6TJWW,,,,,38.0
B00EN6TK6C,,,,,236.0
B00EN6TKVC,,236.0,,,236.0
B00ENJYRI0,1327.0,,,1327.0,1327.0
B00ENL2NUW,,,,,2.0
B00ENL2O88,,,,,18.0
B00ENLNMHU,,,,,8.0
B00ENLNMKC,,,10.0,,10.0
B00ENLNMPC,,,,,26.0
B00ENTHU2A,,,,,83.0
B00EO1KEA2,,,,,94.0
B00EO3TL2M,95.0,95.0,95.0,95.0,95.0
B00EO5ORHE,,,2.0,,
B00EO7RASU,7.0,,,,
B00EO8W552,,,,,61.0
B00EO90WVA,,,,51.0,51.0
B00EO95FJE,2450.0,2450.0,2450.0,2450.0,2450.0
B00EO9D532,,,,,55.0
B00EO9DEII,,,,76.0,
B00EO9G2DC,,,554.0,554.0,554.0
B00EOB5QWS,462.0,462.0,462.0,462.0,462.0
B00EOB5R90,,,,,463.0
B00EOB5RT0,,465.0,,465.0,465.0
B00EOB5SEY,,,465.0,465.0,465.0
B00EOB5T2K,,,,,463.0
B00EOB5TTI,,,,,463.0
B00EOBALCS,,,,,201.0
B00EOBAPME,,,201.0,201.0,201.0
B00EOBAQ9Q,,,,201.0,201.0
B00EOBAX6C,,,201.0,,201.0
B00EOBAXN0,,,,,200.0
B00EOBAY3Y,,1143.0,,1143.0,1143.0
B00EOBAYPC,,,,,322.0
B00EOBB064,,,,,1143.0
B00EOBB0SC,,,,1142.0,1142.0
B00EOBB1C2,,,,,322.0
B00EOBB3DY,,,,,322.0
B00EOBB4TC,1137.0,,,,1137.0
B00EOBB6GI,,,,1142.0,1142.0
B00EOBB708,,,,322.0,322.0
B00EOBB8PW,,322.0,,,322.0
B00EOBC1US,,,,,322.0
B00EOBC2HA,,,,1143.0,1143.0
B00EOBC3EM,,,322.0,322.0,322.0
B00EOBC4LY,,,322.0,,322.0
B00EOBC568,,,1142.0,1142.0,1142.0
B00EOGBUFA,,,,,726.0
B00EOGBUKK,19.0,,19.0,,19.0
B00EOGBUN2,,,,,574.0
B00EOGBY6K,,,,,309.0
B00EOGC0EK,,,,,7.0
B00EOGC5QI,,,,,16.0
B00EOQRCGG,447.0,447.0,447.0,447.0,447.0
B00EOV01ZK,,,,,3.0
B00EPC3YW0,1065.0,1065.0,1065.0,1065.0,1065.0
B00EPC7SUY,,340.0,,340.0,340.0
B00EPC9BNG,,,10.0,,
B00EPC9CD0,3996.0,3996.0,3996.0,3996.0,3996.0
B00EPC9XN4,481.0,481.0,,,481.0
B00EPCASZG,2189.0,,2189.0,2189.0,2189.0
B00EPGEZE2,,,,,173.0
B00EPGG8ZG,,,70.0,,70.0
B00EPQ4CXG,,,,,567.0
B00EQ4O2QY,,,,,428.0
B00EQ513HO,,,21.0,,
B00EQ514UK,,,7.0,,
B00EQ516Z8,,,,28.0,
B00EQ5187O,19.0,,,,19.0
B00EQ51FD6,,,,28.0,28.0
B00EQ51MZW,,,,52.0,
B00EQ51O46,,,,,52.0
B00EQ51U9U,,,4.0,,
B00EQ6958C,12836.0,12836.0,12836.0,12836.0,12836.0
B00EQ6959Q,,,214.0,214.0,214.0
B00EQ7BGIS,,1505.0,,1505.0,1505.0
B00EQ7BH14,,,,,176.0
B00EQATGU0,,73.0,,73.0,
B00EQB0WTS,,,,,41.0
B00EQB0X60,,187.0,,,187.0
B00EQHCM18,127.0,,127.0,127.0,127.0
B00ER4SYYY,2007.0,2007.0,2007.0,2007.0,2007.0
B00ES5KT54,2716.0,2716.0,2716.0,2716.0,2716.0
B00ESAI2R6,,,,,71.0
B00ESAI36Q,,,,,70.0
B00ESLHTA6,7205.0,,,7205.0,7205.0
B00ET11XX4,,,132.0,,132.0
B00ET3D5VK,619.0,619.0,619.0,619.0,619.0
B00ET3D6D2,,,,98.0,98.0
B00ET3D6JG,262.0,,262.0,262.0,262.0
B00ET41UIO,,,,,21.0
B00ET44WPW,,,,,32.0
B00ET4500I,,149.0,149.0,149.0,149.0
B00ET450TE,,,,,232.0
B00ET451OI,,25.0,,,
B00ET7I4TO,,,,,4.0
B00ET7S9D0,,,,,7.0
B00ETIBCAG,,,,12.0,12.0
B00ETPB4QG,,,,13.0,13.0
B00ETPB4X4,,22.0,,22.0,22.0
B00EU6NK66,1045.0,1045.0,1045.0,1045.0,1045.0
B00EUE8MK2,365.0,365.0,365.0,,365.0
B00EUM697C,,,,17.0,17.0
B00EUM6CQ0,,,,,30.0
B00EUMDO2A,59.0,,,,59.0
B00EUMGANU,,,,,5.0
B00EV0TZ74,,,,335.0,335.0
B00EV555VY,,16.0,,,16.0
B00EV5XDMC,741.0,741.0,741.0,741.0,741.0
B00EVJR09A,,,,,7.0
B00EVJR0ZE,,,,,4.0
B00EVJR1HG,,,,,4.0
B00EVTH9PK,,,,1279.0,1279.0
B00EVUPNI4,,,,,8.0
B00EW4F9A6,1143.0,1143.0,1143.0,1143.0,1143.0
B00EW4FALE,,,,,1142.0
B00EW4FBVS,,,1142.0,1142.0,1142.0
B00EW4FCP8,,,,1137.0,1137.0
B00EW4FHK8,,,,,1137.0
B00EW6TI6A,,51.0,,,51.0
B00EW8XEDG,29.0,,29.0,,29.0
B00EWH2VE0,,,644.0,,
B00EWNVNG6,,,,557.0,557.0
B00EWOGJ3M,,,,,423.0
B00EWWFAZM,1332.0,1332.0,1332.0,1332.0,1332.0
B00EX6BVO6,4750.0,4750.0,4750.0,4750.0,4750.0
B00EXJLKV2,5765.0,5765.0,5765.0,5765.0,5765.0
B00EXPB0N4,,,,,87.0
B00EXPB1P6,,,30.0,,30.0
B00EXPYB2Q,,9.0,,,
B00EXPZG52,,,1178.0,,
B00EXW0HZO,,,,,3298.0
B00EXW0ZPG,,,50.0,,
B00EXW25QI,,,,7.0,
B00EXW2P7C,,,,,2682.0
B00EXW3FLW,,,,,4.0
B00EXW3KJE,,,,,4975.0
B00EXW3WZ6,,,,,22.0
B00EXW405W,,,,,7.0
B00EXW5PLU,127.0,127.0,,,127.0
B00EXW62CQ,,,785.0,,785.0
B00EXW64S8,,,,,28.0
B00EXW65UA,,,,,5.0
B00EXW67OE,177.0,,,,
B00EXW698I,,,,,844.0
B00EXW6BCC,,,,,91.0
B00EXW6EJ2,,,,12.0,
B00EXW6N0M,,71.0,71.0,71.0,71.0
B00EXW6QS6,,,,,20.0
B00EXW6RZS,,,,4975.0,4975.0
B00EXW71LW,,1751.0,,,1751.0
B00EXW7374,,,,,9.0
B00EXW797S,211.0,,,,211.0
B00EYC706C,,,,,11.0
B00EYCQ5IG,,,,1.0,
B00EYOHGPU,,,,,1648.0
B00EYOHJZ2,370.0,,,370.0,370.0
B00EYOSA9G,4489.0,,4489.0,4489.0,4489.0
B00EYPDZ3G,,,,,23.0
B00EYPLSKS,584.0,584.0,584.0,584.0,584.0
B00EYRF30W,,,,12.0,12.0
B00EYXNN2G,,,,1279.0,1279.0
B00EYXNNE4,,1279.0,1279.0,,1279.0
B00EYYBFHK,,,,,123.0
B00EZ3MNXU,478.0,,,478.0,478.0
B00EZ3PUFI,2340.0,2340.0,2340.0,2340.0,2340.0
B00EZUZJS4,,547.0,,,547.0
B00EZVFFQY,64.0,64.0,,64.0,64.0
B00EZVLMHA,,,,,20.0
B00F094Y1C,,,,176.0,176.0
B00F0UUQJ0,,,,,25.0
B00F0UUTCE,108.0,108.0,108.0,108.0,108.0
B00F0UUTG0,44.0,44.0,,,44.0
B00F0UUWBM,,26.0,26.0,,26.0
B00F0UUZFK,35.0,,,,35.0
B00F0XEDPK,,,,,30.0
B00F1CSAG8,,,,,2.0
B00F1CSW0C,,,,,6.0
B00F1D80CQ,1748.0,1748.0,1748.0,1748.0,1748.0
B00F1JVD7Y,1072.0,,1072.0,1072.0,1072.0
B00F1M08ZO,,,,,59.0
B00F1M3X0Q,59.0,,59.0,,59.0
B00F1Q5184,,,,,91.0
B00F1W4ZLM,,,,,106.0
B00F22MJQE,,,30.0,,30.0
B00F22MOH8,,,,1636.0,1636.0
B00F2IY3B2,,,1142.0,1142.0,1142.0
B00F2IYH2C,,,,,322.0
B00F2LGCRC,,,,,9005.0
B00F2LGH8Q,,,,183.0,183.0
B00F2QOUZS,2219.0,2219.0,2219.0,2219.0,2219.0
B00F2ROQXI,,,,,1.0
B00F2RPZRO,,,9.0,,
B00F2T5U6S,223.0,,,223.0,223.0
B00F2ZAK2Q,357.0,357.0,357.0,357.0,357.0
B00F39TBKS,18.0,18.0,,18.0,18.0
B00F3BWT5K,129.0,129.0,,129.0,129.0
B00F3FH5LO,,106.0,,,106.0
B00F3N3W2C,,,7.0,,
B00F3P8HN4,395.0,,,395.0,395.0
B00F3UY7XS,,,,,60.0
B00F444C7Y,,,,,62.0
B00F444D28,,,,,16.0
B00F444E1I,,,,,56.0
B00F444FGM,,,16.0,,
B00F4DML82,,,92.0,,92.0
B00F4FCN9M,,,,,46.0
B00F4FF05Q,,,,,113.0
B00F4FH8Z6,,,,,9005.0
B00F4FKX2G,,,,,9005.0
B00F4FMR7K,,,,,9005.0
B00F4FV9HE,9005.0,,,,
B00F4G2IVY,,,,,9005.0
B00F4G7DQO,,,,,46.0
B00F4GBXEM,9005.0,,9005.0,,9005.0
B00F4IR18M,,,,,8.0
B00F4JO954,316.0,316.0,,316.0,316.0
B00F54KTD4,,,,,34.0
B00F57OWWK,1007.0,1007.0,1007.0,,1007.0
B00F5CJOB4,,,,,8.0
B00F5CJVZI,,,,,11.0
B00F5CRKAQ,86.0,,,,
B00F5L0ZFO,,,,66.0,66.0
B00F5NVSIA,,2317.0,,,2317.0
B00F62I2YS,,235.0,235.0,,235.0
B00F64EMK4,,,,,22339.0
B00F6DXLW0,,,,,23.0
B00F6FE0KA,,,152.0,,152.0
B00F6IMIZG,12836.0,12836.0,12836.0,12836.0,12836.0
B00F6XZNGM,,,,,1748.0
B00F6XZNLM,,1883.0,1883.0,1883.0,1883.0
B00F6XZNOO,,,,2427.0,2427.0
B00F6XZVHS,,,,564.0,
B00F6XZVXC,418.0,,,418.0,418.0
B00F6XZZMY,1469.0,1469.0,1469.0,1469.0,1469.0
B00F7BXAYK,,,,203.0,203.0
B00F7L3USQ,,,,,124.0
B00F83AL3K,,,,,37.0
B00F8M3138,,,,11.0,11.0
B00F8MIA1Q,,,196.0,196.0,196.0
B00F8ZJAIU,,,36.0,,
B00F96REAY,,,,,23.0
B00F99SX2O,,21.0,,,
B00F9JGP1U,,,,,149.0
B00F9JGR5O,,,149.0,149.0,
B00F9JGS08,149.0,,,,149.0
B00F9JGZBA,,,149.0,,149.0
B00F9JH3B6,,,,,149.0
B00F9JH43S,,,,,149.0
B00F9JH5X2,,,,,149.0
B00F9JH7MQ,,,,,149.0
B00F9JHB6S,,,,149.0,
B00F9JHE88,149.0,,,,149.0
B00F9OCLLS,,,,47.0,
B00F9SWJTI,,,,55.0,
B00F9SWSGW,,,,,8.0
B00FA2IIM0,,,,,60.0
B00FA3QLIM,,,,,39.0
B00FA3QLUA,,,1264.0,1264.0,1264.0
B00FA3QM5Y,853.0,,853.0,853.0,853.0
B00FA3QMGS,,,,,19.0
B00FA5LTOG,,,,3.0,
B00FA6M27I,1487.0,1487.0,1487.0,1487.0,1487.0
B00FAA12G6,,,,,157.0
B00FAOGXKC,,,,,604.0
B00FAOL5OG,,,,,2.0
B00FAQSHJ0,,,,,9.0
B00FASKPDY,1433.0,,1433.0,1433.0,1433.0
B00FAUM6XE,,,,,32.0
B00FB2WUUU,,,,,20.0
B00FB2WUWI,99.0,,,,99.0
B00FB2WUYG,,,2.0,,
B00FB2WWLC,,,,,2.0
B00FB2WZSC,,,,,7.0
B00FB2X00Y,,,,,6.0
B00FB2X1W6,,,,3.0,
B00FB2X20W,,,,,6.0
B00FB2X5CM,,,,,20.0
B00FB2XA8Q,,,12.0,,
B00FB2XDII,,,,,20.0
B00FB2XDJM,,,,,23.0
B00FB2XFF4,,,,,1.0
B00FB2XJ46,,,,,12.0
B00FBBJTK0,,,,,11.0
B00FBBJW8O,178.0,,178.0,178.0,178.0
B00FBBJY82,178.0,,,178.0,178.0
B00FBBJZ5E,68.0,,,68.0,68.0
B00FBBK03A,,,36.0,,36.0
B00FBH1PJM,545.0,,,,545.0
B00FBH1W72,,,,,545.0
B00FBH2K5K,,,,,6247.0
B00FBH2PAA,598.0,,598.0,598.0,598.0
B00FBH2VM2,830.0,,830.0,830.0,830.0
B00FBH3LWQ,2533.0,2533.0,,,2533.0
B00FBH4PX0,,,,,1636.0
B00FBH54E4,,,,2639.0,2639.0
B00FBH5AXY,2639.0,2639.0,,,2639.0
B00FBH5Z2U,,3237.0,3237.0,3237.0,3237.0
B00FBH64NY,,,,,598.0
B00FBH6AKQ,,,,,598.0
B00FBH6ILC,,,,,382.0
B00FBH6WFY,,,,,232.0
B00FBH72AI,,,232.0,232.0,232.0
B00FBH79OC,,,,,232.0
B00FBH8U6S,,,,,33.0
B00FBH91G6,,,,59.0,
B00FBH97ZQ,,,,,59.0
B00FBHWTCE,,,41565.0,,41565.0
B00FBIV15Y,,2213.0,,,
B00FBLUZ4E,,,,,152.0
B00FBM4QMU,,,,,138.0
B00FBNHFYU,141.0,141.0,141.0,141.0,141.0
B00FC1TSVY,368.0,,,,
B00FC1TT2M,,,,368.0,
B00FC1TUOO,,368.0,,,368.0
B00FC1TUR6,,,,13.0,
B00FC1TURG,368.0,,,368.0,368.0
B00FC7SZA8,,,,,23.0
B00FCD55KA,,,79.0,79.0,79.0
B00FDRI5JI,1901.0,1901.0,,1901.0,1901.0
B00FE4MKYG,,,,,25.0
B00FE9AZCU,,,64.0,,64.0
B00FEM62Y2,,265.0,,265.0,265.0
B00FF1GRT2,,,,,66.0
B00FF1GWU6,,,183.0,,183.0
B00FF1GX46,,,24.0,,
B00FF5T3RG,,,913.0,,913.0
B00FF77IQC,4955.0,4955.0,4955.0,4955.0,4955.0
B00FFCC100,,97.0,,,
B00FFDV0Z6,230.0,230.0,230.0,,230.0
B00FFEJ5PM,,,,,10.0
B00FFEKUWY,,,801.0,801.0,801.0
B00FFFZPR8,,,,42173.0,42173.0
B00FG0A1MG,,,11.0,,11.0
B00FG0SVDM,61.0,,61.0,61.0,61.0
B00FG2C2AI,,,,,2.0
B00FG2C2AS,,,,,3.0
B00FG2C5IM,,,,,1.0
B00FG2C65Y,,,,,1.0
B00FG2C8CK,,,,,1544.0
B00FG2C8KC,,,,,2.0
B00FG2CA5U,,1544.0,1544.0,1544.0,1544.0
B00FG2CA6Y,,,,,6.0
B00FG8IIWS,,,,,61.0
B00FGA5RIE,,,,,2.0
B00FGA6116,,,1.0,,
B00FGA68DW,,,,58.0,58.0
B00FGA6EVI,,576.0,576.0,,576.0
B00FGA6F4O,,,,,11.0
B00FGA6HI8,,,,,46.0
B00FGA6NP0,,,,,24.0
B00FGA6Q48,,,,,33.0
B00FGA6SPK,,,,,17.0
B00FGA6SSW,,,,,6.0
B00FGA6SYQ,,,,,38.0
B00FGA6VAW,,,,,11.0
B00FGA6VDO,,,,,7.0
B00FGA6VIO,,,,,80.0
B00FGA6Y0Y,,,17.0,,
B00FGA70ES,,,,,12.0
B00FGA70HK,,,2.0,,
B00FGB1J3K,60.0,60.0,60.0,60.0,60.0
B00FGDCN88,10.0,,,,
B00FGDCN9W,,,,,22.0
B00FGEDBTM,,,,,12.0
B00FGKEHUI,,,,,1.0
B00FGL2BBY,,,,,23.0
B00FGL2DO4,,,,,1.0
B00FGL2DX0,,,,,9.0
B00FGL2G6Y,,,,,3.0
B00FGL2O7K,,,,,1.0
B00FGL2QZ0,,,,,5.0
B00FGL2R3Q,,,,,7.0
B00FGL2R9K,,,,,1.0
B00FGL2UHE,,,,,80.0
B00FIAXCCA,,,,,19.0
B00FIAXDA6,2581.0,2581.0,,,2581.0
B00FIP51YW,,,,,536.0
B00FJ2LU2Q,3457.0,3457.0,3457.0,3457.0,3457.0
B00FJ2LURQ,,,,,4.0
B00FJ9MF8C,316.0,316.0,,316.0,316.0
B00FJ9TV7K,21.0,21.0,,21.0,
B00FJHNBOQ,,,,8.0,
B00FK1IF9W,,,,,148.0
B00FKC1AVG,24.0,24.0,24.0,,24.0
B00FKJ6QEK,207.0,,207.0,207.0,207.0
B00FKNAWFA,45.0,,45.0,45.0,45.0
B00FKVVHS8,,,,,9005.0
B00FKVW8YU,479.0,,479.0,479.0,479.0
B00FKVZ8ME,,,,9005.0,9005.0
B00FKW1PIY,9005.0,,,9005.0,9005.0
B00FKW32U8,,,,9005.0,9005.0
B00FKW5AYO,,,,,9005.0
B00FKW7YOS,,,,,9005.0
B00FKW8C9Y,3937.0,3937.0,3937.0,3937.0,3937.0
B00FKYK0IS,2460.0,2460.0,2460.0,2460.0,2460.0
B00FLCTKH6,,,,,98.0
B00FLCTMRO,,,,,312.0
B00FLCTPVM,312.0,312.0,312.0,312.0,312.0
B00FLCTS46,,,,,312.0
B00FLCTU5I,,,,,14.0
B00FLCTWD8,,312.0,312.0,312.0,312.0
B00FLCTYBS,,,,,98.0
B00FLCU1V0,,,98.0,,98.0
B00FLCU3OA,,,,,19.0
B00FLCUHLE,,,52.0,,52.0
B00FLCUOTY,29.0,,,,
B00FLCUQXS,,,,,98.0
B00FLCUVAG,98.0,,,98.0,98.0
B00FLCUZKW,70.0,70.0,70.0,,70.0
B00FLCV1KA,,,,,98.0
B00FLCV3EE,312.0,,,312.0,312.0
B00FLCV5HO,,,,,14.0
B00FLCVASI,,,,,5.0
B00FLCVD30,,,,,14.0
B00FLOQFOK,5086.0,5086.0,5086.0,5086.0,5086.0
B00FLOQFVS,,,,,104.0
B00FLOQFXG,2478.0,2478.0,,2478.0,2478.0
B00FLOQG2Q,5086.0,,,5086.0,5086.0
B00FLOQIYC,,,,,1673.0
B00FLOQIYW,,,,,145.0
B00FLOQJ1Y,,,207.0,207.0,207.0
B00FLOQJGE,,,,,47.0
B00FLOQLZ8,1673.0,,1673.0,,1673.0
B00FLOQPA4,,814.0,,,814.0
B00FLOQPJK,,,,,333.0
B00FLOQPO0,,107.0,,,107.0
B00FLOQPQS,,,,,333.0
B00FLOQPUY,,,333.0,333.0,333.0
B00FLOQSHY,,,,,333.0
B00FLOQSNS,,,,,333.0
B00FLOQSQA,,333.0,,333.0,333.0
B00FLOQVTE,,,,,131.0
B00FLOQVY4,,,,,333.0
B00FLOQVZ8,,,,,333.0
B00FLOQXX8,,,,,43.0
B00FLOQY8C,,,,333.0,
B00FLOR0MQ,,,,4.0,
B00FLOR8MI,,1622.0,,,
B00FLOR8SM,,,,1622.0,1622.0
B00FLOR8WS,1622.0,,1622.0,,
B00FLORC2E,,,,,1622.0
B00FLORETK,,,,,1622.0
B00FLVGDXQ,,,,,402.0
B00FM6C74E,,,,70.0,70.0
B00FMDPFJG,,,,,109.0
B00FMTSC0O,,,,,7.0
B00FMVRT8I,,438.0,438.0,,438.0
B00FMVS720,,101.0,101.0,,101.0
B00FMVS84W,,101.0,,,
B00FMVSIBK,,,101.0,101.0,101.0
B00FMVSJ5U,,,,,101.0
B00FN0NLL2,,,,,774.0
B00FN2NI36,,,,,36.0
B00FN2PZP0,,,,,74.0
B00FN4KMU6,,,,,559.0
B00FNG58IA,,21.0,,,21.0
B00FNON37A,,,,,701.0
B00FNUDC98,3.0,,,,
B00FNVBPYG,,,,35.0,35.0
B00FNVBQHM,298.0,,,,298.0
B00FNYVQ1A,380.0,,,,380.0
B00FOBNTEE,2968.0,,2968.0,2968.0,2968.0
B00FOIU008,4436.0,4436.0,4436.0,4436.0,4436.0
B00FOIU1B6,,,,3984.0,3984.0
B00FPGFWD4,,,,,213.0
B00FPJ6BZO,,,,,6719.0
B00FPKW63Y,,,,,29.0
B00FPMPUJO,,,,,4.0
B00FPNJH4W,,,2.0,,
B00FPORVRQ,,,,6.0,
B00FPVSO8Y,9.0,,,,
B00FPZXISQ,,,,,49.0
B00FQ081I2,,,,,19.0
B00FQ27Z78,,,,19.0,
B00FQA6JI6,,,,,56.0
B00FQI2KT0,,,,,11.0
B00FQU6K2G,77.0,,,,77.0
B00FQXJ19M,,,69.0,69.0,69.0
B00FQZ07DO,,,,,62.0
B00FR6UE1W,290.0,290.0,290.0,290.0,290.0
B00FRC6NZ2,,179.0,,,
B00FRRVXDY,,,,,15.0
B00FRVY0BC,,,,4.0,
B00FS9YVMQ,,,,,19.0
B00FSBMDTM,,,,,10217.0
B00FSBSCAG,,,40.0,,40.0
B00FSBUQMI,11699.0,11699.0,11699.0,,11699.0
B00FSBWBUS,,,71.0,,71.0
B00FSBWDR4,,,,,36.0
B00FSD48VG,,32.0,32.0,,32.0
B00FSQ67DA,,,238.0,238.0,238.0
B00FT80GNE,,,,,17.0
B00FTUAY4S,,,,4.0,
B00FTWABYE,144.0,144.0,144.0,144.0,144.0
B00FU22DN0,42173.0,,,42173.0,42173.0
B00FU34TWW,,,,68.0,68.0
B00FU4CUWM,,,,,23.0
B00FU5BWTI,,,,,145.0
B00FU5KYMY,,,,,39.0
B00FU6KWNY,,,,,29888.0
B00FU6QX96,1970.0,1970.0,,1970.0,1970.0
B00FU70MCY,,,,,1434.0
B00FU7LAFM,,,,,31.0
B00FU7LJVM,,,,,102.0
B00FUMKTJ0,,,,,144.0
B00FUQMHZU,53.0,,,,53.0
B00FUQT6MW,,,,,86.0
B00FUQT92Y,,,,,86.0
B00FW6A2Q4,922.0,,,922.0,922.0
B00FW6O5FI,940.0,940.0,940.0,940.0,940.0
B00FW6ZTW6,67.0,,,67.0,
B00FW6ZUPM,,,,118.0,118.0
B00FW6ZV6K,,60.0,,60.0,60.0
B00FWZN8Y8,,,,,19.0
B00FX2O83K,,,,162.0,162.0
B00FX2W10C,,,,,74.0
B00FX3FXRO,,,328.0,328.0,328.0
B00FX4F6ZC,,,,,76.0
B00FX5QNB2,,299.0,299.0,299.0,299.0
B00FX65BKA,117.0,,117.0,,117.0
B00FX74M4U,,,,,6.0
B00FXASCBQ,,290.0,,290.0,290.0
B00FXTJN3S,,,85.0,,85.0
B00FXXS37G,7214.0,7214.0,7214.0,7214.0,7214.0
B00FY14YS4,,474.0,474.0,474.0,474.0
B00FY5XEAE,,,,359.0,359.0
B00FYKO5LG,,,,,10961.0
B00FYL2MTC,,,,10961.0,10961.0
B00FYNIOTC,,,,4717.0,4717.0
B00FYNIOTW,,,,4717.0,4717.0
B00FYSZDQ4,,,15597.0,15597.0,
B00FYSZDS2,,,,,15597.0
B00FYTD6NU,,,,,181.0
B00FYTD7MU,,,60.0,60.0,60.0
B00FYVIFI4,,,9.0,,9.0
B00FYVIGCE,9.0,,,,9.0
B00FYVJD3U,,,,,653.0
B00FZ5NNTU,,,,23.0,23.0
B00FZEIB52,,,,125.0,125.0
B00FZEQTAG,307.0,,,,307.0
B00FZKDCK0,,,17.0,17.0,
B00FZSB0Y2,41793.0,41793.0,41793.0,41793.0,41793.0
B00G016KX4,2794.0,2794.0,,2794.0,2794.0
B00G038DEG,,,,,2.0
B00G05DWHM,,,,,103.0
B00G0IKDWG,2027.0,2027.0,2027.0,2027.0,2027.0
B00G154ASG,,,,,11.0
B00G1879TU,,3360.0,,3360.0,3360.0
B00G187A5I,,,,,18.0
B00G187AG2,9799.0,9799.0,9799.0,9799.0,9799.0
B00G187BFW,3360.0,3360.0,3360.0,3360.0,3360.0
B00G187C0Q,4420.0,4420.0,4420.0,4420.0,4420.0
B00G187CCO,,99.0,99.0,99.0,99.0
B00G187CP6,9799.0,9799.0,9799.0,9799.0,9799.0
B00G187CVK,1455.0,1455.0,1455.0,,1455.0
B00G193R40,,,,546.0,546.0
B00G193RVI,780.0,780.0,780.0,780.0,780.0
B00G193SGW,1130.0,1130.0,1130.0,1130.0,1130.0
B00G24VMKK,1916.0,1916.0,1916.0,1916.0,1916.0
B00G2JI3RU,,,,,8.0
B00G2JJDGU,366.0,366.0,366.0,366.0,366.0
B00G2JJI4W,,,,,21.0
B00G2JJMNY,,,,17.0,
B00G39O9SG,,,,,87.0
B00G39OBL6,,,,,87.0
B00G3BZSCK,184.0,184.0,,184.0,184.0
B00G3KC5AY,,,123.0,123.0,123.0
B00G3NKXIM,,,,,201.0
B00G40FJH4,1001.0,,,1001.0,1001.0
B00G40ZZNC,,,,,27.0
B00G444XXQ,80.0,,,80.0,80.0
B00G459OR0,88.0,,88.0,88.0,88.0
B00G45C92W,465.0,465.0,465.0,465.0,465.0
B00G45EW72,,,,,169.0
B00G45FVT0,,,,,7.0
B00G4DC5DM,,,33.0,,33.0
B00G4JPDJO,100.0,100.0,100.0,100.0,100.0
B00G4MB1QK,,1112.0,,1112.0,1112.0
B00G5E8H5A,,,,,4.0
B00G5ETI30,137.0,,,137.0,137.0
B00G5EY3L2,,86.0,,,86.0
B00G5EY5FG,,4.0,,,
B00G5HVM7C,,,361.0,,361.0
B00G5JTXFS,,,7937.0,7937.0,7937.0
B00G5OF9AQ,,,,,43.0
B00G5OR21U,,,,,11.0
B00G5PKPVI,,,,,135.0
B00G67NWGU,488.0,,,,488.0
B00G6H88FK,,,706.0,706.0,706.0
B00G6HA0FG,,455.0,,,455.0
B00G6JF2CU,,,,,1183.0
B00G6JOFOG,2028.0,,2028.0,2028.0,2028.0
B00G7SMDIQ,,,,,1328.0
B00G8R58L0,23340.0,,23340.0,23340.0,23340.0
B00G930HW8,,117.0,117.0,117.0,117.0
B00G96OEAG,17891.0,,,17891.0,17891.0
B00G993GUC,,323.0,323.0,323.0,323.0
B00G9GSB6E,,,,,30.0
B00G9JRDTM,,,,,37.0
B00GA60U76,1345.0,1345.0,1345.0,1345.0,1345.0
B00GAC4VUC,437.0,,,,437.0
B00GAU4G8Q,,,1004.0,,1004.0
B00GAY99B6,,93.0,93.0,,93.0
B00GB0JQWG,88.0,88.0,88.0,88.0,88.0
B00GB0JW5C,,,,,42.0
B00GB0K51W,80.0,80.0,,80.0,80.0
B00GB2CMCU,,,,,2.0
B00GB2CNJW,,81.0,81.0,81.0,81.0
B00GB2G9GU,,,,75.0,75.0
B00GB2HXJW,170.0,,,,
B00GB2HZUY,,,,,395.0
B00GB2I4KY,,,,,395.0
B00GB2I648,,,,,395.0
B00GB2ICX8,,,,170.0,
B00GB2IE1I,14.0,,,,
B00GB2IK3U,395.0,,,,
B00GB2J462,,,,,87.0
B00GB2JCV4,,,,,5.0
B00GB2JG7O,,,8.0,,8.0
B00GB2JLEM,,,,4717.0,4717.0
B00GB2JNIQ,,,,,4717.0
B00GB2JOKI,,,,,4717.0
B00GB2JXCW,4717.0,,,,4717.0
B00GB2ODJ0,,,78.0,78.0,78.0
B00GB6SCMK,,,,,87.0
B00GB7OXEU,59.0,,59.0,,59.0
B00GB8IA5C,1076.0,1076.0,1076.0,1076.0,1076.0
B00GB8K1PO,,,,5.0,
B00GB8MWNS,332.0,,332.0,332.0,332.0
B00GB8OJA2,,322.0,,,322.0
B00GB8RJ40,357.0,357.0,,357.0,357.0
B00GB8T5P6,,,375.0,375.0,375.0
B00GB8V338,544.0,544.0,544.0,544.0,544.0
B00GB8WZN0,540.0,,540.0,540.0,540.0
B00GBE95Z0,,,189.0,,189.0
B00GBE9A8M,,,18.0,,
B00GBEE014,,,48.0,,48.0
B00GBEO0CI,,,54.0,,
B00GBEYGJU,,,,116.0,116.0
B00GBHSEW2,,,,,14.0
B00GC8YOL0,196.0,196.0,,,196.0
B00GCAJ3I2,1328.0,1328.0,,1328.0,1328.0
B00GCAP5WU,,,,,1328.0
B00GCAVDW6,,,1328.0,,
B00GCC9WSG,,,,,303.0
B00GCCH6AM,,,359.0,359.0,359.0
B00GCCQ3DI,4985.0,4985.0,4985.0,4985.0,4985.0
B00GCRKT4M,,,,,293.0
B00GCRN8FE,1489.0,1489.0,1489.0,1489.0,1489.0
B00GCW0NPC,,271.0,271.0,,271.0
B00GCZYP1W,,,,,49.0
B00GDB3KLQ,403.0,403.0,403.0,403.0,403.0
B00GDD88FM,,,,,9.0
B00GFJFU5U,,,,,483.0
B00GFTC4XQ,,,61.0,,61.0
B00GGGIVGC,,,,,18.0
B00GGHFQ6Y,,,,,1011.0
B00GGI16GM,164.0,,,,164.0
B00GGKW9FM,,,,,98.0
B00GGKZ6MA,69.0,,,69.0,69.0
B00GGKZBIE,,408.0,,408.0,408.0
B00GGN9V3M,,,,,1.0
B00GGO9CE4,,,316.0,,316.0
B00GGO9UAK,,,191.0,,
B00GGVY3AA,,,160.0,160.0,160.0
B00GGWZ5DI,,,,,9227.0
B00GHBIEQI,,,,,41.0
B00GHBIJJK,,,,,41.0
B00GHNTX3Y,5.0,,,,5.0
B00GHNWHWS,,,,,300.0
B00GHQT8IQ,,,,,3.0
B00GHTOW8O,,,94.0,,
B00GHXMM2I,,,,,4.0
B00GI21NW8,22046.0,22046.0,22046.0,22046.0,22046.0
B00GI21NZA,2579.0,2579.0,2579.0,2579.0,2579.0
B00GI21PDK,2579.0,,2579.0,2579.0,2579.0
B00GI21R1K,,,886.0,,886.0
B00GI21S82,2579.0,,2579.0,2579.0,2579.0
B00GI2207K,2579.0,2579.0,,2579.0,2579.0
B00GI222GY,428.0,428.0,428.0,428.0,428.0
B00GI22908,428.0,428.0,428.0,,428.0
B00GI22AUM,,,428.0,428.0,428.0
B00GI22HU0,,,,428.0,428.0
B00GI22N9K,428.0,,428.0,428.0,428.0
B00GI22S9U,,,,,428.0
B00GI22Z70,428.0,,428.0,428.0,428.0
B00GI239X4,,3976.0,3976.0,,3976.0
B00GI23C7M,14.0,,,,14.0
B00GI23UT2,1025.0,1025.0,1025.0,1025.0,1025.0
B00GI23X5S,928.0,928.0,928.0,928.0,928.0
B00GI23Z88,,103.0,,,103.0
B00GI2411I,,,2286.0,,2286.0
B00GI25RNO,22046.0,,22046.0,22046.0,22046.0
B00GI2Z9G4,,2579.0,,,2579.0
B00GI2ZFFE,428.0,428.0,428.0,428.0,428.0
B00GI2ZKFY,3976.0,,3976.0,3976.0,3976.0
B00GI2ZYLO,886.0,,886.0,886.0,886.0
B00GI4LD4O,,,,,10.0
B00GIOO3R8,25.0,,,,25.0
B00GJ23X7A,,,,34.0,34.0
B00GJ2EK18,,,,,16.0
B00GJ7TLTY,,38.0,38.0,,38.0
B00GJ7TNX8,,2697.0,,2697.0,2697.0
B00GJAV5V8,,201.0,,,201.0
B00GJBO3KM,,,,,37.0
B00GJBSQCS,131.0,,,,131.0
B00GKCNFZE,,,,,4.0
B00GLICF9O,2732.0,2732.0,,2732.0,2732.0
B00GMP3O96,,,270.0,270.0,270.0
B00GMP3YK0,,,,2795.0,2795.0
B00GMU29HO,553.0,553.0,,553.0,553.0
B00GMVTTJY,,,,,4.0
B00GN9K642,,,61.0,61.0,61.0
B00GN9MCZI,,,,,3.0
B00GN9PM6Y,,24.0,24.0,24.0,
B00GNBT9NY,,,,,253.0
B00GNBTAOC,,,,,706.0
B00GNCO7S0,300.0,300.0,,300.0,300.0
B00GNJBHPO,834.0,,834.0,834.0,834.0
B00GNOMBHC,,,,,1.0
B00GNRTTCY,118.0,118.0,,118.0,118.0
B00GNUMFK4,,,,,5.0
B00GNUPVN2,,,,,10.0
B00GNUUIIU,,,,,44.0
B00GO85I86,,,,,7.0
B00GO85MFU,,,,3.0,
B00GO85NN6,,,,7.0,7.0
B00GO951WI,,,,,26.0
B00GO9UI0S,,296.0,,,296.0
B00GO9UI30,,,296.0,,296.0
B00GOA057S,,976.0,,976.0,976.0
B00GOA058C,,976.0,,,976.0
B00GOABEO6,,,1211.0,,1211.0
B00GOABER8,1211.0,1211.0,,1211.0,1211.0
B00GOAPG18,,,,,210.0
B00GOAPG4A,,,210.0,,
B00GOBGFD0,,188.0,,,188.0
B00GOBGFDA,,,,,188.0
B00GOBWXSG,16043.0,,16043.0,,16043.0
B00GOC7A9W,,,,,422.0
B00GOC7ABU,,,422.0,,422.0
B00GOCFN8W,,,,,416.0
B00GOCFNB4,,,416.0,416.0,416.0
B00GOCUECW,,,,296.0,296.0
B00GOCUEKE,588.0,588.0,,,588.0
B00GODAL8S,,404.0,,,404.0
B00GODAL92,,,,,166.0
B00GODJ5SK,621.0,621.0,621.0,621.0,621.0
B00GODVYEI,142.0,142.0,,,142.0
B00GOIA8W2,,,,,1636.0
B00GOO7JOG,,,,,29.0
B00GP3PQ78,,,,,2207.0
B00GP5N7RW,,22347.0,,22347.0,22347.0
B00GPJ6496,,,,,203.0
B00GQKLS86,,8332.0,8332.0,8332.0,8332.0
B00GR835AG,1479.0,1479.0,1479.0,1479.0,1479.0
B00GSNENBA,,,,,124.0
B00GSNFPO4,,,,,5.0
B00GSVIYZ8,,,,9005.0,
B00GSVJ0VU,,,,,9005.0
B00GSVJ39E,9005.0,,,,9005.0
B00GSVJ420,,,,9005.0,9005.0
B00GSVJ8CQ,,,,9005.0,9005.0
B00GSVJC5O,,,,,9005.0
B00GSVJD30,,,,,9005.0
B00GSVJEDY,,,,9005.0,
B00GSVJGM8,,,,,9005.0
B00GSVJJRA,,,,21.0,
B00GSVJS1W,,,,,9005.0
B00GSVJYC0,,,,,9005.0
B00GSVTFU6,,,,,46.0
B00GSVTHL8,9005.0,,,,9005.0
B00GSVTIW6,,,,9005.0,9005.0
B00GSVTJKC,9005.0,,,,9005.0
B00GSYK6L0,,,205.0,,205.0
B00GT6LK1C,,,,,82.0
B00GT6MSV8,,,,81.0,81.0
B00GT6ODTI,,,,94.0,94.0
B00GTERYVE,,,,16.0,16.0
B00GTES1E8,17.0,,,,17.0
B00GTESBYI,,,,8.0,
B00GTESTLS,,,166.0,166.0,166.0
B00GTPJQ4Q,,,,,370.0
B00GTW4QQ2,,821.0,821.0,821.0,821.0
B00GTW4S3S,943.0,943.0,,943.0,943.0
B00GTXADLI,286.0,,286.0,286.0,286.0
B00GU20T58,,,,,10.0
B00GUN9M46,289.0,,,,289.0
B00GUQF012,16043.0,16043.0,,,16043.0
B00GUQQCX2,,16043.0,,,16043.0
B00GURZQVA,16043.0,16043.0,,16043.0,16043.0
B00GUSHTIW,103.0,,,103.0,103.0
B00GVEQ9IG,2225.0,,2225.0,2225.0,2225.0
B00GW724CW,,,,442.0,
B00GW75MOO,,,,,423.0
B00GWLUWHM,,,,4.0,
B00GWNMUVQ,,,,45.0,45.0
B00GWRNWBO,1267.0,,,1267.0,1267.0
B00GWTH7KO,,3148.0,,3148.0,3148.0
B00GWUQOTI,,,,,136.0
B00GWUSDK6,,,,,293.0
B00GWUSEXW,,,,293.0,293.0
B00GWUSSGK,,,,,81.0
B00GWUSYLY,,31.0,,,
B00GWVM19Y,,89.0,89.0,89.0,89.0
B00GX41QGY,103.0,,,,
B00GX7YZWI,,,,,509.0
B00GX852HO,6.0,,,,
B00GX8BYRG,,,,,52.0
B00GX8D3MA,,,53.0,,53.0
B00GXAF8N0,,,,,21.0
B00GXB19IW,2225.0,2225.0,2225.0,2225.0,2225.0
B00GXN6ZZW,22046.0,,22046.0,22046.0,22046.0
B00GXNQ052,,,,,1328.0
B00GXO3TZA,,,,90.0,90.0
B00GXS7T3E,,36.0,,,36.0
B00GXXT0HC,,,,,675.0
B00GXZCIY2,,,,,27.0
B00GXZCK7W,,,,31.0,31.0
B00GY11GBQ,646.0,,,,646.0
B00GY11ZRQ,1196.0,,1196.0,,1196.0
B00GY24VO4,,2071.0,,2071.0,2071.0
B00GY7BOWQ,72.0,,,,72.0
B00GYA6KB8,,,,,3.0
B00GYA7N8M,,83.0,,83.0,83.0
B00GYA85CU,,,,10.0,10.0
B00GYF0F7I,,134.0,,134.0,134.0
B00GYGKQTY,1000.0,1000.0,1000.0,1000.0,1000.0
B00GYUYMJA,,,,,19372.0
B00GZ6HQ78,174.0,,174.0,174.0,174.0
B00GZRRLMW,,109.0,,,
B00GZYICGE,,,,,14.0
B00H06UQTM,,,293.0,293.0,293.0
B00H0F6R4Q,2122.0,,2122.0,2122.0,2122.0
B00H0LRXSO,,,,,117.0
B00H0NEQQ4,93.0,,,,
B00H0NES58,59.0,,,,59.0
B00H0NET1Q,189.0,189.0,189.0,,189.0
B00H0NEUBA,,,108.0,,
B00H0NJ5IS,1264.0,,1264.0,1264.0,1264.0
B00H0NJCW2,49.0,,49.0,49.0,49.0
B00H0NJJW0,,,,,16.0
B00H10IG7Q,91.0,,,91.0,
B00H12U9B0,372.0,372.0,372.0,372.0,372.0
B00H12UK2S,372.0,372.0,372.0,372.0,372.0
B00H1BQC80,,14326.0,14326.0,14326.0,14326.0
B00H1CSWIC,,,,,12.0
B00H1U4GTI,9005.0,9005.0,9005.0,9005.0,9005.0
B00H1U4HUQ,,61.0,61.0,,61.0
B00H1U4MLU,9005.0,,9005.0,,9005.0
B00H1U4NQ4,,46.0,,,46.0
B00H1U4OYA,,,,9005.0,
B00H1U6YBG,,,,63.0,63.0
B00H1U71O0,102.0,,102.0,,
B00H1U8D60,9005.0,9005.0,9005.0,9005.0,9005.0
B00H1XJ8GG,,,6378.0,6378.0,6378.0
B00H24IZ8Q,,,,,36.0
B00H29NV6C,,,,,14.0
B00H29NV94,,,,,3.0
B00H29NYN2,,,,,69.0
B00H29O0YO,,14.0,,14.0,
B00H29O14S,,,12.0,,12.0
B00H2T4PR6,4264.0,4264.0,4264.0,4264.0,4264.0
B00H2VO3A8,103.0,103.0,103.0,103.0,103.0
B00H2VO574,,237.0,237.0,237.0,237.0
B00H2VO60K,257.0,257.0,257.0,257.0,257.0
B00H2VO6P0,,161.0,,,161.0
B00H2VOC9U,157.0,,157.0,157.0,157.0
B00H2VOCXQ,118.0,,118.0,118.0,118.0
B00H2VODLC,,113.0,113.0,113.0,113.0
B00H2VOEDY,,,85.0,85.0,85.0
B00H37S3AW,152.0,,,,152.0
B00H3DOSPU,7732.0,7732.0,7732.0,7732.0,7732.0
B00H3E1SV6,,,,,1724.0
B00H3IOIGY,51.0,,,,
B00H3IOJIQ,,,,,262.0
B00H3JKKKQ,,,16.0,,16.0
B00H3JWYEQ,,,,,2.0
B00H3KJF5G,,,,81.0,81.0
B00H3T6XCU,,289.0,,289.0,289.0
B00H4GPOCC,,135.0,,,
B00H4HAQXI,163.0,,,163.0,163.0
B00H4HHP28,,,51.0,51.0,51.0
B00H56KBHE,,169.0,169.0,,169.0
B00H58O5C4,22046.0,22046.0,22046.0,22046.0,22046.0
B00H591LZM,,22046.0,22046.0,22046.0,22046.0
B00H594L1S,6164.0,6164.0,6164.0,6164.0,6164.0
B00H595TJG,6164.0,6164.0,6164.0,6164.0,6164.0
B00H5972IC,6164.0,6164.0,6164.0,6164.0,6164.0
B00H597TJO,6164.0,6164.0,6164.0,6164.0,6164.0
B00H599BHC,6164.0,6164.0,6164.0,6164.0,6164.0
B00H5D3980,,,1343.0,1343.0,1343.0
B00H5PNQZO,,,,,5.0
B00H5U8VF4,,,34.0,,
B00H634WZ8,,,,,10961.0
B00H6UPQ3S,,,3701.0,3701.0,3701.0
B00H7EX0QI,,21.0,,,
B00H7EX63K,,,13.0,13.0,13.0
B00H7EX73O,,327.0,,327.0,327.0
B00H7EX9DC,,327.0,,,327.0
B00H7EXAEK,,,,,2.0
B00H7EXI6U,10.0,10.0,,,10.0
B00H7EYP9O,,,,,21.0
B00H7IZ6KM,,,61.0,,
B00H7LZ0BE,,,4.0,,
B00H7LZ1UO,,,,,17.0
B00H7LZ2GW,,,,,2433.0
B00H7LZ3T8,,,,,21.0
B00H7LZ4PQ,,,,,3.0
B00H7LZ5JQ,,,,69.0,69.0
B00H7LZDMU,2433.0,,2433.0,,2433.0
B00H7LZE88,,52.0,,52.0,
B00H7LZF1O,3.0,,,,3.0
B00H7LZP0K,,,,27.0,27.0
B00H86BQUM,,,,7.0,
B00H86BRYM,,,,,3.0
B00H89HYT6,1327.0,,,1327.0,1327.0
B00H8AME0O,,,,,7.0
B00H8NBZ4C,450.0,450.0,,450.0,450.0
B00H8W7N80,,,15221.0,15221.0,15221.0
B00H8W91VC,,,,3354.0,
B00H8X9IMS,,,31.0,31.0,31.0
B00H8Z478G,,,72.0,72.0,72.0
B00H90KAD6,,,,,234.0
B00H90VJFE,,,,,806.0
B00H90VJV8,,23.0,23.0,,23.0
B00H90VLY8,117.0,117.0,117.0,117.0,117.0
B00H90VML0,,,806.0,,806.0
B00H90VNB4,,,,21.0,21.0
B00H90VNYQ,,,,,806.0
B00H90VORW,7.0,,,7.0,7.0
B00H90VPEY,806.0,,,806.0,806.0
B00H90VPZS,,,4.0,,
B00H90VQLG,806.0,,,806.0,806.0
B00H90VR8S,806.0,806.0,806.0,806.0,806.0
B00H90VRTC,,806.0,,,806.0
B00H90VUZI,,,10.0,,10.0
B00H90VVPW,,,,806.0,806.0
B00H90WRLY,,,,,62.0
B00H90WSJK,,,62.0,,
B00H90WTMQ,,,,1.0,
B00H90WV6U,62.0,,,,
B00H90WVRE,,,,,2.0
B00H90WWOQ,62.0,,62.0,,62.0
B00H90WXO0,,62.0,,,62.0
B00H90X1K0,,,,,62.0
B00H90X3JO,,,62.0,,62.0
B00H90X6GY,,,,,85.0
B00H90X82Q,,62.0,,,62.0
B00H90XBT6,,62.0,,62.0,
B00H90XCRC,62.0,,62.0,62.0,
B00H90XDKS,,,,62.0,62.0
B00H90XEW0,62.0,,,,
B00H90XN0I,,,,4.0,
B00H90XS08,,,26.0,26.0,26.0
B00H92BF9W,,,,,3.0
B00H9D6V7M,,,,7.0,7.0
B00H9D7XLU,,,,,8.0
B00H9EV752,7.0,,,,7.0
B00H9EVO0K,,,,,7.0
B00H9I101Y,,47.0,,,47.0
B00H9RYVSY,2338.0,2338.0,,2338.0,2338.0
B00H9S777K,2338.0,,2338.0,2338.0,2338.0
B00H9YMXGE,516.0,,,516.0,516.0
B00HBK92CO,,,,,140.0
B00HBL4A7K,,,,48.0,48.0
B00HBMJNQM,,,22.0,,22.0
B00HBUYA9E,,,,,42.0
B00HBVP36M,,,,,114.0
B00HBW3GKG,,,,23.0,
B00HBWIMFK,,,,,6.0
B00HBYG1PQ,12836.0,,12836.0,,12836.0
B00HBYU576,,,,,1387.0
B00HC6EE3O,11378.0,,11378.0,11378.0,11378.0
B00HCW0XLA,543.0,543.0,543.0,543.0,543.0
B00HDLXWRC,2338.0,2338.0,2338.0,,2338.0
B00HDPYPKQ,,,,,19.0
B00HEHRCZS,,,,,206.0
B00HEM34O6,,,85.0,,85.0
B00HEPSFNI,,,,,491.0
B00HF7LEW4,,1.0,,,1.0
B00HF7WVAI,123.0,,,123.0,123.0
B00HF8T452,,,,6164.0,
B00HF8TAU6,,,,6164.0,6164.0
B00HFB7WLC,2579.0,,,,2579.0
B00HFET6RC,352.0,352.0,352.0,,352.0
B00HFQI2DE,,,,,20.0
B00HG1JMB4,1548.0,1548.0,1548.0,1548.0,1548.0
B00HG4M5EM,,35.0,,,35.0
B00HG4N60O,,,80.0,80.0,80.0
B00HG4NPRS,,99.0,,99.0,99.0
B00HG4NZN2,,,,,55.0
B00HG4OC3Y,,,,206.0,206.0
B00HG4ONW4,,,65.0,,65.0
B00HG51S1C,,,20.0,,20.0
B00HG520W8,218.0,,218.0,218.0,218.0
B00HG7FXPM,,,,8.0,8.0
B00HGLLUZ0,18.0,,,,
B00HH5HLU8,,,,,1139.0
B00HH5I06W,,,,1137.0,1137.0
B00HHHJ16I,,,,11.0,11.0
B00HHU32YM,,,,,5.0
B00HHU3NZU,,,,,8.0
B00HHVJMM2,,,,,4.0
B00HHVMK6W,,,,,14.0
B00HHVMKGM,,,,,8.0
B00HHVMLB6,78.0,78.0,78.0,78.0,78.0
B00HHVMLMU,12.0,,12.0,12.0,12.0
B00HHVMM06,9.0,,9.0,,9.0
B00HHZ3CK6,,,,17.0,17.0
B00HHZ6UEG,,,,,24.0
B00HIFA24O,6572.0,,6572.0,,6572.0
B00HJ9N4TY,,,,,3.0
B00HJ9WXNM,,,,,57.0
B00HJB4LEY,,,24.0,,
B00HJBDV18,,9.0,,,9.0
B00HJE02ZI,,,,27.0,27.0
B00HJEEF6U,11.0,,,,
B00HJSDZ44,,,,,8.0
B00HKSCDPK,,25.0,,,25.0
B00HKTQPXU,,129.0,,129.0,129.0
B00HLPMYRY,17891.0,17891.0,17891.0,17891.0,17891.0
B00HLYU6ZM,,,,,152.0
B00HM7RPYI,,,,1328.0,1328.0
B00HM8PEB8,4.0,,,,
B00HM9L7WC,,,,,8.0
B00HN8METW,,,1578.0,1578.0,1578.0
B00HN8P3JU,1578.0,,1578.0,,1578.0
B00HNKGQ44,,,,,10.0
B00HNNQM1S,1893.0,1893.0,1893.0,1893.0,1893.0
B00HNQE9LU,,855.0,,855.0,855.0
B00HNQUGMG,,,617.0,,617.0
B00HNRI0MS,,,,,88.0
B00HNRJ7AC,,,,,401.0
B00HNRJ9WI,,,,,211.0
B00HNT9YZ8,123.0,,123.0,,123.0
B00HNTGBZ4,,72.0,,,
B00HNTN72Y,,,74.0,,74.0
B00HNTPA38,,23.0,,,23.0
B00HNTQVBS,83.0,,,83.0,83.0
B00HNTSZP8,3.0,,,,
B00HNU0W80,110.0,,110.0,,110.0
B00HNZOVVY,,,,,151.0
B00HOD8HEM,88.0,,,88.0,88.0
B00HOD8HF6,8749.0,8749.0,8749.0,8749.0,8749.0
B00HOHSWD4,,,,,49.0
B00HPJG698,,,,803.0,803.0
B00HQA92D8,,,,,72.0
B00HQGQB72,,,,,123.0
B00HQGWBPS,,,,,376.0
B00HQISRP4,,,56.0,56.0,56.0
B00HQIU9GY,,81.0,81.0,,81.0
B00HQJM5UG,525.0,525.0,525.0,525.0,525.0
B00HQJOVMQ,,,9005.0,9005.0,9005.0
B00HQJS2IA,,291.0,291.0,291.0,291.0
B00HQJYLJE,,,138.0,,138.0
B00HQKPAMK,,123.0,,123.0,123.0
B00HQKPLTM,,,,,3.0
B00HQKR54G,,,,,37.0
B00HR1J85I,1853.0,,1853.0,,1853.0
B00HR1JRTU,,1626.0,1626.0,,
B00HR1KNIY,94.0,,94.0,94.0,94.0
B00HR2COGM,,,112.0,,
B00HR7DOMU,,,,,28.0
B00HR8JTZU,,,,,17.0
B00HRADSJ6,7590.0,7590.0,7590.0,7590.0,7590.0
B00HRAXNV4,,,,,18.0
B00HRAXSLE,,,,,6.0
B00HRAXUH6,952.0,952.0,952.0,952.0,952.0
B00HRAY3KO,7.0,7.0,,,7.0
B00HRD38P2,3836.0,3836.0,,3836.0,3836.0
B00HRF9HL4,,,,,40.0
B00HRGFDCK,,,,,19.0
B00HRGFEEM,,,,,29.0
B00HRGFF96,,,,9.0,9.0
B00HRGFG90,,19.0,19.0,,
B00HRGFH5I,,,,,29.0
B00HRHETQU,,330.0,330.0,330.0,330.0
B00HRI49RI,,330.0,330.0,,330.0
B00HRVU09Q,,326.0,,,326.0
B00HS14N5W,,109.0,,109.0,109.0
B00HS1KCVG,405.0,,,405.0,405.0
B00HSEUJ48,,,,,10.0
B00HSEZOL6,113.0,,,113.0,113.0
B00HSEZP9W,,545.0,545.0,545.0,545.0
B00HSR0EO0,,,,159.0,159.0
B00HSR0O6I,,,258.0,,258.0
B00HSR0PD0,,258.0,,,258.0
B00HSR0Q3Y,,44.0,44.0,44.0,44.0
B00HSR0S1E,,,167.0,,
B00HT1QO3A,381.0,,,,381.0
B00HT5IVOG,,154.0,,,154.0
B00HT9VL3A,,88.0,,88.0,88.0
B00HT9VL5S,246.0,246.0,246.0,246.0,246.0
B00HTBXR4Y,,,,,166.0
B00HTDSWR4,34.0,,34.0,,34.0
B00HTMYTUO,,,30.0,,
B00HTTTDTE,2581.0,,,,
B00HTXUMZ4,,,,,410.0
B00HURJDHC,,,5.0,,
B00HV41L2O,,,,,10961.0
B00HV464QW,,,58.0,58.0,58.0
B00HV6TSP4,1732.0,1732.0,1732.0,1732.0,1732.0
B00HV9WE2K,232.0,,,,232.0
B00HVEO9V4,,10.0,,,10.0
B00HVK99P4,1578.0,,1578.0,,1578.0
B00HVKDQQC,,,,,1578.0
B00HVS0X24,,,,,2.0
B00HW1P8SE,,,,808.0,808.0
B00HW1PJSI,,,,,1.0
B00HWVTFP6,,101.0,101.0,,
B00HWYO760,,,,,73.0
B00HWZ4PZC,34.0,34.0,,34.0,34.0
B00HX27AM4,1382.0,1382.0,1382.0,1382.0,1382.0
B00HX4BB22,,,2151.0,,2151.0
B00HX4D0UI,308.0,308.0,308.0,,308.0
B00HX4WU8G,21.0,,21.0,,
B00HXB9GPO,1774.0,1774.0,,1774.0,1774.0
B00HXRYKEA,,,,,33.0
B00HXSDB0I,,,22.0,,22.0
B00HXU2HEM,212.0,,,212.0,212.0
B00HXWRXTY,,,,174.0,
B00HY0KHQ6,,,,,5.0
B00HY0UYPU,,,,,2.0
B00HYAPAO0,,,12.0,,
B00HYJBI0G,,,,,18.0
B00HYLOVLW,,,,,68.0
B00HYLT6R6,,,,,153.0
B00HYNE49Y,,,70.0,70.0,70.0
B00HYNFVDC,,,,,15.0
B00HYYJZDI,,48.0,,,
B00HYYK05K,,,,,11.0
B00HZ5G85Y,,,75.0,75.0,75.0
B00HZ5JYVE,4.0,,,,
B00HZH5VFU,,,,,189.0
B00HZK1J1W,,,,,52.0
B00HZKIFV4,34.0,,,34.0,34.0
B00HZKIISE,,34.0,,,34.0
B00HZKIJS8,,,,,3.0
B00HZRWSLK,179.0,179.0,,,179.0
B00HZUC7PE,167.0,,,167.0,167.0
B00I06DHCO,3634.0,3634.0,,3634.0,3634.0
B00I089IFC,335.0,335.0,335.0,,335.0
B00I089IJS,335.0,335.0,,,335.0
B00I0B75G8,23.0,,,,23.0
B00I0C3P5M,656.0,656.0,656.0,656.0,656.0
B00I0HTUCY,,,,,32.0
B00I0HUEJ2,,,,,6.0
B00I0HVT82,8.0,,,,8.0
B00I0WYQRI,,,,,4.0
B00I0WYSB2,,,,,7.0
B00I0X7DWM,,,,,5.0
B00I1BLRRA,,,,22.0,22.0
B00I1BLUC2,,,238.0,238.0,238.0
B00I1HATB4,,,,68.0,68.0
B00I1HCW7I,224.0,,224.0,224.0,224.0
B00I1M3C9A,,,330.0,330.0,330.0
B00I1M53Z6,,,18.0,,18.0
B00I1OTTJK,2956.0,2956.0,2956.0,2956.0,2956.0
B00I1OUARA,,,,,2009.0
B00I24U67S,1000.0,1000.0,1000.0,1000.0,1000.0
B00I25CPJY,622.0,622.0,622.0,622.0,622.0
B00I25K2D0,501.0,,501.0,501.0,501.0
B00I2GWH2S,16043.0,,16043.0,,16043.0
B00I2NZEBC,,,,,717.0
B00I2XC04Q,,,,,2.0
B00I33UL3W,34.0,,34.0,34.0,34.0
B00I3C3GLC,,,2.0,,
B00I3HQIBC,,,,,42173.0
B00I3IHXZQ,503.0,,503.0,,503.0
B00I3IKN5I,,,,,29.0
B00I456TJE,,,,,12.0
B00I4586JK,,,,8.0,8.0
B00I458XJS,,,,,7.0
B00I45CX0I,,,,,154.0
B00I45ELJE,,,,,10.0
B00I472PEA,11094.0,11094.0,11094.0,11094.0,11094.0
B00I47BL5O,,,,12.0,12.0
B00I47OF1G,921.0,,,,921.0
B00I47OG2Y,,,,,1.0
B00I4BD7MA,,,,,22.0
B00I4BUJ1M,,,55.0,55.0,55.0
B00I4CDQK2,,25.0,,,25.0
B00I4H8K8U,,,118.0,118.0,
B00I4J62ME,10961.0,,,,10961.0
B00I4J7KCA,,,,10961.0,10961.0
B00I4U2U24,,,,,39.0
B00I4U6O5I,444.0,,444.0,,444.0
B00I4ZYUO0,875.0,,875.0,875.0,875.0
B00I4ZYWRU,1341.0,1341.0,1341.0,1341.0,1341.0
B00I54151G,11094.0,11094.0,11094.0,11094.0,11094.0
B00I5K7XSY,827.0,,827.0,827.0,827.0
B00I5LNM2E,1179.0,1179.0,1179.0,1179.0,1179.0
B00I5LNN8M,72.0,72.0,72.0,72.0,72.0
B00I5PRGFO,,,,56.0,56.0
B00I5QGBJK,,,,,61.0
B00I5QGC0S,35.0,,,,
B00I5QGCSA,,,,29.0,29.0
B00I5QGDWA,,,,20.0,20.0
B00I5QYU7U,,,217.0,217.0,217.0
B00I65VJ3I,,,,446.0,446.0
B00I65X2BU,,,,,446.0
B00I660G22,,,,,446.0
B00I67UV6M,,,142.0,,
B00I67UW84,,,,,142.0
B00I67V5MG,,142.0,142.0,142.0,142.0
B00I67VE4A,,,,,142.0
B00I67VP1W,,,,,142.0
B00I6DTV08,27.0,,,,
B00I6DV3UO,10961.0,10961.0,10961.0,10961.0,10961.0
B00I6E1Z88,1012.0,1012.0,1012.0,1012.0,1012.0
B00I6E2YXI,81.0,,,81.0,81.0
B00I6E5GYC,,,,3.0,
B00I6EVA2O,,,3213.0,3213.0,3213.0
B00I6I8PAA,435.0,,,,435.0
B00I6IINM0,217.0,217.0,217.0,217.0,217.0
B00I6U0QCI,,,,,14.0
B00I6VQQ4O,,1238.0,1238.0,1238.0,
B00I7KU118,,,,,39.0
B00I7KWXKA,,,,,27.0
B00I7PK3GQ,17140.0,17140.0,17140.0,17140.0,17140.0
B00I7UY6H8,,,,54.0,54.0
B00I7UYV4G,258.0,258.0,258.0,258.0,258.0
B00I7VE500,49.0,,49.0,,49.0
B00I84FAHS,4.0,,,,4.0
B00I84FD2U,,,4.0,,
B00I84FFKK,175.0,175.0,175.0,,175.0
B00I884NZE,237.0,237.0,,237.0,237.0
B00I8KRC8C,,3.0,,,
B00I8KRD86,,,,,6.0
B00I8NUF2O,454.0,454.0,,454.0,454.0
B00I8OZ2KI,13.0,,,,
B00I8P0A2W,3603.0,3603.0,3603.0,3603.0,3603.0
B00I93QSRO,,,137.0,137.0,137.0
B00I96RO4C,,,,,142.0
B00I96XPBI,,,,,31.0
B00I9CCP1S,,18.0,,,18.0
B00I9GV696,,,,1.0,
B00I9M1O6A,217.0,217.0,217.0,217.0,217.0
B00I9Z4R2U,,,,,16.0
B00I9Z4V8U,,,,,18.0
B00I9Z4Z2C,,,,,16.0
B00I9Z53GO,,,,,48.0
B00I9Z59G8,,,,,17.0
B00I9Z59PO,,,19.0,,
B00IA3254S,48.0,,48.0,48.0,48.0
B00IA6MRI4,554.0,554.0,,554.0,554.0
B00IAEYGC6,,,35.0,35.0,
B00IASHUZC,,,83.0,83.0,83.0
B00IASJBZE,17.0,,,,17.0
B00IASJCDK,,,37.0,,37.0
B00IASJCPS,33.0,33.0,33.0,33.0,33.0
B00IASJD48,,,,,5.0
B00IASJDE8,,,12.0,,12.0
B00IASJDQQ,,,,24.0,24.0
B00IASM9V2,162.0,162.0,162.0,162.0,162.0
B00IAT4RY8,,,,,27.0
B00IBDCYUM,,1615.0,1615.0,1615.0,1615.0
B00IBDCYVQ,194.0,,194.0,194.0,194.0
B00IBDCYWK,,,1615.0,1615.0,1615.0
B00IBDDD5M,314.0,314.0,314.0,314.0,314.0
B00IBDDDAM,30.0,,,30.0,30.0
B00IBEA8UE,,,,,387.0
B00IBG5K4Q,4.0,,,,
B00IBG5MF8,,,4.0,,
B00IBJC49W,,,,139.0,139.0
B00IBJCBV8,,,21.0,,21.0
B00IBJCQ04,41.0,41.0,,41.0,41.0
B00IBJDEWS,,,,26.0,26.0
B00IBTDLIU,,,,,14.0
B00IBWY0IW,,,,,40.0
B00IC4ZT6Q,102.0,,,102.0,102.0
B00ICIAVHY,,,,27.0,
B00ICNNB4E,,,632.0,632.0,632.0
B00ICUBIX8,,,,,4750.0
B00ID7KVSI,1332.0,1332.0,,,1332.0
B00IDAGTRC,,,,,2.0
B00IDAGWWY,,,,,2.0
B00IDAGYKO,,,,,4.0
B00IDAH3CC,16.0,16.0,,16.0,16.0
B00IDAH6G0,,,,,12.0
B00IDAH7SW,,,,,8.0
B00IDAH8Z4,,,,173.0,173.0
B00IDAHA7U,,,,419.0,419.0
B00IDAHBO2,2.0,,,,
B00IDAHIKO,,,,3.0,
B00IDAHKXE,,6.0,,6.0,6.0
B00IDAHMBE,,,,7.0,
B00IDAHQH4,,173.0,173.0,,173.0
B00IDNVX0C,,,,44.0,44.0
B00IDO02F8,,,,,52.0
B00IDO0YH4,428.0,,,,
B00IE6WQZO,,,,,22.0
B00IEBIU36,,,,195.0,195.0
B00IEBQAGU,,27.0,,,27.0
B00IEDAY7O,,,9.0,,9.0
B00IEJWHF0,,513.0,,,513.0
B00IEJWKA2,,513.0,513.0,513.0,513.0
B00IEJWOXA,,513.0,,,
B00IEJWULG,26375.0,26375.0,26375.0,26375.0,26375.0
B00IEJWW8C,,,513.0,513.0,513.0
B00IEK28C6,513.0,,,,513.0
B00IEK2H6S,,,,,42.0
B00IEKXZ5U,,,,,466.0
B00IEZOB9E,715.0,715.0,715.0,715.0,715.0
B00IF0LMUO,,,,35.0,35.0
B00IF2IYW6,,,,,149.0
B00IF3N5YM,,,,,8.0
B00IF58HUC,,,,,27.0
B00IFVVK9Q,185.0,185.0,,185.0,185.0
B00IG35I78,,,,,90.0
B00IG37FV0,,,,,11.0
B00IG4DJOG,,,,,126.0
B00IG4DP40,335.0,,335.0,335.0,335.0
B00IG4DQZI,,,,,145.0
B00IG4DT82,,,,,67.0
B00IGBI548,223.0,223.0,223.0,223.0,223.0
B00IGBIBVK,,48.0,,,
B00IGBICGO,195.0,,195.0,195.0,195.0
B00IGBID9A,195.0,195.0,195.0,195.0,195.0
B00IGU1N2U,,,,29.0,
B00IGU1NPC,,,,2.0,
B00IGU1OG0,,,,15.0,
B00IGU1P3C,,,4.0,,
B00IGVO5RO,,99.0,99.0,,99.0
B00IGW30HO,,3.0,,3.0,
B00IGW5GEE,,,11.0,11.0,11.0
B00IGW6H5Q,11.0,,,11.0,11.0
B00IGWCOLM,,,,8.0,8.0
B00IHI24FG,,,,,1.0
B00II17C1I,,,,,5.0
B00II28S42,,,,,64.0
B00IICSKTA,,,,,446.0
B00IJFFF1M,908.0,908.0,908.0,908.0,908.0
B00IJFOURM,,,,,15.0
B00IJFOXMY,,,55.0,,55.0
B00IJFOXS8,,,,30.0,30.0
B00IJFOXW4,182.0,,182.0,182.0,182.0
B00IJGT8T6,,,,,65.0
B00IJITHWW,2956.0,2956.0,,,2956.0
B00IJIVFFY,,2009.0,2009.0,2009.0,2009.0
B00IJU054E,,,,,205.0
B00IK1CJVO,2004.0,2004.0,,,2004.0
B00IK1CJZU,15741.0,15741.0,15741.0,15741.0,15741.0
B00IK1CM5C,,,,,481.0
B00IK1RT2I,,,,,62.0
B00IK4SIN4,,1328.0,,,
B00IK4SV8G,,,,,1328.0
B00IK4TNXI,1328.0,,,,1328.0
B00IK6W1E4,,,,,2381.0
B00IKI76YC,608.0,,608.0,608.0,608.0
B00IKT0NV4,,,,5.0,
B00IKT5AL2,,,,,40.0
B00IKXXVDM,2277.0,2277.0,2277.0,2277.0,2277.0
B00IL3554O,,,,,114.0
B00ILBUEVK,10053.0,10053.0,10053.0,10053.0,10053.0
B00ILBUG40,28594.0,28594.0,28594.0,28594.0,28594.0
B00ILP0RUO,1894.0,1894.0,1894.0,1894.0,1894.0
B00ILTAANE,,22.0,,,22.0
B00IM5IWPU,36.0,,,36.0,36.0
B00IM6GJMM,615.0,615.0,615.0,615.0,615.0
B00IM6K6EO,11.0,,11.0,,
B00IMC6VRO,,,,,366.0
B00IMC6W3M,,,366.0,,366.0
B00IMCF9X6,,,,,20.0
B00IMJF09M,1065.0,1065.0,1065.0,1065.0,1065.0
B00IMRC4SY,2065.0,2065.0,2065.0,2065.0,2065.0
B00IMSYLC0,95.0,95.0,95.0,,95.0
B00IN1Z5UI,,,7.0,,7.0
B00IN21OXY,,,,,1049.0
B00IN78G62,100.0,100.0,100.0,100.0,100.0
B00IN7IYLE,,,,367.0,367.0
B00IN7TXBY,,,742.0,742.0,742.0
B00IN7XR9S,338.0,,,338.0,338.0
B00IN80XB2,,68.0,,,68.0
B00INA3EV6,,,,,8.0
B00INEHORC,,,,,612.0
B00INTH3HI,,,,,323.0
B00IO0007G,,,,,171.0
B00IO6WGRM,999.0,,999.0,999.0,999.0
B00IOGK4A8,91.0,,91.0,,91.0
B00ION89TE,185.0,,185.0,185.0,185.0
B00IONTP06,,705.0,705.0,705.0,705.0
B00IONTS3K,710.0,,,710.0,710.0
B00IONZK96,589.0,589.0,,589.0,589.0
B00IOOLNU0,,,21.0,,21.0
B00IOPZ7DI,55.0,55.0,55.0,,55.0
B00IOTLGC0,,,,,13.0
B00IOTLH0G,,,,,200.0
B00IOTLHMO,,,,,466.0
B00IOVDAH2,,,,,31.0
B00IOVOFCG,,,62.0,62.0,
B00IOVOHDS,,,62.0,,62.0
B00IOVOHJM,,,,,62.0
B00IOVOHJW,,,,,62.0
B00IOVOHKQ,62.0,,,,62.0
B00IOVOLHK,,,,62.0,
B00IP2HWYW,,,,,39.0
B00IP2LHMA,249.0,,249.0,249.0,249.0
B00IP2O61E,,,10.0,,
B00IP2PRDK,,112.0,112.0,,112.0
B00IP6BOC4,,91.0,,91.0,91.0
B00IP8QYN6,,,48.0,48.0,48.0
B00IPECV28,,,,,4.0
B00IPHO970,,,,,23.0
B00IPI269W,,,,,58.0
B00IPM6K3G,,5.0,,,
B00IPNTQNG,64.0,,,64.0,64.0
B00IPPNXQA,,,,3263.0,3263.0
B00IPSNDE4,,31.0,,,31.0
B00IPWCD4Q,,,,,75.0
B00IPXMKF2,,,,,87.0
B00IQ59XSG,,,,,325.0
B00IQAFBSC,,1068.0,1068.0,1068.0,1068.0
B00IQBVOFK,2417.0,2417.0,2417.0,2417.0,2417.0
B00IQEKO58,,,,,5.0
B00IQR6XL4,,,33.0,33.0,33.0
B00IQV5BNG,599.0,,,599.0,599.0
B00IRAWTQI,,,,,103.0
B00IRAWUUI,,314.0,,314.0,314.0
B00IRD4UJY,222.0,,222.0,,222.0
B00IRD84EQ,2587.0,2587.0,2587.0,2587.0,2587.0
B00IRDAZ7K,3516.0,3516.0,3516.0,3516.0,3516.0
B00IRDDH34,3504.0,,3504.0,3504.0,3504.0
B00IRIIDTC,,35.0,,,35.0
B00IRUSAPM,1090.0,1090.0,1090.0,1090.0,1090.0
B00IRVW9YO,308.0,308.0,308.0,308.0,308.0
B00IS88CDS,50.0,,,50.0,50.0
B00IS896YM,,,94.0,,94.0
B00IS8AAB0,53.0,,,,53.0
B00ISBBLEM,,,,200.0,200.0
B00ISCZJWQ,,,,2.0,
B00ISR0VDS,,,,,3.0
B00ISURRA0,,,,,772.0
B00IT12EP6,,,,,305.0
B00IT1CV5Y,,,,,3.0
B00IT7IQWK,,,,,53.0
B00ITFKN4G,,,,10.0,
B00ITW68AC,1898.0,1898.0,1898.0,1898.0,1898.0
B00IU0OV2A,,,,2409.0,2409.0
B00IU0WRQW,,,,2.0,
B00IU21Y3W,,,,22.0,
B00IU3CAW0,98.0,98.0,,98.0,98.0
B00IU4KHHE,,,,,9.0
B00IUHSU5C,,,,,70.0
B00IUI0MGQ,,,,,1949.0
B00IUI16S4,,,,,3.0
B00IUI1M2Y,,,,282.0,282.0
B00IUI1QPW,,,,,322.0
B00IUJEG0S,,,,,60.0
B00IUJGFAC,,,,,1.0
B00IUNH0CK,,,,,318.0
B00IUUBI44,,75.0,,75.0,
B00IUUBNLW,,75.0,,,
B00IUUBSIU,,,75.0,75.0,
B00IUUBW90,,,,,75.0
B00IUUBXYO,575.0,575.0,575.0,575.0,575.0
B00IUUE0ZS,,,,145.0,145.0
B00IUUE49U,,,,145.0,145.0
B00IUUE6NE,,,,,145.0
B00IUUEDXM,,,,216.0,216.0
B00IUUERXS,9.0,,,9.0,
B00IUUEV3E,,,,145.0,
B00IUUEYDQ,,,,,6.0
B00IUUF18S,,,145.0,,
B00IUUF4HG,,,,,216.0
B00IUUQJUM,,,,,1341.0
B00IVC5RDY,,,,,7.0
B00IVFNW0G,,,174.0,174.0,174.0
B00IVKEQ2O,3976.0,,3976.0,3976.0,3976.0
B00IVKL4BA,22046.0,22046.0,22046.0,22046.0,22046.0
B00IVNQ40I,770.0,770.0,770.0,770.0,770.0
B00IVO9KKS,724.0,,,724.0,724.0
B00IVO9L4S,24.0,,,24.0,
B00IVX5T54,4337.0,4337.0,4337.0,4337.0,4337.0
B00IVXA1KC,649.0,649.0,649.0,649.0,649.0
B00IVXZRII,,303.0,303.0,303.0,303.0
B00IW2AU3A,2105.0,2105.0,2105.0,2105.0,2105.0
B00IW2AYN6,10490.0,10490.0,10490.0,10490.0,10490.0
B00IWWINJI,227.0,,227.0,227.0,227.0
B00IX5NDM6,391.0,391.0,391.0,391.0,391.0
B00IXCGWE0,,,31.0,,
B00IXCGWHM,,,,31.0,31.0
B00IXZC51Q,24.0,,,24.0,24.0
B00IY0JXI8,137.0,,,137.0,137.0
B00IYDX372,,,41.0,41.0,41.0
B00IYDYDVM,20348.0,20348.0,20348.0,20348.0,20348.0
B00IYE3MX6,,,,12.0,
B00IYGFTYY,,,,,303.0
B00IYGTYWW,,,,,132.0
B00IYTLG7K,,,,,361.0
B00IYTQYKY,11508.0,,11508.0,,11508.0
B00IYWKF0G,,,,,332.0
B00IYWSYHC,,,,369.0,369.0
B00IYXTQKA,835.0,835.0,835.0,835.0,835.0
B00IYXX9IU,1367.0,,,,1367.0
B00IYY6RSS,1951.0,1951.0,1951.0,1951.0,1951.0
B00IYYOXSO,,,,,47.0
B00IYYWXYA,5282.0,5282.0,5282.0,5282.0,5282.0
B00IZAAEUS,,,,,66.0
B00IZAHH5S,,,,,2.0
B00IZGPM4K,,,6.0,,6.0
B00IZNYSZM,,,,,95.0
B00IZO0LLG,,,,,529.0
B00IZOK5VM,193.0,193.0,,193.0,193.0
B00IZOMY1Q,,,1551.0,1551.0,1551.0
B00IZOVBYC,,,,,1.0
B00IZP6A6U,,,,,29.0
B00IZYTDJC,,,,,58.0
B00IZYTGRG,,,,,94.0
B00IZYTHNO,,,,,58.0
B00IZYY3GA,19101.0,,19101.0,,19101.0
B00IZZDCIO,,288.0,,,288.0
B00J09Y1J8,247.0,247.0,,247.0,247.0
B00J09Z75K,,,,12.0,12.0
B00J0C1IOG,,,,,52.0
B00J0DU8FA,,19.0,,,
B00J0DU8H8,,,,,19.0
B00J0DU8J6,,,,,19.0
B00J0FE6VU,,,67.0,67.0,67.0
B00J0T3LXK,2207.0,2207.0,2207.0,2207.0,2207.0
B00J0T7YWE,915.0,,915.0,915.0,915.0
B00J0V1P18,,,234.0,234.0,234.0
B00J0X17RI,,,,,14.0
B00J1BJA32,465.0,,465.0,,465.0
B00J1ERS9M,,,153.0,153.0,153.0
B00J228BBM,,,122.0,122.0,
B00J228BC6,51.0,,51.0,51.0,51.0
B00J228BG2,,,64.0,64.0,64.0
B00J2CC4AG,,,,,9.0
B00J2CC5EG,,32.0,,32.0,32.0
B00J2E9L0A,,,,,6.0
B00J2FD0TM,608.0,,,608.0,608.0
B00J2FL5A8,,,,,38.0
B00J2H2ZIW,2907.0,,,2907.0,2907.0
B00J2VUTOA,,,,,10.0
B00J2VUU9E,,,,,5.0
B00J308RQC,,,,,23.0
B00J32PITY,,,42.0,,42.0
B00J3A48LA,,,,,37.0
B00J3BI1ZI,,,,,56.0
B00J3JDL9G,,,1004.0,1004.0,1004.0
B00J3TPEIC,4812.0,4812.0,4812.0,4812.0,4812.0
B00J3Y85EC,,,21.0,21.0,21.0
B00J4EZDR8,,,,,282.0
B00J4F2NMK,194.0,194.0,194.0,,194.0
B00J4F3YS2,189.0,,,189.0,189.0
B00J4F3YTG,,,191.0,191.0,191.0
B00J4F3YVY,,177.0,177.0,177.0,177.0
B00J4F4580,,,,,70.0
B00J4FA5A2,,,,,210.0
B00J4G1ZRS,23460.0,23460.0,23460.0,23460.0,23460.0
B00J4QFW9U,,,,,2.0
B00J4QGI02,,60.0,,60.0,60.0
B00J4QGJHE,,,60.0,60.0,60.0
B00J4QGLCM,,,,,30.0
B00J4QGOVA,,,20.0,,20.0
B00J4QGQ68,,,,32.0,32.0
B00J4QH68K,,,,37.0,37.0
B00J4QHEKK,,,,,26.0
B00J4QHJUA,55.0,55.0,,,55.0
B00J4TL5GG,,,,,139.0
B00J4U5I36,39.0,39.0,,39.0,
B00J57KAN6,83.0,,83.0,83.0,83.0
B00J5HAM4S,101.0,,,,
B00J5KDCO2,18222.0,18222.0,18222.0,18222.0,18222.0
B00J5LESIA,,,,,49.0
B00J5LP4K6,49.0,,,,
B00J66M1CE,,5265.0,,,
B00J66M1FQ,5265.0,,,5265.0,5265.0
B00J66M1IS,5265.0,5265.0,5265.0,5265.0,5265.0
B00J66M1N8,5265.0,5265.0,5265.0,5265.0,5265.0
B00J66M2SM,5265.0,,,,5265.0
B00J66M5F2,,,5265.0,5265.0,5265.0
B00J66M5FC,5265.0,,5265.0,5265.0,5265.0
B00J66M5JS,,,5265.0,5265.0,5265.0
B00J66M5SO,,5265.0,,5265.0,5265.0
B00J66M63I,,,5265.0,5265.0,5265.0
B00J68UJE4,,7.0,,,
B00J6BWT9Y,,,,,13.0
B00J6E3SU0,,,155.0,155.0,155.0
B00J6KIFGQ,,,,,2.0
B00J7A5VDA,,,,,16.0
B00J7BC2V8,332.0,,,,332.0
B00J7BLY6C,,,,,369.0
B00J7HC5YQ,,,,,281.0
B00J7K7TXK,,,,,3.0
B00J7U8IIU,,,,,1.0
B00J7UO1TK,,,21.0,,21.0
B00J7V8NWU,,,,,2.0
B00J7YI87W,,,,1123.0,1123.0
B00J8JZ0ZY,,323.0,323.0,323.0,323.0
B00J8NYYSE,,,17.0,,17.0
B00J8WBJQU,,,,,6.0
B00J9DWEYE,,,,,15.0
B00J9JOV9O,,373.0,,,
B00J9POUBC,880.0,880.0,880.0,880.0,880.0
B00J9PYCJW,525.0,525.0,525.0,525.0,525.0
B00J9PYD78,,,61.0,,61.0
B00J9PYD9Q,938.0,,938.0,938.0,938.0
B00J9PYDZ0,593.0,593.0,593.0,593.0,593.0
B00J9PYE40,,52.0,52.0,,52.0
B00J9PYEYU,103.0,103.0,103.0,103.0,103.0
B00J9PYF62,662.0,662.0,662.0,662.0,662.0
B00J9QCFM2,,,,,73.0
B00J9WZZWI,15741.0,,15741.0,15741.0,15741.0
B00JAHVSNM,10053.0,10053.0,10053.0,10053.0,10053.0
B00JAI4FGI,28594.0,28594.0,28594.0,28594.0,28594.0
B00JAICO98,,,,,44.0
B00JAJ7K14,3516.0,3516.0,3516.0,3516.0,3516.0
B00JAJJI46,3504.0,,3504.0,3504.0,3504.0
B00JAJWG72,10490.0,10490.0,10490.0,10490.0,10490.0
B00JAK905M,2105.0,,2105.0,2105.0,2105.0
B00JAKOMR8,4131.0,4131.0,4131.0,4131.0,4131.0
B00JAKZR6S,,,,35.0,35.0
B00JAMCO9E,7168.0,7168.0,7168.0,7168.0,7168.0
B00JB2RFL0,1332.0,,1332.0,1332.0,1332.0
B00JB44FX4,1169.0,,,,1169.0
B00JB9GZMI,,,,,3.0
B00JB9H6KI,3.0,,,3.0,3.0
B00JB9IEG8,,,,,3.0
B00JBA87GE,,,,3.0,
B00JBCLL2E,149.0,,149.0,,149.0
B00JBUJ5RY,,38.0,,,
B00JC3G7IU,1367.0,1367.0,1367.0,1367.0,1367.0
B00JC5WTOO,,,,,141.0
B00JD9SQ6O,,2447.0,2447.0,2447.0,
B00JDI1BDK,60.0,,,,60.0
B00JDI4BYG,,83.0,83.0,,83.0
B00JDI4CSQ,,36.0,,,36.0
B00JDOKJZK,139.0,139.0,139.0,,139.0
B00JDROODA,,,,,601.0
B00JDTHSV8,,,,,77.0
B00JDTJNXE,22046.0,22046.0,22046.0,22046.0,22046.0
B00JDTU2W0,,,35.0,35.0,35.0
B00JEH04RY,,,,,18.0
B00JF76CZQ,8.0,,,,
B00JFG8ZSE,2524.0,2524.0,2524.0,,2524.0
B00JFLO6C8,,,,,11.0
B00JFN0Y90,,,,,8.0
B00JFN0ZPS,,,,,19.0
B00JFQK5VY,,,,14.0,
B00JFU3LZC,,102.0,,,102.0
B00JFWA1Q2,,2467.0,2467.0,2467.0,2467.0
B00JFWA72U,3361.0,3361.0,3361.0,3361.0,3361.0
B00JG75B0M,,2822.0,2822.0,2822.0,2822.0
B00JGB2BII,,,,,4.0
B00JGBD5O2,,,,35.0,35.0
B00JGBL9QI,,,,15.0,
B00JGBQSWI,,,,,26.0
B00JGCNNE8,59.0,,,,59.0
B00JGLE2MQ,,,,,31.0
B00JGPUDI4,,,,,228.0
B00JGPVO1O,,,,,1.0
B00JGWT0PY,,,73.0,,
B00JGWT0QI,,73.0,73.0,,73.0
B00JGX9C6A,,11244.0,11244.0,11244.0,11244.0
B00JH1CTBG,1674.0,1674.0,1674.0,1674.0,1674.0
B00JH1CUD8,563.0,,563.0,563.0,563.0
B00JH94LFA,,,28.0,28.0,28.0
B00JHAW6M4,,6.0,,,
B00JHFPH2U,,,3594.0,,3594.0
B00JHFXCB8,,,,,11.0
B00JHQX3ZM,,,,35.0,35.0
B00JI5IRY4,,,,,2968.0
B00JI733QY,,,,,1.0
B00JI7AI3A,371.0,371.0,371.0,371.0,371.0
B00JIIUJ5Q,53.0,53.0,53.0,53.0,53.0
B00JIM55MY,8740.0,8740.0,8740.0,8740.0,8740.0
B00JIXFN3E,,,,19.0,19.0
B00JJ1WFWM,,,,,11.0
B00JJ1ZIK8,,,,,173.0
B00JJ23NK4,,,,,112.0
B00JJ3A5H2,,,,,57.0
B00JJ3VXG4,187.0,187.0,187.0,187.0,187.0
B00JJ9EO2S,29.0,29.0,,,29.0
B00JJGI0VW,,,,,357.0
B00JJU877U,,,,,2.0
B00JJUG2M2,139.0,,139.0,,139.0
B00JJVI4N6,976.0,,976.0,976.0,976.0
B00JJYATYA,,,,,58.0
B00JKHYFKU,,,,10.0,10.0
B00JKK3M10,,,,,21.0
B00JKK3S1Y,,,,3.0,3.0
B00JKK3S3M,4.0,,,,
B00JKK3S6Y,,,,,21.0
B00JKOOOGS,436.0,,,436.0,436.0
B00JKOOP6C,,,,,415.0
B00JKOOPSK,,,,,180.0
B00JKOOQ8O,,,224.0,,224.0
B00JKOOQUC,,,192.0,,192.0
B00JKOORE2,218.0,218.0,218.0,218.0,218.0
B00JKOOSR8,,,,,18.0
B00JKOOUF8,110.0,110.0,,110.0,110.0
B00JKOOZF8,,,,,35.0
B00JKOP0EI,,182.0,182.0,182.0,182.0
B00JKORG86,18.0,,,,
B00JKOV3JE,32.0,32.0,,,32.0
B00JKOV8EO,,,,183.0,183.0
B00JKOV9IE,,,,,45.0
B00JKOVBWS,,,,,450.0
B00JKOVDFS,705.0,705.0,705.0,705.0,705.0
B00JKOVFFQ,,,,242.0,242.0
B00JKOVG0A,,,,384.0,384.0
B00JKOVGVE,41.0,41.0,,41.0,41.0
B00JKOVHEA,753.0,753.0,753.0,753.0,753.0
B00JKOVJ8E,1.0,,,,
B00JKOVKBU,,110.0,110.0,110.0,110.0
B00JKOVLAK,,,,,38.0
B00JKOVMY0,,,,,10.0
B00JKOVODO,,,,,117.0
B00JKVULTU,649.0,649.0,649.0,649.0,649.0
B00JKVV90A,,,,,80.0
B00JL6TKW8,,,,16.0,16.0
B00JLGGLQ6,,,,,7.0
B00JLGGLW0,,,,,51.0
B00JLNDKAO,,,,23.0,23.0
B00JM5EKYQ,24.0,,24.0,,24.0
B00JM93M9G,,,,,3.0
B00JMQXD3O,646.0,646.0,,646.0,646.0
B00JN2NT86,19.0,,,,19.0
B00JO7LE14,,,,160.0,160.0
B00JO7LEPU,,,,,2547.0
B00JOODK1O,,6.0,,,
B00JOOKAO4,6.0,,,6.0,6.0
B00JOR3IQ8,833.0,833.0,,,833.0
B00JOUNMHA,,,3.0,,
B00JPHQJZY,,,,,8.0
B00JPHQL3Y,,,8.0,8.0,
B00JPHQMOC,,,,,11.0
B00JPHQNCI,,,,154.0,154.0
B00JPHQO7C,,,,,81.0
B00JPHQOUO,,,,81.0,81.0
B00JPHQRQU,,,,,12.0
B00JPHQSHS,,,,,11.0
B00JPHTG1S,,,,,2.0
B00JPI3AUU,,,,74.0,
B00JPKSFKI,,,,2409.0,2409.0
B00JPKSKO4,,,428.0,,428.0
B00JQ5Y2X6,,,,,2.0
B00JQ7L2FU,,,,,1.0
B00JQGY74O,,,16.0,16.0,16.0
B00JQI1M5E,,,314.0,314.0,314.0
B00JQK1GKI,,,5.0,,
B00JQKCUVM,,,,,38.0
B00JQKGCAW,,,,,14.0
B00JQNA78W,299.0,,,,299.0
B00JQNCIYI,500.0,,,,500.0
B00JQWP54E,,,,,7.0
B00JR21I62,,,,,153.0
B00JR3OA5W,437.0,,,437.0,437.0
B00JR66C8M,,,,,298.0
B00JR66C9Q,,298.0,298.0,298.0,298.0
B00JR66CBO,,,,,298.0
B00JR66CFU,,,298.0,,298.0
B00JR66CJG,,,,,299.0
B00JR66FS4,,,,,298.0
B00JR66FW0,,,,,298.0
B00JR66IUY,,298.0,,,
B00JR66M2S,,,,,4.0
B00JR66MAK,,,,,6.0
B00JR66MJ6,,,,23.0,23.0
B00JR66P1G,,,,37.0,37.0
B00JR66S72,,,144.0,144.0,144.0
B00JR66SA4,,,,,11.0
B00JR66V60,,,44.0,44.0,44.0
B00JR66V9M,,,41.0,,41.0
B00JR66VBU,,,,,12.0
B00JR6738K,,,,,23.0
B00JR677QS,,,,23.0,23.0
B00JR67BD2,,,,45.0,
B00JR67BTQ,,23.0,23.0,23.0,23.0
B00JR67F1A,,,,,43.0
B00JR67F9M,,,,43.0,43.0
B00JR67FBK,,,,,45.0
B00JR67MLS,,,,29.0,
B00JR67PU6,,,27.0,27.0,27.0
B00JR67T66,27.0,27.0,27.0,27.0,27.0
B00JRC27TY,,,1208.0,1208.0,1208.0
B00JRFKT9G,,,724.0,724.0,724.0
B00JRHT9Q8,80.0,80.0,,,
B00JRJTE5C,,,,151.0,151.0
B00JRQKUOE,,,,,26.0
B00JRQMSL2,,,,,8.0
B00JRQN1GI,,,,,2.0
B00JRRMAL4,,,,,162.0
B00JRRSNSS,,,,12.0,
B00JRRTBA2,,,,,64.0
B00JRRUPK2,,,,,2.0
B00JRUH31I,,27.0,27.0,27.0,27.0
B00JRUH6EM,57.0,,57.0,57.0,57.0
B00JRUH6JW,,,,182.0,182.0
B00JRWX79I,,,,,711.0
B00JRWXHH0,,,,678.0,678.0
B00JRWXHHA,677.0,,,677.0,677.0
B00JRWXSPQ,114.0,,,,114.0
B00JRWYOXQ,272.0,,,,
B00JSEBBTI,,,,,51.0
B00JSMY9A8,,,,,147.0
B00JSVWV2M,,7590.0,7590.0,7590.0,7590.0
B00JSWM9TQ,,2968.0,,,
B00JTP5COQ,,,,,5.0
B00JU2HAAW,,,,,21.0
B00JU3U1SE,,,,4.0,
B00JU796IG,,,,,23340.0
B00JU797A8,23340.0,23340.0,,23340.0,23340.0
B00JU9K6FQ,85.0,85.0,,85.0,85.0
B00JUG0MIA,1548.0,,,,
B00JUMILSC,,,,,161.0
B00JUOTNRI,,,,,2.0
B00JV0AI2K,,,,,4.0
B00JV0BNAQ,,,53.0,53.0,53.0
B00JV53E0I,,,,,7.0
B00JVA2ULM,,,,,57.0
B00JVAFHR6,,189.0,,189.0,189.0
B00JVAMGKC,,,,,16.0
B00JVECX2Y,,,,,17.0
B00JVKO3SK,,,,120.0,120.0
B00JVOE20U,,294.0,294.0,294.0,294.0
B00JVOH180,,,,,386.0
B00JVU0G1S,,,612.0,,612.0
B00JVU5F0A,12424.0,12424.0,12424.0,12424.0,12424.0
B00JVXUB5G,2337.0,,2337.0,,2337.0
B00JVXWV6I,2517.0,,,2517.0,2517.0
B00JVZ28M8,,,,341.0,341.0
B00JVZ2V8O,341.0,,,,341.0
B00JVZ3CO6,,,,341.0,341.0
B00JW7JPL2,,,,,14.0
B00JWQ9H3Y,,,26.0,,
B00JWSNN00,10789.0,10789.0,,10789.0,10789.0
B00JWSNNRI,10789.0,10789.0,10789.0,10789.0,10789.0
B00JWSNO8G,19101.0,,19101.0,19101.0,19101.0
B00JWSO76Y,967.0,967.0,967.0,967.0,967.0
B00JWYXVBU,,,,10.0,
B00JWYYDI0,12.0,12.0,,,12.0
B00JWYYIK8,12.0,,,,
B00JWYYOQQ,,,,,12.0
B00JWYYWHC,,,,,3.0
B00JWYYWTK,,,,,3.0
B00JWYZ1UY,,,,,3.0
B00JWYZ6MW,,,,,22.0
B00JWZQTK4,8.0,,,,8.0
B00JXM48ZY,,,1072.0,1072.0,1072.0
B00JXM4KPM,,,,,6.0
B00JXM9BLK,,2894.0,2894.0,2894.0,2894.0
B00JXMJ1XS,,,,5.0,
B00JXMRTD2,,,915.0,,
B00JXQ2XX4,16.0,,,16.0,16.0
B00JXQGC68,584.0,,584.0,584.0,584.0
B00JY8FTDC,,,,58.0,58.0
B00JY8FTDW,,,,,5.0
B00JY8FTNW,,,,,19.0
B00JY8FVLC,16.0,16.0,16.0,,16.0
B00JY8FVNU,,,,,14.0
B00JY8FVOO,,,,,9.0
B00JY8FVP8,,,17.0,,17.0
B00JY8FVSU,,,,,28.0
B00JYA44MW,,,,,3718.0
B00JYWU5X2,,,,31.0,31.0
B00JZ1MM2Y,,,755.0,,755.0
B00JZ1N98U,755.0,755.0,,755.0,755.0
B00JZN0V34,,,,,39.0
B00JZPVK28,,90.0,,90.0,90.0
B00JZYIHES,6.0,,,,
B00JZZRNME,,,,529.0,529.0
B00JZZTU66,,,,132.0,132.0
B00K0928L0,,110.0,,110.0,110.0
B00K0E8VUW,,,,,2002.0
B00K0LC3AY,,,,201.0,201.0
B00K0LUFIQ,900.0,,900.0,,900.0
B00K0M20H4,,,,8.0,
B00K0NY7CO,164.0,,164.0,164.0,164.0
B00K0NYI32,,,,,164.0
B00K0O4SA4,,345.0,,,345.0
B00K0Q8R5O,,,,,367.0
B00K0R5XPK,492.0,492.0,492.0,492.0,492.0
B00K0SGN44,3420.0,3420.0,3420.0,3420.0,3420.0
B00K0TEF8E,794.0,794.0,794.0,794.0,794.0
B00K0U4YKC,,,18.0,,18.0
B00K14AHW6,,,,46.0,46.0
B00K14K7SA,,,295.0,295.0,295.0
B00K1F59SC,,,,,22.0
B00K1F5A3G,,,,,7.0
B00K1HJA3K,,,,,96.0
B00K1LYKUO,935.0,,935.0,,935.0
B00K1M65LK,387.0,387.0,387.0,387.0,387.0
B00K24YFIM,,665.0,665.0,665.0,665.0
B00K2GBE48,,,,4469.0,4469.0
B00K2SKP9Q,,,,,128.0
B00K2SKRXU,,,589.0,,
B00K2VZGHY,10.0,,,10.0,
B00K2ZGAVQ,414.0,,414.0,414.0,414.0
B00K31B8NY,,,414.0,,414.0
B00K31D0DK,,,414.0,,414.0
B00K33PK6S,,,,189.0,189.0
B00K34AYRW,,,71.0,71.0,71.0
B00K34NH4O,,1517.0,1517.0,,1517.0
B00K36VPOG,36.0,,36.0,36.0,36.0
B00K3BX1XY,,,,,6.0
B00K3R2IFA,612.0,,,,
B00K4EL89O,,,,370.0,370.0
B00K53DMZM,18.0,,,,
B00K59OQ4C,,,,,1.0
B00K5JGTSI,226.0,226.0,226.0,226.0,226.0
B00K5L4JHE,,,14.0,14.0,14.0
B00K5L4MN0,,88.0,,88.0,88.0
B00K5L56TO,5.0,,,,
B00K5L56X0,,3.0,,,
B00K5QMRHI,,,45.0,,
B00K5R7MEA,,,,,5.0
B00K5REX4W,,,,,29.0
B00K5SMHJE,,,,1517.0,1517.0
B00K5T7CES,,,,,19.0
B00K5VNDAS,,,,,9.0
B00K6338QE,,,,,7.0
B00K6B1XTA,,1923.0,1923.0,1923.0,1923.0
B00K6B1Z9S,1923.0,1923.0,,1923.0,1923.0
B00K6DIRW4,3701.0,,3701.0,3701.0,3701.0
B00K6G0WI8,,,179.0,179.0,179.0
B00K6I3YSQ,,,,,2.0
B00K6IOALQ,,,,,25.0
B00K6KK4Y6,,,,,3.0
B00K6LAAKI,6063.0,6063.0,6063.0,6063.0,6063.0
B00K6MHGZY,2732.0,2732.0,2732.0,2732.0,2732.0
B00K6MX6YO,,136.0,,,
B00K6N16ZO,,,,,156.0
B00K7A998C,,,,,1056.0
B00K7AIIIE,,,,,3327.0
B00K7C14Q0,,,1151.0,1151.0,1151.0
B00K7EFJW8,,,,15.0,
B00K7EFLMG,3.0,,,,3.0
B00K7LAVOW,,,,,3.0
B00K7O31L4,,,,23.0,
B00K7O3GCI,,,41.0,41.0,41.0
B00K7O3JR0,,,,37.0,37.0
B00K7W1ZWS,,169.0,,169.0,169.0
B00K86AIUI,94.0,,,94.0,94.0
B00K86DNCS,168.0,168.0,168.0,168.0,168.0
B00K8HK5T6,,,,,44.0
B00K8XYSDY,36.0,36.0,,,
B00K91ONNK,,,,,7.0
B00K91TN80,,,,,7.0
B00K91WFT4,,,,,8.0
B00K91ZYM4,,,12.0,,
B00K981PH0,,,,,11.0
B00K9M1G8E,,,,,7.0
B00K9R0J4G,,,,,743.0
B00K9R0OD2,,,,,544.0
B00K9RGFK8,,,,,2.0
B00K9VIPAW,,,,,7.0
B00KA5R3E6,,,,,120.0
B00KAGOWN0,83.0,,83.0,,83.0
B00KAZISEU,,,,,322.0
B00KB2YIBY,,,,,59.0
B00KB32UCM,,,,,16.0
B00KB7WJ56,540.0,540.0,540.0,540.0,540.0
B00KB9NX2M,,,,,499.0
B00KBH80TU,,183.0,183.0,183.0,183.0
B00KBLCQ96,,,386.0,386.0,
B00KBPSUYC,26892.0,26892.0,26892.0,26892.0,26892.0
B00KBRPNH2,,,773.0,,773.0
B00KBUQQ5C,,,5.0,,
B00KC2BLIQ,,,,372.0,372.0
B00KC4MZ66,,,,,11.0
B00KD77EN6,,,,283.0,283.0
B00KDIPESW,483.0,483.0,483.0,483.0,483.0
B00KDIPG6W,483.0,483.0,483.0,483.0,483.0
B00KDJU4KO,,,,,91.0
B00KDLMLQ2,,,,,370.0
B00KE8T4EG,5222.0,5222.0,5222.0,5222.0,5222.0
B00KFI6E7U,,,,38.0,38.0
B00KFMKMJM,,,,,1.0
B00KFMKZD0,,,,,8.0
B00KFML1NS,,,,,3.0
B00KFXILRG,,,150.0,150.0,150.0
B00KG6CC0Y,,,,,102.0
B00KGBT680,,,16.0,,16.0
B00KGGVT6M,,,33.0,,33.0
B00KGKFFT0,576.0,576.0,,576.0,576.0
B00KH4OW1M,2065.0,,,,2065.0
B00KH84Z2O,,,,,29.0
B00KH8QOOQ,,,,88.0,88.0
B00KH8QPEK,88.0,,,,
B00KH8QPW2,88.0,,,,
B00KHK5H4M,27.0,27.0,,27.0,
B00KHVJE7W,,,,,65.0
B00KHZOIAQ,,,,,2.0
B00KICHNPA,21.0,,,21.0,21.0
B00KIEVJVC,,,26.0,,26.0
B00KIEVK6Q,21.0,,21.0,,
B00KIEVK9S,,,11.0,,
B00KIEVNGS,4.0,,,,
B00KJEKG60,,281.0,,281.0,281.0
B00KJGOAYW,,,,,24.0
B00KJS0ANA,4555.0,4555.0,4555.0,4555.0,4555.0
B00KJS96T4,712.0,712.0,712.0,712.0,712.0
B00KJS9HU2,,,,,10.0
B00KJSBQHO,,,,,460.0
B00KJY3JT6,,,,,28.0
B00KJY4MII,,111.0,111.0,111.0,111.0
B00KLMZA0M,,,361.0,,361.0
B00KLN1JR4,,,,,412.0
B00KM5G4M6,,,,,102.0
B00KMJTBI6,,,,,94.0
B00KMJTBKE,,,,,24.0
B00KMJTBMM,,,,,94.0
B00KMJTBOU,,,,,7.0
B00KMJTBRM,,,,,41.0
B00KMJYAYG,,,,,114.0
B00KMKXT5G,,,,,1068.0
B00KMKXT6A,,,,,1068.0
B00KMKXTUQ,,,,,1068.0
B00KMKXTYW,1068.0,,,,
B00KMKXU3C,1.0,,,,
B00KMKXUGE,,,,1068.0,1068.0
B00KMKXUKA,,,,,1068.0
B00KMKXUQY,,,,,1068.0
B00KMKXUU0,,,,,6.0
B00KMKXUVY,1068.0,,,1068.0,1068.0
B00KMQ86S0,,,,,23.0
B00KMRXQAW,,,,,3.0
B00KMVS7GQ,,,18.0,,18.0
B00KMW10FA,,29.0,,29.0,29.0
B00KMW5BDM,3262.0,3262.0,3262.0,3262.0,3262.0
B00KMW5C4U,3502.0,3502.0,3502.0,3502.0,3502.0
B00KN0ARV4,,,,230.0,230.0
B00KN0H9BK,62.0,,,,62.0
B00KN0WKJ6,213.0,,,213.0,213.0
B00KN0WP5A,,,,58.0,
B00KNB5WOK,,,,,88.0
B00KNDEKNM,1068.0,,,,
B00KNEDQ72,6164.0,6164.0,6164.0,6164.0,6164.0
B00KNEDQ86,6164.0,,6164.0,6164.0,6164.0
B00KNEDQ9K,6164.0,6164.0,6164.0,6164.0,6164.0
B00KNEDQA4,6164.0,,6164.0,6164.0,6164.0
B00KNEDQDQ,,,,6164.0,6164.0
B00KNPU3D6,,,,,5.0
B00KNY0CWO,,,,,39.0
B00KNYSYBK,,,,3.0,
B00KNZ4NW8,,,,,3.0
B00KO7GX6O,,,428.0,428.0,428.0
B00KOBXISG,,,,,26.0
B00KOJ9KIA,,,666.0,,666.0
B00KOJ9KKS,666.0,666.0,,,666.0
B00KOJ9P9Y,315.0,315.0,315.0,315.0,315.0
B00KOJ9PB2,2175.0,2175.0,2175.0,2175.0,2175.0
B00KOQPGN6,,,,,27.0
B00KOUZVFA,,,8.0,,
B00KPTYKMA,,39.0,,39.0,39.0
B00KPVFL4E,898.0,,898.0,898.0,898.0
B00KPVFLCG,,,,7.0,7.0
B00KQ47Y90,,,,45.0,45.0
B00KQYAS98,185.0,185.0,185.0,185.0,185.0
B00KQYESA8,307.0,307.0,307.0,307.0,307.0
B00KR1WOQ0,,,,,2.0
B00KRFOZ8G,,,,3.0,
B00KRI9H4K,,,20.0,,20.0
B00KRNCDP0,,,,,2.0
B00KS4JCEI,,,,,34.0
B00KS4JHWA,45.0,,,,
B00KS4JXVA,,,,8.0,
B00KS4JXXS,264.0,,,,264.0
B00KS4K20G,,,20.0,,
B00KS4KLHA,,,,,182.0
B00KS4KLP2,,,,,5.0
B00KS4KQ4I,49.0,,49.0,49.0,49.0
B00KS4KQD4,52.0,52.0,,,52.0
B00KS4KQI4,,,,93.0,93.0
B00KS65O8O,,,23.0,,
B00KSD82AE,3365.0,3365.0,3365.0,3365.0,3365.0
B00KSOK134,321.0,,321.0,321.0,321.0
B00KSOPHRE,,132.0,132.0,132.0,132.0
B00KSOTWU2,,,,271.0,271.0
B00KSP16PU,,358.0,358.0,358.0,358.0
B00KSR29SQ,272.0,272.0,272.0,272.0,272.0
B00KSS3MJ0,11779.0,11779.0,11779.0,11779.0,11779.0
B00KSYZACG,281.0,,281.0,,281.0
B00KT3WFG0,,,5.0,,
B00KT5LAOG,,,3472.0,3472.0,3472.0
B00KTE1NXU,,,823.0,823.0,823.0
B00KTE6NX0,,,,,1.0
B00KTEIS38,,4.0,,,4.0
B00KTG5YV0,,,25.0,25.0,25.0
B00KTGAX66,,,,,1169.0
B00KTTCYQK,,,,,85.0
B00KTTFTBW,,,,,64.0
B00KTTJI5K,,,,30.0,30.0
B00KTTLN8A,,,,119.0,119.0
B00KTTO5FS,,,38.0,,38.0
B00KTTQ6ZA,,,,180.0,180.0
B00KTV2GD4,,,88.0,88.0,88.0
B00KU6RCRI,,1129.0,,,1129.0
B00KV2S5UO,,907.0,907.0,907.0,907.0
B00KVFQ2ME,25.0,,,25.0,
B00KVFT1JA,25.0,25.0,25.0,,25.0
B00KWSTLLY,,,,155.0,155.0
B00KWT4SQG,,107.0,107.0,,107.0
B00KWT8HCC,,,,,23460.0
B00KWTI6IC,300.0,,300.0,300.0,300.0
B00KX5WT5G,,,,22.0,22.0
B00KXEWE98,541.0,,541.0,541.0,541.0
B00KY15O8I,,,,,835.0
B00KY15WZI,,,,835.0,835.0
B00KY15Z7I,,,,,835.0
B00KY163NS,,,,,835.0
B00KY165IQ,,,,,835.0
B00KY32DF8,,,,379.0,379.0
B00KY4PSOA,10961.0,10961.0,,10961.0,10961.0
B00KY81HJ6,2867.0,2867.0,2867.0,2867.0,2867.0
B00KY82C5E,,,,,218.0
B00KY8SL0Y,,,,,44.0
B00KYADAYE,,,,,48.0
B00KYAHH6G,,109.0,,,109.0
B00KYAYL2E,,,,121.0,121.0
B00KYB2JLS,,,50.0,,
B00KYB4DK8,,,,,27.0
B00KYB5D9I,,,103.0,,103.0
B00KYBBDJC,,,129.0,129.0,129.0
B00KYBWSFK,,,,,129.0
B00KYCLTCM,401.0,401.0,401.0,401.0,401.0
B00KYURFYA,,,51.0,,51.0
B00KYURKC2,,,,,10.0
B00KYURU04,10.0,,,,
B00KYUS2WO,,,,,10.0
B00KYV9XQC,,,,,21.0
B00KYVA0WS,,327.0,,,
B00KYVDBVU,,,,,9.0
B00KYVDDAY,5.0,,,,
B00KYVDGEC,,16.0,,16.0,16.0
B00KYVGFPO,,,,,30.0
B00KYW2WT6,,,,,57.0
B00KZ2Q1YW,,14.0,,,14.0
B00KZTTYOE,,,,,11.0
B00KZZMNH8,,,,,61.0
B00L00E2NU,7168.0,,7168.0,7168.0,7168.0
B00L00RLVA,,4131.0,4131.0,,4131.0
B00L01DEII,19101.0,19101.0,19101.0,19101.0,19101.0
B00L0Q4HMK,,,,,2207.0
B00L0SQ7XU,,,,,6063.0
B00L1JKKMC,428.0,,428.0,428.0,428.0
B00L1KJXOW,,,,,535.0
B00L2E985G,,,,,10.0
B00L2GYRK0,,,,106.0,106.0
B00L33RUPG,,,,,3796.0
B00L3EKRTG,,,,239.0,239.0
B00L3EKSG8,94.0,94.0,,,94.0
B00L42ZC24,,,,,1.0
B00L496HF8,,,,,1.0
B00L4HRLCS,,,2119.0,2119.0,2119.0
B00L4OS2LU,926.0,926.0,926.0,926.0,926.0
B00L5NXRMO,,3976.0,,3976.0,3976.0
B00L5NXRPG,,3976.0,,3976.0,3976.0
B00L5ZESQG,,,,3.0,3.0
B00L6G8KGI,,40.0,,,40.0
B00L6LYYN6,,150.0,,150.0,
B00L72QEF0,,,,,27.0
B00L7T3MDK,45.0,,45.0,,
B00L7WWUIK,22.0,,,,22.0
B00L87UPH2,800.0,800.0,800.0,800.0,800.0
B00L8OOSL4,518.0,,,,
B00L8PB4DS,,,,,92.0
B00L96OQ3Q,,,,,3.0
B00L96QS1E,,43.0,,,
B00L9M27I6,,,50.0,50.0,
B00L9S1EN4,,,,35.0,35.0
B00L9XRVM2,1553.0,1553.0,1553.0,1553.0,1553.0
B00LA5NHXQ,5816.0,5816.0,5816.0,5816.0,5816.0
B00LA5NKTM,660.0,660.0,660.0,660.0,660.0
B00LA67R5E,136.0,,,,136.0
B00LA67R86,,,10.0,,10.0
B00LA8HN0Q,,,,,33.0
B00LA8HSRO,,,,28.0,28.0
B00LALX74Y,,,,,8.0
B00LAY38SQ,,,,,938.0
B00LAYEVNM,,,,523.0,523.0
B00LAYG284,,,,,561.0
B00LAYICH8,,,,37.0,37.0
B00LB8GBO4,,739.0,,739.0,739.0
B00LB8GBOY,,,,,739.0
B00LB9IUBU,,,,121.0,121.0
B00LBA5IV4,,,,,3430.0
B00LBEXC3Q,,,,,526.0
B00LBHEP3O,17617.0,17617.0,17617.0,17617.0,17617.0
B00LBIB9DC,,22.0,,22.0,22.0
B00LBIBB5S,,38.0,,,38.0
B00LBIGSTC,33.0,33.0,,33.0,33.0
B00LBIJQIM,,14.0,,,
B00LBIJRQS,,,,,14.0
B00LBZFLOS,411.0,411.0,411.0,,411.0
B00LC0G3P8,,,,,1127.0
B00LC0G4FM,3118.0,,,3118.0,3118.0
B00LCBNOPO,3664.0,3664.0,3664.0,3664.0,3664.0
B00LCBRIW4,108.0,,108.0,108.0,108.0
B00LCCRA26,,,,3.0,3.0
B00LCUSSBK,221.0,,,221.0,221.0
B00LD6R7PQ,310.0,,,,310.0
B00LDAT9BW,1123.0,1123.0,1123.0,1123.0,1123.0
B00LEFJL14,,,,,5.0
B00LEL6RH4,,,,7580.0,
B00LFNCXHY,,,,,10.0
B00LFO2GHU,249.0,,249.0,249.0,249.0
B00LFO74UO,,97.0,97.0,97.0,97.0
B00LFXJL6U,,,,,11.0
B00LG6ATR6,,,,,138.0
B00LG9Q6IE,249.0,,249.0,249.0,249.0
B00LG9UBEO,,2720.0,2720.0,,2720.0
B00LGTY7BM,,,148.0,148.0,148.0
B00LH5AS36,,123.0,,,123.0
B00LINZRPQ,,,,34.0,34.0
B00LITX85Q,,,,3.0,
B00LIXT46E,,,,,9.0
B00LJ4A09M,,148.0,,148.0,148.0
B00LJXCZNM,,,,,11.0
B00LKLZ6EI,111.0,,,,111.0
B00LL8QODW,,,,2894.0,
B00LLDUD6G,,,,,2.0
B00LLJI5ZG,361.0,,361.0,361.0,361.0
B00LLJI95W,574.0,,,,
B00LLJIIO4,,,,,286.0
B00LLJIIWQ,148.0,,,,148.0
B00LLJIPSI,484.0,,484.0,484.0,484.0
B00LLJJ064,,,,89.0,89.0
B00LLJJH7G,,586.0,586.0,586.0,586.0
B00LMG5TFW,,,419.0,419.0,419.0
B00LMG6PGO,,,,,2066.0
B00LMQVB9K,9054.0,9054.0,9054.0,9054.0,9054.0
B00LNCB4A4,,,,,11.0
B00LNJSDWO,,,,219.0,
B00LNJTR1K,6164.0,,,6164.0,6164.0
B00LNJWTHO,,,6164.0,6164.0,6164.0
B00LNK0QW8,6164.0,6164.0,6164.0,6164.0,6164.0
B00LNMZ09A,,,,,4.0
B00LO1DNXU,13754.0,13754.0,13754.0,13754.0,13754.0
B00LO1FIHE,,,,391.0,391.0
B00LO1FP0O,391.0,,,391.0,391.0
B00LO1FP4A,,391.0,,,391.0
B00LO1FPBI,,,,,391.0
B00LO1FSQ0,391.0,,,391.0,391.0
B00LO1FSQU,,,,391.0,
B00LO1FT78,391.0,391.0,,391.0,391.0
B00LO2RO7K,5374.0,,,,5374.0
B00LOS8L6M,,,,195.0,195.0
B00LOSB7T0,,,,410.0,410.0
B00LOZV3JM,,,6.0,,
B00LP11OR6,,,,,30.0
B00LP11RX2,,,,,1.0
B00LP8XERW,,,,,41.0
B00LP9BRGQ,,,,,236.0
B00LPFN1D2,,11.0,,,11.0
B00LPLOCJ8,,,,,174.0
B00LPR1CM2,2898.0,,2898.0,2898.0,2898.0
B00LPR3ZS6,2899.0,2899.0,2899.0,2899.0,2899.0
B00LPRN1I0,,,576.0,576.0,576.0
B00LPYBJLY,,,155.0,,155.0
B00LRWAZU0,,,,,513.0
B00LRWMHJ2,,,,,238.0
B00LSX5MZ6,,,3.0,,3.0
B00LTJRJ4G,3487.0,3487.0,3487.0,3487.0,3487.0
B00LTM3U82,,,,840.0,840.0
B00LTT1UK0,,,,,36.0
B00LTU3VYW,,,,,2422.0
B00LU2CUA0,,,,,111.0
B00LU52VAQ,,637.0,637.0,637.0,637.0
B00LUTZN2A,1051.0,1051.0,1051.0,,1051.0
B00LUUWWVO,,,,3.0,3.0
B00LUZWI7M,,,,,8.0
B00LV270PO,,1492.0,1492.0,1492.0,1492.0
B00LV2E96C,1377.0,1377.0,,,1377.0
B00LVB6CI6,534.0,,,,534.0
B00LVQPKCU,,,,9284.0,9284.0
B00LVTSM90,,,660.0,660.0,660.0
B00LVV5Y1W,16.0,,,16.0,16.0
B00LWOSV4U,119.0,,,119.0,119.0
B00LX4YN2I,,22.0,,22.0,22.0
B00LXOOI96,1198.0,1198.0,1198.0,1198.0,1198.0
B00LXOR3QQ,673.0,673.0,673.0,673.0,673.0
B00LYV0WZM,,,,285.0,285.0
B00LZVJ49G,22.0,,,,
B00M0ETPZK,339.0,,339.0,,339.0
B00M0RQ8VQ,,,,,361.0
B00M0RR2DO,,,,,332.0
B00M0SEB4G,279.0,,,,279.0
B00M0U345G,,,,144.0,144.0
B00M0URA2Y,689.0,689.0,689.0,689.0,689.0
B00M0V03Q8,416.0,416.0,416.0,416.0,416.0
B00M0V083Q,,47.0,47.0,47.0,47.0
B00M0V0CT6,,,,27.0,
B00M0V352C,,95.0,95.0,95.0,95.0
B00M0V36MG,49.0,,49.0,49.0,49.0
B00M0V37MK,3443.0,3443.0,3443.0,3443.0,3443.0
B00M0V38YW,88.0,88.0,88.0,88.0,88.0
B00M0V39VE,3443.0,3443.0,3443.0,3443.0,3443.0
B00M0V3B1C,123.0,123.0,,123.0,123.0
B00M0V3C0M,84.0,84.0,84.0,84.0,84.0
B00M0V3D7Y,,,95.0,95.0,95.0
B00M0V3FCM,3443.0,,3443.0,3443.0,3443.0
B00M0V3GHG,3443.0,3443.0,3443.0,3443.0,3443.0
B00M0V3HQQ,3443.0,3443.0,3443.0,3443.0,3443.0
B00M0V3IWE,,,50.0,,50.0
B00M0V3K0Y,3443.0,3443.0,3443.0,3443.0,3443.0
B00M0V3L1C,3443.0,3443.0,3443.0,3443.0,3443.0
B00M0V3MB6,3443.0,3443.0,3443.0,3443.0,3443.0
B00M0V3NNS,,,94.0,94.0,94.0
B00M0V3PEU,,3443.0,3443.0,,3443.0
B00M0V3QRQ,3443.0,3443.0,3443.0,3443.0,3443.0
B00M0V3RS4,,,86.0,86.0,86.0
B00M0V3T32,,,,75.0,75.0
B00M1QZWKY,,,,104.0,104.0
B00M1XGR6K,,,156.0,156.0,156.0
B00M1YVTI0,,,,25.0,25.0
B00M1YVTJY,,,,,42.0
B00M20R80G,,,,,9.0
B00M25NE0E,,,,,10961.0
B00M25T4CQ,,,,,10961.0
B00M25WE8W,,,,,10961.0
B00M268MXM,,602.0,,,602.0
B00M268TXK,,,,,108.0
B00M268Z16,,,,1027.0,1027.0
B00M26BLSK,10961.0,,,,
B00M2GXRIM,,,,,103.0
B00M32Q42G,67.0,67.0,67.0,67.0,67.0
B00M32Q9V2,,,,50.0,50.0
B00M32QCU0,,,,,12.0
B00M32QHEG,,63.0,63.0,63.0,63.0
B00M39SUAI,,,,7.0,7.0
B00M39SVUM,,,,,1.0
B00M39T3ZE,,,,,7.0
B00M3DSVOO,15597.0,15597.0,15597.0,15597.0,15597.0
B00M3EXZ26,754.0,,754.0,754.0,754.0
B00M40GEPO,,,,,103.0
B00M4DCQ6M,253.0,253.0,,253.0,253.0
B00M4O1ZRC,,,,,24590.0
B00M4RASQS,,,,364.0,364.0
B00M6RTHSQ,,,,,2.0
B00M77EO10,,,,,10961.0
B00M8F090Q,,34.0,,34.0,34.0
B00M8MLMCI,,,38.0,,38.0
B00M911QZ6,,,,,4.0
B00M962E2U,270.0,,,270.0,270.0
B00M9BS1EU,121.0,,121.0,121.0,121.0
B00M9LGIUE,,,,44.0,44.0
B00MAE1O0Y,656.0,656.0,656.0,656.0,656.0
B00MAKEMCU,,,1332.0,1332.0,1332.0
B00MALA4RQ,24.0,,24.0,,24.0
B00MATAXT2,,,703.0,703.0,703.0
B00MB4OMBG,2253.0,2253.0,2253.0,2253.0,2253.0
B00MBN8ALU,,,,,4.0
B00MBX0GQC,4008.0,4008.0,4008.0,,4008.0
B00MCV2IPA,,790.0,790.0,790.0,790.0
B00MD0BWGQ,,,,22.0,
B00MEGC0HY,,,,,27.0
B00MEP8TTS,,,5.0,,
B00MEP941U,,,,,12.0
B00MEP9MA8,2474.0,2474.0,,2474.0,2474.0
B00MEPA5G8,,129.0,,,129.0
B00MEPABTO,,25.0,,,
B00MEPBA08,,,,,22.0
B00MEPE2D0,,,,10.0,
B00MEPGC10,396.0,,,,396.0
B00MEPM1MY,,,,15.0,15.0
B00MEPM2Q4,,,,,30.0
B00MEPMZ34,,,,,2.0
B00MEPN0QU,,,,,81.0
B00MEPN6W8,16.0,16.0,16.0,,
B00MEPN8C6,,,,,95.0
B00MEPNNBC,,18.0,,,
B00MEPOWM6,,,,,307.0
B00MEPWM0A,,,,,71.0
B00MEPWMTQ,46.0,,,46.0,46.0
B00MEPWOGM,,,,44.0,44.0
B00MFLZN0E,,7.0,,,
B00MFTOMLC,2562.0,2562.0,2562.0,2562.0,2562.0
B00MFTPFWC,,,624.0,624.0,624.0
B00MFTXDPS,,,,2562.0,2562.0
B00MFW4EVM,,,,,2521.0
B00MFW4F20,2521.0,2521.0,2521.0,2521.0,2521.0
B00MFW4F2K,2521.0,2521.0,2521.0,2521.0,2521.0
B00MFWOQ1K,,,,,5.0
B00MFWVVOA,,,,34.0,
B00MFWVX02,,6.0,,,
B00MFWW0FE,946.0,946.0,946.0,946.0,946.0
B00MG1OOD0,139.0,139.0,139.0,,139.0
B00MG35OZU,48.0,,,,
B00MG3CWQ4,198.0,,,,198.0
B00MG3DU4M,,,,,48.0
B00MG4FQ6Q,368.0,368.0,368.0,368.0,368.0
B00MG4MM2C,,,,,19.0
B00MGHVUHM,731.0,,,,731.0
B00MGQO3PE,,,,,6.0
B00MGQO3UO,,,,,17.0
B00MGQO3ZO,,,,,24.0
B00MGQO516,,,,15.0,15.0
B00MGSJG3G,86.0,,86.0,86.0,86.0
B00MGTD6FO,,,,,10961.0
B00MGTEQD0,,,,,10961.0
B00MGTH55G,,10961.0,,,10961.0
B00MGTK01C,,,,10961.0,
B00MGTKVE8,,,,7.0,7.0
B00MGTQUU2,,10961.0,,,
B00MGTRSYY,,,,,10961.0
B00MGTVWCS,10961.0,,,,10961.0
B00MGTZFGM,,,,,10961.0
B00MGU6EZC,,,,,10961.0
B00MGUEZ5I,,,,10961.0,
B00MGUGCAO,,,10961.0,,
B00MGUHZBO,,10961.0,10961.0,,10961.0
B00MGUNUU4,10961.0,,,10961.0,10961.0
B00MGUQT8E,10961.0,,,,
B00MGUWB86,,,,,10961.0
B00MGUYHAQ,,,,,10961.0
B00MGV01NC,,10961.0,,,
B00MGV2RQG,,10961.0,10961.0,,10961.0
B00MGV7RI4,,,,,10961.0
B00MGV9O9Y,10961.0,,,,10961.0
B00MGVIYRW,,,,,10961.0
B00MGVMQ8K,,10961.0,,,
B00MGVNLB6,,10961.0,,,
B00MGVRPS6,10961.0,,,,10961.0
B00MGVSH10,10961.0,10961.0,,,10961.0
B00MGVTWWI,,,,,10961.0
B00MGVYETY,,,,10961.0,
B00MGXE0SC,,,,294.0,294.0
B00MH8Z0E4,,,,,3.0
B00MHCKVC6,,,,,117.0
B00MI5KZYQ,87.0,,,87.0,87.0
B00MI6OWCQ,5291.0,5291.0,,5291.0,5291.0
B00MI6OYEM,4863.0,4863.0,4863.0,4863.0,4863.0
B00MIPTYES,,,,,1559.0
B00MJ2UJKI,,,,,11.0
B00MJCP9HG,,,,,277.0
B00MMHS2YU,,,,,41.0
B00MMHSOPM,,,,,70.0
B00MNG6EW2,547.0,,,547.0,547.0
B00MNUU82U,,,,,52.0
B00MNVEYL0,7.0,,,,7.0
B00MO1U0IA,70.0,,70.0,,
B00MOJXDNQ,469.0,,469.0,469.0,469.0
B00MOSWJ5A,135.0,135.0,135.0,135.0,135.0
B00MOU5NRE,865.0,865.0,865.0,865.0,865.0
B00MOXQ8JI,,,,14.0,
B00MOYS5UM,,,,,47.0
B00MOZDOCU,,,,,331.0
B00MQ4SUUU,15597.0,15597.0,15597.0,15597.0,15597.0
B00MQBSRZG,,,,,1349.0
B00MR5OYRQ,,,,8.0,
B00MR9VAP6,,67.0,67.0,,67.0
B00MRGGFZO,532.0,,532.0,532.0,532.0
B00MRRFMBQ,,,28.0,28.0,28.0
B00MRRFMCA,,,,301.0,301.0
B00MRVOQ78,,,,36.0,36.0
B00MSRXNNO,928.0,,,928.0,928.0
B00MTIUCP4,303.0,,303.0,303.0,303.0
B00MTR55T8,1343.0,1343.0,1343.0,1343.0,1343.0
B00MTR5ATS,2450.0,2450.0,2450.0,2450.0,2450.0
B00MTUT6FY,,,185.0,,185.0
B00MTUT834,,,322.0,322.0,322.0
B00MTUTL0E,15.0,,15.0,,
B00MTWEXVO,,,,,7.0
B00MU3HB8Y,,,,,4.0
B00MU3UVFY,,,,,2771.0
B00MU6ARHS,,197.0,,,197.0
B00MU8ER22,92.0,92.0,92.0,92.0,92.0
B00MUB9IXC,,,,,105.0
B00MUE4L7M,,,,,1870.0
B00MUVRLRW,,28.0,,,28.0
B00MUVRP8C,,,,,8.0
B00MV62EJG,971.0,971.0,971.0,971.0,971.0
B00MV639S6,487.0,,,487.0,487.0
B00MV97ZF6,,,403.0,403.0,403.0
B00MVDVTPO,,,,,128.0
B00MVQ3IQO,,,29.0,29.0,29.0
B00MVQ3IUK,,,29.0,,
B00MW3KZ8K,,,24.0,,
B00MW9JU30,,,36.0,36.0,36.0
B00MX2B2L4,,,,,33.0
B00MXB9H4Y,421.0,421.0,421.0,421.0,421.0
B00MXBDL9Q,144.0,,144.0,144.0,144.0
B00MXBKTX2,,,,,39.0
B00MXBZEQ4,23.0,,,,23.0
B00MXHL6Y2,68.0,,68.0,68.0,68.0
B00MXHLADY,,,28.0,28.0,28.0
B00MXHLKAW,,,63.0,63.0,63.0
B00MXHLPSY,96.0,,96.0,96.0,96.0
B00MXHLTOO,,,,,5.0
B00MXHLX68,14.0,,,14.0,14.0
B00MXHM3G2,,,,,14.0
B00MXHM6IC,,76.0,,76.0,76.0
B00MXHN2L2,,,,76.0,76.0
B00MXHN6FO,,,12.0,,
B00MXHNCKS,,,,57.0,57.0
B00MXHNFPU,,,,,23.0
B00MXHNIMK,,,,,61.0
B00MXM1MIM,,,,,153.0
B00MXT6TME,1091.0,1091.0,1091.0,1091.0,1091.0
B00MXZNZ98,,,,,38.0
B00MYF0HT8,,,,,7.0
B00MYIRCTS,22.0,22.0,,,22.0
B00MZD74CM,,,,,1.0
B00MZX0U8W,,,,38.0,38.0
B00N057UE6,,,,,55.0
B00N077BJI,,,29.0,,
B00N07DYJE,,,,96.0,96.0
B00N0U3XEM,,,,,2.0
B00N0U3ZB8,,,,,12.0
B00N0YDZF0,383.0,,383.0,,383.0
B00N0YMKMO,180.0,,,,180.0
B00N10Y0TI,1454.0,1454.0,1454.0,1454.0,1454.0
B00N1IY75W,198.0,198.0,,198.0,198.0
B00N1NC9L6,85.0,85.0,85.0,85.0,85.0
B00N1ORWIU,476.0,476.0,476.0,476.0,476.0
B00N1X3GOK,,,53.0,,53.0
B00N1Z3KPS,,,,,2.0
B00N20GH7A,,,,,55.0
B00N2133QM,,300.0,300.0,300.0,300.0
B00N21CV9C,,300.0,300.0,300.0,300.0
B00N24VU5A,,,21.0,,
B00N25P6HW,213.0,,,213.0,213.0
B00N2605RW,,,317.0,,317.0
B00N27L7HI,2011.0,2011.0,2011.0,2011.0,2011.0
B00N2JNXUA,,,,22.0,22.0
B00N2JNXW8,,53.0,53.0,53.0,53.0
B00N2JO05C,,,,,8.0
B00N2JO3K4,,,,6.0,6.0
B00N2V2SIQ,,69.0,69.0,69.0,69.0
B00N2ZWN7I,105.0,,,,105.0
B00N2ZZZWS,,,,,532.0
B00N31LYZ8,,41.0,,41.0,41.0
B00N3206BU,27.0,27.0,,,27.0
B00N3V6YYO,,,,,23.0
B00N40VAZM,,148.0,148.0,148.0,148.0
B00N418TXC,,,,,10.0
B00N41DMKC,,,,,5.0
B00N41EZM6,,,,,26.0
B00N47E71E,,,,,98.0
B00N47FI5I,,,,,21.0
B00N49K1NA,,,,41.0,
B00N4KJZUO,,,,,789.0
B00N4ZZ3SM,,,,,9.0
B00N514J1M,15597.0,15597.0,15597.0,15597.0,15597.0
B00N51B438,8.0,,,,8.0
B00N54RME0,2266.0,2266.0,,2266.0,2266.0
B00N6F3KHG,1700.0,1700.0,1700.0,1700.0,1700.0
B00N6F8Z6W,,,,,275.0
B00N6UDALW,,,,110.0,110.0
B00N7EZ1D2,,,,,63.0
B00N7ZJJI4,,,,,76.0
B00N8ISQEI,,1584.0,1584.0,1584.0,1584.0
B00N94TC44,1203.0,1203.0,1203.0,1203.0,1203.0
B00N950GXO,,,739.0,739.0,739.0
B00N9HUZGK,,,,,39.0
B00N9TSRPE,572.0,572.0,572.0,572.0,572.0
B00NAC1CUW,,,,,74.0
B00NAF869O,,123.0,,123.0,123.0
B00NAHWP2G,,,,4.0,4.0
B00NAM7WKG,,,,,610.0
B00NAQAP2E,,,,,440.0
B00NAQF312,,,,,4.0
B00NAVMGDA,,,,,93.0
B00NAVMV30,,,,27.0,
B00NAVNVSE,,,,,11778.0
B00NAVNYFO,,2532.0,,,2532.0
B00NB3XVMC,,,465.0,,465.0
B00NB3Y7TS,,,,,31.0
B00NBANFG2,,,,60.0,60.0
B00NBCTFE6,,,52.0,52.0,52.0
B00NBFKB2S,754.0,,,,754.0
B00NBFXGUM,10.0,,,10.0,
B00NBGJCKE,,,,4.0,
B00NBTIJSM,,,,34.0,34.0
B00NC3VPA6,,,,327.0,327.0
B00NCCJA54,21.0,,21.0,21.0,21.0
B00NCFU988,1016.0,,1016.0,1016.0,1016.0
B00NCG52BG,,,,,25.0
B00NCGI86C,,,,,376.0
B00NCHR9BQ,3343.0,,,3343.0,3343.0
B00NCSHAGE,,,,,26.0
B00NCSOW56,19.0,,,,19.0
B00NDF0NN8,1573.0,1573.0,1573.0,1573.0,1573.0
B00NDV53TG,,,,,191.0
B00NE5Q9JO,,,1561.0,1561.0,1561.0
B00NEPFQPW,45.0,,,45.0,
B00NEPFQYS,,,9.0,9.0,9.0
B00NEPFTJK,13.0,13.0,,13.0,13.0
B00NEPFTLI,,,,,4.0
B00NEPFVGG,,,118.0,,118.0
B00NEPFVLG,118.0,118.0,118.0,118.0,118.0
B00NEPFYV8,,,,,1.0
B00NER2GWQ,,,,,5.0
B00NERPNYE,,1528.0,,1528.0,1528.0
B00NF1OGBA,,,,,123.0
B00NF20ABE,250.0,,,250.0,250.0
B00NF2EKY2,,340.0,340.0,340.0,340.0
B00NF2ZLQS,282.0,,282.0,,282.0
B00NFG8XL4,,,,,2512.0
B00NFGVVK4,,,,,105.0
B00NFR0W9O,,,,,427.0
B00NFR0WB2,,1027.0,1027.0,,1027.0
B00NFR0WBW,1027.0,,,1027.0,1027.0
B00NFR0ZQ4,,,,300.0,300.0
B00NFTK9KO,2855.0,2855.0,2855.0,2855.0,2855.0
B00NFZYBVQ,,,,,6.0
B00NGJLCEK,,,206.0,206.0,206.0
B00NGQEA42,,,44.0,,
B00NGQEC04,,,,,5.0
B00NGQWKIA,,,,,8.0
B00NH839P0,,,140.0,,140.0
B00NH8QUTM,,,,,123.0
B00NI23B3A,,,,,37.0
B00NI25LZ6,4.0,,,,
B00NI2ULJW,,,,1195.0,1195.0
B00NI35ZS8,503.0,503.0,503.0,503.0,503.0
B00NIQALAC,,,30.0,30.0,30.0
B00NIQMM36,,,,,126.0
B00NIRBMFE,,,,,1008.0
B00NIRZHWI,,,,9.0,
B00NIV9FZE,,,,,82.0
B00NIV9JYQ,20.0,,,,20.0
B00NIV9K40,10.0,,,,10.0
B00NJ347T0,,14.0,14.0,,14.0
B00NJ6L4V6,23.0,,,23.0,23.0
B00NJ7W8ZQ,217.0,,217.0,217.0,217.0
B00NJFDF28,,5.0,,,
B00NJWFI2Q,144.0,,144.0,144.0,144.0
B00NJWPBYG,,170.0,,170.0,170.0
B00NJX41GY,1021.0,1021.0,1021.0,1021.0,1021.0
B00NL3XKY6,88.0,,,88.0,88.0
B00NL8SR4E,,,88.0,88.0,88.0
B00NLANIWI,,,,,22.0
B00NLZA4FC,,28.0,,,28.0
B00NM1LBZ2,88.0,,88.0,88.0,88.0
B00NM3JIKA,,,,,119.0
B00NM4H7CA,,,,,2.0
B00NM4HB1W,,,,,5.0
B00NM4HBB2,2484.0,2484.0,2484.0,2484.0,2484.0
B00NM4HIR4,,,,,2.0
B00NM4HQ30,,7.0,,,
B00NM75BX4,365.0,,365.0,365.0,365.0
B00NMIYXBE,,,,,39.0
B00NMLMGUQ,,,,,660.0
B00NMPULMM,,,,,25.0
B00NMVUAP4,,,,,3430.0
B00NNDSY18,,,,,3.0
B00NNUJJ4C,242.0,,,,242.0
B00NNUMI86,19547.0,19547.0,19547.0,19547.0,19547.0
B00NNWFZ0W,,,,2790.0,
B00NOO7TEE,269.0,,,,
B00NOTARFW,261.0,,,,261.0
B00NOZHVUA,822.0,822.0,822.0,822.0,822.0
B00NOZI1TU,822.0,,822.0,822.0,822.0
B00NP07GKY,2807.0,,2807.0,2807.0,2807.0
B00NP4G0A2,608.0,,,,608.0
B00NP9HU9C,,37.0,,37.0,37.0
B00NPIXDFS,,,,,12.0
B00NPIXEI4,,,,,12.0
B00NPIXHOK,12.0,,,,
B00NPIXJHK,,,12.0,12.0,12.0
B00NPIXKCO,,,,12.0,
B00NPJ946Y,,,15.0,,
B00NPTXUYG,350.0,,,,350.0
B00NQ2GJF4,,,,,33.0
B00NQ2GS6E,,344.0,344.0,344.0,344.0
B00NQBGOUA,,,,,6.0
B00NQCR1M4,,6.0,6.0,,
B00NRGYJJC,,,,,9.0
B00NSKSNKI,,,,,868.0
B00NSW1MWM,147.0,147.0,147.0,147.0,147.0
B00NT54392,124.0,,124.0,,124.0
B00NT96HF6,,,,,15.0
B00NTOCNFO,,,,,3.0
B00NTRS6GG,,,,14.0,14.0
B00NU00PG6,,,3581.0,,3581.0
B00NU4LW00,1451.0,,,,
B00NU63GOS,,,,13.0,
B00NUA3MSY,,,37.0,,
B00NV3X0WS,3501.0,3501.0,3501.0,3501.0,3501.0
B00NV5GDJS,,,,,5.0
B00NV5GKKK,,,,4.0,
B00NV5GL8G,,,,,2.0
B00NV5GPFK,3.0,,,,3.0
B00NV5GTGA,,,,,3.0
B00NVDNHLC,,,104.0,104.0,104.0
B00NVIBXRW,15597.0,15597.0,15597.0,15597.0,15597.0
B00NVJ3WZC,,,22.0,,22.0
B00NWUQZ9U,,,,,85.0
B00NWYDDV4,,,,,89.0
B00NXJO3NA,,,,,77.0
B00NY04LR6,1202.0,,1202.0,1202.0,1202.0
B00NY0N91U,,,,,7.0
B00NY0OG1C,,25.0,,25.0,25.0
B00NY8BG5I,,,,,14.0
B00NY8RLB6,,,12.0,,
B00NYDD08O,823.0,823.0,,823.0,823.0
B00NYDTFD8,,511.0,511.0,511.0,511.0
B00NZ94YG4,,,,,646.0
B00NZYNNQQ,1368.0,,,1368.0,1368.0
B00O0VMSTQ,,,,,40.0
B00O0VMWM4,,,,,143.0
B00O0VN14W,,,,88.0,88.0
B00O0VN8SQ,,,,,88.0
B00O0VN93U,,,,,88.0
B00O18RH4E,,,,,3.0
B00O197IWY,,16.0,,16.0,16.0
B00O19ESTU,,,33.0,,33.0
B00O19TANY,,,,,5.0
B00O1AFXFC,,6.0,,,6.0
B00O1AHUFI,,,,,12.0
B00O1ARW6U,10.0,,,,10.0
B00O222BGI,,,24.0,,
B00O2E1ORS,,962.0,,,962.0
B00O2QUAK8,985.0,,985.0,985.0,985.0
B00O35P08A,,,,,92.0
B00O36ALY2,355.0,355.0,355.0,,355.0
B00O3FWHXG,133.0,133.0,,133.0,133.0
B00O3GC4HY,,141.0,,141.0,141.0
B00O3HFHFE,,55.0,,55.0,55.0
B00O3IR1NO,,,,,3.0
B00O3ZF5LW,,,,,6.0
B00O3ZI0WS,,,,,4.0
B00O4A5ICC,109.0,,,,109.0
B00O4DXMHW,3430.0,3430.0,3430.0,3430.0,3430.0
B00O4GWZPO,2969.0,2969.0,2969.0,2969.0,2969.0
B00O4XRB7O,,,,,12.0
B00O5484NM,15597.0,15597.0,15597.0,15597.0,15597.0
B00O56OWV8,176.0,,,,
B00O56OZ2Y,334.0,,334.0,334.0,334.0
B00O56ZOP6,,,,,26.0
B00O57EC1W,1202.0,1202.0,1202.0,1202.0,1202.0
B00O57F94G,,1202.0,1202.0,1202.0,1202.0
B00O5ADRBU,,227.0,,227.0,227.0
B00O5AQ51Y,,,30.0,30.0,30.0
B00O5B2NG4,,,92.0,92.0,92.0
B00O5EOSVO,,,,,12.0
B00O5I416C,,,,,18.0
B00O5I46VC,,,26.0,26.0,26.0
B00O5I4DRE,196.0,196.0,196.0,196.0,196.0
B00O5I4I1U,,,,12.0,
B00O5I4LYE,5.0,5.0,,5.0,
B00O5I55T4,35.0,35.0,,35.0,35.0
B00O5I59IQ,,,,6.0,6.0
B00O5J4XW8,,,,5.0,
B00O5J5C3W,179.0,,179.0,,
B00O5KX7BK,29.0,,29.0,,29.0
B00O5Z3JJ0,,,,204.0,204.0
B00O5Z3M8S,357.0,,,,357.0
B00O669ZGY,,,25.0,,25.0
B00O72IBIK,358.0,,358.0,,358.0
B00O81EPFI,765.0,,765.0,765.0,765.0
B00O82SGB6,,,,,28.0
B00O82SUBM,,,,,25.0
B00O82SX2S,,,6.0,,
B00O83OFQ0,,,,17.0,17.0
B00O92O6E6,,,,36.0,36.0
B00O96HTJ6,,8.0,,,8.0
B00O97F7W6,,,,,413.0
B00O988O02,,,,,140.0
B00O9E4JBO,410.0,,410.0,410.0,410.0
B00O9F3M4S,,20.0,,,
B00O9KNEAU,,,,550.0,550.0
B00O9PDXS8,,,303.0,,303.0
B00OA2P3AQ,126.0,126.0,126.0,,126.0
B00OA5AFVK,,,,,1.0
B00OABA23A,3.0,,,,
B00OAC6IMS,,,,6.0,
B00OAC6JLI,,,,,6.0
B00OADLHY6,,,11.0,,11.0
B00OAIQ08O,,15.0,,,15.0
B00OAJIJGO,,,62.0,,62.0
B00OANBO6C,21.0,,,,21.0
B00OANBQDS,,,,,5.0
B00OBL7UKW,,,70.0,,70.0
B00OBLTMYY,,,,,47.0
B00OBM3OJM,,,53.0,53.0,53.0
B00OBRXWX0,55.0,,,,55.0
B00OBWEXV0,,,,,25.0
B00OBXW7UI,24.0,,,,24.0
B00OC72SCU,,,,,533.0
B00OCEPXMK,2417.0,2417.0,2417.0,,2417.0
B00OCJ0ZKA,,,,2196.0,2196.0
B00OCJ6WCU,,,,,102.0
B00OCXV9VK,,,,,13.0
B00OCXVHB2,,,,,18.0
B00OD8AJCO,22046.0,,22046.0,22046.0,22046.0
B00ODBI518,,,,,185.0
B00ODBQ6H8,,,,,48.0
B00ODBQ6MI,,,,48.0,48.0
B00OE5S6V2,,,,,932.0
B00OE5S964,932.0,932.0,,,932.0
B00OE5SAFE,,932.0,932.0,,932.0
B00OEF6TRA,8083.0,,8083.0,8083.0,8083.0
B00OEPDZTA,,,,,1.0
B00OEPR2AS,,,,,2.0
B00OEPZ35Y,,,,,20.0
B00OEQ125I,,,,38.0,38.0
B00OEQ8MKG,,,,16.0,
B00OGMMRZY,19.0,,,,19.0
B00OGOUAOW,217.0,,,,
B00OH5Z144,27.0,,27.0,27.0,
B00OHIBCYY,,,,,12.0
B00OHV84O2,,,,,15.0
B00OJDO3T8,47.0,47.0,47.0,47.0,47.0
B00OJGH4XM,,2031.0,,2031.0,2031.0
B00OJID4MU,,,416.0,,416.0
B00OKDCH7W,,,,,42.0
B00OKJ1YW0,,13.0,,,
B00OKME7S0,2651.0,,2651.0,2651.0,2651.0
B00OKMHFX4,,,,16.0,16.0
B00OKNJQU8,423.0,,423.0,,423.0
B00OKQ0F4Q,2843.0,2843.0,2843.0,2843.0,2843.0
B00OKQW8UK,1761.0,1761.0,,1761.0,1761.0
B00OKR58HE,392.0,,,,392.0
B00OKRSQQY,,561.0,561.0,,561.0
B00OKS2H5Y,395.0,,395.0,395.0,395.0
B00OKWDCJ0,,,24.0,,24.0
B00OLPC6Z2,81.0,,81.0,81.0,81.0
B00OLPCC88,,,,,66.0
B00OLPCCYM,,,,,327.0
B00OMN7H2A,,,,,839.0
B00OMNDEKE,264.0,,264.0,264.0,264.0
B00OMNI5TY,,,,,24.0
B00OMNI5VW,,,,,20.0
B00OMNIB7U,,,,,10.0
B00ONNO4MU,,101.0,,,
B00OOOB3MM,,,,,220.0
B00OOOE7TI,159.0,,159.0,,159.0
B00OOU2RQW,2412.0,2412.0,2412.0,2412.0,2412.0
B00OOU62GI,640.0,640.0,640.0,640.0,640.0
B00OOUF48K,1140.0,1140.0,,,1140.0
B00OOUSJ0A,1430.0,,1430.0,1430.0,1430.0
B00OOVAJV6,449.0,449.0,,449.0,449.0
B00OOVKJW0,2008.0,2008.0,2008.0,2008.0,2008.0
B00OOVQVGS,876.0,876.0,876.0,876.0,876.0
B00OP2RAZM,3.0,,,,
B00OPBTY16,,,,,29.0
B00OPC18UK,,,,58.0,58.0
B00OPTS51I,,,,,7010.0
B00OQRSQHM,,,,,205.0
B00OQW86PO,2122.0,,,2122.0,2122.0
B00OQWTSUG,17891.0,17891.0,17891.0,17891.0,17891.0
B00OQXBOZM,,,576.0,,
B00OS5NOY2,,,,,85.0
B00OS9JGUO,,,,,23.0
B00OSJ25NE,151.0,,,,151.0
B00OSJ7F7K,,,71.0,,71.0
B00OSJSC4U,,,,,11.0
B00OTYGXQI,,,,,1368.0
B00OU1QBEE,2338.0,2338.0,,,2338.0
B00OU70XQU,,,,,43.0
B00OUXGC64,,,,,3.0
B00OV3U02U,,,,,25.0
B00OV4MR5C,,,14.0,14.0,14.0
B00OV4ULE6,,,,58.0,
B00OV66KPS,9.0,,,,
B00OV6UGB2,,,,,8.0
B00OV8R7RQ,,,,,32.0
B00OV8RBW2,,,,56.0,
B00OVBXP88,12.0,,,,12.0
B00OVLTEZG,,2742.0,,,2742.0
B00OW15JKY,,,18.0,18.0,18.0
B00OW5N7IQ,,,,47.0,47.0
B00OWJUS66,,,325.0,325.0,
B00OY0301S,,,,,9.0
B00OY71G4O,,,,,17.0
B00OY71IPQ,17.0,,,,17.0
B00OY71NRY,17.0,17.0,,17.0,
B00OY71OGY,17.0,17.0,,,
B00OY7HPRG,,,,,140.0
B00OYAIGOE,292.0,,292.0,,292.0
B00OYB4C3M,,,,,74.0
B00OYR7OXQ,923.0,,,,923.0
B00OZ0WWEI,,,,,1.0
B00OZ8BGQA,353.0,353.0,353.0,353.0,353.0
B00OZ9S9AU,60.0,,,,60.0
B00OZ9S9BY,76.0,,,76.0,76.0
B00OZFKLCI,,,,,8.0
B00OZRBR1U,128.0,,,,128.0
B00OZRE3PC,,,21.0,,
B00OZSJGWQ,,,,,151.0
B00OZSNHOO,,,,97.0,97.0
B00OZYUJRG,,,,,21.0
B00OZZ3TKE,,,,99.0,99.0
B00P00BXN8,128.0,128.0,128.0,128.0,128.0
B00P00BXYM,,,,,128.0
B00P00BY28,128.0,,,,128.0
B00P017SLS,,,,228.0,
B00P041032,,,15.0,15.0,15.0
B00P1SJ9YO,1270.0,1270.0,1270.0,1270.0,1270.0
B00P1SOO94,194.0,,,,194.0
B00P2GSH3E,892.0,,,,892.0
B00P2GW9KQ,923.0,,,,923.0
B00P2N0TQA,,,113.0,113.0,113.0
B00P2N1EB4,75.0,75.0,,75.0,75.0
B00P2U0JT0,,31.0,31.0,31.0,31.0
B00P4LNW8M,,,,,3.0
B00P6NXL34,,,6.0,,
B00P6QNB1I,4532.0,4532.0,4532.0,4532.0,4532.0
B00P6XJA0M,10961.0,,10961.0,10961.0,
B00P76PR1Y,,,341.0,341.0,341.0
B00P80CSXO,,,,,334.0
B00P80H8ZC,,,,618.0,618.0
B00P88W8E0,,,,,335.0
B00P8CHYK4,,,10.0,10.0,
B00P8D8KJW,,,,,14.0
B00P8DCH7I,,,,7.0,
B00P96JUPG,,,,,11.0
B00P9DNK5A,,,,159.0,159.0
B00P9PUTHU,934.0,934.0,934.0,934.0,934.0
B00P9PUTZW,1576.0,1576.0,1576.0,1576.0,1576.0
B00P9WQNTQ,,,,,42.0
B00P9YC7F8,29.0,,29.0,29.0,29.0
B00P9ZB906,439.0,439.0,439.0,439.0,439.0
B00PBTHYBS,,,,20.0,
B00PC0ZWHO,4975.0,4975.0,4975.0,,4975.0
B00PCYAC7A,,,,114.0,114.0
B00PCYNQ8M,375.0,375.0,375.0,375.0,375.0
B00PCZ2FG0,,,,,50.0
B00PCZ7272,,,7.0,,
B00PEQDLMO,1306.0,1306.0,1306.0,1306.0,1306.0
B00PFXU1MO,907.0,907.0,907.0,907.0,907.0
B00PFZ5DMK,,263.0,263.0,263.0,263.0
B00PFZ5K28,,,180.0,180.0,180.0
B00PHC52SQ,36.0,,,,36.0
B00PI62HOS,,,,,38.0
B00PI68DK0,,,,,62.0
B00PJA2DHY,,,3361.0,3361.0,3361.0
B00PJA2ETG,,,2467.0,2467.0,2467.0
B00PJA2G08,,,3361.0,,3361.0
B00PJA2ILU,,2467.0,,2467.0,2467.0
B00PJWB544,,704.0,,,704.0
B00PK3MPNM,,,,,1282.0
B00PK97XU6,,,,,414.0
B00PKA9NWQ,6804.0,6804.0,6804.0,6804.0,6804.0
B00PKMCW6I,,,,,10.0
B00PKR2WEK,,,,42.0,42.0
B00PKRFZ4E,,,3298.0,,3298.0
B00PKTQ082,,,,,112.0
B00PKTQ2TO,9.0,,,,
B00PKTQ3Y8,,,,,112.0
B00PKTQ546,,,,,112.0
B00PKTQA8M,,112.0,112.0,,
B00PKTQB4K,,,112.0,,
B00PKTS7O2,,,,,112.0
B00PKTS8DC,,112.0,,,
B00PM0AYCM,,,,,114.0
B00PMVIQ5I,,,,,36.0
B00PN7SM1E,,2505.0,2505.0,2505.0,2505.0
B00PQA0UOU,55.0,55.0,55.0,55.0,55.0
B00PQA11CU,33.0,,,,33.0
B00PQVHU6A,1.0,,,,
B00PQZ24VC,,,,,8332.0
B00PRIOJ2A,,,,,23.0
B00PRIOKUG,,,,,5.0
B00PS1TB7E,27.0,,,,
B00PS71P5Y,58.0,,,,58.0
B00PSAKQOC,12284.0,12284.0,12284.0,12284.0,12284.0
B00PSEXUOQ,,,,,923.0
B00PSFLL3M,298.0,,298.0,298.0,298.0
B00PUCZ1IE,,,,28.0,
B00PUD0EGM,,3.0,,,
B00PUD5ET4,,20.0,,,20.0
B00PUDAIQS,,,,,4.0
B00PUDGIXU,58.0,,,,
B00PUDGMYU,,,,,58.0
B00PUDXP5E,,,,,73.0
B00PUE70W2,,292.0,,,292.0
B00PUO6G9U,34.0,,,,
B00PVG4HVG,,,,,274.0
B00PVHT6A2,,16.0,,,
B00PVHT6FM,,,,,360.0
B00PVHT6IO,,,204.0,204.0,204.0
B00PWPN5XM,,,,,18.0
B00PWQUDCC,,,,11778.0,11778.0
B00PWT1BBG,,,,,1.0
B00PWVK3VS,,,,,4.0
B00PWXCUGW,,,,,5.0
B00PWXD7FU,2485.0,,2485.0,,2485.0
B00PWYJZZ0,,,,,5.0
B00PWZ73KS,,,12.0,,12.0
B00PX78KPM,25.0,25.0,25.0,25.0,25.0
B00PX7PIG6,,,138.0,,138.0
B00PXAEEI6,,,,,27.0
B00PXAEEL8,,,,147.0,147.0
B00PYC1EYK,9.0,,,,
B00PYCVAJY,,,,2.0,
B00PYGGNQK,,,,,45.0
B00PZ57M9M,,,,2742.0,2742.0
B00Q37X4WU,,,,,28.0
B00Q3A26M6,9.0,,,,
B00Q3C3772,,,,,2.0
B00Q3MV05I,,,,,369.0
B00Q4MZNUK,,,,,22.0
B00Q4MZO1S,48.0,,,,48.0
B00Q53L5Q4,,,,17.0,17.0
B00Q5FR002,,,,,731.0
B00Q5GRHPE,,79.0,,,
B00Q5GTP2M,123.0,,123.0,123.0,123.0
B00Q5KAT6O,988.0,988.0,988.0,,988.0
B00Q5NHCWK,,,,,35.0
B00Q6A6FSO,,,,,6.0
B00Q6R1KR8,,,13.0,,
B00Q6SALWC,2450.0,2450.0,2450.0,2450.0,2450.0
B00Q74DDIE,,,,,4.0
B00Q7755I2,6378.0,6378.0,6378.0,6378.0,6378.0
B00Q79H8Y4,24.0,,,24.0,24.0
B00Q7BBDXY,359.0,359.0,359.0,359.0,359.0
B00Q8GWAOY,,,,,382.0
B00Q8GWEN6,,,,537.0,
B00Q8UIYWW,,20.0,,,
B00Q923ZN2,398.0,,,398.0,398.0
B00QA1HIMG,,,,148.0,148.0
B00QA1PIEQ,,,,,68.0
B00QA1W7RM,124.0,,124.0,,124.0
B00QA21GDW,145.0,,,,145.0
B00QA29O2C,,,,,126.0
B00QA2JQ4I,,,,,48.0
B00QA2WWZ8,,,,,79.0
B00QA3ARM2,,,,,66.0
B00QA3S5GM,,,,86.0,86.0
B00QAIUVXW,,,,79.0,79.0
B00QAIYJQW,,,222.0,222.0,
B00QAIYM6O,,,,,997.0
B00QBK8D8Y,,,,,93.0
B00QDERK5U,,,,1584.0,1584.0
B00QEEMBCQ,,79.0,,79.0,79.0
B00QF296BQ,13.0,,,,
B00QF299MC,,,,,43.0
B00QF299N6,,,78.0,78.0,78.0
B00QF299P4,,,,,20.0
B00QF299WM,43.0,,,43.0,43.0
B00QFXANNK,,,,,104.0
B00QFXS9RM,,,,,274.0
B00QFXTVH4,,,,,270.0
B00QHVJL5G,1271.0,1271.0,1271.0,1271.0,1271.0
B00QIXG9V2,481.0,,,,481.0
B00QJE8QKM,,,,,76.0
B00QJE8SKU,352.0,,,,352.0
B00QJXP5DO,,,,,24.0
B00QJXP5RU,,,,,18.0
B00QJXPHPA,89.0,,,,89.0
B00QK9I4NU,,,,,112.0
B00QKY2QWU,667.0,667.0,,667.0,667.0
B00QLAZPLC,127.0,,,,127.0
B00QLQIBIA,166.0,,,166.0,166.0
B00QMX6NZK,,,,,451.0
B00QOOZEH0,,177.0,177.0,177.0,177.0
B00QQT623S,,,,,75.0
B00QR7FKQY,1025.0,1025.0,,1025.0,1025.0
B00QRDFTH8,,346.0,,,346.0
B00QREE3FG,,1262.0,1262.0,1262.0,1262.0
B00QRVFVL4,,,,,15.0
B00QRVG884,111.0,,,111.0,111.0
B00QRVG8CU,,,,,111.0
B00QRVGF6O,,,,,111.0
B00QRZZZF2,,16.0,,,16.0
B00QS14RO0,,,4.0,,
B00QS8VOJE,,,,,12.0
B00QSKEUA2,,,,274.0,
B00QSLB8L0,,,,88.0,88.0
B00QSLC7TM,236.0,236.0,236.0,236.0,236.0
B00QSM8WJA,,,,,28.0
B00QSM9KEQ,,,,,24.0
B00QTCRERK,140.0,140.0,140.0,140.0,140.0
B00QTTJWMS,,,40.0,40.0,40.0
B00QU3ZHPO,266.0,266.0,,,266.0
B00QU80ZWE,,292.0,,,
B00QU9CD96,,,,,2.0
B00QUG6RLE,,,,,1412.0
B00QVTN0M4,,1433.0,,,1433.0
B00QXTNIN8,,,,,10.0
B00R11ZN76,2651.0,,2651.0,,2651.0
B00R13JF82,,1662.0,1662.0,1662.0,1662.0
B00R17EWQ8,,,507.0,,507.0
B00R1CL2HK,,,,35.0,35.0
B00R1ZXPVS,12.0,,,,
B00R21F76C,,,,,1123.0
B00R2X22SQ,,,,11.0,11.0
B00R2X2330,,,,99.0,99.0
B00R2X2ATW,,,,81.0,81.0
B00R2X2AXS,,,,11.0,11.0
B00R2X2JG6,,,,,8.0
B00R2X2RMC,173.0,173.0,173.0,,173.0
B00R2X2S7G,88.0,88.0,88.0,88.0,88.0
B00R2X2T3E,88.0,88.0,88.0,88.0,88.0
B00R36QOMM,,,,50.0,50.0
B00R3FKNVQ,216.0,216.0,216.0,,216.0
B00R3IN4PU,72.0,,72.0,72.0,72.0
B00R3PZK00,,,,,111.0
B00R3PZK0U,84.0,,,84.0,84.0
B00R3PZK14,295.0,,295.0,295.0,295.0
B00R3PZK2I,,,,,34.0
B00R3PZK4Q,,,,,21.0
B00R3PZK5U,,,,33.0,33.0
B00R3T22YI,,12.0,,,
B00R3T231K,,,,,10.0
B00R3T232O,2720.0,,2720.0,2720.0,2720.0
B00R3T234W,112.0,,112.0,,112.0
B00R3T235Q,,,,249.0,249.0
B00R3T2374,,,,65.0,
B00R3T239W,336.0,,,336.0,336.0
B00R3T23BK,,249.0,249.0,,249.0
B00R59Q9X6,,,,,271.0
B00R5DS92Q,,34.0,,34.0,34.0
B00R5DS94O,1118.0,,1118.0,1118.0,1118.0
B00R5DS97G,762.0,,762.0,762.0,762.0
B00R5DSA3O,,,54.0,,54.0
B00R5DSC2I,729.0,729.0,729.0,729.0,729.0
B00R5HQJME,87.0,,87.0,,87.0
B00R6FEI1Y,70.0,,,70.0,70.0
B00R6LK0GU,,,23.0,23.0,23.0
B00R6NVG2A,11.0,,,,11.0
B00R6S60J4,571.0,571.0,,,571.0
B00R7HAGSU,,,,5.0,5.0
B00R7HANB0,,,9.0,,9.0
B00R8E9EDK,2207.0,2207.0,2207.0,2207.0,2207.0
B00R8HFBA2,,,,1636.0,1636.0
B00R8HKQK2,,,,587.0,587.0
B00R8HN3XO,,,,,1636.0
B00RAZK2SI,,,,,34.0
B00RBUFI5O,,,,,163.0
B00RBUFIAE,,,,,35.0
B00RBUFIE0,,,,,163.0
B00RBUFKUM,17.0,,,,
B00RC84FVS,4.0,4.0,,,
B00REN9BM4,,,,,99.0
B00REPU1A8,,,,253.0,253.0
B00RG4D4CE,,,,,323.0
B00RGDYTM4,405.0,,405.0,405.0,405.0
B00RGDYU00,,,,170.0,170.0
B00RGDYUAA,,,,198.0,198.0
B00RGDYUAK,,,61.0,,
B00RGDYXCU,268.0,,268.0,268.0,268.0
B00RGDZ090,79.0,,79.0,79.0,79.0
B00RGDZ0NG,79.0,,79.0,79.0,79.0
B00RGDZ0PO,121.0,,,,121.0
B00RGDZ9XM,313.0,313.0,313.0,313.0,313.0
B00RGDZAD6,585.0,585.0,585.0,585.0,585.0
B00RGDZDC4,177.0,177.0,177.0,177.0,177.0
B00RGDZDDI,71.0,71.0,71.0,71.0,71.0
B00RGDZGGC,,,,,19.0
B00RGDZM0M,,358.0,358.0,358.0,358.0
B00RGDZM9I,358.0,,358.0,358.0,358.0
B00RGF17UO,,,,,12.0
B00RGFRB7W,39.0,,,,39.0
B00RIBP0U4,,,,,8237.0
B00RIBTBFY,,2282.0,,,2282.0
B00RJCYX7I,3501.0,,3501.0,3501.0,3501.0
B00RJSQ2FS,1941.0,1941.0,,1941.0,1941.0
B00RJT4UUQ,1941.0,1941.0,1941.0,1941.0,1941.0
B00RJT6GDK,1941.0,1941.0,1941.0,1941.0,1941.0
B00RK37K26,37.0,37.0,37.0,,
B00RKGHKK0,1949.0,1949.0,1949.0,1949.0,1949.0
B00RKK4BY4,,,,,81.0
B00RLDP036,,,,,14.0
B00RM4QT98,731.0,731.0,731.0,731.0,731.0
B00RM4QU06,,,,26.0,26.0
B00RM4QVS2,128.0,128.0,,128.0,128.0
B00RM4QY7A,,119.0,,,119.0
B00RM4QYMK,,,,,554.0
B00RM4QZFQ,,554.0,,,554.0
B00RM4QZQK,731.0,731.0,731.0,731.0,731.0
B00RM4R0K0,731.0,731.0,731.0,731.0,731.0
B00RM4XWJS,,,,,10.0
B00RN8WE6U,,111.0,,,111.0
B00RN9PO5W,,,,,44.0
B00RORUNQI,,58.0,,,58.0
B00RPBT6CA,,,,17140.0,17140.0
B00RTQWGTQ,,,,,1796.0
B00RVF3PV8,,,,149.0,149.0
B00RW0IBTS,65.0,65.0,65.0,65.0,65.0
B00RWX1CCI,,1016.0,1016.0,1016.0,1016.0
B00RX1VCT2,23340.0,23340.0,23340.0,23340.0,23340.0
B00RXNJGMA,,,,734.0,734.0
B00RXNJPD0,664.0,,664.0,664.0,664.0
B00RXNJTI6,,664.0,664.0,664.0,664.0
B00RXNK1ZQ,,,,,142.0
B00RY6BPV6,,,251.0,251.0,251.0
B00RY6FXXM,,,,,14.0
B00RY8GE8S,1551.0,,,,1551.0
B00RY936Z6,,,,316.0,316.0
B00RYDBR7G,,,,,823.0
B00RYDBR7Q,,,,,823.0
B00RYDBR8A,,,38.0,38.0,38.0
B00RYDBRNK,,53.0,,,53.0
B00RYDBRYY,,,,,10.0
B00RYDBS5C,,,,,11.0
B00RYDBS5M,,,,,5.0
B00RYDBS8Y,,,823.0,,
B00RYDBSB6,6.0,,,,
B00RYDBSC0,,,,,46.0
B00RYDBSSO,,,,27.0,27.0
B00RYDBSZW,823.0,,,,823.0
B00RYDBT7Y,,,7.0,,7.0
B00RYDBV18,,,25.0,25.0,
B00RYDBWZI,26.0,26.0,26.0,26.0,26.0
B00RYDWJLO,1657.0,1657.0,1657.0,1657.0,1657.0
B00RYO3DYU,1357.0,,,,1357.0
B00RYTBBFS,,7590.0,,,
B00RYU8XAI,,,,,11.0
B00RYU91LI,,,,,34.0
B00RYU95X2,13.0,,,,13.0
B00RYU9B7M,,,,,5.0
B00RYU9BHW,,,,,14.0
B00RZ4J21M,,23340.0,23340.0,23340.0,23340.0
B00RZ4R0ZM,23340.0,23340.0,23340.0,23340.0,23340.0
B00RZ52GUK,782.0,782.0,,782.0,782.0
B00RZUAS6Y,1920.0,1920.0,1920.0,1920.0,1920.0
B00RZUAU44,,,106.0,106.0,106.0
B00RZUMW8G,2374.0,,2374.0,2374.0,2374.0
B00RZUO1W6,8365.0,8365.0,8365.0,8365.0,8365.0
B00S05YBB6,,,,,95.0
B00S0AB862,,,58.0,,58.0
B00S1LTGV4,,405.0,405.0,405.0,405.0
B00S1LUAR8,,,,,47.0
B00S28DKO0,703.0,703.0,703.0,703.0,703.0
B00S28DL0I,18.0,,,,18.0
B00S28DL4O,55.0,,,55.0,55.0
B00S556G6E,,33.0,,,33.0
B00S5WITQC,,,954.0,,
B00S5X8Q3M,,,954.0,,954.0
B00S5X8V14,,,,,954.0
B00S5XNEQG,34.0,,34.0,,34.0
B00S5XNER0,9.0,,,,9.0
B00S5XNEZM,,,,,8.0
B00S5XNF38,,,,,4.0
B00S5XNIS0,,,1012.0,1012.0,1012.0
B00S6XO58Q,,,,,70.0
B00S6Y5AGG,71.0,,71.0,71.0,71.0
B00S6YG5SI,,70.0,,70.0,70.0
B00S73GR5Y,,,,,131.0
B00S8GBGMY,,,,,33.0
B00S8OVKPY,,,,,131.0
B00S8R4JMW,,38.0,,,38.0
B00S8SBRDK,,,,,180.0
B00SAE4FK4,,,,,1.0
B00SC9W284,,,94.0,,94.0
B00SCB1PR6,,,,,45.0
B00SCD40PI,,,,269.0,
B00SD939Y4,,14.0,14.0,14.0,14.0
B00SDOU9BA,,534.0,,534.0,534.0
B00SE120W8,,,101.0,,
B00SH7TXZG,,,,27.0,27.0
B00SH7V5S4,,,,142.0,
B00SH7VDTA,,,,,142.0
B00SH7VI22,,142.0,,,142.0
B00SH8ZGUG,,,,,82.0
B00SIGCKHE,,241.0,241.0,,241.0
B00SIP0R3E,115.0,115.0,115.0,115.0,115.0
B00SJ2M8UQ,37.0,,,,37.0
B00SJ2M90K,,,40.0,,40.0
B00SJ2M9AU,,,,,27.0
B00SJHAWAO,,,,,14.0
B00SJUX8Y8,136.0,,136.0,136.0,136.0
B00SJW995I,182.0,182.0,,182.0,182.0
B00SKP4YIQ,,55.0,,,55.0
B00SL1U4DS,,,12.0,,12.0
B00SL1U4J2,,,,6.0,
B00SL1U4LK,,,11.0,11.0,11.0
B00SL1U5D2,,,,8.0,
B00SL7JBAE,,,,,2.0
B00SLARZFE,,,44.0,,
B00SLMCSQI,313.0,313.0,313.0,313.0,313.0
B00SLPGVS6,,9.0,,9.0,
B00SLPVSGG,,,,,2.0
B00SLVM2GK,,,,36.0,36.0
B00SLW80MY,313.0,313.0,313.0,313.0,313.0
B00SLWCSG8,,271.0,271.0,271.0,271.0
B00SLWEIMA,153.0,153.0,153.0,153.0,153.0
B00SLWSL6E,118.0,118.0,,118.0,118.0
B00SLXBDTU,946.0,946.0,946.0,946.0,946.0
B00SLY20GO,,,,,39.0
B00SNDD6IO,,,83.0,,83.0
B00SNENVFG,,126.0,126.0,126.0,126.0
B00SNF4O0Q,,,,9.0,9.0
B00SNF6VCA,14.0,14.0,,14.0,
B00SNM5US4,119342.0,119342.0,119342.0,119342.0,119342.0
B00SOOAITW,77.0,,,,77.0
B00SOXHUT4,,,,,6.0
B00SOXHWDI,,99.0,,,
B00SOXHYPY,99.0,,,,99.0
B00SOXHYWW,99.0,,,99.0,
B00SOXHZ62,99.0,,,99.0,
B00SOXHZDA,,,,,99.0
B00SOXI1N8,99.0,,,99.0,
B00SPAGNY4,,,,,2868.0
B00SPGZL6E,,,,,1418.0
B00SPPWN9S,,,,,142.0
B00SQ3VOPS,,,,,279.0
B00SQ57RWA,,,,124.0,124.0
B00SR8ZMB4,,,139.0,139.0,139.0
B00SR8ZSPO,,,,,190.0
B00SRFMGXE,2864.0,,,,
B00SRS3CU2,,,,51.0,51.0
B00SRUHM7O,,,,,58.0
B00SRUVWAM,,,,58.0,
B00SRUVWOI,,,,,14.0
B00SS1T8RY,,,,4.0,
B00SSA2YE4,50.0,,,,50.0
B00SSBNJTM,,,,520.0,
B00SSBQ17E,,,,6.0,
B00SSFLYZY,2750.0,,,,2750.0
B00SSQQ8WW,,,,,5.0
B00SU4M3U8,,,,,4.0
B00SU68MFQ,113.0,,113.0,,113.0
B00SUZWGHM,5009.0,5009.0,5009.0,5009.0,5009.0
B00SVEPN4A,,,17.0,17.0,17.0
B00SVEPOHQ,,,,10.0,
B00SVEPPL6,,9.0,,,9.0
B00SVEPTW6,,,8.0,,8.0
B00SVEPWYG,,,,,6.0
B00SVF6ZZ0,,19.0,,,19.0
B00SVF78YC,,27.0,,,27.0
B00SVLSES0,,,463.0,,463.0
B00SVSPTMM,,,31.0,,31.0
B00SVSR5BK,131.0,131.0,,,131.0
B00SVSSFNM,50.0,,,,50.0
B00SVSTNNS,,,,,55.0
B00SWS5C6E,,,,,1543.0
B00SWYNTI6,,,111.0,,
B00SWYOBBU,,,,,64.0
B00SWYOBKG,,,,,64.0
B00SWYOEW6,,,,,64.0
B00SWYPNW6,4.0,,,,
B00SWYQ0K0,,,,,14.0
B00SWZVKBS,,,,,976.0
B00SX6TNCY,,9227.0,9227.0,9227.0,9227.0
B00SX8R8GU,,,,,59.0
B00SXC1JNY,,1.0,,,
B00SXM70UA,6009.0,,6009.0,6009.0,6009.0
B00SXOYMTA,,19.0,19.0,,19.0
B00SXVVM28,1012.0,1012.0,,1012.0,1012.0
B00SZ10QL4,37.0,,,37.0,37.0
B00SZ2ZOGK,459.0,459.0,459.0,,459.0
B00SZAIHM0,592.0,,592.0,592.0,592.0
B00SZAL8S0,,,,,1636.0
B00SZEIETW,,9.0,,9.0,9.0
B00SZF7ZW8,,,,,187.0
B00SZIQ66G,,,85.0,,
B00T07GQ3E,163.0,,,163.0,163.0
B00T0VX2N2,,390.0,390.0,390.0,390.0
B00T30K0OY,83.0,,,,83.0
B00T34NLXW,,,,5.0,
B00T34R5JS,,,,,10.0
B00T38JN58,,,,81.0,81.0
B00T38WDQ4,111.0,,,111.0,111.0
B00T3HITEA,1199.0,1199.0,1199.0,1199.0,1199.0
B00T4JQNLI,947.0,947.0,947.0,947.0,947.0
B00T55R7C0,,,46.0,,46.0
B00T562A3U,,37.0,,37.0,37.0
B00T56IYL2,,,,,49.0
B00T57Z4R8,,162.0,,,162.0
B00T585AU8,,,,,268.0
B00T58BLJ2,,,,1108.0,
B00T59Z7RS,,,,,16.0
B00T59Z7V4,,,,,38.0
B00T5DQ214,,,,153.0,153.0
B00T5DZ4C2,2515.0,2515.0,2515.0,2515.0,2515.0
B00T5MYTCO,,,,,12836.0
B00T6DVMQS,,517.0,517.0,517.0,517.0
B00T6KT7GI,,,,210.0,210.0
B00T6LKHSY,,,32.0,,
B00T6MHPAQ,,,,,28.0
B00T6MT0PO,1151.0,,,1151.0,1151.0
B00T7260EC,1603.0,1603.0,1603.0,1603.0,1603.0
B00T72SWZM,,,,,58.0
B00T7WWC3U,,,,,18.0
B00T80BLH4,,,,,984.0
B00T85EM8O,,,,271.0,271.0
B00T89VOLI,,,,,1749.0
B00T8WVPJG,,121.0,121.0,,121.0
B00T9RQ1IK,,,,,16.0
B00T9WY6SC,,,6556.0,,6556.0
B00T9YKNKK,,,,,32.0
B00TAA07T0,57.0,,,57.0,
B00TBGQ4G8,32974.0,32974.0,32974.0,32974.0,32974.0
B00TBJWP86,5528.0,5528.0,5528.0,5528.0,5528.0
B00TBJWP9K,1558.0,1558.0,1558.0,1558.0,1558.0
B00TBJWPRC,5469.0,5469.0,5469.0,5469.0,5469.0
B00TBJWR0M,3583.0,3583.0,3583.0,3583.0,3583.0
B00TCO1KD6,,56.0,56.0,,56.0
B00TCUFPWC,,,,,2750.0
B00TE7WOUE,411.0,,411.0,,411.0
B00TE82YVW,,,,44.0,44.0
B00TE9NBCC,,,,,2.0
B00TEAAGY2,47.0,,,,47.0
B00TEAAZ3E,,,,53.0,53.0
B00TEABFYC,,,,,52.0
B00TEAC94W,,38.0,,,38.0
B00TEOVICM,43.0,43.0,,43.0,43.0
B00TF7F1JE,493.0,,,,493.0
B00TFCKCRU,48.0,,,,48.0
B00TFCZ3HO,,,,47.0,47.0
B00TFDU67K,,,,,26.0
B00TFXT0KO,3673.0,,,,
B00TGOFZ7Y,,,,,1.0
B00TGSI7Q6,3.0,,,,
B00TGTTIGS,,,190.0,,190.0
B00TH0JM5S,,,,,2.0
B00THZ7JV2,,,,256.0,256.0
B00TI4C0ES,,,,309.0,309.0
B00TI4C174,,,,,4.0
B00TIQI5JU,,,,,83.0
B00TIY7VXS,,,,,30.0
B00TIYRJYE,62.0,,62.0,62.0,62.0
B00TJ0PWT6,,,,,13.0
B00TJ24INA,,,,,108.0
B00TJ38T2K,1026.0,,,1026.0,1026.0
B00TJSMJNK,,,,,15.0
B00TJSMJS0,,,,,28.0
B00TK0X7KQ,,,,,40.0
B00TK0XR6U,66.0,,,,66.0
B00TK1262K,246.0,,246.0,,246.0
B00TK12TF4,,,,,1326.0
B00TK13IWW,,157.0,157.0,,157.0
B00TK9O7ME,200.0,,200.0,,200.0
B00TKMFXZ6,754.0,,754.0,754.0,754.0
B00TKODFLI,2312.0,2312.0,2312.0,2312.0,2312.0
B00TKOK5KC,3503.0,3503.0,3503.0,3503.0,3503.0
B00TKOTH88,,8.0,,,
B00TLUNJFI,,,,40.0,40.0
B00TLUNMFA,,,,46.0,46.0
B00TLUNPUW,362.0,,,362.0,362.0
B00TLUNT2Q,,,,93.0,93.0
B00TMTAOLA,765.0,765.0,765.0,765.0,765.0
B00TOPZETY,,213.0,,,
B00TOY6HSM,,1741.0,1741.0,,1741.0
B00TOYGJJO,,,,,2956.0
B00TP6EFHE,46.0,,46.0,46.0,46.0
B00TPYLU7Y,,,,,115.0
B00TQ0A316,4860.0,4860.0,4860.0,4860.0,4860.0
B00TQ1Z5KY,,,,5.0,
B00TQ75LEI,377.0,377.0,377.0,377.0,377.0
B00TQ8X4IW,,,436.0,436.0,436.0
B00TRUXH4K,10.0,,,10.0,10.0
B00TRUXJKC,4.0,,,,4.0
B00TSRTUN4,,,23.0,,23.0
B00TSRY7ZA,,,,7.0,
B00TT325C0,,,26.0,,26.0
B00TT6XWKG,,,,2.0,
B00TT6Y886,55.0,55.0,55.0,55.0,55.0
B00TT6YC0K,,,15.0,,
B00TT6YDZE,,,,,15.0
B00TT6YRM8,,10.0,,,10.0
B00TT8ZOE6,2934.0,2934.0,2934.0,2934.0,2934.0
B00TTA3WD4,,,,,90.0
B00TTAHSHA,,,,,21.0
B00TTBKVOG,17.0,,17.0,,17.0
B00TTBKVOQ,,,,99.0,99.0
B00TTBKVQY,,,,,2720.0
B00TTBKYOI,,,112.0,112.0,112.0
B00TTXC4WQ,,,,130.0,130.0
B00TU0MQ62,43.0,,,43.0,43.0
B00TU0MQDA,,,,,25.0
B00TU0MV1C,25.0,,,,25.0
B00TU0MVEO,,,,,2.0
B00TU0MVFS,,423.0,,,423.0
B00TU2FVKI,,,785.0,,785.0
B00TU2HRXM,,,,,785.0
B00TUB4EES,,4.0,,,
B00TUC1MGA,,,,,5.0
B00TUCEH4Y,127.0,127.0,127.0,127.0,127.0
B00TUFM1OY,1.0,,,,
B00TUHIF4C,,,,,56.0
B00TUHRP2U,205.0,,,,205.0
B00TUILO4Y,27.0,27.0,,,27.0
B00TULW6B6,90.0,90.0,,90.0,90.0
B00TUM0CMK,,,,16.0,16.0
B00TUM5MU2,,,,1105.0,1105.0
B00TUM8D1C,,,,,13.0
B00TUPBMXK,,,,,1328.0
B00TUPKZ8S,,,,,1.0
B00TUTTVCK,,,,,10.0
B00TVE7TU0,,,,,23.0
B00TWGQYNA,,,,,34.0
B00TWMHA4Q,1729.0,,,,
B00TWT0NMU,,,,,358.0
B00TWU93ZC,,81.0,,81.0,81.0
B00TWXCYJ6,,,,1213.0,1213.0
B00TXNRVXE,,,,,6.0
B00TXONELG,,,,,139.0
B00TYLKTMA,38.0,,,,38.0
B00TYPCL72,,,,,2.0
B00TYUT9SG,,,,,3270.0
B00TZ9D7FM,,,,49.0,49.0
B00TZZ2J9G,,38.0,38.0,,38.0
B00TZZ2JNM,41.0,,,,
B00U09MNVK,,,,,1079.0
B00U09YGBA,,,,29.0,29.0
B00U0A1XK6,,,,,11.0
B00U0D22WQ,,,,,1412.0
B00U0HX9EM,6.0,,,,
B00U0LYF9G,,,,,64.0
B00U0O8EF4,1706.0,1706.0,,1706.0,1706.0
B00U0OKJ8E,631.0,,,631.0,631.0
B00U1C91WA,,,52.0,,52.0
B00U1D5HB8,,,,,2.0
B00U1DGFNW,316.0,316.0,316.0,316.0,316.0
B00U1E54CE,1694.0,1694.0,,1694.0,1694.0
B00U1F5YG4,,70.0,,70.0,70.0
B00U1JHWR4,2617.0,2617.0,2617.0,2617.0,2617.0
B00U1PTHEO,,,,,4.0
B00U25ALHK,19.0,,,,19.0
B00U2DUA3M,,,,,169.0
B00U2ONIE4,12.0,,,12.0,12.0
B00U2PHEG6,,280.0,,,
B00U2Q5SJA,71.0,71.0,71.0,71.0,71.0
B00U2RSGLQ,,392.0,392.0,392.0,392.0
B00U2Y52QQ,12453.0,12453.0,12453.0,12453.0,12453.0
B00U2YA0OA,5056.0,5056.0,5056.0,5056.0,5056.0
B00U2YBLGG,1293.0,1293.0,1293.0,1293.0,1293.0
B00U315Y8E,,,,38.0,38.0
B00U3203IY,1798.0,1798.0,1798.0,1798.0,1798.0
B00U32QFEU,,,81.0,81.0,81.0
B00U3CZGYK,,25.0,25.0,25.0,25.0
B00U5ND35Q,,,,,40.0
B00U5ND3P6,,,,2.0,
B00U6AP6TY,,,,,12.0
B00U6GZTF4,,255.0,,,255.0
B00U6HE8NC,,,,,27.0
B00U6HOGCA,,,,62.0,62.0
B00U6IC4BE,,,,,3508.0
B00U6ZCCUU,,,16.0,16.0,16.0
B00U6ZCCVY,,32.0,32.0,32.0,32.0
B00U6ZCCYG,157.0,157.0,157.0,157.0,157.0
B00U6ZCD2C,,,17.0,17.0,17.0
B00U6ZCD2W,,,32.0,32.0,32.0
B00U7DVWRU,149.0,,,,
B00U7EYVSG,,,,,34.0
B00U7H5Y7U,,,,,29.0
B00U7H63H0,,,57.0,57.0,57.0
B00U7H68B6,,61.0,61.0,61.0,61.0
B00U7HJ4N0,83.0,,83.0,83.0,83.0
B00U7HJJBC,,,,,4.0
B00U7HJPMU,4674.0,4674.0,4674.0,4674.0,4674.0
B00U7M4Q9W,,,1518.0,,1518.0
B00U7NHJTU,,,,,108.0
B00U7P8D3Y,78.0,,,78.0,78.0
B00U7YDHOK,54.0,,54.0,54.0,54.0
B00U7YH1IS,2395.0,2395.0,2395.0,2395.0,2395.0
B00U8WPW7G,,,,,220.0
B00U8WPXFC,,,,,339.0
B00U8WQD60,,,,,197.0
B00U8WQVRG,,,,,457.0
B00U95KW86,,10.0,,,
B00U95L4VK,19.0,,,,
B00U9UQ8YS,,,28.0,,
B00UA6MBEM,,,,,3.0
B00UAPISVS,,,,52.0,52.0
B00UCA5FZS,,,,,91.0
B00UCAIR1M,,,,,56.0
B00UCEGWRY,7.0,,,,
B00UCGIIJM,81.0,,,,
B00UCGIINS,81.0,,,,
B00UCGIIW4,,,,,49.0
B00UCHWCN4,10170.0,,10170.0,10170.0,10170.0
B00UEUNZH6,592.0,,,592.0,592.0
B00UFK2648,,,,,29.0
B00UFK2AZ8,,,,,14.0
B00UFK2AZI,,,,,25.0
B00UFK2AZS,,,,,13.0
B00UFK2F2G,,,,,3.0
B00UGK3EQQ,449.0,449.0,,449.0,449.0
B00UGLH286,,,361.0,361.0,361.0
B00UI0KUKM,,,,,124.0
B00UI3OLZE,,288.0,288.0,288.0,288.0
B00UIHJN1M,,,,326.0,326.0
B00UIJFEJA,12.0,,,,
B00UJDI6TK,80.0,,,,80.0
B00UJZRO50,4148.0,4148.0,4148.0,4148.0,4148.0
B00UK4VBC2,3419.0,3419.0,,3419.0,3419.0
B00UK6MZSY,,,,187.0,187.0
B00UK6VD50,,,,,401.0
B00UK8DZ5Y,554.0,,554.0,554.0,554.0
B00UKDTYTU,,294.0,294.0,294.0,294.0
B00UKL9TR4,1449.0,1449.0,1449.0,1449.0,1449.0
B00UKLH4SU,,,1470.0,,1470.0
B00UKLKNJC,713.0,713.0,713.0,713.0,713.0
B00UKLV9QS,513.0,513.0,513.0,513.0,513.0
B00UKNJLRU,1280.0,,1280.0,1280.0,1280.0
B00UKO5SG2,541.0,,541.0,541.0,541.0
B00UKP33EU,,,,,10.0
B00UKWW2FE,,,,610.0,
B00UL7CIXY,1423.0,,,,1423.0
B00UM46WQU,13.0,,,,13.0
B00UM92A8Y,,,,,34.0
B00UNHD444,259.0,,,259.0,
B00UNHUKWS,,,29.0,29.0,29.0
B00UNHV068,,509.0,,,
B00UNHXU6Q,547.0,,547.0,547.0,547.0
B00UNHY3EO,,153.0,,,
B00UNI2IT0,,,80.0,,80.0
B00UNI319G,,189.0,,189.0,189.0
B00UNI5K0Y,,,192.0,,
B00UNS6E72,,651.0,651.0,,651.0
B00UNST3SY,,448.0,,448.0,448.0
B00US084CI,,,,,11.0
B00USJGB7Y,,,,,7.0
B00UT9PJF8,,,,146.0,146.0
B00UTU1NLQ,4410.0,4410.0,4410.0,4410.0,4410.0
B00UTU55RY,,,,,24.0
B00UTU6GJ0,,,,,2384.0
B00UTU6JP6,1076.0,,,,
B00UTU6M6M,,,,,1076.0
B00UTULEUG,1077.0,1077.0,1077.0,1077.0,1077.0
B00UTUTSKO,,,170.0,,
B00UTUTURK,,,,,170.0
B00UTZHSBA,,,,,4714.0
B00UU3CRVM,,,,,158.0
B00UU3MS2U,,,,,489.0
B00UVK6T36,,,,211.0,211.0
B00UW5QSQI,,,,,6.0
B00UWIQM34,,,,,35.0
B00UWIQR66,,632.0,,,632.0
B00UWO1I5K,663.0,,,663.0,663.0
B00UXHD5MU,,,,,113.0
B00UXOHP0Q,80.0,80.0,,80.0,80.0
B00UXOLVBA,171.0,171.0,171.0,171.0,171.0
B00UY1KDAW,,,,,17.0
B00UY4SRKW,,,,,16.0
B00UY6W6P2,455.0,455.0,455.0,455.0,455.0
B00UY6W9HM,98.0,,98.0,,98.0
B00UY6WC60,294.0,294.0,294.0,294.0,294.0
B00UY6WGT8,64.0,,64.0,,64.0
B00UYBSZ52,8943.0,8943.0,8943.0,8943.0,8943.0
B00UZFOLPA,,,,369.0,369.0
B00UZFYSTY,231.0,231.0,231.0,231.0,231.0
B00UZGFNHY,,,186.0,186.0,186.0
B00UZHV84U,,,,,6.0
B00UZHVNJK,,,,,100.0
B00V0XQB6I,,,45.0,45.0,45.0
B00V1JBBCK,,,,542.0,542.0
B00V1Y9WVM,2225.0,2225.0,2225.0,2225.0,2225.0
B00V2CFLQS,110.0,,110.0,110.0,110.0
B00V2I85OW,,5.0,,,
B00V3LFC3U,,375.0,375.0,375.0,375.0
B00V3QFBDG,,223.0,223.0,223.0,223.0
B00V4JIS1E,,,,,11.0
B00V525I2C,,,,,41565.0
B00V536WKS,,,,,16.0
B00V53ADGC,687.0,,,687.0,687.0
B00V53CVXU,,47.0,,,47.0
B00V5GWAQK,,,36.0,,
B00V5K0C9S,2055.0,,2055.0,2055.0,2055.0
B00V5WVGXC,63.0,,,,63.0
B00V6JSZMY,,,,,14.0
B00V6R2YUU,,,,,1923.0
B00V6R2YW8,1923.0,,,1923.0,1923.0
B00V6R2ZBI,1923.0,,1923.0,1923.0,1923.0
B00V6R2ZG8,,,,1923.0,1923.0
B00V6R326A,1923.0,,,,1923.0
B00V6R3292,,,3.0,,
B00V6R32JM,,,,,14.0
B00V6R35RG,,37.0,,,37.0
B00V6R35TO,,,,,1923.0
B00V6R35VM,,,,,37.0
B00V6R35W6,,,,,17.0
B00V6R395E,,,,,14.0
B00V6R3LKM,177.0,,,177.0,177.0
B00V6R3OB8,39.0,,39.0,39.0,39.0
B00V6R3OCC,,,217.0,217.0,217.0
B00V6R3OHW,,22.0,,,22.0
B00V6R3OLI,,,34.0,,
B00V6R3QRU,,,,,26.0
B00V6R3QXO,,,,56.0,56.0
B00V6R3R2Y,,,,14.0,14.0
B00V6R3R3S,,21.0,21.0,21.0,21.0
B00V6R3R9W,,,,,68.0
B00V6R3TUE,25.0,,,,25.0
B00V6R3TW2,,219.0,,219.0,219.0
B00V6R3TWC,,64.0,,,64.0
B00V6R3U9Y,219.0,,,219.0,219.0
B00V6R3UDU,7.0,,,,
B00V6R3X32,,,,,59.0
B00V6R3X4Q,,,4.0,,
B00V6R3XA0,,,,14.0,14.0
B00V6R3XAU,,,,,47.0
B00V6R3XBE,,,,,1.0
B00V6R3YZO,,,,,64.0
B00V746HBY,,,,,668.0
B00V7E6BAG,,,,8.0,8.0
B00V7H6JGO,,,,,177.0
B00V7OG32C,1798.0,1798.0,1798.0,1798.0,1798.0
B00V7RP5TG,,,35.0,,
B00V88M84Y,,,,,5.0
B00V88MGYG,,,,,7.0
B00V88MN3U,,,,,18.0
B00V88MPA6,,,,,9.0
B00VA78D10,,,17.0,,17.0
B00VAA0FE0,,58.0,58.0,,
B00VAIO1V0,,,,,39.0
B00VC1OV7Y,34.0,,,34.0,
B00VC1P0DS,38.0,,38.0,38.0,38.0
B00VC1VTC4,,,,,88.0
B00VD9VG5A,,,,,14.0
B00VDFH25W,,,,,25.0
B00VDPEWIW,71.0,,71.0,,71.0
B00VDZDIGO,,,,118.0,
B00VDZDLXE,,80.0,,80.0,80.0
B00VEG3R40,,33.0,,,33.0
B00VG0YMWU,,,,,58.0
B00VGCXN0U,2840.0,2840.0,2840.0,2840.0,2840.0
B00VGLGGYQ,,,30.0,,30.0
B00VGNWAM6,,110.0,110.0,110.0,110.0
B00VGNWB0C,3270.0,3270.0,3270.0,3270.0,3270.0
B00VGNWFO4,932.0,932.0,932.0,932.0,932.0
B00VGTKMN4,,99.0,,99.0,99.0
B00VGTL87I,9342.0,9342.0,9342.0,9342.0,9342.0
B00VGTL896,9342.0,9342.0,9342.0,9342.0,9342.0
B00VGTL8BY,9342.0,9342.0,9342.0,9342.0,9342.0
B00VGTL8FK,9342.0,9342.0,9342.0,9342.0,9342.0
B00VGWHH4I,,14.0,,,14.0
B00VGWPFIS,2123.0,2123.0,,2123.0,2123.0
B00VGWPM72,,30.0,30.0,30.0,30.0
B00VGWZW9U,,,,,3.0
B00VGXRU5I,,,,,1.0
B00VH3KBH6,,,,,16.0
B00VHJ0ZUS,,,,,48.0
B00VHJ13EA,,56.0,,,56.0
B00VIEZ1I8,,3.0,3.0,3.0,3.0
B00VIEZ7H8,,3.0,,,
B00VIEZAQQ,22.0,,,,
B00VIEZEEY,6.0,,,,
B00VIHP2WU,,,,,17.0
B00VJ2PSH8,12217.0,12217.0,12217.0,12217.0,12217.0
B00VJ37AM8,,,,,489.0
B00VK5HMXC,7535.0,7535.0,7535.0,7535.0,7535.0
B00VK5RMX2,339.0,339.0,339.0,339.0,339.0
B00VKZK2M0,17.0,,,,17.0
B00VL15VAQ,,102.0,102.0,102.0,102.0
B00VL19B16,,,,,45.0
B00VL1E9UY,,626.0,626.0,,626.0
B00VME1BHY,,,,,253.0
B00VN8Y8XS,,,8.0,,8.0
B00VNDE194,,,,,40.0
B00VO6BJ40,,,,,284.0
B00VO6BMSS,,1080.0,1080.0,,
B00VO6BP08,,2008.0,2008.0,,2008.0
B00VO6BQ98,1902.0,,1902.0,,1902.0
B00VO6BRGK,2843.0,2843.0,,2843.0,2843.0
B00VO6BSRS,268.0,268.0,268.0,,268.0
B00VO6BYRM,2874.0,2874.0,2874.0,2874.0,2874.0
B00VOB0UK4,,,,1796.0,1796.0
B00VPFWJ26,56.0,56.0,56.0,56.0,56.0
B00VPG7PQU,501.0,501.0,,501.0,501.0
B00VQHDR1K,,,,,7.0
B00VQIFG5Y,522.0,,522.0,522.0,522.0
B00VQS4IPS,,,,2750.0,2750.0
B00VQSHRY2,1797.0,1797.0,1797.0,1797.0,1797.0
B00VQSPMTY,,,3.0,,
B00VQT5F1I,,,,,1917.0
B00VQTKPTU,,,32.0,,32.0
B00VQTSOXO,496.0,496.0,,496.0,496.0
B00VQZ5MP6,,,18.0,,
B00VR0Z0I4,3824.0,3824.0,3824.0,3824.0,3824.0
B00VR3TKZA,,,,69.0,69.0
B00VR81B20,,,,24.0,24.0
B00VREIQ22,,1101.0,1101.0,1101.0,1101.0
B00VS00WV8,,450.0,450.0,450.0,450.0
B00VS0E8AY,,,,,74.0
B00VS4H8PW,,,,3625.0,3625.0
B00VS4HLPY,3625.0,,3625.0,3625.0,3625.0
B00VS4HQJU,,3625.0,3625.0,3625.0,3625.0
B00VS6MAQ2,877.0,877.0,,877.0,877.0
B00VSBE9BG,,,,,213.0
B00VSDFWRO,,,,66.0,66.0
B00VSDKA76,,,,15.0,15.0
B00VSEJBTS,45.0,,,45.0,45.0
B00VSP6T24,,,,,4.0
B00VSP6TIS,248.0,,248.0,248.0,248.0
B00VSP72FM,208.0,208.0,208.0,208.0,208.0
B00VT143G6,9.0,,,9.0,
B00VT143HU,1489.0,,1489.0,1489.0,1489.0
B00VT143X4,1489.0,,1489.0,,1489.0
B00VT14460,1489.0,1489.0,1489.0,1489.0,1489.0
B00VT144DS,1489.0,,,,
B00VT144FG,,,1489.0,1489.0,1489.0
B00VT24IYM,,,56.0,,
B00VT24J8M,37.0,,,,
B00VT24J9Q,,59.0,,,59.0
B00VTR4Q44,,,,4.0,
B00VTRYB1C,,,97.0,97.0,97.0
B00VTVRFK2,100.0,,100.0,,100.0
B00VTXJADA,,217.0,,217.0,217.0
B00VUBD1RM,1729.0,,1729.0,,1729.0
B00VUBHWY0,1729.0,,1729.0,,
B00VV8Q3S8,,,,,1.0
B00VV8S1GK,1455.0,1455.0,1455.0,1455.0,1455.0
B00VVQIXHY,,,50.0,50.0,50.0
B00VVS9O6G,7158.0,7158.0,7158.0,7158.0,7158.0
B00VVX6G30,,,,4.0,
B00VVX6JWS,,,6.0,,
B00VVX7AAI,,16.0,,,16.0
B00VVX8BT2,,,,3.0,3.0
B00VW35JHI,421.0,,,421.0,421.0
B00VWKK5IY,,1051.0,1051.0,1051.0,1051.0
B00VXDFG2K,,,,,49.0
B00VXDMAX8,,,107.0,107.0,107.0
B00VXMX7PO,,,,,3.0
B00VXMX7VS,,,,630.0,630.0
B00VXO5RPK,9388.0,9388.0,9388.0,9388.0,9388.0
B00VXOTB5W,,,,,7158.0
B00VXRJKC8,681.0,,681.0,681.0,681.0
B00VXUD2RE,,,128.0,,
B00VZ1XLR2,,,,,967.0
B00VZ3IRUQ,,,,,2562.0
B00VZ3MRES,2022.0,2022.0,2022.0,2022.0,2022.0
B00VZ3P2BS,,,,,22.0
B00VZ3UASS,,8.0,8.0,,
B00VZ4BZHW,1634.0,1634.0,1634.0,1634.0,1634.0
B00VZ7KK84,,,,110.0,
B00W047MGO,134.0,,,,134.0
B00W08NKWK,,,,,176.0
B00W08NO5I,,,,17.0,17.0
B00W1T1DM2,,46.0,46.0,,46.0
B00W3SIY1E,,,,,3975.0
B00W400BO4,,,,104.0,104.0
B00W41YOTQ,21.0,,,21.0,
B00W4ES5G6,,,375.0,,375.0
B00W4EWCF6,1397.0,1397.0,,1397.0,1397.0
B00W4F1VZM,855.0,,855.0,855.0,855.0
B00W4F6U8U,,,270.0,270.0,270.0
B00W4R9EVI,,,,,217.0
B00W4XM62Q,62.0,62.0,62.0,,62.0
B00W4XMEXC,,,,21.0,21.0
B00W4XMF18,4.0,,,,
B00W4XMF4K,,,,,2.0
B00W5VLW5O,,,,,1559.0
B00W5W4INQ,,,1559.0,,
B00W5W8ZDU,,,,,1559.0
B00W5XV7PW,,,,843.0,843.0
B00W5ZFHME,,,243.0,,243.0
B00W5ZFL7U,373.0,,,,373.0
B00W68QQ20,,,179.0,179.0,179.0
B00W7AMISS,341.0,,341.0,,341.0
B00W7CEROO,105.0,,,,105.0
B00W8AGM4S,,,,,217.0
B00W8FXZCA,,842.0,842.0,842.0,842.0
B00WAEMQ42,,,44.0,,44.0
B00WAHS7X8,,,14.0,,14.0
B00WCZL9XI,113.0,113.0,113.0,113.0,113.0
B00WDXP8RM,,,,,8.0
B00WDXP9G2,,,,,62.0
B00WDXPHUU,,,,19.0,
B00WDXPIEA,,,,,62.0
B00WDXPOD0,,,,,22.0
B00WEMVWCW,,,,,1981.0
B00WEMW3DY,,,,,17.0
B00WFH12G2,14.0,,,,
B00WFH13ZW,,,,12.0,
B00WFH1528,,14.0,,,
B00WFH16YA,,,52.0,,
B00WFH19XI,,,,7.0,
B00WFH1DBG,,,,,2.0
B00WFH1EGK,,,,,8.0
B00WFH1G68,,,,52.0,52.0
B00WFH1S9I,,,16.0,,
B00WFH1TEC,,,,,16.0
B00WFH1UIC,16.0,,,,
B00WFH1UZU,,,,,16.0
B00WFH1WSU,,,,,8.0
B00WFH248W,,1.0,,,
B00WFH27CK,,,,,21.0
B00WFH28GU,,,,6.0,
B00WFH28Z6,,12.0,12.0,,12.0
B00WFH2AL8,,,,,21.0
B00WFH2DS8,,,,10.0,10.0
B00WFH2J32,,,,,31.0
B00WFH2VL2,,,,,39.0
B00WFH2X3I,,39.0,39.0,39.0,39.0
B00WFH2YIC,,,,,39.0
B00WFH30CG,,,,,7.0
B00WFH322E,,,,,5.0
B00WFH3508,,,,31.0,
B00WFH36VQ,12.0,,12.0,,
B00WFH38DW,,,1.0,,
B00WFH3CJC,,,,,31.0
B00WFH3DJG,,,,,7.0
B00WFH3EM2,,34.0,34.0,34.0,34.0
B00WFH3JXQ,,6.0,,,6.0
B00WFH3OBI,,,,,3.0
B00WFH3SBO,,,,,7.0
B00WFH3U5I,,,,,37.0
B00WFH3YJ0,,24.0,,,24.0
B00WFH408Y,,37.0,,37.0,
B00WFH43I6,16.0,16.0,16.0,,16.0
B00WFH45SE,3.0,,,,
B00WFH46XI,,,52.0,,52.0
B00WFH4908,,,,,52.0
B00WFH4AWU,,,,,11.0
B00WFJKW34,,,196.0,196.0,196.0
B00WGBB5YG,6221.0,6221.0,6221.0,6221.0,6221.0
B00WGPLQVO,,412.0,,412.0,412.0
B00WGZOQIE,24.0,,,,24.0
B00WGZZWNC,,85.0,85.0,,85.0
B00WH1TXC6,,,,,22.0
B00WHBZUFA,1050.0,1050.0,1050.0,1050.0,1050.0
B00WHQGYCS,175.0,,175.0,175.0,175.0
B00WIBN8MG,,,,32.0,32.0
B00WIBR1EW,215.0,,215.0,215.0,215.0
B00WIJP48Y,,425.0,425.0,425.0,425.0
B00WJ7P95I,,,2425.0,,2425.0
B00WL1D7XS,37.0,,37.0,37.0,37.0
B00WLK870C,,,,,617.0
B00WM15LPY,,,10.0,,
B00WMFMWH0,4738.0,4738.0,,4738.0,4738.0
B00WN7QYZ8,728.0,728.0,728.0,728.0,728.0
B00WNBCOH6,,,,18.0,18.0
B00WNYPMRC,,,,166.0,166.0
B00WOZI8YE,,,,,10.0
B00WQ5JCZG,,,,,10.0
B00WQ5XDV0,1429.0,1429.0,1429.0,1429.0,1429.0
B00WQ5ZF6G,,,,,1430.0
B00WQ60EKC,1140.0,,,,1140.0
B00WQRZNZM,,,,,418.0
B00WR5RQSA,,,,,7.0
B00WR5RXQU,,,24.0,,24.0
B00WR5S0HG,,,,,13.0
B00WRPDO40,58.0,,58.0,,58.0
B00WRWTB6S,,,,,34.0
B00WT2KSJK,,,,,16.0
B00WT2KUX4,,,,,3.0
B00WT2OTJA,,,,5.0,
B00WT3VJQ0,3052.0,3052.0,,3052.0,3052.0
B00WT4CKH6,449.0,449.0,449.0,449.0,449.0
B00WTBSS0M,,,15.0,,
B00WTEB5FY,,,,6.0,6.0
B00WTEB5MC,,,,,11.0
B00WUOG4VI,,2.0,,,
B00WUXL1L2,,,,33.0,33.0
B00WV3TU5A,,,,,5.0
B00WV7CR9C,,,,1380.0,1380.0
B00WVOS6EK,190.0,,,190.0,190.0
B00WVU08EA,,43.0,,43.0,43.0
B00WX7MAQK,740.0,,,740.0,740.0
B00WX7WDLM,878.0,,878.0,878.0,878.0
B00WX87KHI,,443.0,443.0,443.0,443.0
B00WXJ8RI8,440.0,,,,440.0
B00WY2Y4I6,,,,,22.0
B00WYD3CHE,877.0,,877.0,877.0,877.0
B00WZPFZJO,,26.0,,26.0,
B00WZTN6F0,,,,,13.0
B00WZVCOPG,1412.0,,,,1412.0
B00WZXMLCU,,,,213.0,
B00WZXTKQ0,,,,,7.0
B00X08LNAA,1870.0,,1870.0,1870.0,1870.0
B00X08OERO,1870.0,,1870.0,1870.0,1870.0
B00X1DDK64,,,44.0,44.0,44.0
B00X2YPP6U,,1062.0,,1062.0,1062.0
B00X32UJI0,,1129.0,1129.0,1129.0,1129.0
B00X3G4VDA,23340.0,23340.0,,,23340.0
B00X3P9ARS,15597.0,15597.0,15597.0,15597.0,15597.0
B00X4LD53Q,14.0,,,,
B00X4X4470,,,,,139.0
B00X4X46GY,,,,,52.0
B00X541DYU,,,,,10961.0
B00X5M7G2K,894.0,,894.0,894.0,894.0
B00X65S05I,,132.0,,132.0,132.0
B00X65SOA4,91.0,,,91.0,91.0
B00X6C35BA,,,,,213.0
B00X6E3M9S,2550.0,2550.0,2550.0,2550.0,2550.0
B00X6MYM4E,31.0,,,,31.0
B00X6MYOHE,10.0,,,,
B00X6MYRH6,,,,,22.0
B00X6S5B5M,,12.0,,12.0,12.0
B00X6SBE7G,,20.0,,20.0,20.0
B00X7NEOVS,271.0,,,271.0,271.0
B00X84JCRW,,485.0,,,485.0
B00X8GFP94,,,56.0,,56.0
B00X8MDAHM,450.0,,,450.0,450.0
B00X8STFX4,,,,,445.0
B00X8T2L5W,,,,,456.0
B00X8WS9VO,,,,,43.0
B00X9VRTE2,,,,11.0,
B00XA8M8GS,23.0,,,,
B00XAIDJ6Q,,,,304.0,
B00XAPM6PY,26.0,,,26.0,26.0
B00XAPOVMA,,,,,5.0
B00XAPQQ5U,,,,,12.0
B00XAQ56AA,,,4.0,,
B00XAQGF46,9.0,,,,9.0
B00XAQVNUW,,,,4.0,
B00XAR0BMC,,,25.0,,25.0
B00XAR3NPY,55.0,55.0,55.0,55.0,55.0
B00XAR6Q8A,,,,37.0,37.0
B00XARL2RK,,,,10.0,10.0
B00XATBNNQ,328.0,328.0,328.0,328.0,328.0
B00XB6BP8Q,226.0,,226.0,226.0,226.0
B00XBIX8PW,,,,,1349.0
B00XBZBHDU,408.0,,,,
B00XBZWX74,,,,,1637.0
B00XC01YVE,,,,162.0,162.0
B00XC04JKM,,,,,408.0
B00XC06ZX6,,,1637.0,,1637.0
B00XC0AG7M,,27.0,,,
B00XC0EIXU,,,,12.0,
B00XC0RTBI,,,408.0,,
B00XC16JK4,,,,,28.0
B00XC16QZM,,,,,1637.0
B00XC1748U,,,,,162.0
B00XC1ARR0,,,113.0,113.0,113.0
B00XC1B0QM,,,,,29.0
B00XC1B6KW,,,,,1637.0
B00XC1B74M,,,,,202.0
B00XC1D556,,,,,12.0
B00XC1DA4M,,,,,1637.0
B00XC1FZZY,1213.0,,,,1213.0
B00XC1TR1M,,,,,10.0
B00XC1VZNA,,,,19.0,
B00XC1XTJ8,,,,,24.0
B00XC21JVC,,,,5.0,
B00XC8WIAW,,,,,2.0
B00XCKKGOK,,,,,4975.0
B00XFBSHYC,,,44.0,44.0,44.0
B00XH7IOBK,,,,,831.0
B00XHJSEQI,2395.0,2395.0,2395.0,2395.0,2395.0
B00XHLMKHK,112.0,,112.0,,112.0
B00XIKZBZI,,,,98.0,
B00XJVIR7K,210.0,210.0,,210.0,210.0
B00XK1VNUC,,,,297.0,297.0
B00XK22DE6,,,,,44.0
B00XK29Q1E,,,39.0,,39.0
B00XK2X2QO,,,,,32.0
B00XK4CPQA,,,,17.0,17.0
B00XK4I79E,,,,,22.0
B00XK4RXG2,,,43.0,,43.0
B00XK54PGM,,,81.0,,81.0
B00XK57DVG,,,,38.0,38.0
B00XK5EGUM,,,,,25.0
B00XK5SZMC,,,39.0,,39.0
B00XK5XFYU,,24.0,,,24.0
B00XL06I8O,,,,,72.0
B00XLBO9TS,,,,,128.0
B00XLBSQ9C,,,,,3.0
B00XLBYCTK,51.0,51.0,,51.0,51.0
B00XLC04X2,,,,1637.0,1637.0
B00XLC2V4W,,,,,408.0
B00XLDV2OQ,,,53.0,,
B00XLQOCV8,,,,,62.0
B00XLQP5VO,,,,,124.0
B00XLSK5M6,235.0,235.0,235.0,,235.0
B00XLSKTE0,59.0,,59.0,59.0,59.0
B00XLUXYF4,36.0,,,,36.0
B00XLYPGF6,1014.0,1014.0,,1014.0,1014.0
B00XN4VUAO,485.0,,,,485.0
B00XNTEPXS,,,,,57.0
B00XNTNH6Y,,,,,671.0
B00XNYAKIM,,,,,78.0
B00XNYBJ8M,127.0,,,,127.0
B00XOA7H0Y,,,,,932.0
B00XOA86TK,,,,,932.0
B00XPMKB1S,,,27.0,,
B00XPZY6M0,,,7.0,,
B00XQ005M4,,,180.0,180.0,180.0
B00XQ070PE,,,,26.0,26.0
B00XQ8XX5C,,,,,3.0
B00XQAX90O,334.0,334.0,334.0,334.0,334.0
B00XQAXATY,85.0,,85.0,,85.0
B00XQBK8CA,151.0,151.0,,,151.0
B00XQDR6JG,17891.0,,,,17891.0
B00XRMWMDG,299.0,,299.0,,299.0
B00XTX4G8M,,,,,593.0
B00XU4VNYU,,,,,198.0
B00XU7VW2A,,,19.0,19.0,19.0
B00XU7VW52,19.0,,,,
B00XU7W0EO,,,,,5.0
B00XU7W58U,,106.0,,,
B00XU7WGZ2,,,,,39.0
B00XU7WH42,,4.0,,,
B00XU7WHLK,,,,,17.0
B00XU7WHRY,,44.0,,44.0,44.0
B00XU8KKUE,206.0,,,206.0,
B00XUE49Z0,,,10170.0,10170.0,10170.0
B00XUFTBEI,833.0,,833.0,833.0,833.0
B00XUNKOAK,,,,,10961.0
B00XUNZVLM,,,,,710.0
B00XURQH1G,,,,,6164.0
B00XURZHNU,,,,,94.0
B00XUSHHEG,,,,,10961.0
B00XUSHLZ6,,,,,10961.0
B00XUSIBFA,,,5222.0,5222.0,5222.0
B00XUSIJ48,5222.0,5222.0,5222.0,5222.0,5222.0
B00XUZCUGE,,,81.0,,81.0
B00XV0DQP2,,,198.0,,198.0
B00XV0EE30,,102.0,102.0,102.0,102.0
B00XVH0GW6,,,,48.0,
B00XVKSY72,,,78.0,78.0,78.0
B00XVYNS24,,409.0,,409.0,409.0
B00XVZ7THS,,,43.0,,43.0
B00XVZB776,280.0,280.0,,,280.0
B00XWE1P8C,,,,,25.0
B00XWEFVA0,,,1463.0,,1463.0
B00XWF8ZXE,16.0,16.0,,,16.0
B00XWM2X5S,,,,,5.0
B00XWMU7GA,,75.0,75.0,75.0,75.0
B00XWN0TVW,,1171.0,1171.0,1171.0,1171.0
B00XWN1PU6,,,,,114.0
B00XXO2K4O,9369.0,9369.0,9369.0,9369.0,9369.0
B00XYDYCIG,,45.0,,,45.0
B00XYWTA1Q,,17.0,,,17.0
B00XZL2716,,,,247.0,247.0
B00Y06Z1ZO,,,62.0,62.0,62.0
B00Y076LLQ,,,,,110.0
B00Y0WULK8,1455.0,,1455.0,1455.0,1455.0
B00Y0WUSQ0,1455.0,1455.0,1455.0,1455.0,1455.0
B00Y0XAOI6,,,,,143.0
B00Y0XB36S,,,,4.0,4.0
B00Y0XHESE,,,,,10.0
B00Y0XKU26,,,,,19.0
B00Y102DSM,,,,9.0,9.0
B00Y10E0YW,,,23.0,23.0,
B00Y12IM3K,,,,,12.0
B00Y12O0K4,,23.0,,,
B00Y14SN5A,,,3.0,,
B00Y14ZTS4,21.0,,,21.0,
B00Y154920,,,,,5.0
B00Y15600E,5.0,,,,
B00Y159952,,,,,5.0
B00Y15B4WI,,,,,5.0
B00Y1FJJOS,,,,,2.0
B00Y1FJMUE,,,5.0,,
B00Y1FJPQU,1.0,,,,
B00Y1LJWSK,,,,,46.0
B00Y1OKEIE,213.0,,,213.0,213.0
B00Y25CZ7U,,,,,366.0
B00Y25E2P8,,,,366.0,366.0
B00Y3DRCGU,,,,,109.0
B00Y3X5NFM,,,,,1.0
B00Y595SSQ,,,,29.0,
B00Y77WLJ0,,,,,30.0
B00Y8BVYP2,,,,,76.0
B00Y8BVZ3I,44.0,,,,44.0
B00Y8BVZDI,650.0,650.0,,,650.0
B00Y8OYGCW,,,10.0,,
B00YC8I6TS,656.0,,656.0,656.0,656.0
B00YC8IDFK,,,,548.0,548.0
B00YC8IHBU,,,,376.0,376.0
B00YCA0OL4,11.0,,,,11.0
B00YCFBULC,,,50.0,,50.0
B00YCFC1LK,114.0,114.0,,,
B00YCFCEHQ,8.0,,,,
B00YCFCHUU,114.0,,,,114.0
B00YCKJINY,,4.0,,,4.0
B00YDEVWGA,,,14.0,,14.0
B00YDF1VPG,,,,,91.0
B00YDF4YZA,,,,,1251.0
B00YDFHDDA,53.0,,53.0,,
B00YDFTQ62,,,,,85.0
B00YDI2SXM,,81.0,,,81.0
B00YDI3VBK,249.0,249.0,249.0,,249.0
B00YDI5CPI,249.0,,,249.0,249.0
B00YDIDFYI,,,,,249.0
B00YDJCLOM,,,,,11.0
B00YDJM2XC,,,5.0,,
B00YDY5BKI,4455.0,,4455.0,4455.0,4455.0
B00YF06EU6,,,,,843.0
B00YFCR6C4,,,,,81.0
B00YFTM61I,,,,,20.0
B00YFTMB54,206.0,,,206.0,206.0
B00YFTN1YO,,,,,11.0
B00YFTO6E8,448.0,448.0,448.0,448.0,448.0
B00YFTOCDI,448.0,448.0,448.0,448.0,448.0
B00YFTOET0,310.0,,310.0,,310.0
B00YFTOJZ4,,,47.0,,47.0
B00YFTOM60,,,,,636.0
B00YFTOOT0,310.0,,,310.0,310.0
B00YFTORD8,636.0,,,636.0,636.0
B00YFTOZWQ,,,84.0,,84.0
B00YFTP51Q,636.0,636.0,,636.0,636.0
B00YFTP7J6,,,,,163.0
B00YFVAYP6,238.0,238.0,238.0,238.0,238.0
B00YFVB18K,298.0,298.0,298.0,,298.0
B00YFVB43W,2510.0,2510.0,2510.0,2510.0,2510.0
B00YFVB6T4,2357.0,2357.0,2357.0,2357.0,2357.0
B00YFVB9HS,596.0,596.0,596.0,596.0,596.0
B00YFVBC2U,,510.0,,,510.0
B00YFVBECI,538.0,538.0,538.0,538.0,538.0
B00YFVBNMY,33.0,,,,
B00YFVBQEO,1681.0,1681.0,1681.0,1681.0,1681.0
B00YFVBVNA,1062.0,,1062.0,,1062.0
B00YFVBYKA,,167.0,,,167.0
B00YFVC15W,657.0,,657.0,657.0,657.0
B00YHMQDC6,5080.0,5080.0,5080.0,5080.0,5080.0
B00YHPQLO8,854.0,854.0,854.0,854.0,854.0
B00YI9Q4X6,,,,5.0,5.0
B00YIA0LXE,,,,,56.0
B00YIE11ZW,,,150.0,,150.0
B00YIGAIR2,,,,,1418.0
B00YIRINUA,,,,,485.0
B00YM1CUTC,,3.0,,,3.0
B00YM89YEE,,,9.0,,9.0
B00YNTFMMA,,,,,1143.0
B00YO38G4Q,22319.0,22319.0,22319.0,22319.0,22319.0
B00YOL1D66,,,42.0,42.0,42.0
B00YOL1D9I,,27.0,27.0,27.0,27.0
B00YOL1JVA,,,,,30.0
B00YOL1YQK,,,,,104.0
B00YOL20K4,,,,,202.0
B00YOR082K,49.0,,49.0,,49.0
B00YP39S56,,6.0,,,
B00YP3AAEE,4705.0,4705.0,4705.0,,4705.0
B00YP3D294,,,65.0,,65.0
B00YP3IUO6,747.0,747.0,747.0,747.0,747.0
B00YP3J3RY,337.0,,,337.0,337.0
B00YP3JBXU,,281.0,,,281.0
B00YP3JT3W,537.0,,537.0,,537.0
B00YP3LXEU,,,,3.0,3.0
B00YP3M4RK,618.0,618.0,618.0,618.0,618.0
B00YP3RCU4,,,,72.0,72.0
B00YP3VMUA,555.0,555.0,,555.0,555.0
B00YP3WO8E,,,747.0,747.0,747.0
B00YP3Z210,758.0,758.0,,758.0,758.0
B00YP47TZQ,249.0,249.0,249.0,249.0,249.0
B00YP4FHO6,,,,,167.0
B00YP4I93C,,,528.0,528.0,528.0
B00YP4IJI2,,,,,237.0
B00YP4JJVS,1111.0,1111.0,1111.0,1111.0,1111.0
B00YP4NKEU,,,,,70.0
B00YP4NU40,93.0,,93.0,,
B00YP4ROJC,,32.0,32.0,32.0,32.0
B00YP4RQXG,234.0,234.0,,,234.0
B00YP4VEPM,,,,,206.0
B00YP4XGOO,4705.0,4705.0,4705.0,4705.0,4705.0
B00YP50RAY,,,,,20.0
B00YP53ZOE,447.0,,,447.0,447.0
B00YP55SNA,,,,,5.0
B00YP582QA,108.0,,108.0,108.0,108.0
B00YP58AJO,,,,235.0,235.0
B00YP5BJ92,,,59.0,59.0,59.0
B00YP82ORU,,,,,405.0
B00YP8O9XW,,,104.0,,
B00YPQCIJQ,821.0,821.0,821.0,821.0,821.0
B00YPVCSTQ,,242.0,,242.0,242.0
B00YPVD6M4,463.0,,463.0,463.0,463.0
B00YPVD82M,,,,,13.0
B00YQBD1CS,,42.0,42.0,,42.0
B00YQFI6EW,,57.0,,,57.0
B00YQFU9J2,63.0,,,63.0,63.0
B00YQG2UD4,,,24.0,,24.0
B00YQGA982,67.0,67.0,67.0,67.0,67.0
B00YQV84LQ,,,,706.0,
B00YSGSU2W,30.0,30.0,,30.0,30.0
B00YSGSZ3G,,636.0,,,636.0
B00YSGT1WU,,,,,42.0
B00YSGTCK6,,,,42.0,
B00YSGTGQG,,,310.0,,
B00YSGU2SC,,,,636.0,636.0
B00YSGUIRW,,,61.0,,61.0
B00YSGV2YK,,,42.0,,
B00YSGWA8M,,,,19.0,
B00YSGWKMI,,,42.0,,42.0
B00YSGWTSS,4.0,,,,4.0
B00YSH5EAC,398.0,398.0,398.0,398.0,398.0
B00YSSI6LA,,,,,133.0
B00YSZPLFW,,,464.0,,464.0
B00YT3VPU8,,,,,139.0
B00YT4550I,,,8.0,,
B00YT4YMTS,201.0,,201.0,201.0,201.0
B00YV992D2,,,25.0,25.0,25.0
B00YVQJW6W,,,,,40.0
B00YWDEPSY,,,,,28.0
B00YWE9Z0Q,,,,,18.0
B00YWYL4FU,,,,,1544.0
B00YYF47VU,,,,,14.0
B00YYI1WWE,,,,,9.0
B00YYIJRVC,,,,,13.0
B00YYIOSDY,,,8.0,,8.0
B00YYUZ51Q,260.0,,,,260.0
B00YZ3V1BU,14.0,,,,
B00YZCQJ4U,,,,,231.0
B00YZI3C0I,,,,,11.0
B00Z00Y7DG,,75.0,,75.0,75.0
B00Z59AS4Y,,,38.0,,38.0
B00Z7KLXUY,,,,,33.0
B00Z9X08ZK,209.0,,,,209.0
B00ZAA7O86,,,788.0,788.0,788.0
B00ZAEH4RI,,,,1009.0,
B00ZARBXR2,,,,,7.0
B00ZASHAS2,,,,,72.0
B00ZB7XCDO,,,,,4.0
B00ZCFJE7I,,,,,435.0
B00ZCFTB9O,,,81.0,81.0,81.0
B00ZCSM1KW,,,,285.0,
B00ZCYJ6DQ,,,,634.0,634.0
B00ZD754CY,13.0,,,13.0,13.0
B00ZD77UA8,,,242.0,,
B00ZE2CZF2,,83.0,,,
B00ZE3SSSO,471.0,471.0,471.0,471.0,471.0
B00ZE3YD60,110.0,,110.0,110.0,110.0
B00ZG8HZKE,,,66.0,,66.0
B00ZG9HQ5C,,,,,1202.0
B00ZG9SBLA,,,,,147.0
B00ZGBDOQU,,,422.0,422.0,422.0
B00ZGPCIW2,,,,,23.0
B00ZGQA2OW,,,1.0,,
B00ZGQG55W,,,3.0,,
B00ZGS70KE,,,,,4.0
B00ZGS961A,9.0,,9.0,,
B00ZGSVB7W,,34.0,,,34.0
B00ZGXLNY8,28496.0,28496.0,28496.0,28496.0,28496.0
B00ZGXS2RY,28496.0,28496.0,28496.0,28496.0,28496.0
B00ZGYIA5W,1109.0,1109.0,1109.0,1109.0,1109.0
B00ZGZC3EU,983.0,,983.0,983.0,983.0
B00ZH0BN90,,,,,71.0
B00ZI8WXQS,811.0,,,,811.0
B00ZI91STK,423.0,,423.0,,423.0
B00ZJ3RO6G,,,,,19.0
B00ZJ4568S,816.0,816.0,816.0,816.0,816.0
B00ZJ4IV6W,,195.0,195.0,,195.0
B00ZJ59QMO,449.0,449.0,449.0,,449.0
B00ZJ5D16G,,,449.0,449.0,449.0
B00ZJ5IL0W,449.0,449.0,449.0,449.0,449.0
B00ZJ6L23Y,93.0,,,,93.0
B00ZJ6RZDU,,153.0,153.0,153.0,
B00ZJ8H8L2,153.0,,,,153.0
B00ZJE3JF0,,,,22319.0,
B00ZL8YGBA,,23.0,,23.0,23.0
B00ZLW7UEQ,,,,,313.0
B00ZM8GH16,630.0,,630.0,,630.0
B00ZM8X1CE,716.0,716.0,716.0,716.0,716.0
B00ZM9CERQ,530.0,,530.0,530.0,530.0
B00ZM9MQTW,,274.0,274.0,274.0,274.0
B00ZMOP0RW,271.0,271.0,271.0,271.0,271.0
B00ZOIETUK,,,81.0,81.0,81.0
B00ZP9JSTA,66.0,,,,66.0
B00ZPN3LBW,,,,,143.0
B00ZPQ129C,5759.0,5759.0,5759.0,5759.0,5759.0
B00ZPWR0N8,14534.0,14534.0,14534.0,14534.0,14534.0
B00ZPYI5OO,,11.0,11.0,,11.0
B00ZQ7HVE0,,89.0,89.0,,89.0
B00ZS29Z9M,,,154.0,,154.0
B00ZS5L182,,,,,213.0
B00ZVD9JOE,,58.0,,58.0,58.0
B00ZVETVK0,,782.0,782.0,782.0,782.0
B00ZVFBP0S,,,,103.0,103.0
B00ZVFKY14,282.0,282.0,282.0,282.0,282.0
B00ZVFKZ5O,488.0,488.0,488.0,,488.0
B00ZVX95HU,,,,,1349.0
B00ZVX98FY,,,,,1349.0
B00ZY64J2A,111.0,,,111.0,
B00ZY65OSI,22837.0,22837.0,22837.0,22837.0,22837.0
B00ZY65RUI,22837.0,22837.0,22837.0,22837.0,22837.0
B00ZY9MZZU,2627.0,2627.0,2627.0,2627.0,2627.0
B00ZYKARPO,678.0,,678.0,678.0,678.0
B00ZZ23R3A,,,41.0,,
B00ZZ8XN60,660.0,,660.0,,660.0
B00ZZ8XNWE,1242.0,1242.0,1242.0,1242.0,1242.0
B00ZZ8XOD2,1795.0,1795.0,1795.0,1795.0,1795.0
B00ZZ8XOIW,660.0,,660.0,660.0,660.0
B00ZZ8XP0Y,615.0,615.0,615.0,615.0,615.0
B00ZZ8XP4A,,,,660.0,660.0
B00ZZ8Y1XE,,,,,660.0
B00ZZ8Y1XO,,,660.0,660.0,
B00ZZ8Y2R4,,,,,660.0
B00ZZ8Y2VK,,,,,88.0
B00ZZ8Y32S,,,660.0,,660.0
B00ZZ8Y3J6,,,660.0,,660.0
B00ZZ8YIU0,,88.0,,,
B00ZZAYP4W,,4.0,,,
B00ZZAYVT6,,,,,1.0
B00ZZB0B44,,,10.0,,
B0100QOX0Q,9388.0,,9388.0,9388.0,9388.0
B0100QWEMU,7158.0,7158.0,7158.0,7158.0,7158.0
B0100VRL1Y,2436.0,2436.0,2436.0,2436.0,2436.0
B0101M18KC,,,,,296.0
B010217ITC,731.0,731.0,731.0,,731.0
B0103KNE7C,98.0,,,98.0,98.0
B0103L4CB8,942.0,,,,942.0
B0103LKRJY,,,,,1980.0
B0103LKTMY,,,1980.0,,1980.0
B0104OVES8,,5.0,,5.0,
B0105RMK8M,,,,177.0,177.0
B0105Z7U48,61.0,,,61.0,61.0
B0105ZCKQ6,,,152.0,,152.0
B01077JPN8,,,,,7214.0
B0107JIXMU,,,197.0,,197.0
B0107JJ5JK,,,,,197.0
B0107JJJ4Q,197.0,,,,197.0
B0107JJJAU,,,,,197.0
B010831OZI,,,,,207.0
B010838NUC,,,,,6.0
B0108JT3PK,,,,,3472.0
B0108V6XOM,766.0,766.0,766.0,766.0,766.0
B010BJFQ2G,,,269.0,269.0,269.0
B010BP40BI,710.0,710.0,,710.0,710.0
B010C5X59U,,186.0,186.0,,186.0
B010F61HSC,,,20.0,,
B010F61IS6,,,,,19.0
B010F61TOE,,,3.0,,
B010F61U6Q,,,,,2.0
B010F61V1A,,,,,6.0
B010F640RC,,,,,1.0
B010GIX476,,,,63.0,
B010IFTU52,,,,,158.0
B010IG5D1Q,51.0,,,,51.0
B010L2LL54,,169.0,,169.0,169.0
B010L2Y4YO,,1026.0,1026.0,1026.0,1026.0
B010MTR9YS,,,224.0,,224.0
B010MTRA24,160.0,160.0,,,160.0
B010NE80P4,,3581.0,,3581.0,3581.0
B010NHCYHQ,,,,18.0,18.0
B010NHDJOI,,,18.0,18.0,18.0
B010NL4JT8,,,,,241.0
B010NL8VRE,,235.0,235.0,,235.0
B010NL8ZTS,,,,,191.0
B010NL93PI,2389.0,2389.0,2389.0,2389.0,2389.0
B010NLP46A,,,,,14.0
B010NLPQ0Y,,,,,25.0
B010NLR6UW,,,,12.0,12.0
B010NUR4LY,,91.0,91.0,91.0,91.0
B010O8UX2C,1948.0,1948.0,,,1948.0
B010ODGCE0,,,173.0,173.0,173.0
B010ODHMDK,202.0,,202.0,202.0,202.0
B010OK5HAI,6.0,,,,
B010OWFJNQ,,,,93.0,93.0
B010PKRA7K,341.0,341.0,,,341.0
B010QBIUZO,60.0,,,,60.0
B010QRXGIY,,,,153.0,153.0
B010QRYLOM,,,83.0,83.0,83.0
B010QSQD06,,,,,16.0
B010QSQSGK,,,,,3.0
B010RA4XFK,2899.0,2899.0,2899.0,2899.0,2899.0
B010RA62SG,,,2899.0,2899.0,2899.0
B010RA65UG,,,2899.0,2899.0,2899.0
B010RA6AL0,,,2899.0,2899.0,2899.0
B010RA6DKI,2899.0,,2899.0,,2899.0
B010RA6HD6,2899.0,2899.0,,2899.0,2899.0
B010RA6K56,2899.0,,2899.0,2899.0,2899.0
B010T9SHN8,,,,,25.0
B010TCIIPW,,,,,149.0
B010TCSDTS,270.0,,270.0,,270.0
B010TCXUJQ,,,,,1.0
B010U72FUK,,,113.0,113.0,113.0
B010U7D9TQ,,,2899.0,,2899.0
B010VEM2DM,,,,244.0,
B010VZNYCY,,,231.0,,231.0
B010WC3VKQ,,,70.0,,70.0
B010Y2PIQ4,,,,52.0,52.0
B0110S7U08,,,791.0,,791.0
B0110S7U0S,793.0,,,793.0,793.0
B0110S7U1W,793.0,793.0,793.0,793.0,793.0
B0110S7U26,,,,,793.0
B0110S7U2G,,,,792.0,
B0110S7U3A,,,,,791.0
B0110S7UDK,793.0,,793.0,793.0,793.0
B0114096YU,,,,,76.0
B0114QEF0E,,,296.0,,
B0114QFBXO,,,,,18.0
B0114ZLPWQ,,,,,12.0
B0114ZLRWO,,,,,81.0
B0114ZM48K,,8.0,,,8.0
B0114ZM6SI,,,,,7.0
B0114ZM9H6,7.0,,,,
B0114ZMEMG,,,,,8.0
B0115C03W6,,,45.0,,
B0116V42LY,,,,,79.0
B0117VMDRI,,,,388.0,
B0117XQCBY,,,,,216.0
B01185I0P2,1346.0,1346.0,,1346.0,1346.0
B0118F4BKU,1067.0,1067.0,1067.0,1067.0,1067.0
B0118GN64G,,,538.0,,538.0
B0118GND5I,327.0,,,327.0,327.0
B0118IQCRM,1396.0,1396.0,1396.0,1396.0,1396.0
B0119TMMBA,,,,,170.0
B011A7BLAE,,,,,81.0
B011BCI87W,1692.0,1692.0,1692.0,1692.0,1692.0
B011BXOJ8I,,,,3.0,3.0
B011CG42O0,,,27.0,27.0,27.0
B011CHL5KS,6009.0,6009.0,6009.0,6009.0,6009.0
B011CVWLQQ,,,,,213.0
B011CW0ZJU,,,,,2.0
B011CWNV1O,2046.0,2046.0,2046.0,2046.0,2046.0
B011DFCRJM,,,,6.0,
B011GTC04M,,,,,20.0
B011GXWJGW,,,,1285.0,1285.0
B011GY0LMK,,,29.0,,
B011IS9X0A,,,,,89.0
B011IV43AM,47.0,,47.0,47.0,47.0
B011J6HJKM,4401.0,4401.0,4401.0,4401.0,4401.0
B011J7SYC8,,,,4.0,
B011J84ZB6,,,,,4.0
B011J8WQPI,12.0,,,,12.0
B011J93KFM,,,,,15.0
B011JFR26Y,,428.0,,428.0,428.0
B011KPIPRI,155.0,,,,155.0
B011LSFDE2,,,,388.0,388.0
B011LUB254,,1.0,,,
B011LWRPNA,86.0,86.0,86.0,86.0,
B011LWRQTS,628.0,,,628.0,628.0
B011LWRS14,628.0,628.0,,,628.0
B011M2WYUS,,,38.0,38.0,38.0
B011MFZM1I,,700.0,,700.0,700.0
B011NUYH9K,,,991.0,991.0,991.0
B011PVJV6G,1463.0,,,1463.0,1463.0
B011QL87PG,,55.0,,,55.0
B011QL88F0,,57.0,,,57.0
B011R6978G,,,,,5861.0
B011S49CPA,1013.0,,,,1013.0
B011S49DUO,1013.0,1013.0,1013.0,1013.0,1013.0
B011S79KRW,,,,,173.0
B011SUHXL4,803.0,,803.0,803.0,803.0
B011TC0ENU,,,31.0,31.0,31.0
B011TCDJIM,,,,,150.0
B011TCDNAQ,,15.0,,,
B011TCDXL0,,,,75.0,75.0
B011TCLY3E,,155.0,,,155.0
B011TCQDQW,,,,325.0,325.0
B011TDA8Q2,332.0,,,,
B011TDDV3O,,,,51.0,51.0
B011TDG17W,,,,,128.0
B011TDVYGA,24.0,24.0,24.0,24.0,24.0
B011U9JUJ6,,,31.0,,
B011U9LQ6Q,,,,,39.0
B011U9MS4U,,5.0,,,
B011UB3XNS,,,,,86.0
B011UB717W,,,,,58.0
B011UB82LG,,,,283.0,283.0
B011UB883I,,,,,103.0
B011UBATN0,,,,,163.0
B011UBBAU6,,,,,4037.0
B011UBBS3A,,,389.0,389.0,389.0
B011UBCLSG,,,148.0,148.0,148.0
B011UBDATU,,102.0,,,102.0
B011UBE2D8,35.0,,,,35.0
B011UBUUIE,,,,389.0,389.0
B011UC0IS0,,,89.0,,89.0
B011UC5ABU,,,,,3.0
B011UC64BU,,,,,82.0
B011UC97OQ,,,,,26.0
B011UCB5D2,,,,,69.0
B011UCBIRA,,,,,4037.0
B011UCBSJ8,,,3581.0,,
B011UCFMLI,,,,,331.0
B011UCGGCC,,,,,28.0
B011UCQLOU,,,4037.0,4037.0,4037.0
B011UCR6TY,,,,69.0,69.0
B011UCUUDS,,,8.0,,
B011UCVX9I,458.0,458.0,458.0,458.0,458.0
B011UCWSOM,362.0,362.0,362.0,362.0,362.0
B011UCWW3O,4037.0,4037.0,4037.0,4037.0,4037.0
B011UCX0T4,3581.0,,,3581.0,3581.0
B011UCXDY6,13.0,,,,
B011UCXIWI,,,,10.0,
B011UCY54I,,,,,362.0
B011UCYECQ,3581.0,,,,3581.0
B011UD3ESA,,,,,283.0
B011UD6FI6,,,,,64.0
B011UDAYZQ,,,,,75.0
B011UDBMES,,,,,75.0
B011UDCJ68,,,,,147.0
B011UDNBPG,107.0,107.0,,,
B011UFWL64,,14.0,,,
B011UNEMMM,,,,,3.0
B011W2JAR8,,,,42.0,42.0
B011W4VNRQ,,,,,128.0
B011WGXBEW,,,,,133.0
B011WGXCPU,,,,153.0,
B011Z9Y2LC,,184.0,184.0,,184.0
B011ZJ6TMM,,,,,1559.0
B011ZJ7VQ0,,,1559.0,,1559.0
B012537GFG,,,100.0,100.0,100.0
B01255N3EC,32.0,,,32.0,32.0
B01255TCRY,,,,77.0,77.0
B01257WUW6,566.0,,,566.0,566.0
B0125OTICO,378.0,378.0,378.0,378.0,378.0
B0125OUSN2,,,,39.0,39.0
B0126TMUMS,,242.0,242.0,242.0,242.0
B0127JMJK0,2098.0,2098.0,2098.0,2098.0,2098.0
B0127MBHPK,194.0,194.0,,,194.0
B0127RFM7O,319.0,319.0,,,319.0
B0127RZVLG,,,353.0,,353.0
B0128C2E2E,306.0,306.0,306.0,306.0,306.0
B0128LD61S,,148.0,,,148.0
B0128ODBO2,,,,,24.0
B0128QFRD8,4835.0,4835.0,4835.0,4835.0,4835.0
B0128QS1OA,,,,,128.0
B0129W97S2,,,,,721.0
B012B526DA,,,,,128.0
B012BM5TPK,,,,,562.0
B012BMAP2C,,,562.0,,562.0
B012BMGRVU,562.0,,,,562.0
B012BMIJYI,562.0,,,,562.0
B012BMRBPG,,,,,6.0
B012CDEKK8,,,,658.0,658.0
B012E879XG,,24.0,24.0,,24.0
B012EU43E2,,,99.0,,99.0
B012EU4UH2,,,,,190.0
B012GWC68S,,319.0,319.0,319.0,319.0
B012H4X04Y,27.0,27.0,27.0,,27.0
B012H4X3VO,,,,7.0,
B012H4YQMO,,,,,160.0
B012H6BWG0,,,,,20.0
B012H6NO5C,2855.0,2855.0,2855.0,2855.0,2855.0
B012H6NOSY,,,,,565.0
B012H6NOZM,,,63.0,63.0,
B012HF1158,8.0,,,,8.0
B012HFHY6I,,,,,44.0
B012HPGFIQ,5119.0,5119.0,5119.0,5119.0,5119.0
B012IGWMHC,88.0,88.0,88.0,88.0,88.0
B012IGWMW2,,15.0,,,15.0
B012IGWN2G,88.0,88.0,88.0,,88.0
B012IGWO4I,37.0,,,,37.0
B012IGWZ1U,465.0,465.0,465.0,465.0,465.0
B012IGY414,,16092.0,,,16092.0
B012IGYBQC,465.0,,465.0,465.0,465.0
B012IGYBR6,,,,,88.0
B012IGYDHY,88.0,,,88.0,88.0
B012IGYENM,88.0,,,88.0,88.0
B012IGZD82,,,,,33.0
B012IGZDFA,,,,80.0,80.0
B012IGZL6Q,88.0,,88.0,88.0,88.0
B012IGZPOY,88.0,,,88.0,88.0
B012IH00RA,,,,88.0,
B012IM9TYK,,,,,2.0
B012IMA52K,,,,,2.0
B012NOWOAO,,,,,7800.0
B012NSQ6YA,,411.0,,,
B012NSQB8Q,,,,,227.0
B012NSQEME,385.0,,385.0,385.0,385.0
B012NSQIRA,,,214.0,214.0,214.0
B012NSQMPI,,,,286.0,
B012NSQQN6,,,,,111.0
B012NSQUUA,,,,7800.0,7800.0
B012NSQZA0,,,,385.0,385.0
B012TVK2P0,26892.0,26892.0,26892.0,26892.0,26892.0
B012TVK2RI,26892.0,26892.0,26892.0,26892.0,26892.0
B012U3O50U,,,,,6.0
B012UVBU8C,,,,,562.0
B012VFVMGC,,,,,114.0
B012VTGYIE,85.0,,,85.0,85.0
B012YJKC5W,,,302.0,302.0,302.0
B01305XWY2,336.0,,336.0,,336.0
B0130KXHW4,627.0,627.0,627.0,627.0,627.0
B0130MFX74,6309.0,,6309.0,,6309.0
B0130ZZXOO,130.0,,,130.0,130.0
B013122ZY2,,,,43.0,
B0131JNUW6,256.0,,,,
B0131LTWBW,256.0,,,256.0,256.0
B0131LYKUK,,,,,70.0
B0131LZQW6,274.0,,274.0,274.0,274.0
B0133ONWD6,291.0,291.0,291.0,291.0,291.0
B0134F5WBO,2510.0,2510.0,2510.0,2510.0,2510.0
B013C5H1UQ,,,55.0,55.0,55.0
B013CPVTOA,,,,248.0,248.0
B013CQEMMU,189.0,,189.0,189.0,189.0
B013CR307W,,,44.0,,44.0
B013D078LM,,,,,1.0
B013D9SRLS,,,,,3.0
B013D9T8XY,,,,,5.0
B013ESHN0Y,,,,1948.0,
B013EXRNHM,353.0,,353.0,353.0,353.0
B013FEIAVS,,,,,9682.0
B013GPUTVA,,,,,566.0
B013GPUX6G,,,,,566.0
B013H0HSUY,,21.0,,21.0,21.0
B013H1BNYK,157.0,,,157.0,157.0
B013H7YUPS,2252.0,2252.0,2252.0,2252.0,2252.0
B013H92N28,,,,45.0,45.0
B013I5COX4,,,369.0,369.0,369.0
B013I5DGAO,,55.0,55.0,55.0,55.0
B013I5DJVU,20.0,,,,20.0
B013IL9XC8,22319.0,22319.0,22319.0,22319.0,22319.0
B013IYUGU8,1013.0,1013.0,1013.0,1013.0,1013.0
B013J037TI,1367.0,1367.0,1367.0,1367.0,1367.0
B013J1C9SM,5119.0,5119.0,5119.0,5119.0,5119.0
B013J2STGM,,,,,21.0
B013J323E0,,,,,26.0
B013J3IJC0,1367.0,1367.0,1367.0,1367.0,1367.0
B013J45NU0,1066.0,,,,1066.0
B013J4NPZK,,,,,21.0
B013J4Q7FA,,,,,88.0
B013JE1X7M,,128.0,,,128.0
B013K9MGRW,,,,161.0,161.0
B013KPIECW,,,,,369.0
B013KPZQAU,,,305.0,,305.0
B013KRC5NE,,,,421.0,421.0
B013KT6EES,604.0,604.0,,604.0,604.0
B013PBSK48,,,,,40.0
B013PGG6IU,4841.0,4841.0,4841.0,4841.0,4841.0
B013PJJJYU,,,,,5.0
B013QWS5A0,,,,,55.0
B013QWST3I,,,658.0,658.0,658.0
B013QWSVF4,,,39.0,39.0,39.0
B013QWT4F0,,,40.0,40.0,40.0
B013QWTF5Y,,,540.0,540.0,540.0
B013S51354,,,,,15.0
B013SK859Q,,,6.0,,
B013SQ2Z6E,,,,65.0,65.0
B013SXJL0K,,,,658.0,658.0
B013SXJPRE,,,,721.0,721.0
B013SZNKQE,509.0,509.0,509.0,509.0,509.0
B013TKSUJK,1328.0,,1328.0,1328.0,1328.0
B013TWZKRI,,,,,79.0
B013TY7L9G,,,,,214.0
B013TY7VIW,2314.0,2314.0,,2314.0,2314.0
B013U4CRDU,,,47.0,,
B013U4CRF8,,,,,84.0
B013U4CSQQ,95.0,,,,
B013UB4I6M,,,,,43.0
B013V7A0NA,,,,,3.0
B013V7AADK,,88.0,,,88.0
B013V7ATVS,,,,87.0,
B013V7BK9S,,,,106.0,106.0
B013V7GXB8,,,,,4.0
B013V7GZVQ,,,,,1.0
B013V7HC2W,,,,,2.0
B013V7IGPO,,,3.0,,
B013V7L2G4,,,,,11.0
B013V7LDCM,208.0,,208.0,,
B013V7LFXE,1.0,,,,
B013V7M434,,,,3.0,
B013V7N8N4,,,19.0,,19.0
B013V7NCEE,,,,,9.0
B013VBA5HW,,,,,5.0
B013VRDNXE,14.0,,,,14.0
B013VUZGHW,,,,,63.0
B013WQGGO2,,,1623.0,,1623.0
B013WVAHJ2,32974.0,32974.0,32974.0,32974.0,32974.0
B013WW6RBS,10296.0,10296.0,10296.0,10296.0,10296.0
B013WW8A0E,,632.0,632.0,,632.0
B013X8M3JG,,74.0,,,74.0
B013XA50BC,11.0,,,,11.0
B013XBX7P2,,,,,116.0
B013XGD4DW,,,,,29.0
B013XGFQ60,,19.0,,,19.0
B013XKHA4M,37534.0,37534.0,37534.0,37534.0,37534.0
B0140621WO,,,,,1637.0
B014063GRI,,,,,1637.0
B0140H11GK,,,31.0,31.0,31.0
B0140H16VU,64.0,,,64.0,64.0
B0140H172I,,,,,25.0
B0140H17AA,,,,,6.0
B0140H17FU,2748.0,,2748.0,2748.0,2748.0
B0140H17MS,719.0,719.0,,719.0,719.0
B0140H6MUU,,,,,3.0
B0141FDCFE,22319.0,,22319.0,,22319.0
B0141GI1ZE,,,141.0,,141.0
B0141JTKEM,,,,,6.0
B0142F8XA2,,,,,12.0
B0142UVUEI,82.0,82.0,82.0,82.0,82.0
B0142UW65K,,49.0,49.0,,49.0
B0143EH6WS,,,1168.0,1168.0,1168.0
B0143EQSNQ,303.0,303.0,303.0,303.0,303.0
B0143J7I76,3140.0,,,3140.0,3140.0
B0143JE3BU,2611.0,2611.0,2611.0,2611.0,2611.0
B0143JKXQY,1011.0,1011.0,1011.0,1011.0,1011.0
B0143KKFU2,,,,25.0,
B0143L7R20,375.0,,,375.0,375.0
B0143LJY9O,,,,,268.0
B0143LPT4S,17228.0,17228.0,17228.0,17228.0,17228.0
B0143LU2MC,,,,,212.0
B0143MAV0Y,,,61.0,,61.0
B0143MINLS,,,68.0,,
B0143MV3JM,,178.0,178.0,,178.0
B0143NMVR4,9002.0,9002.0,9002.0,9002.0,9002.0
B0143NZBJY,2063.0,,2063.0,,2063.0
B0143OEUNQ,,,2123.0,2123.0,2123.0
B0143OP4CW,,,787.0,787.0,787.0
B0143PUB3S,,,718.0,718.0,718.0
B0143QKJXO,772.0,772.0,772.0,772.0,772.0
B0143R13RY,4419.0,4419.0,4419.0,,4419.0
B0143R6C8E,,,,,2219.0
B0143RAOF6,3395.0,3395.0,3395.0,3395.0,3395.0
B0143RFQA4,1918.0,1918.0,1918.0,1918.0,1918.0
B01443UL3Y,841.0,,,841.0,841.0
B0144O6N7Q,,,,,6.0
B0144OEHKG,,,1381.0,,1381.0
B0144OJQCK,228.0,,228.0,228.0,
B0144OJTFO,228.0,,,228.0,228.0
B0144OJZGW,,,228.0,,
B0144OMTO2,54.0,54.0,54.0,,54.0
B0144ONELY,,,,228.0,
B0144ONIJM,,,,228.0,228.0
B0144ONM16,,,,,228.0
B01452YZOA,3978.0,3978.0,3978.0,3978.0,3978.0
B01452YZTU,3978.0,,,3978.0,3978.0
B01456SH7W,3978.0,3978.0,3978.0,3978.0,3978.0
B0145ELJHE,12424.0,,12424.0,12424.0,12424.0
B0145WT66W,,,,,93.0
B0145Y5EFM,,,568.0,568.0,568.0
B01462LN4O,,,,,8.0
B01464FNBG,,,,,568.0
B0146F1LKW,2277.0,,,,
B0146K91Y0,,,,,541.0
B0147357F8,,353.0,,353.0,353.0
B0147F1VK6,,,517.0,,517.0
B0147FZGWU,,,198.0,198.0,198.0
B0147JHGF6,,,,369.0,369.0
B0147JJH76,,,,,213.0
B0147K44EQ,,,,305.0,305.0
B0147KGWS2,,,,36.0,36.0
B0147L0BOC,,,421.0,,421.0
B0147LZ2GE,,,,,117.0
B0147Q11PK,,,243.0,243.0,243.0
B01484D0EG,1973.0,,,,1973.0
B0148510TW,,12.0,,,
B01494SALI,,,,1584.0,1584.0
B01497OC2G,,52.0,,,
B0149K89UY,22046.0,,,22046.0,22046.0
B0149KPJKM,,,,,715.0
B0149KQGU4,,,,,81.0
B014AH60PW,,133.0,133.0,,
B014AMEBGM,,,6362.0,,6362.0
B014AMECT8,,6362.0,,,6362.0
B014AMEE78,,,,795.0,795.0
B014CE15US,,,,40.0,
B014CE16AW,,,,40.0,40.0
B014CE16S4,,,,41.0,
B014CNEZGA,10.0,,,,10.0
B014CNF4R4,,,,,101.0
B014D44I1K,324.0,,324.0,324.0,324.0
B014E1THWM,47.0,47.0,47.0,,47.0
B014E8PZSK,1926.0,1926.0,1926.0,1926.0,1926.0
B014EK4NBI,,4.0,,,
B014EM3ZDI,,,67.0,67.0,67.0
B014EM3ZG0,,,,15.0,
B014EM3ZII,,30.0,30.0,,30.0
B014EM3ZJW,114.0,114.0,,,114.0
B014F00R94,,,109.0,,109.0
B014FSWX6G,,76.0,,,76.0
B014H31MA2,,,,41.0,41.0
B014H31TJ6,,,,45.0,
B014HVSZLS,,596.0,,,596.0
B014I3KO0K,,,,,152.0
B014I6GJ9W,,,,,157.0
B014I6P0YC,,,,61.0,61.0
B014K25YWM,,,,17.0,
B014KLA7OS,,,,,8.0
B014KLA9FA,,,,,30.0
B014KLA9MS,,,,,11.0
B014KPY9R0,143.0,,143.0,143.0,143.0
B014LBHGSW,,,,28.0,
B014LO9X76,34.0,,,,34.0
B014LOI7W8,,,,,87.0
B014LTA596,,,,,12.0
B014N4Q02A,1418.0,,1418.0,1418.0,1418.0
B014OG7RXS,,,14.0,,
B014OPDSXC,2766.0,2766.0,2766.0,2766.0,2766.0
B014OPJKZW,,,823.0,,823.0
B014OSNTJC,47.0,,,47.0,47.0
B014OSNXAW,,,23.0,23.0,23.0
B014OSNXOS,,,,,573.0
B014OV4E20,,,,,10.0
B014P1H7YG,,,,49.0,
B014PK2CWY,,,,116.0,
B014PZ3YAI,27.0,27.0,27.0,,27.0
B014PZ8B2O,,,,,16.0
B014Q1KWOW,1544.0,1544.0,1544.0,1544.0,1544.0
B014Q3R1W6,,,,244.0,244.0
B014Q5467W,,319.0,319.0,319.0,319.0
B014QJKUA0,,,,,12.0
B014QJKUD2,,12.0,12.0,,12.0
B014R3FO92,107.0,107.0,107.0,107.0,107.0
B014R3FO9C,,573.0,,,573.0
B014R3LGDA,18.0,,,18.0,18.0
B014RFOPKY,317.0,,317.0,317.0,317.0
B014RFOYOQ,,101.0,101.0,101.0,101.0
B014RGV8YO,648.0,648.0,,648.0,648.0
B014RHK4F2,,31.0,,,
B014RNCRBA,,349.0,349.0,,349.0
B014T1MMHO,,,,,55.0
B014T3COD4,,,,249.0,249.0
B014T3I6RW,,,249.0,249.0,249.0
B014T8ZIDM,307.0,307.0,,307.0,307.0
B014TJD798,,403.0,,403.0,403.0
B014TX560W,351.0,,,351.0,351.0
B014UABWI4,,,,,302.0
B014UAI8OK,,,,,183.0
B014UC1O1M,79.0,,,,79.0
B014UC1P5M,,136.0,136.0,136.0,136.0
B014UC1QE2,363.0,363.0,363.0,363.0,363.0
B014UC1R5U,63.0,,,63.0,63.0
B014UC23LC,14.0,,,,14.0
B014UO85VC,,,,21.0,
B014UOGMVC,,,32.0,32.0,
B014UPASTS,,,,169.0,
B014UXHO1K,,33.0,33.0,33.0,33.0
B014V6YDFG,6164.0,6164.0,6164.0,6164.0,6164.0
B014VTR382,,,,,6164.0
B014WLTUVC,,,349.0,349.0,349.0
B014XL3KX0,,,,,242.0
B014XL3NO6,232.0,,232.0,232.0,232.0
B014YVLULI,,,,,428.0
B014Z0YUDI,,,,,39.0
B014Z0YUEM,43.0,,43.0,43.0,43.0
B014Z0YUFQ,,,,,3.0
B014Z0YUY2,,,,,84.0
B014Z0YWI6,,,,,153.0
B014Z5FVGI,447.0,447.0,,447.0,447.0
B0151AELCG,,30.0,,,
B0151AF86E,,,,,45.0
B0151CC0R2,,,,3.0,
B0151T8AII,55.0,,,55.0,55.0
B015340GDI,2349.0,2349.0,2349.0,2349.0,2349.0
B0153EM5BY,,,,,7.0
B0153EPYGW,,,,,13.0
B0153ETTBS,,,,,22.0
B0153EWJDI,,,,,17.0
B0153F41PQ,,,,,2.0
B0153FR53G,,,,,8.0
B015409T02,,,2665.0,,2665.0
B01540AD2U,,1072.0,,,1072.0
B01540AI4I,760.0,,760.0,760.0,760.0
B0155TEGB4,22760.0,,,22760.0,22760.0
B0155ZW3WW,,,,,38.0
B01572ENP8,,,,,33.0
B015771YPA,,,,,25.0
B0157N51T4,,316.0,316.0,316.0,316.0
B0157UMHXK,,726.0,,726.0,726.0
B0157V6USM,6309.0,6309.0,6309.0,6309.0,6309.0
B0158GZOKG,820.0,,,,820.0
B0158WAR98,,,6164.0,,
B0159UFV5Y,5.0,,,,
B015BGQ01A,,,,,319.0
B015BPG1UG,,,49.0,,
B015C3RW7I,,10.0,,,
B015CEPV02,,3.0,,,
B015CYPMJW,,,,,16.0
B015CYQHF0,168.0,,,168.0,168.0
B015CYTUHM,,,12.0,,12.0
B015CZ4O5Y,,,,,1.0
B015DHTWUS,322.0,,,322.0,322.0
B015E99TV2,,,,8.0,
B015ENQ8IK,,,,6.0,6.0
B015ENQ8KS,,14.0,,,14.0
B015ENQBRS,,,5.0,,5.0
B015ENQC6S,,,9.0,,9.0
B015ENQEUM,,,,,3.0
B015ENQFEC,,,,3.0,
B015EWP2TC,,9675.0,9675.0,9675.0,9675.0
B015EZ48ZS,,,,,35.0
B015EZ4CLI,,35.0,,,
B015EZ4DYE,,,,,13.0
B015EZ4FWE,,,,,35.0
B015FMNSM4,1104.0,1104.0,1104.0,1104.0,1104.0
B015FMNV4E,1019.0,,1019.0,1019.0,1019.0
B015FMNXII,261.0,,261.0,261.0,261.0
B015GAPM4W,,,,,49.0
B015GNZSUC,,,,613.0,613.0
B015GNZV36,994.0,,,994.0,994.0
B015GNZX4I,,,,,631.0
B015GNZY7E,,185.0,,185.0,185.0
B015GO00K4,,,,,664.0
B015GO02FM,,,,,392.0
B015GO04FK,337.0,,,,337.0
B015GO07T8,,,,,243.0
B015GO09DM,351.0,,,351.0,351.0
B015GO0AIQ,401.0,,,401.0,401.0
B015GO0BRG,87.0,,87.0,,87.0
B015GO0ES2,351.0,,,,351.0
B015GO0KCM,290.0,,290.0,290.0,290.0
B015GO0M6Q,,,249.0,249.0,249.0
B015GO0PLS,,,,,202.0
B015HLYSM2,,,,226.0,
B015HM2YKO,,,,,7.0
B015HO5814,,,11.0,11.0,
B015HQJWVO,,,,,65.0
B015HRU6RW,,,,,23.0
B015HU14NY,,,,,23.0
B015HV4LX8,,,,38.0,38.0
B015HW0S2U,,,,382.0,382.0
B015I3H78G,,,,,237.0
B015J4GIJ8,15741.0,15741.0,15741.0,15741.0,15741.0
B015J4GNIY,28594.0,,28594.0,28594.0,28594.0
B015J4GQD6,12424.0,12424.0,12424.0,12424.0,12424.0
B015JJYDUO,,,,47.0,47.0
B015JNJCYM,,,,,42.0
B015JNL9G6,,,,,32.0
B015JQ8HMC,1.0,,,,1.0
B015JRG05M,,,24.0,,24.0
B015JUD1NI,,,,,188.0
B015JUD1NS,188.0,,,188.0,188.0
B015JUD1OC,188.0,188.0,,188.0,188.0
B015JUD1P6,,,,188.0,188.0
B015JUD1R4,,,,188.0,
B015JUD1T2,,,,,188.0
B015JWDUUA,,731.0,731.0,,731.0
B015LXJRDQ,,,,,653.0
B015LXKKDW,,,,,653.0
B015N5FDPS,,,1019.0,,1019.0
B015NEFUUC,,922.0,,922.0,922.0
B015NEFW1E,,,,922.0,922.0
B015NEFXFE,922.0,,,,922.0
B015NEG1XM,,,,922.0,
B015NEG2YU,,,,922.0,922.0
B015NEG48O,,,,,922.0
B015NEG6KU,922.0,,,,
B015NFPFVA,922.0,,922.0,,922.0
B015NG5XXE,,,,,89.0
B015NG5YVK,,,,,89.0
B015NKDPXA,4776.0,4776.0,4776.0,,4776.0
B015NKJRLE,645.0,645.0,645.0,645.0,645.0
B015NKO5EI,24.0,,,,
B015NLL5M2,,,,73.0,73.0
B015NLT84O,,,,,44.0
B015NW2D0E,,,26.0,26.0,26.0
B015ON4M5G,,,,,3590.0
B015OT6IOS,,1583.0,,1583.0,1583.0
B015OU04LK,,,,,39.0
B015Q2RGNU,,,,59.0,59.0
B015Q2SUC6,,,,,14.0
B015Q8SPOS,,1285.0,,,1285.0
B015QAUJ0Y,,,34.0,34.0,34.0
B015QBC2PS,,,,100.0,100.0
B015QH088A,,,57.0,57.0,57.0
B015QH1P5K,220.0,,,220.0,220.0
B015QH3Q9S,,,,79.0,79.0
B015QHA7N6,,,,,82.0
B015QHJ91M,,,,32.0,32.0
B015R8DXT4,,,,11.0,11.0
B015RITZAU,,388.0,,388.0,388.0
B015RIZBDA,,916.0,916.0,,
B015RJE1NK,916.0,,,,916.0
B015RJMUIS,734.0,,734.0,,734.0
B015RK68EE,,,56.0,,56.0
B015RNAPUY,,,,,23.0
B015RY95MM,431.0,,,,431.0
B015RYGU66,,,,48.0,
B015TURZ62,,,,,1559.0
B015UM5IV8,2087.0,2087.0,2087.0,2087.0,2087.0
B015UMASM2,649.0,649.0,649.0,649.0,649.0
B015UNDKYE,,,,,207.0
B015UNDKZS,,,207.0,,207.0
B015UNGCNK,,,,,122.0
B015URVG00,312.0,,312.0,312.0,312.0
B015UVE8HO,,,,,83.0
B015UVFU8A,,,,,1891.0
B015UVJS9M,,,,,5.0
B015UVKOEA,,,,,11.0
B015VD9BV4,,,,,562.0
B015VO0BDK,813.0,,813.0,,813.0
B015WFNM2A,,360.0,,,360.0
B015WL2IDI,108.0,,108.0,108.0,108.0
B015WMTJRK,,,,,15.0
B015X142DG,2665.0,2665.0,2665.0,,2665.0
B015X3F9GS,23340.0,,23340.0,23340.0,23340.0
B015X68G56,586.0,,586.0,586.0,586.0
B015X6C4IQ,2579.0,,,,2579.0
B015X6H30K,,,4.0,,
B015X6TA1A,,,,,105.0
B015Y7XVJK,34.0,,,,
B015YC8D1G,,,,,3.0
B015YF1KLI,,,3.0,,
B01608QL4Y,75.0,75.0,,,
B01608ZWIK,399.0,,399.0,,399.0
B01609KGB2,399.0,399.0,399.0,399.0,399.0
B01609NRNQ,54.0,,54.0,,
B01612WMH4,,32.0,,32.0,32.0
B0161B938Q,,,,,57.0
B0161B9HY6,,,,21.0,21.0
B0161JS3DY,,,,,632.0
B0161UEHRE,,,,,56.0
B0161W1KXQ,,,,,4.0
B0161WC4I6,,,,,120.0
B0161WFF0K,,120.0,,,120.0
B0161ZC5GY,,,561.0,,561.0
B016218VUQ,,,,,21.0
B0163H29RK,523.0,,,,523.0
B0163JJYB2,,,,1.0,
B0163JJZRU,763.0,763.0,763.0,763.0,763.0
B0163JK0J2,,,,,2.0
B0163MGDOA,446.0,,,446.0,446.0
B0163MIV36,164.0,,,,164.0
B016425TT4,,,,,83.0
B0164FZU1S,,,,,59.0
B0164ND75Q,10053.0,10053.0,10053.0,10053.0,10053.0
B0164QUTOK,413.0,,413.0,413.0,413.0
B0165GXFFY,49.0,49.0,,,49.0
B0165GY9VI,1080.0,,,1080.0,1080.0
B0165GYJKY,2245.0,,2245.0,2245.0,2245.0
B0165H0CJ0,,,,,7919.0
B0165H0JHU,2874.0,2874.0,2874.0,2874.0,2874.0
B0165MWD5G,,,,23340.0,23340.0
B0166EMNUI,832.0,832.0,,832.0,832.0
B0166R1KLI,38.0,,38.0,,38.0
B0166R1KMW,,21.0,21.0,,21.0
B0167B17C0,,,,,1.0
B0167H6ED6,,,,,7.0
B0167HMPZC,,,,,10.0
B0167HO2U8,,,,,9.0
B0167I2DLC,,,,,5.0
B0167KKYBQ,,,,,8.0
B0167L418M,,,,,28.0
B0167NG3XQ,,,,,199.0
B0167OUSL8,,157.0,157.0,,157.0
B01688LBBY,65.0,65.0,,65.0,65.0
B01688LCTA,21.0,,21.0,,
B01688LD26,,,,,10.0
B01688LD44,,,,26.0,26.0
B01688MW1C,4674.0,4674.0,4674.0,4674.0,4674.0
B0168Y17QC,,,,,11.0
B0168Y25KO,,,,,12.0
B01690L6T8,,,,,8.0
B01690TKLY,,,,12.0,12.0
B01690U1AS,,,,97.0,97.0
B016939FIY,2357.0,2357.0,2357.0,2357.0,2357.0
B01696PW3I,1021.0,1021.0,1021.0,1021.0,1021.0
B0169AMT4O,1418.0,,,,
B0169ARW1E,,,1418.0,1418.0,1418.0
B0169TQE1O,,,,3.0,
B016AFXBL8,173.0,,,173.0,173.0
B016ASTD4E,,530.0,,,530.0
B016AVH0HI,,707.0,,707.0,707.0
B016B8MBTW,,,,,39.0
B016B97ULU,45.0,,,,
B016BJZLXE,,,,,21.0
B016BJZN9Q,,,,,8.0
B016BJZRJW,255.0,,255.0,,255.0
B016CB15CW,196.0,,,,196.0
B016D3OD2I,,,392.0,,392.0
B016DTHKIQ,202.0,,,,
B016DVTNS4,274.0,274.0,274.0,274.0,274.0
B016DZ6F04,510.0,510.0,,510.0,510.0
B016FD2DQY,3244.0,3244.0,,,3244.0
B016FD2FEE,,,,105.0,105.0
B016FD2GGG,400.0,,,400.0,400.0
B016FD2GOI,,2326.0,,2326.0,2326.0
B016FD2GTI,,1320.0,1320.0,,1320.0
B016FD2GU2,402.0,402.0,402.0,402.0,402.0
B016FD2QH0,2920.0,2920.0,2920.0,2920.0,2920.0
B016FD2QNE,,,1240.0,,
B016IXPWO6,1737.0,1737.0,1737.0,1737.0,1737.0
B016J39B24,,,,,11.0
B016JVI910,1349.0,,,,
B016JVI942,,,,,1349.0
B016JVI9HY,,,,,1349.0
B016JVI9JW,,1349.0,,,
B016JWL3TO,,,,,1559.0
B016JX9N0O,,,,,1559.0
B016JX9N18,,,,1559.0,
B016KDZAS2,,,,28.0,28.0
B016KDZAYQ,,,,,18.0
B016KDZHHG,163.0,163.0,,,
B016KOHQS8,,,823.0,823.0,823.0
B016LH9S3A,3140.0,,3140.0,3140.0,3140.0
B016LHPGTK,2611.0,2611.0,,2611.0,2611.0
B016LI9HM6,,,,,9.0
B016LIASEM,,,,,6.0
B016LLQ1P4,2123.0,,2123.0,,2123.0
B016LNAITM,,,,,31.0
B016LOCL2S,7774.0,7774.0,7774.0,7774.0,7774.0
B016M9UDQ8,483.0,483.0,483.0,483.0,483.0
B016M9UEY4,,,,1680.0,1680.0
B016M9UF66,323.0,323.0,323.0,323.0,323.0
B016M9UFJ8,2969.0,2969.0,2969.0,2969.0,2969.0
B016MMFNNS,55.0,,,,
B016MMIKP6,,235.0,,235.0,235.0
B016N09K10,28.0,,,,28.0
B016N1LHGK,153.0,153.0,153.0,153.0,153.0
B016N2SDVG,,,,,120.0
B016N9GF5A,468.0,,468.0,,468.0
B016NBGIK0,,,42.0,,42.0
B016OM2LJ0,939.0,939.0,939.0,939.0,939.0
B016OM4IA0,,,,,76.0
B016OM5PAW,38.0,,,,38.0
B016OM70NC,,,44.0,,
B016OMKNWW,309.0,,,309.0,309.0
B016OWSE00,,,,,3.0
B016OYLZP4,,,,,72.0
B016P1UYEE,,,,,6.0
B016PXEWMM,,,,492.0,492.0
B016QSGN82,,,,,823.0
B016SCF8S2,,,,,6.0
B016SCH2C2,5548.0,5548.0,5548.0,5548.0,5548.0
B016SD49O0,15.0,,,,
B016TOBJ32,63.0,63.0,63.0,63.0,63.0
B016U66LC8,,,,,14.0
B016VDCLRE,,,,118.0,
B016VKNA72,1119.0,1119.0,1119.0,1119.0,1119.0
B016WU1UXC,280.0,280.0,,280.0,280.0
B016WU2SME,9.0,,9.0,,
B016WYXP2C,,,,,823.0
B016WYXP5E,,,,53.0,
B016X4CQUS,,,615.0,,615.0
B016X4CUBI,,,57.0,57.0,
B016X4CW5M,,,,,39.0
B016X4CXKG,,3.0,,,
B016X4CYPU,483.0,483.0,483.0,483.0,483.0
B016XNPOA8,,,,,6.0
B016XP62RK,,,,564.0,564.0
B016YLL0HA,,,,145.0,145.0
B016YMO0OY,,,32.0,32.0,32.0
B016Z1S30Q,,,,,2.0
B0170GOCVO,5548.0,5548.0,5548.0,5548.0,5548.0
B0170GOKRK,,7777.0,,,
B0170K6CMM,1453.0,1453.0,1453.0,1453.0,1453.0
B01714LPZG,,,,63.0,63.0
B01714M2RG,140.0,,,,140.0
B01714M2TO,,,,,140.0
B0171K0DFS,20.0,,,,20.0
B0171V5M9O,687.0,687.0,,687.0,687.0
B0171ZOOTY,890.0,890.0,890.0,890.0,890.0
B0172044XY,,,,,14.0
B0172047WM,,,14.0,,
B01729MK5Y,,8.0,,8.0,8.0
B01740RSYY,,,63.0,63.0,63.0
B0175D5RDO,,392.0,,,392.0
B0175D5UXQ,,,75.0,75.0,75.0
B0175D5XSI,907.0,907.0,907.0,907.0,907.0
B0175D5Z6I,377.0,377.0,377.0,377.0,377.0
B0175D616Q,,,70.0,,
B0175D62N8,,,,,155.0
B0175D63SC,150.0,,,,150.0
B0175D663O,450.0,,,450.0,450.0
B0175D67CO,,,429.0,429.0,429.0
B0175YZP5S,,19.0,,,19.0
B01766NMYG,,,4975.0,,
B0176S14ZS,3.0,,3.0,,
B0176TV5CE,,,,,41.0
B01770774M,27.0,,,,27.0
B01770E498,,,,,482.0
B01778QGLE,661.0,,661.0,,661.0
B01783REQE,50.0,,,,50.0
B01783RFXQ,217.0,,217.0,,217.0
B01783RILA,214.0,214.0,214.0,214.0,214.0
B01783RLK8,465.0,,465.0,465.0,465.0
B01783RMWA,,,,22.0,22.0
B01783RNY2,,128.0,128.0,,128.0
B01783RPUE,,,,,20.0
B01786DRBM,835.0,,835.0,835.0,835.0
B0178NKY3E,,,,456.0,456.0
B0179S0O3I,,,,3.0,
B017ABZEAC,,,,,45.0
B017AEPW60,,,,,88.0
B017AYT5G8,592.0,592.0,592.0,592.0,592.0
B017BCLJ54,,,,,21.0
B017BWA0I6,,,,,72.0
B017BYMZGE,,,,,72.0
B017C1L9PO,3961.0,3961.0,3961.0,3961.0,3961.0
B017C2Z4PE,,,,,22.0
B017D5N9W0,9682.0,,9682.0,9682.0,9682.0
B017DD3SAA,,,,,30.0
B017DSB1UE,,,,,268.0
B017DT43RG,1324.0,,1324.0,,1324.0
B017DTK0CI,1481.0,1481.0,1481.0,1481.0,1481.0
B017E6Z2PU,,,,,61.0
B017EP5DIW,1091.0,1091.0,1091.0,1091.0,1091.0
B017ETO2VW,18307.0,,18307.0,18307.0,18307.0
B017GGC9BI,316.0,316.0,316.0,316.0,316.0
B017GGGWXY,632.0,632.0,632.0,632.0,632.0
B017GGJEKW,922.0,922.0,922.0,922.0,922.0
B017GRKO3C,2806.0,2806.0,2806.0,2806.0,2806.0
B017IZGN50,,,454.0,,454.0
B017JIGV8A,,,,,96.0
B017JIN8PE,,60.0,,,60.0
B017JIO0LA,67.0,,,67.0,67.0
B017JIPM1M,,17.0,17.0,,17.0
B017JISNC2,4570.0,4570.0,4570.0,4570.0,4570.0
B017K7FJA6,,,77.0,77.0,77.0
B017KSAVCQ,,,193.0,,193.0
B017KSAZ36,,240.0,,,240.0
B017KSB0YO,,,,,183.0
B017KSB1WA,,,,,281.0
B017KSBJ9K,,,,,240.0
B017M0Y056,,,,,1183.0
B017M2HPAQ,,,,,785.0
B017M3B06U,,785.0,,,
B017MUI2VE,,,,215.0,215.0
B017MUI34U,,,,,215.0
B017MUI36S,,,,,215.0
B017NOQK18,7.0,,7.0,7.0,
B017NOVKU4,1642.0,1642.0,1642.0,1642.0,1642.0
B017NOWQRK,,,,,2161.0
B017NOWW88,2956.0,,,2956.0,2956.0
B017NTF2PS,2562.0,,2562.0,,2562.0
B017O9R0I4,,,,,20.0
B017OE2HRS,,,,226.0,226.0
B017PCII8G,72.0,,,,
B017Q5KC04,,,,,127.0
B017Q5KCQI,,,1091.0,1091.0,1091.0
B017Q5KFF6,33.0,,33.0,,33.0
B017Q5KGAA,,,,,2.0
B017R9MY5A,70.0,,,,
B017RRC68C,1418.0,,,,1418.0
B017S3LX8O,22760.0,22760.0,22760.0,22760.0,22760.0
B017SUKQOE,,,,,81.0
B017T5MLIM,,75.0,75.0,,75.0
B017T7B08M,,,87.0,87.0,87.0
B017TFTO2S,116.0,116.0,,,116.0
B017TFYL2G,,64.0,,,64.0
B017TG8UWW,217.0,,217.0,217.0,217.0
B017THAKS8,57.0,57.0,,,57.0
B017UMXLTM,816.0,816.0,816.0,816.0,816.0
B017UO2AX8,,,,60.0,60.0
B017UYDYUG,9054.0,9054.0,9054.0,9054.0,9054.0
B017V14088,,,29.0,,29.0
B017V4SQ12,276.0,,,276.0,276.0
B017V5GPOQ,3556.0,3556.0,3556.0,3556.0,3556.0
B017VUX594,261.0,,,261.0,261.0
B017WLZJVY,,,,,10.0
B017WM5RJM,,,,,4.0
B017WNGBBO,,,,,3.0
B017WOKZB0,,,,,6.0
B017WOQ8ZW,91.0,91.0,91.0,91.0,91.0
B017WWSY5Q,851.0,851.0,,,851.0
B017Y2AX0S,,32.0,,32.0,32.0
B017Y2AX12,195.0,,195.0,195.0,195.0
B017Y2B12C,,,,30.0,30.0
B017Y2B46U,,38.0,,38.0,38.0
B017Y2B53C,,,,,35.0
B017Y3WBKW,41793.0,41793.0,41793.0,41793.0,41793.0
B017Z605M4,133.0,,,133.0,133.0
B018234D36,266.0,266.0,266.0,266.0,266.0
B018234FX4,,,,,1.0
B018234G6A,1.0,,,,
B018234IAY,156.0,156.0,156.0,156.0,156.0
B0182C6JCK,,,,55.0,
B0182JIZNY,,,,,75.0
B01832HSYW,,,,,20.0
B01832RHN4,2577.0,,2577.0,2577.0,2577.0
B0184GE4P8,,1280.0,,,1280.0
B0185SZRVK,,,,11.0,
B0185ZIU62,,,,362.0,362.0
B0185ZIUFS,,,,,715.0
B0185ZIUIK,,,,,282.0
B0185ZTXCW,,,,279.0,
B0186FLPUE,245.0,,,245.0,245.0
B0186YEJJO,,,,,142.0
B01871S7J4,,,,,1.0
B01871S7JY,,1.0,,,
B01871SB0O,,,,,11.0
B01871SB2C,,,,,4.0
B01871SBLS,,,,,178.0
B0187P9VPE,,,2065.0,,2065.0
B0187T8CEG,2335.0,,,2335.0,2335.0
B018846CZG,,,,,11.0
B0188Q46E8,1032.0,1032.0,1032.0,1032.0,1032.0
B018984GWM,,,,894.0,
B0189F0LDS,,,,10.0,
B0189GUDIA,,,,,12.0
B018ANJ9SC,,,,1798.0,1798.0
B018B2AN50,,,35.0,35.0,35.0
B018B8PWPK,338.0,338.0,338.0,,338.0
B018B8PX6I,136.0,136.0,,,136.0
B018B8PZAC,61.0,,,61.0,61.0
B018B8PZLQ,587.0,587.0,587.0,587.0,587.0
B018B8Q0EC,293.0,293.0,293.0,293.0,293.0
B018B8Q2YK,587.0,587.0,587.0,587.0,587.0
B018B8Q30I,153.0,,,153.0,153.0
B018B8Q33K,,,23.0,23.0,23.0
B018B8Q3TE,153.0,,153.0,153.0,153.0
B018B8Q5U6,99.0,,,,99.0
B018B8Q63M,23.0,23.0,23.0,,23.0
B018B8Q6AK,,,,,89.0
B018B8Q9HA,,3487.0,3487.0,3487.0,3487.0
B018B8QBEG,316.0,316.0,,316.0,316.0
B018B8QBKA,,,,316.0,
B018B8QBXM,316.0,,316.0,316.0,316.0
B018BATJIO,,58.0,58.0,58.0,58.0
B018F2H67E,,183.0,183.0,183.0,183.0
B018F51BF4,355.0,355.0,,,355.0
B018FMLE90,,,,,5.0
B018FMLEL8,29.0,29.0,,,29.0
B018FPW8PQ,,,664.0,664.0,664.0
B018FQNSCM,,664.0,664.0,664.0,664.0
B018FYRB8G,27.0,,,27.0,27.0
B018FYRJPG,37.0,,,,
B018GZYGFU,266.0,266.0,266.0,266.0,266.0
B018H9FB7W,,,,,111.0
B018HGST06,,54.0,,,54.0
B018HGSTPQ,,,,,4.0
B018HGSUB4,,,,,14.0
B018I9IRWM,,,123.0,,123.0
B018IVLC2W,215.0,,,215.0,215.0
B018IVVQH8,630.0,,,,
B018IWKT2K,4015.0,4015.0,4015.0,4015.0,4015.0
B018IWL406,1044.0,1044.0,1044.0,1044.0,1044.0
B018IX55FK,,,,,7.0
B018IYEWY4,30.0,,,,30.0
B018IZWBAU,1171.0,,,,1171.0
B018JAYZ7G,,,4.0,,
B018KV4AGA,,,,307.0,307.0
B018KXY2KC,22837.0,22837.0,22837.0,22837.0,22837.0
B018L2WTYI,,,,,8.0
B018LWSTYW,,,,,271.0
B018MN3FAI,4996.0,,4996.0,4996.0,4996.0
B018MQ82YO,4996.0,4996.0,4996.0,,4996.0
B018NBXEK0,401.0,,,,401.0
B018O4TWGQ,,73.0,73.0,73.0,73.0
B018PMSY5M,,82.0,,82.0,
B018S6IVG2,,7.0,7.0,,
B018T7DHVY,,,8556.0,,
B018T7DHWI,8556.0,,,8556.0,8556.0
B018T7DI04,8556.0,8556.0,,8556.0,8556.0
B018T7DI0Y,8556.0,8556.0,8556.0,,8556.0
B018T7DI4A,8556.0,8556.0,8556.0,8556.0,8556.0
B018UHXAQU,,474.0,,474.0,474.0
B018UI3L18,,,,,257.0
B018UQEB6E,26892.0,26892.0,26892.0,26892.0,26892.0
B018USXV0Y,4835.0,4835.0,4835.0,4835.0,4835.0
B018VOJPUC,,,,,11.0
B018VPJZYC,,78.0,78.0,78.0,78.0
B018VPK0XC,,,,,25.0
B018WEI502,229.0,,,,
B018WJ7DQY,,,,,14.0
B018WJA8UM,,,,20.0,
B018WJD4QW,,,,100.0,100.0
B018WJIAWU,,,,,18.0
B018WOOUCE,112.0,,112.0,112.0,112.0
B018WOQ1XK,,,72.0,,72.0
B018WORFTO,,,249.0,,249.0
B018WOU1CC,490.0,,,490.0,490.0
B018WOUXB6,,,11.0,11.0,11.0
B018XXJXC6,,,,18.0,
B018ZI0BPW,,,,,11.0
B018ZXEO50,2178.0,,2178.0,2178.0,2178.0
B0191QJU5Y,,,58.0,,58.0
B0192YKVZI,,,34.0,34.0,34.0
B0195UH0A8,,,,,4.0
B0195YMM52,,,,,762.0
B019624D4Q,,,197.0,197.0,197.0
B0196AGNVE,664.0,664.0,664.0,664.0,664.0
B019735TIS,,,,,47.0
B0197413O6,,,656.0,,656.0
B019747USY,59.0,,,,
B0197TLJ0E,,,,,12.0
B0198ZVRZY,,,,,226.0
B0199282CC,,,,,104.0
B01995BEVU,,,,,5.0
B01995YTGW,,,,,357.0
B01996CHQA,,,,,10.0
B0199LUQ5E,,,,241.0,241.0
B0199LUQ7W,,,,240.0,
B0199LUQBI,,,,,241.0
B0199LUQH2,,,,241.0,241.0
B0199LUSKW,,,,,614.0
B0199LUSL6,,,240.0,,
B0199LUSLG,,,,,614.0
B0199LUSMK,,,116.0,116.0,116.0
B0199LUSTI,,,,,9.0
B0199LUSX4,,,,,614.0
B0199LUV4K,614.0,,,,
B0199LUV5O,,,,,614.0
B0199LUVBI,,,,,614.0
B0199MPMSO,,,,27.0,
B0199MPN56,,,,,14.0
B0199MPN88,,,9.0,,
B0199MPNCO,,,,,6.0
B0199MPP9K,15.0,,,,
B0199MPPBS,,,,,5.0
B0199MPRQQ,,,,,95.0
B0199MPRS4,15.0,,,,
B0199MPRZ2,,15.0,,,
B0199MPTXC,420.0,420.0,420.0,420.0,420.0
B0199MPUCW,728.0,,,,728.0
B0199PXS0A,,,,,653.0
B019A7S4Y2,,,,,167.0
B019CAO74I,,,66.0,,66.0
B019E7YK2S,166.0,,,,166.0
B019EDTPTA,793.0,,,,793.0
B019EKOK6G,,,74.0,,74.0
B019EYFHAK,,,12.0,,
B019FWRQVE,,,,,1.0
B019H5LI5Y,,,,12.0,
B019H5LIBS,,,,18.0,
B019HI9JUC,453.0,,453.0,,
B019HR6JUQ,17189.0,17189.0,17189.0,17189.0,17189.0
B019IG2IWE,,,,257.0,257.0
B019JCI8E4,,31.0,,,
B019JSHD8K,259.0,,,259.0,259.0
B019JSN258,,,12.0,12.0,
B019K8GO5C,,,,,35.0
B019K8GONO,,,,,46.0
B019K8GP6K,316.0,,,,316.0
B019LF10MG,121.0,,121.0,121.0,121.0
B019LT0X3E,,708.0,708.0,708.0,708.0
B019MCC3BU,25.0,,25.0,,25.0
B019MCC3E2,78.0,78.0,,,78.0
B019NCCCNI,,,,,1.0
B019OS5DM8,,,,297.0,
B019OS5DRS,1154.0,,1154.0,,1154.0
B019R79HS2,,942.0,942.0,,942.0
B019RTEKO6,,228.0,228.0,228.0,228.0
B019RULW50,228.0,228.0,228.0,228.0,228.0
B019RWHLZ8,2393.0,2393.0,2393.0,2393.0,2393.0
B019SDJLXQ,,1445.0,1445.0,1445.0,1445.0
B019SDPN5G,4419.0,,,4419.0,4419.0
B019SFIIU6,,,,191.0,191.0
B019T9GJHK,,,,,3.0
B019TSAODQ,,,,990.0,
B019VJ85CA,,3463.0,,,3463.0
B019WZR5VU,,,,,552.0
B019X0CX4I,,997.0,,,
B019X0KW0A,,,149.0,,149.0
B019XUFJJ4,,,,,285.0
B019YAYU66,312.0,,,312.0,312.0
B019YMER62,82.0,82.0,,,82.0
B01A0NT3D6,14476.0,14476.0,14476.0,14476.0,14476.0
B01A4EIRX8,31.0,,,,
B01A5OMP94,19.0,,,19.0,19.0
B01A5OMPY4,,303.0,303.0,,303.0
B01A5ONJJO,367.0,367.0,367.0,367.0,367.0
B01A5ONNTA,,,,,8.0
B01A5OO0LU,,,,48.0,48.0
B01A5OO16E,,,,49.0,49.0
B01A5OO1LE,75.0,,75.0,75.0,75.0
B01A61XUT0,268.0,,268.0,268.0,268.0
B01A61XUWC,,822.0,,,
B01A624NIQ,453.0,453.0,453.0,453.0,453.0
B01A6N4SKS,,,,,49.0
B01A7CGL8U,,,,,12.0
B01A7DI9QG,,,,,74.0
B01A7EQFUW,,,,,46.0
B01A7F98EQ,,34.0,,,
B01A7MVIC4,62.0,,,,62.0
B01A7QACAY,,,407.0,407.0,407.0
B01A7SJ5FU,,450.0,450.0,,450.0
B01A814NK8,,,9.0,,
B01A814NR6,,,,,13.0
B01A814NT4,227.0,,,,227.0
B01A814NUI,227.0,,227.0,,227.0
B01A8MSMUE,,,,8237.0,8237.0
B01AALH862,,,,,186.0
B01AALNRK8,,,,64.0,64.0
B01AAM9DK0,,,,,59.0
B01ACA5SX6,,,,,289.0
B01ACAR6GI,,,72.0,,72.0
B01ACBC5UE,,,,,289.0
B01ACBH180,,,,289.0,
B01ACCCRU6,,,,22.0,22.0
B01ACF505W,88.0,,88.0,88.0,88.0
B01ACFFY6C,8083.0,8083.0,8083.0,,8083.0
B01ACFT6GQ,9002.0,,9002.0,9002.0,9002.0
B01ACI0A04,67.0,67.0,,,
B01ADKNJPO,12328.0,12328.0,12328.0,12328.0,12328.0
B01AE1EY5Q,88.0,,88.0,,88.0
B01AE38U9K,,,,,52.0
B01AFW2U32,,593.0,,,
B01AGDKRRQ,188.0,188.0,,188.0,188.0
B01AGUWH7W,162.0,,162.0,,162.0
B01AGYUM0W,,,,824.0,824.0
B01AHOFHLK,,,12.0,,
B01AHOFRBK,38.0,38.0,38.0,38.0,38.0
B01AHOFREW,62.0,,62.0,62.0,
B01AHOFRF6,,57.0,57.0,57.0,57.0
B01AHOFRII,60.0,,60.0,60.0,60.0
B01AHOFRJW,,,1751.0,,
B01AHOFRZQ,199.0,199.0,199.0,199.0,199.0
B01AHOFU7Q,,33.0,,33.0,33.0
B01AHOFUDA,,27.0,,27.0,27.0
B01AHOFUDK,39.0,39.0,,39.0,39.0
B01AHOFUGC,,19.0,19.0,19.0,19.0
B01AHOFUMG,,,,,10.0
B01AHOFUOO,,,,,54.0
B01AHOFUZI,10.0,,,,10.0
B01AHOFXX2,,18.0,,,18.0
B01AHOFY0O,,9.0,,,9.0
B01AI3WHU4,2175.0,2175.0,2175.0,2175.0,2175.0
B01AIUIJ8Q,,,740.0,,740.0
B01AIWD6Y6,,,,,795.0
B01AJFSIQS,,,,,6.0
B01AKBX1H2,156.0,,,,
B01AKC9C1A,,,,,36.0
B01AKTZFZU,9418.0,9418.0,9418.0,9418.0,9418.0
B01ALDX6FQ,,,,30.0,30.0
B01ALDX6HE,,,58.0,58.0,58.0
B01ALDX6JW,177.0,177.0,,177.0,177.0
B01ALDX700,,46.0,46.0,,46.0
B01ALDX71E,20.0,,20.0,20.0,20.0
B01ALDX886,,37.0,37.0,37.0,37.0
B01ALDXAVG,422.0,,422.0,422.0,422.0
B01ALDXB4M,,422.0,422.0,,422.0
B01ALDXB6U,422.0,422.0,422.0,422.0,422.0
B01ALDXBB0,,,,422.0,
B01ALDXBC4,422.0,,,,
B01ALDXC28,,,376.0,,376.0
B01ALDXENA,1632.0,1632.0,1632.0,1632.0,1632.0
B01ALDXEO4,740.0,740.0,,,740.0
B01ALDXEPI,2337.0,2337.0,2337.0,2337.0,2337.0
B01ALDXERG,413.0,413.0,413.0,413.0,413.0
B01ALDXEUI,,18.0,,,18.0
B01ALDXF4I,207.0,,,207.0,207.0
B01ALDXI4K,1923.0,,1923.0,,1923.0
B01ALDXI54,1923.0,,,1923.0,1923.0
B01ALDXI68,1923.0,,,1923.0,1923.0
B01ALDXIAO,,,,,21.0
B01ALDXL4C,,17.0,17.0,,
B01ALDXLJ2,1923.0,,1923.0,1923.0,1923.0
B01ALZLNL8,588.0,588.0,588.0,,588.0
B01AMDW0QQ,,,,,13.0
B01AML8N9G,,,,,46.0
B01AMMPUO6,198.0,,,,198.0
B01AMTYG44,,33.0,,,33.0
B01AMVDRVU,60.0,,,,60.0
B01ANQSGC4,,,,,183.0
B01AO03JOY,12328.0,12328.0,12328.0,12328.0,12328.0
B01AO7CFUQ,1571.0,1571.0,1571.0,1571.0,1571.0
B01AOA7EBI,,27062.0,,27062.0,27062.0
B01AOAABBS,,1.0,1.0,,1.0
B01AOWZ2BU,1891.0,1891.0,1891.0,1891.0,1891.0
B01APJS8N6,,519.0,519.0,519.0,519.0
B01APO4JHA,,3.0,,,3.0
B01AQ5FO8G,,,,,994.0
B01AQ5FPCG,613.0,,,,
B01AQ5FPEO,,,,,337.0
B01AQ5FQ6G,631.0,,,,
B01AQ5FQB6,,,,,447.0
B01AQ5FRW4,,,,,57.0
B01AQNZ3WU,502.0,,,502.0,502.0
B01AQS4MXQ,,,,,3.0
B01AQS6784,,,,,413.0
B01AR3VBC0,,315.0,,,
B01ARDU4J6,,,,,401.0
B01AS41BD2,2164.0,2164.0,2164.0,2164.0,2164.0
B01AS6RZ2G,,69.0,69.0,69.0,69.0
B01ASNX0J6,,,62.0,62.0,62.0
B01ATZ2DCI,,,,,20.0
B01ATZ2DXM,,,,,54.0
B01AU2FYE4,46.0,,,,
B01AU3JS0Y,,,,,244.0
B01AU3JTC6,,326.0,326.0,326.0,326.0
B01AU821GC,,,,105.0,
B01AV38WQO,,,240.0,240.0,240.0
B01AV68IL0,,,,,182.0
B01AV68J96,,,,,6335.0
B01AV68JXC,,,,,6335.0
B01AV68KNG,,,6335.0,,6335.0
B01AVEQ8X2,,1328.0,,,1328.0
B01AVG7FMI,,,,206.0,206.0
B01AVL74HO,,,,57.0,
B01AWNSM0O,,73.0,,,73.0
B01AWTH9KW,,403.0,403.0,,403.0
B01AWTOR7U,,,,,10.0
B01AWVZQU0,,,,,3.0
B01AWW11SA,,,,,19.0
B01AWW4TOI,,,,,31.0
B01AWW5V3Q,,,,,5.0
B01AWWB504,,,,29.0,29.0
B01AWWDYTE,,,,,5.0
B01AWWLLRG,,,,2.0,
B01AX2HBWE,,,,,15.0
B01AX7VPJ4,,,,32.0,32.0
B01AX9SWVG,,18.0,,,
B01AXVQKQS,,,,,362.0
B01AXVQKWW,,,,,362.0
B01AXVQL7G,,,,,362.0
B01AXVQLP8,362.0,,,,362.0
B01AXVQRP2,646.0,646.0,646.0,,
B01AXVQRQ6,,362.0,,,362.0
B01AXVQRVG,,,362.0,362.0,362.0
B01AXVQRW0,,,,,362.0
B01AXVQS0G,,,,,362.0
B01AXVQSEW,,,,,362.0
B01AXVQSIS,,362.0,,,362.0
B01AXVQW8O,,,,646.0,
B01AXVQWBQ,,,,,646.0
B01AXVQWD4,,,,646.0,646.0
B01AXVQX4W,,,,646.0,
B01AXVQXJ2,,,646.0,,
B01AXVR1E8,,,,,646.0
B01AXVR1HA,,,,,646.0
B01AXVR1HK,,,,,20.0
B01AXVR1KC,167.0,,167.0,,167.0
B01AXVR1MA,,,,,646.0
B01AXVR21U,,,,,167.0
B01AXVR6L6,,,,,167.0
B01AXVR706,,,,,167.0
B01AXVR72E,,,,,167.0
B01AXWW91M,,,,,94.0
B01AY5U0CI,,,,,576.0
B01AY5U21C,,,,576.0,576.0
B01AY5UCGC,692.0,,692.0,692.0,692.0
B01AY8UPLG,,,,,33.0
B01AY9J1DI,,,,,133.0
B01AY9SE6I,,,,,35.0
B01AYMWMCW,2081.0,,,2081.0,2081.0
B01AZR97RE,821.0,,821.0,821.0,821.0
B01AZR98HI,1453.0,,1453.0,1453.0,1453.0
B01AZR9B34,6285.0,,,6285.0,6285.0
B01AZXGZ82,,,,,289.0
B01B00XFFU,12328.0,12328.0,12328.0,12328.0,12328.0
B01B010CWS,12328.0,,12328.0,12328.0,12328.0
B01B01ADO0,,204.0,204.0,204.0,204.0
B01B01YTL8,,12328.0,,12328.0,12328.0
B01B01ZPCA,12328.0,,12328.0,12328.0,12328.0
B01B0213AM,12328.0,,,12328.0,12328.0
B01B022OZU,12328.0,12328.0,,12328.0,12328.0
B01B09Q562,,,,,123.0
B01B1H9KAQ,,,,,23460.0
B01B1JIZI2,,,,,961.0
B01B2BM1XY,26892.0,26892.0,26892.0,26892.0,26892.0
B01B2JTF2G,161.0,,,,161.0
B01B2TWPVO,,,,61.0,61.0
B01B34WG12,12328.0,12328.0,12328.0,12328.0,12328.0
B01B35WQZ2,12328.0,12328.0,,12328.0,12328.0
B01B3GD8QC,66.0,,,,66.0
B01B3GD8YO,,,1418.0,,1418.0
B01B3H5NVE,9.0,,,,
B01B3HWG78,,,,,35.0
B01B3QIEPC,1389.0,1389.0,1389.0,1389.0,1389.0
B01B4OIJ62,289.0,,,289.0,289.0
B01B4OIJ6M,,855.0,,855.0,855.0
B01B4OIM5U,,,,,10.0
B01B4T6S5G,14.0,,,,14.0
B01B4WL0J2,,,29.0,,
B01B5BM39I,,,,,199.0
B01B5BM9TW,,,,,287.0
B01B5BPPIO,,7.0,,,
B01B5GI92I,,42.0,42.0,42.0,42.0
B01B5GIB9O,1648.0,1648.0,1648.0,1648.0,1648.0
B01B6KDS4W,1664.0,1664.0,,,1664.0
B01B6MZQ1I,6403.0,6403.0,6403.0,6403.0,6403.0
B01B6MZX7K,10029.0,10029.0,,10029.0,10029.0
B01B71V8T2,,18.0,,,18.0
B01B7CHZHK,,,,39.0,39.0
B01B83RR76,,106.0,106.0,,106.0
B01B8AA9EM,,,,,12.0
B01B8DBYOS,386.0,,386.0,,386.0
B01B8DNE50,,,1418.0,,
B01B8E5TIY,,,,,361.0
B01B8F676G,524.0,524.0,524.0,524.0,524.0
B01B8OSD8C,1032.0,1032.0,,1032.0,1032.0
B01B8OV3RU,302.0,,302.0,,
B01B8OVQIG,,366.0,366.0,366.0,366.0
B01B8QTCXK,,,,56.0,56.0
B01B9GOM20,,,,,47.0
B01B9GON9C,,,,,20.0
B01B9GOO7S,,243.0,,,243.0
B01B9GOT3M,26.0,,,,26.0
B01B9N5EK2,103.0,,103.0,,103.0
B01B9N9E3A,,,,96.0,96.0
B01B9O9XBC,,70.0,,,
B01BA0JP2M,,,,,843.0
B01BAZ1QLK,,358.0,,,358.0
B01BB8V8IW,19.0,,,19.0,19.0
B01BBRX26E,,,,19.0,19.0
B01BBU5ZAW,2319.0,2319.0,2319.0,2319.0,2319.0
B01BCUGB4A,735.0,735.0,,735.0,735.0
B01BCYXB9E,,75.0,75.0,,75.0
B01BD1IMP4,,,,,30.0
B01BD9V6NQ,,,14.0,,
B01BE2JRW4,354.0,,354.0,354.0,354.0
B01BE3BPW8,370.0,370.0,370.0,,370.0
B01BE508L0,,,26.0,,26.0
B01BE5PF0Y,,,,,189.0
B01BE68AL4,,,,,189.0
B01BE6QRV4,,,,,189.0
B01BE7HSTS,,,,,617.0
B01BE7HXP2,,,,,617.0
B01BE8XJOK,8790.0,8790.0,8790.0,8790.0,8790.0
B01BEA7PM0,341.0,,,,341.0
B01BEBAVQQ,,,,,72.0
B01BEEL8S8,,,,,72.0
B01BEESLME,,,,,72.0
B01BEYRH56,12.0,,,12.0,12.0
B01BEYRKP8,,12.0,12.0,,12.0
B01BFKG7S2,,,,,5.0
B01BFVPRSC,,,,,16.0
B01BG0SS4M,,,,,305.0
B01BG8QG34,,,,,72.0
B01BGLOSKY,,,,,8.0
B01BH7ASVK,,,,,79.0
B01BHCYP5U,105.0,,105.0,105.0,105.0
B01BHG371Y,,,,342.0,342.0
B01BI1SRPE,,,,,15.0
B01BI1WVXI,306.0,306.0,306.0,,306.0
B01BI2QWGE,11.0,,,11.0,
B01BI2RP8S,,,,,22.0
B01BI2SAV4,,,,,72.0
B01BI2SWYE,,,,72.0,72.0
B01BI2TJ2I,,22.0,,,
B01BI4R3NI,,,422.0,422.0,422.0
B01BI6SQ96,,,,64.0,64.0
B01BI6SQXW,,,91.0,91.0,91.0
B01BI6SRNG,83.0,83.0,,83.0,83.0
B01BI8UGRE,,,,45.0,45.0
B01BJ787K2,,,1273.0,,
B01BJOY2LS,1382.0,1382.0,1382.0,1382.0,1382.0
B01BKDOAOM,11594.0,11594.0,,11594.0,11594.0
B01BL4OG2Q,,79.0,79.0,,79.0
B01BLMSL38,,,201.0,,201.0
B01BLPDR5C,,,,,6.0
B01BLRSTMQ,,,,,48.0
B01BLVDVHK,,,,510.0,510.0
B01BLVI9L8,644.0,644.0,644.0,644.0,644.0
B01BLVXL6G,642.0,642.0,,642.0,642.0
B01BLW95M4,,,,2.0,
B01BM4ZJNA,,49.0,,49.0,49.0
B01BM67PYO,,,170.0,,170.0
B01BM67SPU,,,1067.0,1067.0,1067.0
B01BM67TO0,,664.0,,664.0,664.0
B01BM67UPS,1874.0,1874.0,,,1874.0
B01BMBN41W,,,,,3.0
B01BMBN5N4,,3.0,,,
B01BMLQ086,285.0,,285.0,285.0,285.0
B01BMLQ19Y,,1900.0,1900.0,1900.0,1900.0
B01BMLQ3EC,,,336.0,,336.0
B01BMLQ4JQ,,,,1132.0,
B01BMLQ6KS,,372.0,372.0,372.0,372.0
B01BMLQ7UM,,148.0,148.0,148.0,148.0
B01BMWOSKM,,,,,2865.0
B01BMWRFAC,2865.0,,,2865.0,2865.0
B01BMXAXT6,71.0,,,,71.0
B01BMXFAO4,,,,,60.0
B01BMXGVAQ,,,,78.0,
B01BND94Y0,,,,,1751.0
B01BND95NA,,,592.0,592.0,592.0
B01BND963O,,,589.0,,589.0
B01BNRGYN0,,,,,228.0
B01BNRH1N2,,,,90.0,90.0
B01BNRH3T4,,,,,150.0
B01BNRH6Q4,130.0,,,130.0,130.0
B01BNTIFB2,,129.0,,,129.0
B01BNUTCV8,94.0,,,,94.0
B01BNWITO2,,,,,111.0
B01BNWIW30,,,,,30.0
B01BNWIXHK,,,257.0,257.0,257.0
B01BNWIYHY,,,,692.0,
B01BO2ZMKA,,,,,9.0
B01BOM4KFS,,,,91.0,91.0
B01BP092ZC,1329.0,,,1329.0,1329.0
B01BPAI78K,,,,1122.0,1122.0
B01BPL68EO,6780.0,6780.0,6780.0,6780.0,6780.0
B01BPO3ZC4,2243.0,2243.0,2243.0,2243.0,2243.0
B01BQH1ZA4,1681.0,,1681.0,,1681.0
B01BQMKPNM,,,38.0,38.0,38.0
B01BQXNGD2,587.0,,,,587.0
B01BQXY79E,858.0,858.0,858.0,858.0,858.0
B01BRD1VGA,,1.0,,,
B01BRD1VIS,,,,,3.0
B01BRUW0D6,509.0,509.0,,,509.0
B01BSZ6CFM,,,,,5.0
B01BT35722,,,,,7.0
B01BT3AMPE,,,,40.0,40.0
B01BT3R80G,108.0,,,,108.0
B01BT3TR3W,273.0,,,,
B01BTC7QZ4,,,,,2219.0
B01BTGOE3M,,,375.0,375.0,375.0
B01BTGVQ3S,646.0,,646.0,,646.0
B01BTWDRN4,236.0,,236.0,236.0,
B01BU1EJLS,,,,,78.0
B01BUFYRQG,718.0,,718.0,,718.0
B01BUNSB2E,,,,,11.0
B01BV3UOV4,,,,,23460.0
B01BV3USHE,,,,,23460.0
B01BV3XHKE,1811.0,1811.0,1811.0,1811.0,1811.0
B01BVT84HO,,,,,140.0
B01BVV68UW,,,,780.0,780.0
B01BVV94VW,20348.0,20348.0,20348.0,20348.0,20348.0
B01BVV95FM,19101.0,19101.0,19101.0,19101.0,19101.0
B01BVZNRXE,627.0,,627.0,627.0,627.0
B01BWJMG9U,,,,,1.0
B01BWN1SBS,,,,,23.0
B01BWOK95I,,,,,4.0
B01BXNNZW2,,,,,3.0
B01BXRU8TG,,157.0,,,157.0
B01BXZ5GEK,,,,,7.0
B01BY3T1D8,,,,,4.0
B01BY3T1JM,,,52.0,52.0,
B01BY3T5BQ,,62.0,62.0,,
B01BY3T5C0,62.0,,,,62.0
B01BY3T5DE,,,,,25.0
B01BY3T5EI,,,,,21.0
B01BY3T5GQ,,,,,62.0
B01BY3T8SQ,13.0,,,,
B01BY3T8Y0,,,,5.0,
B01BY3T8YU,,,,,11.0
B01BY3T912,,,,,13.0
B01BY3T98U,,,,21.0,21.0
B01BY3TDDG,18.0,,,,18.0
B01BZV5W46,530.0,530.0,530.0,530.0,530.0
B01BZV7MG2,159.0,159.0,159.0,159.0,159.0
B01C2EFAU6,14326.0,14326.0,14326.0,14326.0,14326.0
B01C2EFBZU,14326.0,14326.0,14326.0,14326.0,14326.0
B01C2EFFQU,891.0,891.0,891.0,891.0,891.0
B01C2EGAL4,,31.0,,31.0,31.0
B01C2EGATQ,,30.0,30.0,30.0,30.0
B01C2MYJCS,,,,2.0,2.0
B01C2MYJKA,,,2.0,2.0,
B01C3AQS14,,,,,10170.0
B01C3E5IKW,,,,,37.0
B01C3MZP34,,462.0,,,
B01C4367O8,,,,,15.0
B01C46K9J4,,,,,762.0
B01C4G886K,,,,,12.0
B01C4LDWKC,46.0,,,46.0,46.0
B01C4YH37M,2502.0,2502.0,2502.0,2502.0,2502.0
B01C502ISE,1234.0,,1234.0,1234.0,1234.0
B01C502P5U,1234.0,1234.0,,,1234.0
B01C502SWA,6780.0,6780.0,6780.0,6780.0,6780.0
B01C5MZ82U,,,,,49.0
B01C60NPR6,656.0,,,656.0,656.0
B01C666E2S,,,,21.0,
B01C68ETA0,,,,,64.0
B01C6QDU7A,,249.0,,,249.0
B01C6QDWLO,33.0,,,,33.0
B01C6QDWYQ,45.0,,,,45.0
B01C6QDX2M,,249.0,249.0,,249.0
B01C6SMV32,,65.0,65.0,65.0,65.0
B01C6X4WAW,171.0,,,,
B01C6ZZ4WK,,,93.0,,
B01C6ZZ4YI,,,,,74.0
B01C71XL6E,,,,127.0,127.0
B01C7M4YCI,,,,,25.0
B01C7M575G,,,,,8.0
B01C7Q6CI8,,85.0,,,85.0
B01C7Y6REO,1008.0,,,,1008.0
B01C7Y6SQ6,,,,,1008.0
B01C7ZN3YU,,,,,14.0
B01C8052IO,,,,,186.0
B01C89XCW8,2777.0,,,2777.0,2777.0
B01C8Z4PHI,,,,,157.0
B01CCZVUNQ,,,,,8.0
B01CCZW0IU,,,,,48.0
B01CDCQ2MW,376.0,376.0,376.0,376.0,376.0
B01CDKFW7A,,,,16.0,16.0
B01CDMVY2A,,,195.0,,195.0
B01CDMVYVQ,,,142.0,142.0,142.0
B01CDMVZT2,83.0,,,,
B01CDOZEI8,935.0,935.0,935.0,935.0,935.0
B01CDPCWYG,1779.0,1779.0,1779.0,1779.0,1779.0
B01CDRQW4A,6470.0,6470.0,6470.0,6470.0,6470.0
B01CE12G3G,,,,,725.0
B01CE165C4,,,,,725.0
B01CE1B2R2,725.0,,,,725.0
B01CE1B30I,,,,,725.0
B01CE1B380,,,,,725.0
B01CE4CA7U,,,,,9.0
B01CE4CI8Q,,,4.0,,4.0
B01CE4DBHS,,2.0,,,
B01CEJLJOK,369.0,,,,369.0
B01CF4J540,,,,804.0,804.0
B01CF9DM94,358.0,358.0,358.0,358.0,358.0
B01CFAP638,271.0,,271.0,,271.0
B01CFBWSZQ,345.0,345.0,,345.0,345.0
B01CH9T36I,82.0,,82.0,,82.0
B01CHRU9OK,,,210.0,,210.0
B01CHRUEZE,,148.0,,,
B01CHRUIT6,,,,37.0,
B01CI546SQ,,,,,44.0
B01CI58Q0A,,,,,21.0
B01CJ305Z0,83.0,,83.0,,83.0
B01CJLEGUW,2121.0,,2121.0,2121.0,2121.0
B01CJO59OG,1504.0,1504.0,1504.0,1504.0,1504.0
B01CJY59BY,,,,1.0,
B01CJY5B6W,,,,,1.0
B01CK7IT58,2588.0,2588.0,2588.0,2588.0,2588.0
B01CK7TDOO,696.0,696.0,696.0,696.0,696.0
B01CK88H86,,,75.0,,
B01CK88IBC,,,640.0,,640.0
B01CK88JQ6,,,75.0,75.0,75.0
B01CKCCBPC,,,,11.0,11.0
B01CKCDW4Q,,,,,11.0
B01CKCK6SQ,,,,,2.0
B01CKE6A7A,,,86.0,,86.0
B01CKH82Y6,245.0,,245.0,245.0,245.0
B01CKJBO12,179.0,,,,179.0
B01CKN68JQ,,,,1411.0,1411.0
B01CKO0G3Y,42.0,,,,42.0
B01CKOHUSI,,,,76.0,
B01CKOHV96,56.0,,,56.0,56.0
B01CKOHVQE,,,248.0,,248.0
B01CKOHWB8,,,,124.0,124.0
B01CKPDZ4U,825.0,,,,825.0
B01CKPT99A,704.0,,704.0,,704.0
B01CKQAKTW,825.0,825.0,,,825.0
B01CKTYRH0,421.0,,,421.0,421.0
B01CL9PPKM,761.0,,,761.0,761.0
B01CL9QJCK,,,,,2.0
B01CL9QJJ8,,,14.0,,14.0
B01CLQAKVY,,,12.0,12.0,
B01CLQSHVO,660.0,,660.0,660.0,660.0
B01CLRBVH0,,704.0,,,704.0
B01CLS7RJA,,,,,163.0
B01CNPQRX8,1283.0,1283.0,1283.0,1283.0,1283.0
B01CNVYGN0,,,,4073.0,4073.0
B01CO1CZKK,,,,,21.0
B01CO3WFEY,3587.0,3587.0,3587.0,3587.0,3587.0
B01CO4HR0K,,,61.0,61.0,61.0
B01COFQ3R2,,,,693.0,693.0
B01COFQ5IO,,693.0,,693.0,693.0
B01COFQ78M,,,,,693.0
B01COO5FC2,584.0,,,584.0,584.0
B01COO5FFE,650.0,,,650.0,650.0
B01COO5KYA,,,,,99.0
B01COO5L44,,,,,143.0
B01COO5L4E,1585.0,1585.0,1585.0,1585.0,1585.0
B01COO5LIU,,,549.0,549.0,549.0
B01COO5LLC,451.0,,451.0,451.0,451.0
B01COO5LOY,,,549.0,,
B01COOHQX8,,,,77.0,77.0
B01COOHW7I,,,,,16.0
B01CPIE9QU,,,,393.0,393.0
B01CPIH7YQ,,,,,393.0
B01CPM23GY,,7.0,,,7.0
B01CPNFK2C,,,,23.0,23.0
B01CPNJRQC,,,,31.0,
B01CPNUMDY,,,,,83.0
B01CPNWY7G,,,83.0,,83.0
B01CPOGULG,,,,,13.0
B01CPOM1DM,,,,,43.0
B01CPR7BKW,,,58.0,,58.0
B01CPRLO9Q,,,,,89.0
B01CPSA47S,,,,184.0,184.0
B01CPSP7PM,,,,,163.0
B01CPTCE4I,3587.0,3587.0,,3587.0,3587.0
B01CPU72QC,,,,572.0,
B01CPU73GG,,,,,572.0
B01CPU78FW,572.0,,,,572.0
B01CPUFBNI,1695.0,1695.0,1695.0,1695.0,1695.0
B01CPUPHDW,,1695.0,,,1695.0
B01CPVCW48,,,,,172.0
B01CPYRP1K,214.0,,214.0,214.0,214.0
B01CQ2S4Y8,,2122.0,,2122.0,2122.0
B01CQ3BRNW,,,,,46.0
B01CRB98BG,217.0,217.0,217.0,217.0,217.0
B01CRRQQS8,,,,,1637.0
B01CRXV8OY,,,,,21.0
B01CT16KDI,,,,,250.0
B01CT4XBKK,,,31.0,,
B01CTK0EE0,,,,,97.0
B01CTNYBL4,,,21.0,,21.0
B01CVTFI1I,614.0,,614.0,,614.0
B01CW8T1CU,,,,,126.0
B01CWX6Z4W,3321.0,3321.0,3321.0,3321.0,3321.0
B01CXIETDK,,,,,604.0
B01CXJKTX8,,,,,49.0
B01CYLO3F0,,,,,702.0
B01CYOMXP4,,,,,4.0
B01CYZ24O8,2434.0,2434.0,2434.0,2434.0,2434.0
B01CZ1K43Y,,,,207.0,207.0
B01CZ60M6S,833.0,833.0,,,833.0
B01D0N1U5M,,,,451.0,451.0
B01D0OCRA8,,,,,117.0
B01D0S1R1Y,,128.0,,,128.0
B01D0SZKG2,,,,107.0,107.0
B01D1S3MWK,242.0,242.0,,,242.0
B01D1SDS4M,,,59.0,,59.0
B01D1SJIZ0,,,,14.0,14.0
B01D1SO1O8,,,,15.0,15.0
B01D1SSWCA,,,,,12.0
B01D1YCYP0,,,,43.0,43.0
B01D1YD74W,90.0,,,,90.0
B01D1YD8RS,,,,,11.0
B01D1YD9MM,280.0,280.0,,280.0,280.0
B01D1YNNNM,,,,,15.0
B01D2DSVMA,,,,81.0,81.0
B01D2SVADM,3353.0,,3353.0,3353.0,3353.0
B01D31BLX2,,,,247.0,247.0
B01D3421VK,49.0,49.0,,49.0,49.0
B01D3ESTYS,103.0,,,,103.0
B01D3ESU5G,,,,,50.0
B01D3ESU88,,,,1338.0,1338.0
B01D3JZ9HS,738.0,738.0,738.0,738.0,738.0
B01D3KGX8G,37.0,,37.0,37.0,37.0
B01D3L3VS0,401.0,,401.0,401.0,401.0
B01D3LDJQE,,728.0,728.0,728.0,728.0
B01D3N19HS,971.0,971.0,971.0,971.0,971.0
B01D3S59AG,4996.0,,4996.0,4996.0,4996.0
B01D3SVHZC,,,,20.0,20.0
B01D3US6WC,,,,,82.0
B01D3VE56W,27.0,,,,
B01D4DZBTO,70.0,,,,70.0
B01D554F7A,1026.0,,,1026.0,1026.0
B01D55C8R4,,,,,10.0
B01D55D8KA,90.0,,90.0,90.0,90.0
B01D584WV6,8.0,,8.0,8.0,8.0
B01D58PVQG,,,,50.0,50.0
B01D59EO9U,613.0,,613.0,613.0,613.0
B01D5DN27G,,,,,166.0
B01D5DUVHK,,,75.0,,75.0
B01D5EHFQ4,,,,,47.0
B01D5EM0OG,,,,,18.0
B01D5EUGME,,,,,274.0
B01D5F6DRK,,,,,24.0
B01D5KZ7MC,,,12.0,,12.0
B01D5WB4SG,256.0,256.0,,,256.0
B01D6IEMTW,23.0,,,,23.0
B01D6Q5N0G,,,,1000.0,1000.0
B01D7KPWZC,184.0,,,,
B01D8VI0H2,,,,78.0,78.0
B01D90BYKC,5607.0,5607.0,5607.0,5607.0,5607.0
B01D90C69U,,,,,2.0
B01D9D0ZT0,,,,,22.0
B01D9Q4YLM,,249.0,,249.0,249.0
B01DA347AC,,352.0,352.0,352.0,352.0
B01DA34888,352.0,352.0,,352.0,352.0
B01DA348V0,46.0,46.0,,,
B01DA3N9EC,1974.0,,,,
B01DA3NA1Y,352.0,352.0,352.0,352.0,352.0
B01DATGIS0,3587.0,3587.0,,3587.0,3587.0
B01DBETCPA,,,,,2.0
B01DBL0RX4,,,333.0,,333.0
B01DBMZ738,,,,,23.0
B01DBPZ7Z8,,,,24.0,24.0
B01DC0K4E6,,,,200.0,200.0
B01DCA6C3I,3259.0,3259.0,,3259.0,3259.0
B01DCBH560,854.0,,,854.0,854.0
B01DCCC84S,,,,,3259.0
B01DCCQGRI,854.0,854.0,854.0,854.0,854.0
B01DCSGHSU,1172.0,1172.0,1172.0,1172.0,1172.0
B01DCW02Y6,,1222.0,1222.0,,1222.0
B01DDBWRMG,,,,,1114.0
B01DDDKJHO,,,,,7045.0
B01DDGNMDO,,,,5665.0,5665.0
B01DDGNMP2,,227.0,227.0,227.0,227.0
B01DDGYX5K,,,7045.0,,7045.0
B01DE4ZACG,,,,,465.0
B01DETG4YY,,,1004.0,,1004.0
B01DFGOTZW,,,,,220.0
B01DFJACUA,,,,,6.0
B01DH2K8MM,,,,,55.0
B01DHQ1SWC,,,,,10.0
B01DKZNKJ4,,,,64.0,64.0
B01DL7KJ04,,,,,9.0
B01DL8QWCC,293.0,293.0,293.0,293.0,293.0
B01DLKD7K0,148.0,,,148.0,148.0
B01DLOW6KS,,396.0,,396.0,396.0
B01DMJVKG8,,,,,17.0
B01DMK6DA0,,,,116.0,
B01DMK6JQI,116.0,,,,116.0
B01DMKB0Z8,,,,,121.0
B01DMTWSZA,3366.0,3366.0,3366.0,3366.0,3366.0
B01DMTWTFY,2996.0,2996.0,2996.0,2996.0,2996.0
B01DMTWTVI,1708.0,1708.0,1708.0,1708.0,1708.0
B01DNS63M4,,,,6.0,
B01DO749FM,143.0,,,143.0,143.0
B01DO9698K,,53.0,,53.0,53.0
B01DOZ5AA2,,,273.0,273.0,273.0
B01DOZ5CN2,,,57.0,,57.0
B01DPHFAO0,,,,,14.0
B01DPJHDEI,,,26.0,,
B01DPUYCVO,,,,,10.0
B01DPZ8M4M,,,,,4.0
B01DQ1CEMG,56.0,,,56.0,
B01DQ458DK,,,,,229.0
B01DQ478Z6,,,,,45.0
B01DQ4BP5K,,,,,15.0
B01DQG37O0,,,,,17.0
B01DQG37VS,,,,34.0,34.0
B01DQG3AG0,,99.0,99.0,99.0,99.0
B01DQG3ARO,,,,62.0,
B01DQG3ATW,62.0,,62.0,,
B01DQG3AV0,99.0,,,,
B01DQG3B7I,,,,,10.0
B01DQG3DBC,,,11.0,,
B01DQG3DCG,,,,,27.0
B01DQG3DE4,,10.0,,,
B01DQG3G1Y,1087.0,1087.0,1087.0,1087.0,1087.0
B01DQT6ED8,,,,,19.0
B01DRACGYW,,,,62.0,
B01DRZEK96,,,,,86.0
B01DS2VZW8,259.0,,,259.0,259.0
B01DS2W0PO,264.0,,264.0,264.0,264.0
B01DS2X7UG,,,,,49.0
B01DS6EV52,,,,,40.0
B01DS742NM,,85.0,85.0,85.0,85.0
B01DS7AH1S,8258.0,8258.0,,8258.0,8258.0
B01DSCKUJC,469.0,469.0,469.0,469.0,469.0
B01DSCQ09Q,270.0,,,270.0,270.0
B01DSCXO18,40.0,,,,
B01DSCZRF4,,109.0,109.0,,109.0
B01DSRPOWU,,,,,52.0
B01DSRPPCY,,87.0,,,
B01DSRPPK6,,,8.0,,
B01DSRPR6I,,,,63.0,63.0
B01DSRPR6S,87.0,,,,87.0
B01DSRPRPO,,,,,37.0
B01DSRPRYU,,,,,1.0
B01DSRPS1C,,,86.0,,
B01DSRPTJS,,,,,15.0
B01DSY5310,,,,,63.0
B01DSY5XZ6,,,15.0,15.0,15.0
B01DSY78GS,14.0,,,,
B01DSY7P3E,,,,,6.0
B01DSY7TV2,,,14.0,,
B01DSY8916,86.0,,86.0,,86.0
B01DSY8BH8,25.0,,,,25.0
B01DSYN3N0,,41.0,,,41.0
B01DTFOV7K,,,12.0,,
B01DTL9T9Y,,28.0,,,28.0
B01DU3WXZS,,,,,18.0
B01DU3X9RY,,,,9.0,9.0
B01DUC2S40,1249.0,1249.0,1249.0,1249.0,1249.0
B01DUCBQ1Q,,,,,10.0
B01DUTY2V0,,,,,82.0
B01DUTYJSG,1076.0,1076.0,1076.0,1076.0,1076.0
B01DUU19BK,,,,2.0,
B01DUU5SD0,,1104.0,1104.0,,1104.0
B01DV9CWIE,810.0,810.0,810.0,810.0,810.0
B01DVLI1SW,,,,,29.0
B01DWJDL4M,,128.0,128.0,,128.0
B01DWKHT3K,128.0,,,128.0,128.0
B01DWKJIVQ,,,,,128.0
B01DWKLAHQ,,,128.0,,128.0
B01DWKULHQ,,,,,128.0
B01DWLL56G,128.0,,,,
B01DWLT7S4,,,,,128.0
B01DWM1WKE,,,,,315.0
B01DWQTF4U,2.0,,,,
B01DWRRYS8,63.0,,63.0,63.0,63.0
B01DWRS17G,,,,,32.0
B01DWRS1HG,,,61.0,,61.0
B01DWRS42I,,,,68.0,68.0
B01DWU6IBE,,,,,14.0
B01DX00QPW,,2899.0,2899.0,2899.0,
B01DX0314U,,2899.0,2899.0,2899.0,2899.0
B01DX05Q8O,,,,2899.0,2899.0
B01DX09SBA,,,,,2899.0
B01DX8NMI2,1387.0,1387.0,,,1387.0
B01DX8O092,,,,,2522.0
B01DX8O6QE,2113.0,,,2113.0,2113.0
B01DX8OPJ2,853.0,,,853.0,853.0
B01DXRLN9S,,,30.0,30.0,30.0
B01DY8M6AQ,,,,43.0,43.0
B01DY8MI6I,,,28.0,28.0,28.0
B01DY8MMBO,,341.0,341.0,341.0,341.0
B01DYATUYE,,,,,596.0
B01DYATVAC,,,,,14.0
B01DYTFQE8,63.0,,,,63.0
B01DYU6XEY,1585.0,,1585.0,,1585.0
B01DZ2ZR8E,,735.0,735.0,735.0,735.0
B01DZ8UCRY,,57.0,57.0,,57.0
B01DZWUGEY,,,,,21.0
B01DZXZK8K,16.0,,,16.0,16.0
B01DZXZKIA,,,,,19.0
B01E0SCFS2,,,,,17.0
B01E0ZBKQ8,,43.0,,,
B01E0ZBVNU,,,,,21.0
B01E4DOFXG,,,,,47.0
B01E58CWVC,,,,762.0,762.0
B01E58CWXA,167.0,,,167.0,167.0
B01E5KQNVK,,,19.0,,
B01E5KT808,,,,,26.0
B01E5TRPCM,465.0,465.0,465.0,,465.0
B01E5TRRN4,88.0,88.0,88.0,88.0,88.0
B01E5ZY9BG,,,,,233.0
B01E6JEVDM,,,1328.0,1328.0,1328.0
B01E6ZTU5K,,,,,31.0
B01E6ZV4XG,,,,,47.0
B01E7GH4LA,,,,44.0,
B01E7NRXVY,,,,,18.0
B01E7UJYL4,65.0,65.0,65.0,65.0,65.0
B01E7UY7AC,730.0,730.0,730.0,730.0,730.0
B01E85RWTO,267.0,267.0,267.0,267.0,
B01E85Z3YK,601.0,601.0,,,601.0
B01E990VKG,1477.0,,1477.0,1477.0,1477.0
B01E9HVK3A,1585.0,,,,
B01E9I08PA,,1585.0,1585.0,1585.0,1585.0
B01E9L5FDC,1585.0,,,1585.0,1585.0
B01E9MK96O,,1105.0,1105.0,1105.0,1105.0
B01E9XCRZ4,,,,,73.0
B01EA4M5Y0,,,,,612.0
B01EA4MMHU,,,,,389.0
B01EA4ZZ42,,,,,456.0
B01EB6HR8G,,,,,280.0
B01EBNHEQO,,,,108.0,108.0
B01EBTAR08,,,,67.0,67.0
B01EBTAT10,,,,,132.0
B01EBTAU5K,,,,100.0,100.0
B01EBTAUNW,,,736.0,736.0,736.0
B01EBTB11C,,,,39.0,39.0
B01EBTB1AI,,,,,236.0
B01EBTBC6G,381.0,,,381.0,381.0
B01EBTBH20,,,65.0,,65.0
B01EBTBICO,,258.0,,,258.0
B01EBTBIMO,726.0,726.0,726.0,726.0,726.0
B01EBXQCMG,,,,,28.0
B01ECD502S,740.0,740.0,740.0,740.0,740.0
B01EE5D04Y,,,71.0,,71.0
B01EE5QOKG,,,111.0,,111.0
B01EE5TX1S,,,124.0,124.0,124.0
B01EEND474,,258.0,258.0,258.0,258.0
B01EESTGYO,,,,,106.0
B01EETSH5M,,,,,96.0
B01EEUDVUC,,,,,80.0
B01EFLK7F2,,412.0,,,412.0
B01EFLK7FW,,412.0,412.0,412.0,412.0
B01EFLK874,,,412.0,,412.0
B01EFLK888,1455.0,1455.0,1455.0,1455.0,1455.0
B01EFY8N5U,,,,50.0,50.0
B01EFYIG2U,2159.0,2159.0,,2159.0,2159.0
B01EHPPQNY,,,,,9.0
B01EI6N6AC,,102.0,,,102.0
B01EIBTX2W,,,,,9.0
B01EIGT1HY,28.0,,,,28.0
B01EIKCZUU,420.0,420.0,420.0,420.0,420.0
B01EIQY7SW,,,,,538.0
B01EJANIWI,,,,,268.0
B01EJMOU50,15.0,,,,
B01EJWY18Q,,,,209.0,
B01EJWZWF2,209.0,,209.0,209.0,209.0
B01EK6O4CY,,,,,51.0
B01EKA7BIE,179.0,,179.0,,
B01EKER9HI,,5222.0,5222.0,5222.0,5222.0
B01EKKATEC,18307.0,18307.0,18307.0,18307.0,18307.0
B01EL04HNA,,,,153.0,
B01ELU4DSE,,2868.0,2868.0,2868.0,2868.0
B01ELUGLUW,2868.0,2868.0,2868.0,2868.0,2868.0
B01ELUQJ3Q,2868.0,2868.0,2868.0,2868.0,2868.0
B01ELVM4C0,431.0,,431.0,431.0,431.0
B01ELWU4NU,1346.0,,1346.0,,1346.0
B01EM45YNW,274.0,,,274.0,274.0
B01EM4D85I,98.0,,,98.0,98.0
B01EM9XD6W,74.0,,,,74.0
B01EMABNWM,,8.0,,,8.0
B01ENHWG8E,,91.0,,,91.0
B01ENS2FY8,1970.0,1970.0,1970.0,,1970.0
B01ENS2XPY,,,,,1916.0
B01ENYN9OW,,,,,1559.0
B01EO2IVTG,,,,,29.0
B01EPB7EIK,,191.0,191.0,191.0,191.0
B01EPC4FD6,,779.0,,779.0,779.0
B01EPCIDKC,,,,,10.0
B01EQLY67Q,1172.0,1172.0,1172.0,1172.0,1172.0
B01EQM8TWS,1676.0,1676.0,1676.0,1676.0,1676.0
B01EQZSCXQ,538.0,538.0,538.0,538.0,538.0
B01ERWJRU0,194.0,,,,194.0
B01ERYAJIC,,,,,38.0
B01ES6YAIO,,,,,60.0
B01ES79K4M,6285.0,6285.0,6285.0,6285.0,6285.0
B01ESAEPEY,,,22760.0,,22760.0
B01ESD5AC2,83.0,,,,83.0
B01ESD5ACW,,99.0,,,99.0
B01ESD5AD6,137.0,,137.0,137.0,137.0
B01ESD5ADG,,,,116.0,116.0
B01ESD5ADQ,117.0,117.0,117.0,117.0,117.0
B01ESD5AFY,,,77.0,,
B01ET90V4W,252.0,,,,252.0
B01ET90YG2,14.0,,,,
B01ET90YN0,,126.0,126.0,,
B01ET90Z66,8.0,,,,
B01ET90ZLG,,440.0,,,440.0
B01ETAJKTS,100.0,100.0,100.0,100.0,100.0
B01ETAPE9I,,,,378.0,378.0
B01ETQBD6U,,,114.0,114.0,114.0
B01ETQXV7O,,,,,6.0
B01ETQY0RE,,,,,8.0
B01EUC8CD0,118.0,118.0,118.0,118.0,118.0
B01EV297MY,,,,,14.0
B01EVOZSI4,173.0,173.0,,,173.0
B01EWVHY3I,,,,7.0,
B01EX4B7U0,,67.0,,67.0,
B01EXAC212,2193.0,2193.0,2193.0,2193.0,2193.0
B01EXJD99C,,,,,294.0
B01EXQ582Q,37534.0,37534.0,37534.0,,37534.0
B01EYS9FE0,,,,,23.0
B01EZ65BC6,705.0,705.0,705.0,705.0,705.0
B01EZ6NZU6,468.0,,,468.0,468.0
B01EZ6VZ2Q,365.0,365.0,365.0,365.0,365.0
B01EZPDVII,16.0,,,,16.0
B01F2JM9IE,1179.0,,,,1179.0
B01F2LBKUK,578.0,,,,578.0
B01F2M0E9M,1179.0,1179.0,1179.0,1179.0,1179.0
B01F2M0F5A,2585.0,2585.0,2585.0,2585.0,2585.0
B01F443JOK,,,17.0,,
B01F47VWKK,645.0,,645.0,,645.0
B01F487V5Y,,,629.0,,629.0
B01F4EB6AO,,92.0,92.0,,92.0
B01F4EB8E8,,,,,92.0
B01F4EB9DS,92.0,,,,92.0
B01F5XV5TQ,,31.0,31.0,,
B01F5Y7XIC,2934.0,2934.0,2934.0,2934.0,2934.0
B01F66XTIM,,,,4.0,
B01F67V08M,2515.0,2515.0,2515.0,2515.0,2515.0
B01F74CL6E,136.0,,,,
B01F74CLAA,136.0,,,,
B01F7J0SQY,,,,,3.0
B01F7JQGC4,2515.0,2515.0,,2515.0,2515.0
B01F7PNOPK,,871.0,,,871.0
B01F7Q1BY0,6137.0,6137.0,6137.0,6137.0,6137.0
B01F8B7H24,433.0,,433.0,433.0,433.0
B01F8B7LNY,,,,,20.0
B01F8GH76A,,,,,5.0
B01F8J4S6O,462.0,,462.0,462.0,462.0
B01F8J4SDW,34.0,,34.0,34.0,34.0
B01F8J4SF0,,,,,447.0
B01F95S34A,,,,,5.0
B01F96859M,432.0,432.0,432.0,432.0,432.0
B01F988CFC,307.0,307.0,307.0,,307.0
B01F989R5G,400.0,,,,
B01F98BLIC,336.0,,336.0,336.0,336.0
B01F9E71GM,,,38.0,,38.0
B01F9F9AFG,304.0,,,,304.0
B01F9FPJZ6,67.0,,,,
B01F9K3G6U,,30.0,30.0,30.0,30.0
B01F9NK0U2,,,,43.0,43.0
B01F9OKW2C,,,40.0,40.0,40.0
B01F9OOW1Y,132.0,,132.0,132.0,132.0
B01F9OXKL2,,,26.0,26.0,
B01FAXD1GQ,,,118.0,,
B01FB6G8GM,,29.0,29.0,29.0,29.0
B01FD2XHW2,,,,,1.0
B01FDNVSF4,,,,21.0,
B01FDZXEQS,,1060.0,1060.0,1060.0,1060.0
B01FE0DFA2,964.0,964.0,964.0,964.0,964.0
B01FE6HMSM,,196.0,,196.0,196.0
B01FEDQ1V4,417.0,,,,417.0
B01FEE1K5A,240.0,240.0,240.0,240.0,240.0
B01FEXGCPY,189.0,,189.0,,189.0
B01FGAPDMI,21.0,21.0,,21.0,21.0
B01FGAPE18,666.0,,,,
B01FGBGRDG,,,,38.0,38.0
B01FGI5TM4,,85.0,,85.0,
B01FHC57NK,,915.0,,915.0,915.0
B01FI20VYY,1237.0,1237.0,1237.0,1237.0,1237.0
B01FIODPY0,5333.0,5333.0,5333.0,5333.0,5333.0
B01FIQHYSQ,,3338.0,3338.0,3338.0,3338.0
B01FJK5S16,,,3.0,,
B01FJPVMAC,,,502.0,502.0,
B01FK2L204,138.0,,138.0,138.0,138.0
B01FKV47OI,,,,,3800.0
B01FKX5B9G,,,,,48.0
B01FKZ66P2,,,,,3.0
B01FKZ66PC,,,,,24.0
B01FL2GIM0,,97.0,97.0,97.0,97.0
B01FLAEIWO,,,261.0,,261.0
B01FLAINDE,,,200.0,,200.0
B01FMPRQFO,85.0,85.0,85.0,85.0,85.0
B01FMQ9S86,79.0,,,79.0,79.0
B01FPOW9U4,,4013.0,4013.0,,4013.0
B01FPTMM5G,,,,,144.0
B01FPTMMHO,51.0,,51.0,51.0,51.0
B01FQ1DEQ4,48.0,,,48.0,48.0
B01FQ1FIHC,810.0,,810.0,810.0,810.0
B01FQ1LI76,,,2012.0,2012.0,2012.0
B01FQ37I2I,,,,,182.0
B01FQCOFSY,,80.0,,,80.0
B01FQCOOOE,80.0,,,,80.0
B01FQCQ26M,117.0,117.0,,,117.0
B01FSJUOZS,,,,,13.0
B01FSJUWXC,52.0,52.0,52.0,,
B01FSZ1WJO,,,,,16.0
B01FSZ4RFK,,,,,47.0
B01FSZCHBG,,,,,33.0
B01FT0FDWK,,,,,442.0
B01FT0FLFO,142.0,,,,
B01FT1MQRE,412.0,,,412.0,412.0
B01FT75PN0,1205.0,1205.0,1205.0,1205.0,1205.0
B01FTDAGZG,,195.0,195.0,195.0,195.0
B01FTDAHVO,404.0,404.0,404.0,404.0,404.0
B01FTP9XH6,20.0,,,20.0,20.0
B01FURFB3I,10.0,,,,10.0
B01FURJWBK,,,,,7.0
B01FURRSA2,,18.0,,,18.0
B01FUS8R8I,,19.0,19.0,,
B01FUV9KZO,,,,1637.0,1637.0
B01FUVDSQG,51.0,51.0,,,51.0
B01FUVGU66,,,,,41.0
B01FV406GC,,,,,72.0
B01FXF6MKI,,,,,7.0
B01FXF6ROY,,,,,149.0
B01FXF70G8,,,,,119.0
B01FY57E3G,2538.0,,,,2538.0
B01FYAZZ8M,580.0,580.0,,,580.0
B01FYDDA5E,,,,,248.0
B01FYKYBWS,,,,,102.0
B01FYS9ZCG,596.0,596.0,,,596.0
B01FZTTJO8,,,,,112.0
B01G0QCOAQ,,,,5.0,
B01G2KWBZS,,,,128.0,128.0
B01G2LF2VW,,,74.0,74.0,74.0
B01G2LKQTK,,,123.0,123.0,123.0
B01G2T2WK8,499.0,499.0,499.0,,499.0
B01G2T6Y5C,2081.0,2081.0,,2081.0,2081.0
B01G2TPUG6,,,,,734.0
B01G2UBUCI,,,,1980.0,1980.0
B01G3CXW6W,46.0,46.0,,,46.0
B01G3MANVY,,,,540.0,540.0
B01G3WQ88Q,,,21.0,,
B01G3ZYXAS,,129.0,,,
B01G46DII4,,,,,38.0
B01G4LM2PY,,126.0,,126.0,126.0
B01G4NL3OS,1019.0,,1019.0,,1019.0
B01G4NLMDA,,300.0,300.0,,300.0
B01G4NNXSC,353.0,353.0,,,353.0
B01G4NO5AC,101.0,,101.0,,101.0
B01G4WNGGM,540.0,,,540.0,540.0
B01G4XAN3A,128.0,128.0,128.0,128.0,128.0
B01G5SJSTY,2675.0,2675.0,2675.0,2675.0,2675.0
B01G6YUAKS,,,18.0,,
B01G8C0SJ6,,392.0,392.0,392.0,392.0
B01G93LZLY,10170.0,,10170.0,10170.0,10170.0
B01G9EAGG8,,358.0,,,358.0
B01G9EC8FK,,,,358.0,358.0
B01G9NGYUG,,,,,3.0
B01GA4CWNM,,128.0,,128.0,
B01GA4CWUU,,,33.0,,33.0
B01GAE4HN0,847.0,847.0,,847.0,847.0
B01GDUM666,404.0,404.0,404.0,404.0,404.0
B01GDUM6UC,69.0,,69.0,69.0,69.0
B01GDUM9Y0,,,,602.0,602.0
B01GE96GW6,,,,49.0,49.0
B01GEQR6R8,23.0,,23.0,23.0,23.0
B01GEZGIYG,,,,,468.0
B01GFYWYC6,3211.0,3211.0,3211.0,3211.0,3211.0
B01GG29L9Q,,,,199.0,199.0
B01GGURVH2,4532.0,4532.0,4532.0,4532.0,4532.0
B01GH1375K,2071.0,2071.0,,,2071.0
B01GH14NHQ,6.0,,,,6.0
B01GHCKYM8,,,,138.0,138.0
B01GHRD2H2,,41.0,,,
B01GIA21QQ,,,,,2080.0
B01GIGS95W,,,,,2.0
B01GINONQ4,212.0,,212.0,212.0,212.0
B01GISP6Q0,,,,,548.0
B01GIW9842,7829.0,7829.0,7829.0,7829.0,7829.0
B01GJ0C4X0,1559.0,1559.0,,1559.0,1559.0
B01GJ8F1LO,,,,,38.0
B01GJ8F1YQ,,,38.0,,
B01GJ8FAII,236.0,,,,
B01GJ8FAXI,,,,,236.0
B01GJ8FC4U,,236.0,236.0,,236.0
B01GJ8FWX6,,,,,1.0
B01GJCF20A,,,,2535.0,2535.0
B01GJCF232,,,,,2535.0
B01GJCF28M,,,,,2535.0
B01GJCF5U2,219.0,,219.0,,219.0
B01GJGBKSO,,,,,49.0
B01GJQ69WQ,,,,,2535.0
B01GKASNRA,,,,308.0,308.0
B01GKH6FTQ,,912.0,912.0,912.0,912.0
B01GLO79NO,,,,,114.0
B01GLOHSSA,191.0,191.0,,,191.0
B01GMCG7E2,17140.0,17140.0,,17140.0,17140.0
B01GODUBGE,495.0,,495.0,495.0,495.0
B01GOOCYZE,,10170.0,,10170.0,10170.0
B01GOZ61O8,,,464.0,464.0,464.0
B01GQD0ISS,166.0,166.0,,,166.0
B01GQQU1AU,3468.0,3468.0,3468.0,3468.0,3468.0
B01GR1B6HQ,,1.0,,,
B01GR1I1K6,,,,21.0,21.0
B01GR1M1TS,2675.0,2675.0,2675.0,2675.0,2675.0
B01GR1RV8E,,,,,2.0
B01GR1SCDC,,,,,1159.0
B01GR233ZS,,,,,54.0
B01GR2SHGI,3194.0,3194.0,3194.0,3194.0,3194.0
B01GR3HAGA,,,,,1962.0
B01GR3HVHS,,,449.0,449.0,449.0
B01GR3JICE,,,,,1.0
B01GR47CRG,,,,,22.0
B01GRTS1IA,,,,,3655.0
B01GRTS1OE,,,,,1370.0
B01GRTS1V2,844.0,,844.0,,
B01GRU8K2G,,,1283.0,,1283.0
B01GS1B5B2,,65.0,,65.0,65.0
B01GSFHROM,,,,,12.0
B01GT0N6RS,,,,14.0,
B01GT0NMOA,,,,,77.0
B01GT0NQFA,20.0,,,,
B01GT0NSIA,,98.0,,,98.0
B01GT0NUZQ,,29.0,,,29.0
B01GTAWPQG,2008.0,,2008.0,2008.0,2008.0
B01GTAWPSO,,,,26.0,
B01GTAWSIG,10.0,,,10.0,
B01GTAWT44,,,,2066.0,2066.0
B01GTDX102,,8.0,,,
B01GTDXAPI,,,,,44.0
B01GTDY0CA,,,,,39.0
B01GTDY2QO,,,,,2.0
B01GTEEXE4,87.0,,87.0,,87.0
B01GTN6RLC,422.0,,,,
B01GTN6UMS,635.0,,635.0,635.0,635.0
B01GTP5DKQ,,,,,1394.0
B01GTV5SAA,,42.0,,,42.0
B01GU4L5K8,,,,207.0,207.0
B01GV6E9JY,,,,,377.0
B01GVHPAXM,7045.0,7045.0,7045.0,,7045.0
B01GVHPC8K,7045.0,,7045.0,7045.0,7045.0
B01GVW2DNM,125.0,,125.0,,125.0
B01GW2294Y,27.0,,,,27.0
B01GW27YEY,,28.0,,,28.0
B01GW2DITO,,,,,17.0
B01GWTZ05C,,,796.0,796.0,796.0
B01GXHF0OO,,,,,66.0
B01GXVGCQA,,,,,85.0
B01GYZZKNG,38.0,,38.0,38.0,38.0
B01GZ1QXAI,,228.0,228.0,228.0,228.0
B01GZK0C2Y,,46.0,,,
B01H0EOIWE,141.0,,141.0,,141.0
B01H0IZ7ZC,5593.0,5593.0,5593.0,5593.0,5593.0
B01H1V7WS8,,,10.0,10.0,
B01H1V7Y86,,,,6.0,6.0
B01H25XZKW,,,,,346.0
B01H2QS8KS,,,,,38.0
B01H2SFRO6,705.0,,,705.0,705.0
B01H30MWKA,,,170.0,170.0,
B01H353A74,2471.0,2471.0,2471.0,2471.0,2471.0
B01H353CFE,,407.0,407.0,407.0,407.0
B01H353CHW,,,,1923.0,
B01H353CIQ,407.0,,,407.0,407.0
B01H353CMW,,,18.0,,
B01H353CWW,,,,,407.0
B01H353D0I,407.0,,407.0,407.0,407.0
B01H353D1M,1923.0,1923.0,1923.0,,1923.0
B01H353FHY,,,1923.0,,1923.0
B01H353FI8,,,50.0,50.0,
B01H353FJ2,1923.0,1923.0,,,1923.0
B01H353FLA,,,40.0,40.0,
B01H353HOA,,7.0,,,7.0
B01H353HOK,,,,,32.0
B01H353HUY,278.0,278.0,278.0,278.0,278.0
B01H353HZE,316.0,316.0,316.0,316.0,316.0
B01H353I8K,78.0,,78.0,78.0,78.0
B01H37HBNQ,32.0,,,,32.0
B01H37HC5S,,,,,32.0
B01H37HCV2,,,,,32.0
B01H37XC7A,,,,,4.0
B01H3W4BQ6,,,,61.0,61.0
B01H3ZFQQC,169.0,,,169.0,169.0
B01H4EX6FA,,3083.0,,,
B01H5XNMW2,,,,,5.0
B01H5XNNL2,290.0,290.0,,,290.0
B01H621Z94,562.0,562.0,562.0,562.0,562.0
B01H62J7K8,20.0,,20.0,,20.0
B01H62SZ6U,108.0,,,,108.0
B01H6JRR6W,,,,,2.0
B01H6V9GGE,465.0,465.0,465.0,465.0,465.0
B01H7PM4T0,,,,,403.0
B01H7W1LH4,,,,,18.0
B01H9FE982,,,4035.0,,
B01HABLG5E,,99.0,,,99.0
B01HAJ28P8,8545.0,8545.0,8545.0,8545.0,8545.0
B01HAUO02G,,,,,41.0
B01HAUO1DE,,,,,4.0
B01HAUOFL2,49.0,,,,49.0
B01HB04PWU,,,96.0,96.0,96.0
B01HBP1KRS,,,358.0,358.0,358.0
B01HBS7WO0,,266.0,,,266.0
B01HBS7WW2,14.0,,,,14.0
B01HBS7XP8,79.0,,,,79.0
B01HBS87ZS,,,,,74.0
B01HBTCBRM,,,435.0,,435.0
B01HBWMTYY,,,,435.0,435.0
B01HBXXOPQ,435.0,,435.0,,435.0
B01HC0I85Y,,,,,19372.0
B01HC0I868,,,,,5.0
B01HC0I86S,5059.0,,,,5059.0
B01HC0I890,3663.0,,3663.0,,3663.0
B01HC0I8B8,,,,,1291.0
B01HC0I8BS,6663.0,6663.0,,6663.0,6663.0
B01HC0I9BW,,,10.0,,
B01HC0I9CQ,19372.0,,,19372.0,19372.0
B01HC0I9F8,,,138.0,138.0,
B01HC0I9JY,,,,,2777.0
B01HC3L34O,,,,19.0,19.0
B01HE0Q3N6,,,277.0,,277.0
B01HEAZ2FG,,,106.0,106.0,106.0
B01HEESSHG,,,6.0,,6.0
B01HET1C5Q,,,,153.0,
B01HET1EK4,1423.0,1423.0,,1423.0,1423.0
B01HET1EN6,,,,,153.0
B01HF2G1W6,,,260.0,260.0,260.0
B01HG7OIT8,,,,,57.0
B01HG7OJKQ,241.0,241.0,241.0,,241.0
B01HGEJB0C,1827.0,1827.0,,1827.0,1827.0
B01HGSJPMW,1726.0,1726.0,1726.0,1726.0,1726.0
B01HGSJPWM,,,,,32.0
B01HGSJT5A,,,,,29.0
B01HGSJTHI,,,,110.0,
B01HHAWG20,,26.0,,,26.0
B01HHFEA42,,,,,19.0
B01HIIO7Q4,,,,,56.0
B01HIIO9PS,291.0,291.0,291.0,,291.0
B01HIQCSBC,,,,1251.0,
B01HIQHQU0,108.0,108.0,,108.0,108.0
B01HIQIEYC,,,,60.0,60.0
B01HITTKRY,,,490.0,490.0,490.0
B01HITV9FA,2720.0,,,2720.0,2720.0
B01HITVTTQ,,,,,18.0
B01HITWJ6I,18.0,,,,
B01HITX0O8,,,,249.0,249.0
B01HITXMXM,,,,,249.0
B01HIU0GPS,,,,,7.0
B01HIU11KM,,,,490.0,
B01HIWDTCI,,,,,4.0
B01HJ2UY0W,,,,,362.0
B01HJ2UY1G,,,,,362.0
B01HJRVJCE,,,,611.0,611.0
B01HK71AH2,148.0,,148.0,148.0,148.0
B01HL8QOK8,,,,,342.0
B01HLCO0ZA,,,1187.0,1187.0,1187.0
B01HLJ1IIA,,,,,24.0
B01HLKKAN8,,,,228.0,228.0
B01HMKVUEK,,,1023.0,1023.0,1023.0
B01HMKVXBU,,,,,18.0
B01HMKVXGA,,,,,1023.0
B01HMKVXWO,1023.0,1023.0,,1023.0,1023.0
B01HMKVY32,,1023.0,,1023.0,1023.0
B01HMKVY50,,,,53.0,53.0
B01HMKW936,,,,30.0,
B01HMTB1N6,,,160.0,,
B01HMU97RW,,,,,534.0
B01HN195FO,,,,,87.0
B01HNRI7HK,,8.0,,,
B01HNW75LY,,,,,351.0
B01HOT0HQG,561.0,561.0,561.0,561.0,561.0
B01HOVHZ50,,,,,167.0
B01HQCD7QI,459.0,,,,459.0
B01HQCGYDQ,459.0,459.0,459.0,459.0,459.0
B01HQFKU3I,,,,,3.0
B01HQFLAIC,,,,,248.0
B01HQH1PT4,,42.0,,42.0,42.0
B01HQH8H5E,1183.0,,,,1183.0
B01HQHF0UE,,,,,247.0
B01HQHJVS6,,19.0,,,
B01HQM6EZY,,,,54.0,54.0
B01HRF4ML8,,26.0,,,
B01HRF4N6W,,,,,9.0
B01HRF59HY,,,,,9.0
B01HRHDSIY,,,,,39.0
B01HRKIJDK,12.0,,,,
B01HRKIJEO,,,,48.0,
B01HRRJEIM,,,,,2.0
B01HRXXO7S,,,,31.0,31.0
B01HS0C1A6,459.0,459.0,,459.0,459.0
B01HSGULFM,89.0,,,,89.0
B01HTP4VP8,,,13.0,,13.0
B01HTRW9Q4,,,,,999.0
B01HTRWAEA,275.0,275.0,275.0,,275.0
B01HTRWCX4,42.0,,,,42.0
B01HTRWD9W,,,,4.0,4.0
B01HTRWDGU,630.0,,,630.0,630.0
B01HTRWFV8,,,,216.0,216.0
B01HTRWI3S,,,,,2.0
B01HTRWI7Y,,,,,36.0
B01HTRWPKE,151.0,151.0,,151.0,151.0
B01HTRWPLI,,,,,262.0
B01HTRWPNQ,151.0,,,,151.0
B01HTRWRL6,,,,,262.0
B01HTRWS74,,,,262.0,262.0
B01HTRXBX4,,,,,227.0
B01HTRXK3K,,,,,19.0
B01HTRXK44,1021.0,,,1021.0,
B01HTRXK58,316.0,316.0,316.0,316.0,316.0
B01HTRXK76,642.0,642.0,,,
B01HTRXK7G,632.0,632.0,,,632.0
B01HTRXNO6,,,,271.0,271.0
B01HTRXNOG,2806.0,,,,2806.0
B01HTRXXRI,19.0,,,,
B01HTRY04I,448.0,,448.0,,448.0
B01HTRY066,163.0,163.0,163.0,,163.0
B01HTRY27I,,,6.0,,
B01HTRY78M,,,4.0,,
B01HTRY7BE,,,,,28.0
B01HTRY7CS,,,,,296.0
B01HTRY7E6,,,,,296.0
B01HTRY7F0,296.0,,,296.0,296.0
B01HTRYA7K,2920.0,2920.0,2920.0,2920.0,2920.0
B01HTRYA7U,,,,,36.0
B01HTRYAK2,,28.0,28.0,28.0,28.0
B01HTRYB24,,156.0,,,
B01HTRYECQ,477.0,477.0,,477.0,477.0
B01HTRYEDU,,,,,284.0
B01HTWD1QG,993.0,993.0,993.0,,993.0
B01HU3PTYQ,3776.0,3776.0,3776.0,3776.0,3776.0
B01HU42I4O,,1584.0,,,1584.0
B01HUZP6II,,,,,5.0
B01HVZKGZK,5816.0,5816.0,5816.0,5816.0,5816.0
B01HWSHEOM,496.0,,,496.0,496.0
B01HXEEMMW,26892.0,26892.0,,,26892.0
B01HY0E5AO,,,,,21.0
B01HYQSWY8,165.0,,,,165.0
B01HZ3GHVK,762.0,,762.0,762.0,762.0
B01HZGUSMQ,753.0,753.0,753.0,753.0,753.0
B01HZYU47M,6995.0,6995.0,6995.0,6995.0,6995.0
B01I0G6KTU,,,,,34.0
B01I0T102E,,257.0,257.0,,257.0
B01I23HXXS,1463.0,1463.0,,1463.0,1463.0
B01I2A6RYW,,,,,50.0
B01I2B8UQO,,3.0,,,
B01I2BSB72,,,,,51.0
B01I436MSS,,,,,373.0
B01I4CZY4W,,,344.0,344.0,344.0
B01I4CZY8S,,,,286.0,286.0
B01I4CZYDS,,,,,247.0
B01I4CZYHY,,,,,86.0
B01I4HEJ7K,,,,196.0,196.0
B01I4OSYIS,,,151.0,151.0,151.0
B01I4OSYJ2,10366.0,10366.0,10366.0,10366.0,10366.0
B01I4OT18K,1442.0,1442.0,,1442.0,1442.0
B01I4OTAXG,,,,3.0,
B01I5N7X8U,1201.0,,1201.0,1201.0,1201.0
B01I5N817W,,8.0,,,
B01I5N85XM,351.0,,351.0,351.0,351.0
B01I5N8G72,1205.0,1205.0,,1205.0,1205.0
B01I7EQMV6,,,,,26.0
B01I8L1NM6,,,12.0,,12.0
B01IA8KAXA,1213.0,,1213.0,,1213.0
B01IABJC90,,,,,19.0
B01IBQHY6M,,,,,632.0
B01IC01BPM,,417.0,,,417.0
B01ICFDFH4,,,,,80.0
B01ICIRRU2,,,,,16.0
B01ID86T1E,485.0,485.0,485.0,485.0,485.0
B01ID86T4G,,,65.0,65.0,65.0
B01ID875CG,35.0,,,,
B01IDC680C,17.0,,,,17.0
B01IDC68NO,517.0,,,,517.0
B01IDC68WK,,,,,48.0
B01IDLB5KQ,,,,,3.0
B01IDLUJJY,,,,,1.0
B01IDRJ26Y,,161.0,161.0,161.0,161.0
B01IDRMZF4,304.0,,304.0,304.0,304.0
B01IDRN0QM,,,,304.0,
B01IE39JQK,,,,,195.0
B01IEXB0D0,1582.0,1582.0,1582.0,1582.0,1582.0
B01IG2KLZC,,,,,228.0
B01IG8K4L2,246.0,,,,
B01IGBNKI8,3199.0,3199.0,,3199.0,3199.0
B01IHEDBQA,42.0,,,42.0,
B01IHVAUE4,,2474.0,,,2474.0
B01IHVAUI0,246.0,,246.0,246.0,246.0
B01IHVAUN0,,,,88.0,88.0
B01IHVAUW6,108.0,,,,108.0
B01IHVAUZI,,,,30.0,30.0
B01IHVAZ80,,,,,35.0
B01IHVAZGC,,,,,117.0
B01IHVAZGW,,,,,343.0
B01IHVAZLC,,39.0,,,39.0
B01IHVAZYO,,,,,10.0
B01IHVB3R2,,174.0,,174.0,174.0
B01IHVB3SQ,,,,,47.0
B01IHVB3YU,174.0,,174.0,174.0,174.0
B01IHVB44E,343.0,343.0,343.0,343.0,343.0
B01IHVB44Y,250.0,250.0,,250.0,250.0
B01IHVB49Y,,250.0,250.0,,250.0
B01IHVB908,,,304.0,304.0,304.0
B01IILVBGO,,,,,214.0
B01IMAAH34,200.0,,,,200.0
B01IMXXPIK,,,,9.0,9.0
B01IMXXPRG,,,,6.0,6.0
B01IMXXPV2,,,3.0,3.0,
B01IN5REPW,22.0,,,,
B01INXXS7C,80.0,80.0,,,
B01INY2WVE,16.0,,,,
B01INY7MVY,,,33.0,,33.0
B01IO0Z9BC,6.0,,,,
B01IO12JXM,,,,114.0,
B01IOOIIIO,,,,,3.0
B01IOOIJB0,,,,,4.0
B01IOOIJCE,,,,30.0,30.0
B01IPES3E2,732.0,,732.0,732.0,732.0
B01IPUVWS0,,,,,14.0
B01IPXSTGU,144.0,,144.0,,144.0
B01IPYA4FI,,,,85.0,85.0
B01IQ90DYY,43.0,,,,43.0
B01IQIE8EQ,,,,,18.0
B01IRIPK3S,,,,,1412.0
B01IRKDF06,,,,,77.0
B01IRY20Z8,,1068.0,,1068.0,
B01IRY2TJK,22046.0,22046.0,22046.0,22046.0,22046.0
B01IRY5TN8,,,,,1068.0
B01IRY63G0,,,,1068.0,1068.0
B01ISPWD94,,,,39.0,39.0
B01ISRZ5LU,125.0,125.0,,,125.0
B01ISS07IA,,,83.0,,
B01ISS07L2,46.0,,46.0,46.0,46.0
B01ISS0HTY,,,,,24.0
B01ISTWGV0,,,,,49.0
B01ISTWHT6,,,1.0,,
B01ISTX90M,,,,,8.0
B01ISYB5LC,,,,,2.0
B01ITC1VYY,867.0,867.0,,867.0,867.0
B01ITVHMRA,381.0,,381.0,,381.0
B01IUOUND6,,,,,19.0
B01IVROC0M,,,,,36.0
B01IW2SA3G,,,,,5.0
B01IW2UWE6,14.0,,,,14.0
B01IWIRINI,,,,,1446.0
B01IWM1VG4,27.0,27.0,,27.0,
B01IWMEUPS,,,6.0,,
B01IXL8GDK,1055.0,,1055.0,,1055.0
B01IXL99CM,,,,,226.0
B01J247M6E,,,,,91.0
B01J247NGI,,,,91.0,
B01J247NRM,,,,,91.0
B01J248006,14.0,,,,14.0
B01J24808S,,,,,11.0
B01J2480U6,,,,,5.0
B01J2481C8,,,,,27.0
B01J248772,1142.0,,,1142.0,1142.0
B01J2487HC,,,,,4.0
B01J248826,,,,,11.0
B01J248CDG,245.0,,245.0,,245.0
B01J248CH2,454.0,,,454.0,454.0
B01J248CRM,454.0,,454.0,,454.0
B01J248D0S,,,,,675.0
B01J248HWM,2335.0,2335.0,2335.0,2335.0,2335.0
B01J248HWW,,,,,1213.0
B01J248OZ2,12.0,,,,12.0
B01J248U0Q,,,,,81.0
B01J248U7E,,,,,39.0
B01J28I4VC,4466.0,4466.0,,,4466.0
B01J29MXVS,,,,,19.0
B01J4A01M8,,,,,15.0
B01J4F91LA,420.0,420.0,420.0,420.0,420.0
B01J4FZD8U,,,,,24.0
B01J4IZHRY,,,,,574.0
B01J4SM10A,,,91.0,,91.0
B01J4SM1ZA,,,,45.0,45.0
B01J66UGJI,,,,,3.0
B01J6DP6QO,24384.0,24384.0,24384.0,24384.0,24384.0
B01J6DZU60,24384.0,24384.0,24384.0,24384.0,24384.0
B01J6FD696,24384.0,24384.0,24384.0,24384.0,24384.0
B01J6IO124,24384.0,24384.0,24384.0,24384.0,24384.0
B01J6JB1LC,24384.0,24384.0,24384.0,24384.0,24384.0
B01J6JUQ5E,24384.0,24384.0,24384.0,24384.0,24384.0
B01J7175ZU,,,,,1639.0
B01J76689Y,,,,,25.0
B01J7830QG,,,,,149.0
B01J7830UM,,,,,111.0
B01J7AAM7Y,,,,,173.0
B01J7AAMEW,,,132.0,,132.0
B01J7LT06C,,256.0,,,256.0
B01J7LTNQO,248.0,248.0,,,248.0
B01J7LUUW0,,,,120.0,
B01J7Y5CBQ,60.0,,60.0,60.0,60.0
B01J8P0KH0,,,,73.0,73.0
B01J8PUVYW,,,,,19.0
B01J8PV04W,,,,,22.0
B01J8PWM9Y,256.0,,,,
B01J8PWS2U,,,,,68.0
B01J90AL7I,,3.0,,,
B01J93GMS2,42.0,,42.0,,42.0
B01J93N06O,,,,,42.0
B01J93QHXW,,42.0,,,42.0
B01JB7XQ4Y,,,,32.0,32.0
B01JB9ACBW,,6.0,,,
B01JBK0CNO,,,26.0,,26.0
B01JBN0P7O,,,313.0,313.0,313.0
B01JBN0TFW,472.0,,,,472.0
B01JBN0ZZ6,,,266.0,266.0,266.0
B01JBN1BTA,316.0,,,316.0,316.0
B01JBN1JJW,294.0,,,,294.0
B01JCZ7CQ8,,,,,780.0
B01JCZ7ZRO,780.0,,,780.0,780.0
B01JCZ9FCM,780.0,780.0,780.0,780.0,780.0
B01JF21ZP2,,,,,32.0
B01JFE8FI0,,,,,4035.0
B01JG45YHE,,,,,6.0
B01JIXAX9M,,,15.0,,15.0
B01JIXB3ZA,,,,,1.0
B01JJQRNWS,,,10.0,,
B01JLVT7FC,,,455.0,455.0,455.0
B01JMD1GMQ,,,,1117.0,1117.0
B01JMNM5MQ,,,,12.0,
B01JN6KM4U,,,,,44.0
B01JNEF2OW,,,2081.0,,2081.0
B01JNFVH9U,1980.0,1980.0,1980.0,,1980.0
B01JNFVHAO,,1980.0,,,1980.0
B01JNFVHYU,1980.0,,,1980.0,1980.0
B01JOIUN3C,727.0,,,,727.0
B01JOYWFJQ,,,,,358.0
B01JPM9644,24384.0,24384.0,24384.0,24384.0,24384.0
B01JPP4BMS,,24384.0,24384.0,,24384.0
B01JPTF1ZA,24384.0,24384.0,24384.0,24384.0,24384.0
B01JPTL04G,24384.0,,24384.0,24384.0,24384.0
B01JQ7MZZA,24384.0,24384.0,24384.0,24384.0,24384.0
B01JQ8D576,24384.0,,24384.0,,24384.0
B01JQC1TO8,24384.0,24384.0,24384.0,24384.0,24384.0
B01JQCTAI0,24384.0,24384.0,24384.0,24384.0,24384.0
B01JQDNK80,24384.0,24384.0,24384.0,24384.0,24384.0
B01JQEOMXQ,24384.0,24384.0,24384.0,24384.0,24384.0
B01JQWGUX8,24384.0,24384.0,24384.0,24384.0,24384.0
B01JQWSF8G,24384.0,24384.0,24384.0,24384.0,24384.0
B01JQXMRUW,,,134.0,,134.0
B01JQXTT9O,,,,,74.0
B01JS3K6TO,,,,,35.0
B01JS7MAWG,632.0,632.0,632.0,632.0,632.0
B01JSAX22U,,,,3.0,
B01JSAX23O,,,22.0,22.0,22.0
B01JSAX27U,19.0,,,,19.0
B01JSAX6FI,,,,26.0,26.0
B01JSAXAE0,,,20.0,,
B01JSAXAGI,,20.0,,,20.0
B01JSAXAHC,238.0,238.0,238.0,,238.0
B01JSAXF0O,47.0,47.0,47.0,47.0,47.0
B01JSAXF1S,,,,,69.0
B01JT03M3S,24384.0,24384.0,24384.0,24384.0,24384.0
B01JTC8XJY,,,40.0,40.0,40.0
B01JTHDPP6,,,,70.0,70.0
B01JTHTIHA,,,,,49.0
B01JTNOQ5S,84.0,,,84.0,84.0
B01JUOVL36,,,365.0,365.0,365.0
B01JUOVL6I,,,,,164.0
B01JUOVLAO,,,,,164.0
B01JUOVLB8,,,,164.0,
B01JUOVMOY,,128.0,,128.0,128.0
B01JUOVN3E,,,,367.0,367.0
B01JUOVSRU,16.0,,,,
B01JUOVSUC,,,,3.0,
B01JUUHJF4,,,,,879.0
B01JUUHMG0,,,,,879.0
B01JUUHZM6,,,280.0,280.0,280.0
B01JV2RJGK,,,,13.0,
B01JV3HACC,,,26.0,,26.0
B01JV84XX6,1025.0,1025.0,1025.0,1025.0,1025.0
B01JV84Y6W,,,,,23.0
B01JVAEUIM,,,,,60.0
B01JYST3RO,198.0,,,,
B01JZQSCMM,34.0,,34.0,34.0,34.0
B01K08X2EC,,,,,86.0
B01K0ZR944,,,,,36.0
B01K0ZUL1C,,,,,29.0
B01K3017T4,,,,67.0,67.0
B01K322G1K,1198.0,1198.0,1198.0,1198.0,1198.0
B01K3YF3UO,,62.0,,,
B01K4A6Z22,2.0,2.0,,,2.0
B01K4D9T6S,168.0,,,,168.0
B01K4QFHQ6,235.0,,,,235.0
B01K4ZN3HC,,,,,170.0
B01K4ZQFMM,116.0,116.0,,,
B01K51BVGU,,,,,126.0
B01K51NG1I,,,,,58.0
B01K54Z834,,,,,87.0
B01K60Y6BW,,,117.0,,117.0
B01K629LDI,802.0,,802.0,802.0,802.0
B01K7FDU1I,2450.0,2450.0,2450.0,2450.0,2450.0
B01K7MVYZK,,,,,22.0
B01K7MVYZU,,,,,22.0
B01K89OOUY,25.0,,25.0,,
B01K8CWO4E,,,,,109.0
B01K8D4YBY,1673.0,,1673.0,,1673.0
B01K8D5FAI,,,1673.0,,1673.0
B01K8DAFZI,,,,,1673.0
B01K8F4UJI,,,,6556.0,6556.0
B01K8FTZMA,57.0,,,,57.0
B01K8G4ACE,,,,,74.0
B01K8GDAZ2,,,,,17.0
B01K8GH7TC,,,,,66.0
B01KAZ2V4C,,,,489.0,489.0
B01KAZ8XEE,,489.0,,,489.0
B01KGLWC12,,,,,10.0
B01KIT9FBM,,,,,55.0
B01KITDGUI,,,,,14.0
B01KIWM728,2037.0,,2037.0,2037.0,2037.0
B01KIWW8JA,933.0,933.0,933.0,,933.0
B01KK0O4LA,,,,,941.0
B01KKI6BWC,,,,2037.0,2037.0
B01KKIHW5W,,,2037.0,2037.0,2037.0
B01KKJN86I,,,,,524.0
B01KLCQV90,,,,,42.0
B01KLD06R2,,,41.0,,
B01KLIAXHA,,,,,27.0
B01KLJSFLU,,,,,18.0
B01KLW4DA4,,,,,7045.0
B01KLW4DJA,7045.0,7045.0,,7045.0,7045.0
B01KLW4F6Q,,,,,2766.0
B01KM4HB82,,,69.0,,
B01KM4HB8M,1479.0,1479.0,1479.0,,1479.0
B01KM4HBB4,,,,,4516.0
B01KM4HBD2,,,1250.0,,1250.0
B01KM4HBTG,,,125.0,,125.0
B01KM4HEES,,,,,4299.0
B01KM4HELG,,,9324.0,9324.0,9324.0
B01KM4HEMA,1091.0,1091.0,,1091.0,1091.0
B01KMB07EA,80.0,,,80.0,80.0
B01KMP0LZG,,,,,49.0
B01KMTX79O,,,,,28.0
B01KMWM0H6,,47.0,47.0,47.0,47.0
B01KMWM0HG,,,,30.0,
B01KMWM0O4,3.0,,,,
B01KMWM0QW,528.0,528.0,528.0,,528.0
B01KMWM0VW,,,31.0,31.0,31.0
B01KMWM6QG,310.0,310.0,,,310.0
B01KMWM6TS,,62.0,62.0,62.0,62.0
B01KMWM6V6,,,62.0,62.0,62.0
B01KNOJ8FK,,,12.0,12.0,12.0
B01KNOJ8V4,,,,,14.0
B01KNS8X6G,,,,,562.0
B01KNWQW3I,,,,,5512.0
B01KNWRJYY,4602.0,,,,4602.0
B01KOYQR7Q,,,,,565.0
B01KOZRUDK,,,,,50.0
B01KOZXVHE,268.0,,,,
B01KP029CQ,,,,,268.0
B01KP0MKES,103.0,103.0,,,103.0
B01KP6C6PU,,69.0,,,69.0
B01KP70XA4,,,,,39.0
B01KP713M6,,,,,26.0
B01KP713MQ,,,41.0,,41.0
B01KP713OO,,,123.0,,123.0
B01KP713SA,,24.0,,,
B01KP713VW,,,,25.0,25.0
B01KP71420,,,,,17.0
B01KP7142A,80.0,,,,80.0
B01KP719JI,,,,,18.0
B01KP719LQ,14.0,,,,14.0
B01KP7V85S,,,,,5.0
B01KP7V8L2,,,,475.0,475.0
B01KP7V8US,,,,,6.0
B01KPUWJ12,,,,,47.0
B01KPUWJ6C,,,,,9.0
B01KPUWJ8K,,526.0,,526.0,526.0
B01KPUWJAI,,,10.0,,
B01KPUWJBW,,,57.0,57.0,57.0
B01KPUWJDK,,,347.0,347.0,347.0
B01KPUWNVI,50.0,,50.0,50.0,50.0
B01KPUWO2Q,,,,,55.0
B01KPUWO5I,,,33.0,,
B01KPUWTCQ,,,,,12.0
B01KSCMKOI,,,,,3196.0
B01KTKO4CU,,,,,1251.0
B01KTKO95M,104.0,,,,104.0
B01KTKOENE,,,,,39.0
B01KTKOGXC,,,,,28.0
B01KTKOJ34,,462.0,462.0,,462.0
B01KTKOL8W,,,,,16.0
B01KU2GI3A,,574.0,574.0,,574.0
B01KU2GI4O,,,,,574.0
B01KU2GI58,,,,,574.0
B01KU2GI6M,,574.0,,,
B01KU2GI6W,,,,574.0,
B01KU2GI7G,,574.0,,574.0,
B01KU2GIBW,574.0,,,,574.0
B01KU2GIEE,,,,,574.0
B01KU6NQDG,,,42.0,,42.0
B01KU7V9WK,,,,,42.0
B01KU950O6,,,,,84.0
B01KUADJW0,,32.0,,,32.0
B01KV90JIM,,,,,228.0
B01KW0V6V4,745.0,,,745.0,745.0
B01KW4BTGC,225.0,225.0,225.0,225.0,225.0
B01KW4ML96,,,,,55.0
B01KWR8VVU,2080.0,,2080.0,,2080.0
B01KX3T10S,,,,,198.0
B01KX3T17Q,,,,14.0,14.0
B01KX3TANQ,,,,,60.0
B01KX3TJEG,,,,,216.0
B01KX3TK7C,105.0,,,,105.0
B01KX3TKDQ,,,,216.0,216.0
B01KXRMGPQ,,,13.0,,13.0
B01KXS00DA,,,,,18.0
B01KY6TK5K,,,,,121.0
B01KY7WWMM,2173.0,,2173.0,2173.0,2173.0
B01KYFGXMY,,5045.0,5045.0,5045.0,5045.0
B01KYFNHOG,,,5045.0,5045.0,5045.0
B01KYFXUDO,5045.0,5045.0,5045.0,5045.0,5045.0
B01KYLE17M,4579.0,4579.0,4579.0,4579.0,4579.0
B01KYPBVG2,555.0,,,555.0,555.0
B01KYQG01W,,,,,73.0
B01KYRV38G,,,,131.0,
B01KYS32M0,2282.0,,,,2282.0
B01KYS4TAY,,1008.0,,,1008.0
B01KZ2GUR4,,,,,25.0
B01KZ6CJRU,,,,33.0,
B01KZDIFT4,,,,,332.0
B01KZDIFZI,,,,6.0,
B01KZDIGAC,,332.0,,332.0,332.0
B01KZDIJJU,332.0,,,,332.0
B01KZDIS6E,173.0,,173.0,173.0,173.0
B01KZTXBEW,294.0,,,,294.0
B01KZU7HBO,10168.0,,10168.0,10168.0,10168.0
B01L2CHZS4,,,234.0,,234.0
B01L2CINTE,,,,,195.0
B01L2CIVWI,,,,,109.0
B01L2CJ07I,,501.0,501.0,501.0,501.0
B01L2F9C78,1771.0,,1771.0,,1771.0
B01L2FEHBY,,,,,394.0
B01L2JKERG,,,,4435.0,
B01L3YOL3S,,,,,114.0
B01L3YOQBA,360.0,360.0,,360.0,360.0
B01L3YOR0U,,,,,5.0
B01L3YOR2S,,,131.0,,131.0
B01L3YOR8W,,,,48.0,48.0
B01L3YORIW,,,15.0,,15.0
B01L3YORN2,3626.0,3626.0,3626.0,3626.0,3626.0
B01L4S9138,,,347.0,,347.0
B01L4S92UA,2206.0,,2206.0,2206.0,2206.0
B01L4S93E0,1459.0,1459.0,,1459.0,1459.0
B01L4S94NA,,,,,134.0
B01L4S95AW,,,,,1277.0
B01L4S95Y8,,,,,194.0
B01L4S98HM,,,,,338.0
B01L4S9ASO,,,,,1128.0
B01L4S9BF6,2625.0,2625.0,,,2625.0
B01L4S9CM8,,,,,287.0
B01L6AA4DA,3221.0,3221.0,3221.0,3221.0,3221.0
B01L6TK0HQ,,6.0,,,
B01L6TK0IK,,,,,6.0
B01L6TK0PS,,,11.0,,11.0
B01L76GVDU,,14.0,,,
B01L7G0WWQ,2723.0,,,,2723.0
B01L7TN446,2229.0,,2229.0,2229.0,2229.0
B01L8R7PU6,206.0,206.0,206.0,206.0,206.0
B01L9GXAHS,,,,,22.0
B01L9GXAP0,,,35.0,35.0,35.0
B01L9GXB7W,9.0,9.0,,9.0,9.0
B01L9GXB90,,63.0,63.0,63.0,63.0
B01L9ZXBGE,,,,,23.0
B01LA27HXE,4259.0,,,,
B01LATG0X0,1745.0,,,,
B01LBFU4TY,,,54.0,54.0,54.0
B01LC8SRX0,,,,10.0,10.0
B01LCL9F88,,,,431.0,431.0
B01LCL9TL6,42.0,,42.0,,42.0
B01LCL9UJ2,116.0,,116.0,116.0,116.0
B01LCLAJT2,3045.0,3045.0,3045.0,3045.0,3045.0
B01LD61WMY,792.0,,,,792.0
B01LDFHH1K,119688.0,,,119688.0,119688.0
B01LEL9FCC,,,,1.0,
B01LFDWM74,,,360.0,,
B01LFED4V6,,,360.0,360.0,360.0
B01LFKYHQQ,,,363.0,363.0,363.0
B01LFQNVJY,153.0,153.0,,,153.0
B01LFR5M9K,,974.0,,,
B01LFUGS68,,,,3.0,
B01LGBJJX0,,,,,426.0
B01LGBJKJI,,,,,147.0
B01LIGIQ14,978.0,,,,978.0
B01LIGIRGI,,,,,978.0
B01LJJOTIO,,,264.0,,264.0
B01LKZ0Q20,4913.0,4913.0,4913.0,4913.0,4913.0
B01LLKQ6QE,,,,,594.0
B01LM0EADO,267.0,,,,267.0
B01LM65W9O,,,,,5396.0
B01LMDPHYW,489.0,,,489.0,489.0
B01LMDSYL0,,,,,268.0
B01LMLIH82,,,,,1171.0
B01LMMOSUC,,,,1021.0,1021.0
B01LMMZY6O,23340.0,23340.0,23340.0,23340.0,23340.0
B01LMNII5M,,,,,1173.0
B01LMNL246,21.0,,,,
B01LO5IFU6,,38.0,,,
B01LOJ25ZI,,,,,64.0
B01LOK0SLA,,,,,25.0
B01LOK0T2S,337.0,337.0,337.0,337.0,337.0
B01LOK0T7S,,10.0,,10.0,
B01LOUU2WA,,,5333.0,,5333.0
B01LPMGQ7C,,,,,22.0
B01LPQ2EN8,1662.0,1662.0,1662.0,1662.0,1662.0
B01LPQQCZE,,,,,804.0
B01LQQORRI,,,,,44.0
B01LQR18BK,,,16.0,16.0,16.0
B01LQZXHDY,29.0,,29.0,,29.0
B01LQZYC4M,,,,26.0,26.0
B01LR99Q0M,,621.0,,621.0,621.0
B01LR99Q2K,,,,621.0,621.0
B01LR99Q8E,235.0,235.0,,,235.0
B01LR99QCU,177.0,,,177.0,177.0
B01LRAQ5PU,,,,,39.0
B01LRAUCG8,,,,,175.0
B01LRAWBIA,,100.0,,,100.0
B01LT4KHQM,,,,,13.0
B01LT6WKH4,,,,,27.0
B01LTHKZKW,912.0,,912.0,912.0,912.0
B01LTHKZL6,,694.0,694.0,694.0,694.0
B01LTHLBNW,,,8.0,,
B01LTHLBO6,5.0,,,,
B01LTHMCI0,,,,,7.0
B01LTHMCIA,,,,,30.0
B01LTHMCJ4,,,15.0,,15.0
B01LTHMCJE,6.0,,,,
B01LTHMCK8,24.0,,,,24.0
B01LTHMCL2,,,,,5.0
B01LTHMCLC,,,,,5.0
B01LTHMCLW,,,,,14.0
B01LTHMCMG,,,,,42.0
B01LTHMCN0,,,,,7.0
B01LTHMCNA,,,,,32.0
B01LTHMCO4,,,,,5.0
B01LTHYJ8G,,,,,1923.0
B01LTHZ7HI,,14.0,,,
B01LTIQ0UU,137.0,137.0,137.0,137.0,137.0
B01LVTZY88,,,,40.0,40.0
B01LVVMSW3,,,,,123.0
B01LVVN8IT,,,,,843.0
B01LVW7G55,488.0,488.0,,,488.0
B01LVWM5L3,912.0,912.0,912.0,,912.0
B01LVWNWL5,1074.0,1074.0,1074.0,,1074.0
B01LVXDSB5,,,,,318.0
B01LVXFO0X,1960.0,1960.0,1960.0,1960.0,1960.0
B01LVYZT19,,203.0,,,203.0
B01LVZ6YZB,1982.0,1982.0,1982.0,1982.0,1982.0
B01LVZWG4A,1984.0,1984.0,1984.0,1984.0,1984.0
B01LW246FQ,,,,,574.0
B01LW49P4L,72.0,,,72.0,72.0
B01LW6LVY7,203.0,,203.0,,
B01LW6NL0Q,235.0,235.0,235.0,235.0,235.0
B01LW6R2JW,,,,,54.0
B01LW6ZHBW,,,,,222.0
B01LW7853C,151.0,,,151.0,151.0
B01LW8XS1X,,,,216.0,216.0
B01LW9DIOS,119.0,,,119.0,119.0
B01LW9SNHX,,,,,574.0
B01LWBWRZW,843.0,843.0,843.0,843.0,843.0
B01LWD87BF,,664.0,,664.0,664.0
B01LWDGOUA,,,,2081.0,2081.0
B01LWHXMU9,,181.0,181.0,,181.0
B01LWHY14J,,,,,181.0
B01LWI2RUK,,,,,540.0
B01LWI2TLG,157.0,157.0,157.0,157.0,157.0
B01LWJGWKS,,,,,4.0
B01LWLCZZC,669.0,669.0,669.0,,669.0
B01LWLPHX2,,,,,28.0
B01LWMCL3T,717.0,717.0,717.0,717.0,717.0
B01LWNH4O1,,,31.0,,
B01LWODMAG,,,,46.0,46.0
B01LWPJGZR,,,,495.0,495.0
B01LWQQZ3T,596.0,,596.0,596.0,596.0
B01LWT1JFL,,594.0,,594.0,594.0
B01LWT383L,,,,128.0,128.0
B01LWV11U5,,70.0,,,70.0
B01LWVVYBX,,,,,2894.0
B01LWVXCCN,,,,,57.0
B01LWXC0SM,,,,184.0,
B01LWZ122L,,,,,8.0
B01LX0859E,,,,,12.0
B01LX13ZJX,,,,6804.0,6804.0
B01LX1400U,,,481.0,,481.0
B01LX3R0TL,,,,,4.0
B01LX5IVV3,,341.0,341.0,341.0,341.0
B01LX6QVQJ,,,,,68.0
B01LX71LJV,,,,,11.0
B01LX7AIIX,33.0,,,,
B01LX7FET5,,,,,9.0
B01LX9QIHP,,,664.0,664.0,664.0
B01LXAACKL,,12836.0,,12836.0,12836.0
B01LXAX0RY,386.0,,,,386.0
B01LXAXT79,,,,,18.0
B01LXBTMPF,,,179.0,,
B01LXCQ5AD,,168.0,168.0,168.0,168.0
B01LXCVECF,,,,2505.0,2505.0
B01LXCZZ1K,,,495.0,495.0,495.0
B01LXDQX71,,,,,17.0
B01LXF8FLA,,,,,31.0
B01LXGG3DC,11.0,,,,
B01LXGIBU6,397.0,,,,
B01LXHBFPH,,31.0,31.0,31.0,31.0
B01LXKTE0R,317.0,317.0,317.0,317.0,317.0
B01LXKZTLC,,480.0,,,480.0
B01LXMMHQL,,,41.0,41.0,41.0
B01LXMN4SK,,,,,666.0
B01LXMN6RF,666.0,666.0,666.0,666.0,666.0
B01LXMN6XD,666.0,666.0,666.0,,666.0
B01LXOEORY,,,3244.0,,
B01LXOJQ1C,2505.0,2505.0,,,2505.0
B01LXOOUKS,,181.0,,,181.0
B01LXOVUZ2,60.0,60.0,60.0,,
B01LXOW0KR,14.0,,,14.0,14.0
B01LXQOHHN,2058.0,2058.0,2058.0,2058.0,2058.0
B01LXTVHE8,,26.0,,,26.0
B01LXU6W9I,47.0,,,47.0,
B01LXV38V8,2894.0,2894.0,2894.0,2894.0,2894.0
B01LXV5SWY,,,2050.0,2050.0,
B01LXWKZHE,,677.0,,,677.0
B01LXX346V,,,110.0,110.0,110.0
B01LXX63PA,,220.0,,,220.0
B01LXYFB67,,,,,666.0
B01LXYFE4W,,,666.0,,666.0
B01LXZ5W0L,,,,480.0,480.0
B01LXZRY64,,,,,2.0
B01LY0BD5X,791.0,791.0,791.0,791.0,791.0
B01LY0XFIL,,,,,14.0
B01LY12VIW,,,19.0,19.0,19.0
B01LY14R45,,,4.0,,
B01LY1SRPD,,,76.0,76.0,76.0
B01LY2OJYA,,,3.0,,
B01LY2VHRT,225.0,225.0,,,
B01LY5IHLN,,232.0,,,232.0
B01LY61ND1,,,,,20.0
B01LY7Z1AL,,,621.0,621.0,621.0
B01LY8SCYT,149.0,,,149.0,149.0
B01LY9WD46,,,,,20.0
B01LYAVE03,112.0,,112.0,112.0,112.0
B01LYAX479,,,,,12.0
B01LYB08H0,434.0,,,,434.0
B01LYBX2IG,424.0,,424.0,,424.0
B01LYCYSSH,,1201.0,,,1201.0
B01LYD39G3,,318.0,,,318.0
B01LYE36QU,80.0,,80.0,80.0,80.0
B01LYFIHUI,,,,67.0,
B01LYGUUA1,41.0,,41.0,41.0,41.0
B01LYH9BZQ,,,48.0,,
B01LYHEA5S,423.0,,423.0,423.0,423.0
B01LYICN2J,,,,,12.0
B01LYLUWC6,32.0,,,,32.0
B01LYNIMNR,110.0,110.0,110.0,110.0,110.0
B01LYNWJ2M,,,97.0,,97.0
B01LYQ2QD4,,,6.0,,6.0
B01LYQTNJ7,,,,,53.0
B01LYRA485,7.0,7.0,,,
B01LYSG66O,2.0,,,,
B01LYU8738,,,,,107.0
B01LYU99RO,,307.0,307.0,307.0,307.0
B01LYVMKHM,,,1136.0,,1136.0
B01LYXGKW1,,,,,70.0
B01LYXH1UF,,,11.0,,
B01LYZ8JNK,,,,3244.0,
B01LYZE9EN,5396.0,,,,5396.0
B01LZ04415,,,4.0,,
B01LZ0DM6G,,,,,15.0
B01LZ2L2LA,5.0,,,,
B01LZ308A2,,,,43.0,43.0
B01LZ4D1A1,1.0,,,,
B01LZ4D6T6,1042.0,1042.0,,1042.0,1042.0
B01LZ942NB,,,,74.0,74.0
B01LZ9B36K,,,181.0,,
B01LZ9BAD6,,,,,181.0
B01LZA0ZPT,,,,,5.0
B01LZAGIJT,,,44.0,44.0,44.0
B01LZASEKG,88.0,,,,
B01LZAVO7O,,,8237.0,,
B01LZB23SN,,,,1044.0,1044.0
B01LZBEO8W,199.0,199.0,,199.0,199.0
B01LZBERJB,,62.0,,,
B01LZD7XER,,,20.0,,20.0
B01LZDR0ZA,,,,7.0,
B01LZGQ7OQ,393.0,393.0,,,393.0
B01LZLUZL6,,,22.0,22.0,
B01LZMAU4I,84.0,,,,84.0
B01LZN87IK,1374.0,1374.0,1374.0,1374.0,1374.0
B01LZPY81Y,,,,,1.0
B01LZQ8UGF,,,3.0,,
B01LZQE49I,,,,,11.0
B01LZRT0MS,,,,,56.0
B01LZSR1IY,,,,5.0,
B01LZVV8LI,3.0,,,,
B01LZW6YF0,,,,,6.0
B01LZWNVK4,,,,,4.0
B01LZWOBX2,26892.0,26892.0,26892.0,26892.0,26892.0
B01LZWPQLL,,,20.0,,20.0
B01LZX6D24,2206.0,,,2206.0,2206.0
B01LZYCSJZ,,,,,2326.0
B01LZYS5JR,,,,,67.0
B01LZYZ8PG,,,,,9.0
B01LZZARWM,6995.0,,,6995.0,6995.0
B01M00ZI55,,,,,3.0
B01M01SSUL,,,60.0,60.0,60.0
B01M01STHK,,,,,60.0
B01M029PGU,350.0,,350.0,350.0,
B01M070DNX,124.0,,124.0,,124.0
B01M071KSP,,,,,140.0
B01M088YHC,22.0,,,22.0,22.0
B01M0DE8B5,963.0,963.0,963.0,963.0,963.0
B01M0EP9EM,,,404.0,404.0,404.0
B01M0EWYRO,,1637.0,,,1637.0
B01M0GT7W3,,,2.0,,
B01M0JIOZ7,257.0,,,257.0,257.0
B01M0JRUEH,,,,,14.0
B01M0JT5X6,,,,29.0,29.0
B01M0K1HQ2,,,,11.0,
B01M0K7ORQ,,181.0,,,181.0
B01M0LORS1,2349.0,,2349.0,,2349.0
B01M0LXEUW,,,164.0,,
B01M0RO94W,,158.0,,158.0,158.0
B01M0S07XH,,,10.0,,
B01M0U60LD,181.0,,,,
B01M0URRMF,10.0,,,10.0,
B01M0VMQ5W,507.0,507.0,507.0,507.0,507.0
B01M0VU0XD,,181.0,,,181.0
B01M0VUO18,,,,,181.0
B01M0VUYV6,,,,,181.0
B01M0W2P73,,,181.0,,181.0
B01M0WS2GS,,27.0,,,27.0
B01M0X85EH,,,,2647.0,2647.0
B01M0XMDSM,,39.0,39.0,39.0,39.0
B01M0YIKJH,106.0,,,106.0,106.0
B01M0YIMWZ,,1069.0,1069.0,1069.0,1069.0
B01M107R0Y,,,,,5.0
B01M11KA8E,,,,500.0,
B01M13BC3Y,,161.0,,,161.0
B01M13C3HS,,,,153.0,153.0
B01M13XTR5,,,,,254.0
B01M15CKLV,,,,3.0,3.0
B01M16DOQM,,,,,6.0
B01M18CO52,115.0,,115.0,115.0,115.0
B01M18U3XK,,,2716.0,,2716.0
B01M1BI7LL,,,,16.0,16.0
B01M1BLVB0,88.0,88.0,88.0,,88.0
B01M1CJCN3,,,,,63.0
B01M1D3RR5,,,303.0,303.0,303.0
B01M1EZ8LT,,,,,111.0
B01M1H8E31,,,,,271.0
B01M1I8NEH,20.0,,,,
B01M1K6OQP,165.0,165.0,,,165.0
B01M1KDUYX,215.0,215.0,215.0,215.0,215.0
B01M1KLK1S,,63.0,63.0,,63.0
B01M1L5F3N,,,6804.0,6804.0,
B01M1LHXWW,,,,,4.0
B01M1LI1XH,,,,,14.0
B01M1LPY2M,50.0,50.0,50.0,,50.0
B01M1LQ7DE,,,,,5.0
B01M1MTPSL,51.0,,,,51.0
B01M1OPX8D,339.0,,339.0,339.0,339.0
B01M1RF11O,,,79.0,,79.0
B01M1RWZ22,125.0,,,,125.0
B01M1V2XCJ,,,,,377.0
B01M1Y337U,,,,,16.0
B01M1YORIR,349.0,349.0,349.0,,349.0
B01M20UPPA,,,,,84.0
B01M23QC36,,,,,12.0
B01M23QE22,,,,,39.0
B01M23XQS7,,,,,184.0
B01M23YV5S,,,,,9.0
B01M25BNNO,1008.0,,1008.0,1008.0,1008.0
B01M26HWG8,,,,,18.0
B01M2ASJDM,,,,,793.0
B01M2BHUEH,582.0,,582.0,582.0,582.0
B01M2CBV9E,,,,,51.0
B01M2U19Q5,,,,,474.0
B01M2VJ4ZZ,,,,,290.0
B01M2WBUHJ,,,,,1066.0
B01M2WBWB2,,34.0,,,34.0
B01M2WBXBY,,,33.0,33.0,33.0
B01M2WBZ4Y,,,,,40.0
B01M30IPBS,2968.0,2968.0,2968.0,,2968.0
B01M33FVB0,,,793.0,,793.0
B01M345Z4K,370.0,370.0,370.0,370.0,370.0
B01M35ZAR8,114.0,,,114.0,114.0
B01M3N59A2,815.0,815.0,,815.0,815.0
B01M3O43MD,4.0,,,,
B01M3OCNHS,397.0,,,397.0,397.0
B01M3P2N7Q,,,,,1749.0
B01M3P2OD2,,,,,12.0
B01M3QL46X,,151.0,,,151.0
B01M3RN0ZI,1514.0,1514.0,1514.0,1514.0,1514.0
B01M3T0C7J,,,,,104.0
B01M3VL9QH,,,,,29.0
B01M3W40V9,,,793.0,793.0,
B01M3W6LXL,,,793.0,,
B01M3WWZKN,,,,,20.0
B01M3XP7EQ,,,,,54.0
B01M3Y4YUK,,1328.0,1328.0,,1328.0
B01M3YCVAC,,11.0,,,
B01M4HGFA6,,,23.0,,23.0
B01M4HQOH4,45.0,,,,45.0
B01M4I95YY,13.0,,,,
B01M4I9KSI,,,,,18.0
B01M4I9O74,70.0,70.0,,70.0,70.0
B01M4J2D6H,,,663.0,,663.0
B01M4M2OYC,,,,,31.0
B01M4MG9TW,,,,,2.0
B01M4OTAY3,,,,94.0,
B01M4OTUOT,,,,27062.0,
B01M4P97W9,,,,793.0,
B01M4QWFQU,,,,,4.0
B01M4QY5JR,,,,,98.0
B01M5AHC0R,47.0,,,47.0,47.0
B01M5AHD48,,35.0,,,35.0
B01M5AHKGF,,,,,15.0
B01M5AHOPO,1066.0,,,1066.0,1066.0
B01M5AHOPQ,,,,,37.0
B01M5CZAXM,22046.0,22046.0,22046.0,22046.0,22046.0
B01M5E62DW,,,141.0,,141.0
B01M5EEYPL,,,84.0,,
B01M5GYUM5,186.0,,,,186.0
B01M5HFQ0L,142.0,142.0,,,142.0
B01M5HI25O,793.0,,793.0,,793.0
B01M5HJTJZ,,,793.0,,
B01M5I9ORV,244.0,,,,244.0
B01M5J2GPX,,,,,15.0
B01M5JMMZA,388.0,,,388.0,388.0
B01M5KR2X2,,124.0,,,124.0
B01M62G7K7,,,,,2.0
B01M62OQZ8,,,,,26.0
B01M637OFI,,,,,97.0
B01M63DIAM,10170.0,10170.0,,,10170.0
B01M65PXO1,,,,,20.0
B01M674G6P,,,,,51.0
B01M690AFJ,,,,8.0,8.0
B01M69PL6U,,,,,1.0
B01M69VSXA,284.0,,284.0,,284.0
B01M6A3MAB,,,,793.0,793.0
B01M6A437H,,10.0,,,
B01M6A62H3,,1066.0,,1066.0,1066.0
B01M6BRWLX,,,,,87.0
B01M6VZAK2,,,,,33.0
B01M6VZED8,285.0,285.0,285.0,285.0,285.0
B01M6WSGTN,,138.0,,138.0,138.0
B01M6Y6TN2,,,,9.0,
B01M712V20,575.0,575.0,,575.0,575.0
B01M72G6V5,,,,101.0,101.0
B01M72KUL7,3117.0,3117.0,3117.0,3117.0,3117.0
B01M730U7C,,,793.0,,
B01M73R64G,,,,217.0,217.0
B01M756RT0,,,11.0,,
B01M7OAHHF,163.0,163.0,163.0,163.0,163.0
B01M7OAKV8,,,,,21.0
B01M7OT4SL,,,,,44.0
B01M7SG2HW,,,,,716.0
B01M7SRDTF,,,,1018.0,
B01M7SW9KL,,,405.0,,
B01M7VQ7M9,,,,793.0,
B01M7VR2RV,,,,,793.0
B01M7WLPZI,,,106.0,,106.0
B01M8HO4G4,287.0,,,,287.0
B01M8K2PFY,,,,,163.0
B01M8KEZZL,,,,,11.0
B01M8L22X0,4.0,,,,4.0
B01M8N5WR9,20.0,,,,
B01M8OFHM3,,,,,793.0
B01M8PZTJJ,,,,,5.0
B01M8Q2RJS,,,,,214.0
B01M97MDFB,,,,,17.0
B01M9A5JCK,,,,,24.0
B01M9A5KL5,,,19.0,,
B01M9A5LE4,,,346.0,346.0,346.0
B01M9CQC5G,63.0,,,63.0,63.0
B01M9CQNCB,,,,,1170.0
B01M9G6LM1,,1136.0,,,1136.0
B01M9G87YL,,,,,12.0
B01M9GOMTE,,,,,1.0
B01M9HXSKZ,,,,,2.0
B01M9IJ3QV,,,609.0,,609.0
B01M9INQUA,,1774.0,1774.0,,1774.0
B01MA13Q5V,4456.0,4456.0,4456.0,4456.0,4456.0
B01MA2GBZQ,,,21.0,,
B01MA2YXWV,,,35.0,,
B01MA2Z64L,,29.0,,,
B01MA2Z6NR,,,17.0,,17.0
B01MA2Z8QD,41.0,,,,41.0
B01MA55K6I,3617.0,3617.0,3617.0,3617.0,3617.0
B01MA5HLHH,,,,,148.0
B01MA5RTX4,396.0,396.0,396.0,,396.0
B01MA5UR5X,,,,157.0,157.0
B01MAUZHFE,,2.0,,,
B01MAV7O8M,,,163.0,,163.0
B01MAVQIUJ,18.0,,,,
B01MAZD67A,,,200.0,200.0,200.0
B01MCSRM0F,,27.0,27.0,,
B01MCSVZC4,,960.0,,960.0,960.0
B01MCT0TIQ,,98.0,,,98.0
B01MCWSSYM,90.0,,,,90.0
B01MCY9M51,,,,,5.0
B01MCYCNO4,,,,,2.0
B01MCYL8K9,,,34.0,34.0,34.0
B01MCZAMOY,,813.0,813.0,813.0,813.0
B01MCZUQOQ,,,,,793.0
B01MD1R2PO,,,,,51.0
B01MDK7SZ7,,,,,269.0
B01MDLG8S9,,25.0,,,
B01MDLG91G,,,,,66.0
B01MDM0WF5,,1294.0,1294.0,1294.0,1294.0
B01MDMV3E6,,,82.0,,82.0
B01MDO1JW2,,,,123.0,123.0
B01MDO223D,1170.0,,,,1170.0
B01MDPMHQA,,,,,17.0
B01MDS0BWQ,286.0,286.0,,286.0,286.0
B01MDS0KPY,3221.0,3221.0,,3221.0,3221.0
B01MDS8MQD,117.0,,,,117.0
B01MDT47BM,,,582.0,582.0,582.0
B01MDT6TUY,,,,113.0,113.0
B01MDTN66S,,,,,9.0
B01MDU3BXL,,,,,50.0
B01MDUCCS6,,,15.0,,15.0
B01MEDLGBV,,,190.0,,190.0
B01MEE4DS4,,,,,20.0
B01MEHXKS7,13.0,13.0,,,
B01MF61KWF,,,,,547.0
B01MF8L77G,7834.0,7834.0,7834.0,7834.0,7834.0
B01MFB7HK5,1185.0,,1185.0,1185.0,1185.0
B01MFCCNOS,,,,119.0,119.0
B01MFCYECQ,,,,89.0,89.0
B01MFF80PY,87.0,,,,
B01MFFB5HO,,,,,87.0
B01MFFB9IN,,,,,3.0
B01MFFBO8D,,,,,87.0
B01MFFIIUD,,48.0,,48.0,48.0
B01MFH89ZX,291.0,,,291.0,291.0
B01MFHLEGF,,,,182.0,182.0
B01MFZYVXG,,167.0,167.0,,167.0
B01MG271SU,,,,,21.0
B01MG2W1OW,,,,,1.0
B01MG33VQ9,,18.0,,,
B01MG5FTJU,,79.0,,79.0,79.0
B01MG6QH1W,5222.0,5222.0,,5222.0,5222.0
B01MG7YPJZ,,20.0,,,20.0
B01MG89DSZ,,,,,214.0
B01MPYIWEF,,,44.0,44.0,44.0
B01MQ1CL2N,,,,31.0,31.0
B01MQ1CLC8,119.0,,,,
B01MQDDQQZ,,,,,5.0
B01MQDNQWQ,,,,,19.0
B01MQDO2FF,,,,118.0,118.0
B01MQGFW4Z,,567.0,567.0,567.0,567.0
B01MQGRCWC,,,163.0,,163.0
B01MQI6Q2Y,,,,,35.0
B01MQJEAL2,,,,49.0,49.0
B01MQPJB8S,,,,59.0,59.0
B01MQPME5V,,,,,38.0
B01MQSP0WD,,,,,53.0
B01MQSSPXT,,,12.0,,12.0
B01MQTI2SU,,,,,27.0
B01MQUR2VU,,,,122.0,122.0
B01MQVOC3Y,,,39.0,,
B01MQWRLC5,,,,,64.0
B01MQWU9X1,85.0,,,,
B01MQWXZNV,,,,,2983.0
B01MQX2CJO,,,,,1495.0
B01MQY8F5C,605.0,,605.0,605.0,605.0
B01MQYGSFH,8545.0,8545.0,8545.0,8545.0,8545.0
B01MQYQ537,512.0,,,512.0,512.0
B01MQYXAW8,,,,14.0,14.0
B01MQZQ7PH,,58.0,58.0,58.0,58.0
B01MQZQDIX,,,,,94.0
B01MQZQE39,,,155.0,155.0,155.0
B01MR0RQGD,,,,504.0,
B01MR38V6T,,,21.0,,
B01MR3FLB8,,,,,711.0
B01MR5QQAB,7.0,,,,
B01MR5YO51,,,,,30.0
B01MR6P0S0,,,,10.0,
B01MR9HM66,,,,5.0,
B01MR9VSVF,,,7.0,,
B01MRAA20K,,,,,87.0
B01MRBX4MI,4819.0,,,4819.0,4819.0
B01MRCDJKN,333.0,,,,333.0
B01MRCI9BY,1865.0,,1865.0,1865.0,1865.0
B01MRD8FRK,95.0,,95.0,95.0,95.0
B01MREXLQY,133.0,,,,133.0
B01MRF4H98,,,,,91.0
B01MRGGLJ0,,,,,57.0
B01MRGGLJ2,,,,,46.0
B01MRGGLLA,228.0,,,,
B01MRI78IQ,,,,,343.0
B01MRQGMFQ,,28.0,,,28.0
B01MRUZHW0,,,224.0,,224.0
B01MRVO6QZ,75.0,,75.0,75.0,75.0
B01MRW5YT6,,,,,3.0
B01MRX2RA8,,,,,26.0
B01MRY623T,,,,,25.0
B01MRY691J,,411.0,,,411.0
B01MRZLHK1,,,8.0,,
B01MS0AB5N,4261.0,4261.0,4261.0,4261.0,4261.0
B01MS4QSWK,,,,,2.0
B01MS7FZYI,,689.0,,,689.0
B01MS84I7L,,,,183.0,183.0
B01MS9M2IK,,,,901.0,901.0
B01MSAJQST,57.0,,,,57.0
B01MSDO6LW,1409.0,,,1409.0,1409.0
B01MSEP1YQ,,,,,108.0
B01MSHXUAO,,,5.0,,5.0
B01MSI0BG4,,,,,3.0
B01MSI0UPB,,48.0,,,
B01MSJFGPB,,,48.0,,48.0
B01MSJI0NK,115.0,,,115.0,115.0
B01MSJT74O,,,,,24.0
B01MSJT9JV,,,,,280.0
B01MSJT9Z2,343.0,,,343.0,
B01MSMLD47,,,,,3.0
B01MSN7DR8,,,,,23.0
B01MSNXZO6,,,39.0,,
B01MSNXZX9,,,,,42.0
B01MSP4BOO,,,,347.0,347.0
B01MSU32OD,,,,,1980.0
B01MSW4UZ7,331.0,,,331.0,331.0
B01MSWA98Y,254.0,254.0,254.0,,254.0
B01MSWYQHB,,,,,1.0
B01MSXTEO9,,,,,62.0
B01MSZTRWH,275.0,,,,275.0
B01MSZWHKU,,,,,368.0
B01MT04DJY,503.0,503.0,503.0,503.0,503.0
B01MT04EO9,,,,1495.0,1495.0
B01MT0Q6NS,5.0,,,,
B01MT19FRQ,,47.0,,,47.0
B01MT19QYP,,,605.0,605.0,605.0
B01MT19WES,160.0,160.0,,160.0,
B01MT1OA6S,1412.0,,,,
B01MT1OP5K,,,1495.0,1495.0,1495.0
B01MT2UEXO,,45.0,,,45.0
B01MT468R4,17.0,,,,
B01MT6EZFI,,,,,10.0
B01MT91G4R,,,,,241.0
B01MT93FIU,,,,,164.0
B01MTAH6DB,,,,82.0,82.0
B01MTC9YBG,,,,,33.0
B01MTCD6YA,623.0,,623.0,623.0,623.0
B01MTCQLBU,,,,,317.0
B01MTDM39A,,,46.0,,46.0
B01MTESCPY,,38.0,,,
B01MTFPA9U,,,59.0,,59.0
B01MTGAB71,,,,,181.0
B01MTGAIL7,26.0,,,,26.0
B01MTIR2M3,153.0,153.0,,153.0,153.0
B01MTIWKAZ,,,536.0,536.0,536.0
B01MTKXX2A,,,,,158.0
B01MTLA4MX,226.0,,,,226.0
B01MTLA6A0,,,,,280.0
B01MTONYTX,,,,107.0,107.0
B01MTW1J40,,,,,68.0
B01MTWAZOD,,,,,301.0
B01MTWJVIU,,432.0,432.0,432.0,432.0
B01MTWLNBN,115.0,115.0,,115.0,115.0
B01MTXTBF1,,,,93.0,93.0
B01MTYEF7B,,,,,6.0
B01MTZDAWB,,,115.0,,
B01MU0Z6HN,,,,,548.0
B01MU1E110,,,,,233.0
B01MU1E7FT,,,,,114.0
B01MU1EC7A,,,,73.0,
B01MU1KJ51,,,280.0,280.0,280.0
B01MU1OXZD,,,,503.0,503.0
B01MU2Q9Z7,4790.0,,,4790.0,4790.0
B01MU3CO1C,,,,,64.0
B01MU4WDF3,,324.0,,,324.0
B01MU4YN7H,,622.0,,622.0,622.0
B01MU7AT3N,,80.0,,,
B01MU7ZWB9,2308.0,,2308.0,,2308.0
B01MU803S4,,,,34.0,34.0
B01MU90OEK,,,,,146.0
B01MUA657E,,691.0,691.0,691.0,691.0
B01MUAGETQ,,,,,20.0
B01MUBHQ15,9227.0,,9227.0,9227.0,9227.0
B01MUBJDB5,,,,614.0,614.0
B01MUBQWRI,,,,54.0,54.0
B01MUDSMCK,,,,,221.0
B01MUECUQE,,,,,32.0
B01MUELG7P,,52.0,52.0,52.0,52.0
B01MUFNYBS,,,4410.0,4410.0,4410.0
B01MUGV1XN,,177.0,177.0,177.0,177.0
B01MUHANJ7,,,29.0,29.0,29.0
B01MUO43YM,528.0,,,,528.0
B01MUZYZWN,1739.0,,1739.0,,1739.0
B01MXCV9V4,152.0,,152.0,152.0,152.0
B01MXERWCU,,,280.0,,
B01MXF9MKY,,39.0,,,39.0
B01MXJNNOD,11.0,,,,
B01MXMATVT,,,,,1980.0
B01MXMC7WD,,,,,98.0
B01MXMFEDO,,,1980.0,,1980.0
B01MXMUK3W,,,,,134.0
B01MXNOONW,,,,91.0,91.0
B01MXVZ3H2,,,,,1682.0
B01MXW3T2Y,,,,,965.0
B01MXWKSHL,784.0,,,784.0,784.0
B01MXWXHVU,,,,,13.0
B01MXYYRDE,,,,474.0,474.0
B01MXZ61RF,6.0,,,,
B01MXZR7KP,636.0,,636.0,,636.0
B01MY16RZH,,,1032.0,1032.0,1032.0
B01MY1TO7B,141.0,,,,141.0
B01MY2I2BZ,,,,,1151.0
B01MY2WMV1,,253.0,,,253.0
B01MY4MVYO,144.0,144.0,,144.0,144.0
B01MY4V5V6,,5888.0,5888.0,5888.0,5888.0
B01MY5VBTM,3556.0,3556.0,3556.0,3556.0,3556.0
B01MY6LGS9,,,,,56.0
B01MY7SXEK,,,,103.0,103.0
B01MY80KXH,,,,646.0,
B01MY8797Y,12453.0,12453.0,12453.0,12453.0,12453.0
B01MY9F7IA,,,1846.0,,1846.0
B01MY9SIQM,,,,,459.0
B01MY9TKFB,,,,,1207.0
B01MY9V2WQ,,,,,1027.0
B01MYAGU2L,934.0,934.0,934.0,934.0,934.0
B01MYCMZ6P,,,,,32.0
B01MYG4OJ7,,,,,10.0
B01MYGZWQI,262.0,,,262.0,262.0
B01MYLVQNG,713.0,713.0,,,713.0
B01MYM85X5,,,,,61.0
B01MYQ3FED,,,,,8.0
B01MYQX6X3,,,,,18.0
B01MYUYIK2,312.0,312.0,,312.0,312.0
B01MYVCHEB,137.0,,,137.0,137.0
B01MYVNYBK,,,166.0,,166.0
B01MYX8EIN,,,214.0,,214.0
B01MYYH6ZJ,,,,5.0,
B01MYYHB7Q,,,,115.0,
B01MYZUN6O,,,66.0,66.0,66.0
B01MZ0PD2A,,,,107.0,107.0
B01MZ0TGX3,503.0,,503.0,,503.0
B01MZ1F5NH,51.0,,,,
B01MZ3I5KG,194.0,194.0,194.0,194.0,194.0
B01MZ425QF,1151.0,,,1151.0,1151.0
B01MZ70EAQ,42.0,,,42.0,42.0
B01MZALQW6,,,,,275.0
B01MZALRDS,,,,,1484.0
B01MZALRVO,,1962.0,,,1962.0
B01MZALYEC,,,,5888.0,5888.0
B01MZATSW7,,,,75.0,
B01MZEPS13,16.0,,,,16.0
B01MZEU6S3,,190.0,,190.0,190.0
B01MZG64P9,1660.0,1660.0,1660.0,1660.0,1660.0
B01MZH16JU,,,,,244.0
B01MZIK4WB,618.0,618.0,,618.0,618.0
B01MZXF85G,,,,,142.0
B01N02U1JI,,,,796.0,796.0
B01N03831O,,,,,68.0
B01N04MJTE,,,,15.0,15.0
B01N06S3WS,,,138.0,,138.0
B01N07BLJL,,,,,41.0
B01N081QL3,,383.0,,383.0,383.0
B01N0B4I89,,,160.0,,160.0
B01N0B5NM4,483.0,483.0,,483.0,483.0
B01N0B67D7,,24384.0,,,
B01N0BH8TU,204.0,204.0,,204.0,204.0
B01N0BHC44,,,,35.0,35.0
B01N0BK3BB,,,,,2.0
B01N0DTVEP,,,,,116.0
B01N0EQQ7G,360.0,,,360.0,360.0
B01N0KBLSY,188.0,,188.0,188.0,188.0
B01N0KGJPU,,,,,183.0
B01N0KTVIU,7.0,,,,
B01N0LJXAT,,,,,75.0
B01N0MRHF7,,9.0,,,
B01N0PD7I3,,,,,307.0
B01N0QNI11,8.0,,,,8.0
B01N0R5MN4,,,,,548.0
B01N0RBIJQ,,,,,183.0
B01N0RG37L,32974.0,32974.0,32974.0,32974.0,32974.0
B01N0RW9N3,,,2.0,,
B01N0T28R6,729.0,,729.0,729.0,729.0
B01N0T292G,,,605.0,,605.0
B01N0XIMDO,15.0,,,,
B01N0XV2QR,,,20.0,,20.0
B01N0XXXKQ,4705.0,,4705.0,,
B01N0Y3Q2K,,,,,42.0
B01N0Y49DN,,,250.0,250.0,250.0
B01N0Y7QRF,2647.0,,,2647.0,2647.0
B01N11R9LD,,,,,515.0
B01N11YWR3,2515.0,,,2515.0,2515.0
B01N11Z4ND,2515.0,2515.0,2515.0,,
B01N11ZNPU,,,,,369.0
B01N12U3HW,,,,619.0,619.0
B01N156CHR,,,4819.0,4819.0,4819.0
B01N16XHPL,338.0,338.0,338.0,,338.0
B01N16XU6N,290.0,,,290.0,290.0
B01N189C55,,,,,40.0
B01N19OJGJ,,,,,88.0
B01N19PA4Y,,,,,181.0
B01N1H6ZDG,,,269.0,269.0,269.0
B01N1ICJ7N,,,,,31.0
B01N1ICJBQ,,,262.0,262.0,262.0
B01N1ICQH4,,,223.0,223.0,223.0
B01N1KFGLG,,1980.0,,1980.0,1980.0
B01N1NPJAL,,,,,69.0
B01N1NZIHN,2152.0,2152.0,2152.0,2152.0,2152.0
B01N1OCEAK,29.0,29.0,,,29.0
B01N1P5HVB,4324.0,4324.0,4324.0,4324.0,4324.0
B01N1Q4ZSS,,,,,188.0
B01N1QV82B,,,,,199.0
B01N1QXMR7,,,,,62.0
B01N1SNJBC,10.0,,,,10.0
B01N1UK1GZ,,,,,11.0
B01N1W1UAJ,,,44.0,,
B01N1X7X8T,,,742.0,742.0,742.0
B01N1Z3RNE,,27.0,,,
B01N225M9Z,,,3.0,,
B01N2387U7,559.0,,,,559.0
B01N23J5C1,4013.0,4013.0,4013.0,4013.0,4013.0
B01N23YRML,,,,,49.0
B01N24TT0B,586.0,,586.0,586.0,586.0
B01N29LS41,,113.0,,113.0,113.0
B01N29M1BQ,,113.0,113.0,,
B01N29OJED,,,,32.0,
B01N2B4DIZ,,,,,35.0
B01N2B4ESH,,,,,30.0
B01N2B9D19,,,,,6.0
B01N2G0FUV,,1923.0,,1923.0,1923.0
B01N2GU62U,,,,,6.0
B01N2HUWJU,,251.0,,251.0,251.0
B01N2HVQCQ,,,,,3182.0
B01N2JKVVR,,5759.0,,5759.0,5759.0
B01N2JV2A8,,,223.0,223.0,223.0
B01N2JV2JQ,,,,,307.0
B01N2L08H5,,,,,11.0
B01N2RD8B9,,,,,5.0
B01N2RHCSG,450.0,450.0,450.0,,450.0
B01N2ROL68,27062.0,27062.0,27062.0,27062.0,27062.0
B01N2S7LDQ,,,,,779.0
B01N2SM2JP,,,,,115.0
B01N2UMUA7,,,493.0,,493.0
B01N2UNU4L,,,,,298.0
B01N2UO1CD,411.0,,,,411.0
B01N2VRCQP,,,281.0,,281.0
B01N2W025I,3.0,,,,
B01N2W039X,,10.0,,,
B01N2W9TC2,,,,1.0,
B01N2WIU8K,,,,,1412.0
B01N2XM4E1,,,155.0,155.0,155.0
B01N2YZMXL,,,1495.0,,1495.0
B01N2Z94JF,77.0,,,,77.0
B01N318MA1,588.0,,588.0,588.0,588.0
B01N31BCWS,,,79.0,79.0,79.0
B01N32NMT0,32.0,,32.0,,32.0
B01N33KQMV,,,,,97.0
B01N34SIRE,,,,,3806.0
B01N34XW93,27161.0,27161.0,27161.0,27161.0,27161.0
B01N37CIFU,1744.0,1744.0,1744.0,1744.0,1744.0
B01N37KYKC,,,,,132.0
B01N397TUH,,,,,33.0
B01N39JF8V,,12.0,,,12.0
B01N3A4W2B,,233.0,,233.0,233.0
B01N3A6BXN,1409.0,1409.0,1409.0,1409.0,1409.0
B01N3AKEFP,,,,,15.0
B01N3LA9AJ,,,,,1.0
B01N3M4NM6,343.0,,343.0,,
B01N3O0OBJ,,,,,5.0
B01N3P2WI0,644.0,,,,644.0
B01N3QAQYE,,,,,343.0
B01N3QMG3S,,,6.0,,
B01N3RW7KN,,15.0,,,
B01N3T5SDW,,,,410.0,410.0
B01N3U0QNB,158.0,,158.0,,158.0
B01N3UDDB7,343.0,,,343.0,343.0
B01N3UP9NT,,,,,289.0
B01N3YG48H,,,,,37.0
B01N3YIHRE,50.0,,50.0,,
B01N40BLNO,,,,,3.0
B01N428I15,26892.0,26892.0,26892.0,26892.0,26892.0
B01N42M31W,,,,,28.0
B01N42WSAG,10170.0,,10170.0,,10170.0
B01N4BHJR7,,70.0,,,70.0
B01N4C1GZD,,,,,5.0
B01N4C2UXO,256.0,256.0,,,256.0
B01N4CKIHU,132.0,,,132.0,132.0
B01N4E70WZ,,,,,61.0
B01N4ENX6F,,,,,46.0
B01N4F1FPN,9876.0,9876.0,9876.0,9876.0,9876.0
B01N4F1H3B,,,,,2.0
B01N4FTTOG,60.0,,,60.0,60.0
B01N4G53RJ,,,,,268.0
B01N4G77V1,14.0,,14.0,,14.0
B01N4G786C,,1361.0,1361.0,1361.0,1361.0
B01N4G79SF,,,,1361.0,1361.0
B01N4H1WKH,734.0,,,,
B01N4HPLZJ,116.0,,116.0,116.0,116.0
B01N4HPNK2,,,,194.0,
B01N4LCTIY,2129.0,2129.0,2129.0,2129.0,2129.0
B01N4MZOOM,,503.0,,503.0,503.0
B01N4OWX50,6.0,,,,
B01N4SWYUR,600.0,600.0,600.0,,600.0
B01N4UHDDD,,,,,119.0
B01N4VGEZS,,,,,273.0
B01N4WRXQX,,,,108.0,108.0
B01N4WSNA5,873.0,873.0,873.0,873.0,873.0
B01N4WSV9L,,,188.0,,188.0
B01N53YZ20,,134.0,134.0,134.0,134.0
B01N55EOLZ,,,,262.0,262.0
B01N56L5PM,,,224.0,,224.0
B01N5AZIX0,,,,,71.0
B01N5D5ZZC,,,,1011.0,1011.0
B01N5D71BS,,,,256.0,256.0
B01N5D72C0,,,,,157.0
B01N5FP41U,,,41.0,41.0,41.0
B01N5FWFTU,282.0,,,,282.0
B01N5FXSED,875.0,875.0,875.0,875.0,875.0
B01N5HLNB8,2057.0,2057.0,2057.0,2057.0,2057.0
B01N5HM2M4,605.0,,605.0,,605.0
B01N5I11HV,,,,,1412.0
B01N5I1F1X,,1495.0,,1495.0,1495.0
B01N5J3QJW,1480.0,,1480.0,1480.0,1480.0
B01N5LG20P,1495.0,1495.0,1495.0,1495.0,1495.0
B01N5M2PRT,,,,,9.0
B01N5MRF0W,892.0,892.0,892.0,892.0,892.0
B01N5O2E2V,,,1160.0,1160.0,1160.0
B01N5OUXDK,,,,,176.0
B01N5P3EES,,,,646.0,
B01N5P3JJ9,,,,,7.0
B01N5PC3Q0,,,,64.0,
B01N5PC7CP,5056.0,5056.0,5056.0,5056.0,5056.0
B01N5Q4OCM,,482.0,,,482.0
B01N5Q7M6O,,,,,268.0
B01N5QAJ9L,,,,128.0,
B01N5RFW2U,11.0,,,,11.0
B01N5RFY5G,,,,,12.0
B01N5RZSWJ,1551.0,,,,1551.0
B01N5S2BHO,,,,,63.0
B01N5S87ZW,,,,,61.0
B01N5VKZ6S,148.0,,,148.0,
B01N5VYUBQ,,,,,70.0
B01N5WFBJ2,,,,,51.0
B01N5WMOUX,79.0,,,,79.0
B01N5WQDMX,,,,,40.0
B01N5WX2IF,,1291.0,1291.0,1291.0,1291.0
B01N5Y1DDV,,,,,40.0
B01N638AAE,,,,,1045.0
B01N65DX4B,,,134.0,,
B01N66TEOA,,,,223.0,223.0
B01N695FN7,,,,,28.0
B01N6BBFHZ,291.0,,,291.0,291.0
B01N6F2BEY,79.0,79.0,,,79.0
B01N6GJLD8,,,,,7.0
B01N6H719U,,,,,140.0
B01N6HH011,,,,195.0,195.0
B01N6HKFK9,,,620.0,620.0,620.0
B01N6J480C,,,,,205.0
B01N6JLIUC,,,,,41.0
B01N6NMKGO,,,,2.0,
B01N6NQMSM,,,,,1.0
B01N6O9LNW,,354.0,354.0,,354.0
B01N6P5KRC,,,102.0,,102.0
B01N6QNWTF,,60.0,60.0,60.0,60.0
B01N6R00BY,644.0,644.0,,,644.0
B01N6UMY66,1585.0,1585.0,1585.0,1585.0,1585.0
B01N6UQCQT,3006.0,,3006.0,3006.0,3006.0
B01N6V6H55,560.0,,,560.0,560.0
B01N6VICQU,,,125.0,,125.0
B01N6XT348,1194.0,1194.0,1194.0,,1194.0
B01N6Z3VWL,,,,,24.0
B01N6Z4BBP,310.0,,,,310.0
B01N6Z4BDF,68.0,,,,
B01N6ZPNTD,,,,,423.0
B01N6ZQ5XJ,101.0,,,,
B01N76E53O,,,,,1.0
B01N76HIEU,,,,1982.0,1982.0
B01N7FHQ8Q,,81.0,81.0,,81.0
B01N7FWQX8,,,,52.0,52.0
B01N7HV10S,,,,,98.0
B01N7LWYJR,44.0,44.0,44.0,,44.0
B01N7LX0IW,155.0,155.0,155.0,155.0,155.0
B01N7OB6MG,,74.0,,,74.0
B01N7PMQ9C,,,3196.0,,
B01N7S2GO3,,,100.0,,100.0
B01N7SEK4X,,,269.0,269.0,269.0
B01N7T1TGI,,,8.0,,
B01N7T7JKJ,26165.0,,26165.0,26165.0,26165.0
B01N7TJ452,,,,47.0,47.0
B01N7V4F18,,,,,7.0
B01N7WACDB,,,,,1.0
B01N7YHVUV,63.0,,,,63.0
B01N7Z5SSE,,,,,1.0
B01N7Z8DHN,212.0,,212.0,212.0,212.0
B01N7ZFYH4,186.0,,,,
B01N8Q33RE,107.0,107.0,107.0,,107.0
B01N8RCVA4,1923.0,1923.0,1923.0,1923.0,1923.0
B01N8S46Y6,,,,,36.0
B01N8SYD6L,,,,3.0,3.0
B01N8U1ACY,280.0,,,,280.0
B01N8W8WZE,48.0,48.0,,48.0,
B01N8WUME8,,,,,32.0
B01N8X4SU4,,,,,785.0
B01N8X91F3,,,,28.0,28.0
B01N8XYRNE,280.0,,280.0,,
B01N8ZJJ7L,,,,1923.0,1923.0
B01N906OA5,,24.0,,,
B01N90YRTJ,,,148.0,148.0,148.0
B01N94RIEO,173.0,,173.0,173.0,173.0
B01N97G1R4,,,,,1.0
B01N97NCK7,,,,,94.0
B01N99AJDQ,,,,,142.0
B01N9CP363,,,,69.0,
B01N9DI5R5,432.0,,,,432.0
B01N9JTF0W,,1361.0,,1361.0,1361.0
B01N9JTM4V,,1361.0,1361.0,1361.0,1361.0
B01N9LC3FT,,,,,53.0
B01N9LC3Z4,,219.0,219.0,219.0,219.0
B01N9LYUVY,,,,,275.0
B01N9O11HC,,,,,224.0
B01N9O9WD2,4819.0,4819.0,4819.0,4819.0,4819.0
B01N9OJ2LP,,,59.0,59.0,59.0
B01N9OVF7G,,915.0,,,915.0
B01N9PS8T3,,283.0,,,283.0
B01N9PXB01,,,,,152.0
B01N9SPQHQ,29856.0,29856.0,29856.0,29856.0,29856.0
B01N9SRBC8,17.0,,17.0,,17.0
B01N9WQA8C,51.0,,,,51.0
B01N9XZ7Z4,,,,,472.0
B01N9Y5GEB,,,,171.0,171.0
B01N9Y9KIV,,,,,596.0
B01N9YU21O,60.0,,,,60.0
B01N9Z3STW,,21.0,,21.0,
B01N9ZC5H6,,,,562.0,562.0
B01N9ZQ1EG,911.0,,911.0,911.0,911.0
B01N9ZZXSX,,,,,105.0
B01NA69NDS,,,44.0,,44.0
B01NA97F7P,,94.0,94.0,94.0,94.0
B01NA97GC0,,,,,117.0
B01NA9MBMO,,,,14.0,14.0
B01NAJH66P,,,32.0,,32.0
B01NAK7C2P,,,1495.0,1495.0,1495.0
B01NALE04C,47.0,,,,
B01NALVN0J,,,21.0,,21.0
B01NANXKOV,,,,1980.0,1980.0
B01NAPUTE5,,142.0,,,142.0
B01NAS71E9,,,,417.0,417.0
B01NASV1J4,639.0,639.0,,,639.0
B01NASW3Z0,,,,,174.0
B01NAT1DEI,,,,,672.0
B01NAT5G1D,20.0,,,,
B01NAU3HT7,,361.0,,,361.0
B01NAVBM6D,,,,397.0,
B01NAWNIOH,,,23.0,23.0,23.0
B01NAZSESM,,60.0,,60.0,60.0
B01NB8WRHZ,,,,,434.0
B01NBALRD5,,,,,177.0
B01NBALTQU,,258.0,,,258.0
B01NBCI5UO,,,,573.0,
B01NBGLS6P,,129.0,129.0,129.0,129.0
B01NBIDU61,,,,,1682.0
B01NBJ7PV9,,158.0,158.0,158.0,158.0
B01NBOD3QQ,,,,194.0,194.0
B01NBORENO,,14.0,14.0,,14.0
B01NBTNRBK,,503.0,,,503.0
B01NBU7RYI,,,,,567.0
B01NBUCOIH,15.0,,,,
B01NBVFC45,873.0,,,873.0,873.0
B01NBVKD9K,,,1183.0,,1183.0
B01NBWBVS9,,,318.0,318.0,318.0
B01NBXQEST,,,,80.0,80.0
B01NC0YDCS,,628.0,628.0,628.0,628.0
B01NC19USL,,,,,24.0
B01NC3K20H,51.0,,,,51.0
B01NCJBEUE,,27.0,,27.0,
B01NCJXYHY,,89.0,,89.0,
B01NCMBNCV,,,,,366.0
B01NCP1N1M,,,,,62.0
B01NCP33JU,1183.0,,,1183.0,1183.0
B01NCP59W4,,,,383.0,383.0
B01NCQVPHU,,,,,23.0
B01NCV3P4W,,77.0,77.0,,77.0
B01NCVP2WX,,,,,120.0
B01NCWR85P,2160.0,,,,2160.0
B01NCWV3KM,18042.0,18042.0,18042.0,18042.0,18042.0
B01NCZABZW,,,,,45.0
B01NCZES6L,2528.0,2528.0,2528.0,2528.0,2528.0
B01NCZGP44,,,,363.0,
B01NCZMFJV,,,359.0,,359.0
B01NCZNEVR,16.0,,,,
B01NGTUT4B,,,,27.0,27.0
B01NGYZAI4,,,545.0,545.0,545.0
B01NH0CFDR,949.0,,949.0,949.0,949.0
B01NH0OAD7,,,,,1.0
B01NH2V85X,,,,,39.0
B01NH4Y5GJ,,,,,1349.0
B01NH7HLSV,520.0,,,,
B01NH7QALN,465.0,465.0,465.0,,465.0
B06VSBPSHR,,,,,524.0
B06VSDP4QK,,,,,4.0
B06VSDP6MP,10.0,,10.0,,
B06VSH43QM,,,,,31.0
B06VSK9B97,,524.0,524.0,524.0,524.0
B06VSL38YY,165.0,,165.0,,165.0
B06VSMXGWD,10170.0,10170.0,10170.0,10170.0,10170.0
B06VSN5CR7,11304.0,11304.0,11304.0,11304.0,11304.0
B06VSRS1PJ,,,,,1.0
B06VSSN7KF,11304.0,11304.0,11304.0,11304.0,11304.0
B06VST4YJY,4684.0,4684.0,4684.0,4684.0,4684.0
B06VSV7K6C,,,,,181.0
B06VSW37HC,28780.0,28780.0,28780.0,28780.0,28780.0
B06VSXJ5XF,,420.0,420.0,420.0,420.0
B06VSXK4S4,,,2942.0,2942.0,2942.0
B06VSZ69LL,28780.0,28780.0,28780.0,28780.0,28780.0
B06VT4J8QG,,526.0,,526.0,526.0
B06VTDF77X,,,,,23.0
B06VTXSQ4X,,,,,996.0
B06VVKRPF7,,,,,61.0
B06VVS37K5,252.0,,252.0,252.0,252.0
B06VVSFYB6,,,,1234.0,1234.0
B06VW4GLY9,,,,,84.0
B06VWDLX51,,,,,6.0
B06VWRC1VQ,,,,,11.0
B06VWTG19J,,,,,32.0
B06VWVX8HF,,22.0,,,
B06VXFH4QN,,128.0,,,
B06VXVSGRY,,,7.0,,
B06VYCFY5N,132.0,,,,132.0
B06W2FYZH9,1.0,,,,
B06W2FZ4BB,,,,,9.0
B06W2G8QV3,2942.0,,,2942.0,2942.0
B06W2GY9PT,290.0,,,,290.0
B06W2LQ9D6,,,,,58.0
B06W524CTB,,,,,181.0
B06W55ZWDB,,,,32.0,
B06W564YZS,,,194.0,194.0,194.0
B06W56M6T4,,,,,116.0
B06W58FNFQ,,,,,438.0
B06W5G2R5P,1158.0,,1158.0,1158.0,1158.0
B06W5JWN7H,,,,,71.0
B06W5QCWTT,,,,,5.0
B06W5X7R53,,,,17.0,17.0
B06W9DWNB1,,,4.0,,
B06W9DWRJL,557.0,557.0,557.0,557.0,557.0
B06W9F2DDX,,,,,181.0
B06W9F6TBY,229.0,,229.0,229.0,229.0
B06W9GBB56,220.0,,,,
B06W9J8Y1M,,94.0,,94.0,94.0
B06W9KJHW4,,,,,85.0
B06WCZRGJ9,,,,,227.0
B06WD1G696,,,,,412.0
B06WD55JGZ,,,,,817.0
B06WD82PT8,169.0,169.0,169.0,169.0,169.0
B06WD8BZWM,655.0,,,,655.0
B06WGLKN6X,420.0,420.0,420.0,420.0,420.0
B06WGN1QYZ,65.0,,,,
B06WGN3JXJ,211.0,,211.0,211.0,211.0
B06WGPX7TD,,,146.0,,
B06WGRLTCV,22760.0,22760.0,22760.0,22760.0,22760.0
B06WGS1HZQ,,,1446.0,,1446.0
B06WGS7S35,,,,,150.0
B06WGYWQX3,,,,132.0,132.0
B06WLGMR8K,651.0,,,,651.0
B06WLGQBS9,,,,,35.0
B06WLGQJSG,60.0,,,60.0,60.0
B06WLGQMTS,,,,,17.0
B06WLH181R,,,,,79.0
B06WLH1CF1,,346.0,346.0,346.0,346.0
B06WLH1DKM,,,2942.0,,2942.0
B06WLNCKR7,864.0,,864.0,864.0,864.0
B06WLQWXY6,2057.0,,,,2057.0
B06WP28RN3,2942.0,,,,2942.0
B06WP37PR8,,164.0,164.0,164.0,164.0
B06WP3NCTG,1151.0,,,1151.0,1151.0
B06WP3R5BX,,,,,78.0
B06WP4Z8VL,2735.0,,,,2735.0
B06WP4ZF46,,,,,1565.0
B06WP623QK,1739.0,,,,1739.0
B06WP6QPBG,107.0,,107.0,,107.0
B06WP6RMV4,3021.0,,,3021.0,3021.0
B06WRN3K4C,,,7.0,,
B06WRNDXJ5,,,,2942.0,2942.0
B06WRNZYYQ,2471.0,,,,
B06WRTDP2Q,,74.0,,,74.0
B06WRTSSQ5,999.0,999.0,,999.0,999.0
B06WV78WTH,,,,,378.0
B06WV7KM72,,,,,346.0
B06WV7KPY2,2942.0,2942.0,2942.0,2942.0,2942.0
B06WV87QYH,2471.0,,2471.0,,2471.0
B06WV9JQ83,2735.0,,2735.0,2735.0,2735.0
B06WVCQH3S,,,,,34.0
B06WVD5TDH,,,59.0,,59.0
B06WVDJSG8,,36.0,,,36.0
B06WVF11CS,,,,,34.0
B06WVF3FLK,257.0,,,,257.0
B06WVF77QV,29.0,,,,
B06WVFD21N,,,,,22.0
B06WVFGWNH,,,,,34.0
B06WVLLPFB,,909.0,,,909.0
B06WVT2H9H,,64.0,,,64.0
B06WVTLV9L,,,,,135.0
B06WW3F7RS,,,,820.0,820.0
B06WW5T4VF,,97.0,97.0,97.0,97.0
B06WW6XV4V,267.0,267.0,,267.0,267.0
B06WW8C4TQ,2520.0,2520.0,2520.0,2520.0,2520.0
B06WWB9NMJ,2520.0,,,,2520.0
B06WWCG7GG,1973.0,,1973.0,,1973.0
B06WWCHQ5M,,,,34.0,
B06WWJQMVT,18.0,,,18.0,18.0
B06WWK8Q2S,,,107.0,107.0,107.0
B06WWNPVV7,,,,,249.0
B06WWPMPN5,23.0,,,23.0,23.0
B06X15LDX1,,246.0,246.0,246.0,246.0
B06X1BRPZ6,518.0,,518.0,,518.0
B06X1C2N3F,,341.0,341.0,341.0,341.0
B06X1CJ3PG,,,,101.0,101.0
B06X1D38MN,,,42.0,,
B06X1F74JN,,,,938.0,
B06X1GPJV7,1034.0,,1034.0,,1034.0
B06X3RGTB9,,,,,58.0
B06X3ZN91K,479.0,479.0,,479.0,479.0
B06X419GTC,,,,30.0,30.0
B06X419HV7,728.0,,,,728.0
B06X41FXG6,,,,,181.0
B06X6B2H6Z,,,,,66.0
B06X6BYWMC,,,,2.0,
B06X6CWCDY,41.0,,,,41.0
B06X6MNFYG,289.0,,,,289.0
B06X91JD69,,,,,47.0
B06X926SF2,,,,119.0,119.0
B06X92NXRM,134.0,,,,134.0
B06X95L3F9,,,,,235.0
B06X96FCH6,,,64.0,,64.0
B06X9B5WPX,,,,74.0,74.0
B06X9BN7NK,249.0,,,249.0,
B06X9BNHT1,,,,48.0,48.0
B06X9DFBNK,,,,787.0,787.0
B06X9FQQMZ,,7.0,,,
B06X9FZP11,1694.0,1694.0,1694.0,1694.0,1694.0
B06X9JQPDL,,,,67.0,67.0
B06X9JSGF3,,,93.0,93.0,93.0
B06X9LT8ZR,2949.0,,2949.0,2949.0,2949.0
B06X9MHL9C,1255.0,1255.0,1255.0,,1255.0
B06X9QQJBC,,,,1684.0,1684.0
B06X9RPQHN,,,,,60.0
B06X9SGYZD,930.0,930.0,,,930.0
B06XB1DZHM,,,,1163.0,1163.0
B06XB2LXX8,,930.0,,930.0,930.0
B06XB6GZXQ,1767.0,,1767.0,1767.0,1767.0
B06XB6M8ST,,,,,930.0
B06XBDRV5N,,,,93.0,93.0
B06XBJ87LZ,,,,,4.0
B06XBN4BQY,,,,51.0,
B06XBW8CDX,,,,,220.0
B06XBYBF5B,,,184.0,,
B06XBYT52V,,,307.0,,307.0
B06XBYTSMS,46.0,,,46.0,46.0
B06XBYW1C5,,,,,3.0
B06XBYW77R,,399.0,,,399.0
B06XBZ4VV7,,,126.0,,
B06XBZ997J,,1094.0,1094.0,1094.0,1094.0
B06XC2L6RB,,,,,336.0
B06XC3JNXC,,,,,32.0
B06XC3T81W,2058.0,2058.0,2058.0,2058.0,2058.0
B06XC574G3,,41.0,41.0,41.0,41.0
B06XC5PQGL,27900.0,27900.0,27900.0,27900.0,27900.0
B06XC863LK,,319.0,,,
B06XC9SGTS,,,,37.0,
B06XCCVRZT,80.0,,,,80.0
B06XCGVYCV,,,319.0,,
B06XCKNXZ8,568.0,,568.0,568.0,568.0
B06XCLYYCC,88.0,88.0,88.0,88.0,88.0
B06XCQ3DPP,88.0,88.0,88.0,88.0,88.0
B06XCTSMPY,,,,,76.0
B06XCVJMHV,,,,,43.0
B06XCWCSGD,,,,,32.0
B06XCWKQL5,,,,,76.0
B06XCWQX5J,,,,,60.0
B06XCWS354,,,,,407.0
B06XCWWBWX,,,,,903.0
B06XCX2BFX,,,,407.0,
B06XCX2C5X,,,,,76.0
B06XD65SNZ,,,,,65.0
B06XD7RS4D,,,,,26.0
B06XD8NRNB,,795.0,795.0,795.0,795.0
B06XDBX859,307.0,,307.0,,307.0
B06XDCYSM9,,,170.0,,170.0
B06XDDN2SX,26.0,,,,26.0
B06XDFW23T,6335.0,6335.0,,,6335.0
B06XDGDTM9,,,,,69.0
B06XDHQSGJ,243.0,,,,243.0
B06XDLNH9C,,4.0,,,
B06XDMYRTR,,394.0,394.0,,394.0
B06XDPBSWC,,,113.0,,113.0
B06XDR7N8F,,,,,22.0
B06XDRLM93,,,364.0,364.0,364.0
B06XDT4CXF,,,,,200.0
B06XDTKB1Z,44.0,,,,44.0
B06XDTLQ1Y,,2722.0,,2722.0,2722.0
B06XDTTJC2,,170.0,170.0,170.0,170.0
B06XDVSCWQ,,288.0,288.0,,288.0
B06XDVSFHJ,247.0,,,247.0,247.0
B06XF2TRV1,,,,386.0,386.0
B06XF4MX6J,,,2.0,,
B06XF66WBF,,,24.0,,24.0
B06XFF9YJL,,,,,14.0
B06XFHLNN9,,,149.0,,149.0
B06XFQYPQM,18307.0,18307.0,18307.0,18307.0,18307.0
B06XFVPWMX,,,,,149.0
B06XFXRNL7,,44.0,44.0,44.0,44.0
B06XFYWLHT,,,,,5.0
B06XFZSHPM,2.0,,,,
B06XG645N2,,,,,77.0
B06XG9VS48,,215.0,,215.0,215.0
B06XGBBHC9,61.0,,,61.0,61.0
B06XGBBLSV,42.0,42.0,,,
B06XGF94QD,,,,,1.0
B06XGSWW1S,6.0,,,,
B06XGTDDVJ,250.0,,,,250.0
B06XH1WJNR,,,,,1574.0
B06XH3G8H4,,,,,26.0
B06XH4PJQG,29.0,,,,29.0
B06XH56H2D,,,177.0,,
B06XH59Q8Q,,,,,46.0
B06XH6MNSS,561.0,561.0,561.0,561.0,561.0
B06XH7B1SQ,110.0,,110.0,110.0,110.0
B06XH7XHM5,,,17.0,,
B06XHF4FGZ,,,696.0,696.0,696.0
B06XHH3988,879.0,879.0,879.0,879.0,879.0
B06XHH3F5S,,324.0,324.0,,324.0
B06XHMNHYH,,27.0,27.0,27.0,27.0
B06XHP65Y4,,,3432.0,,3432.0
B06XHRGPPP,142.0,,,142.0,142.0
B06XHRNZH7,,,,,79.0
B06XHRNZH8,604.0,604.0,604.0,604.0,604.0
B06XHRP25S,,,177.0,,177.0
B06XHRZ4T3,,,,,812.0
B06XHS4T8Y,714.0,,,,
B06XHS7MTH,1795.0,1795.0,,,1795.0
B06XHS9BVW,185.0,,,,185.0
B06XHT5MXG,,,604.0,604.0,604.0
B06XHT62VZ,371.0,,,,371.0
B06XHT7XKX,,,,335.0,335.0
B06XHTH2YX,331.0,331.0,,331.0,331.0
B06XHV137N,,1566.0,1566.0,1566.0,1566.0
B06XHV8L11,403.0,,403.0,,403.0
B06XHVH78Q,,,332.0,,332.0
B06XHW3CGQ,,,1101.0,1101.0,1101.0
B06XHW5ZK8,,,,,162.0
B06XHWFJNR,197.0,,,,197.0
B06XHWTMVY,3.0,,,,
B06XHX26HG,,,396.0,,396.0
B06XHY64YG,,,,,108.0
B06XHZ8YW4,,29.0,29.0,29.0,29.0
B06XHZZVN8,,,,,1.0
B06XJ12L6G,,,,13.0,13.0
B06XJ12Z3G,,,,193.0,193.0
B06XJ1TCV2,,,,182.0,182.0
B06XJ36WJ3,1196.0,1196.0,1196.0,1196.0,1196.0
B06XJ3KZG6,,,,,47.0
B06XJ5N8MP,418.0,418.0,,,418.0
B06XJ6PY4M,,,341.0,,
B06XJ6XG7M,,,,1357.0,1357.0
B06XJ97QV3,,,,,14.0
B06XJBKGDD,,,,2409.0,2409.0
B06XJFBY8W,5.0,5.0,5.0,5.0,5.0
B06XJGB2TJ,1425.0,1425.0,1425.0,1425.0,1425.0
B06XJGP3HV,635.0,635.0,635.0,635.0,635.0
B06XJSGF3N,25.0,,25.0,,25.0
B06XK1QWN9,,636.0,636.0,636.0,636.0
B06XK2KPYG,,,636.0,,636.0
B06XK64DBJ,394.0,,,,394.0
B06XK977W1,,,,,20.0
B06XK9BF7R,,,,,636.0
B06XKB22J5,,,23.0,23.0,23.0
B06XKBLQTM,384.0,,384.0,384.0,384.0
B06XKDV7BP,636.0,,,636.0,636.0
B06XKHD592,,,,,28.0
B06XKHD8D2,,,,,41.0
B06XKJCL1M,,,,,385.0
B06XKL5KPF,,,,530.0,
B06XKM4KZ8,2477.0,2477.0,2477.0,2477.0,2477.0
B06XKMFP3G,,,,,574.0
B06XKNZ6GL,,,,,284.0
B06XKQ2FM9,,,,,287.0
B06XKQPRMK,76.0,76.0,76.0,76.0,76.0
B06XKS881X,,,,,335.0
B06XKTT56T,17.0,,,,
B06XKV24Q1,11396.0,11396.0,11396.0,11396.0,11396.0
B06XKW5SHV,,,,,399.0
B06XKWQWX6,,59.0,,,59.0
B06XKZPMJ2,,,52.0,,52.0
B06XMQC248,,,19.0,,
B06XMXRRJS,1188.0,1188.0,,1188.0,1188.0
B06XMXVRW9,569.0,569.0,,,569.0
B06XNKC21V,,,728.0,,
B06XNKZTX2,,,,,197.0
B06XNL2XLY,335.0,,,,335.0
B06XNMSMVN,3443.0,3443.0,3443.0,3443.0,3443.0
B06XNN35QK,,11396.0,,11396.0,11396.0
B06XNN35QS,3443.0,3443.0,3443.0,3443.0,3443.0
B06XNN7G6L,399.0,399.0,,,399.0
B06XNPS72X,11396.0,,11396.0,11396.0,11396.0
B06XNQMN8N,11396.0,,,11396.0,
B06XNQQNLF,11396.0,11396.0,11396.0,11396.0,11396.0
B06XNRMCDL,,86.0,,,86.0
B06XNRMDN1,11396.0,11396.0,11396.0,11396.0,11396.0
B06XNRMPJP,,,11396.0,11396.0,11396.0
B06XNRQCNP,11396.0,11396.0,11396.0,11396.0,11396.0
B06XNRS7XV,11396.0,,11396.0,,11396.0
B06XNRVTSD,3443.0,,3443.0,3443.0,3443.0
B06XNS8KXF,11396.0,,11396.0,11396.0,11396.0
B06XNS8W1F,3443.0,3443.0,3443.0,3443.0,3443.0
B06XNSDDKP,11396.0,11396.0,11396.0,11396.0,11396.0
B06XNTNG7T,11396.0,,,11396.0,11396.0
B06XNTXL79,1479.0,,1479.0,1479.0,1479.0
B06XNYDJBC,,324.0,,324.0,324.0
B06XNZ4LH7,311.0,311.0,,,311.0
B06XP517H4,,,,154.0,154.0
B06XP7V3DG,3182.0,,,3182.0,3182.0
B06XPDGPTR,70.0,,,,
B06XPFDK2G,339.0,339.0,,,339.0
B06XPG4DS3,,3182.0,3182.0,3182.0,3182.0
B06XPHDMM5,,,68.0,68.0,68.0
B06XPNS87L,,,,,3182.0
B06XPV2GWJ,,,,70.0,
B06XPVSWCJ,,,,,70.0
B06XPY53GS,679.0,,679.0,,
B06XQBZW1Y,426.0,426.0,426.0,426.0,426.0
B06XQLTQ4C,,523.0,,,523.0
B06XQRGWK7,166.0,166.0,,,166.0
B06XRCMVC9,,,,3.0,
B06XRL855P,,,,,20.0
B06XRM8RB5,,,,,1.0
B06XRS6QQL,,67.0,,,67.0
B06XRXQH6V,2436.0,2436.0,2436.0,2436.0,2436.0
B06XS1PCHQ,,1.0,,,
B06XS314CZ,,,32.0,,32.0
B06XS3RDMQ,4.0,,,,
B06XS7CK5T,,,21.0,,
B06XS7TBVF,14436.0,14436.0,14436.0,14436.0,14436.0
B06XS9BYVT,,,71.0,,71.0
B06XSCM57P,,,,31.0,31.0
B06XSDH36N,,,668.0,,
B06XSF4R1X,589.0,,,,589.0
B06XSH37XX,,88.0,,,88.0
B06XSHRGT7,41.0,,,,
B06XSMS8QT,293.0,,293.0,293.0,293.0
B06XSNKWC7,747.0,747.0,747.0,747.0,747.0
B06XST481H,,,,,147.0
B06XSXZYCB,,,,4263.0,4263.0
B06XSY57C1,963.0,,963.0,963.0,963.0
B06XSY9612,4288.0,,,4288.0,4288.0
B06XSYLDNX,4296.0,,,4296.0,4296.0
B06XSZ4W12,,,4294.0,,4294.0
B06XT7GXM8,1429.0,1429.0,1429.0,,1429.0
B06XTDRTP4,,,4292.0,,4292.0
B06XTP34DD,4295.0,4295.0,4295.0,4295.0,4295.0
B06XTPKQQ7,61.0,,,,61.0
B06XTS4PSH,2735.0,,,,
B06XTTH558,,,23.0,,23.0
B06XTTRXR4,,,,,28.0
B06XTYXWBB,,2.0,,,
B06XVGS468,,,,,23.0
B06XVMFLKY,,,,,45.0
B06XW4FR51,,,,,3.0
B06XWD6G2N,,,,1347.0,1347.0
B06XWDJHJV,,,,,5.0
B06XWFQ2CQ,,,,,125.0
B06XWH3639,,,,,350.0
B06XWV46MC,,19.0,19.0,,
B06XWWQ2J5,,312.0,312.0,312.0,312.0
B06XWX11G4,,,,,244.0
B06XX1Y9HH,,,,,3.0
B06XX3CYV6,,,408.0,,408.0
B06XX473CK,2200.0,2200.0,2200.0,2200.0,2200.0
B06XX5SGM8,,,659.0,659.0,
B06XX6DS3P,,,102.0,102.0,102.0
B06XX9WHWJ,513.0,513.0,513.0,513.0,513.0
B06XX9YG35,502.0,502.0,502.0,502.0,502.0
B06XXFM8CX,11283.0,11283.0,11283.0,11283.0,11283.0
B06XXG6QVR,643.0,,643.0,643.0,643.0
B06XXM64HX,,5.0,,,
B06XXQ1ZYS,,,40.0,40.0,40.0
B06XXV4BNX,,,51.0,51.0,51.0
B06XXWTV3H,775.0,775.0,,,775.0
B06XXXSVCH,,,80.0,,
B06XXY8P33,,,,,8.0
B06XY17JN4,,,,,8.0
B06XY646HX,,,,40.0,
B06XY7HVFN,,,,,6.0
B06XY7KCDQ,18.0,,18.0,18.0,18.0
B06XYXBRGM,,,15.0,,15.0
B06XYXYWM9,,,,,27.0
B06XZ6WHYR,,,,,50.0
B06XZ94599,,,34.0,,
B06XZ9CJ6G,,,,,14.0
B06XZC66VH,,,,,8.0
B06XZDN6NK,,,22.0,,
B06XZFR9PW,,,,,28.0
B06XZFT1CS,14.0,,,,
B06XZG3K83,,172.0,,,172.0
B06XZH425N,,,,,21.0
B06XZKL496,,,137.0,137.0,137.0
B06XZNJWZL,20973.0,20973.0,20973.0,20973.0,20973.0
B06XZRB9H5,1025.0,,1025.0,1025.0,1025.0
B06XZS87YW,,277.0,,,277.0
B06XZTKRRQ,,,,,23.0
B06Y11HCQC,23.0,23.0,23.0,23.0,23.0
B06Y15CQD9,,,,,3.0
B06Y16T81Q,,,339.0,,339.0
B06Y17BV7V,496.0,,,496.0,
B06Y1CQV9H,,,,,216.0
B06Y1GLW6V,496.0,,,,496.0
B06Y1LKLJV,,,496.0,496.0,496.0
B06Y1LT2X4,,,496.0,,
B06Y1NR31B,2393.0,,,,2393.0
B06Y1P55TD,,,,,5.0
B06Y1T5T54,,,,,301.0
B06Y1TN251,,195.0,195.0,195.0,195.0
B06Y1V8H4T,2393.0,,,,2393.0
B06Y1VD46S,,,,58.0,
B06Y1WRZ4H,217.0,217.0,,,217.0
B06Y21Y5SX,,,,,168.0
B06Y21ZWVY,,,,,3.0
B06Y24N2T8,,681.0,681.0,681.0,681.0
B06Y26VXGW,40.0,,,,
B06Y271G1K,,,,,866.0
B06Y272V4K,1766.0,1766.0,1766.0,1766.0,1766.0
B06Y27NHR9,,,,,2.0
B06Y283R18,,,247.0,,247.0
B06Y28BZM7,,,,,3182.0
B06Y28HD36,1237.0,,1237.0,1237.0,1237.0
B06Y2F3NSS,,237.0,,237.0,237.0
B06Y2F8JP7,211.0,,211.0,,211.0
B06Y2HZFWZ,,,,,4.0
B06Y2J7X5S,,,,,9.0
B06Y2JG3PB,,,285.0,,285.0
B06Y2JQPT7,,,,,52.0
B06Y2KM5QX,,191.0,191.0,,191.0
B06Y2NSVWF,,,,247.0,247.0
B06Y2PCNQS,10.0,,,,
B06Y2PYM7P,,,,,14.0
B06Y2RN451,,,24.0,,
B06Y2YCDBS,6164.0,6164.0,6164.0,6164.0,6164.0
B06Y3FP3LD,2173.0,,,2173.0,2173.0
B06Y3GKHVC,1208.0,1208.0,1208.0,1208.0,1208.0
B06Y3JRNF5,,90.0,,90.0,90.0
B06Y3NWF7D,,,,,307.0
B06Y3W3RFG,,,,,3.0
B06Y3WSR9C,,,,,25.0
B06Y41GKWY,132.0,132.0,132.0,,
B06Y43VNBT,,,40.0,40.0,40.0
B06Y44X9DR,,,,,1473.0
B06Y46R9VB,10.0,,,,10.0
B06Y47C8MD,,1469.0,,,1469.0
B06Y482QHY,,,,9.0,
B06Y48D9Q9,,,,,6.0
B06Y48VWBN,,,,,14.0
B06Y4B4VS2,,,382.0,382.0,382.0
B06Y4RNBY8,,,,,288.0
B06Y4RQ474,,,,,2899.0
B06Y4S6QBF,288.0,,,,288.0
B06Y4SGFPL,,288.0,,288.0,288.0
B06Y4TKDNC,,,288.0,,288.0
B06Y52ZGJM,,,,,5.0
B06Y55Y8M5,,,,,4.0
B06Y5FYSZW,,,,,1058.0
B06Y5K58RZ,,,14.0,,14.0
B06Y5LHNR7,1359.0,1359.0,1359.0,1359.0,1359.0
B06Y5P57SM,,,,,2.0
B06Y5QWCTT,,2471.0,2471.0,2471.0,2471.0
B06Y5SFXWQ,,342.0,,,342.0
B06Y5TYY95,,,,,70.0
B06Y5V74HF,132.0,,,,
B06Y5WF58V,70.0,,,,
B06Y6168PJ,,,,46.0,46.0
B06Y61VYC1,,,,117.0,117.0
B06Y62KX5M,,,,,75.0
B06Y6BH7S3,42.0,,,,
B06Y8R9VGG,52.0,52.0,,,
B06Y8RSN8T,44.0,,,,
B06Y92B94V,11013.0,11013.0,11013.0,11013.0,11013.0
B06ZXR9SW5,,93.0,93.0,93.0,93.0
B06ZXTM197,999.0,,,,999.0
B06ZXXP2P5,,,18.0,18.0,18.0
B06ZXXVFCB,,,,,179.0
B06ZXXW1ZC,,,,,184.0
B06ZXXWTV9,,611.0,,,611.0
B06ZXY2D15,,,2081.0,,2081.0
B06ZXYZC9N,285.0,,285.0,285.0,285.0
B06ZXZ8329,,,54.0,54.0,54.0
B06ZY79S5B,,,,232.0,
B06ZY89XMN,220.0,,,,220.0
B06ZY8RSXS,,,,29.0,29.0
B06ZYHNLSG,,,,32.0,32.0
B06ZYHQDZQ,,,,,108.0
B06ZYJ18MD,,,,,8.0
B06ZYJ8XZB,,,,,8.0
B06ZYKD2K3,36.0,,,,36.0
B06ZYLYKTW,563.0,,,563.0,563.0
B06ZYNPYR2,,,,,2672.0
B06ZYR88F6,331.0,,,331.0,331.0
B06ZYRYS8C,3519.0,3519.0,3519.0,,3519.0
B06ZYSSQPX,,,,,8.0
B06ZYSYVP6,,,,8.0,8.0
B06ZYZ3GZ6,,,,,999.0
B06ZZ3CYXR,184.0,,,,184.0
B06ZZ3KS86,,,40.0,40.0,
B06ZZ3XLYW,,,,,8.0
B06ZZ3XNYD,,,,,8.0
B06ZZ3XP64,,,,18.0,
B06ZZ4HGZY,,,421.0,,421.0
B06ZZ6B5XR,471.0,,471.0,471.0,471.0
B06ZZ6CDY1,2415.0,2415.0,2415.0,,2415.0
B06ZZ6N2MS,,,,,112.0
B06ZZC7KJW,,21.0,,21.0,21.0
B06ZZD2MSS,,,,,738.0
B06ZZDC58L,,,,,8.0
B06ZZDCZN8,,,,,8.0
B06ZZFSM8J,421.0,,421.0,,421.0
B06ZZGNMYD,378.0,,,378.0,378.0
B06ZZGT3V9,,,1328.0,1328.0,1328.0
B06ZZNRKZJ,,,,,31.0
B06ZZRC8NM,,,,,257.0
B06ZZRCVCM,,,,,138.0
B06ZZW5V9S,,,,,1682.0
B06ZZY38MH,,,,,20.0
B06ZZY3JJ9,,,,58.0,58.0
B06ZZYD1HS,15.0,,,,15.0
B0711517WV,,,,,39.0
B07116DR22,,,,,70.0
B071188RRR,,,,,21.0
B07119RQ5R,,,,,67.0
B07119ZKZN,98.0,98.0,98.0,98.0,98.0
B0711BY68H,,,525.0,,525.0
B0711BY6LP,654.0,,,654.0,654.0
B0711BY79T,,,,,654.0
B0711DFHTC,293.0,,,,293.0
B0711LL6T3,,,,,27.0
B0711MLVLZ,,,,,7.0
B0711MYDWP,,,,,23.0
B0711R3H6R,,,,,8.0
B0711RTFGL,,,,482.0,482.0
B0711X8985,,,,,5222.0
B0711X89QX,10961.0,,,,
B0711X8DZM,,,4.0,,
B0711X8GHH,,,5222.0,5222.0,5222.0
B0711X8H8H,10961.0,10961.0,10961.0,,10961.0
B0711YY16Y,,,,,11.0
B0711ZYV16,,20.0,,,
B0711ZYWQW,,,,,20.0
B07121RRDR,,,66.0,,66.0
B07124VMHQ,,5.0,,,
B0713MZHBT,253.0,,253.0,,253.0
B0713SBP6R,185.0,,,185.0,185.0
B0713WGMFW,101.0,,101.0,101.0,101.0
B0713WTZDK,,,,,26.0
B0713Z21ZD,,,,,39.0
B07143DW1X,,,,154.0,154.0
B07147JK8Z,,,,,2.0
B07147K352,,,43.0,,43.0
B0714HVSX6,,,5222.0,5222.0,5222.0
B0714HVV5Z,10961.0,,,,10961.0
B0714KKW8D,,30.0,,,
B0714LK2WT,,,,417.0,417.0
B0714PN7CT,,13.0,13.0,,13.0
B0714PNPG9,,702.0,702.0,702.0,702.0
B0714QLPHK,238.0,,238.0,238.0,238.0
B0716DY396,2515.0,2515.0,2515.0,2515.0,2515.0
B0716FRYQV,7834.0,,,7834.0,7834.0
B0716HD4V1,,,,,4.0
B0716L21K8,136.0,,,136.0,136.0
B0716PSYRF,92.0,,,,
B0716QGK1W,,102.0,,,102.0
B07173N2H8,,,63.0,,63.0
B07173N5R5,,,,,63.0
B07174Z7JP,779.0,,,779.0,779.0
B0717524FW,,,,,62.0
B071759HSL,,,97.0,97.0,97.0
B071759HST,,,,,15.0
B071759J3B,,,,,14.0
B071769GTS,,20.0,20.0,,20.0
B0717738NH,,5.0,,,
B07179C19T,,,11.0,,
B07179C19V,5770.0,5770.0,,,
B07179CCP8,,,55.0,,55.0
B0717BM2KH,422.0,,,,422.0
B0717BM2KJ,44.0,,,44.0,
B0718WH4P7,95.0,,,,95.0
B0718WN37L,718.0,,718.0,,718.0
B0718X4G48,1328.0,,1328.0,,
B0718X6BSR,226.0,,,,
B0718YQRP2,69.0,,,,
B0718Z35LY,,,,,34.0
B0719184N6,,,,,109.0
B071936YQH,,,,18.0,
B071936ZBD,4832.0,4832.0,4832.0,4832.0,4832.0
B07193YWYW,,,,,64.0
B0719DTJ8D,,296.0,296.0,,296.0
B0719P6Q92,10961.0,,,,10961.0
B0719QM5ZT,,23.0,,23.0,23.0
B0719QM5ZV,,,,,352.0
B0719R6S4C,492.0,,492.0,,492.0
B0719RVQ45,12.0,,,,12.0
B0719RVSNQ,,,4.0,,4.0
B0719VX6T6,,,,,420.0
B0719VX6TF,,,,420.0,420.0
B0719X6SYM,1389.0,,1389.0,,1389.0
B071CLC7YK,,,,,93.0
B071CMS2BD,23340.0,,,23340.0,23340.0
B071CQ7X2H,28.0,28.0,28.0,,28.0
B071CQ7ZLR,820.0,,,,820.0
B071CQ8MBZ,,,9.0,,
B071CR7DC7,2672.0,,2672.0,2672.0,2672.0
B071CR7GLT,2672.0,,,,2672.0
B071CVWVJ6,,,,,93.0
B071CYS5ZZ,1033.0,,1033.0,1033.0,1033.0
B071D1RJ4W,2672.0,,,,2672.0
B071D1RKW8,,,,2672.0,2672.0
B071D4N4MM,,252.0,,,
B071DFS7TQ,,,12.0,,12.0
B071DG71QL,,,,,15.0
B071DGJHQL,,,,,71.0
B071DN89KL,,,,,104.0
B071DQ96T6,,,,12.0,
B071DRGPKL,766.0,766.0,766.0,766.0,766.0
B071DT2GC1,,,,31.0,31.0
B071DTG6FS,,,,,5.0
B071DVHVVH,1673.0,,1673.0,,1673.0
B071DWVTPP,,,,,141.0
B071F3LSTW,,528.0,,,
B071F8S4RB,,,,,372.0
B071FF9G2W,10961.0,,,10961.0,10961.0
B071FF9JRS,,,,81.0,81.0
B071FHYD2M,,,,,42.0
B071FLZW5M,,,,10.0,
B071FM1BDP,702.0,702.0,702.0,702.0,702.0
B071FNV9GN,,,,6.0,
B071FNVDQT,,,,544.0,544.0
B071FNVHP5,,,,26.0,
B071FR7F56,,,,,10.0
B071FR7F57,,,153.0,,153.0
B071FRDHC8,,,,,24.0
B071FVTMY8,204.0,204.0,204.0,204.0,
B071FX83XS,,,2510.0,2510.0,2510.0
B071G2VK7R,,,73.0,73.0,73.0
B071G37LY9,,,,,56.0
B071G382H7,,,113.0,,113.0
B071G5PJWK,,,,,1.0
B071G768Z3,1137.0,1137.0,1137.0,,1137.0
B071GC2JHX,,,,,216.0
B071GD371S,157.0,,,157.0,157.0
B071GDBX8W,,,,,1559.0
B071GDRSR3,,,,,177.0
B071GJYH9V,,,,,75.0
B071GKHDD5,,,,11.0,
B071GMT7V5,,,,,393.0
B071GMTBWZ,,,,,393.0
B071GMTH15,,,,,727.0
B071GNPW5L,,,,,291.0
B071GNQ3Z8,,,,,85.0
B071GQJGNF,5118.0,5118.0,5118.0,5118.0,5118.0
B071GQJNPX,,5118.0,,5118.0,5118.0
B071GRNN2L,,79.0,,,
B071GRNP2D,,,,,79.0
B071GSM17V,1637.0,,,,1637.0
B071GTSKGJ,2284.0,,2284.0,,2284.0
B071GVS6B2,1280.0,1280.0,1280.0,1280.0,1280.0
B071GZCSK1,,,,177.0,177.0
B071GZQCPD,,,,41.0,41.0
B071H8JGTK,,,,,17.0
B071H8V5FC,239.0,,239.0,,239.0
B071H99HXG,,43.0,,,43.0
B071HC4VSP,47.0,,,,
B071HDLHGH,,,,,67.0
B071HFB73Y,1151.0,,1151.0,1151.0,1151.0
B071HFRNBY,,,,,53.0
B071HH5X5J,,79.0,,,79.0
B071HLP7V5,,,,,13.0
B071HVGSX5,377.0,,,,377.0
B071HVL76G,,,,,14.0
B071HW4SXD,,,,,92.0
B071HXG3JN,80050.0,80050.0,80050.0,80050.0,80050.0
B071HXMTT5,1109.0,,,,1109.0
B071J13H7K,5222.0,5222.0,5222.0,5222.0,5222.0
B071J2J47P,,,,65.0,65.0
B071J2RXHF,,,,,40.0
B071J6WZ4S,14.0,14.0,14.0,,
B071J6XBC5,,,,13.0,
B071J7V7JD,,,,,492.0
B071J8QVWT,,,,,526.0
B071JC2D5G,1644.0,1644.0,,1644.0,1644.0
B071JC2FDY,2212.0,2212.0,2212.0,2212.0,2212.0
B071JCK6QK,423.0,,,,423.0
B071JDFW1L,730.0,730.0,,730.0,730.0
B071JKYFV1,,2178.0,,,2178.0
B071JPYWR4,980.0,980.0,980.0,980.0,980.0
B071JQWDF2,3612.0,3612.0,3612.0,3612.0,3612.0
B071JRN3DW,,22.0,,,
B071JRN3GF,,,,,26165.0
B071JSH6YP,174.0,,,,
B071JW16MS,,131.0,131.0,131.0,131.0
B071JW19Y4,24384.0,,,,24384.0
B071JXWJVM,,,,,1923.0
B071K1FTQ2,,298.0,,,
B071K5MBBS,16092.0,16092.0,16092.0,16092.0,16092.0
B071K5N3LW,3021.0,,,3021.0,3021.0
B071K5N3M1,,,,,49.0
B071K5YJPF,,,,8.0,
B071K5Z663,,32.0,,32.0,
B071K5Z664,10.0,,,,
B071K6SWTH,,,,,18.0
B071K8Y3H9,,,,,39.0
B071KBBPXD,,,,595.0,595.0
B071KBK8T5,5118.0,5118.0,5118.0,5118.0,5118.0
B071KBK8T6,5118.0,5118.0,5118.0,5118.0,5118.0
B071KBK8T7,5118.0,5118.0,5118.0,5118.0,5118.0
B071KBK9TL,5118.0,5118.0,5118.0,5118.0,5118.0
B071KBK9TM,5118.0,,5118.0,5118.0,5118.0
B071KBKB9P,5118.0,5118.0,5118.0,5118.0,5118.0
B071KCHMG5,,,,,97.0
B071KCNBFK,,,,,169.0
B071KGH858,341.0,,341.0,341.0,341.0
B071KGHWGL,,257.0,257.0,,257.0
B071KGJXXG,,215.0,,,215.0
B071KLC7HB,,,45.0,,45.0
B071KLQHM4,,,,53.0,
B071KMQY8L,184.0,,,,184.0
B071KTLN38,,,,,145.0
B071KTQPHH,,,,1328.0,1328.0
B071KTTVVY,,,,,475.0
B071KWBPHX,,319.0,319.0,,319.0
B071KWH868,,,,371.0,
B071KWYBZZ,11374.0,11374.0,11374.0,11374.0,11374.0
B071L1W82N,335.0,335.0,335.0,335.0,335.0
B071L2XR3S,285.0,285.0,285.0,285.0,285.0
B071L5DBG5,258.0,258.0,,258.0,258.0
B071L5YVRF,,,,184.0,
B071L7PMD1,321.0,,,,
B071LB5JTG,,,,,53.0
B071LH64FY,1062.0,1062.0,1062.0,,1062.0
B071LJ8R4G,10743.0,10743.0,10743.0,,10743.0
B071LJH2P4,,,,,2813.0
B071LKN6X6,,,,,31.0
B071LN261H,451.0,,,451.0,451.0
B071LP3KXN,,,,1076.0,1076.0
B071LSJ2QY,22.0,22.0,,,22.0
B071LSJ2TQ,,,,,841.0
B071LSJGJQ,,,,,4.0
B071LTG1PD,566.0,566.0,566.0,566.0,566.0
B071NGLL5Y,,,,,4.0
B071NLTCZD,1495.0,,,,
B071NRY55X,,,,,8.0
B071NSJMT5,114.0,,,114.0,114.0
B071NX5DGD,,,,,24.0
B071P3RF7M,7834.0,7834.0,,7834.0,7834.0
B071P458C8,,,,,210.0
B071P596TV,,,,,21.0
B071P6D4R3,5222.0,,,5222.0,
B071P7GZNK,,,,,85.0
B071P7TF9J,31.0,,,,31.0
B071P7TF9K,,49.0,,,
B071P7V2M7,257.0,257.0,257.0,257.0,257.0
B071P8RMDJ,,,,,432.0
B071P94CCF,,,,,41.0
B071P94CCG,,,,,42.0
B071P94CCJ,,,,,23.0
B071P94D19,,,,,11.0
B071PCJQ9C,,,,,356.0
B071PD56R3,,,,,1694.0
B071PD56SC,,15.0,,,15.0
B071PD5LBH,,,,,576.0
B071QY7MLB,75.0,75.0,75.0,75.0,75.0
B071R2926M,,,,2471.0,2471.0
B071R2SNG6,,,,,292.0
B071R4NP1V,,230.0,230.0,230.0,230.0
B071R586VC,,,101.0,101.0,101.0
B071R5PDMT,,,,,421.0
B071R8TNF4,,,,,999.0
B071RD5R5R,,48.0,,,
B071RG1HNV,421.0,,,421.0,
B071RKMLMJ,,,,,226.0
B071RM9FGQ,,7.0,,,
B071RMH7PK,,,,,714.0
B071RR9497,156.0,156.0,156.0,156.0,156.0
B071RRN9SR,,39.0,,39.0,39.0
B071RRZC8G,,,62.0,62.0,62.0
B071RSFSY3,,,,,147.0
B071RSRHBV,,,,31.0,
B071RY4HM5,,,,8.0,
B071RZDNVQ,4996.0,4996.0,4996.0,4996.0,4996.0
B071S1Q58V,,,,,285.0
B071S36BY3,53.0,,,,
B071S5RJ7P,,23.0,,,
B071SCTTK3,,,,,216.0
B071SCTTRQ,181.0,181.0,,,
B071SF9W8W,,,36.0,36.0,36.0
B071SG1X3L,293.0,293.0,,,293.0
B071SH3692,,,,,92.0
B071SKNZ1M,,,,,22.0
B071SLPBCD,,,636.0,,
B071SM2VL3,,,,,459.0
B071V63VDK,,,,,145.0
B071V647FW,,,145.0,,
B071V6LPPC,,,,,145.0
B071V76QLR,131.0,,,,
B071V7KJ29,,,,295.0,295.0
B071V7ZF14,,,,,78.0
B071VBTPJB,,,,,13.0
B071VCKY4Y,,,,287.0,
B071VD1TF9,64.0,,64.0,64.0,64.0
B071VN19BR,,17.0,,,
B071VSZP6F,,68.0,,68.0,68.0
B071VVZFQ6,,68.0,,,68.0
B071VY8N1V,5222.0,,,,
B071VY8N23,5222.0,,5222.0,5222.0,5222.0
B071VY8TQS,,,,,10961.0
B071VY8W2J,,,,289.0,289.0
B071VY8WG8,,,,133.0,133.0
B071VY8X31,,,,308.0,
B071VZZ4SQ,,,,,18.0
B071W51WRZ,,23.0,,,23.0
B071W51X21,,,23.0,,23.0
B071W6B7QS,5371.0,5371.0,5371.0,,5371.0
B071W6W8W5,,,,,17.0
B071W6WDTL,,,,,562.0
B071W6WPJT,,4.0,,,
B071WLXJ1C,,,,,73.0
B071WPHDFY,,,,,1.0
B071WPQPYG,,,,38.0,38.0
B071WT2DVR,,,,,50.0
B071WXCB53,,32.0,,32.0,32.0
B071WXKTJ8,138.0,138.0,138.0,138.0,138.0
B071WY1MG9,,,,,835.0
B071X3P6XZ,,1229.0,1229.0,1229.0,1229.0
B071X3PC1S,397.0,397.0,,397.0,397.0
B071X3PCR1,,,,136.0,136.0
B071X3PR6R,,38.0,,,38.0
B071X43FHF,,,,,5.0
B071X691JK,23.0,,,,
B071X6V2R4,,,,,116.0
B071X8LMC9,5118.0,5118.0,5118.0,5118.0,5118.0
B071X8LZZL,5118.0,5118.0,5118.0,5118.0,5118.0
B071X8LZZM,5118.0,5118.0,5118.0,5118.0,5118.0
B071XCZZ2R,,,,43.0,43.0
B071XK7HY3,2521.0,,,,2521.0
B071XKV2GZ,184.0,,,,
B071XQVM1C,,,,,999.0
B071XWF77R,,,,,1846.0
B071Y42YLX,,,,,16.0
B071Y4V5X8,,,,,18.0
B071Y5D4TL,235.0,235.0,235.0,235.0,
B071YF5GG3,,,,395.0,
B071YFFV55,,,,,36.0
B071YJQ6FN,,,,,440.0
B071YLQTKK,803.0,,803.0,,803.0
B071YN9F7J,,,,,145.0
B071YNDMP8,,,,145.0,
B071YNMDVL,,,,,31.0
B071YQLJJ1,241.0,241.0,,,241.0
B071YSN1RC,,,,,38.0
B071YSYFRM,,,,,146.0
B071YSYSJS,,,,,24.0
B071YZMK8G,,,,,92.0
B071Z1C542,3182.0,,,,3182.0
B071Z1KZ3K,,,,,4996.0
B071Z3JLPL,268.0,268.0,,268.0,268.0
B071Z4HJ42,243.0,,,,243.0
B071Z88F6S,254.0,254.0,,254.0,254.0
B071ZBJPH7,7988.0,7988.0,7988.0,7988.0,7988.0
B071ZCBDQ8,,,,,15.0
B071ZG5S65,,,,26.0,
B071ZGTF3N,,,1076.0,,1076.0
B071ZHY91L,91.0,,91.0,91.0,91.0
B071ZHY91M,,37.0,,,37.0
B071ZKWK62,,,,,21.0
B071ZMYTT8,,,,63.0,63.0
B071ZQC8FJ,,,,139.0,139.0
B071ZSSSH3,70.0,,,,70.0
B071ZWJRN2,,,,,10.0
B071ZWJWPC,21.0,,,,21.0
B07214KQPM,,,,9.0,
B07214TRD4,,,,3.0,3.0
B07214TRYR,,,,,9.0
B07214TVJ6,,,,,6.0
B072167CND,,300.0,,,300.0
B0721874KT,277.0,,277.0,277.0,277.0
B07219N8H9,1256.0,,,,1256.0
B0721CGQ7K,727.0,,,,727.0
B0721CM226,,,,,835.0
B0721D1QK4,154.0,,154.0,154.0,154.0
B0721JNW1F,,,,211.0,211.0
B0721JSC1Q,88.0,,88.0,,88.0
B0721KZSQD,,,,,383.0
B0721LZTRS,,,,,1559.0
B0721RQQPN,,,,,23.0
B0721YJ13B,,,,58.0,58.0
B0721YK5JY,80050.0,80050.0,80050.0,80050.0,80050.0
B072235YJN,,,,,74.0
B07223B9CB,,,,,614.0
B072265QG9,999.0,999.0,999.0,999.0,999.0
B07229BG2F,15597.0,15597.0,15597.0,,15597.0
B0722C5KGQ,70.0,,,,
B0722GDSL6,,,,,526.0
B0722LYC4L,,,,,332.0
B0722M6NN3,1365.0,1365.0,1365.0,1365.0,1365.0
B0722R5W88,323.0,,323.0,,323.0
B0722S7V25,,,,50.0,
B0722SZH7V,,,,,114.0
B0722X8GR4,635.0,,,,
B07234R4RH,,,,,31.0
B07236HZ7S,,,1412.0,,
B07238RPPC,,,,,1170.0
B0723B6RXV,,,,34.0,34.0
B0723GGB4Z,,,18.0,,18.0
B0723GGB5L,,,10.0,,10.0
B0723GGP39,,,,246.0,246.0
B0723GGP44,,,,,89.0
B0723GS93Z,,,,,505.0
B0723H7NBW,,,,,7.0
B0723HDXCT,,258.0,,,258.0
B07254NKTQ,,,,,231.0
B07254WX6Z,,,,,70.0
B07255WCLC,710.0,710.0,710.0,,710.0
B07258QNGG,,,,,42.0
B072592GJ4,,1151.0,,,1151.0
B07259Q345,,,,,393.0
B0725GYPC9,4035.0,4035.0,,,
B0725HYQ9N,1425.0,,,,
B0725QB148,176.0,,,,
B0725VJ8GT,,,,,15.0
B0725VJFJP,,10961.0,10961.0,,10961.0
B0725VJHZ2,,,,,653.0
B0725VRL1S,,8.0,,,
B0725W1D66,,,,505.0,505.0
B0725WZF76,21.0,,21.0,21.0,21.0
B0725WZF78,,,,,26.0
B0725WZF79,26.0,,,,
B0725WZRJ1,,,,352.0,352.0
B0725XW875,,,432.0,432.0,432.0
B0725XWF6R,15584.0,15584.0,15584.0,15584.0,15584.0
B0725YJGSP,80050.0,80050.0,80050.0,80050.0,80050.0
B07261B1DP,,,,,1.0
B07261Z8KW,,,,,12.0
B07262CKLR,,,183.0,,183.0
B0727MNR6Q,,,,,549.0
B0727PXX7J,,,,,19.0
B0727V1DWR,,,7.0,,
B0727VDTK7,,,,,44.0
B0727W6LCT,,,,,1463.0
B0727WDW3W,,,,,835.0
B0727WH7FK,,,,,2.0
B0727YMM1P,58.0,,,,
B07287STG8,60.0,,,,60.0
B07289ZTWT,,,,,8.0
B0728F7WVD,15.0,,,,
B0728F86X2,,,,,28.0
B0728F86XC,,,,,4.0
B0728F8SYC,,288.0,288.0,288.0,288.0
B0728J1V5T,,,18.0,,
B0728JNNYS,128.0,,,,
B0728MLYPN,,30.0,30.0,30.0,
B072BH5DM1,,,,,78.0
B072BHZ41J,18.0,18.0,18.0,18.0,18.0
B072BMYL3K,289.0,289.0,289.0,289.0,289.0
B072BMYQDX,597.0,597.0,597.0,597.0,597.0
B072BWX9TP,,,,,43.0
B072BYWFW8,,,511.0,,511.0
B072BYXFV9,,,,,262.0
B072C11X7N,,,,,28.0
B072C12STP,,,,,40.0
B072C2W1BW,,,,,2282.0
B072C3KZ47,,,,,16.0
B072C3KZ48,,579.0,579.0,,579.0
B072C3LDMH,45.0,,45.0,45.0,45.0
B072C3LKV1,,,,,65.0
B072C3LKV2,,,,,88.0
B072C4GT6P,3090.0,3090.0,3090.0,3090.0,3090.0
B072C59RGK,,,,,15.0
B072C5N4L5,,,62.0,62.0,62.0
B072C7X3KS,,,,,106.0
B072C7X3LR,,,,183.0,183.0
B072C7X3SG,,,,,2.0
B072C7X3XV,,6.0,,6.0,6.0
B072C7X888,,7.0,,,
B072C7ZJQ7,912.0,,912.0,912.0,912.0
B072DVM5J1,,,,,18.0
B072DVM5J4,,,,,40.0
B072DY4FFX,439.0,,439.0,,439.0
B072F1WTS7,,,60.0,,60.0
B072F3G1YZ,83.0,,,,83.0
B072F3GRT3,,,,,28.0
B072F5H9LY,184.0,,,184.0,184.0
B072F9146R,,,,,8.0
B072FHWZ8Y,,,,,92.0
B072FKH3W9,,,,1460.0,1460.0
B072FLQG1Y,,,,310.0,310.0
B072FP6B8S,,,,,108.0
B072FPLF7W,,,536.0,,536.0
B072HGFHHP,,,,,1328.0
B072HMTR75,,,9.0,,
B072HT5R8P,121.0,,,121.0,121.0
B072HX5ZZS,80050.0,80050.0,80050.0,80050.0,80050.0
B072HXLDKF,22.0,,,,
B072J6F3FW,,,,,40.0
B072J7ZKDZ,766.0,,,766.0,766.0
B072J8YCW2,,,,,7.0
B072J8YCW3,,295.0,,,295.0
B072JF81KQ,32.0,,32.0,32.0,32.0
B072JF9QL6,19.0,,19.0,19.0,19.0
B072JF9QLX,,6.0,,6.0,
B072JFZ4D1,,,1352.0,1352.0,1352.0
B072JH4QJQ,84.0,,,,84.0
B072JHQSB6,,,690.0,,690.0
B072JKWHDB,51.0,,,,
B072JKZ7K3,387.0,387.0,387.0,,387.0
B072JL6RV6,,,,,677.0
B072JP4KP6,211.0,,,211.0,211.0
B072JSHZTB,,5371.0,,,5371.0
B072JZ2YTL,,,,,1.0
B072JZ2Z1L,,,,,1.0
B072JZ4HX9,,,,1.0,
B072K2K228,,,,,146.0
B072K2KNP1,,,149.0,,
B072K7WH88,,33.0,,,
B072KD51LT,,,,,49.0
B072KGD4WF,,727.0,,,727.0
B072KGDPBF,,,,,1559.0
B072KGF2P6,393.0,,,,
B072KK24KV,5118.0,5118.0,5118.0,5118.0,5118.0
B072KK24KW,33.0,,,33.0,33.0
B072KK25FM,5118.0,5118.0,5118.0,5118.0,5118.0
B072KK2GL6,5118.0,5118.0,5118.0,5118.0,5118.0
B072KK2LXH,5118.0,,5118.0,5118.0,5118.0
B072KK2PS8,5118.0,5118.0,5118.0,,5118.0
B072KL6RMN,,,79.0,,79.0
B072KL78RY,,79.0,,,79.0
B072KNS64G,,,5.0,,
B072KW7G22,,,,,214.0
B072KWXZJN,,206.0,206.0,206.0,206.0
B072KWYC94,258.0,258.0,258.0,258.0,258.0
B072L16TPN,,,,,42.0
B072L26L3D,,,,,25.0
B072L3MCQL,,,,,54.0
B072LD8K2B,,,,,31.0
B072LDPBY6,,,,,18.0
B072LGSKTN,80050.0,80050.0,80050.0,80050.0,80050.0
B072LN2Y9X,,,,,151.0
B072LTBB3N,,,,,1159.0
B072LVRL2D,,14.0,,,
B072LVS2ND,40.0,40.0,40.0,40.0,
B072LXVSS8,,,,,71.0
B072M13GJW,,,576.0,,576.0
B072M13GK5,100.0,,100.0,,100.0
B072M2XL6X,600.0,,600.0,600.0,600.0
B072M2XVKJ,1.0,,,,
B072M5BDM3,,,,189.0,189.0
B072M5C7CB,,,274.0,274.0,274.0
B072M5CL8Q,,,,,33.0
B072M5FW9N,705.0,705.0,705.0,705.0,705.0
B072M5J4WT,335.0,,,,335.0
B072M6QDFV,,,147.0,147.0,147.0
B072M7VNHG,,,7.0,,
B072MC488V,850.0,850.0,850.0,850.0,850.0
B072MH3TBD,,39.0,39.0,39.0,39.0
B072MK2FKQ,,75.0,75.0,,75.0
B072MK7BN2,13779.0,,13779.0,13779.0,13779.0
B072MK7BN7,,,,,6009.0
B072MKG8YK,20.0,,,,20.0
B072MKLQPL,,2.0,,,
B072ML9P6L,,,,,174.0
B072MM33VQ,,,,,310.0
B072MNCCTJ,,,,,154.0
B072MP29TM,,,,207.0,207.0
B072MTFGSJ,,,146.0,,146.0
B072MTHM17,,,3.0,,
B072MTQ6R6,,212.0,212.0,,212.0
B072MTS8VQ,3125.0,3125.0,3125.0,3125.0,3125.0
B072MZ9R6M,,,41.0,,41.0
B072N26J94,,,,,393.0
B072N2Q18D,,,,576.0,576.0
B072N4VJ4H,,5118.0,,,5118.0
B072N6JKLB,,408.0,,,408.0
B072N823Y8,,25.0,,,
B072NDG385,,,,54.0,54.0
B072NGQHRQ,214.0,,,214.0,214.0
B072NNC2LR,3200.0,3200.0,3200.0,3200.0,3200.0
B072NY143X,,1328.0,,,1328.0
B072NZL61C,,,,,26.0
B072P6NVHG,,,,,835.0
B072P6TW5M,,,,,60.0
B072PCY6R8,2960.0,2960.0,2960.0,2960.0,2960.0
B072PT8M84,80050.0,80050.0,80050.0,80050.0,80050.0
B072PVWWMQ,,,,,33.0
B072PZ69FM,543.0,543.0,543.0,543.0,543.0
B072Q4F954,,,465.0,465.0,465.0
B072Q6917T,10.0,,,,
B072QDWBDT,,,,,2.0
B072QW8NKV,95.0,,,,95.0
B072QY7664,,,,,393.0
B072QYRFK8,,,,,393.0
B072QZY6BT,,,1637.0,,1637.0
B072R3QN8S,86.0,,86.0,86.0,86.0
B072R3QN8T,5118.0,5118.0,5118.0,5118.0,5118.0
B072R55FB4,,,,,79.0
B072VS3MW5,,,,,1797.0
B072VS7C8Y,,,1797.0,1797.0,1797.0
B072WCC7HB,,,118.0,118.0,118.0
B072X7MB1R,,,,,7.0
B072X8HMTG,,,,11.0,
B072XKMK85,,,428.0,,428.0
B072YQPXY2,5.0,,,,
B072YWSJG7,74.0,74.0,,,74.0
B072YY84KK,,,,,13.0
B072YZ8V92,918.0,918.0,918.0,918.0,918.0
B072Z3MSF4,,,,,18.0
B072Z3PGLD,,,,18.0,18.0
B072Z3VTQN,,,21.0,,21.0
B072Z5ZZX9,40.0,,,,40.0
B072ZN814N,,,,413.0,413.0
B0731CB8FD,,,110.0,110.0,110.0
B0731L5KYN,,180.0,180.0,180.0,180.0
B0731MSM8K,,50.0,50.0,50.0,50.0
B0733HNJZY,,,,,10.0
B0735YBY6H,,,,,67.0
B07362P9QD,24.0,,,,
B0736DBMCK,,,,,46.0
B0736W3NHZ,,,,,78.0
B0736Y5VLS,,,,29.0,
B0736YP9VH,,,,1109.0,1109.0
B073BLYD7D,52.0,,52.0,52.0,52.0
B073BP542L,,,,,352.0
B073BPZ82Y,52.0,,52.0,52.0,52.0
B073BR5XKJ,,,,81.0,81.0
B073BRKKV8,52.0,,52.0,52.0,52.0
B073BRZNDG,301.0,301.0,301.0,301.0,301.0
B073BSL7TP,490.0,490.0,490.0,490.0,490.0
B073BTKT6Z,249.0,249.0,249.0,249.0,249.0
B073BTMWDV,,,,,50.0
B073BTPXZY,,,,112.0,112.0
B073BTWHCX,336.0,336.0,336.0,,336.0
B073C46MZ3,,,,2521.0,2521.0
B073C7DRDQ,,,,,22.0
B073CLJ9H1,,79.0,79.0,79.0,79.0
B073CV77MP,,387.0,,,387.0
B073CVSWNL,,,,,74.0
B073CWSQ51,62788.0,62788.0,62788.0,62788.0,62788.0
B073CXLJW1,,,,36.0,36.0
B073CZ5M4G,102.0,,102.0,,102.0
B073DC69S6,2087.0,2087.0,2087.0,2087.0,2087.0
B073DDB8B6,1174.0,,,,1174.0
B073DFZ7XF,2062.0,2062.0,2062.0,2062.0,2062.0
B073DG6ZC5,,,,72.0,72.0
B073DJGMV4,,,30.0,30.0,30.0
B073DYG5GJ,,119.0,,,
B073G89MPQ,195.0,,195.0,,195.0
B073GQJ1DW,1144.0,1144.0,1144.0,1144.0,1144.0
B073GQLQ1X,121.0,,121.0,121.0,121.0
B073GWGQZC,,,,,505.0
B073GXM61K,,,,25.0,
B073H7ZQJT,3121.0,3121.0,3121.0,3121.0,3121.0
B073HF6LPC,,,134.0,134.0,134.0
B073HQ66VM,,,,,19.0
B073HXVG2L,,,,2521.0,2521.0
B073M34FFD,35.0,,35.0,,35.0
B073MF4X3K,297.0,,,,
B073MW3F3N,,,,,5.0
B073N8LL1V,,567.0,567.0,,567.0
B073NZZ378,,,,,20.0
B073PFDR6D,351.0,,,,351.0
B073PFRYDD,,,,351.0,
B073PGGCQC,352.0,,,,352.0
B073PVBXJ4,,16.0,,,
B073PWX5C4,521.0,,,,521.0
B073Q1RBC7,,,,156.0,156.0
B073Q3CPYH,15584.0,15584.0,,15584.0,15584.0
B073Q3LJ52,,,,,102.0
B073QNBBC1,,,,260.0,260.0
B073R4YK8F,1163.0,1163.0,,1163.0,1163.0
B073R5ZTWV,148.0,,,,
B073R61HRQ,,,148.0,148.0,148.0
B073R6D89T,,,,,148.0
B073R6KJLS,148.0,,,,148.0
B073R7CD4F,107.0,,,,107.0
B073RNND2N,,,,,155.0
B073RQ57YK,,3006.0,,,3006.0
B073RRTZ66,126.0,,,126.0,126.0
B073RS8SW2,1381.0,,,,1381.0
B073RTMJB1,342.0,,,342.0,342.0
B073RTPD5V,,556.0,556.0,556.0,556.0
B073RTRW3F,,,,,219.0
B073RV3417,,176.0,,176.0,176.0
B073RV34FG,,,,,410.0
B073S6J47K,,,,,10.0
B073SB9JWB,,,,,108.0
B073SD1LYP,,,,,17.0
B073SS6DGS,,,34.0,,
B073SSNN42,,,,,7.0
B073SSPCNX,,,3.0,,
B073ST3V3C,,,34.0,34.0,
B073ST7ZWQ,,,,,34.0
B073SX8CPX,194.0,,194.0,,
B073SXQJX4,281.0,,,281.0,281.0
B073SYN8HG,,327.0,,,327.0
B073T7NK87,,,,,1309.0
B073TF8D2D,,,,60.0,
B073TVY2NS,,,,,277.0
B073TWT7DM,,70.0,70.0,70.0,70.0
B073V9457C,6572.0,6572.0,6572.0,6572.0,6572.0
B073V9VZFF,,,,,1980.0
B073VGX426,,,,,6.0
B073VJDNMS,,,,,178.0
B073VMG8TG,,,,26.0,
B073VNVG54,851.0,,,,851.0
B073VNVYH5,,,,,56.0
B073VPXX8D,,,,147.0,147.0
B073VQHTQC,,,,,39.0
B073VT13M7,,,,,1197.0
B073VYJTD5,10360.0,10360.0,10360.0,10360.0,10360.0
B073WG8DV9,,433.0,,,433.0
B073WG8S44,,,,,41.0
B073WGMJLG,,,,,41.0
B073WGNMM1,2843.0,2843.0,2843.0,2843.0,2843.0
B073WH1Z33,,62.0,,62.0,62.0
B073WJ21K5,,,,38.0,
B073WJXVRD,,,374.0,,374.0
B073WLQ6LV,,,,,1238.0
B073WXJKK8,271.0,,,,271.0
B073WYP6VJ,,,,1579.0,1579.0
B073WZN1BF,460.0,,,460.0,460.0
B073X6NWC7,6137.0,6137.0,6137.0,6137.0,6137.0
B073Z3DR5P,,,,,121.0
B073Z4SRWJ,,,181.0,,181.0
B073ZJLF1H,12470.0,12470.0,12470.0,12470.0,12470.0
B073ZLL43C,,17.0,,17.0,17.0
B073ZMC3CH,,,,,49.0
B074129Y3L,,,92.0,,
B07418CX6K,,,2.0,,
B07419DF3H,249.0,,249.0,,249.0
B07419YDWW,,,,249.0,249.0
B0741BYML6,4046.0,4046.0,4046.0,4046.0,4046.0
B0741C3NLP,3815.0,3815.0,,3815.0,3815.0
B0741C9WP2,580.0,,580.0,580.0,580.0
B0741F9SDP,,,,,489.0
B0741G5NPK,700.0,700.0,,700.0,700.0
B0741GNF94,,,928.0,928.0,928.0
B0741TXCQD,,9418.0,9418.0,,9418.0
B0742C9CSL,53.0,,,,
B0742L2JF6,4996.0,,,,
B0742NXVYN,,,,,429.0
B074396M5Y,828.0,828.0,828.0,828.0,828.0
B0743HGJRS,243.0,,,,243.0
B0743J14BT,,45.0,,45.0,45.0
B0743JGMVB,,,41.0,41.0,41.0
B0743JSPSK,,55.0,55.0,55.0,55.0
B0743JTZ9S,,,,45.0,45.0
B0743K3C95,,,,,45.0
B0743KK19F,49.0,,49.0,49.0,49.0
B0743SRC82,298.0,,,,298.0
B0744DQ332,,,,,6.0
B0744HZXFD,1558.0,,1558.0,1558.0,1558.0
B0744QLRCG,,,,,15.0
B0744QZ8P7,,,,,23460.0
B0744W3LYH,,77.0,,,77.0
B0744WHDW6,219.0,,219.0,219.0,219.0
B0745T3PFP,,,31.0,,31.0
B0745TQV7V,5222.0,5222.0,,5222.0,5222.0
B0745V27S4,,,,823.0,823.0
B0745VK2DS,457.0,,,457.0,457.0
B0745VN4LZ,,,,,823.0
B0745WDN7T,,,,,20.0
B0745WDN85,,,,,11.0
B0745WR6NR,,1068.0,,,
B0745X6KFF,,457.0,,,457.0
B0745XZKJQ,,,,217.0,217.0
B0745Y39PQ,2468.0,,,,2468.0
B0745YRQBZ,,,,,1068.0
B0745YZPMK,,,,,725.0
B0745Z5R22,823.0,,,,823.0
B07461Q535,,,,,1068.0
B07461WDY5,9342.0,,9342.0,,9342.0
B07462J1P8,,,823.0,,823.0
B07467NLCQ,,,,,22.0
B074684HTM,,,,,14.0
B0746FHT1C,,,27.0,,
B0746G3S2N,158.0,,,158.0,158.0
B0746G3S2P,125.0,,125.0,,125.0
B0746GQV6V,,,,,1494.0
B0746SJ3K8,365.0,,365.0,365.0,365.0
B0746V7W5Z,,705.0,,,705.0
B0746V8ZQX,423.0,423.0,423.0,,423.0
B0746VB8MR,492.0,,,,
B0746VK8RB,566.0,566.0,566.0,,566.0
B0746VPRYH,,,468.0,,468.0
B0746VPRYP,263.0,263.0,,263.0,263.0
B0746VPRYW,414.0,414.0,414.0,414.0,414.0
B0746VPRYX,583.0,,,583.0,583.0
B0746VVWW5,,,984.0,984.0,984.0
B0746VVWX5,3285.0,3285.0,3285.0,3285.0,3285.0
B0746VZX23,698.0,698.0,698.0,698.0,698.0
B0746VZZ43,117.0,117.0,117.0,,117.0
B0746W2N8D,,,,239.0,239.0
B0746W5MB5,,2520.0,,2520.0,2520.0
B0746W5MB8,3354.0,3354.0,3354.0,3354.0,3354.0
B0747R47QP,,58.0,,58.0,
B0747VD5RG,642.0,642.0,642.0,642.0,642.0
B0747W1XYQ,,,123.0,123.0,123.0
B0748DHRVG,151.0,,151.0,,151.0
B0748HNMDS,1365.0,1365.0,1365.0,,1365.0
B0748JMYKL,25.0,,,25.0,25.0
B0748NYD1Q,,666.0,,,666.0
B0748Q4NCW,,,,,26.0
B0748S2RLH,,,602.0,602.0,602.0
B07491LTX3,1355.0,,,,1355.0
B0749RLPBN,,,,,93.0
B0749RW1NJ,321.0,321.0,,,
B0749S7XPB,,,,85.0,
B074BG9BP1,,,,,235.0
B074BGZF1G,,,,,246.0
B074BGZNPT,,,,,45.0
B074BM3882,1696.0,,1696.0,,1696.0
B074BM9DG6,,180.0,,,
B074BZFDCQ,,1717.0,1717.0,,1717.0
B074C6VWR3,,,,,13.0
B074CG9HF9,,39.0,,,39.0
B074CJPLPP,,328.0,328.0,328.0,328.0
B074CLLP9H,,,,,99.0
B074CMD5C8,,,,,76.0
B074CQD3SK,,,,,65.0
B074CQJ4B8,407.0,,,,407.0
B074CQJ4BQ,,,,,646.0
B074CQN74F,15.0,,15.0,,
B074CQNBGY,,,,156.0,156.0
B074CQPYSX,,,,,67.0
B074CQZMMN,65.0,,,,65.0
B074CR27R8,,,,156.0,156.0
B074CR32L8,362.0,362.0,,,362.0
B074CR32L9,362.0,,,,362.0
B074CR4Y1P,,,65.0,,
B074CR8C62,646.0,,,,646.0
B074CR8C6D,,646.0,,646.0,
B074D3TD3H,152.0,152.0,152.0,152.0,152.0
B074D6JTJB,,,335.0,,335.0
B074D6N2B1,336.0,,336.0,,336.0
B074D6PB4S,2.0,,,,
B074D6SJBD,,,,,421.0
B074D6VDQ8,,,,5.0,
B074D6VLLX,,,,,112.0
B074D6WCF9,,,26.0,26.0,26.0
B074D6XD1P,7.0,,,,7.0
B074D72QTS,,1648.0,,1648.0,1648.0
B074D79D57,,,110.0,110.0,110.0
B074D79QFH,,,102.0,,102.0
B074D7DPBS,,,20.0,20.0,20.0
B074D7FFSY,,23.0,23.0,23.0,23.0
B074D7JFDG,,217.0,,217.0,217.0
B074DCW59Y,730.0,,730.0,730.0,730.0
B074DK734G,9232.0,9232.0,9232.0,9232.0,9232.0
B074DZWLTT,,,,,9.0
B074FBHF81,,,,,228.0
B074FCW73W,,,110.0,,110.0
B074FFY9LX,,,,,195.0
B074FXXQ4W,38.0,,,,38.0
B074G21ZDK,,,,,93.0
B074G3878S,,,,25.0,
B074G45XXP,986.0,986.0,986.0,986.0,986.0
B074G4J1KK,3612.0,3612.0,3612.0,,3612.0
B074G4K4KD,480.0,480.0,,480.0,480.0
B074GSWKRH,,,,,239.0
B074GX619Q,,5921.0,,,5921.0
B074HCF4TD,,53.0,,,53.0
B074HDPQFG,176.0,176.0,176.0,176.0,176.0
B074HXFZCZ,,,9227.0,,9227.0
B074J883VB,,,,,110.0
B074J9XF5W,,54.0,54.0,54.0,54.0
B074JDHXCW,,74.0,,,74.0
B074JFBWPS,39.0,,39.0,39.0,39.0
B074JFPP99,,,,,2487.0
B074JFRZGR,2487.0,,,,2487.0
B074JG2L8G,,,,,2487.0
B074JG9ZK7,,2487.0,,,
B074JGD8LH,17891.0,17891.0,17891.0,17891.0,17891.0
B074JGMLQ2,2487.0,2487.0,2487.0,2487.0,2487.0
B074JGNDLX,,,,,2487.0
B074JGNNG9,2487.0,,,2487.0,2487.0
B074JGNV42,,,,,2487.0
B074JGWBPH,,,2487.0,,2487.0
B074JGWN95,,,,,2487.0
B074JGXSQN,2487.0,2487.0,,,2487.0
B074JGZ1R5,,,,,2487.0
B074JGZPRV,,,2487.0,,2487.0
B074JH1FGZ,,,2487.0,,
B074JH1N7G,,,,,2487.0
B074JH2Y3H,,,2487.0,,2487.0
B074JH3HYK,,,2487.0,2487.0,2487.0
B074JH619D,,,,151.0,151.0
B074JHBF8B,,,,2487.0,2487.0
B074JHDFTK,2487.0,,,,
B074JHDJWT,2487.0,,,,
B074JHFXBM,2487.0,,2487.0,,2487.0
B074JHXX6T,,,2487.0,,2487.0
B074JHYQ3H,,,,,65.0
B074JJ1D13,,,,,29.0
B074JLZWD3,,,,,2487.0
B074JXVVW3,864.0,,,,864.0
B074K3ND6G,,,,,86.0
B074K5CC5J,,,,,31.0
B074K6JPDQ,,,,,12.0
B074K6NT4R,,,,,54.0
B074K6Z3TL,11.0,11.0,11.0,11.0,11.0
B074KBT2NM,,,,119.0,
B074KGBYVT,,,,548.0,548.0
B074KHRD13,,,,118.0,118.0
B074KJ5KZL,,,,,676.0
B074KJ5KZR,,,,227.0,
B074KJ5KZS,,,,,29.0
B074KJD8ZS,,,,28.0,28.0
B074KKSRLR,320.0,,,,
B074KLM9P7,,,,380.0,
B074KM2XL5,,,,,406.0
B074KPMNVG,14436.0,14436.0,14436.0,14436.0,14436.0
B074KXL36L,808.0,808.0,808.0,808.0,808.0
B074L9Y33V,,,,,5.0
B074LCGVGX,,,,,438.0
B074LCKKZB,,,,,10.0
B074LDG38G,,,,,30.0
B074LFM6RW,,573.0,,,573.0
B074LFRT81,2.0,,,,
B074LFRT82,,,,1751.0,1751.0
B074LG3X34,,,573.0,,573.0
B074LG7VLJ,,,,,510.0
B074LWFC34,60.0,60.0,60.0,60.0,60.0
B074M8G7MG,,284.0,,284.0,284.0
B074M8QQ3Q,284.0,,,,
B074M8T7QY,276.0,,,,276.0
B074M979KH,,219.0,,219.0,219.0
B074MHKML8,,,,,30.0
B074MMJQH9,3263.0,,3263.0,3263.0,3263.0
B074MZZ3K8,,874.0,,,874.0
B074N2Y15P,874.0,,874.0,874.0,874.0
B074N3G5KQ,,,,,555.0
B074N3GBBM,,,8.0,,
B074N3HPQR,,,,,554.0
B074N3HPQS,442.0,,,442.0,442.0
B074N4H6ZR,1298.0,,,1298.0,1298.0
B074N8H8G8,,,528.0,,528.0
B074N8NVRM,787.0,,787.0,,787.0
B074N9QYKW,2006.0,,2006.0,2006.0,2006.0
B074NB46KF,76.0,,,,76.0
B074NBHYGM,142.0,,,,
B074NBJ7TM,3.0,,,,3.0
B074ND2Q9P,671.0,671.0,671.0,671.0,671.0
B074NFSZK9,,,,142.0,142.0
B074NG56HJ,,142.0,,,
B074P3T3L4,,,,,396.0
B074P4FV2B,,,26.0,26.0,
B074P52855,,,,,21.0
B074P68Q4P,,902.0,,902.0,902.0
B074P9PJWG,,570.0,570.0,570.0,570.0
B074PBD4LY,,570.0,,570.0,570.0
B074PBGRQ4,,,,,4.0
B074PBGZL1,902.0,902.0,902.0,902.0,902.0
B074PBHTQM,,,,735.0,735.0
B074PBJZ5P,,,,107.0,107.0
B074PBM1RF,,,,,9.0
B074PC4WB6,,,,,15.0
B074PG9HZF,,,,,71.0
B074PGFSXR,909.0,,909.0,909.0,909.0
B074PGTR8Q,,,,,909.0
B074PQW4NN,417.0,,,,417.0
B074PT38J3,,,45.0,45.0,45.0
B074PTK3B1,,,,,5.0
B074PTK3B2,21.0,,,,21.0
B074PTLGPD,,523.0,,523.0,523.0
B074PTVHM5,302.0,,,,302.0
B074PTXCT9,,,,,27.0
B074PTXXC2,,26.0,,26.0,26.0
B074PVN5QY,,,,,68.0
B074PVZHNW,,,,,146.0
B074PW4ZNZ,417.0,,,,417.0
B074PWKKGB,,,,,15584.0
B074PWKKGK,,1076.0,1076.0,1076.0,1076.0
B074PY3L9T,4.0,,,,
B074PZVJ62,,,,,81.0
B074Q5PQ7T,,,144.0,144.0,144.0
B074Q5QL5M,,,,,144.0
B074QJQ45M,9876.0,,9876.0,9876.0,9876.0
B074QRBJT7,48.0,,,48.0,
B074QSGK29,,,150.0,,
B074QWY365,131.0,,131.0,,131.0
B074QWY4VQ,,,,,58.0
B074R96QX9,,,,,5.0
B074RK7WMS,,,,,116.0
B074S2PY99,2835.0,2835.0,2835.0,2835.0,2835.0
B074S5P62Y,639.0,,639.0,639.0,639.0
B074SCS6MS,,,,,93.0
B074SJ9H4M,,,,310.0,310.0
B074SJNZB8,,,,,223.0
B074SV8RHZ,,,,,87.0
B074TLP41S,339.0,,,,
B074TNDJ2B,,,,221.0,
B074TPL2B2,138.0,138.0,,,138.0
B074TSDNWZ,,,,,68.0
B074TV35RH,859.0,,859.0,859.0,859.0
B074TXS5NT,,,,117.0,
B074V2YN35,,,354.0,,354.0
B074V6YKY3,,,,,291.0
B074V6ZGRN,44.0,,,,
B074V7GNWM,,,272.0,,
B074V7Z27J,291.0,,,,
B074V8127G,,,,,291.0
B074V82CX6,,,,,291.0
B074V8JXDZ,272.0,,,,
B074VBTHWQ,204.0,,,,
B074VC1X8D,1252.0,1252.0,,1252.0,1252.0
B074VDP6Q3,,,,47.0,
B074VFB46Z,,,,77.0,77.0
B074VG3WHF,2835.0,2835.0,2835.0,,2835.0
B074VKMFNG,2835.0,2835.0,2835.0,2835.0,2835.0
B074VMKRGH,,,,2835.0,2835.0
B074VQWKGX,,,,36.0,36.0
B074VSV386,2835.0,2835.0,2835.0,2835.0,2835.0
B074VWHRB3,,,69.0,,69.0
B074VWTQHC,,,,2835.0,2835.0
B074VWVBL5,2835.0,2835.0,,,
B074VX561X,2835.0,2835.0,2835.0,,2835.0
B074VZ4N9V,,,,,4.0
B074VZ5XW6,2835.0,2835.0,2835.0,2835.0,2835.0
B074VZQL1V,2835.0,,2835.0,2835.0,2835.0
B074VZVJS6,30.0,30.0,,,30.0
B074VZVLRW,,,,,7.0
B074W19TP3,,,361.0,,
B074W2CC3P,,,,,16.0
B074W2WZ9X,411.0,,,411.0,411.0
B074W6L9JQ,,,,,268.0
B074W98W8R,,,,15.0,15.0
B074W991DB,53.0,53.0,,,53.0
B074W9C412,,,,,50.0
B074WBFY2C,,,,,37.0
B074WBFY2H,,,29.0,,29.0
B074WBFY2L,37.0,,,,37.0
B074WBNH5V,,,,,26.0
B074WBNH62,,,23.0,,23.0
B074WBTFBZ,,,,,6.0
B074WBTFC4,36.0,36.0,,,
B074WCDQZF,26.0,,,,26.0
B074WFRMH3,574.0,,,,
B074WJC75Q,,,,,89.0
B074WJNK5K,,,,276.0,276.0
B074WJRLSS,,,,,57.0
B074WJTV64,,,1025.0,1025.0,1025.0
B074WJVHWN,,265.0,,265.0,265.0
B074WK7D1X,125.0,125.0,,,125.0
B074WKGXV3,5607.0,5607.0,5607.0,5607.0,5607.0
B074WLWFWM,1132.0,,1132.0,,1132.0
B074WMNDM5,39.0,,,39.0,
B074WNLK3Z,,217.0,,217.0,217.0
B074XDK794,44.0,,,,44.0
B074XG4G1L,,,37.0,,37.0
B074Y388SS,,,,,528.0
B074Y4JXSV,,1635.0,1635.0,1635.0,1635.0
B074YD3RD1,,,,,33.0
B074Z2HFBW,60672.0,,60672.0,60672.0,60672.0
B074ZB7LWJ,14208.0,14208.0,14208.0,14208.0,14208.0
B074ZBNXNR,14436.0,14436.0,,14436.0,14436.0
B074ZCH1J5,,,,,5.0
B074ZCJZNZ,,,,,14436.0
B074ZCPC11,60672.0,60672.0,60672.0,60672.0,60672.0
B074ZCR3SC,14436.0,,,14436.0,14436.0
B074ZD7KZX,60672.0,,,60672.0,60672.0
B074ZDJK91,14208.0,,,14208.0,14208.0
B074ZDJK92,,,,,27.0
B074ZFYJ2N,,,186.0,,186.0
B074ZH4GP8,,,,,60.0
B074ZJ1BFP,,58.0,58.0,58.0,58.0
B074ZKTV2L,,6.0,,,
B074ZKTXDW,,,,,7.0
B074ZLZ4PG,,,,,843.0
B074ZMDQ6N,,,,,19.0
B074ZMFMWK,19.0,,,,19.0
B074ZMJTYJ,,,8.0,8.0,
B074ZMK3D2,,21.0,,,21.0
B074ZN6P5C,,,58.0,58.0,
B074ZN8X96,727.0,727.0,,,727.0
B074ZN9XPH,,,,11.0,11.0
B074ZP1MWZ,,,,,58.0
B074ZP8M75,11.0,,,,
B074ZPRTCJ,,,,8.0,8.0
B074ZSN1WX,,,,,14.0
B074ZSRW2X,,,121.0,121.0,
B074ZTMMVD,,,,,2.0
B074ZW6P9T,,192.0,192.0,192.0,192.0
B07515F7ZM,,,186.0,,186.0
B07515T2KP,,,186.0,,
B075174JT7,,,,,186.0
B07518X6F3,3221.0,,3221.0,,3221.0
B07518X6FM,,,,8.0,
B0751FWLWV,,,,,257.0
B0751GPG5L,2.0,,,,
B0751HGVMS,,,,,102.0
B0751HTTTY,,1.0,,,
B0751HV9RZ,,,,116.0,116.0
B0751J92Q9,,,,1.0,
B0751JD1J4,,,324.0,,324.0
B0751JD1JH,,,1585.0,,
B0751JTLTW,,4.0,,,
B0751K1K3T,1151.0,1151.0,,1151.0,1151.0
B0751KTNQM,,,,,84.0
B0751KWBRX,,823.0,,,823.0
B0751LNPSB,,,,,72.0
B0751LRJJL,1151.0,,,1151.0,1151.0
B0751M2NVR,289.0,,,,289.0
B0751M2NVS,,,1585.0,,1585.0
B0751M7FTQ,48.0,,,,48.0
B0751MMCN8,,,,1766.0,1766.0
B0751MP2GQ,289.0,,,,289.0
B0751MP2H3,,,,,949.0
B0751PNLVQ,,,,,320.0
B0752JRVYS,,,,4570.0,4570.0
B0752KD3YX,,,,,9005.0
B0752V9GMX,1074.0,1074.0,1074.0,,1074.0
B0752VCGYR,1300.0,,1300.0,,1300.0
B0752VG1WN,574.0,574.0,,,574.0
B0752VXM5H,761.0,761.0,761.0,761.0,761.0
B0752WCBCJ,,463.0,,463.0,463.0
B0752WK9K4,45.0,45.0,45.0,45.0,45.0
B0752XFK1W,,1074.0,,,1074.0
B0752XFV5Q,1300.0,1300.0,1300.0,,1300.0
B0752XW9XQ,,,,,102.0
B0752Y16NW,97.0,,97.0,,97.0
B0752YYJT1,,,536.0,,536.0
B0752YZCQ7,786.0,786.0,786.0,786.0,786.0
B0752ZBMH3,1300.0,,,,1300.0
B07531NKQN,148.0,148.0,148.0,148.0,148.0
B07533DSB3,,,,,48.0
B0753531MB,1727.0,1727.0,1727.0,1727.0,1727.0
B07538H43H,,,,,95.0
B07538MMTD,,,2455.0,,2455.0
B0753944KK,,,,,2455.0
B0753D41BP,,,,,1833.0
B0753DMS32,428.0,428.0,,,428.0
B0753H4SMM,242.0,,,,242.0
B0753H83YB,,,,253.0,253.0
B0753HFBPG,,,,,150.0
B0753HMQ22,297.0,297.0,,297.0,297.0
B0753J2RY4,,,700.0,700.0,700.0
B0753JBB8K,,,,,143.0
B0753K7XD2,,,,,71.0
B07548KDF8,256.0,,256.0,,256.0
B0754K1D5X,,,,1086.0,1086.0
B0754MCTYH,,86.0,,86.0,86.0
B0754N37WF,,,,,79.0
B0754P5P1M,,,,,158.0
B0754PPV29,,,,,158.0
B0756M5DWY,49.0,,,,
B0756RC34S,44.0,,,,
B0756RRK9N,49.0,49.0,,,
B0756XHX1B,,,,,11.0
B0756XMKBN,42.0,,42.0,,42.0
B07572GF5B,,,,,24.0
B07574615X,,595.0,595.0,595.0,595.0
B07574H77S,3165.0,3165.0,3165.0,3165.0,3165.0
B075759Y5P,,,,,30.0
B07575HQZX,,,17.0,,17.0
B07575NDHY,,,,,15.0
B07575T67Y,,,44.0,44.0,44.0
B075765K6M,2772.0,2772.0,2772.0,2772.0,2772.0
B07577K96M,,1209.0,,,1209.0
B0757FSB9H,5.0,,,,
B0757N1ZDQ,,,425.0,,
B0757N8H5Y,,,,,425.0
B0757NRK38,,,70.0,,70.0
B0757PB124,,,,,14.0
B0757S21Q3,640.0,,,,640.0
B0757S5N28,640.0,,,,
B0757S5N2T,,,,59.0,59.0
B0757TFLCC,577.0,577.0,577.0,577.0,577.0
B0757TFLCT,,27.0,27.0,27.0,27.0
B0757TLHR1,,,,,51.0
B0757V32P8,,,,,640.0
B0757V9KMT,,,,,640.0
B0757VJQZN,,,,,640.0
B0757VJV44,,,,,640.0
B0757VJV45,640.0,,,,640.0
B0757W1FGG,,,,,640.0
B0757W1FGT,,,184.0,,
B0757W3PMH,,,,,425.0
B0757YQMTK,365.0,365.0,,365.0,365.0
B0757YV6K2,8.0,,,,
B0757ZLXYX,,9342.0,,9342.0,9342.0
B07581MTZD,,,,425.0,
B07582BWMT,,,,,248.0
B07584QFKQ,162.0,162.0,162.0,162.0,162.0
B07584R6HB,,,,,48.0
B07588K9V9,,,,,27.0
B07588TNYW,,365.0,,,365.0
B0758964RW,,,,,6.0
B0758B9NK6,,,,,55.0
B0758B9YKS,,,,62.0,62.0
B0758CBS24,,,,,60.0
B0758CMCXR,,,,,37.0
B0758CVV9C,,,,,10.0
B0758CW16T,,,,2.0,
B0758CX5VP,,,,,13.0
B0758CY71C,,,,,19.0
B0758D3LB4,,,42.0,,42.0
B0758D593W,,,20.0,,20.0
B0758D5952,,,,,37.0
B0758DLR6F,,,,,9.0
B0758GCBDJ,,,,,18.0
B0758GN9HL,139.0,139.0,139.0,139.0,139.0
B0758GN9HM,,,,25.0,
B0758GSVMB,32.0,,,,
B0758GYJK2,432.0,,,,432.0
B0758KRL4L,,,139.0,139.0,
B0758KZ6VK,994.0,994.0,994.0,994.0,994.0
B0758L6NTB,,,,,14.0
B0758LFDK9,,135.0,135.0,,135.0
B0758LFDKB,,135.0,135.0,135.0,135.0
B0758LFDKD,19.0,,,,
B0758LK6TR,135.0,135.0,135.0,135.0,135.0
B0758LK6TY,,,,,14.0
B0758LNB64,,,257.0,,257.0
B0758LVJMJ,443.0,443.0,443.0,443.0,443.0
B0758LZJL9,,,15.0,15.0,
B0758LZJLB,,135.0,135.0,135.0,135.0
B0758LZJLC,,133.0,133.0,133.0,133.0
B0758LZJLD,,,,,14.0
B0758LZJLF,,,551.0,551.0,551.0
B0758TZQPJ,,,,,3.0
B0759B7KGP,,,,,512.0
B0759BDWFZ,,,,,5.0
B0759HJPHN,,,,,24.0
B0759HXZVC,1723.0,1723.0,1723.0,1723.0,1723.0
B0759J2N9Z,874.0,874.0,874.0,874.0,874.0
B0759J2NB1,,206.0,,206.0,206.0
B0759JPRFL,1382.0,1382.0,1382.0,1382.0,1382.0
B0759JPRG4,1723.0,,1723.0,1723.0,1723.0
B0759JPRG8,,,,1136.0,1136.0
B0759KFLJR,257.0,257.0,257.0,257.0,257.0
B0759KFLJY,767.0,,,767.0,767.0
B0759KRCWG,,95.0,,,95.0
B0759LN547,,257.0,257.0,257.0,257.0
B0759LN54X,,,,,9.0
B0759LZ9JM,1723.0,,1723.0,1723.0,1723.0
B0759LZD4F,2754.0,2754.0,2754.0,2754.0,2754.0
B0759MCXVN,,,,24.0,24.0
B0759MCXW1,974.0,974.0,974.0,974.0,974.0
B0759MZ6MX,,,257.0,,
B0759QHTN6,,,,,139.0
B0759QPSL2,,,70.0,,70.0
B0759YR6KF,,,1074.0,,1074.0
B075B1F24Q,,,,,52.0
B075C8XXWJ,,,,,151.0
B075CJ976T,,,,,22.0
B075CJ9772,,,,,4.0
B075CJHNWL,,,,,5.0
B075CR9KQB,,,,,121.0
B075CRN6C1,,,,,23.0
B075CS7J8Q,80.0,80.0,,,80.0
B075CS8M6S,88.0,88.0,,,88.0
B075CSLFL8,10.0,,,,10.0
B075CSPV9K,,,28.0,,28.0
B075CSPV9X,374.0,374.0,374.0,374.0,374.0
B075CSWJCR,,,33.0,,33.0
B075CSWJDJ,,,,62.0,
B075CTDRQ3,32.0,,,,32.0
B075CTLQVS,,,,4.0,
B075CTQ3N6,,,2058.0,,2058.0
B075CV44G6,,,,,6.0
B075D7DC1Z,,128.0,,,128.0
B075D8M91R,,,,,181.0
B075DQ6S86,,,,30.0,30.0
B075DX8DD1,3263.0,3263.0,3263.0,3263.0,3263.0
B075DZ346L,,,7.0,,
B075F1QG6V,,,,,557.0
B075FBD7CM,5990.0,5990.0,5990.0,5990.0,5990.0
B075FBY8WQ,94.0,,,,
B075FD744M,,,85.0,,85.0
B075FDBCL9,,,,,82.0
B075FGTBL7,,,,,32.0
B075FH136K,,,,3083.0,3083.0
B075FHM78F,,9.0,,,
B075FHV14C,,,,,99.0
B075FJYLXZ,,,,,126.0
B075FRFHMW,11304.0,,,11304.0,11304.0
B075FTGL25,3.0,,,,
B075FTZKPC,28.0,28.0,,,
B075FV1RFS,988.0,988.0,988.0,988.0,988.0
B075FVTGL8,,,22760.0,,22760.0
B075FW8W3R,3347.0,3347.0,3347.0,3347.0,3347.0
B075FXSGMM,,,,,69.0
B075FY69CQ,,,,,7.0
B075FYK22Y,,,,,425.0
B075FZR4DN,452.0,452.0,452.0,,452.0
B075G195B4,,,,,2.0
B075GB9GMY,,,,296.0,296.0
B075GJF1HX,618.0,,,,618.0
B075GRHYKL,,,,44.0,
B075GRHYKM,1013.0,1013.0,1013.0,1013.0,1013.0
B075GRHZQC,484.0,484.0,,,484.0
B075GRVXFJ,,,,,28.0
B075GRYF89,260.0,,,260.0,
B075GRYF8B,,,,,46.0
B075GS1N2D,,,2446.0,2446.0,2446.0
B075GS1N2K,1320.0,1320.0,,1320.0,1320.0
B075GVK27T,,,,,59.0
B075GW77ND,,,,,13.0
B075GWB9WJ,,,,493.0,493.0
B075GWQMP6,11755.0,11755.0,11755.0,11755.0,11755.0
B075GWSQ23,185.0,,,185.0,185.0
B075GX2D28,,,,,260.0
B075GXCRLR,846.0,,846.0,846.0,846.0
B075GXH21R,3165.0,,,3165.0,3165.0
B075GXVF3D,,27.0,,27.0,27.0
B075GY98T9,,,,,12836.0
B075GYJH7G,2477.0,,2477.0,2477.0,2477.0
B075GYNWZH,,,180.0,,
B075GZGFR9,,,,20.0,
B075GZXJ1Z,103.0,,,,103.0
B075H1GDF9,2446.0,2446.0,2446.0,2446.0,2446.0
B075H1Q3ML,1013.0,,1013.0,,1013.0
B075H222G1,,201.0,201.0,,201.0
B075H247RR,60.0,,,,
B075HK9DNL,104.0,,104.0,104.0,104.0
B075HKTD4N,41.0,,41.0,41.0,41.0
B075HQPLBH,971.0,971.0,971.0,971.0,971.0
B075HRGHKQ,334.0,334.0,334.0,,334.0
B075HRW3X8,752.0,,752.0,752.0,752.0
B075HS3KPX,,,,,8.0
B075HS8ZQK,720.0,720.0,720.0,,720.0
B075J67RJR,,2772.0,,2772.0,2772.0
B075J974P6,91.0,,,,
B075JFMNZT,2252.0,2252.0,,2252.0,2252.0
B075JHHKW9,12217.0,,,,
B075JHJJRT,9893.0,9893.0,,,9893.0
B075JK2SX6,,48.0,,,
B075JK6TCZ,,,213.0,213.0,213.0
B075JKXRNP,,,,,82.0
B075JM7ZJY,,944.0,944.0,944.0,944.0
B075JMBX4S,,175.0,175.0,175.0,175.0
B075JMRXVH,,,,1890.0,
B075JMV6BG,,,40.0,,40.0
B075JNHRR4,,,,,118.0
B075JNRKVQ,,,,,69.0
B075JPHW73,,,37.0,37.0,
B075K2PPCS,,,,,312.0
B075K6F8LX,,311.0,311.0,311.0,311.0
B075KDPQ9H,,,,,5.0
B075KFC7F9,,,,,16.0
B075KH7CWF,,,,,104.0
B075KKXVM8,,,14.0,,
B075KLGKQ7,,,,,16.0
B075KLRQG5,,,,20.0,
B075KLYKVF,,,,,84.0
B075KRWKR9,,,,,178.0
B075LBZYXL,,,,10.0,10.0
B075LMF5MR,,,,69.0,
B075LMF5NF,4790.0,4790.0,4790.0,4790.0,4790.0
B075LMSVBM,,,,,63.0
B075LMT6QK,,,,24.0,24.0
B075LMT6TF,,,,,6.0
B075LMWXCJ,,,69.0,,69.0
B075LN2PF8,567.0,,,,567.0
B075LPQB5D,,,,,7.0
B075LQJRW3,,53.0,53.0,,53.0
B075LRXHYN,659.0,,,,659.0
B075LSDJYY,824.0,824.0,,824.0,824.0
B075LSKQVK,,,9.0,,9.0
B075LSKS52,,,,,1.0
B075LSKS7R,,,,,1.0
B075LSKS8S,,,,,17.0
B075LSQGY6,3.0,,,,3.0
B075LSQNLP,,,13.0,,13.0
B075LSQNNM,1.0,,,,
B075LTL7K9,281.0,,,,281.0
B075LTMGQB,,,,,30.0
B075LV42DC,108.0,,,,108.0
B075LV7H97,,,112.0,,112.0
B075LVWL9P,,,,,69.0
B075LWHNDC,,,,,3.0
B075LX11DP,,,,69.0,69.0
B075LXGG19,,567.0,,,
B075LY39RQ,41.0,41.0,41.0,41.0,41.0
B075LZ1DGL,,,,,894.0
B075LZ6GCQ,,,,659.0,659.0
B075LZWL8D,,,,,567.0
B075M1BM5G,11.0,,,,
B075M1YXZJ,,,,,63.0
B075M4XZK9,,,,,37.0
B075M4Y1DV,,,,174.0,
B075M62FH1,,,,62.0,62.0
B075M915W4,,,,,8.0
B075M915W5,,,,,75.0
B075MC3GYK,,,,,75.0
B075MC3J5T,,,,,24.0
B075MC3J61,4.0,,,,4.0
B075MGH8GS,,,371.0,,371.0
B075MR3Y1B,,,,,1160.0
B075MSRQB8,,,,,208.0
B075N1G1JR,,,,,116.0
B075N6SKBV,,71.0,,,71.0
B075N7NC4G,,,197.0,197.0,197.0
B075N8M5L8,,,111.0,111.0,111.0
B075N8P9QF,,,153.0,,153.0
B075N9WN6K,624.0,624.0,624.0,624.0,624.0
B075NBBJ5D,,,,38.0,38.0
B075NHCSML,,,29.0,,
B075NRYGP7,,,62.0,,62.0
B075NSN21H,5990.0,5990.0,5990.0,5990.0,5990.0
B075PC6J92,,,,,74.0
B075PCWPMY,8.0,,,,
B075PD298Q,941.0,941.0,941.0,,941.0
B075PDGST5,,,,,1304.0
B075PDHQLS,,,,,1304.0
B075PF6HNL,,,,,1.0
B075PG36JC,,,,,2.0
B075PGCR2W,,,,7.0,
B075PGDSWJ,,,215.0,,215.0
B075PHL45H,9.0,,,,
B075PJ9XBR,,,1304.0,1304.0,1304.0
B075PLPVWF,1304.0,,,1304.0,1304.0
B075PMGKVT,810.0,810.0,810.0,810.0,810.0
B075PN19NM,,,,,12.0
B075PSG855,,,5.0,,
B075Q2MQL5,1171.0,,,,
B075QBBRH5,,,,26.0,26.0
B075QKWRDP,676.0,,676.0,676.0,676.0
B075QN84M4,126.0,,126.0,126.0,126.0
B075QVS1ZH,,,,,31.0
B075QY96J5,,,567.0,,567.0
B075R93LH4,291.0,,291.0,291.0,291.0
B075RC8BPW,,,,,8.0
B075RC8BPX,,77.0,77.0,77.0,77.0
B075RC8D75,,,,,18.0
B075RH52LK,1625.0,1625.0,1625.0,1625.0,1625.0
B075RH6LC7,,,,,1204.0
B075RLVP7C,,,,80.0,80.0
B075S1BM4V,,,,,309.0
B075S1YJJC,202.0,,,,202.0
B075S2LNTJ,719.0,719.0,,719.0,719.0
B075S2LPWZ,53.0,53.0,53.0,53.0,53.0
B075S2PFFM,3243.0,3243.0,3243.0,3243.0,3243.0
B075S2PFWQ,,,,3.0,
B075S37RKJ,,,,1062.0,
B075S3FWRG,7.0,,,,7.0
B075S3FWRH,,13.0,13.0,,
B075S8GKV2,,,,,4.0
B075S8GKW1,,27.0,27.0,27.0,27.0
B075S8GXHK,,192.0,,192.0,192.0
B075S8WK6J,,,,,3.0
B075S8Y3V5,20.0,,,,20.0
B075S9KVNW,,26.0,26.0,26.0,26.0
B075S9SWXW,,247.0,247.0,247.0,247.0
B075SC37YD,76.0,,76.0,,76.0
B075SHNZNF,,,,,810.0
B075SL8HZ5,57.0,,57.0,,57.0
B075SLC3ZR,13.0,13.0,,,
B075SMKQ1V,,,,26.0,
B075SMXF16,,,23.0,,23.0
B075SND62Q,26.0,,26.0,,26.0
B075SNYM3N,,,,,67.0
B075SP42TS,,40.0,,,
B075SRPWPQ,761.0,,,,761.0
B075SS9TV7,761.0,,,761.0,761.0
B075T2HWBJ,,,15.0,,15.0
B075T2YTD1,,,,,1.0
B075T2YTD8,,40.0,,,40.0
B075T3LYYP,,,,,108.0
B075T3M38B,,,,,13.0
B075T3N6GB,,149.0,149.0,,149.0
B075T87X29,62.0,,,,
B075TCJTS7,,,,,5.0
B075TH2GR2,1900.0,,1900.0,1900.0,1900.0
B075THHXVG,,,150.0,,150.0
B075TSR7BN,,,661.0,,661.0
B075V2HNKQ,,1.0,,,1.0
B075V35ZGM,440.0,,440.0,440.0,440.0
B075V44DLM,644.0,644.0,644.0,,644.0
B075V4PZ5D,1584.0,1584.0,1584.0,1584.0,1584.0
B075V93NZ9,662.0,662.0,662.0,,662.0
B075V9R1RY,,,,,5.0
B075VCK5PF,,,,,39.0
B075VHKCTZ,,,116.0,,116.0
B075VX4QVM,,,19030.0,19030.0,19030.0
B075VXYDF8,,,,53.0,53.0
B075WD97B2,96.0,,,96.0,
B075WGSVMD,,,,,942.0
B075WZVYMZ,566.0,,,,
B075X1DYQ1,,,,,140.0
B075X41GH5,,,,,21.0
B075X4CCQ2,,,,68.0,68.0
B075X4LYNK,,,413.0,,413.0
B075XLMP1Y,7916.0,7916.0,7916.0,7916.0,7916.0
B075XRLH1Q,,,,14.0,
B075XS9BXF,,,,,25.0
B075YMKHM3,,,,,10.0
B075YMNM48,,,14.0,,
B075YMT1XH,,,6.0,,6.0
B075YMT8WZ,,,,,3.0
B075YNJNN9,,13.0,,,13.0
B075YNL3SZ,,,,16.0,16.0
B075YNNNQK,,,,42.0,42.0
B075YNQ8L3,,37.0,,37.0,37.0
B075YP1RY5,,,,48.0,48.0
B075YP38WG,,,,,6.0
B075YQ49FC,,,,,73.0
B075YQ4MNX,,,,,77.0
B075YQ8R4R,,,8.0,,8.0
B075YQSTPK,,,,77.0,77.0
B075YQXR49,,,,,10.0
B075YW2KC3,1240.0,1240.0,1240.0,1240.0,1240.0
B075YW655J,,,203.0,203.0,203.0
B075YW6588,,,,,29.0
B075YW931L,,1079.0,1079.0,1079.0,1079.0
B075YW9YQB,1786.0,,1786.0,1786.0,1786.0
B075YWKR63,,,1.0,,
B075YWKR7Z,,,,,6.0
B075YWLY8N,,23.0,,,23.0
B075YWQTDK,,,,,23.0
B075YWQTFG,,,,,767.0
B075YWTSRP,,1729.0,1729.0,1729.0,1729.0
B075YX1XLG,,,13.0,,
B075YX1XM5,,,,1079.0,1079.0
B075YY6Z1T,,,1136.0,,1136.0
B075YYYBYG,,,,,193.0
B075YZRV4P,,,,,161.0
B075Z143VF,,,,,87.0
B075Z418GC,551.0,551.0,,,551.0
B075Z42SV5,,,,,1136.0
B075Z6Q4FQ,,274.0,,,274.0
B075ZKCQTC,,,,,53.0
B075ZW384V,951.0,,,,951.0
B076124NFY,,,,,51.0
B07612PYMK,,,,981.0,981.0
B07612QD7V,,,3347.0,3347.0,3347.0
B07612RVH9,981.0,,,981.0,981.0
B07612S25M,,131.0,,,131.0
B076137YKK,,,,,58.0
B07613FF98,12.0,,12.0,12.0,12.0
B076146D9S,,,528.0,,528.0
B0761N7S66,332.0,332.0,332.0,332.0,332.0
B0761YM41J,47.0,47.0,,,47.0
B0761ZGNFM,,,,32.0,32.0
B0762CVTT6,,,,,21.0
B0762Q15DT,,,,5.0,
B07631368R,7916.0,,7916.0,7916.0,7916.0
B07634QJTX,,,,,3.0
B0763V84SL,,1637.0,,,
B07643H2LC,3626.0,3626.0,3626.0,3626.0,3626.0
B0764CG31K,,,,19.0,
B0764CQV4F,,,,342.0,342.0
B0764FTHB9,446.0,,446.0,,446.0
B0764G63VR,,115.0,,,115.0
B0764GPZQ3,1637.0,,,,
B0764GRFC7,,,,,342.0
B0764GRT25,,,,,1637.0
B0764GVL47,342.0,,342.0,,
B0764GVL4G,,,,,14.0
B0764GW1V4,,,,,342.0
B0764GXCV2,342.0,,,342.0,342.0
B0764GXCVG,,,,,14.0
B0764HB1YF,,25.0,25.0,25.0,25.0
B0764HC92S,,,,3.0,3.0
B0764LKCBN,,,,,9.0
B0764LSHTJ,,,,,9.0
B0764LZBNP,627.0,627.0,627.0,627.0,627.0
B0764MH3FN,,,,,8.0
B0764MSYPW,18.0,,,,18.0
B07655FKN9,,,,,54.0
B07658X76B,401.0,,401.0,,
B0765B3QY8,,,,54.0,
B0765DSXCJ,,13.0,,13.0,13.0
B0765MG8FR,,,,71.0,71.0
B0765X5PH4,,,,,334.0
B07661NQDH,,,,,1571.0
B07667FS3Y,,1721.0,1721.0,,1721.0
B07667SJWR,541.0,541.0,541.0,541.0,541.0
B0767KM5JD,,,1637.0,,
B0767LSJ6D,981.0,981.0,,981.0,981.0
B0767PLCGN,,,,,12.0
B0767TTZN8,44.0,,,,44.0
B0768MYP7R,,,,34.0,
B0768Q4MM1,,,,,57.0
B0768Q4MMD,,,,243.0,243.0
B0768Q4N9Z,,57.0,,57.0,57.0
B0768Q4NZW,,57.0,,,
B0768Q4NZX,,,57.0,,
B0768Q4P1K,,,54.0,,
B0768Q4R2Z,,144.0,,,144.0
B0768RK3M9,,,,,54.0
B0768RWB4H,44.0,,,,
B0768RWB4T,157.0,,,,
B0768STBRS,122.0,122.0,122.0,122.0,122.0
B0768STC3G,57.0,,57.0,,57.0
B0768SYYJW,,57.0,57.0,,57.0
B0768SYYKT,8.0,8.0,,,8.0
B0768VK272,,,,,144.0
B0768VK285,,,243.0,243.0,243.0
B0768VK286,,241.0,,,241.0
B0768VSR6Y,,,,,144.0
B0768VSR6Z,144.0,,,,144.0
B0768VSR81,243.0,243.0,243.0,,243.0
B0768VSR82,,243.0,,,
B0768VSYSB,,,,,54.0
B0769LK1P1,,,,,941.0
B076B4WJD7,,,,50.0,
B076BJD2WF,1544.0,,1544.0,,1544.0
B076BTT828,48.0,,,48.0,
B076BVHT3V,,,418.0,,418.0
B076BXMFGZ,,,,,350.0
B076BXVKWH,,594.0,,,594.0
B076BYJ51R,,,,,63.0
B076C22JSR,1752.0,1752.0,1752.0,1752.0,1752.0
B076C2L9MQ,293.0,,293.0,293.0,293.0
B076CBBD18,1948.0,,,,1948.0
B076CBWZZ2,,,,1183.0,
B076CDKPCN,34.0,,34.0,,34.0
B076CF5FSM,,,,644.0,644.0
B076CFJKHY,,,,53.0,53.0
B076CGB76N,40.0,,,40.0,40.0
B076CN58DT,,2245.0,2245.0,,2245.0
B076CQM9TX,,,3182.0,,3182.0
B076CQV64J,,664.0,664.0,,664.0
B076CS2WLG,,1559.0,,1559.0,1559.0
B076CTCZ8F,,,,,520.0
B076CV19GR,,,,177.0,177.0
B076CV6LBL,,,1980.0,,1980.0
B076CVF7XB,80.0,,,,
B076DGH66R,1741.0,1741.0,,,1741.0
B076DRL1NN,1207.0,,,1207.0,1207.0
B076DSKRZY,,73.0,,,
B076DT9YJ6,346.0,346.0,346.0,346.0,346.0
B076DY123Y,,,,,39.0
B076F322B1,,,51.0,,
B076F42DHW,,71.0,71.0,,71.0
B076F6K3KB,,,,,83.0
B076F7D3T4,,33.0,,,
B076F7SK3Z,,,54.0,,54.0
B076F7SK41,,2.0,,,
B076F7VYJR,,,,1.0,
B076F847P9,,,15.0,,15.0
B076FBF4PV,,,,,8.0
B076FDHFYR,6.0,,,,
B076FHB8CJ,,,103.0,103.0,103.0
B076FHJ3K3,10306.0,10306.0,10306.0,10306.0,10306.0
B076FJ6BKW,,81.0,81.0,81.0,81.0
B076FJ6F1V,81.0,,81.0,81.0,81.0
B076FJWQ4X,26.0,26.0,26.0,,26.0
B076FPKH5M,81.0,,81.0,81.0,81.0
B076G8FCPN,540.0,,540.0,,540.0
B076G8FLGY,,,17.0,,
B076G9MWJF,,,,,106.0
B076GCL54R,61.0,,61.0,,61.0
B076H9YQJ1,,,,40.0,40.0
B076HB1D24,,,,,77.0
B076HHBLVM,,,,,80050.0
B076HLSNKC,,,,,303.0
B076HN7HPV,,,,286.0,
B076HY44W8,,,,30.0,
B076HYWN6C,,,,,40.0
B076JGW5KL,,1113.0,1113.0,1113.0,1113.0
B076JHJHW1,,57.0,,,
B076JLHY31,490.0,,490.0,,490.0
B076JM6M2D,,,32.0,32.0,32.0
B076JM6M2M,,,,,13.0
B076JNBWJF,72.0,72.0,72.0,72.0,72.0
B076JP11PX,70.0,,,,70.0
B076JRK4MR,,,43.0,43.0,43.0
B076JRK4MY,,,,,15.0
B076K29Q9G,,,,412.0,412.0
B076K5YWX2,,,,,204.0
B076KQVY8T,,,,54.0,54.0
B076KRZVWZ,,,,,462.0
B076KWBJW3,,,257.0,257.0,257.0
B076KYGRHX,,1644.0,1644.0,1644.0,1644.0
B076L12RHW,422.0,,422.0,,422.0
B076L2XCSZ,,,,,120.0
B076LY2BK6,4846.0,4846.0,4846.0,4846.0,4846.0
B076M8HPBN,,,,,26.0
B076MCNX2R,,,,,19.0
B076MFR715,,,,,25.0
B076N5GKQ7,,,338.0,,338.0
B076N7CX87,,,,,203.0
B076P74QNB,,43.0,,,
B076PGNHPZ,,,,,64.0
B076PRDDQG,,,,,9.0
B076PXYDDL,,,74.0,74.0,74.0
B076QCQ8HY,1571.0,,,,1571.0
B076QDSPGP,1571.0,1571.0,1571.0,1571.0,1571.0
B076QFHBV3,,,,,179.0
B076QFV8CW,,,,,1571.0
B076QFZPCS,1571.0,1571.0,,,1571.0
B076SDFLFP,,,,,158.0
B076T5XPVC,,,,,3.0
B076TBCDVP,,240.0,,240.0,
B076TF2VLM,,38.0,,,38.0
B076TGLGG3,,,,,4.0
B076TJBDT3,,,,,239.0
B076V235LP,,,,787.0,787.0
B076V3ZZ4N,,,6.0,,
B076V5PZ22,239.0,,,,239.0
B076V5Z89P,,,29.0,,
B076V9V7GH,1138.0,1138.0,,1138.0,1138.0
B076VL9YVW,106.0,,,106.0,106.0
B076VNGNZX,,1054.0,,,1054.0
B076VQC34R,,139.0,139.0,139.0,139.0
B076VSBYL8,,,,139.0,
B076VSJWY4,1119.0,,1119.0,,1119.0
B076VVR7SW,,,,,3.0
B076VVRNPX,,,,,139.0
B076VX8LQN,23.0,23.0,23.0,,23.0
B076VX8LQP,,,,10.0,10.0
B076VXM944,,,208.0,208.0,208.0
B076VY2VG5,35.0,35.0,,35.0,35.0
B076VYH9DZ,13.0,,,13.0,
B076WJL9B8,,,24.0,,
B076WJXJB3,644.0,,,,644.0
B076WLR42V,,,1002.0,,1002.0
B076WLR42W,,,,1002.0,1002.0
B076WLYJQG,,,,,10.0
B076WM3LGT,,,,,3.0
B076WMGMMR,,,,,23.0
B076WN3PPS,,,,,34.0
B076WNYNJZ,1002.0,,,,1002.0
B076WTY4C4,,,,,5.0
B076WWXD7T,35.0,,,,
B076X2T9LK,,,,,222.0
B076X33RFT,,,,,10.0
B076XBR2F5,80050.0,80050.0,80050.0,80050.0,80050.0
B076XK7R4Y,399.0,,399.0,399.0,399.0
B076XW39PT,211.0,211.0,211.0,211.0,211.0
B076YX8LNX,105.0,,105.0,,
B076YYY91Y,,,,,42.0
B076Z254L9,,,,,12.0
B076Z671NP,,,,,90.0
B076ZFM7V8,,,,,33.0
B076ZJWZPJ,,,,,13.0
B076ZSH6GD,,597.0,,597.0,597.0
B076ZZFH47,,,,,129.0
B07716Q6W3,,,7.0,,
B0771CDHSS,,,14.0,,14.0
B0771FFGNV,497.0,,497.0,497.0,497.0
B0771Q78C2,,,45.0,45.0,
B0771R6L67,,14.0,,,
B0771RDWY3,,,2724.0,2724.0,2724.0
B0771S2TSH,244.0,,244.0,244.0,244.0
B0771SP8MD,,,,34.0,
B0771SWLPY,200.0,,,,200.0
B0771VKMS4,125.0,125.0,,,125.0
B0771VQ49S,,319.0,,,319.0
B0771W6QN5,,,213.0,213.0,213.0
B0771YX6DW,,,,,305.0
B0772HLTMH,,35.0,,35.0,35.0
B0772WLCJ8,594.0,,,594.0,594.0
B0772WV6QH,3183.0,,3183.0,3183.0,3183.0
B0772XDZQS,,,,,117.0
B0772XH8JT,,,,,1185.0
B077362LJ3,296.0,,,296.0,296.0
B07738WXWS,,,,,329.0
B077394HRR,,,,329.0,329.0
B077399ZHS,168.0,168.0,168.0,168.0,168.0
B0773GVBHX,22760.0,,22760.0,22760.0,22760.0
B0773GZQWF,,,,,15.0
B0773MXMCL,141.0,,,,141.0
B0773NWJB5,,,,,22760.0
B0773QQGCH,29888.0,29888.0,29888.0,,29888.0
B0773XCK7W,262.0,,262.0,262.0,262.0
B0773YC6NV,215.0,215.0,215.0,215.0,215.0
B0773YSD5C,,403.0,403.0,403.0,403.0
B0774597CH,7.0,,,,7.0
B0774N88NM,,,,,80.0
B0774PSY4S,,,2562.0,2562.0,2562.0
B0774X4DQZ,,,13.0,,13.0
B0774Y313R,,2394.0,,2394.0,2394.0
B07756JMFS,,,,,4846.0
B0775QJYW7,,22.0,,,22.0
B0775SQKP2,48.0,,,,48.0
B0775Z36PB,,,,280.0,280.0
B0775Z4LK9,20.0,,,,
B07763VNJF,1183.0,,,1183.0,1183.0
B07765PYGS,2577.0,2577.0,2577.0,,2577.0
B07765QX75,,1426.0,,1426.0,1426.0
B07766M7M4,,,,,1088.0
B0776PND2Y,298.0,,,298.0,298.0
B0776ZZ3SW,,,,,169.0
B0777SRWFG,,,,358.0,358.0
B0777VJGPJ,,,,430.0,
B0778474YK,,,,,21.0
B0778Q1XSV,,,,10.0,
B0778S4LW7,,,,,47.0
B0778WZVCN,,164.0,164.0,164.0,164.0
B0778YJDPL,,,,,24.0
B0778YJDPM,538.0,,,,
B0778YK65L,33.0,,,33.0,
B0778YK7D3,,60.0,,,
B0778YK7D5,614.0,,,614.0,614.0
B0778YK8JJ,,,,25.0,
B0778ZRX2M,,,,,925.0
B07791RRGK,,,,,61.0
B07791VZQ6,,,,,538.0
B0779311W8,925.0,,925.0,925.0,925.0
B07793HR6H,,,,,538.0
B077947F8V,,,,,7.0
B07795XZTC,,,,4.0,
B0779D5DST,,,,,46.0
B0779DQX3B,2590.0,,2590.0,2590.0,2590.0
B077BJ4R4N,235.0,,,,
B077BT1MSM,,,,,93.0
B077BYY3LB,1.0,,,,
B077BZ1R3J,,,,116.0,116.0
B077BZYLNF,108.0,,,,
B077C2YBCW,,,,,143.0
B077CFG4YY,,,,,128.0
B077CWTM5P,,,,,1700.0
B077D3X9K5,,,,,7.0
B077DH5BH3,77.0,,,,77.0
B077DKFKKF,41.0,,,,41.0
B077DP7B28,,,,73.0,73.0
B077DXSDZK,4586.0,4586.0,4586.0,4586.0,4586.0
B077DYPJGL,,,,,26.0
B077DZZXSF,,,,,567.0
B077F13XTZ,567.0,,,,567.0
B077F4WW7N,,,,,567.0
B077F5DFRZ,,,,,7.0
B077F5KGBC,,,567.0,,
B077F66GPS,,,,,164.0
B077FBD7DH,,194.0,,194.0,
B077FFL3J2,,,,567.0,
B077FZQ7SB,199.0,,,199.0,199.0
B077G7WBSL,,,,,275.0
B077G9SXCT,,,,,527.0
B077GBW4QN,,,,,18.0
B077GMVCVG,4216.0,4216.0,4216.0,4216.0,4216.0
B077GR3N2Z,,,4216.0,,4216.0
B077GRBM4Z,,126.0,,,126.0
B077GRKR83,1381.0,,,1381.0,1381.0
B077GSXWZ3,103.0,,103.0,,103.0
B077GVVZYW,,,,,453.0
B077GZRKB4,,,,,3472.0
B077GZRV8N,,,,,22.0
B077H1DYMR,,,,,3472.0
B077H3C6NH,,,,,54.0
B077HDTQS4,,,,,14.0
B077HHQNYB,,,,,1327.0
B077HR3JB8,,,,,363.0
B077HS738Z,,,,,363.0
B077HSR411,,,363.0,,363.0
B077J538T7,,,,192.0,192.0
B077JNSP2W,,,3182.0,,3182.0
B077JSLD8P,,,,84.0,
B077JX8HCZ,,,,,25.0
B077K2JSCF,,,142.0,,142.0
B077K3WB1X,,,,,69.0
B077K52HNX,24.0,,,,24.0
B077K8N462,128.0,,,,128.0
B077KWCYBV,4075.0,,4075.0,,4075.0
B077L81PKT,,,,,63.0
B077L9QJQD,91.0,,,,91.0
B077LW32PF,,,,18.0,
B077MFC4X2,,,,,18.0
B077N7LRKS,,1.0,,,
B077NG4P1M,,,,,438.0
B077NGZQYY,93.0,,,,93.0
B077NRWSBX,,,128.0,128.0,
B077P3NYBQ,,,,,145.0
B077PBY1P1,898.0,,898.0,,898.0
B077PG5PGZ,,,,,141.0
B077PKBXWC,1352.0,,,,1352.0
B077PNTCNZ,,,,,1907.0
B077PQWVZZ,,,,,74.0
B077PQWW67,954.0,954.0,954.0,954.0,954.0
B077PQWWDL,1734.0,1734.0,1734.0,1734.0,1734.0
B077PQX2JZ,,411.0,,411.0,411.0
B077PR1PNN,,,411.0,,411.0
B077PR1RFX,,,74.0,,74.0
B077PR7FBL,954.0,954.0,,954.0,954.0
B077PR9TL4,411.0,411.0,411.0,411.0,411.0
B077PRFYM1,,954.0,954.0,,954.0
B077PRNFRT,,,1907.0,1907.0,1907.0
B077PRTTXJ,5774.0,,,,5774.0
B077PV6HKT,1907.0,1907.0,1907.0,,1907.0
B077PVDDX5,1798.0,1798.0,1798.0,1798.0,1798.0
B077PXP7RD,,411.0,,411.0,411.0
B077PYN9RF,,,,,954.0
B077Q1C4CW,,411.0,,411.0,411.0
B077Q2C2LX,411.0,,,411.0,411.0
B077Q2C36R,411.0,411.0,411.0,411.0,411.0
B077QCVFTP,4046.0,4046.0,4046.0,4046.0,4046.0
B077QFTJ53,,647.0,,,647.0
B077QR4N6W,,,,,30.0
B077QX11DB,,,,64.0,
B077QZTQC5,,,,120.0,
B077QZV3MF,,,120.0,,120.0
B077R2PJGW,120.0,,,,
B077R8ZKXX,,,120.0,,
B077RR52TJ,,,636.0,,636.0
B077RRC73P,,,,271.0,271.0
B077RSCQMB,,,,271.0,271.0
B077RYN8FB,,80.0,,80.0,
B077S6S4L3,,,,,9.0
B077S73QHR,,30.0,,30.0,
B077SS98CK,18.0,,,,18.0
B077SSLKST,,,54.0,54.0,54.0
B077SWJCRG,,,,,148.0
B077SYDNV7,,45.0,,,45.0
B077T5P7TS,,,,,23.0
B077TBS8V3,,,228.0,228.0,228.0
B077TC9PY8,10468.0,10468.0,10468.0,10468.0,10468.0
B077TVRQFV,,,,644.0,644.0
B077V651ZM,,,,,119.0
B077VW6KKC,,,,,164.0
B077VWTVKZ,,,,,164.0
B077VWWLJ3,244.0,,,,244.0
B077VYXRTP,164.0,,,,
B077VZDQ1X,,,,,6.0
B077W5CG8D,505.0,,505.0,505.0,505.0
B077W7GHGY,75.0,,75.0,75.0,75.0
B077W8YK43,,,14.0,,14.0
B077WHQ1V3,11.0,,,,
B077WJMRN7,,9.0,,,
B077WPSJVM,,,,,11.0
B077WS36GS,410.0,,,,
B077WTPLVD,,,,,41.0
B077WWYNR1,,,,658.0,658.0
B077WX28NQ,,658.0,,,658.0
B077WYV5D9,,,,333.0,333.0
B077WZNKGY,1171.0,1171.0,1171.0,1171.0,1171.0
B077X54XBL,,,274.0,274.0,274.0
B077XCVY2G,,,,,16092.0
B077XPK6CP,2.0,,,,
B077XVCN2R,,,146.0,,146.0
B077Y395KF,,,,112.0,
B077Y3RQCL,,,112.0,,112.0
B077Y48FZF,2600.0,,,,2600.0
B077Y4MZ4G,112.0,,,,
B077Y53VDX,112.0,,,,112.0
B077Y6CLT6,80.0,,80.0,80.0,80.0
B077Y6GMRM,68.0,68.0,,68.0,68.0
B077Y6XWV1,,,,,604.0
B077Y6XX79,,,,45.0,45.0
B077Y747JJ,,,,2262.0,2262.0
B077Y7RPX6,2262.0,,2262.0,2262.0,2262.0
B077Y7RV8W,,,,163.0,
B077Y7T932,,,,,70.0
B077Y7VQBX,,,,,21.0
B077Y7VQGH,,,,,48.0
B077Y7VR71,,,,88.0,88.0
B077Y84T7K,,,,,147.0
B077Y86D2D,,,,3.0,
B077Y88BYK,421.0,,,421.0,421.0
B077Y8FDLB,,48.0,,,48.0
B077Y8FGF2,88.0,,88.0,,88.0
B077Y8KLCK,74.0,74.0,74.0,,74.0
B077Y93YD5,,955.0,955.0,955.0,955.0
B077YBMMFH,,,,,88.0
B077YC1G2Z,,,,18.0,
B077YC1NJC,88.0,,,,
B077YDJX9Z,2.0,,,,
B077YDTT37,,,,,12.0
B077YDWYBM,,,86.0,86.0,86.0
B077YDZ71Q,,,,,76.0
B077YDZ71R,,,,32.0,32.0
B077YFTCQ1,,,,,16.0
B077YHVMLB,,,1748.0,,1748.0
B077YJFGWM,,,,1748.0,1748.0
B077YJY82Y,,,,17.0,17.0
B077YL28TS,,,31.0,,
B077YLFVZG,,,,,22.0
B077YNDTM6,,,,,10.0
B077YPDBBN,,,,,3.0
B077YPJ4R7,,,,109.0,109.0
B077YSDRYX,172.0,,,172.0,
B077YYVB57,191.0,,,,191.0
B077YYVB58,,,,,34.0
B077Z128KY,,,,,172.0
B077Z1VN53,,,,,62.0
B077ZCBTD9,,,178.0,178.0,178.0
B077ZF3Q9H,,505.0,,,505.0
B077ZFL7T2,240.0,,240.0,240.0,240.0
B077ZJ854W,,,144.0,144.0,144.0
B077ZJXGF8,,,361.0,361.0,361.0
B0781BF3HJ,,,,2477.0,2477.0
B0781SM6RK,,,40.0,,40.0
B0781VBYN9,676.0,,,,676.0
B0781VL1FW,,,,576.0,576.0
B0781VL1G2,14.0,,,,
B0781VL1G3,15.0,,,15.0,
B0781VL1G4,2201.0,2201.0,2201.0,2201.0,2201.0
B0781VL6CP,298.0,298.0,298.0,,298.0
B0781VN77F,,409.0,409.0,409.0,409.0
B0781VNBDZ,,,,632.0,
B0781VSQF5,,,676.0,,676.0
B0781VY1D2,87.0,,87.0,87.0,87.0
B0781VY6ZZ,23.0,,,,23.0
B0781VY711,,2942.0,2942.0,2942.0,2942.0
B0781VZXF1,,,,257.0,
B0781W125T,,,,154.0,154.0
B0781YN5NQ,,130.0,,,130.0
B0781YS3Z8,29.0,,,,
B0781YS3ZD,,2942.0,2942.0,2942.0,2942.0
B0781YYKD5,,,6.0,,
B0781Z3BPF,319.0,,319.0,319.0,319.0
B0781Z3BPG,,,,228.0,
B0781Z5SQP,1003.0,,,1003.0,1003.0
B0781Z7R88,870.0,870.0,870.0,870.0,870.0
B0781Z7R8K,,,,41.0,41.0
B0781Z84JZ,444.0,444.0,444.0,,444.0
B0781Z84K2,,,,646.0,
B078213JR6,,,,,19.0
B078216MDD,20.0,20.0,20.0,20.0,20.0
B078216MLN,,,,,676.0
B078216MLQ,,,,53.0,
B078218XMK,576.0,,576.0,576.0,576.0
B078218XML,,178.0,178.0,,178.0
B07821CWFX,,,,,36.0
B07821G7CV,,15.0,,15.0,
B07821G7CW,,,,,38.0
B07822VT5K,,42.0,,,42.0
B07822VY1J,558.0,,558.0,,558.0
B07822YZF7,,,31.0,31.0,31.0
B07822Z195,264.0,,264.0,264.0,264.0
B07822Z198,,728.0,,,
B0782336PN,59.0,59.0,,59.0,59.0
B078233SXC,298.0,,,,
B0782H83W5,,,,202.0,202.0
B07831DZJN,,,,,676.0
B07831DZJP,,,,,41.0
B07833LHK3,166.0,,,,
B07833QV4N,420.0,,,420.0,420.0
B07833QWTW,409.0,,409.0,,409.0
B07833QXTN,,,,,676.0
B07834DLVK,420.0,420.0,,,420.0
B0783P85SH,,,,,567.0
B0783PVZVZ,,40.0,,,40.0
B0784B3W6S,5774.0,,5774.0,5774.0,5774.0
B0784CCFYQ,411.0,411.0,411.0,411.0,411.0
B0784LTR8V,35.0,,,,35.0
B0784NCLZD,30.0,,,30.0,
B0784PLCBD,,,,,535.0
B0784W3LQC,14.0,,,14.0,14.0
B078565YWD,,,,42.0,42.0
B07857BF7G,,,11.0,,
B0785F8CHN,,,1134.0,1134.0,1134.0
B0785F92ZV,1134.0,1134.0,1134.0,1134.0,1134.0
B0785F9BRX,410.0,,,,410.0
B0785FBRF1,230.0,,230.0,,230.0
B0785FCPR8,658.0,,,,
B0785FDPQB,119.0,119.0,119.0,119.0,119.0
B0785FST6D,584.0,,,,584.0
B0785NQZ1P,,,,,604.0
B0785P5BR8,,,,,163.0
B0785P5BRB,,45.0,,,45.0
B0785P5LQG,,,,,58.0
B0785W4CDH,,,,,36.0
B0785XFFKW,6572.0,,6572.0,6572.0,6572.0
B0785YFBHL,,,,,18.0
B07864WVCV,558.0,,558.0,558.0,558.0
B07864XR7W,,,,,28.0
B0786QF5KV,,,16.0,16.0,16.0
B0786QSGYL,,,48.0,,
B0786XGPTM,,,761.0,,761.0
B07879V8G9,,,70.0,,
B0787GC1N2,,,,,112.0
B0787K9224,1724.0,,,,1724.0
B0788271YG,,,,,70.0
B07888GRVD,,,1389.0,1389.0,1389.0
B0788BN7SR,,48.0,48.0,,
B0788BNVZ5,,,10.0,10.0,10.0
B0788BR8JL,,,,21.0,
B0788BRGZY,,,769.0,,
B0788BRH2S,,,,10.0,10.0
B0788C2TBB,,,,,6.0
B0788C3R4T,,,9.0,,9.0
B0788C5QV9,,,,,8.0
B0788CC1DY,,,,423.0,423.0
B0788CC85B,30.0,,,,
B0788D41NH,,,,,196.0
B0788LYKHV,,,,,46.0
B0788M43PP,,,,,557.0
B0788Q36WL,,,,,27.0
B07894P2BK,,,96.0,,96.0
B07894ZN88,,126.0,,,
B078954LV8,528.0,,528.0,,528.0
B07899B451,,,,154.0,154.0
B0789NFMXK,,169.0,169.0,,169.0
B0789ZMX73,,,,,71.0
B078B5LLBV,,,,,257.0
B078BBYMD4,549.0,,549.0,549.0,549.0
B078BPQK4Z,,30.0,,,
B078C8FYL2,,,26.0,26.0,26.0
B078CYTGRS,,,450.0,450.0,450.0
B078FPYYF2,,,,1342.0,1342.0
B078GJ1QXS,,,,149.0,
B078GSZWVD,159.0,,,159.0,
B078GV3GZZ,,,25.0,,25.0
B078H4HXSM,3219.0,3219.0,3219.0,3219.0,3219.0
B078H7LG1Y,2831.0,,2831.0,2831.0,2831.0
B078HC2DLY,,,922.0,922.0,922.0
B078HCYSFK,807.0,,,807.0,807.0
B078HHB5N4,39.0,,,,
B078HHGPRD,93.0,,,,93.0
B078HHY6FS,,,,,51.0
B078HK7CQF,321.0,,,,321.0
B078HQMS2S,,,,,165.0
B078HSHHXT,59.0,,,,59.0
B078HSPQBF,,,,,2.0
B078HSYST8,,,93.0,,93.0
B078HT8FW2,,,96.0,96.0,96.0
B078HTD943,,,,,14.0
B078HTMWJB,,,56.0,56.0,
B078HVW8N4,,,,142.0,
B078JZG4SF,,,,,4.0
B078K24TPZ,,,,,111.0
B078K2QSTR,,,,661.0,661.0
B078K3VS7S,,2021.0,2021.0,2021.0,2021.0
B078K43Y54,1087.0,1087.0,1087.0,,1087.0
B078K5YZ3H,,,,,18.0
B078KDZLH4,4846.0,,4846.0,4846.0,4846.0
B078KGXM51,,448.0,448.0,448.0,448.0
B078KH59FX,,,,3.0,
B078KHB35B,,179.0,179.0,,179.0
B078KHP2XM,,,42.0,42.0,42.0
B078KJHYST,,41.0,41.0,,41.0
B078KLB643,,,,22.0,22.0
B078LBCBR6,,244.0,244.0,244.0,244.0
B078LBY59T,,,,6.0,6.0
B078LD5N1K,,,,,1.0
B078LG64WV,,,,,9.0
B078LJZNGB,,,,,3.0
B078M4C3GG,257.0,,,,257.0
B078M4MYHV,,,,,277.0
B078M9ZKVW,,,,2425.0,
B078MJQ5XY,142.0,142.0,142.0,142.0,142.0
B078MPMW55,,,,,2968.0
B078MQ7F5H,2750.0,,,,2750.0
B078MWCYDB,559.0,,559.0,559.0,559.0
B078N8HFN2,,,,,2006.0
B078NZMDMT,221.0,,,,221.0
B078P34RV7,,,,14.0,
B078P4MJP3,,,,,47.0
B078P6NFJ1,,,,,4.0
B078P799J9,69.0,,,,69.0
B078P7YZ3L,5641.0,,5641.0,,5641.0
B078P81284,,,355.0,,355.0
B078P9SF4F,72.0,72.0,,,72.0
B078PBKG3N,,,,,25.0
B078PBKG3P,,,,,11.0
B078PC715H,,,,116.0,116.0
B078PCBGLD,,,,,18.0
B078PDM3BH,,,19.0,,
B078PDS288,,,,,4.0
B078PFRZK1,30.0,,30.0,,30.0
B078PNSJYQ,80050.0,80050.0,80050.0,80050.0,80050.0
B078PPV6SZ,80050.0,80050.0,80050.0,80050.0,80050.0
B078PQVHCP,15.0,,,,
B078PS3VYG,7602.0,7602.0,7602.0,7602.0,7602.0
B078PY225H,,,,,47.0
B078PYFHF9,,,,,48.0
B078PZ8JZ7,,,,,46.0
B078PZG7WQ,,,90.0,,90.0
B078Q1KN6P,,,46.0,46.0,46.0
B078Q5J6VB,2553.0,,2553.0,2553.0,2553.0
B078Q5NSK3,41.0,,,,
B078R5YVJP,192.0,192.0,,,
B078RSZ6W9,,,,,8.0
B078S3PS1C,35.0,,,,
B078S3R9S8,,,,,10.0
B078S45X72,,,,,26.0
B078S471HN,,68.0,,,68.0
B078S47LVM,,161.0,161.0,,161.0
B078S4Q24T,,,,106.0,
B078S4QLYX,73.0,,,73.0,73.0
B078S4SNLS,209.0,,209.0,209.0,209.0
B078S4V4TM,2857.0,,2857.0,2857.0,2857.0
B078S4VCJV,,2857.0,,2857.0,2857.0
B078S4VCJW,,,,,16.0
B078S514D1,,,,2857.0,2857.0
B078S514D2,,35.0,35.0,,
B078S526S1,,,,,162.0
B078S5Q8Y8,,,,,52.0
B078S5Q8Y9,,,,,44.0
B078SS4QYQ,,,,,25.0
B078T523YQ,2550.0,2550.0,2550.0,2550.0,2550.0
B078TFN9CQ,,,,178.0,178.0
B078TGD6WR,,,,,7.0
B078VD29BF,,,,33.0,33.0
B078VGBMQM,,,244.0,,244.0
B078VPJS9J,,545.0,545.0,545.0,545.0
B078VR1H1S,879.0,,,879.0,879.0
B078VTYYT7,,187.0,,,187.0
B078W3RX3K,,241.0,,241.0,241.0
B078W3RX3L,,,,,56.0
B078W4KC2X,,,44.0,,
B078W936B3,,,13.0,13.0,
B078W9FJWH,1663.0,1663.0,1663.0,1663.0,1663.0
B078W9WM5L,,950.0,,950.0,950.0
B078WCNMFT,,,241.0,,241.0
B078WFBLY3,,1246.0,1246.0,,1246.0
B078WVJVV9,,,1578.0,,1578.0
B078WW28SL,,1002.0,,,1002.0
B078WWGDCG,,,,,1578.0
B078WWK7MP,,,,1578.0,
B078WXDB1X,400.0,,400.0,400.0,400.0
B078WYNNRL,,338.0,,338.0,
B078WYZVH9,317.0,317.0,317.0,317.0,317.0
B078XGTRV6,,,,,179.0
B078XJSJX7,,,136.0,136.0,136.0
B078XXSSDZ,25.0,25.0,,,25.0
B078XY1QBX,46.0,,46.0,,
B078XY4Z8V,,,,,13.0
B078XZ1ZPF,,42.0,,,
B078Y2TVZ4,56.0,,,56.0,56.0
B078Y36PJY,,,921.0,921.0,921.0
B078Y4BT53,,,1580.0,1580.0,1580.0
B078Y4BT54,921.0,,,,921.0
B078Y4C147,,,,,46.0
B078Y5Q7XZ,,,,,1580.0
B078Y7ZZRG,1358.0,1358.0,1358.0,1358.0,1358.0
B078YB11V4,406.0,,,,406.0
B078YDS8MJ,9.0,,,,
B078YGKR6S,,,,24472.0,24472.0
B078YJ2ZX1,,,,582.0,582.0
B078Z4DR5S,,,,70.0,70.0
B0791RP54K,781.0,781.0,781.0,781.0,781.0
B0791TNCYZ,,,,4.0,4.0
B0791V9H6P,,43.0,43.0,43.0,43.0
B0791X9MJM,1453.0,,1453.0,1453.0,1453.0
B0791XHYV7,,,3351.0,,3351.0
B0791XWY4J,,,,,88.0
B0791ZMHJW,,,,,78.0
B07922PH4R,,,3351.0,3351.0,3351.0
B07925JKLH,,,68.0,68.0,68.0
B07925TF16,3351.0,,3351.0,3351.0,3351.0
B0792BD17K,185.0,,,,185.0
B0792GJT9G,1583.0,1583.0,,1583.0,1583.0
B0792GT872,938.0,,938.0,,938.0
B0792HNGKR,,938.0,938.0,938.0,938.0
B0792HXFVM,,,1183.0,,
B0792J1P5P,736.0,736.0,736.0,736.0,736.0
B0792K1TVG,,,,,125.0
B0792LQLVC,,,1583.0,,1583.0
B0792M4S31,,,234.0,,234.0
B0792MGYKT,,,,137.0,
B0792MVNF1,,,,,87.0
B0792P6XQF,,,,,15.0
B0792Q3ZH2,2668.0,,2668.0,2668.0,2668.0
B0792Q5CW2,,27.0,,27.0,
B0792QLFN8,758.0,758.0,,758.0,758.0
B0792QT4T3,,,,,18.0
B0792RV2VB,,,2.0,,
B0792T5QMJ,,,,39.0,
B07932JVF7,,,,,3351.0
B0793CC1GB,,,,,5.0
B0793FPSS7,66.0,,66.0,,
B07945P82B,,,,,157.0
B0794DZTRQ,,632.0,,632.0,632.0
B0794F14V6,24472.0,24472.0,24472.0,24472.0,24472.0
B0794GZ3YF,770.0,770.0,770.0,770.0,770.0
B0794T675L,,,,,71.0
B07952C8FS,,,,,533.0
B07958HT87,,,,406.0,406.0
B0795RPT6L,224.0,,224.0,,224.0
B0795SJ17Z,206.0,206.0,206.0,206.0,206.0
B0795SLKNK,,,,,6.0
B0795SY3Z9,,,51.0,,51.0
B0795VHPFF,,,,,62.0
B0795VHPFG,477.0,477.0,477.0,477.0,477.0
B0795VHPFJ,,,,,20.0
B0795VMQ8T,,,,,111.0
B0795W4PYQ,,,,,95.0
B0795W5Y3G,,,26.0,,
B0795WDZZD,75.0,75.0,,75.0,75.0
B0795WPYL7,330.0,,,330.0,330.0
B0795WXT35,420.0,420.0,,420.0,420.0
B0795XF98Q,75.0,,75.0,,75.0
B0795XM391,,,75.0,,75.0
B0795XSJ92,157.0,,,,157.0
B0795Y457Y,75.0,75.0,,75.0,75.0
B0795Y5PNZ,,,,162.0,162.0
B0795YFYYL,,,,,39.0
B0795YQ8H6,3959.0,3959.0,3959.0,3959.0,3959.0
B0795Z5WP5,1558.0,1558.0,1558.0,1558.0,1558.0
B0795ZCR4H,,51.0,51.0,51.0,
B0795ZCR4K,,76.0,,,76.0
B0795ZY565,,231.0,231.0,231.0,231.0
B0795ZY566,453.0,453.0,,,453.0
B079615723,632.0,632.0,,632.0,632.0
B079616QF8,1641.0,1641.0,1641.0,1641.0,1641.0
B079619KVB,330.0,,330.0,,330.0
B079619KVF,,,49.0,49.0,49.0
B07963D2SN,,,,,156.0
B07963MFHT,,26.0,,,
B07963NRNS,19.0,,,,
B07964HRFK,169.0,,,,
B07966QMNM,,,,,520.0
B07966X5YX,520.0,,,,520.0
B079679JW6,,,,,361.0
B079688PFH,,,,6.0,
B07968R1BB,28.0,,,,
B07968ZLW4,8.0,,,8.0,
B0796925RH,144.0,,,,
B07969TQDT,,,,,12.0
B0796B9VTM,,140.0,,,140.0
B0796BHXQ5,71.0,,,,71.0
B0796SLP4W,2290.0,2290.0,2290.0,2290.0,2290.0
B0796T2F5D,568.0,568.0,,568.0,568.0
B0796T6R35,,,320.0,,320.0
B0796YDTW4,,,,,23.0
B0796ZLV9G,,31.0,,31.0,31.0
B07973C8BV,,,44.0,,
B07976L1QT,,,,,33.0
B07976X26W,,,,,6.0
B0797BTY6R,,41.0,,41.0,41.0
B0797MS1W5,,,28.0,,
B0797P1S98,,,,,43.0
B0797XHN7J,,,,,941.0
B0797XTNZJ,,,,,20.0
B07981TZY4,,,,,82.0
B07982GZJZ,,,,82.0,
B07982S4QT,,,,,112.0
B07983VTW1,770.0,770.0,770.0,770.0,770.0
B0798BBMLP,2197.0,,2197.0,2197.0,2197.0
B0798BN93M,,157.0,,,
B0798BY1CL,453.0,453.0,,453.0,453.0
B0798GWR3Z,,,158.0,,
B0798S3H1V,,,,,40.0
B0798XPJRF,,52.0,52.0,52.0,52.0
B0798Y95C6,,169.0,,,169.0
B0798ZRNF6,432.0,,432.0,432.0,432.0
B079947BN6,3.0,,,,
B079953SC5,,,,,190.0
B0799KPC58,719.0,719.0,719.0,,719.0
B0799LV6G6,,,,,1.0
B0799Q9RYQ,,,,,325.0
B0799RVYZJ,929.0,929.0,929.0,929.0,929.0
B0799SB7B4,1200.0,,1200.0,1200.0,1200.0
B0799SBSC9,2635.0,2635.0,2635.0,2635.0,2635.0
B0799T4W5K,,,258.0,258.0,258.0
B079B14199,402.0,402.0,,,402.0
B079B8JKVK,,,502.0,,502.0
B079B9CXYM,217.0,,,,
B079B9J9ZQ,,,480.0,,480.0
B079BBJ4YM,6063.0,6063.0,6063.0,6063.0,6063.0
B079BD7H37,,18.0,,,
B079BD7J2T,915.0,,,915.0,915.0
B079BHL6GV,1077.0,1077.0,,1077.0,1077.0
B079BHQZLB,,,,,217.0
B079BJG7V6,217.0,,217.0,,217.0
B079BXDLXN,430.0,430.0,430.0,,430.0
B079C2348D,,,,,52.0
B079C6YWDW,169.0,,,,169.0
B079CFRF8M,,,,,221.0
B079DPHHMC,,,,,911.0
B079DVR3TL,,,,81.0,
B079DWFB5X,,,,,1637.0
B079DX64N9,67.0,,,,
B079DY8GGN,686.0,686.0,686.0,686.0,686.0
B079FGVQQV,,,,,24472.0
B079FGYQLL,,,,,24472.0
B079FM9NR1,,,,,164.0
B079FRL216,,,24472.0,,24472.0
B079G1V6W3,,,,,437.0
B079G7XJRK,,,,34.0,34.0
B079G872MS,,,,,129.0
B079G9WTQ5,4.0,,,,
B079GCLX9K,3178.0,,,,3178.0
B079GDLVMZ,,,3178.0,3178.0,3178.0
B079GF8KWC,,,,,3178.0
B079H1YRWY,,,45.0,,45.0
B079H2B5WY,45.0,,45.0,45.0,45.0
B079H2B6VL,,,,271.0,271.0
B079H6KX21,,20.0,,,
B079H6MR67,,,,180.0,180.0
B079HB1V9N,,15.0,,,
B079HBGNQ6,,,,,271.0
B079HBVVZF,,,,24.0,24.0
B079HBWDNG,1855.0,,,1855.0,1855.0
B079JPVZRL,109.0,,,109.0,109.0
B079JQFQPV,,,829.0,,829.0
B079JX75MQ,,,,,74.0
B079JXRYK5,,,,166.0,
B079K1DV1Y,,,,,45.0
B079K4XX1D,13.0,,,,
B079KFTS8J,318.0,318.0,318.0,,318.0
B079KFX74L,630.0,630.0,630.0,630.0,630.0
B079KFXFFZ,,1243.0,1243.0,,1243.0
B079KHFY34,1109.0,,1109.0,1109.0,1109.0
B079KHFY38,,,,,706.0
B079KKCV19,706.0,,706.0,706.0,706.0
B079KLZ8LT,,,,,3.0
B079KMQW8L,1243.0,1243.0,1243.0,,1243.0
B079KMQWNL,262.0,,262.0,262.0,262.0
B079KQTLHZ,407.0,407.0,407.0,,407.0
B079KS8QCD,859.0,859.0,859.0,859.0,859.0
B079KSLLHD,,5641.0,,5641.0,5641.0
B079LG1K1V,,,,,779.0
B079LGLWFK,,,,,237.0
B079LH68K7,237.0,,237.0,237.0,237.0
B079LHJF5D,,,,,119.0
B079LHSZX4,,201.0,,,201.0
B079LJS5R7,2081.0,2081.0,2081.0,,2081.0
B079LZMJK8,,,,,16.0
B079M9XL94,,2668.0,2668.0,2668.0,2668.0
B079M9Y174,,792.0,792.0,792.0,792.0
B079MBTPNV,,50.0,,,
B079MC14CH,,,,,268.0
B079MCNS2J,,20.0,,,
B079MG27XF,56.0,56.0,,,56.0
B079MR4T4Z,632.0,,,,632.0
B079MRQN7S,,938.0,,,
B079N9CQNQ,,,,268.0,268.0
B079NDTCNC,,144.0,,144.0,144.0
B079NN912V,4230.0,4230.0,4230.0,4230.0,4230.0
B079NRPHK2,1705.0,1705.0,1705.0,1705.0,1705.0
B079P2SSZ8,1844.0,,,1844.0,1844.0
B079P4P863,2009.0,2009.0,2009.0,2009.0,2009.0
B079P52VQH,355.0,,,355.0,355.0
B079P5NCJ4,,,,490.0,490.0
B079P62CBD,158.0,158.0,158.0,,158.0
B079P7PN18,400.0,,400.0,400.0,
B079P7Y99Y,,317.0,317.0,317.0,317.0
B079P9K29Q,,,,149.0,
B079PF57QL,978.0,,,,978.0
B079PFTS1D,,,,,762.0
B079PFTS1F,1771.0,1771.0,1771.0,1771.0,1771.0
B079PZN4KJ,,59.0,,,
B079Q48NDF,,,,791.0,791.0
B079Q49XRX,,,,,90.0
B079QGX7LT,295.0,,,,
B079QGX9K7,1135.0,1135.0,1135.0,1135.0,1135.0
B079QGX9KD,,,56.0,,56.0
B079QN9X7G,,,38.0,,38.0
B079QNB17V,,,,,2555.0
B079QNF8G7,17.0,,,,
B079QNFDLB,295.0,,,295.0,
B079QNFDLJ,,,,,318.0
B079QNFF4D,,,,,46.0
B079QQR8F1,,2087.0,2087.0,,2087.0
B079QQR8F2,3058.0,3058.0,3058.0,3058.0,3058.0
B079QQT9XR,1611.0,1611.0,1611.0,1611.0,1611.0
B079QQWBRM,,,,,85.0
B079QSF4YT,,,,,243.0
B079QV3ZK1,562.0,,562.0,562.0,562.0
B079QV4TSF,,,23.0,23.0,
B079QWGT8M,,71.0,71.0,,
B079QWGT8Y,,,,,1748.0
B079QWJX51,,479.0,479.0,479.0,479.0
B079QX115M,,,,,64.0
B079QX5XZ6,,636.0,636.0,636.0,636.0
B079QXLT2V,1491.0,1491.0,1491.0,1491.0,1491.0
B079QXPZXK,,,,318.0,318.0
B079RH6WZS,,,,1589.0,1589.0
B079SB5MMJ,605.0,,,,
B079SCMC9W,,,909.0,,909.0
B079SD23FZ,,,,,212.0
B079SF7TYT,,,,,231.0
B079SJ7RYS,,,,2477.0,2477.0
B079SKL3ZP,2214.0,,2214.0,2214.0,2214.0
B079SQJ7ZR,1.0,,,,
B079SRWNQP,58.0,,,,58.0
B079SSG486,,,,,623.0
B079T44Y33,58.0,,,,
B079T65F87,,,102.0,,102.0
B079T977Q2,,,,,26.0
B079T9XPMK,,,,,29.0
B079TBLWP8,25.0,,,,25.0
B079TBRNB1,,,,,177.0
B079TDZ316,,,,,366.0
B079TTZ22W,,,,,847.0
B079TTZGK5,847.0,847.0,,,847.0
B079TTZKPT,,,,,40.0
B079TY183S,,,,,12.0
B079VG579Q,,,,,249.0
B079VGLB8T,190.0,,190.0,,
B079VWYFQ6,,,,,520.0
B079W2F5SG,,725.0,,,725.0
B079W764X1,380.0,380.0,,,380.0
B079W764X9,,,,39.0,
B079W764XZ,,,,167.0,167.0
B079W9G3KK,,,,,181.0
B079W9V1KH,,,,,12.0
B079WB2598,,,,,190.0
B079WB37ZV,,,,380.0,380.0
B079WB9YRC,,,87.0,,
B079WBN5K9,87.0,,,,
B079WBNJP9,,,87.0,87.0,87.0
B079WBXVB1,,380.0,380.0,,380.0
B079WBXVBK,,,,,87.0
B079WBXW9D,,,,,39.0
B079WBXWT1,,,,,380.0
B079WCRC52,,87.0,87.0,,
B079WCSTL1,,,,,39.0
B079WCZN7K,,,,,380.0
B079WCZN7L,,,380.0,,
B079WD1MT3,,,,380.0,380.0
B079WWWBQN,,,,74.0,
B079XRKK5J,1591.0,1591.0,,,1591.0
B079XY9LPF,850.0,,,850.0,850.0
B079Y1S6DX,,,,,332.0
B079Y4B5BJ,,,,,129.0
B079Y5NT2K,,,,,73.0
B079Y64K47,,,,587.0,587.0
B079Y6SWZZ,586.0,,586.0,586.0,586.0
B079Y6WYR8,,,,183.0,
B079Y6Y8TZ,957.0,957.0,957.0,,957.0
B079Y8DDSM,,,,,38.0
B079Y8LKXM,,,,,38.0
B079Y8Q472,,,,24.0,
B079YBF9MB,12.0,,,,
B079YBF9MC,,,33.0,33.0,33.0
B079YYT6C6,,,,60.0,60.0
B079YZV16B,17.0,,,,17.0
B079Z41RSV,,,77.0,,
B079Z42639,,,,,77.0
B079Z9K7G2,1342.0,,,1342.0,1342.0
B079ZB5H5H,68.0,,,,
B079ZBHMPB,,,68.0,,
B079ZH3W4S,2264.0,,2264.0,2264.0,2264.0
B079ZJK4XQ,,,,480.0,480.0
B079ZJP3H6,77.0,,,,
B079ZMHY9T,,,8.0,,
B079ZN2BCN,574.0,,,,574.0
B079ZNB8S2,,,,,77.0
B079ZP3Q95,447.0,447.0,,447.0,447.0
B079ZYB6M2,779.0,779.0,779.0,779.0,779.0
B07B11KKWR,,,,,166.0
B07B16G5N4,,,,,5774.0
B07B1GQF9T,,,,51.0,51.0
B07B1HMK8J,,,,,132.0
B07B1L1JB1,,,,,2.0
B07B327LMY,1229.0,,,1229.0,1229.0
B07B3299ZV,,,,421.0,421.0
B07B32PL1C,1247.0,1247.0,1247.0,1247.0,1247.0
B07B36G5SC,,,,,8100.0
B07B37732F,,,,,966.0
B07B37MK4B,,,,,140.0
B07B39H7LC,1094.0,1094.0,,1094.0,1094.0
B07B3C2HVF,9369.0,,9369.0,9369.0,9369.0
B07B3HHDS3,,,,29.0,29.0
B07B3LQ7NB,,,,,76.0
B07B3P51PJ,31.0,,,,31.0
B07B3RR9YX,,,,,4.0
B07B3S9R3P,,,,,243.0
B07B3WRYJN,,,,,177.0
B07B3XQZ42,6309.0,6309.0,6309.0,6309.0,6309.0
B07B4DZGRR,418.0,,418.0,418.0,418.0
B07B4L5P49,,,,397.0,397.0
B07B4LFQ6D,,,,,82.0
B07B4LVXRT,,,,,36.0
B07B4ML8QM,,,,,698.0
B07B4MXLR7,,,,,20.0
B07B4MYWSF,,,,544.0,
B07B4MZ78C,,,,,7.0
B07B4N3JY9,,,,,698.0
B07B4NNRQX,,,,,1637.0
B07B4NYF6L,,,,,26.0
B07B4NZNJG,,,,,8.0
B07B4P168G,,,,,1637.0
B07B4PN1N1,,,137.0,,137.0
B07B4QQ58H,137.0,,,137.0,137.0
B07B4RZ87J,388.0,,,,
B07B4SLTYG,,519.0,519.0,,519.0
B07B4TDFZS,,,1624.0,1624.0,1624.0
B07B4TVP7D,1541.0,,1541.0,1541.0,1541.0
B07B53D3R2,3084.0,,3084.0,,3084.0
B07B53VSBX,3084.0,3084.0,3084.0,3084.0,3084.0
B07B541D8P,2777.0,2777.0,,2777.0,2777.0
B07B54XKWK,2904.0,2904.0,2904.0,2904.0,2904.0
B07B5HGLKM,1181.0,,,,1181.0
B07B5MS314,,,,,203.0
B07B5S46B4,,86.0,,,86.0
B07B5TPPGX,,,,,12.0
B07B5XQNTX,308.0,,,,308.0
B07B68W1PL,2709.0,2709.0,2709.0,2709.0,2709.0
B07B6BZTP2,2902.0,2902.0,,,2902.0
B07B6C1FNG,2902.0,,,2902.0,
B07B6C1N5T,,,,,1088.0
B07B6C2PVD,2902.0,,,,
B07B6C4FK1,649.0,,649.0,,649.0
B07B6C5GNV,106.0,106.0,106.0,106.0,
B07B6CBR7J,,,,,2902.0
B07B6CM52Z,,,2902.0,2902.0,
B07B6CMQ9K,,,,,101.0
B07B6CX24W,,2902.0,2902.0,,2902.0
B07B6DBKC2,,,,2902.0,
B07B6DCRWS,,,2902.0,,2902.0
B07B6DGKN3,2902.0,,,,
B07B6DJKC3,2902.0,,,,2902.0
B07B6PPNV8,,1.0,,,
B07B6SVGRG,,,,,5.0
B07B6SVS2D,,,,,20.0
B07B6WF9JN,,,4.0,,
B07B7KLF1L,703.0,,,,703.0
B07B7MJ4X9,,,986.0,,986.0
B07B7N3F6W,,,,465.0,465.0
B07B7P3R7F,,80.0,,,80.0
B07B7P4NCK,,,,,245.0
B07B7PZ1HL,,,848.0,848.0,848.0
B07B8DZN6B,1031.0,1031.0,1031.0,1031.0,1031.0
B07B8HJ9P9,,,,,1795.0
B07B8K64VY,,2265.0,,,
B07B8PZT78,28.0,28.0,,,
B07B8Q4VCR,,,,22.0,
B07B8QVCZX,,,,,30.0
B07B8SPWY6,,446.0,,,446.0
B07B8WL937,,12.0,,,12.0
B07B8XLFMX,,,,,9.0
B07B9H747Z,,,,,67.0
B07B9HXZX9,,,,,184.0
B07B9JS7H8,62.0,,,,
B07B9JSN3P,,,124.0,124.0,124.0
B07B9KR228,76.0,76.0,,,76.0
B07B9LNN89,,4073.0,,,
B07B9LX52K,,,,175.0,175.0
B07B9NT424,,,,,55.0
B07B9ZHH36,,,,20.0,20.0
B07BB166N9,,562.0,,,
B07BB3178Z,,,,103.0,
B07BB32RB2,,,,90.0,90.0
B07BB47Y4H,,,153.0,,153.0
B07BB5CDDH,,70.0,70.0,,
B07BB629TS,440.0,440.0,440.0,440.0,440.0
B07BB64R5D,,,87.0,,87.0
B07BB75TMF,,,,15.0,15.0
B07BB7H7JB,,,,,297.0
B07BB7JB6T,,,12.0,,12.0
B07BB83HP6,,,15.0,,15.0
B07BB85RD8,11.0,11.0,11.0,11.0,11.0
B07BB85WS3,,,,25.0,25.0
B07BB86HJB,,48.0,,48.0,48.0
B07BB886PP,,,11.0,11.0,11.0
B07BB8ZH73,224.0,,224.0,224.0,224.0
B07BB8ZJGB,,,,,14.0
B07BB95T1P,,,46.0,46.0,46.0
B07BBFDLVH,,,,,3.0
B07BBGKMR7,,,,,40.0
B07BBNP1JM,,,,,15.0
B07BBNXWH8,,,,,966.0
B07BC2ZJQ2,,,,,449.0
B07BC4PTQK,,,,,449.0
B07BC4RP63,,,,,449.0
B07BC6ZW7N,,,,,449.0
B07BC9139Z,,,,,449.0
B07BCCRWVT,2920.0,,,2920.0,2920.0
B07BCJVLWC,,,,,92.0
B07BD515BH,,,,,330.0
B07BD5FTS4,105.0,,105.0,,105.0
B07BD5GX7M,,190.0,,,190.0
B07BD5GX7P,,,,149.0,149.0
B07BD5J67L,,,2471.0,,2471.0
B07BDKDWCB,3311.0,,,3311.0,3311.0
B07BDM6ZFS,225.0,,225.0,225.0,225.0
B07BDM6ZG4,,,,,6.0
B07BDMWVZZ,,,,,105.0
B07BDMWW1B,,,,,8.0
B07BDNGZXX,,,166.0,,166.0
B07BF8B378,638.0,,,638.0,638.0
B07BFBQT2D,,,262.0,262.0,262.0
B07BFCY78G,,,128.0,128.0,
B07BFD5H4K,,,128.0,,128.0
B07BFHHH6Y,,480.0,480.0,480.0,480.0
B07BFJ8XHJ,,,,,26.0
B07BFNYGNL,,,,,92.0
B07BFPNL7Y,,,,,92.0
B07BFPQ4W4,,,,7.0,7.0
B07BFPTYK2,,,,92.0,
B07BFPY6KM,,,92.0,,92.0
B07BFQ2RMY,,,,412.0,412.0
B07BFQ426H,,,,,412.0
B07BFQ8D2R,412.0,412.0,,412.0,412.0
B07BFQ8D2S,,,,412.0,412.0
B07BFR7Q4B,,,,412.0,412.0
B07BGTH8R2,,,,,14.0
B07BGX51CP,,,738.0,738.0,738.0
B07BH28VBB,1854.0,1854.0,1854.0,,1854.0
B07BH4HX16,,,285.0,,
B07BH4MCM9,,,,94.0,94.0
B07BH4MWGD,,,,125.0,125.0
B07BH4MXMZ,,,,,110.0
B07BH4PTKY,,,,,285.0
B07BH4W12K,,,,,285.0
B07BH4X8ZZ,285.0,,,,
B07BH4Y8V6,,,,110.0,
B07BH512BZ,,3.0,,,
B07BH527SV,,,,,285.0
B07BH5378N,1.0,,,,
B07BH55CRF,,,,,11.0
B07BH55LPT,,,,,110.0
B07BH5F3DZ,,,,,110.0
B07BH5K32X,2338.0,,,,
B07BH5R8YF,1534.0,1534.0,1534.0,1534.0,1534.0
B07BH9VPDV,,,,,11.0
B07BHB2FK6,,,,1355.0,1355.0
B07BHS89HC,,,,,903.0
B07BHV4T32,746.0,,746.0,,746.0
B07BHVCMJT,,,194.0,,194.0
B07BHVVY48,,,,194.0,
B07BHY62C6,,,,,33.0
B07BHZ25YP,,,37.0,37.0,37.0
B07BHZ7N5C,,,14.0,,
B07BJ6Z39J,,,349.0,349.0,349.0
B07BJMYMS6,,221.0,,,
B07BK6ZMKG,3679.0,3679.0,3679.0,3679.0,3679.0
B07BKPVWKX,,,,,1637.0
B07BKQBXL6,,,,1637.0,1637.0
B07BKRF132,,,,,390.0
B07BKV4B6Q,14326.0,14326.0,14326.0,14326.0,14326.0
B07BL11G19,1288.0,1288.0,1288.0,1288.0,1288.0
B07BL19PT9,,,,,72.0
B07BL1CG3H,,,,,242.0
B07BL1CJRN,,,,1120.0,1120.0
B07BL1J2LK,,,585.0,,585.0
B07BLRRS4L,732.0,,,,
B07BLTHM5R,,,,,732.0
B07BLX854T,732.0,,,,
B07BMBQG73,,,,,1031.0
B07BMCHC8Q,,,,410.0,410.0
B07BMDDJVH,,942.0,942.0,,942.0
B07BMFMBH3,,632.0,,,632.0
B07BMG5G2F,,,,513.0,513.0
B07BMHGK86,,,779.0,,
B07BMHGWH6,,,,170.0,170.0
B07BN21K2D,,,,,22.0
B07BN3BRWX,,206.0,,,206.0
B07BN57SPV,106.0,106.0,,106.0,106.0
B07BNQF469,,,,27.0,27.0
B07BNQVWJW,,3682.0,3682.0,,3682.0
B07BNRR82Z,,,,,134.0
B07BNSG87Z,18.0,,18.0,18.0,18.0
B07BNSM5XC,,3858.0,3858.0,3858.0,3858.0
B07BNT684H,1170.0,1170.0,1170.0,1170.0,1170.0
B07BNXZDSL,,446.0,,,446.0
B07BNY96Q4,388.0,,,,388.0
B07BP6B1R3,,,539.0,539.0,539.0
B07BP79RB3,,,166.0,,166.0
B07BP8NPW4,,,,344.0,344.0
B07BP9RVVR,,,,,179.0
B07BPB62WW,,,,,46.0
B07BQ4JKTD,,,,,38.0
B07BQG5465,257.0,,257.0,,257.0
B07BQW3WLZ,,,,,386.0
B07BQXCFHF,,,,,7.0
B07BR4ZVVN,,,,,40.0
B07BR5BZRX,,,,,66.0
B07BR8KZ1S,,,,,423.0
B07BR9PW57,386.0,,,,
B07BRJZC27,,,,,242.0
B07BRJZH7M,,,,141.0,141.0
B07BRJZJ99,,200.0,,,200.0
B07BRJZNRK,,,,,141.0
B07BRTPGGK,,,,,120.0
B07BRVTJM2,26892.0,26892.0,26892.0,26892.0,26892.0
B07BRW9HD3,65.0,,,,65.0
B07BRXF8M2,,,,,54.0
B07BRXF8MC,,,,,64.0
B07BRXS1HV,,,,,185.0
B07BRXVRDY,,,,,18.0
B07BRXVYXJ,,,,,32.0
B07BRXW14H,,,,,200.0
B07BRXW67F,,,,,158.0
B07BRXWB8M,,,,88.0,88.0
B07BRXZ8VH,,,339.0,,339.0
B07BRY67D4,120.0,,,,
B07BRY6CWR,,,120.0,,
B07BS13JFP,,85.0,,,85.0
B07BS1L1HK,339.0,,,,
B07BSSDP5D,,,661.0,661.0,661.0
B07BSV5CSN,1010.0,1010.0,1010.0,1010.0,1010.0
B07BSYG1TZ,,,,256.0,256.0
B07BV14CH7,,,,65.0,65.0
B07BVJ7FNY,23.0,,,,23.0
B07BVQJ9R5,,30.0,30.0,,30.0
B07BW5WLBP,,1239.0,,1239.0,1239.0
B07BW6R97V,,,,210.0,
B07BWCYTJL,,,360.0,360.0,
B07BWCZZZ5,,,,363.0,
B07BWFS93N,,,,,212.0
B07BWHF8VQ,27900.0,27900.0,27900.0,27900.0,27900.0
B07BWJYWGV,,,,68.0,68.0
B07BWLDWX6,,,,75.0,75.0
B07BX3DFVK,,5279.0,5279.0,5279.0,5279.0
B07BX5PGKT,5279.0,,,,5279.0
B07BX6L4GT,,,,,515.0
B07BXFJ5N8,,,,,164.0
B07BXHZ2YQ,80050.0,80050.0,80050.0,80050.0,80050.0
B07BXNF2X8,,,,,71.0
B07BXNTTKL,,,,,15.0
B07BXP34GN,80050.0,80050.0,80050.0,80050.0,80050.0
B07BXPYFQ1,80050.0,80050.0,80050.0,80050.0,80050.0
B07BXW36T3,,,,,19.0
B07BXZJXPP,,,,,1637.0
B07BXZMKMD,9.0,,,,
B07BY2PCHM,,627.0,627.0,627.0,627.0
B07BY7VHT2,,,902.0,,
B07BY7WX4B,,,7.0,,
B07BYGWY75,,25.0,,25.0,25.0
B07BYL3DNF,,,,,1991.0
B07BYQPCHS,,,,,29.0
B07BYSBWC5,,,,,434.0
B07BYTBK3W,,71.0,,,71.0
B07BYV5YPN,,49.0,49.0,,
B07BYZR22Q,30.0,,,,30.0
B07BZ1ZYF9,6.0,,,,6.0
B07BZ2L75N,,1868.0,,,
B07BZ5XF5P,,,1931.0,1931.0,1931.0
B07BZ7CMZ1,,,,,26.0
B07BZ7G9TK,176.0,,,,
B07BZ7G9TM,,,,,176.0
B07BZ7GBV6,1868.0,1868.0,1868.0,,1868.0
B07BZ7GBW5,,,,,64.0
B07BZ7GBWQ,437.0,,437.0,,437.0
B07BZ7H9Q2,,22.0,,,22.0
B07BZ7H9S2,1868.0,1868.0,,,1868.0
B07BZ85G5F,64.0,,,,
B07BZ85K99,,,124.0,,
B07BZ85N55,,,,,236.0
B07BZ87JF2,,1868.0,1868.0,1868.0,1868.0
B07BZ87JXM,,,437.0,,
B07BZ89P9Z,,,,236.0,
B07BZ99K79,,,,3139.0,3139.0
B07BZBZD1H,,,,,128.0
B07BZC65LL,4174.0,,4174.0,4174.0,4174.0
B07BZCRC9S,,,,,333.0
B07BZHDL54,,,,,29.0
B07BZHK593,,,,39.0,39.0
B07BZJVF3N,,,,,16.0
B07BZMK74M,,,,,14.0
B07BZSZZ4X,,,,,13.0
B07BZT354X,13.0,,,,
B07BZT6RX5,,,,,38.0
B07BZT76M1,333.0,,,333.0,
B07BZV1YHL,,,,,82.0
B07BZV2PFL,25.0,25.0,,25.0,25.0
B07BZV2PGG,,,,,22.0
B07BZV2SNJ,28.0,,,,28.0
B07BZY4NJC,,,,,13.0
B07C1SZ37K,14367.0,14367.0,14367.0,14367.0,14367.0
B07C1SZ576,,236.0,,236.0,236.0
B07C1TVQ8G,1896.0,1896.0,1896.0,1896.0,1896.0
B07C1XY59T,761.0,,,,
B07C1XYBTJ,39.0,39.0,39.0,39.0,39.0
B07C25HT87,,,,68.0,68.0
B07C28FY47,1309.0,,,,1309.0
B07C29GXWZ,,,,1309.0,1309.0
B07C29QF1J,956.0,956.0,,956.0,956.0
B07C29ZZHL,,1309.0,1309.0,1309.0,1309.0
B07C2G6M6X,,,,,761.0
B07C2KC92C,,,,,9.0
B07C2KMTT8,,,,,27.0
B07C2Q89NN,1309.0,1309.0,,,1309.0
B07C33875X,,,,,110.0
B07C33R5SM,9.0,9.0,,9.0,9.0
B07C36GY7N,10314.0,,,,
B07C3BB685,2093.0,2093.0,2093.0,2093.0,2093.0
B07C3P8YW8,5921.0,5921.0,5921.0,5921.0,5921.0
B07C3V7DMC,,,,,160.0
B07C3V81Y6,,,,,89.0
B07C3ZSSK4,,,,,534.0
B07C4GB8Q1,1338.0,1338.0,1338.0,1338.0,1338.0
B07C4PNMT6,,,467.0,467.0,467.0
B07C4PRRJ5,,,,,17.0
B07C4ZQGW9,,,,,33.0
B07C537KS4,,,,12.0,
B07C5392CT,,,,,1.0
B07C5493VD,,,,,401.0
B07C54GJX9,874.0,874.0,874.0,,874.0
B07C54HBDC,1495.0,,1495.0,,1495.0
B07C54KBR2,,,,,1724.0
B07C56SLD5,,194.0,,,194.0
B07C56SLDN,,,26.0,26.0,26.0
B07C57V57P,,,324.0,324.0,324.0
B07C57YW8M,,,,314.0,314.0
B07C5D7FXY,21.0,,,,
B07C5D7Z6J,,,,27.0,
B07C5TGWDJ,,,95.0,,95.0
B07C6C53NM,,,,,10.0
B07C6D9P63,,,,,477.0
B07C6F9682,5.0,,,,
B07C729G14,,,,,132.0
B07C75471F,189.0,189.0,,189.0,
B07C757JB4,46.0,,,,46.0
B07C7H1X5X,206.0,,,206.0,206.0
B07C7HWSVM,,,,,17.0
B07C7KCF4W,,,,42.0,42.0
B07C7LCP6J,192.0,,192.0,,192.0
B07C7TN4Y2,,65.0,,,65.0
B07C82LR6W,,,,,188.0
B07C84JW6N,,297.0,,297.0,297.0
B07C85BY1S,,,,,64.0
B07C85QFS2,,,,,139.0
B07C885HWP,,,,,21.0
B07C8FK55C,942.0,942.0,,,942.0
B07C8N2DL6,115.0,,,,115.0
B07C8SWVBZ,,,513.0,513.0,513.0
B07C8VCXWD,,,,513.0,513.0
B07C8WTDZG,3947.0,,,,3947.0
B07C91HM1S,1294.0,1294.0,1294.0,1294.0,1294.0
B07C922P4P,,,,,250.0
B07C92TFS1,,,284.0,,284.0
B07C945NL7,,,,5.0,
B07C973F22,259.0,,,259.0,259.0
B07C9B9MHD,,,,70.0,70.0
B07C9HZLBS,406.0,,,,406.0
B07C9K89P8,,,,,120.0
B07C9KGL9G,120.0,,,120.0,
B07C9KK6ZV,,,,,105.0
B07C9KQRW7,,,263.0,,
B07C9MM9LM,,,,,44.0
B07C9RTQG7,,,,,29.0
B07CB1GZF9,,,,62.0,62.0
B07CB4C5WF,,58.0,,,
B07CB4YKJL,27.0,,,,
B07CBB9MB4,80050.0,80050.0,80050.0,80050.0,80050.0
B07CBF6H5T,,2547.0,2547.0,2547.0,2547.0
B07CBJ9X91,,,51.0,,
B07CBL86DD,,,,,236.0
B07CBL8LGR,1868.0,,,,
B07CBL8LGS,1868.0,,,,
B07CBL8LHX,437.0,,,,437.0
B07CBLBQDV,,176.0,,176.0,
B07CBLBVTJ,1868.0,1868.0,,1868.0,1868.0
B07CBLBXCH,,,,,1868.0
B07CBLC3YD,437.0,,,,437.0
B07CBLT3LP,,,,,1991.0
B07CBLV6KW,2624.0,2624.0,2624.0,2624.0,2624.0
B07CBM3BFF,,,,,21.0
B07CBN3XPD,,,,,34.0
B07CBP8PPL,,,,40.0,40.0
B07CBP8PQ3,,,531.0,,531.0
B07CBPDRJQ,3021.0,3021.0,,,3021.0
B07CBPH5ZM,,,,82.0,
B07CBPHC8P,60.0,,60.0,60.0,60.0
B07CBTZN8S,40.0,,40.0,40.0,40.0
B07CBWG8VT,,28.0,28.0,28.0,28.0
B07CC3VZJP,,,,644.0,644.0
B07CC4VHGJ,593.0,,593.0,,593.0
B07CC6T22N,2031.0,2031.0,2031.0,2031.0,2031.0
B07CCD5FHT,682.0,,,682.0,682.0
B07CCJVP46,,3182.0,,,3182.0
B07CD5CJ73,,,,,120.0
B07CD5MZNV,,,132.0,,132.0
B07CD5V483,263.0,,,263.0,263.0
B07CD5XTYC,,,,158.0,158.0
B07CD5XTYP,,,,,69.0
B07CD5ZH98,,6.0,,,
B07CDM1641,29.0,29.0,,,
B07CF5545N,,,,,236.0
B07CF5JQMD,,,,,1868.0
B07CF5JQMT,,,124.0,,
B07CF5JQN9,437.0,,,,
B07CF5M12C,1868.0,1868.0,,,1868.0
B07CF5VGGV,101.0,101.0,101.0,,
B07CF5VGH9,,,,,236.0
B07CF7HVPV,4174.0,,,,4174.0
B07CF8KDG9,7.0,7.0,7.0,,
B07CF8L26C,,38.0,38.0,38.0,38.0
B07CF8L3M6,,,,,275.0
B07CF8MTDS,,,,,188.0
B07CF8WYJY,1491.0,1491.0,1491.0,1491.0,1491.0
B07CF923PW,168.0,,,,168.0
B07CF92S7N,,82.0,,,82.0
B07CFCZ72T,,,,47.0,47.0
B07CFCZ72V,,,26.0,26.0,
B07CFPHTLH,403.0,,403.0,403.0,403.0
B07CFX5CDY,,,57.0,57.0,57.0
B07CFXY7DV,,,,,23.0
B07CGCTM8G,,,4193.0,4193.0,4193.0
B07CGFZW5F,434.0,434.0,,434.0,434.0
B07CGLMKJ4,,248.0,,248.0,248.0
B07CGR7JBW,2542.0,2542.0,2542.0,2542.0,2542.0
B07CGXNCXW,,28.0,,,
B07CH2K1JS,,,862.0,862.0,862.0
B07CH48166,,,,,518.0
B07CH6WV1B,392.0,392.0,,,392.0
B07CH87YRW,14367.0,,14367.0,14367.0,14367.0
B07CH8T1LQ,617.0,,617.0,617.0,617.0
B07CH974ZQ,,,,,195.0
B07CHBPPP3,,,,,137.0
B07CHBQ38W,129.0,129.0,,,
B07CHBQ56Y,750.0,750.0,750.0,750.0,750.0
B07CHF42YY,,,73.0,73.0,73.0
B07CHKH7M8,,,,129.0,
B07CHKM62V,,,,750.0,750.0
B07CHKM87X,,,,,750.0
B07CHLFV5T,,76.0,,,76.0
B07CHQ5X9R,,,,31.0,31.0
B07CHV6X2H,,,31.0,,31.0
B07CHWPV3G,2118.0,,2118.0,2118.0,2118.0
B07CHZ2CXR,81.0,81.0,81.0,81.0,81.0
B07CJ35NHZ,1147.0,1147.0,1147.0,1147.0,1147.0
B07CJ4N45C,,,,,1226.0
B07CJ5ZY44,,,,143.0,143.0
B07CJ61BD1,3074.0,3074.0,3074.0,,3074.0
B07CJ61W74,3074.0,3074.0,3074.0,3074.0,3074.0
B07CJ6FGK6,,,,,16.0
B07CJF1D7X,2959.0,2959.0,,2959.0,2959.0
B07CJF6J6M,408.0,408.0,,408.0,408.0
B07CJJBSBV,605.0,605.0,605.0,,605.0
B07CJJG1P3,,,,,324.0
B07CJJJ349,318.0,318.0,,318.0,318.0
B07CJKJFP3,1530.0,,,,1530.0
B07CJKS541,,781.0,,,781.0
B07CJKSB6Q,,,,,22.0
B07CJL2F84,860.0,,,860.0,860.0
B07CJL67SP,464.0,,464.0,,464.0
B07CJL9NTR,63.0,63.0,,,63.0
B07CJN132B,261.0,,,261.0,261.0
B07CJVDBTR,,211.0,,211.0,211.0
B07CJVDBV9,,,397.0,,
B07CJXD8GT,1931.0,1931.0,1931.0,1931.0,1931.0
B07CK8DHCW,,,,,19.0
B07CK8SCZV,3139.0,,,,3139.0
B07CKD4CX3,,,,,28.0
B07CKFN7R9,,,,134.0,
B07CKHHN6K,,,942.0,942.0,942.0
B07CKJVWGL,1980.0,,1980.0,1980.0,1980.0
B07CKKXZ5X,,,73.0,73.0,73.0
B07CKYM64N,299.0,299.0,,,299.0
B07CKYZNHY,,,,,408.0
B07CKYZNLV,2959.0,,2959.0,2959.0,2959.0
B07CL1NK9G,,,,,142.0
B07CL29DC9,,,123.0,123.0,123.0
B07CL2RB5S,,,236.0,,236.0
B07CL4F35L,,,142.0,,
B07CL4FCZ5,,,,,58.0
B07CL7LMYR,,,,,78.0
B07CL8ZHXS,,,,,1980.0
B07CLDRXDS,10961.0,10961.0,,10961.0,10961.0
B07CLJVZJR,,,2.0,,
B07CLMDDJP,,,,,1126.0
B07CLMPYWH,1596.0,1596.0,1596.0,,1596.0
B07CLQBGXV,,,,,11.0
B07CM9QD92,,159.0,,,159.0
B07CMF7442,,,,,38.0
B07CMJQ7P8,36.0,,,,
B07CMY8VYP,,,2.0,,
B07CN6V94V,,,,,942.0
B07CN7D4XM,,10.0,,,
B07CN81KJN,,,,,410.0
B07CN81N9L,,,,,1000.0
B07CNJ9FQV,,,,95.0,95.0
B07CNKZ8Y1,,,,,40.0
B07CNLFVKV,,,,,10723.0
B07CNN59G2,108.0,,,108.0,108.0
B07CNN8ZZ1,,,,,31.0
B07CNPWLFK,,196.0,196.0,196.0,196.0
B07CNQHVVT,108.0,108.0,,108.0,
B07CNQP4WK,,,,,19.0
B07CNVJ6RQ,,405.0,405.0,405.0,405.0
B07CNVM59X,,,68.0,68.0,68.0
B07CNVSXYY,230.0,,,,230.0
B07CNWQ1CJ,,,,12.0,
B07CNX13CJ,126.0,,,126.0,126.0
B07CNXYFSD,1046.0,,1046.0,1046.0,1046.0
B07CNYLMTH,,,,,196.0
B07CNYWH2P,196.0,196.0,196.0,196.0,196.0
B07CP93Z1M,540.0,540.0,,540.0,540.0
B07CPGJCB4,153.0,153.0,153.0,,153.0
B07CPLCY1C,44.0,,,44.0,44.0
B07CPLL4PJ,,,,,25.0
B07CPM7K62,2193.0,,2193.0,,2193.0
B07CPPMSD4,,,,,67.0
B07CPYZ7CV,,,,,1381.0
B07CPZC325,13.0,13.0,,,13.0
B07CPZZXF1,,17.0,,,
B07CQ2P5R7,,4216.0,4216.0,,4216.0
B07CQ38GXX,,,,,81.0
B07CQ7RRS8,,,,8556.0,8556.0
B07CQ8D3F3,2096.0,2096.0,2096.0,2096.0,2096.0
B07CQCB2KH,594.0,,594.0,,594.0
B07CQKNSKB,517.0,,,,517.0
B07CRDB9BG,,,,,46.0
B07CRDBLZL,,,,,30.0
B07CRJ56WV,,,,36.0,36.0
B07CRJBKRD,,39.0,,,
B07CRNHRQH,,,,,33.0
B07CRPPGSN,,,14.0,,
B07CRY8962,,83.0,,,83.0
B07CRZ2249,,,,,83.0
B07CS27Z7N,249.0,,,,249.0
B07CS5KV38,59.0,,59.0,,59.0
B07CS7QF8K,,,439.0,439.0,439.0
B07CSBY1BK,,152.0,,,152.0
B07CSC734H,,,43.0,43.0,43.0
B07CSF96QY,2111.0,,2111.0,2111.0,2111.0
B07CSGKJ7R,,,,32.0,32.0
B07CSHJKBN,562.0,,,562.0,562.0
B07CSJV7S7,,,,,8.0
B07CT96MPH,,,664.0,,
B07CTBBB94,28.0,28.0,28.0,,28.0
B07CTJXDY5,,,,5.0,
B07CTKH9BT,748.0,,,748.0,748.0
B07CTQ35XQ,488.0,,,,488.0
B07CTWKY1K,,,3.0,,
B07CTXPT5T,148.0,,148.0,,148.0
B07CTYM22B,188.0,,,188.0,
B07CV3S66H,201.0,,,,
B07CV41GXQ,,,,,201.0
B07CV4Q2G3,,,,,186.0
B07CV4Q2G7,,,,,113.0
B07CV59P1H,,,,,9.0
B07CV5NW6J,,,,,44.0
B07CVMLZ7J,5292.0,5292.0,5292.0,5292.0,5292.0
B07CVPCX9X,11839.0,11839.0,11839.0,11839.0,11839.0
B07CVS235J,172.0,,,,
B07CVV11PF,,,,,69.0
B07CVV18VH,,,,,172.0
B07CVVR5VZ,,,,248.0,248.0
B07CVVX6Z6,,,,,172.0
B07CVX911K,,,,,150.0
B07CVZZYGC,,,,,20.0
B07CW1LZG2,,24.0,,24.0,24.0
B07CW1YNBX,1328.0,,,1328.0,1328.0
B07CW3MLM5,,,,128.0,128.0
B07CWH3M5V,2512.0,,2512.0,2512.0,2512.0
B07CWLVGZW,941.0,941.0,,,941.0
B07CWXMGHY,,,,680.0,680.0
B07CX1GC95,3815.0,,,,3815.0
B07CX1GC9D,,,27.0,27.0,
B07CX1VVRN,,,30.0,30.0,30.0
B07CX2VW38,,,,,165.0
B07CX2VW4N,551.0,551.0,551.0,,551.0
B07CX33X6T,,,,,328.0
B07CX3LNHQ,985.0,985.0,985.0,985.0,985.0
B07CX3R678,3815.0,3815.0,3815.0,3815.0,3815.0
B07CX4FG52,,,,,1858.0
B07CX4JCCY,10826.0,,10826.0,10826.0,10826.0
B07CX6MNFQ,,,876.0,,876.0
B07CX7TJ46,,511.0,511.0,,511.0
B07CX7TMHH,,,515.0,515.0,515.0
B07CX7XMXS,1390.0,1390.0,,1390.0,1390.0
B07CX92YGD,,162.0,,,162.0
B07CX97JHH,3791.0,,3791.0,3791.0,3791.0
B07CX9TF93,518.0,,518.0,,518.0
B07CXG53V1,25.0,,,25.0,
B07CXGLNFJ,209.0,209.0,209.0,209.0,209.0
B07CXH3D4X,,28.0,28.0,28.0,28.0
B07CXHF9PN,,377.0,377.0,377.0,377.0
B07CXL37J5,,,,,520.0
B07CXMJN8B,,,,,5.0
B07CXV4RBH,2774.0,2774.0,2774.0,,2774.0
B07CXV94HL,919.0,919.0,919.0,919.0,919.0
B07CXV94HQ,,,,,9.0
B07CXVRZPZ,2400.0,2400.0,2400.0,2400.0,2400.0
B07CXVSP7H,2339.0,2339.0,2339.0,2339.0,2339.0
B07CY2XPC1,416.0,,416.0,416.0,416.0
B07CYBL2PK,421.0,421.0,,,421.0
B07CYBR5GZ,1649.0,,1649.0,1649.0,1649.0
B07CYC9N8R,946.0,946.0,,,946.0
B07CYC9TLM,,,,1037.0,
B07CYDF4B9,,,,,80.0
B07CYFCWZF,,,288.0,288.0,288.0
B07CYFMJD5,,,,,72.0
B07CYFMJDD,547.0,,547.0,,547.0
B07CYG6XCD,,,30.0,30.0,30.0
B07CYGHX8X,,5931.0,,,5931.0
B07CYGTY6C,,,,,547.0
B07CYGTY6D,130.0,,,130.0,130.0
B07CYGTY6P,946.0,,946.0,946.0,946.0
B07CYHVWWJ,,,102.0,,102.0
B07CYHVZLG,63.0,,,63.0,63.0
B07CYJJW8H,,,,,122.0
B07CYJJW8J,763.0,763.0,,763.0,763.0
B07CYKD8P1,405.0,,405.0,405.0,405.0
B07CYLXJH6,,,112.0,,112.0
B07CYRS95J,107.0,107.0,,,107.0
B07CYX2V21,,1037.0,1037.0,1037.0,1037.0
B07CYXLSF2,,,,132.0,
B07CYZYJFF,4193.0,,,4193.0,4193.0
B07CZ1D8Y1,,,,,16.0
B07CZ1NJ61,,,4193.0,4193.0,4193.0
B07CZ24RT4,2188.0,,,2188.0,2188.0
B07CZ3TZMN,,,,,138.0
B07CZ44YFS,96.0,,,96.0,96.0
B07CZ4M2P3,,,,3219.0,
B07CZ5MY37,,6556.0,6556.0,,6556.0
B07CZG1M89,,,,2.0,
B07CZGJBRJ,2831.0,,,,
B07CZGJBS1,3626.0,3626.0,3626.0,3626.0,3626.0
B07CZHXNL4,,,,,18.0
B07CZJ1HSW,,,,,10.0
B07CZKH8PK,,,,,815.0
B07CZKZL92,,,,,815.0
B07CZM6DW5,,,,1.0,
B07CZNPSS6,,3.0,,,
B07CZQB723,,,,,4.0
B07CZSXGR4,336.0,,,,
B07CZYGVGY,,,,,13.0
B07D16W4L4,,,82.0,,
B07D17RPMM,,,,,213.0
B07D17Y6GF,334.0,,,334.0,334.0
B07D1CH5BQ,,,,,3791.0
B07D1HP6X6,,,,,397.0
B07D1KVX5C,,,,,13.0
B07D1P7ZKS,,,,,31.0
B07D1PB329,194.0,,194.0,,194.0
B07D1RYMVT,,,,,1463.0
B07D1SRYGK,,,,,58.0
B07D2DW1TY,,,,,405.0
B07D2H98TD,,,,,249.0
B07D2JGSR8,382.0,,382.0,,382.0
B07D2JSBY3,,,1064.0,1064.0,1064.0
B07D2JWFR2,,,,,249.0
B07D31PF9K,,,,,4.0
B07D3725LW,,554.0,,,
B07D37PQGL,63783.0,63783.0,63783.0,63783.0,63783.0
B07D37SBHF,67206.0,67206.0,67206.0,67206.0,67206.0
B07D386X6J,,,130.0,,
B07D389DKJ,,,,,130.0
B07D3CQQG9,20.0,,,,
B07D3DJCSR,751.0,,,,751.0
B07D3DKXFX,11.0,,,,
B07D3DTGP8,716.0,716.0,,716.0,716.0
B07D3FLYKJ,,64.0,64.0,64.0,
B07D3G5KXJ,111.0,,,111.0,111.0
B07D3GCWRQ,,,42.0,,
B07D3GLWHX,,,,,12.0
B07D3GNR25,3182.0,,,,3182.0
B07D3HP4WZ,2966.0,2966.0,2966.0,2966.0,2966.0
B07D3J8LQ1,17.0,,,,
B07D3JC3HS,,,,529.0,529.0
B07D3JCZ27,562.0,562.0,,562.0,562.0
B07D3JD4X7,,,,22.0,22.0
B07D3T1LML,2380.0,,,2380.0,2380.0
B07D3T2YPV,3711.0,3711.0,3711.0,,3711.0
B07D4374Z5,,,,1433.0,1433.0
B07D457SXP,,,,,67.0
B07D45BLS5,1101.0,,,1101.0,1101.0
B07D45R7ZC,44.0,,,,
B07D4F1DFK,,532.0,,,532.0
B07D4HM4W4,,,,,162.0
B07D4KDJRD,102.0,,,102.0,102.0
B07D4LJ3MW,,,,,186.0
B07D4LQNM3,163.0,,,,
B07D4MZRTV,120.0,,,,
B07D4N4YWQ,356.0,,356.0,356.0,356.0
B07D4NT9HY,362.0,362.0,,,362.0
B07D4Q5XG9,,300.0,,,300.0
B07D4QWLCR,,,1204.0,1204.0,
B07D4R5DH5,,,,129.0,
B07D4RLVWB,,,,391.0,391.0
B07D58FSWY,,1544.0,,1544.0,1544.0
B07D594C5K,2269.0,,2269.0,2269.0,2269.0
B07D5D1MHL,,,2624.0,,2624.0
B07D5F4MXZ,,,,,77.0
B07D5HXKQ1,,,,,12.0
B07D5J18HF,,,,,333.0
B07D5J43M5,,333.0,333.0,,333.0
B07D5JG16Z,,,,,204.0
B07D5M65TK,,,2058.0,,
B07D5M65TL,3199.0,,3199.0,,3199.0
B07D5MHDZ8,88.0,,,88.0,88.0
B07D5N41PG,465.0,,,,465.0
B07D5N41PY,,,,2058.0,
B07D5N45Z5,16092.0,,16092.0,,16092.0
B07D5N45ZL,,,,,80.0
B07D5N47HM,,,,,109.0
B07D5NGSS5,,,,465.0,465.0
B07D5NGSSB,,,,,1594.0
B07D5NJVXF,80.0,,80.0,80.0,80.0
B07D5NL13R,,,,,88.0
B07D5NL6FX,,,,,88.0
B07D5NLD4V,3213.0,3213.0,,,3213.0
B07D5NLD54,,,,,81.0
B07D5P7W1Z,,,,,88.0
B07D5P8632,,,,,3021.0
B07D5P9G1T,,,,88.0,88.0
B07D5P9KLH,,,,,88.0
B07D5PSB47,,,,,112.0
B07D5R5DSY,,,,88.0,88.0
B07D5RJXLL,,,,109.0,
B07D5SMY8P,3.0,,,,
B07D5WN57Z,164.0,,,,
B07D5WNC3M,564.0,564.0,,564.0,564.0
B07D5WT23Q,67.0,67.0,,,
B07D5WT86T,,,,,60.0
B07D5XB2YH,,,,,85.0
B07D5XB2YR,,,,,147.0
B07D5XB3B5,,,,,128.0
B07D5XGQX3,,,,20.0,
B07D5XGQXR,152.0,,,,152.0
B07D5YC1DJ,157.0,,,,
B07D5YC1DK,186.0,,,186.0,186.0
B07D5YFFNT,76.0,76.0,,,
B07D5YFGZR,160.0,,160.0,,160.0
B07D5Z2CYS,,,,,89.0
B07D5Z8HKJ,,,,,47.0
B07D5ZCPTG,251.0,251.0,,251.0,251.0
B07D5ZD5VT,65.0,,,,
B07D63413Y,,,,,458.0
B07D636SFQ,,,,1365.0,1365.0
B07D64DN8D,10.0,,,,
B07D6CP2VY,,,,,7.0
B07D6S78XK,11.0,,,,
B07D6S8WP9,,,47.0,47.0,47.0
B07D6SQVR5,,,,,6995.0
B07D78MYMD,48.0,,,,
B07D7GWCKY,,,,,194.0
B07D7H715F,644.0,,,644.0,644.0
B07D7HMZRV,2570.0,2570.0,2570.0,2570.0,2570.0
B07D7HN61J,,,,56.0,
B07D7HSL5H,1874.0,,,1874.0,1874.0
B07D7HZC48,560.0,560.0,560.0,560.0,560.0
B07D7J3CD1,726.0,726.0,726.0,726.0,726.0
B07D7J6BRC,790.0,790.0,790.0,,790.0
B07D7JBPLQ,242.0,,242.0,242.0,242.0
B07D7JK8QD,,426.0,,426.0,426.0
B07D7JTHDP,752.0,752.0,752.0,752.0,752.0
B07D7JW7LL,,,,,1637.0
B07D7K2P1L,,,,,1637.0
B07D7K6Q6L,,,,,337.0
B07D7KDTK3,1195.0,1195.0,1195.0,1195.0,1195.0
B07D7NYQ95,,,408.0,,
B07D7PSNYQ,14.0,,14.0,,
B07D7QL5ZC,,131.0,,131.0,131.0
B07D7R652J,,,,23.0,
B07D7R652Q,408.0,,,,
B07D7RBG5D,,,,128.0,
B07D7XDHWD,8233.0,8233.0,8233.0,8233.0,8233.0
B07D7XQVGY,618.0,,618.0,,618.0
B07D7Y3LPM,,51.0,,51.0,51.0
B07D857VQ4,,506.0,506.0,506.0,
B07D8DWT19,55.0,,,,55.0
B07D8G3VW2,,,,,2487.0
B07D8H88TM,,,,,392.0
B07D8HGSLB,,,,,2487.0
B07D8HN9V6,4815.0,4815.0,4815.0,4815.0,4815.0
B07D8HVXQ1,,,,,40.0
B07D8JGQLL,,2487.0,,2487.0,2487.0
B07D8JM4RW,,,,,2487.0
B07D8SLKFV,,57.0,,57.0,57.0
B07D8T998Y,,,,,3.0
B07D8V12DQ,,,,11.0,
B07D8VKKFQ,,,,137.0,137.0
B07D8WTNPP,,,,,1932.0
B07D8X4SRJ,6369.0,,,6369.0,6369.0
B07D8YZ1ZM,1226.0,,,,1226.0
B07D8Z8YGV,,,,,52.0
B07D8ZBL1Y,,,650.0,,
B07D8ZKWVD,,74.0,,,74.0
B07D8ZQCNJ,,930.0,,930.0,930.0
B07D91FKVL,,,,,1225.0
B07D925JCX,,,,,81.0
B07D92LYYM,,,,,895.0
B07D92NGTV,,,295.0,295.0,295.0
B07D93M195,,,,281.0,
B07D93M857,,,,,81.0
B07D958LDJ,8233.0,8233.0,8233.0,8233.0,8233.0
B07D95FJ5R,8233.0,8233.0,8233.0,8233.0,8233.0
B07D96KXDC,6556.0,,,,6556.0
B07D96ZBBW,4984.0,4984.0,4984.0,4984.0,4984.0
B07D993ZS5,,,,,81.0
B07D9S7MH1,,,,,2.0
B07D9W25V4,4815.0,,4815.0,,4815.0
B07D9W65Q9,101.0,,,101.0,101.0
B07D9X69X6,4815.0,,,,4815.0
B07DBFTL23,,146.0,,146.0,
B07DBTLZWC,,,,85.0,85.0
B07DCJ91HQ,11005.0,11005.0,11005.0,11005.0,11005.0
B07DCJQB4D,,,,2433.0,2433.0
B07DCJT5M7,26375.0,26375.0,26375.0,26375.0,26375.0
B07DCJTX6Q,26375.0,26375.0,26375.0,26375.0,26375.0
B07DCMSD75,,2433.0,,2433.0,2433.0
B07DCMSD7B,,,,,20.0
B07DCMTNNX,26375.0,26375.0,26375.0,26375.0,26375.0
B07DCN41F7,,,,,59.0
B07DCNCFJV,,,,2433.0,2433.0
B07DCNK1K4,2433.0,,,2433.0,2433.0
B07DCPZQ4Y,,,,,35.0
B07DCQ2D4Q,,,74.0,74.0,74.0
B07DCQ6S2Z,420.0,,,420.0,420.0
B07DCQ6T7N,,513.0,,,513.0
B07DCQ745W,,,,,9.0
B07DCQZF4W,,,48.0,,48.0
B07DCVL6CH,,,,194.0,194.0
B07DCY4TK6,701.0,,,701.0,701.0
B07DCZ7W1K,,,,,3061.0
B07DD4BDQN,,,,,49.0
B07DDL8335,,,,,874.0
B07DDLJMSW,,,,,71.0
B07DDPMJJ5,,,,,58.0
B07DDQB3SR,,,,37.0,37.0
B07DDSJ6T9,,59.0,,59.0,59.0
B07DDTGZ9K,,,,,194.0
B07DF5H8H4,,,,,191.0
B07DFBJSNC,,,,,95.0
B07DFDWQX1,,,,135.0,135.0
B07DFGDD5B,,,,,182.0
B07DFNM5DF,,,,,287.0
B07DFPKN26,,320.0,,,320.0
B07DFWT3Q4,,,,,52.0
B07DFY2VXG,,,,,2.0
B07DG25YD2,,,,22.0,
B07DGLRYNC,,140.0,,,140.0
B07DHCJD14,2899.0,2899.0,2899.0,2899.0,2899.0
B07DHPMLJL,2868.0,2868.0,,2868.0,2868.0
B07DHXJ8L7,524.0,,524.0,,524.0
B07DHXXYFZ,,,,,69.0
B07DHZ2Y95,1828.0,,1828.0,1828.0,1828.0
B07DHZ8WFZ,,,95.0,,95.0
B07DJ2JH15,,,,,119.0
B07DJB74JX,,,,,12.0
B07DK2B1B3,,,,,21.0
B07DK2VD57,,,,,91.0
B07DK2YV6B,124.0,,,,
B07DK2YV6M,30.0,,,,
B07DK36L62,,,,,47.0
B07DK3P7CC,,,,,11.0
B07DK4DZ22,,,,,124.0
B07DK4VVVT,,,,,3.0
B07DKBBXP5,,,,,139.0
B07DKF782W,,,,,23.0
B07DKLP225,209.0,,,,
B07DKRNXL5,114.0,,114.0,114.0,114.0
B07DKTX51P,128.0,,128.0,,
B07DKVC9WT,59.0,,59.0,,
B07DKVM8V8,421.0,,,421.0,421.0
B07DKXMB37,168.0,,168.0,168.0,168.0
B07DKY51ND,,,,251.0,251.0
B07DL1SX8P,,149.0,,,149.0
B07DL9KJ74,,,,,383.0
B07DLBCPR3,,55.0,,,55.0
B07DLBCSCH,362.0,,,,362.0
B07DLD42RN,,65.0,,,65.0
B07DLDBGXS,,,,,48.0
B07DLGP1GQ,,,,,30.0
B07DLLVX6J,,1.0,,,
B07DLMP2BK,,,,57.0,57.0
B07DLNBLN8,,,54.0,54.0,54.0
B07DLP8XHG,,,,,304.0
B07DLPHLQZ,278.0,,,,278.0
B07DLQ5HW7,,,,,304.0
B07DLQLWFR,,,,,679.0
B07DLQRSGK,,,,304.0,
B07DLSVK25,,,,,125.0
B07DLV51XR,,,,,23.0
B07DLV5HHZ,896.0,896.0,,896.0,896.0
B07DLZBCTV,,,,368.0,
B07DLZM6CB,,,991.0,,
B07DM1CM43,,,,,277.0
B07DM54BST,12.0,,,,12.0
B07DN23PL1,203.0,,203.0,,203.0
B07DN5KWHX,,,,,18.0
B07DNDRK9T,,,,,761.0
B07DNDV7JR,,,,761.0,
B07DNDXGBL,,,761.0,,
B07DNDXMRH,,,51.0,,51.0
B07DNDXX4W,,,,,761.0
B07DNFHM7P,761.0,,,,761.0
B07DNG73M1,42.0,,42.0,,42.0
B07DNH6X23,,1754.0,,,1754.0
B07DNHKX18,1213.0,1213.0,,1213.0,1213.0
B07DNJ2QTP,,621.0,621.0,,621.0
B07DNJHCKT,2193.0,2193.0,2193.0,2193.0,2193.0
B07DNR898T,,,,,65.0
B07DP2VW9J,,,,,37.0
B07DP2YG2P,318.0,,318.0,,318.0
B07DP3514J,,,,,98.0
B07DP3DZ9P,205.0,,,,205.0
B07DP83RCT,,,,88.0,88.0
B07DP8HBGH,,403.0,,403.0,403.0
B07DP8WZJ7,551.0,551.0,551.0,,551.0
B07DP98YLS,,,,,132.0
B07DP9BMPH,,495.0,,495.0,495.0
B07DP9KDVT,,,,1029.0,1029.0
B07DP9MCCJ,6372.0,,,6372.0,6372.0
B07DP9Q7R2,,,,699.0,699.0
B07DPBBS81,185.0,,,,185.0
B07DPBR94M,2200.0,,,2200.0,2200.0
B07DPCG7SC,,,,,187.0
B07DPMW49K,,,,,20.0
B07DPP2P1V,,,,,60.0
B07DPS372D,125.0,,,,125.0
B07DQ399CY,,,,,246.0
B07DQ399CZ,,140.0,,140.0,140.0
B07DQ39BDM,1229.0,1229.0,1229.0,,1229.0
B07DQ8GVW1,,,89.0,89.0,89.0
B07DQVXYHH,352.0,,,,352.0
B07DR43XC4,,,,119.0,
B07DR6966S,,,,295.0,295.0
B07DR9579W,,,,,41.0
B07DRPH4YX,,30.0,30.0,30.0,30.0
B07DRQ7Z3Q,,,,,107.0
B07DRQBLM3,,304.0,,,
B07DRQT2XH,,,,,297.0
B07DRQT5SK,,,,,297.0
B07DRR6KV3,,,,29.0,29.0
B07DRTSLLX,,,297.0,,
B07DRVN8JG,,,,,297.0
B07DS4QHM5,,,,,297.0
B07DS5GCP2,297.0,,,,297.0
B07DS5LD1W,,,297.0,297.0,297.0
B07DS69MHD,,,,,3457.0
B07DS7DNCT,,,,,12.0
B07DS86ZTH,,,,,60.0
B07DSCQ2HG,,,,,75.0
B07DSQHB5S,,,,37.0,37.0
B07DSQYQ6W,,,,,30.0
B07DSYB63L,,,,35.0,35.0
B07DSYB64G,219.0,,,,219.0
B07DTG6JY3,,,149.0,,
B07DTP2HH6,,,,,11.0
B07DTP6M34,44.0,,,,44.0
B07DTPL25H,,,,,9.0
B07DV2WV32,,,,,146.0
B07DV4SHSY,9.0,,,,9.0
B07DVMC3KT,,,,,544.0
B07DVT9GW5,,,,218.0,218.0
B07DVTJLQ5,,,,352.0,352.0
B07DVVD19V,,2071.0,,2071.0,2071.0
B07DVYKX84,352.0,,,,352.0
B07DW9VJFD,,,,,878.0
B07DWCGRQM,,,,,87.0
B07DWCSVG9,2587.0,2587.0,2587.0,2587.0,2587.0
B07DWHP38R,,,,,861.0
B07DWN5NC3,,,48.0,48.0,48.0
B07DWP9GQJ,,48.0,48.0,48.0,48.0
B07DWQ4G4P,,,,,115.0
B07DWVXT2G,,,,30.0,
B07DWXN66X,,,,,155.0
B07DWZXNPJ,24.0,,,,
B07DX2Q21J,,,34.0,,
B07DX3DX4T,545.0,,,,545.0
B07DX3FF38,,,,,545.0
B07DX3J21D,,,,,545.0
B07DX43131,,,,34.0,
B07DX54KPQ,1994.0,,,,1994.0
B07DX7KGWN,545.0,545.0,545.0,545.0,545.0
B07DX7KTDF,545.0,,,,545.0
B07DXGK1NF,,,1232.0,,1232.0
B07DXH4HMK,,34.0,,,
B07DXJXZCS,,,,,381.0
B07DXJY5S4,,,2381.0,,2381.0
B07DXL29H6,1232.0,1232.0,,,
B07DY12YJB,,,39.0,,
B07DY2QRF6,12027.0,12027.0,12027.0,12027.0,12027.0
B07DY2YZW6,12027.0,12027.0,12027.0,12027.0,12027.0
B07DY3KSCZ,205.0,205.0,205.0,205.0,205.0
B07DY6NBZ1,12027.0,12027.0,12027.0,12027.0,12027.0
B07DYBZ3GF,56.0,,,,56.0
B07DYDD498,,,,,1749.0
B07DYDD49N,7602.0,7602.0,7602.0,7602.0,7602.0
B07DYGD8J2,,,,,1749.0
B07DYGXB4D,,16.0,,,
B07DYH9DR7,,,,,6229.0
B07DYHB4G9,224.0,,,,224.0
B07DYHB4GD,516.0,516.0,,516.0,516.0
B07DYHDDK2,,,,,7.0
B07DYHDDK5,,,,,13.0
B07DYHJNG1,,,,,1749.0
B07DYLZBFQ,6229.0,,6229.0,6229.0,6229.0
B07DYNT5LP,,11.0,,,
B07F12XJRM,,,,,452.0
B07F136MJ2,,,,,308.0
B07F1F68W4,,,,,11.0
B07F1G4TLG,,,,,12.0
B07F1J97N8,,,,,8.0
B07F1WQDW1,,,,,7380.0
B07F1ZMLK3,324.0,324.0,324.0,,324.0
B07F22VSDZ,1370.0,1370.0,,,1370.0
B07F23YSNY,140.0,,,,140.0
B07F2CMZ1Y,4370.0,4370.0,4370.0,4370.0,4370.0
B07F2D3BFN,,,,,65.0
B07F2F25VL,3008.0,3008.0,3008.0,3008.0,3008.0
B07F2LQ5GC,,65.0,,65.0,
B07F2R247G,,62.0,,62.0,62.0
B07F32GG7V,,42.0,42.0,,
B07F32H3BG,762.0,762.0,762.0,762.0,762.0
B07F35W3D8,,,,,188.0
B07F365BYS,,,,,30.0
B07F38G44T,,,,,123.0
B07F3BXFKK,,,62.0,62.0,62.0
B07F3CW7T7,211.0,211.0,,,211.0
B07F3HJJS6,,,,34.0,
B07F3JLRQN,,,,,41.0
B07F3MMQ84,6.0,,,,
B07F3NJF5L,,,,,20.0
B07F3NKLYH,,,,,218.0
B07F3QBMP4,,,629.0,,629.0
B07F3T1C9H,645.0,,,,645.0
B07F3ZPPP7,,,61.0,,
B07F434QR6,,,,,6.0
B07F44882S,,,,,54.0
B07F449P33,,,6.0,,
B07F44SBDY,,,,14.0,14.0
B07F45ZH1Q,,,,,39.0
B07F46G1B5,,,,,16.0
B07F46MYB3,,,,,69.0
B07F47T59C,,,,,271.0
B07F497VWS,,895.0,,,895.0
B07F4K3V2K,,,,99.0,
B07F4Y51LP,,,,,208.0
B07F51FFLZ,,,,,69.0
B07F61L49B,54.0,54.0,54.0,54.0,54.0
B07F6HK8QB,,12.0,,,12.0
B07F6HQTF8,,,,,7.0
B07F6JH91J,,,,,202.0
B07F6LG77N,,,,,1637.0
B07F6PDDRQ,,583.0,,583.0,583.0
B07F6TK8LQ,,,55.0,,
B07F6XGG3G,,,,,915.0
B07F6YMX7F,87.0,,87.0,,
B07F6Z2BHP,,,,,42.0
B07F6ZGJXS,,,,,188.0
B07F741ZH1,,135.0,135.0,135.0,135.0
B07F745HZ4,,56.0,56.0,56.0,56.0
B07F74GPL6,,110.0,110.0,110.0,110.0
B07F75PC68,,,,,1070.0
B07F7C7X32,,,,,65.0
B07F7J5M8S,,,,150.0,150.0
B07F7KMZ7Q,,,,,102.0
B07F7KN7SD,,,,,3.0
B07F7LQ5N2,185.0,,,,185.0
B07F7M6NSL,26.0,,,,26.0
B07F7M8DN5,,,,,132.0
B07F7M8DN6,124.0,124.0,,,124.0
B07F7Q4PTN,2225.0,2225.0,2225.0,2225.0,2225.0
B07F7S92PG,964.0,,,964.0,964.0
B07F7SYYPG,404.0,,404.0,404.0,404.0
B07F7T1HV5,988.0,988.0,988.0,988.0,988.0
B07F7TPC6D,,,,,964.0
B07F7VGBDD,,,7.0,,
B07F7Z4BYD,,,,16.0,
B07F817LQ4,,,,,964.0
B07F82J5GP,,,,,117.0
B07F85L7PG,,,,15.0,
B07F8CQHPS,,,,89.0,89.0
B07F8TJG1C,,,,,5.0
B07F8VQMF9,,,,,15.0
B07F9KBXFZ,,,,,256.0
B07F9KWX58,,77.0,,,77.0
B07F9N155H,,,,,75.0
B07F9SRMYS,,,,,139.0
B07FB4FFDF,,280.0,,,280.0
B07FB61WSF,,,,,25.0
B07FB6V2K2,,,,,1637.0
B07FB9R5CF,89.0,,,89.0,89.0
B07FBBRRT2,,,,,74.0
B07FBC3BG6,161.0,,,,161.0
B07FBF1BKJ,,,,,251.0
B07FBPT8D3,,,,,2220.0
B07FBPTGSF,366.0,,,,366.0
B07FBTD2ZX,,,2220.0,2220.0,2220.0
B07FCS2HHB,2741.0,,2741.0,2741.0,2741.0
B07FCW1FSD,,,,,202.0
B07FDH1GSX,,,,,127.0
B07FDKMV2F,,59.0,,,59.0
B07FDM73QW,,,,,111.0
B07FF419NF,580.0,,580.0,,580.0
B07FF6RTS4,,,,,354.0
B07FF7R13Q,,1260.0,1260.0,1260.0,1260.0
B07FFBSMTX,,41.0,,41.0,
B07FFCJ7FK,,,,,734.0
B07FFQLVNR,3884.0,,3884.0,3884.0,3884.0
B07FFQMBQ2,1960.0,1960.0,,1960.0,1960.0
B07FFQQH9T,3045.0,3045.0,3045.0,3045.0,3045.0
B07FFRNQBC,,,,,607.0
B07FFRNZML,,,,,608.0
B07FFRWT53,829.0,,,,829.0
B07FFTYDD4,,,,8100.0,8100.0
B07FFTZX8R,,,,,1521.0
B07FFV57Y1,1148.0,,1148.0,1148.0,1148.0
B07FFW1YDL,52.0,,52.0,,52.0
B07FGDVX53,2381.0,2381.0,2381.0,,2381.0
B07FGL41R4,26.0,26.0,26.0,26.0,26.0
B07FGL41R5,4615.0,,4615.0,4615.0,4615.0
B07FH9SC3J,,,,,61.0
B07FHHRWDX,,,,,11.0
B07FHMC67V,,,,,636.0
B07FHP6ZLH,,,,28.0,28.0
B07FHP97L9,,,,,6.0
B07FHPMP9G,703.0,,,,703.0
B07FHPMPC3,,,,,62.0
B07FHWB2VT,207.0,,,,207.0
B07FHYDQTH,1220.0,1220.0,,,
B07FJ8RQNC,,,964.0,964.0,964.0
B07FJ8RR9J,2225.0,2225.0,2225.0,2225.0,2225.0
B07FJVH5VX,34.0,34.0,,,34.0
B07FJVHK67,,,,,578.0
B07FJVMZPB,,,,,8100.0
B07FJW7HJB,297.0,297.0,,,297.0
B07FJYVPWW,,,265.0,265.0,265.0
B07FJZ3LN3,2458.0,2458.0,2458.0,2458.0,2458.0
B07FJZ9DQR,,,,,1470.0
B07FJZC6TF,,,,40.0,
B07FJZXXYH,,,,,1521.0
B07FK116N1,,,,,3061.0
B07FK11BY7,,,,606.0,
B07FK11BYY,1521.0,,,,
B07FK2F1N2,,364.0,,364.0,364.0
B07FK445MQ,,,,,20.0
B07FK4B2L2,802.0,,802.0,802.0,802.0
B07FK4FPVM,,,,180.0,180.0
B07FK5ZY7W,,,,82.0,82.0
B07FKBBK1L,,,2741.0,2741.0,2741.0
B07FKD49CC,,,,,17.0
B07FKDLB89,1375.0,,,1375.0,1375.0
B07FKN47W4,11.0,,,,
B07FKN8N68,65.0,,,,
B07FKNFNK7,,,,,188.0
B07FKNYPKK,,,,21.0,
B07FKPTMZ5,,,,76.0,76.0
B07FKS4NCM,,,,,11.0
B07FKSJGCS,,,,,188.0
B07FKSP1DS,,101.0,,,101.0
B07FKVCX7W,,,,,188.0
B07FKXMRFN,,,,,11.0
B07FKZ5KLZ,,,,,188.0
B07FL1T6Y7,,,,61.0,61.0
B07FL3G22K,,,187.0,,187.0
B07FL3XKJB,,,14.0,,
B07FL416ZR,,,59.0,,59.0
B07FL439L5,137.0,,,137.0,137.0
B07FL55RV5,,,,,330.0
B07FL59H39,,,30.0,30.0,30.0
B07FL7QQTX,,,161.0,161.0,161.0
B07FL8YQFV,10168.0,,10168.0,,10168.0
B07FLCXXBM,,,,8.0,
B07FLD5SCM,24.0,,,,
B07FLDBP7Z,399.0,,399.0,399.0,399.0
B07FLHV2WC,,,,,122.0
B07FLJPVST,,245.0,,,245.0
B07FLN9S48,,,545.0,545.0,
B07FM1RKYM,,,,133.0,133.0
B07FM1WMDB,,,,,456.0
B07FM39R8H,,,,,147.0
B07FM39RML,,,,,71.0
B07FM3BM1J,,3061.0,3061.0,3061.0,3061.0
B07FM3BN7R,,,,,1521.0
B07FM52ZD4,,,,,71.0
B07FM5S66W,214.0,,,214.0,214.0
B07FM6Y8HC,,,,7602.0,7602.0
B07FM794W8,1306.0,1306.0,,,1306.0
B07FM7FBKS,,,,71.0,
B07FM8MQ4J,71.0,71.0,,,
B07FMBM5X2,,1663.0,1663.0,1663.0,1663.0
B07FMBQL9Z,,,,665.0,665.0
B07FMC1V39,,214.0,,,214.0
B07FMC1V3B,,,214.0,,
B07FMC1V3H,,665.0,665.0,,665.0
B07FMC5JF3,,,,,556.0
B07FMC7X4S,,,1114.0,,1114.0
B07FMDH8K5,,,2565.0,2565.0,2565.0
B07FMDY7MG,,,,108.0,
B07FMKX9YG,,1121.0,,1121.0,1121.0
B07FMS4XNW,802.0,802.0,,,802.0
B07FN3CKHS,,,,,85.0
B07FN52D8Q,7380.0,7380.0,,,
B07FNRG9RF,802.0,802.0,802.0,,802.0
B07FNVXJLK,,,69.0,69.0,69.0
B07FP2GYG7,504.0,504.0,504.0,504.0,504.0
B07FP2MNZ6,518.0,518.0,,518.0,518.0
B07FPCPPDJ,,,,56.0,
B07FPGXXMH,,,,,106.0
B07FPH37XW,,,,,381.0
B07FPLTJJK,,,,45.0,
B07FPMB2CQ,,,,190.0,190.0
B07FPNNLSG,,,,,9.0
B07FPPF1ZJ,,,,,106.0
B07FPRDB2H,74.0,74.0,,,
B07FPV76HZ,,,,,47.0
B07FPVFVGW,,,,,128.0
B07FPWW8S8,,153.0,,,
B07FPWW9L8,,,153.0,,153.0
B07FPZ753Y,,,,,73.0
B07FQ1BZKZ,,,,64.0,64.0
B07FQ5LDLY,,,,,25.0
B07FQF2WW9,,,,213.0,213.0
B07FQLZJ6F,,,,35.0,
B07FQR8Q8R,,,,,80.0
B07FQTKNP7,984.0,,984.0,984.0,984.0
B07FQV4Y6K,148.0,,,,148.0
B07FQVBTBP,,,,,57.0
B07FQXM2BP,,,,,57.0
B07FR5KZNR,,,,,382.0
B07FRDK32G,,,,34.0,
B07FRH494X,,,,,113.0
B07FRH4BVK,,,,,293.0
B07FRMH93X,524.0,,524.0,,524.0
B07FRPFRNJ,,,12.0,12.0,12.0
B07FRRMK11,,,5.0,,
B07FRX8W8Z,,,,,15.0
B07FRXVWB6,,,,,682.0
B07FS781WK,,,,,1.0
B07FSHH2M3,,,,,91.0
B07FSN9ZSP,,300.0,300.0,,300.0
B07FSQL793,352.0,,352.0,352.0,352.0
B07FSRCNXG,,,,,47.0
B07FSRCNXH,,,,,96.0
B07FSRFJG7,,1210.0,,,
B07FSRNRY3,43.0,,,,
B07FST132B,,,,,145.0
B07FSWTHH8,,,2314.0,,2314.0
B07FSWTHHG,,,,,369.0
B07FSWWGGZ,,,,,12.0
B07FSXVN7Q,,29.0,,,
B07FT3X43N,,35.0,,,35.0
B07FT86M97,3033.0,,,,3033.0
B07FTCM96R,,,,,31.0
B07FTCMCDY,,,,,18.0
B07FTH5ZPV,,,2477.0,2477.0,2477.0
B07FTN82V9,,,,,9.0
B07FTN82VN,,,137.0,,
B07FTN82W4,,,,8.0,
B07FTN82XH,47.0,,,,47.0
B07FTNDW5N,,,,,137.0
B07FTNK1JM,,,,,13.0
B07FTPXHBY,,,,,495.0
B07FTV97LD,2243.0,,,2243.0,2243.0
B07FTX4FP6,,,,,15.0
B07FTX4FQB,,,,,49.0
B07FTX86V7,,,25.0,,
B07FTXBNVL,28339.0,,28339.0,28339.0,28339.0
B07FTZX1RF,,243.0,,,243.0
B07FVJHJ68,,,47.0,47.0,47.0
B07FVWZHKD,,,,11.0,11.0
B07FW3TQRK,190.0,190.0,190.0,,190.0
B07FW5QGTG,,,,,51.0
B07FW6D1F9,499.0,499.0,499.0,,499.0
B07FW88RV2,,30.0,,,30.0
B07FW9X8P4,281.0,,,,281.0
B07FWFLR8R,,,139.0,,139.0
B07FWPLS54,,73.0,,,73.0
B07FXH5SPF,,,,49.0,49.0
B07FXMWZGP,,,,,54.0
B07FXP4SZ7,,,191.0,,
B07FY921QM,,,,,20.0
B07FYBR1FM,,,,,115.0
B07FYG8CBG,,3979.0,,3979.0,3979.0
B07FYHP9RC,,,,,3979.0
B07FYHT415,,,1885.0,,1885.0
B07FYJLBBD,,,1323.0,,1323.0
B07FYJWVVX,,2472.0,2472.0,2472.0,2472.0
B07FYL4FQ5,,363.0,,,363.0
B07FYLS2DC,,,,,3979.0
B07FYM3Y1L,,,,,1885.0
B07FYTKHVD,43.0,,,,43.0
B07FYVW39L,,,,,207.0
B07FZBLDXP,,,,,243.0
B07FZCD8LC,,,77.0,,
B07FZCRKV1,,,,,183.0
B07FZD95SZ,,,33.0,,
B07FZDDL5F,313.0,,313.0,,313.0
B07FZDYHR8,243.0,,,,
B07FZFL74F,,,,61.0,
B07FZRJD62,,,2731.0,,
B07FZVCP92,,,295.0,,295.0
B07G1HS8PK,153.0,,,153.0,153.0
B07G1KKSYH,,,,52.0,52.0
B07G1WW382,,,,,18.0
B07G1ZCJ3J,,,,,313.0
B07G2FP1FJ,,,,,15.0
B07G2FRRBJ,,,684.0,684.0,
B07G2FRRD9,,,64.0,64.0,64.0
B07G2FVQHH,,,,,63.0
B07G2HBLZT,,,,,192.0
B07G2HD8HB,,,,,21.0
B07G2HGWMR,,,,144.0,
B07G2HQD2M,,10.0,,,10.0
B07G2RG9SL,,,,,24.0
B07G2RJ72K,684.0,,684.0,684.0,684.0
B07G2RJB78,,,,,47.0
B07G33YJWY,,,,,14.0
B07G34XDZB,,,,,21.0
B07G34XF29,,,,99.0,99.0
B07G355LKQ,,,,,99.0
B07G3B2SR4,,,247.0,247.0,247.0
B07G3GGGBJ,,,,,7.0
B07G3HNWJY,206.0,,,206.0,206.0
B07G3JD7CG,,,,,453.0
B07G3JF4YP,,,,,245.0
B07G3JJWX5,,,54.0,,
B07G3JXH8Y,,15.0,,,
B07G3JXVRY,,,,,62.0
B07G3K1WLQ,,,,,1301.0
B07G3L1N8D,,,,,17.0
B07G3L6MVV,18.0,,,,18.0
B07G3L9YHP,57.0,,,,57.0
B07G3M6GJR,,,,,83.0
B07G3NLPQ7,,64.0,,64.0,64.0
B07G3T2X1Z,,188.0,,,188.0
B07G3TK1DX,422.0,422.0,422.0,422.0,422.0
B07G4171M3,,,,122.0,122.0
B07G46WDFW,,37.0,,,
B07G4FVFFP,1220.0,1220.0,1220.0,,1220.0
B07G4GK4SB,343.0,343.0,,343.0,343.0
B07G4GP7ZN,13.0,,,,
B07G4H95XC,,,,64.0,64.0
B07G4HJRLP,,,,,249.0
B07G4HJRLW,,,,,490.0
B07G4NTQDW,,,,,249.0
B07G4PKLSN,,,250.0,250.0,250.0
B07G4XLFZY,916.0,916.0,916.0,,916.0
B07G4YQKGH,,,,303.0,303.0
B07G56QS1Y,251.0,,,,251.0
B07G5GSQFR,,,,,66.0
B07G5HRG7P,,,190.0,,190.0
B07G5LC9YP,,,,,256.0
B07G5M21QM,,,,,6285.0
B07G5N66GS,,,,,27.0
B07G5PRYVP,,,,,89.0
B07G5Q2F8Y,,,32.0,,
B07G5Z7CYD,,,315.0,315.0,315.0
B07G6LD63G,,,,,822.0
B07G78QTBV,,54.0,,,54.0
B07G79DMYW,,185.0,185.0,185.0,185.0
B07G79SXFD,314.0,,,,314.0
B07G7BLJF6,,57.0,,,57.0
B07G7M12W6,,90.0,,,90.0
B07G81ZW6J,494.0,494.0,494.0,494.0,494.0
B07G86M1YM,,57.0,57.0,57.0,
B07G8FC2Z4,494.0,,494.0,,494.0
B07G8NWMFS,78.0,78.0,78.0,78.0,78.0
B07G8QJ6CZ,12.0,,,,
B07G9NV3RS,,,,,14.0
B07G9P4CHQ,,,,,94.0
B07G9PFVGD,40.0,,,,
B07G9SZPXR,621.0,621.0,621.0,,621.0
B07G9YJX9H,1116.0,,,1116.0,1116.0
B07G9YJXXX,,,,,21.0
B07G9YJZCT,1395.0,,1395.0,1395.0,1395.0
B07G9Z4KRF,,,,,26.0
B07G9Z5WT5,,,,28.0,
B07G9Z5WVH,1116.0,1116.0,1116.0,1116.0,1116.0
B07GB2CN2G,825.0,,,,825.0
B07GB5SJ91,,,,,52.0
B07GB5TCMK,,11.0,,,
B07GB5TJPV,1395.0,,1395.0,1395.0,
B07GB5TPJS,,,,,38.0
B07GB7K9HP,,,,,103.0
B07GB7ZTXV,,,,,52.0
B07GB7ZTYZ,1395.0,,1395.0,,1395.0
B07GB7ZTZ7,893.0,,,,893.0
B07GB93TV9,,,,49.0,
B07GB93W1R,1116.0,1116.0,1116.0,,1116.0
B07GB94WTH,,,,,26.0
B07GBBXMRF,,,,,54.0
B07GBD71QV,7732.0,7732.0,7732.0,,7732.0
B07GBDYCM2,704.0,,,,
B07GBDYCM9,1208.0,1208.0,1208.0,1208.0,1208.0
B07GBF7PPP,,298.0,,,298.0
B07GBGGVX4,33.0,33.0,,33.0,33.0
B07GBGYJFT,668.0,,668.0,668.0,668.0
B07GBJ8FXN,,,,,18.0
B07GBJV54M,,,,,152.0
B07GBLB13L,,53.0,,,
B07GBZ9LYQ,,,1114.0,1114.0,1114.0
B07GBZB12R,,,,,1114.0
B07GC8JCKB,8.0,,,,
B07GCJKVJS,,,,85.0,
B07GCQNQT7,,,,,13.0
B07GD5VK9T,81.0,,,,81.0
B07GD7KRNL,407.0,,407.0,,
B07GD7Q4NT,,,,,11.0
B07GDF7N58,,,,,11.0
B07GDF9KY5,,,,,6.0
B07GDL1VS2,5631.0,5631.0,5631.0,5631.0,5631.0
B07GDLK95C,,,247.0,247.0,247.0
B07GDM3Y8D,,,,,108.0
B07GDN8LRK,,,,126.0,126.0
B07GDPQMW7,,,,,544.0
B07GDRQF1Y,,,,36.0,36.0
B07GDS4D52,,,977.0,977.0,977.0
B07GDSLN25,220.0,,,,
B07GF1C9LH,,,,,59.0
B07GFPYFPH,6493.0,,,,6493.0
B07GFQKXHT,,,,6493.0,
B07GFT2P6Y,,,,,3.0
B07GFYM8S1,,,,,359.0
B07GGDNSNJ,,,,33.0,
B07GH6CL39,4000.0,,,,4000.0
B07GH7X3M3,4000.0,4000.0,4000.0,,4000.0
B07GH87SNS,,,4000.0,,4000.0
B07GH8MPPJ,,4000.0,,,4000.0
B07GJDV1Z3,,,,16.0,
B07GJMRCT2,247.0,,,247.0,247.0
B07GJVF9DJ,,,,,33.0
B07GJWS1LL,,,,,176.0
B07GJWWB44,,,,,24.0
B07GJX6ZP6,,,,,8.0
B07GJX74MV,,,,,71.0
B07GJX77VT,,,,,19.0
B07GJX8S9P,,,,371.0,371.0
B07GJX8ZSF,,,,,333.0
B07GJYDL22,,,,,638.0
B07GJYFM5H,215.0,215.0,,215.0,215.0
B07GK1CVXS,,8100.0,8100.0,,8100.0
B07GK1NF7M,80.0,80.0,,80.0,
B07GK1NF7N,,,,,1748.0
B07GK1NF7V,,,,,3199.0
B07GK2CMF1,,,,211.0,211.0
B07GK2CYYX,,,,,98.0
B07GK2D4Z8,,,,,211.0
B07GK2D5YX,,,,,8.0
B07GK3NDB9,,,,,177.0
B07GK47K3V,420.0,,,420.0,
B07GK77DFB,,,,,42.0
B07GK77DSX,1748.0,,,,1748.0
B07GK77NCT,,,,,22.0
B07GK9P9KC,,,,,19.0
B07GK9P9KH,41.0,,,,41.0
B07GK9PCT7,31.0,,,31.0,31.0
B07GKC1TVZ,,,,,46.0
B07GKFX9NW,,974.0,974.0,974.0,974.0
B07GKKKTN9,,,169.0,169.0,169.0
B07GKL34Q3,,,831.0,831.0,
B07GKLX2V2,,,,,455.0
B07GKLX2V4,,,99.0,99.0,99.0
B07GKPY7YK,,,,,282.0
B07GKRCZPP,,,,,646.0
B07GKYF3GZ,,,,82.0,82.0
B07GKYJGF7,,,35.0,35.0,35.0
B07GKYWP3D,,,,,7602.0
B07GKZ54HX,,,,,161.0
B07GKZ6L2S,,,60.0,60.0,60.0
B07GL19NCH,,45.0,,,45.0
B07GL1KDY2,,,42.0,42.0,42.0
B07GL1LWBS,,,,,35.0
B07GL1ZQVW,,,,,155.0
B07GL2Y7YC,,,200.0,200.0,200.0
B07GL3R2WR,114.0,,114.0,114.0,114.0
B07GL3RS2P,,,,152.0,152.0
B07GL47S7J,70.0,,,,70.0
B07GL4TGQS,,,152.0,,
B07GL5N5V1,84.0,84.0,,84.0,84.0
B07GL786MT,,366.0,,366.0,366.0
B07GL7H9B8,3510.0,3510.0,3510.0,3510.0,3510.0
B07GLJ2DNB,,,,,16.0
B07GLZDP3R,,,336.0,,336.0
B07GM2PN69,,368.0,368.0,368.0,368.0
B07GM4PXGR,,,75.0,,
B07GMVVNW9,127.0,,127.0,127.0,127.0
B07GN3FNG1,,31.0,,,
B07GNKK3CS,,,,,366.0
B07GNQRJBZ,7380.0,,,,
B07GNZMSYQ,,,,,7380.0
B07GP1T632,4002.0,,4002.0,4002.0,4002.0
B07GP6MS7B,,,,1063.0,1063.0
B07GP94SV4,,,1114.0,,1114.0
B07GPH4H6M,,282.0,,,
B07GPRJM71,,,549.0,549.0,549.0
B07GPVK7ZY,,,,27.0,27.0
B07GPVLRH9,,,,,186.0
B07GPVRN9B,,,,,207.0
B07GQ2T46F,,,,,38.0
B07GQ2T8PS,,,,38.0,
B07GQ2TKQR,38.0,,,38.0,38.0
B07GQ2WK31,,,,,38.0
B07GQ2Y7ST,,,,38.0,38.0
B07GQ45PBN,,,,,27.0
B07GQ4P9R5,,,,,38.0
B07GQ58YM2,20109.0,,20109.0,20109.0,20109.0
B07GQ6Z6DY,49.0,,,,49.0
B07GQ7K9X3,774.0,774.0,,774.0,774.0
B07GQ7YGHJ,549.0,,,549.0,549.0
B07GQ8862Y,,,,,17.0
B07GQ88B1T,,,,,207.0
B07GQJR5Y4,,,,,38.0
B07GRDX693,2194.0,2194.0,2194.0,2194.0,2194.0
B07GRF1P3N,,,,,38.0
B07GRF4RX9,,,,,3492.0
B07GSC1Q5C,,,,,23.0
B07GSG5CLR,,,,,2.0
B07GSGZZQN,13.0,,,13.0,
B07GSH5DK3,,,,,8.0
B07GSHCZGT,,,,,136.0
B07GSL27XH,,,,,16.0
B07GSL2D2R,,,,70.0,70.0
B07GSL5ZWB,,,,,136.0
B07GSPC97S,23.0,,23.0,,23.0
B07GSQXXBZ,49.0,,,,
B07GT7DX6H,,1738.0,,,1738.0
B07GT7L5XY,,,438.0,,
B07GTBBMB2,,,,,136.0
B07GTD7H69,158.0,,,,
B07GTFL6LX,,,,,12.0
B07GTFN3VS,,,366.0,,366.0
B07GTZ2N13,,,,,55.0
B07GV2W5B4,9342.0,9342.0,9342.0,9342.0,9342.0
B07GV322NS,9342.0,9342.0,9342.0,9342.0,9342.0
B07GV3259J,9342.0,9342.0,9342.0,9342.0,9342.0
B07GV9ZKWY,98.0,,,98.0,98.0
B07GVD9NNW,,,,,99.0
B07GVDBYSZ,,,,,98.0
B07GVHWMT1,,,,,98.0
B07GVPJ9N3,,,,,5.0
B07GVQ3MSB,,,,,5.0
B07GVQHLGF,342.0,342.0,342.0,342.0,342.0
B07GVQRQFJ,,,106.0,,106.0
B07GVRKFR2,,,,,17.0
B07GVRMW61,353.0,353.0,353.0,,353.0
B07GVRW2F1,266.0,,,,266.0
B07GVRWZ2J,,,,6493.0,
B07GVRXPGF,273.0,,273.0,,273.0
B07GVS1WZW,389.0,,,389.0,389.0
B07GVSP7X8,,,,,124.0
B07GVTG7WK,,,,,91.0
B07GVTMD82,,,98.0,,
B07GVTWJB3,,,,,152.0
B07GVY174Q,18.0,,,,
B07GVYK1YZ,,54.0,,,
B07GVYK4T4,18.0,,,,
B07GW8ZQBF,,,,,6493.0
B07GWF6HZH,6493.0,,,,6493.0
B07GWFXDZZ,,,,,26.0
B07GWHRLR5,,,,,6493.0
B07GWKF8CV,11.0,,,,
B07GWKQGTM,,,,,17.0
B07GWN144X,,,,,6493.0
B07GWPHBZ9,,,,,129.0
B07GWQQ197,6493.0,,,,6493.0
B07GWS4BSJ,8166.0,8166.0,8166.0,8166.0,8166.0
B07GWW6DLH,,,145.0,,145.0
B07GWXC52C,,,29.0,29.0,29.0
B07GX179TR,,,160.0,160.0,160.0
B07GX1X6S6,,,6.0,,
B07GX2BFRZ,,,,,56.0
B07GX2H1ZC,,,,,64.0
B07GX2J24M,,,,,66.0
B07GX3W51X,,,39.0,39.0,39.0
B07GXST5T8,,,,283.0,283.0
B07GXWQTQ6,,,,113.0,113.0
B07GY1CWH6,,,,,82.0
B07GY2QM84,,,,36.0,
B07GYP4HQN,9342.0,9342.0,9342.0,9342.0,9342.0
B07GYZPCS9,,320.0,320.0,320.0,320.0
B07GZ4FT4T,,,,,58.0
B07GZ666BK,,,,,5.0
B07GZ6BQHJ,,,,,88.0
B07GZ75XPX,1714.0,,,1714.0,1714.0
B07GZ8R8N1,,,35.0,,35.0
B07GZ97C42,,,72.0,,72.0
B07H1HNCCF,,,507.0,507.0,507.0
B07H1MB4KX,,,,,168.0
B07H22KK3J,,,251.0,,251.0
B07H23LB8R,,,,150.0,150.0
B07H24XDB1,,,,,36.0
B07H27X1HB,,,,,107.0
B07H28LHPV,,,,338.0,338.0
B07H28WTST,,,,,14.0
B07H2BJ86P,,,412.0,412.0,412.0
B07H2CZH9N,,84.0,,84.0,84.0
B07H2DT8YH,,,,,23.0
B07H2J5GCS,,,734.0,,734.0
B07H2V16FZ,,,232.0,232.0,232.0
B07H2W6P6R,,,,,120.0
B07H32H589,,90.0,,90.0,90.0
B07H32H58G,57.0,,,57.0,57.0
B07H32KTXT,,,,,38.0
B07H338GVC,120.0,,,,
B07H33CFGR,20.0,,20.0,,20.0
B07H33XCT1,,89.0,,,89.0
B07H33XCT2,1176.0,,1176.0,1176.0,1176.0
B07H33XCT9,,1112.0,1112.0,,1112.0
B07H33XCTK,2273.0,,2273.0,2273.0,2273.0
B07H344SDD,,,,,2268.0
B07H344SFQ,3952.0,3952.0,3952.0,,3952.0
B07H344V5R,182.0,,,,182.0
B07H344W7S,659.0,,,,659.0
B07H344X1X,872.0,872.0,872.0,872.0,872.0
B07H344XW9,,,,264.0,264.0
B07H344Y71,549.0,,,,549.0
B07H344Z3S,2268.0,,,,2268.0
B07H34751L,,,,,3952.0
B07H349CVV,13439.0,13439.0,13439.0,13439.0,13439.0
B07H349CX9,,,,,659.0
B07H385HN9,98.0,98.0,98.0,98.0,98.0
B07H386Z6Q,,,,,14.0
B07H3874FY,,,,,42.0
B07H38NJG6,,,,,32.0
B07H38Q7WW,,,3952.0,,3952.0
B07H38QBV6,2961.0,2961.0,2961.0,2961.0,2961.0
B07H38R684,872.0,872.0,,872.0,872.0
B07H38WW5C,,803.0,,,803.0
B07H38WX77,8004.0,8004.0,8004.0,8004.0,8004.0
B07H38WX8C,1822.0,,1822.0,1822.0,1822.0
B07H3B2V69,1665.0,1665.0,1665.0,,1665.0
B07H3B2YG1,8004.0,8004.0,8004.0,8004.0,8004.0
B07H3B3NFR,1397.0,1397.0,1397.0,,1397.0
B07H3B3S4W,,,,,1673.0
B07H3CKSQL,5183.0,5183.0,5183.0,5183.0,5183.0
B07H3CKXV9,510.0,,510.0,,510.0
B07H3CL6PN,,,,,10961.0
B07H3CLFLD,,122.0,,122.0,122.0
B07H3CXT45,1700.0,1700.0,1700.0,1700.0,1700.0
B07H3CXWPG,,,,,282.0
B07H3CYNGF,,155.0,,,
B07H3CYNLH,2708.0,2708.0,2708.0,2708.0,2708.0
B07H3CYNMM,1719.0,,,,1719.0
B07H3CYQ8H,3015.0,3015.0,3015.0,3015.0,3015.0
B07H3CYRMD,2020.0,,2020.0,2020.0,2020.0
B07H3CYRPQ,252.0,252.0,,,252.0
B07H3CYTG6,,,,,155.0
B07H3CYWVY,,669.0,669.0,,669.0
B07H3CYY3D,,572.0,572.0,572.0,572.0
B07H3CZHJ5,3225.0,3225.0,,3225.0,3225.0
B07H3CZHLG,6018.0,6018.0,6018.0,6018.0,6018.0
B07H3FCF8F,,,,,196.0
B07H3FCH39,,,23.0,,
B07H3G1X6X,,,,,623.0
B07H3G4WT6,858.0,858.0,858.0,,858.0
B07H3G6V96,1834.0,1834.0,1834.0,,1834.0
B07H3G6VBG,1673.0,1673.0,,1673.0,1673.0
B07H3G6XTM,,,,241.0,241.0
B07H3G8P5F,,1719.0,,,1719.0
B07H3G9Z9K,,,,553.0,553.0
B07H3G9Z9T,,1665.0,,,
B07H3GBS8W,610.0,610.0,610.0,,610.0
B07H3GBSC3,,,,,623.0
B07H3GCHG2,6018.0,6018.0,6018.0,6018.0,6018.0
B07H3GCMFG,,,2092.0,2092.0,2092.0
B07H3GDFBS,3098.0,3098.0,,3098.0,3098.0
B07H3GQ88G,,,126.0,,126.0
B07H3GQP61,,,,,129.0
B07H3HCB2L,865.0,865.0,865.0,,865.0
B07H3HCB34,241.0,,,241.0,241.0
B07H3HCB35,2486.0,2486.0,2486.0,2486.0,2486.0
B07H3HD9SC,,,,,858.0
B07H3HRDX4,,,,,78.0
B07H3L2J59,23.0,,,,
B07H3L2JWD,,,,,196.0
B07H3L3GFW,,,467.0,,467.0
B07H3LD35M,,,,,10.0
B07H3MDBSG,71.0,71.0,,,71.0
B07H3SSLBK,,,226.0,,
B07H3SSS7B,,,,,195.0
B07H3TJLLV,,170.0,,170.0,170.0
B07H3V9NZ4,,,,62.0,
B07H3VKKTV,,568.0,,,568.0
B07H3W913Y,,,,,170.0
B07H3W913Z,142.0,,142.0,,142.0
B07H3ZPCRM,109.0,,,109.0,109.0
B07H3ZS1JF,,,,,104.0
B07H41W8VX,169.0,,,,
B07H43JVLH,865.0,865.0,865.0,865.0,865.0
B07H43JVM7,,,,1397.0,1397.0
B07H43JZ5N,,,30.0,,
B07H45TCYT,,13.0,13.0,,13.0
B07H47X3PB,,93.0,,,93.0
B07H4KM71F,,,129.0,,129.0
B07H4LCRNV,,129.0,,,129.0
B07H4LL6KS,,,,,13.0
B07H4MD2CK,,74.0,74.0,74.0,74.0
B07H4RXVCR,,1045.0,,,1045.0
B07H4SLDRN,,,,,21.0
B07H4SMWQ4,,33.0,,,33.0
B07H4TDT62,,,,,534.0
B07H4TM7ZZ,,,,,156.0
B07H4TMCMF,,,,,19.0
B07H4VSR1H,,,,,187.0
B07H4VX4HB,,,105.0,,105.0
B07H4VX4HG,,,,,31.0
B07H4VX6MJ,,,,,119.0
B07H4WXJV7,123.0,,,123.0,123.0
B07H4Y5XD2,,,,,24.0
B07H4Y8YCB,,,96.0,96.0,96.0
B07H526CKC,,,,,206.0
B07H52YMTW,,,203.0,,203.0
B07H53MQHD,,,,17.0,
B07H53MQJN,,,,365.0,
B07H549PY1,,,32.0,,32.0
B07H5FNBXX,,,,,20.0
B07H5G8KS7,,36.0,36.0,,36.0
B07H5JJ7WL,,,,,47.0
B07H5JT8KT,,,,,86.0
B07H5RF3GB,5714.0,5714.0,5714.0,,5714.0
B07H5ZLWNC,,,192.0,,192.0
B07H6842FN,,,,,184.0
B07H6S3YB6,564.0,564.0,564.0,,564.0
B07H72MDCW,380.0,,,,
B07H739RNL,,,,,380.0
B07H73C5DR,,,,,352.0
B07H7G3JWX,684.0,684.0,684.0,,684.0
B07H7TL4R1,,,,,28.0
B07H7VVCKC,556.0,556.0,,,556.0
B07H827D59,1160.0,1160.0,1160.0,1160.0,1160.0
B07H84MCHM,,279.0,,279.0,279.0
B07H84Y3X9,,,,,5445.0
B07H856GYB,,,,,1558.0
B07H8F83R3,,,,,107.0
B07H8K19GZ,216.0,,,216.0,216.0
B07H8M37X5,,,,,12.0
B07H8N7XSJ,,,,,990.0
B07H8N7ZCW,1754.0,,,1754.0,1754.0
B07H91B8FV,,,,,2.0
B07H96WRJ3,1285.0,,1285.0,1285.0,1285.0
B07H99375F,,,,,837.0
B07H9DD96D,,,175.0,175.0,
B07H9F826Q,,,132.0,,132.0
B07H9G8XWR,2835.0,,2835.0,2835.0,2835.0
B07H9GHBLC,,,19.0,,
B07H9GWY8J,,,,2771.0,2771.0
B07H9GWYC9,2835.0,2835.0,2835.0,,2835.0
B07H9H3Y1B,,,,,118.0
B07H9H9RMY,677.0,,,,677.0
B07H9K82YP,,,,,6369.0
B07H9KLQDB,6369.0,,6369.0,6369.0,6369.0
B07H9KS2DV,,,,,78.0
B07H9KT1GS,677.0,,677.0,677.0,677.0
B07H9KXCT9,2835.0,,2835.0,2835.0,2835.0
B07H9L36L8,2835.0,,,,2835.0
B07H9L75QL,,,,,2771.0
B07H9L94QJ,2835.0,,,,2835.0
B07H9LFZMN,2835.0,2835.0,2835.0,2835.0,2835.0
B07H9NHYRS,,,2835.0,2835.0,2835.0
B07H9R6SGZ,2835.0,2835.0,,,2835.0
B07H9V4W5B,,2835.0,2835.0,2835.0,
B07HB7BBB7,,,,,123.0
B07HB8XGM3,,,,,45.0
B07HCMHVCW,1241.0,1241.0,1241.0,1241.0,1241.0
B07HCN3MP9,66.0,,66.0,66.0,66.0
B07HCPV5TD,,,,,140.0
B07HCQXHH3,,,104.0,104.0,104.0
B07HCSDWX9,19.0,,,,
B07HCTLWX3,,,43.0,43.0,43.0
B07HCXPM2X,,105.0,,,105.0
B07HCXRTC9,,,,,5.0
B07HD1757M,,,,,3351.0
B07HD5G3J8,,,,404.0,
B07HD5G3JJ,,,,,404.0
B07HDD9M3S,,,,,286.0
B07HDFW6R6,336.0,,,336.0,336.0
B07HDG3QK6,,,,6.0,
B07HDTYP4C,11.0,,,,
B07HDYTX6J,6.0,,,,
B07HF12G9T,,317.0,,,317.0
B07HF1D3CW,16.0,,,,
B07HF1LTWB,,,,,317.0
B07HF7V9JN,,,,,22.0
B07HF7VHV7,,,,,40.0
B07HF7VMXZ,783.0,783.0,783.0,783.0,783.0
B07HF88D8J,,632.0,,,632.0
B07HF88H8D,,,,202.0,
B07HF88HB4,,,,,54.0
B07HF88NWJ,1347.0,,,1347.0,1347.0
B07HFBPVPF,783.0,783.0,783.0,783.0,783.0
B07HFBPXNZ,,,,,36.0
B07HFBQ2NH,,,,854.0,854.0
B07HFBQ2NJ,20.0,,,,20.0
B07HFCCT1D,,,,,46.0
B07HFH4BCD,,,,,29.0
B07HFHWNPH,8401.0,8401.0,8401.0,8401.0,8401.0
B07HFHWX8M,,,,,35.0
B07HFJ4MC5,,,,,25.0
B07HFJZ33V,,,,55.0,55.0
B07HFJZW8W,,46.0,46.0,,46.0
B07HFK3MVV,,,,,75.0
B07HFKPRN2,,,,389.0,389.0
B07HFKRCHW,,,,,46.0
B07HFLTL44,,,,,118.0
B07HG51NL5,863.0,863.0,863.0,863.0,863.0
B07HG6WW5N,15.0,,,,
B07HG82MCB,,,,,699.0
B07HG82N4B,,,,,699.0
B07HG8RPX8,71.0,,,,
B07HG9LWQ7,,,,,699.0
B07HG9YL1Q,,385.0,385.0,385.0,385.0
B07HGBL48D,116.0,,,,
B07HGF82FZ,,,337.0,,
B07HGG3TY1,,,25.0,,25.0
B07HGGHJ9H,,,,289.0,
B07HGH25S3,1487.0,1487.0,1487.0,1487.0,1487.0
B07HGH6C41,,45.0,,,
B07HGHPS13,,,,,202.0
B07HGHPS2J,,,76.0,,76.0
B07HGHPS3T,,,,,102.0
B07HGJ7RGC,,,,,118.0
B07HGL7MPH,,,,,186.0
B07HGLJT2C,,,10.0,,
B07HGSRGDG,,,28.0,28.0,
B07HGV6GDX,,,,,13.0
B07HHCZWFG,,,,,89.0
B07HHKP5X1,,,,72.0,
B07HHKQF8F,,6.0,,,
B07HHKQVKL,,,,,10.0
B07HHLJTF3,36.0,,,,36.0
B07HHLMLQ3,,,,,33.0
B07HHLNW5F,,,,30.0,30.0
B07HHMG45P,,,,,14.0
B07HHN11P4,2111.0,2111.0,2111.0,2111.0,2111.0
B07HHN1864,,,464.0,,464.0
B07HHN6T8T,,92.0,,,92.0
B07HHNZZQ4,,,,,118.0
B07HHP2N2T,2111.0,2111.0,,,2111.0
B07HHPDP7Q,,,,2657.0,2657.0
B07HHQ1MJG,,,,1749.0,1749.0
B07HHQ1MKB,,,,,7.0
B07HHQ2MVQ,,,1749.0,1749.0,1749.0
B07HHQ2RM8,,,1749.0,,
B07HHS621P,,,152.0,,152.0
B07HJ2NV56,,,,,186.0
B07HJ847YH,,,,,56.0
B07HJ9ZRWY,94.0,,,,
B07HJCV7SS,,,,,1251.0
B07HJGQ172,,,,,9457.0
B07HJJYLDR,,1573.0,1573.0,,1573.0
B07HJKP2W9,114.0,114.0,,114.0,
B07HJKWTZC,,,,,11.0
B07HJL5GF1,,,,7.0,7.0
B07HJLKBBL,,,,,208.0
B07HJM86WQ,,,,,420.0
B07HJNC1NS,,,,,26.0
B07HJPP7KF,,,,,33.0
B07HJR6C8R,,,,,33.0
B07HJWJ7LN,,,,,802.0
B07HK7LP67,,,,,14.0
B07HK8NSK4,,,39.0,,39.0
B07HKDNYW3,,1573.0,,1573.0,1573.0
B07HKJ435Z,1573.0,,1573.0,,
B07HLBYZGS,23340.0,,23340.0,23340.0,23340.0
B07HLCB5LP,1534.0,,1534.0,1534.0,1534.0
B07HLCL1T1,,,,,23340.0
B07HLD2HC4,23340.0,23340.0,23340.0,23340.0,23340.0
B07HLLWL9L,23340.0,23340.0,23340.0,23340.0,23340.0
B07HLWHWS9,,,,,51.0
B07HLWY7ZF,,,,68.0,68.0
B07HM4Z2R4,,,28.0,,28.0
B07HM7RKKB,,287.0,,,287.0
B07HM8K822,,,,,87.0
B07HM8LVH5,,287.0,,,287.0
B07HM9KGCG,1202.0,1202.0,,1202.0,1202.0
B07HMDGJCJ,2780.0,2780.0,2780.0,2780.0,2780.0
B07HMDYKPV,761.0,,,,
B07HMGMLHR,,,,,761.0
B07HMH4L54,,,,,52.0
B07HN3MS9L,,,,,165.0
B07HNFDDBT,,,,,126.0
B07HNHZ9KD,,,,23340.0,
B07HNSGN56,,42.0,42.0,42.0,42.0
B07HNSH5XH,,,,9342.0,9342.0
B07HNTRRJ3,,,,,120.0
B07HNTZ3BT,,269.0,,,269.0
B07HP528QX,,,,23.0,
B07HP8661L,,,45.0,,
B07HP8W4LX,45.0,,,,
B07HP9C757,,,,45.0,45.0
B07HPCSFD6,,,,,664.0
B07HQ6TC5F,,,,,12.0
B07HQCWJ72,,,,131.0,
B07HQVF1ZN,,,,112.0,112.0
B07HR2T2HV,,,,,308.0
B07HR6NT3K,,,112.0,112.0,112.0
B07HRK3V9M,,,,,10.0
B07HS1SL7J,,,,,419.0
B07HS1YQSL,,,30.0,,
B07HS34913,,,,146.0,146.0
B07HS38JXK,,,,,19.0
B07HS63LTK,,,,87.0,87.0
B07HS6KF38,,,,,419.0
B07HS8P7S4,1900.0,1900.0,1900.0,1900.0,1900.0
B07HS8X8PX,533.0,533.0,533.0,533.0,533.0
B07HSBG92Z,,,50.0,,50.0
B07HSCPK95,177.0,177.0,,177.0,177.0
B07HT6MYJQ,,,,,152.0
B07HTPDCHS,,,,,338.0
B07HV9879X,,,44.0,,
B07HWGMWFX,363.0,363.0,,,363.0
B07HWJ49WH,,596.0,596.0,596.0,596.0
B07HWL3TKS,,,,,370.0
B07HWWDHM7,584.0,,584.0,,584.0
B07HX3FL14,,,,,162.0
B07HXK4DP5,,,35.0,,
B07HY21V5H,,,,,11013.0
B07HY29775,,,,1255.0,1255.0
B07HYBTF35,,,,,90.0
B07HYF3G21,,,,,56.0
B07HYFQ417,,,,,14.0
B07HYGDVXQ,,,,,139.0
B07HYHM58Y,,,,,22.0
B07HYJBY2F,,,,,51.0
B07HYJL3R4,,,,,30.0
B07HYJZLZ7,,23340.0,23340.0,23340.0,23340.0
B07HYQXNKF,,,,,929.0
B07HZ1WJ38,,,,,292.0
B07HZ4WV2F,,,122.0,,122.0
B07HZF26YJ,,,96.0,96.0,96.0
B07HZH6H6G,144.0,,,144.0,144.0
B07HZPWBYG,,,,,4.0
B07HZQRJHG,,,,,726.0
B07HZR7DTM,,,,,6.0
B07J1QKJM1,,,126.0,126.0,126.0
B07J1XSQFF,529.0,,,,
B07J1YYZRC,,,,,69.0
B07J21H9P7,,,,,51.0
B07J2MMLYW,,,,,121.0
B07J2MZKTV,,,,32.0,32.0
B07J2NJR29,97.0,,,,
B07J2NVX24,97.0,,97.0,,
B07J2Q4GSJ,,,,,97.0
B07J2S53RZ,,,,,1179.0
B07J328T25,,,,,56.0
B07J3QRM53,85.0,,85.0,,85.0
B07J3RFNB1,,309.0,,309.0,309.0
B07J453M9S,30.0,,,,30.0
B07J4B83RT,20109.0,20109.0,,,20109.0
B07J4VYBJB,356.0,,,,356.0
B07J53MX4S,,37.0,37.0,37.0,37.0
B07J581LMD,,,,,116.0
B07J586C6K,,,,100.0,100.0
B07J5C8LLD,131.0,,,,131.0
B07J5CVT4J,,,,,2831.0
B07J5N2N3P,,27.0,,,27.0
B07J5PXYQ9,,,,,146.0
B07J5QW1LS,,,,28.0,
B07J5R6BBD,,,,,12.0
B07J5SM6RT,947.0,,,,
B07J5YGVJY,,,,774.0,774.0
B07J6RKJKZ,1.0,,,,
B07J6SC97N,,,,,22.0
B07J6SDJL1,27900.0,27900.0,27900.0,27900.0,27900.0
B07J9YVH4Z,,,,,10.0
B07J9YVH5R,107.0,,107.0,,107.0
B07J9Z29NR,,,,,19.0
B07J9Z7RHB,,,,27.0,27.0
B07J9Z84KH,,,,,34.0
B07JB41ZKR,,,,,26.0
B07JB6KDYN,492.0,,,,492.0
B07JB7MHMH,617.0,,,,617.0
B07JBBJR49,133.0,,,,133.0
B07JBHKBQQ,,,,,7.0
B07JBY9NCR,447.0,,,,447.0
B07JBY9NCS,1338.0,1338.0,1338.0,1338.0,1338.0
B07JBZN3NH,350.0,350.0,350.0,,350.0
B07JBZN9JX,11.0,,,,
B07JBZS8YW,,35.0,35.0,35.0,35.0
B07JC4TZGY,,,9.0,,
B07JCCHCLG,942.0,,,,
B07JCVN4JV,,,,,60.0
B07JDT9F9J,,7.0,7.0,7.0,7.0
B07JDVPJ16,201.0,,,,201.0
B07JFKHPXR,,,361.0,,
B07JFQMR2X,,,,10.0,10.0
B07JG6JDXN,520.0,,,,
B07JH27T27,,,,268.0,
B07JHDM8S2,,,,,99.0
B07JJ1L8MX,,,,,942.0
B07JJ86JVL,942.0,,,,942.0
B07JJJJX7J,,,,,293.0
B07JJJM174,,,,942.0,
B07JJXTGNH,,,,200.0,
B07JJXTLLM,,,,64.0,64.0
B07JK3TPG8,,,,,4.0
B07JKL7N62,30.0,30.0,,,
B07JKS99L2,,123.0,,,123.0
B07JL7DTZ4,967.0,967.0,967.0,967.0,967.0
B07JL8NH7H,56.0,56.0,56.0,56.0,56.0
B07JL8TCHN,,,,138.0,138.0
B07JLHBZBH,,96.0,96.0,,96.0
B07JLHMLHM,,,,,188.0
B07JLPG2BZ,277.0,277.0,,,
B07JLT14FQ,,,,,363.0
B07JM1FHBR,,,,414.0,414.0
B07JM2HWW1,,2055.0,,2055.0,
B07JM334ZL,,,,,7.0
B07JM45ZPF,,,56.0,56.0,56.0
B07JM6S9D1,,,,,8.0
B07JMFBCJH,,,,,35.0
B07JMKFTWW,,,55.0,,55.0
B07JMKG771,,,,47.0,
B07JMKG77D,,,,,132.0
B07JMKGGDX,,,,,133.0
B07JMTD5W9,,,501.0,,
B07JMV1DTQ,1465.0,1465.0,1465.0,1465.0,1465.0
B07JMW3YKZ,,,,,1844.0
B07JMYXRHD,3499.0,,3499.0,3499.0,3499.0
B07JN6BM24,,,,22.0,22.0
B07JN6W12Q,,,,49.0,49.0
B07JNCFXFQ,,,,,189.0
B07JNCGCD7,,,,68.0,68.0
B07JNKNY1B,189.0,,,,189.0
B07JNWZ3FG,556.0,,556.0,,556.0
B07JP121Y8,,,,130.0,130.0
B07JP2DQSF,,324.0,324.0,324.0,
B07JP45L67,,9.0,,,
B07JPB5TWN,1573.0,1573.0,1573.0,1573.0,1573.0
B07JPCCFQF,,,,,101.0
B07JPDYHX4,,574.0,,,
B07JPJSHBH,,,,,583.0
B07JPZNTJN,3006.0,,,3006.0,3006.0
B07JQ1KHCQ,,56.0,,,56.0
B07JQ4ZPWG,,,,,3.0
B07JQ5HVP1,54.0,,,54.0,54.0
B07JQ5X8JD,,,,,562.0
B07JQ5YLCP,,,,,86.0
B07JQ878J5,104.0,,104.0,,104.0
B07JQMNCYJ,,,,,15.0
B07JQMP8VB,37.0,,,,
B07JQXKM2B,,,23.0,,23.0
B07JR18VNF,,,,,104.0
B07JR3NFBP,,,,,33.0
B07JR5TJ65,375.0,375.0,375.0,375.0,375.0
B07JR8C7GH,70.0,,,,70.0
B07JV8CV7B,,,,,88.0
B07JV8GBXS,,,,,437.0
B07JVDD3JS,,,,,361.0
B07JVN135P,,,,,7.0
B07JVP9TS1,1579.0,,,,
B07JVPGC6H,,,44.0,,
B07JVQ77M4,65.0,,,,
B07JVQS1HY,,,,,143.0
B07JVZ8QTW,34.0,,,,
B07JW27HW8,,,,,326.0
B07JW2D8VR,561.0,561.0,,561.0,561.0
B07JW2TXXR,,,,,454.0
B07JW3ZZ3T,,,,,417.0
B07JW3ZZ4D,86.0,,,,86.0
B07JW7M2ZN,,,,,201.0
B07JWDTQDW,,471.0,471.0,,471.0
B07JWKJQQK,,,942.0,,
B07JWMXY7K,942.0,,,942.0,942.0
B07JX4MJYL,,,,30.0,30.0
B07JX7L3WH,,,,,438.0
B07JX7QZ96,,,,,7.0
B07JY8ZF84,,,,,56.0
B07JYPKKCM,,,,1949.0,1949.0
B07JYPQBG4,,,536.0,,536.0
B07JYQGY7W,,,68.0,,
B07JYSPFDX,,,,,27.0
B07JZ2JK51,,,,56.0,
B07JZ5DRQL,,,,,56.0
B07JZ67RY8,,,,,38.0
B07JZHFSPW,3457.0,3457.0,3457.0,3457.0,3457.0
B07JZKB46N,,,,,141.0
B07JZKQBT4,,,187.0,,
B07JZS223X,,,,,176.0
B07JZVZWSX,,,,117.0,117.0
B07K196HGH,,,13397.0,13397.0,13397.0
B07K1BW1XY,,,13397.0,13397.0,13397.0
B07K1F76FC,8100.0,8100.0,,8100.0,8100.0
B07K1H9YZY,,,,,13397.0
B07K1HL2S8,,87.0,,,
B07K1JC5WX,,,,,58.0
B07K1RCW3H,,,,160.0,
B07K21J8DK,,,,,247.0
B07K2293DD,,,,,146.0
B07K22WYL6,424.0,424.0,,,424.0
B07K231NBV,,,,,146.0
B07K2B965J,712.0,712.0,712.0,712.0,712.0
B07K2GHRTT,,,,,49.0
B07K2GHV62,,,,,3219.0
B07K2K38GM,898.0,898.0,898.0,898.0,898.0
B07K2KX394,,,,,10.0
B07K2QHVF6,,,,,30.0
B07K2S2SK8,29.0,,29.0,29.0,29.0
B07K3FYYKV,,,,,47.0
B07K3GKH4H,,101.0,,,101.0
B07K3GRR6S,528.0,,,,
B07K3H29V7,,,,,53.0
B07K3JKQ6P,,,46.0,46.0,
B07K3KVVXG,,,,,66.0
B07K3LZ7WM,200.0,200.0,,200.0,200.0
B07K3XP2QS,,,,,118.0
B07K4C4RGK,,,,376.0,376.0
B07K4FLYNK,1582.0,1582.0,1582.0,,1582.0
B07K52MSXF,785.0,,,,785.0
B07K5977F7,1357.0,,1357.0,,1357.0
B07K5BNPJT,,,1357.0,,1357.0
B07K5BRSBY,,,,,1357.0
B07K5PPTL7,,,,219.0,219.0
B07K5SW5T7,502.0,502.0,,502.0,502.0
B07K6R1B4Y,,,277.0,,277.0
B07K6Y7XQZ,,,424.0,,424.0
B07K6YLJM4,,,,135.0,135.0
B07K778JH9,,,,,583.0
B07K7GBRFQ,,52.0,,,52.0
B07K7J1DHF,,,,,217.0
B07K7J3C6C,302.0,302.0,302.0,302.0,302.0
B07K7SH2FG,10168.0,10168.0,,10168.0,10168.0
B07K7T2F7R,,,,,86.0
B07K7TP41G,,,,,15.0
B07K7WQH9J,,,,,81.0
B07K7Z5BPL,203.0,,,,203.0
B07K8CPWQV,,33.0,,,
B07K8MP14L,,,,,529.0
B07K8NKQZ5,,,,202.0,
B07K8NTWZ6,,,,,286.0
B07K8P2WYC,,,,,10.0
B07K8PF627,48.0,,,,48.0
B07K8Q97KT,,,,317.0,317.0
B07K8QHL3V,,,,529.0,
B07K8QQF1Q,,,,,430.0
B07K8R3YR4,,,,317.0,317.0
B07K8R8PWF,,,,,163.0
B07K8RH6FW,118.0,,,,
B07K8RNHP1,,,,,22.0
B07K8RNLQ8,272.0,,272.0,,272.0
B07K8VDKZ6,,,,,58.0
B07K8WHHZL,,,,,203.0
B07K8WWJ3M,,,,,55.0
B07K8Y1R9N,358.0,358.0,358.0,358.0,358.0
B07K8ZP935,,114.0,,,114.0
B07K8ZQRLH,,,,,114.0
B07K8ZW4WD,486.0,486.0,,,486.0
B07KBFRK4M,,,,,36.0
B07KBYY72Y,1980.0,,,,1980.0
B07KC5FF98,565.0,565.0,565.0,565.0,565.0
B07KCGK8MP,,,,42.0,
B07KCNFXZD,,,,,177.0
B07KCQG27N,,112.0,,,112.0
B07KDZGW2T,,,,,28.0
B07KFN17JL,1956.0,1956.0,,1956.0,
B07KFP69T6,1956.0,,,,1956.0
B07KFP75XF,1956.0,,1956.0,1956.0,1956.0
B07KFPHQQP,1956.0,1956.0,1956.0,1956.0,1956.0
B07KFQ5S9H,1956.0,,,1956.0,1956.0
B07KFQKX7D,,,,,1956.0
B07KFQVYZD,1956.0,,,,1956.0
B07KFZH3MF,,,,,173.0
B07KFZPG6H,,,,,382.0
B07KG19RJ9,,382.0,382.0,,382.0
B07KG2LZ1X,,,77.0,77.0,
B07KG9NT6Q,,57.0,57.0,57.0,57.0
B07KGC96XY,,,,274.0,274.0
B07KGJ1B24,,,453.0,453.0,453.0
B07KGSDTFB,34.0,34.0,,,
B07KH7SLYN,5754.0,5754.0,5754.0,5754.0,5754.0
B07KHD8XC3,1291.0,,1291.0,1291.0,1291.0
B07KHDSPLK,,,,,212.0
B07KHF424R,,703.0,703.0,,703.0
B07KHF5RSX,150.0,,,,150.0
B07KHFG7RY,4097.0,4097.0,4097.0,4097.0,4097.0
B07KHGFNYD,361.0,361.0,,361.0,361.0
B07KHGNLCJ,196.0,,,,196.0
B07KHHD8GR,1947.0,,1947.0,1947.0,1947.0
B07KHHGZVS,397.0,,397.0,,397.0
B07KHJJFRY,3797.0,3797.0,3797.0,,3797.0
B07KHJXPXY,3581.0,3581.0,,3581.0,3581.0
B07KHMQ8JP,,,394.0,,394.0
B07KHQ1LV4,343.0,,,343.0,343.0
B07KHQW3PH,,,,,9.0
B07KJ2HN66,,,,639.0,639.0
B07KJB395Z,,,38.0,38.0,38.0
B07KJBL9RK,,,,38.0,38.0
B07KJD2787,,,701.0,,701.0
B07KJD3N8M,,,28.0,28.0,28.0
B07KJF46RZ,,,55.0,,
B07KJHKGPJ,,,,,14.0
B07KJLG39K,,,,,2505.0
B07KJRXYL2,,,,,62.0
B07KJSN8VN,204.0,204.0,,,204.0
B07KK2K8SV,,,,52.0,
B07KK2K8SX,,,,,81.0
B07KK3KVF4,53.0,,,,53.0
B07KKHX3CV,785.0,785.0,,,785.0
B07KMC6TT6,,156.0,,156.0,156.0
B07KMD6HZR,,,,722.0,
B07KMDMZ3L,,292.0,,292.0,292.0
B07KMGDSH2,1164.0,1164.0,1164.0,1164.0,1164.0
B07KMSK83N,,,,,60.0
B07KMSPWGH,,,,62.0,
B07KN2BQVR,,,566.0,566.0,566.0
B07KN2XXF3,,,,,219.0
B07KN3MD4F,483.0,,483.0,483.0,483.0
B07KP1LXDW,246.0,,246.0,,246.0
B07KP2J99T,,,,,11.0
B07KPNBKBZ,10662.0,,10662.0,10662.0,10662.0
B07KPPYKT9,,502.0,,,
B07KPRPHN2,327.0,327.0,327.0,,327.0
B07KPS1GDV,,,24.0,24.0,
B07KPS6FVK,,,7.0,7.0,7.0
B07KPW4J26,,,175.0,,175.0
B07KPWBC3Y,,,,,207.0
B07KPWGJB5,,,,,105.0
B07KPYCPPS,,,,,249.0
B07KQ14HJ6,,,,,30.0
B07KQ1L6Y7,,,,,20.0
B07KQ23PTF,,,,,26.0
B07KQ23QNG,,,,,33.0
B07KQ2PMPJ,,,,21.0,21.0
B07KQ2R2XM,,,34.0,,
B07KQ33JHY,,,,,140.0
B07KQH3Q58,,,,,664.0
B07KQHYHQ7,,,,,386.0
B07KQMK38N,,,,,27.0
B07KQPKGH6,3989.0,,,3989.0,3989.0
B07KQQF6DZ,,,4435.0,,4435.0
B07KQQR78J,7346.0,,,7346.0,7346.0
B07KQSB5SW,4490.0,,,4490.0,4490.0
B07KR2KSZM,,618.0,,,618.0
B07KR2RXT5,,,,,154.0
B07KR4P5Z7,,301.0,,301.0,
B07KR4XPJF,,,,,64.0
B07KR76YC9,,,,,813.0
B07KR7ZF1Q,,,,,171.0
B07KR86VB9,,,,,115.0
B07KR8JVWR,,,,74.0,74.0
B07KR92S2F,,,,,113.0
B07KR9JRZS,,,140.0,,140.0
B07KRBBP8W,,,,,70.0
B07KRBPKLV,,,384.0,384.0,384.0
B07KRCX6CH,37.0,37.0,,37.0,37.0
B07KS6B4RX,,,,,1418.0
B07KS7RV5Z,7146.0,7146.0,7146.0,7146.0,7146.0
B07KSF6NRG,,,466.0,,466.0
B07KSLTYMT,57.0,,,,
B07KSM4F4C,549.0,549.0,,,549.0
B07KSQXCND,1023.0,,1023.0,1023.0,1023.0
B07KSSLVYH,8.0,,,,
B07KT2BGPV,,,,161.0,
B07KT2BGPX,55.0,,,55.0,55.0
B07KT3GQFF,2381.0,2381.0,2381.0,2381.0,2381.0
B07KT54BGM,,,,372.0,
B07KTBFQX7,,,,,231.0
B07KTD3NZM,,,,,1232.0
B07KTHZTWR,2586.0,,,,2586.0
B07KTMV7R2,915.0,,915.0,,915.0
B07KVDTM4X,831.0,831.0,,831.0,831.0
B07KVDYP4C,,,,,831.0
B07KVF7KGW,,,,6.0,
B07KWBPZ1Z,,189.0,189.0,,189.0
B07KWG7FZ4,,,,,23.0
B07KWQDSN2,,,,,187.0
B07KWQXGZW,227.0,,,227.0,227.0
B07KWVD97R,,,,75.0,75.0
B07KWYKXCW,,,133.0,,
B07KWYYP4Z,212.0,212.0,,212.0,212.0
B07KWYYQTY,,,,,92.0
B07KWZK1WY,,,,,155.0
B07KX7MJB8,,,138.0,,
B07KY26H48,2058.0,2058.0,2058.0,2058.0,2058.0
B07KY5VDDH,,,59.0,,59.0
B07KY6KFSP,,,,,71.0
B07KYFTG5Q,82.0,82.0,,82.0,82.0
B07KYFTG5V,88.0,,,88.0,88.0
B07KYG2XLX,,,,,88.0
B07KYG2XLZ,,,465.0,465.0,465.0
B07KYG58LC,,455.0,455.0,,455.0
B07KYG6VWN,,,,16092.0,16092.0
B07KYGDK77,,,131.0,131.0,131.0
B07KYGL7NB,80.0,80.0,,,80.0
B07KYGNG85,80.0,,80.0,80.0,80.0
B07KYGR4S6,8749.0,,,8749.0,8749.0
B07KYGS89F,88.0,,,,88.0
B07KYGVJ74,,,,,88.0
B07KYGWMH5,16092.0,16092.0,16092.0,16092.0,16092.0
B07KYGWW4X,,,,,2058.0
B07KYGWW52,164.0,,164.0,,164.0
B07KYGZM6N,,,,88.0,88.0
B07KYH1JFM,2058.0,2058.0,2058.0,2058.0,2058.0
B07KYH7KBT,,,,88.0,
B07KYHFLB4,16092.0,,,,16092.0
B07KYT8894,,,,51.0,
B07KZ6R8FV,,,57.0,,57.0
B07KZ6XJHR,,,,22.0,22.0
B07KZ7JJKF,,,,20.0,
B07KZB1J3D,,,,,119.0
B07KZN2FXY,,,,346.0,346.0
B07KZRYC6Y,,,,,38.0
B07KZYFR4F,1349.0,,,1349.0,1349.0
B07L1742PR,,126.0,,,126.0
B07L195Z9C,,,,,16.0
B07L1CLGPK,,,246.0,,246.0
B07L1DV8MS,1025.0,1025.0,,1025.0,1025.0
B07L21R83C,,,,,17.0
B07L2297ZY,,,,20.0,20.0
B07L2FY8SZ,,,1328.0,,
B07L2GT6C7,,,,,1328.0
B07L2HMDZ3,,31.0,,,31.0
B07L2JQMMC,,,,565.0,
B07L37N159,,,,,7.0
B07L37P1BS,,,,58.0,
B07L37Q4P8,,,,70.0,70.0
B07L384L61,,,,10.0,
B07L3GP7D2,,,769.0,769.0,769.0
B07L52TBDD,,,,65.0,65.0
B07L56KW27,,6.0,,,
B07L58V421,,,,92.0,
B07L5M9NJF,111.0,,111.0,111.0,111.0
B07L5M9NK7,,,,51.0,51.0
B07L5NWDWZ,,107.0,107.0,107.0,107.0
B07L5PC33X,,,,,147.0
B07L5PCGRY,,,,,67.0
B07L5PCGS8,,,44.0,44.0,44.0
B07L5Q9F49,,,64.0,,64.0
B07L5QFD9T,,,147.0,,147.0
B07L5QFRLB,65.0,,,,
B07L5VC5GF,,368.0,,,368.0
B07L61TGZQ,,,,,206.0
B07L63W7R1,527.0,,,,
B07L67KL81,,19130.0,,,19130.0
B07L6B99TX,,,1145.0,,1145.0
B07L6JCF97,,,,,1749.0
B07L6KB297,100.0,,100.0,100.0,100.0
B07L6KBQC9,1749.0,,,,1749.0
B07L6KHGPT,52.0,,,,52.0
B07L6KJXYW,,43.0,,,43.0
B07L6LM8LL,,,,,49.0
B07L6MWNXS,1749.0,1749.0,,,1749.0
B07L6NCL1Q,,505.0,505.0,505.0,505.0
B07L6RJ3QG,,938.0,,,
B07L71DN9R,,73.0,73.0,73.0,73.0
B07L7WTCDR,,,565.0,565.0,565.0
B07L83R2LB,,,,419.0,419.0
B07L8N5JTH,,566.0,,566.0,566.0
B07L8N7RK4,,,,,14.0
B07L8N7T8B,,,,,597.0
B07L8XP5RT,,,,,722.0
B07L9G5MVM,,,,,66.0
B07L9H3T34,,125.0,,,125.0
B07L9HK2GL,,,,947.0,
B07L9JP7PZ,,348.0,,348.0,348.0
B07L9Q45B2,,,,,213.0
B07L9VL72R,,,,,3601.0
B07L9VXQN2,10826.0,10826.0,10826.0,10826.0,10826.0
B07LB3P43N,1370.0,1370.0,1370.0,1370.0,1370.0
B07LB4PYS6,4658.0,4658.0,4658.0,4658.0,4658.0
B07LB4QNDF,1858.0,1858.0,1858.0,1858.0,1858.0
B07LB85629,6.0,,,,
B07LB87D3J,354.0,,,,354.0
B07LB8PK8P,,,3.0,3.0,3.0
B07LB97RZ1,,,3.0,,3.0
B07LB9ZG79,126.0,,,,
B07LBB38FX,179.0,,,,179.0
B07LBB5J9S,124.0,,,,124.0
B07LBC4CPC,190.0,,,190.0,190.0
B07LBLK57Q,10933.0,10933.0,10933.0,10933.0,10933.0
B07LBNXCQL,,,,,73.0
B07LBPHZ83,596.0,,,596.0,596.0
B07LBRYMLF,,220.0,220.0,220.0,220.0
B07LBY3952,,405.0,,,405.0
B07LC277HC,,,,,5283.0
B07LC2BNFB,390.0,390.0,390.0,390.0,390.0
B07LC4VPD5,,160.0,,,
B07LCB6XNJ,,,,,47.0
B07LCCS2ZY,,,,34.0,34.0
B07LCJ1B4F,,,,559.0,559.0
B07LCPKKQ3,,,,,665.0
B07LCXWVJG,3815.0,3815.0,3815.0,,3815.0
B07LCYJQYS,,,,,44.0
B07LD1ZY23,,,,,922.0
B07LDJKYT7,,,,2720.0,
B07LDVG2RV,,,,206.0,206.0
B07LFC2TTY,69.0,69.0,69.0,69.0,69.0
B07LFLVPYJ,,,95.0,,
B07LFMS1C9,942.0,,,942.0,942.0
B07LFMTCBT,942.0,,,,
B07LFN5XYS,,,664.0,,664.0
B07LFPDR9Z,,67.0,,67.0,67.0
B07LGF5CGJ,,,,,72.0
B07LGGHHK7,,,,38.0,38.0
B07LGGJHQM,2721.0,2721.0,,,2721.0
B07LGGXT3F,,,19.0,,19.0
B07LGW9T4F,,,,41.0,41.0
B07LH3D31C,,,,99.0,99.0
B07LH4PC1J,,,,,62.0
B07LH6BHGR,,,542.0,542.0,542.0
B07LH6BHH1,,,,,54.0
B07M5B7BKH,,,,2.0,
B07M5JMTL8,,,,,4570.0
B07M5JN4C7,,,,,12.0
B07M5KB3D1,,,,,149.0
B07M66Y3R9,,,,546.0,546.0
B07M66Y3RQ,534.0,,534.0,534.0,534.0
B07M66Y7FD,344.0,,,,344.0
B07M66YDWX,546.0,,546.0,546.0,546.0
B07M66YHKD,534.0,,534.0,,534.0
B07M6J5N67,,,,,136.0
B07M6LK2R8,99.0,,,,
B07M6XPVJP,,,66.0,66.0,
B07M714QRF,,,,,2121.0
B07M73KP43,,,,,296.0
B07M7B2Q4T,1104.0,1104.0,1104.0,1104.0,1104.0
B07M7FGB5Q,,,684.0,,
B07M7FGB5S,,37.0,37.0,37.0,
B07M7FGB5X,381.0,,,,
B07M7L7H2G,,342.0,342.0,342.0,342.0
B07M7PT2F8,,,,,99.0
B07M7PVXQ8,,,,,197.0
B07M7PXNHB,,,84.0,,84.0
B07M7PZVYN,,,81.0,,
B07M7SR33T,,,69.0,69.0,69.0
B07M7SZ57D,,151.0,151.0,151.0,151.0
B07M7VKGJ8,,192.0,,,
B07M7VKSRK,,,,,2277.0
B07M85KLM8,2114.0,2114.0,2114.0,2114.0,2114.0
B07M85KLM9,1231.0,,,,
B07M8FL8QP,,,,,32.0
B07M8G9P3S,,,,,75.0
B07M8HR5GG,,,,,29.0
B07M8HR8DC,,,,,27.0
B07M8Q4RXR,27.0,,,,27.0
B07M8Q5LT2,4570.0,,4570.0,,4570.0
B07M8Q6237,4570.0,,4570.0,4570.0,4570.0
B07M8QWXYW,,,,,88.0
B07M8QXF86,,,,,89.0
B07M8S9FQV,145.0,145.0,145.0,,145.0
B07M8ZJNZM,,,,,62.0
B07M8ZJNZP,,72.0,72.0,72.0,72.0
B07M91C9P3,,,,,102.0
B07M967X61,,,,,58.0
B07M99GGHY,4570.0,4570.0,4570.0,4570.0,4570.0
B07M9B7P28,119.0,,,,119.0
B07M9BV1VJ,,,,,43.0
B07M9C3WT2,,,,22.0,22.0
B07M9JQMQ9,,,,,17.0
B07M9JQSC4,,,,,35.0
B07M9PW6RX,721.0,,,,721.0
B07M9Y3GGW,,,546.0,,546.0
B07MB2F8HS,2966.0,,2966.0,,2966.0
B07MB2FJ74,1700.0,,1700.0,1700.0,1700.0
B07MBNM6KV,,346.0,346.0,,346.0
B07MBR2TZ4,2121.0,,,2121.0,2121.0
B07MBTHFJF,127.0,127.0,,,127.0
B07MBTHSFD,,,,296.0,
B07MCDDM51,,1714.0,1714.0,,1714.0
B07MCDHW3V,431.0,431.0,431.0,,431.0
B07MCDK2CP,,265.0,,,265.0
B07MCDSBBT,62.0,,,62.0,62.0
B07MCGS7D8,69.0,,,69.0,69.0
B07MCVCXZK,1221.0,1221.0,1221.0,1221.0,1221.0
B07MCVCXZP,74.0,,74.0,,74.0
B07MCVD9W6,,,,273.0,273.0
B07MCVDDMQ,98.0,98.0,,,98.0
B07MCVDKT9,73.0,,,73.0,
B07MCVDKTG,,,216.0,,
B07MCY697B,,,,17.0,17.0
B07MD4MRV6,,,,43.0,
B07MDG8KLH,,,,,56.0
B07MDK2R3T,4378.0,4378.0,4378.0,4378.0,4378.0
B07MDK2XVB,,,,,546.0
B07MDK3K8Q,,,,,546.0
B07MDKM1SH,,,,,62.0
B07MF3238Y,,,,724.0,724.0
B07MF71NKV,,,,,34.0
B07MF8Q3QS,84.0,,,,84.0
B07MFFDK7Z,857.0,,857.0,857.0,857.0
B07MFRBJ6F,,,,,2716.0
B07MFRCW6K,,,,,20.0
B07MFRCW6M,,83.0,,,
B07MFRFGL4,,,,,164.0
B07MFZ5927,,,1019.0,,1019.0
B07MG59B4H,,,,,16.0
B07MG59B5N,,,,,15.0
B07MG5JC4R,235.0,235.0,,235.0,235.0
B07MG5K2CC,,,,,17.0
B07MG5K79X,,,,,176.0
B07MG5K79Y,,,,,7.0
B07MG5K7BD,,,38.0,,
B07MG5KLGH,,,,,12.0
B07MG5KPYQ,,,,,134.0
B07MG5PCP8,,,,72.0,72.0
B07MGHG4YY,130.0,,130.0,,130.0
B07MGHG4Z2,816.0,816.0,816.0,816.0,816.0
B07MGJV3R9,167.0,167.0,,,167.0
B07MGJV3RD,,,156.0,156.0,156.0
B07MGJVHWW,,,47.0,,
B07MH3FZ88,,,,,4008.0
B07MH4T8X1,546.0,,546.0,,546.0
B07MH4TM4M,,,,,66.0
B07MH4TM4W,344.0,,344.0,344.0,344.0
B07MH4TPF3,,,,,546.0
B07MH4TPG2,344.0,,,,
B07MH4TRYF,546.0,,,546.0,546.0
B07MH4TRZ4,344.0,,,,344.0
B07MH6CV9H,,,,367.0,367.0
B07MHFXP79,135.0,,135.0,,135.0
B07MHP18F1,,,,,43.0
B07MHP1Z17,,,,106.0,106.0
B07MHS1YSC,,,,,54.0
B07MJ1SY67,,,114.0,,114.0
B07MJ1TSG7,,,385.0,,
B07MJCHCH4,,,,147.0,147.0
B07MJCN52B,12.0,12.0,12.0,,12.0
B07MJCN52L,,,,20.0,
B07MJCNJ2X,,,,,20.0
B07MJCNJ2Z,,,,,404.0
B07MJLGJ5F,,,,,567.0
B07MJRD7RC,,,6.0,,
B07MK3DKQW,1219.0,,1219.0,,1219.0
B07MK546RN,,41.0,41.0,41.0,41.0
B07MK546RP,,,,,16.0
B07MKK5564,,,,,2.0
B07MKQY68R,,,,,546.0
B07MKQY68S,,546.0,,,
B07MKQYGQM,4378.0,,4378.0,4378.0,4378.0
B07MKRHKJQ,,,,,17.0
B07MKRHZPF,,,,,80.0
B07MKSFD7J,,,,1184.0,1184.0
B07ML5BHVG,142.0,,,,142.0
B07MLFZF35,,,54.0,54.0,54.0
B07MLFZF36,,,104.0,104.0,104.0
B07MLJRJ9V,,2121.0,,,2121.0
B07MLJS4CQ,,,,2121.0,2121.0
B07MLM4JBP,,,,,56.0
B07MLY2W17,,104.0,104.0,,
B07MLY2W1J,,,,83.0,
B07MM67JX1,,342.0,,342.0,342.0
B07MM6CRMN,,,,,248.0
B07MM6H69W,64.0,,,,
B07MM7F3HJ,10.0,,,,
B07MM9531W,,,69.0,,69.0
B07MMB2GQZ,,,,,171.0
B07MMB6MTX,,,,24.0,
B07MMB786Z,,,,35.0,35.0
B07MMBD79R,,,,,24.0
B07MMN9FMD,,,,,348.0
B07MMNBWB5,1265.0,1265.0,,,1265.0
B07MN12J24,,4570.0,,4570.0,4570.0
B07MN1S4YZ,,,,,43.0
B07MN1TTP8,,,46.0,,
B07MN1W7ZL,,,,,88.0
B07MN2NQFR,193.0,193.0,193.0,,193.0
B07MN86J42,,,333.0,,333.0
B07MNZ79BV,546.0,546.0,,,
B07MNZ7WSL,4378.0,,4378.0,4378.0,4378.0
B07MNZ7WTD,,,,,52.0
B07MP1P6QB,,1184.0,,1184.0,
B07MP3FBKB,,,,,487.0
B07MPHZS2G,,,,,30.0
B07MPN3ZMM,344.0,,,,
B07MPVSGBY,,,,119.0,119.0
B07MQ6NFPZ,,404.0,404.0,,
B07MQ6R9VK,61.0,,,,61.0
B07MQG2CCQ,,,,39.0,39.0
B07MQG3ZJZ,,,,,152.0
B07MQG65CC,,,59.0,59.0,59.0
B07MQX5WWF,,,,,10.0
B07MQX7VCY,2425.0,2425.0,,,2425.0
B07MQX8GH6,,,126.0,,126.0
B07MQX8GH9,2425.0,,,2425.0,
B07MQX8GHF,273.0,,,,273.0
B07MQX8GHH,1265.0,1265.0,1265.0,1265.0,1265.0
B07MQXK8HV,1174.0,,1174.0,,1174.0
B07MQY4268,89.0,,,89.0,89.0
B07MR3H8NY,,,,3068.0,3068.0
B07MR4FLCZ,4528.0,4528.0,4528.0,4528.0,4528.0
B07MRH3MDW,,,296.0,296.0,296.0
B07MRK4SC6,,,,,93.0
B07MS8QNMN,,,987.0,987.0,987.0
B07MSL14J2,,,,,518.0
B07MSLPV79,225.0,,,,225.0
B07MSMN41T,377.0,377.0,,377.0,377.0
B07MSQ9L2G,,,,205.0,205.0
B07MSQG16R,,,,164.0,164.0
B07MSRHZT2,,1387.0,1387.0,1387.0,1387.0
B07MSXYRZ7,,,,,257.0
B07MT4H52R,,,118.0,118.0,118.0
B07MT8Q7Z5,,,,,40.0
B07MT91HSD,,,96.0,,
B07MTDPXCL,,,1223.0,,1223.0
B07MTFJ6KX,1741.0,1741.0,1741.0,1741.0,1741.0
B07MTGC9Y3,39.0,,,,
B07MTGC9YQ,,,,,5.0
B07MTGZQ5S,2425.0,,2425.0,2425.0,2425.0
B07MTKM4P4,,,840.0,,840.0
B07MTPCJ3Q,,,,323.0,323.0
B07MTVV623,,,,,132.0
B07MVM3911,,,,61.0,61.0
B07MVZ3NN3,,,,,1342.0
B07MWGHBR9,,,,,93.0
B07MXH39RW,,,,,142.0
B07MXJG8R1,,,,1824.0,1824.0
B07MXKKKF3,,1864.0,,1864.0,1864.0
B07MXN21RX,,1366.0,1366.0,1366.0,1366.0
B07MXN3SHD,,628.0,628.0,628.0,628.0
B07MXNM1RC,,,,485.0,485.0
B07MXNT5NF,1129.0,1129.0,1129.0,1129.0,1129.0
B07MXP5WDM,,237.0,,,237.0
B07MXPFYZL,241.0,,241.0,,241.0
B07MXPN8ML,,330.0,330.0,330.0,330.0
B07MXPS1LL,,,93.0,93.0,
B07MXQRMNJ,704.0,704.0,,,
B07MXQSR8L,827.0,827.0,827.0,827.0,827.0
B07MXSG5NM,1265.0,,,1265.0,1265.0
B07MXSYVYV,,,,,223.0
B07MXWDDBT,950.0,950.0,950.0,,950.0
B07MY8FF9Z,,,,,181.0
B07MYCN5C1,72.0,,72.0,,
B07MYCXKGG,,1239.0,1239.0,1239.0,1239.0
B07MYF2GJB,,,297.0,,297.0
B07MYF2JZ7,,258.0,,,
B07MYF2JZC,287.0,,,,287.0
B07MYG6SMV,37.0,,,,37.0
B07MYGF9QV,,,535.0,,535.0
B07MYGJYXK,,,,,11.0
B07MYGWBFP,,,,,287.0
B07MYGWDBG,45.0,,,,
B07MYGX7M7,,,,,78.0
B07MYGXK2J,,,,,12.0
B07MYH2PJB,,,,297.0,297.0
B07MYH2QKP,,,,,45.0
B07MYH2V2L,,,,,10.0
B07MYH34WC,258.0,,,,
B07MYH3HYT,,,,,53.0
B07MYH4RR2,,,,,2277.0
B07MYHD2YY,,,,38.0,
B07MYHQ2Q4,,,,93.0,93.0
B07MYHSV6C,,,,,123.0
B07MYHT2S1,,80.0,,80.0,80.0
B07MYHYG6C,17.0,,,,
B07MYHYG6F,191.0,,,,
B07MYJ777F,,,,,297.0
B07MYJGG4T,,,,258.0,258.0
B07MYJMZFG,,,,,287.0
B07MYJNV4N,2376.0,2376.0,2376.0,2376.0,2376.0
B07MZ6VZLP,,25.0,,,25.0
B07MZ6X83Q,929.0,,,,929.0
B07MZ9W9YD,,1129.0,,,1129.0
B07MZS6HDN,29.0,29.0,,,
B07N119WWN,207.0,207.0,,207.0,207.0
B07N15YR9B,,6.0,,,
B07N16YLCY,,,49.0,49.0,49.0
B07N17QCMY,,,,61.0,61.0
B07N19W7ZV,,374.0,374.0,374.0,374.0
B07N1SCJMF,317.0,,,,317.0
B07N1SWVC9,,,,,644.0
B07N1TV1ZS,,,,,243.0
B07N1V7GNH,,,243.0,,
B07N1VBJ3Y,,,324.0,324.0,324.0
B07N1VKVZQ,,,,,324.0
B07N1W36GB,10366.0,10366.0,10366.0,10366.0,10366.0
B07N1XWFQP,189.0,,,189.0,189.0
B07N1Y3C19,105.0,105.0,,,105.0
B07N2Z4L7F,,,,,54.0
B07N314MQY,,,,,114.0
B07N31F77P,,,,,21.0
B07N31HJ9R,,,,,28.0
B07N31LPJG,,,,,55.0
B07N31LPJK,,36.0,,,36.0
B07N31XPWQ,,,,,47.0
B07N326JMD,,,,114.0,114.0
B07N386TJ4,823.0,,,,
B07N3YFHQG,,,,,448.0
B07N41LKHF,,,,,452.0
B07N42S9JF,,,,161.0,
B07N48XC4D,823.0,,,,
B07N4BW7QF,,,,84.0,84.0
B07N4DNTHC,,,,11094.0,11094.0
B07N5HMVWJ,,,,5279.0,5279.0
B07N5PRRGF,121.0,,,,121.0
B07N5PYS5G,,95.0,,,95.0
B07N5PYZKJ,,109.0,,109.0,109.0
B07N5Q2NC8,,,227.0,227.0,227.0
B07N5S7D3Y,1228.0,,,,1228.0
B07N5SF4LM,51.0,51.0,51.0,51.0,
B07N5T3R9G,227.0,,,227.0,227.0
B07N63LGXJ,,,981.0,,981.0
B07N6HX4KJ,,,,,121.0
B07N6JTZK5,80050.0,80050.0,80050.0,80050.0,80050.0
B07N6MZP5Z,80050.0,80050.0,80050.0,80050.0,80050.0
B07N6QHZMT,2942.0,,,,2942.0
B07N6QPX4K,,,,,14.0
B07N6T24G4,171.0,171.0,,171.0,
B07N6TN9BQ,,,,36.0,
B07N7CWHX8,,,,,99.0
B07N7JWN9H,,,,,403.0
B07N7LTLFV,,,,,15.0
B07N7N83FS,,,699.0,,699.0
B07N7NB7D7,,,,,222.0
B07N7RHKR4,15.0,,15.0,,
B07N7RL5YQ,185.0,,185.0,185.0,185.0
B07N7RPK9G,,,,7.0,
B07N7S3BXM,,,,104.0,
B07N7VFN92,,,65.0,,65.0
B07N7WF3DR,,,,,150.0
B07N7XY2WF,141.0,,,141.0,141.0
B07N7YJ7SY,642.0,642.0,,642.0,642.0
B07N888ZQB,,,43.0,43.0,43.0
B07N894FWY,,,89.0,,89.0
B07N8F1JT3,,,,,341.0
B07N8H9SDC,,,,,82.0
B07N8JBR17,,,,,187.0
B07N8JQ64V,,,485.0,,485.0
B07N8K4BCS,,,,,22.0
B07N8KQY7Z,,,,,61.0
B07N8R3BYB,,,,,39.0
B07N9B1WFH,34.0,,34.0,,34.0
B07N9B5FN7,,,,16.0,16.0
B07NBT45MZ,,,,,266.0
B07NBT7JZT,,,,,177.0
B07NBTRYWF,,,,,54.0
B07NBV3FCD,11.0,,,,
B07NBVBG5V,1183.0,,,1183.0,1183.0
B07NBWWD4T,,,,,164.0
B07NBX3G9X,,,,7.0,
B07NBX458T,,,152.0,152.0,152.0
B07NBYJ7XC,,,145.0,,145.0
B07NCFRTG7,,,,390.0,
B07NCJN4NX,,189.0,,,
B07ND4311B,,,,,8.0
B07ND4KST8,,,,,561.0
B07ND5QZBN,2302.0,,2302.0,2302.0,2302.0
B07ND5W2PF,,,,2308.0,2308.0
B07ND5XFRX,,,4.0,,
B07ND67KVP,,,391.0,391.0,391.0
B07ND7P1ZH,,70.0,70.0,70.0,70.0
B07NDCPD6T,,,39.0,39.0,39.0
B07NDF3NYQ,,,,,109.0
B07NDHKB2N,,,,130.0,130.0
B07NDKFJZH,,,,,19.0
B07NDMLK12,2793.0,2793.0,2793.0,,2793.0
B07NDMPFYW,3692.0,3692.0,3692.0,3692.0,3692.0
B07NDN6X3J,651.0,,651.0,,651.0
B07NDNC6N4,,2793.0,2793.0,,2793.0
B07NDX2N3W,,,,217.0,
B07NF4N84K,,112.0,,,
B07NF4NHRS,,,,,112.0
B07NF52ZPQ,,,,831.0,831.0
B07NF53516,,,,,4000.0
B07NF6KFPW,,,,,15.0
B07NF7DVDM,15.0,15.0,,15.0,
B07NF93XJB,,,,,73.0
B07NFC989W,,,,312.0,312.0
B07NFCFHFJ,,,64.0,,64.0
B07NFCTHSN,,,,,94.0
B07NFCTS62,,,5424.0,5424.0,5424.0
B07NFF31NQ,,312.0,,,
B07NFHYCT8,374.0,374.0,374.0,374.0,374.0
B07NGMW894,,,,30.0,30.0
B07NGPMPJL,,,22.0,,
B07NGQ4Q3Y,,,,,117.0
B07NGQM9BK,223.0,,223.0,223.0,223.0
B07NGRNHRH,,,223.0,,
B07NGRNT9C,,,223.0,,223.0
B07NGRNT9G,,223.0,223.0,,
B07NGRTHZZ,,,,58.0,58.0
B07NGRTJ13,223.0,,223.0,223.0,223.0
B07NGRXMP3,,,,,223.0
B07NGSMM97,,223.0,223.0,223.0,223.0
B07NGSV79S,,,,,223.0
B07NHJFKQW,,,61.0,,61.0
B07NHYZBRD,102.0,,,,
B07NJDTVXC,,48.0,,,
B07NJR2RGM,205.0,,,205.0,205.0
B07NLF3F3K,37.0,,,,
B07NLFHZ29,,,,,21.0
B07NLH77SY,1301.0,1301.0,1301.0,1301.0,1301.0
B07NLHLNJL,461.0,461.0,461.0,461.0,461.0
B07NLHP3W1,,906.0,906.0,906.0,906.0
B07NLHR4S6,1211.0,1211.0,1211.0,,1211.0
B07NLHSL15,,522.0,522.0,522.0,522.0
B07NLHV1Q5,,,,,1211.0
B07NLHV2M1,,,220.0,220.0,220.0
B07NLJZHB6,,,,,513.0
B07NLKHKP5,3815.0,,3815.0,,3815.0
B07NLLFPH7,,903.0,,,903.0
B07NLMN5QN,,,,,865.0
B07NMSPT2B,,,,,313.0
B07NMXW1YV,,,,3200.0,3200.0
B07NN18K5T,,,,1023.0,1023.0
B07NN3JMBH,,,,,151.0
B07NN3K2FW,,,,,370.0
B07NN3PGJ9,,,,,24.0
B07NN3W2JH,,,,,71.0
B07NN41RGC,214.0,,,,214.0
B07NN8WFGR,642.0,642.0,,,642.0
B07NN942XK,1355.0,1355.0,1355.0,1355.0,1355.0
B07NN942XT,,49.0,,,
B07NNTM3BM,,,,12.0,
B07NPFR17L,,,,,68.0
B07NPLJ63V,,,,546.0,546.0
B07NPNB5MX,,,,,30.0
B07NPNY3Z2,251.0,251.0,251.0,251.0,251.0
B07NPQRT5M,,,,,3.0
B07NPR723M,81.0,,,,
B07NPR88R6,,,,,104.0
B07NPRBFM4,,,,,409.0
B07NPRN6G7,147.0,,147.0,,147.0
B07NPRR658,77.0,,,,
B07NPRWJ74,,,,,30.0
B07NPS4YT3,177.0,,,,
B07NPTNVB7,,,,,12.0
B07NPTNWV4,12.0,,,,
B07NPXFTRJ,,,,193.0,
B07NQ5DFTR,262.0,,262.0,262.0,262.0
B07NQ6HF9F,,,,,318.0
B07NQ8BVXM,,,,,3639.0
B07NQLFK74,,,,,119.0
B07NQQ691R,,,,,4.0
B07NQS1DV4,,,426.0,426.0,426.0
B07NQY3XLQ,,,,,1202.0
B07NR24K9R,,,,,5.0
B07NR368CG,520.0,,,,520.0
B07NR4J8QN,,,,,90.0
B07NRB4NB6,17140.0,,,17140.0,17140.0
B07NRVDV4T,,,,40.0,40.0
B07NS7BZVB,,,122.0,122.0,122.0
B07NS7CD9Y,,,,,122.0
B07NS8M2C8,,37.0,37.0,37.0,
B07NS8XTQG,,,,,282.0
B07NSDZFVG,942.0,942.0,,942.0,942.0
B07NSKPXH3,,,,,73.0
B07NT339GR,80.0,,,,80.0
B07NT3DBLQ,88.0,88.0,,,88.0
B07NT3DBLW,88.0,88.0,,,88.0
B07NT3HBJ8,,,,,88.0
B07NT3M532,,,,585.0,585.0
B07NT3SM6M,,,,88.0,88.0
B07NT3SM6V,,586.0,,586.0,
B07NT4DRBT,,,,,586.0
B07NT4H8D9,,,465.0,,465.0
B07NT4H8DF,88.0,88.0,,,
B07NT4HHSY,,,,438.0,438.0
B07NT4HHT2,,591.0,,,591.0
B07NT4HS84,465.0,,465.0,465.0,465.0
B07NT4HS85,,,,,585.0
B07NT4HS8C,,,21.0,21.0,21.0
B07NT5GTF2,585.0,585.0,585.0,585.0,585.0
B07NTH7JW4,1328.0,,,,
B07NTPVKD1,,,,,17.0
B07NTW485M,11508.0,11508.0,,,11508.0
B07NTX5MQ2,,,11508.0,,11508.0
B07NTX5P3J,,,,,11508.0
B07NTX5T47,,,,,11508.0
B07NTX7HGZ,11508.0,,,,11508.0
B07NTX99RS,,,11508.0,,
B07NTX9C5P,,,,,11508.0
B07NTX9CZX,11508.0,,,,
B07NTXBZDT,,,,,11508.0
B07NVFQGRW,,,,,803.0
B07NVMQKC3,,,179.0,,179.0
B07NVN56WH,,,,,18.0
B07NVQRWF9,,,,,29.0
B07NVSJ4L7,,,130.0,130.0,130.0
B07NVT82N9,5647.0,5647.0,5647.0,5647.0,5647.0
B07NXT87RX,,,,,272.0
B07NXT8ZQP,621.0,621.0,621.0,,621.0
B07NXT9746,,,,,430.0
B07NXT974R,377.0,377.0,377.0,,377.0
B07NXT9KZ5,,58.0,,,58.0
B07NXT9L14,,,,272.0,272.0
B07NXTBPQ3,1247.0,1247.0,1247.0,,1247.0
B07NXVWVG2,3604.0,3604.0,,3604.0,3604.0
B07NXY5S8B,,,822.0,822.0,822.0
B07NY9BGKJ,686.0,686.0,,686.0,686.0
B07NYBY7F4,,,785.0,,
B07NYH9H9V,3827.0,3827.0,,3827.0,3827.0
B07NYS4ZS4,952.0,,,,952.0
B07NYS8493,431.0,,,,431.0
B07NYTQFGV,454.0,,,,454.0
B07NZFY6NS,,,,,113.0
B07NZG1PSY,,,,,97.0
B07NZV7NNF,755.0,,,,755.0
B07NZVTRR9,4052.0,4052.0,4052.0,4052.0,4052.0
B07NZW7VXJ,4948.0,,4948.0,4948.0,4948.0
B07NZWLTCN,4948.0,,4948.0,4948.0,4948.0
B07NZWWP2L,,,,,150.0
B07NZWY5DL,,,,,25.0
B07P1KR6JB,8.0,,,,
B07P1NG1DW,,61.0,,,61.0
B07P1WRF3Q,,307.0,307.0,,307.0
B07P222M2Y,,,,,141.0
B07P2238DF,,272.0,,,272.0
B07P2255F4,,,635.0,635.0,635.0
B07P2255G8,76.0,,,,76.0
B07P225DQN,,,694.0,,694.0
B07P2DMKSX,,,340.0,340.0,340.0
B07P2KTBZ4,,,,275.0,
B07P2QDSD3,3827.0,,,,3827.0
B07P2Z8MZ8,,147.0,,147.0,147.0
B07P35PN25,621.0,,,621.0,621.0
B07P35RCGB,,,,1815.0,1815.0
B07P35RCH1,2943.0,,2943.0,2943.0,2943.0
B07P35S8V8,,,,463.0,463.0
B07P35STTQ,,,,,199.0
B07P35STV9,,694.0,,694.0,694.0
B07P35SYGF,1815.0,1815.0,,,1815.0
B07P35THVR,,,370.0,,370.0
B07P35THWB,,,,,66.0
B07P35THXL,,,,,348.0
B07P35TQSR,,,,,9.0
B07P3NBZ5B,2651.0,,2651.0,,2651.0
B07P47L9TG,,,952.0,,952.0
B07P47WRPT,,,,,9.0
B07P48276S,,,,142.0,142.0
B07P48FLMK,,,,,375.0
B07P48FLN8,1600.0,1600.0,,1600.0,1600.0
B07P48FLP1,,,,,224.0
B07P48LNTG,,,,202.0,202.0
B07P4NJPZ2,323.0,323.0,,,323.0
B07P53Q2QQ,,,,,231.0
B07P57KK1W,89.0,89.0,,,89.0
B07P57KN3N,1264.0,,,,1264.0
B07P582J41,,,,80.0,80.0
B07P58BS4C,,,7.0,,
B07P5D1GPL,,,899.0,,899.0
B07P5FQ91X,,,,,19.0
B07P5RQWS4,,,,,109.0
B07P5RT6XZ,,,,42.0,42.0
B07P5RV28K,175.0,175.0,175.0,175.0,175.0
B07P5XLPZ1,1327.0,,1327.0,1327.0,1327.0
B07P67B98J,1158.0,,1158.0,1158.0,1158.0
B07P6F571H,,,,,22.0
B07P6MK5SB,,,,,280.0
B07P6SZ3XB,291.0,,,291.0,291.0
B07P6YWPV9,,,3492.0,,3492.0
B07P6ZFGZ7,,,,,287.0
B07P6ZK5VK,,,,447.0,447.0
B07P6ZKHV5,736.0,736.0,736.0,736.0,736.0
B07P6ZZQ5Q,,,,,68.0
B07P73MKZK,5474.0,5474.0,5474.0,5474.0,5474.0
B07P746VWH,,,1365.0,1365.0,1365.0
B07P7HP55J,,,25.0,,
B07P7JR4K2,,,,,344.0
B07P7K1R6L,224.0,224.0,224.0,224.0,224.0
B07P7V4B1H,,,,,21.0
B07P7V6HSG,,,,,165.0
B07P7YCDCC,,51.0,,,
B07P8467N6,,,395.0,,395.0
B07P889X57,2807.0,2807.0,2807.0,2807.0,2807.0
B07P8HXJXW,10189.0,10189.0,10189.0,10189.0,10189.0
B07P8J3VZ6,,,,,249.0
B07P8MHM57,,,258.0,258.0,258.0
B07P8NJSP1,19.0,,,,
B07P8NVVF2,,,,,23.0
B07P8WGFS6,,,,,258.0
B07P94TZWQ,151.0,151.0,151.0,151.0,151.0
B07P94TZWR,,,,,188.0
B07P94V4BG,,,,,26.0
B07P98JBRR,578.0,,578.0,,578.0
B07P9C3PQZ,,,,,224.0
B07P9C49XG,,,,,172.0
B07P9C836F,9.0,9.0,,,
B07P9DZQN6,,,169.0,,169.0
B07P9TFYJY,93.0,,,,93.0
B07PBDNJP3,529.0,529.0,529.0,529.0,529.0
B07PBGGW39,,,1984.0,1984.0,1984.0
B07PBGTJCH,1960.0,,,,1960.0
B07PBGXW7R,,,519.0,519.0,519.0
B07PBH8S11,,,104.0,104.0,104.0
B07PBHGX2X,,,45.0,45.0,45.0
B07PBHHDZT,,,,,59.0
B07PBKGLPT,,,520.0,520.0,520.0
B07PC6HKPN,15.0,,,15.0,
B07PCB9WL5,,,11.0,,
B07PCH5RWF,295.0,295.0,,295.0,295.0
B07PCKSVWY,,,15.0,15.0,15.0
B07PCMJXLM,,,,,118.0
B07PCP9YHC,282.0,,,,282.0
B07PDDBNPM,,,,,1749.0
B07PDDBNPQ,,,,1749.0,1749.0
B07PDDT7HP,,,,,9.0
B07PDDTBRK,,,,,141.0
B07PDDTMX8,,,22.0,,
B07PDFBPJQ,,261.0,,261.0,261.0
B07PDSWV4G,,68.0,68.0,68.0,68.0
B07PDY6HPH,2221.0,,,2221.0,2221.0
B07PDYKT39,,,,93.0,93.0
B07PDZ11C1,,207.0,,207.0,207.0
B07PDZQX58,,,,76.0,76.0
B07PDZY2L3,,,93.0,93.0,93.0
B07PDZY943,,76.0,,76.0,76.0
B07PDZYGL8,,,207.0,207.0,207.0
B07PDZYN5K,,,,110.0,110.0
B07PDZYNJ5,66.0,66.0,,66.0,66.0
B07PDZYQRY,,,31.0,31.0,31.0
B07PDZZ712,38.0,,38.0,38.0,38.0
B07PDZZC89,,,93.0,93.0,93.0
B07PF5G7K3,4301.0,,,,4301.0
B07PFBD775,,,,,18.0
B07PFBW86C,10662.0,10662.0,10662.0,10662.0,10662.0
B07PFBWR6D,,,578.0,578.0,578.0
B07PFGZ8PG,,,492.0,,492.0
B07PFNS6W9,210.0,,,,
B07PFNS9LX,,,,,30.0
B07PFQNBM8,,,57.0,57.0,57.0
B07PFQNWQ4,152.0,152.0,152.0,152.0,152.0
B07PFQPPMT,,148.0,148.0,148.0,148.0
B07PFQPXV3,,,44.0,44.0,44.0
B07PFRL399,,,,,293.0
B07PFWVMXL,,,38.0,38.0,38.0
B07PFX1F1L,,,148.0,148.0,148.0
B07PFXFQ56,,207.0,,207.0,207.0
B07PFXJJDR,,,124.0,124.0,124.0
B07PFXMC8J,,148.0,,148.0,148.0
B07PFXVPH5,,,124.0,124.0,124.0
B07PFXZ23W,,,93.0,93.0,93.0
B07PFXZ34B,,,32.0,32.0,32.0
B07PFXZF95,131.0,,131.0,131.0,131.0
B07PFXZK8X,,207.0,207.0,207.0,207.0
B07PFXZQPZ,46.0,,46.0,46.0,46.0
B07PFXZV2T,,,225.0,225.0,225.0
B07PFXZY6G,,24.0,24.0,24.0,24.0
B07PG3LM4K,,,,,4948.0
B07PGBFPV3,336.0,,,,336.0
B07PGBQ3K8,931.0,931.0,931.0,931.0,931.0
B07PGGQMM1,1749.0,,,,
B07PGH2KWJ,,,,,928.0
B07PGH5VDH,5714.0,5714.0,5714.0,,5714.0
B07PGH6GGV,,,,,213.0
B07PGKHLX1,,,,358.0,
B07PGNWZGG,4427.0,,,4427.0,4427.0
B07PGZRSXT,,,,110.0,110.0
B07PGZTPPK,,,33.0,,33.0
B07PGZXT5W,,,34.0,,34.0
B07PH11SP6,,,93.0,93.0,93.0
B07PH124YQ,,,207.0,207.0,207.0
B07PH12HMC,,85.0,85.0,85.0,85.0
B07PH14P43,,,93.0,93.0,93.0
B07PH164KF,,,,,93.0
B07PH1FXV9,,28.0,,28.0,28.0
B07PH1GDH3,,,,38.0,38.0
B07PH1KXP1,,,,66.0,66.0
B07PH1T7NG,,,85.0,85.0,85.0
B07PH1W88D,,34.0,34.0,34.0,34.0
B07PH272SM,,110.0,,110.0,110.0
B07PH2MYHY,,,,,193.0
B07PH2QW5S,,,,,74.0
B07PH2SRTQ,,,,,216.0
B07PH33P2Z,,,,56.0,56.0
B07PH3P8K2,,,87.0,87.0,87.0
B07PHLLWB3,,,,28.0,28.0
B07PHLN7H6,,17.0,,,
B07PHLV4LN,,,,,10662.0
B07PHLZQS9,775.0,,,775.0,775.0
B07PHMNXVJ,,,55.0,,55.0
B07PHNX8R7,,1274.0,1274.0,1274.0,1274.0
B07PHSMRYJ,,,,,274.0
B07PHSNFWX,,,,,32.0
B07PJ51NXZ,,,16.0,16.0,
B07PJ58SNP,431.0,431.0,431.0,,431.0
B07PJ5SWF8,326.0,,,,326.0
B07PJ5ZXG2,1414.0,1414.0,1414.0,1414.0,1414.0
B07PJQWTFK,,928.0,,,928.0
B07PK5C9LK,,,30.0,30.0,30.0
B07PKDS1NN,3604.0,3604.0,3604.0,3604.0,3604.0
B07PKFSDW8,,,,,4052.0
B07PKS2GJ2,,,,,183.0
B07PKTHW9L,1749.0,,,1749.0,1749.0
B07PKTP15Z,1749.0,,,,
B07PKV9PCV,,,128.0,,128.0
B07PKVRJFY,,,506.0,506.0,506.0
B07PKW77NY,,,77.0,77.0,77.0
B07PKX3XM3,,,,,358.0
B07PL1NCZP,55.0,,,,55.0
B07PL9FDJL,38.0,38.0,38.0,,38.0
B07PLCP3T6,,33.0,,33.0,33.0
B07PLWR9L9,,,,,10366.0
B07PLWRP6R,,,,39.0,39.0
B07PM573CX,,,,,24.0
B07PM79MSC,10940.0,10940.0,,,10940.0
B07PM98PH6,561.0,561.0,561.0,561.0,561.0
B07PMB8SLG,,318.0,318.0,318.0,318.0
B07PMB9M5V,318.0,,,,
B07PMKF5HW,,,99.0,,99.0
B07PMKHMBL,,,,873.0,873.0
B07PMLJWZZ,79.0,,,79.0,79.0
B07PMSXF5C,,,53.0,53.0,53.0
B07PMSZGDZ,32.0,,32.0,32.0,32.0
B07PMSZXXJ,29.0,29.0,29.0,29.0,29.0
B07PMSZY22,,,,29.0,29.0
B07PMT1132,,,53.0,53.0,53.0
B07PMT1FPD,,,27.0,27.0,27.0
B07PMTCTRF,,,,,129.0
B07PN5PX7L,,,,,8166.0
B07PN6M3XF,895.0,895.0,895.0,,895.0
B07PN8KHQ7,,,,319.0,319.0
B07PNBH517,,7.0,,7.0,
B07PNCMD48,,,,,12.0
B07PNDK7KN,152.0,,,,152.0
B07PNDV7MB,,,,,69.0
B07PNHCQVR,,,,,123.0
B07PNJM9M4,,,,,426.0
B07PNN79P8,146.0,146.0,146.0,146.0,146.0
B07PNRC3WF,,,30.0,30.0,30.0
B07PNRCCJX,,145.0,,145.0,145.0
B07PNRDKHK,,,,148.0,148.0
B07PNRDRTM,,,148.0,148.0,148.0
B07PNRDYTV,,94.0,,94.0,94.0
B07PNRF9JK,,,,94.0,94.0
B07PNRFLWS,,,,94.0,94.0
B07PNRFLYB,,146.0,,146.0,146.0
B07PP2SKNY,,,,,56.0
B07PP32TWC,,,,308.0,
B07PP3BXYK,50.0,,,,
B07PP7H9YF,,,,,90.0
B07PP86YWC,,,,4.0,
B07PP9MXYY,,,,181.0,181.0
B07PPB7JZ6,583.0,,,,583.0
B07PPBGJ7M,,,,,46.0
B07PPBKHC3,,1023.0,,,
B07PPC3C3S,,568.0,568.0,,568.0
B07PPCQ678,,,17.0,,
B07PPDDC32,,,15.0,15.0,15.0
B07PPFF2WS,319.0,,,,
B07PPFFWSG,,318.0,,,
B07PPFK1P5,,,10961.0,,
B07PPGCHLZ,,,,,75.0
B07PPNPTV6,,,699.0,699.0,699.0
B07PPNWHXM,,,2547.0,,2547.0
B07PPPPHKZ,139.0,139.0,,,139.0
B07PPV7K7Q,34.0,,34.0,34.0,34.0
B07PPVVNH7,,,,27.0,27.0
B07PPW5DST,6572.0,,6572.0,6572.0,6572.0
B07PPWB6J1,28.0,28.0,28.0,28.0,28.0
B07PPZVBDY,108.0,108.0,,,108.0
B07PQ7PFRG,,243.0,243.0,243.0,243.0
B07PQ7Q26F,,,436.0,,436.0
B07PQ8B3RZ,,,,,34.0
B07PQ94R69,,,,32.0,32.0
B07PQD6XDF,549.0,,549.0,,549.0
B07PQDBRXY,,,,,193.0
B07PQDFMWR,,,,,747.0
B07PQKZWT9,,,,599.0,599.0
B07PQP2HSR,,,,,2651.0
B07PQRVTRX,123.0,,123.0,123.0,
B07PQRXGJ2,,,,,9.0
B07PQS8J7B,,,,,246.0
B07PQSYD15,,,,,1105.0
B07PQX3P8Y,,29.0,29.0,,29.0
B07PRBVPNF,,,,,10662.0
B07PRC394M,,,1134.0,1134.0,1134.0
B07PRC3959,698.0,698.0,698.0,698.0,698.0
B07PRC52Q8,745.0,745.0,745.0,745.0,745.0
B07PRCLMMQ,,,,,19.0
B07PRM36VS,,11.0,,,11.0
B07PRMB5GJ,,,,,385.0
B07PRMS3V2,,,18.0,18.0,
B07PRNJ3ZQ,,,69.0,69.0,69.0
B07PRQMJ46,,,,,599.0
B07PRXZ8D4,,,,,111.0
B07PRY1YXB,,,,618.0,618.0
B07PS5DFJP,,2898.0,2898.0,2898.0,2898.0
B07PS5ZXJF,,,143.0,143.0,
B07PS6PNPQ,,,,,207.0
B07PSJ7QC4,,,,,107.0
B07PSJ837D,,,167.0,167.0,167.0
B07PSJ9LH1,,,,,27.0
B07PSJBZ42,221.0,,,,221.0
B07PSQ56PG,,,,65.0,65.0
B07PSQW4JC,426.0,,,426.0,
B07PSR8WMW,1252.0,1252.0,1252.0,1252.0,1252.0
B07PSR8WNV,,,,,320.0
B07PSYCR65,,,1453.0,,1453.0
B07PT1179K,,,,,562.0
B07PT6NPBD,,76.0,76.0,,76.0
B07PT9JTXT,,,,,5.0
B07PV39FQM,,,,,104.0
B07PV3PF7L,1350.0,1350.0,1350.0,1350.0,1350.0
B07PV7CDPC,,,,,256.0
B07PVC9X5K,729.0,,729.0,729.0,729.0
B07PVCJ9JG,,1301.0,,1301.0,1301.0
B07PVCJN7C,47.0,,,47.0,
B07PVCJRNH,,,,,291.0
B07PVCK9KX,1220.0,1220.0,1220.0,1220.0,1220.0
B07PVCKFYG,,1220.0,,1220.0,1220.0
B07PVCKJJG,1287.0,1287.0,1287.0,1287.0,1287.0
B07PVCKL8D,,,,461.0,
B07PVMF1X4,34.0,,,,34.0
B07PVMFF8J,78.0,,,,
B07PVMPYFV,,,41.0,41.0,41.0
B07PVP24PK,,,,,109.0
B07PVRLT4S,,,,,704.0
B07PW1LY3V,,,,,39.0
B07PW4MTHV,43774.0,43774.0,43774.0,43774.0,43774.0
B07PW85ZDZ,65.0,,,,
B07PW88MRP,32.0,,,,32.0
B07PW9JWCL,1211.0,1211.0,1211.0,1211.0,1211.0
B07PWM38M2,,,,,114.0
B07PX1D9C4,,,162.0,162.0,162.0
B07PX46YWS,,,,,111.0
B07PXFBT1G,255.0,,,255.0,
B07PXFHY15,,56.0,56.0,56.0,56.0
B07PXFL2S6,1287.0,1287.0,1287.0,1287.0,1287.0
B07PXGJV98,287.0,,287.0,287.0,287.0
B07PXGLX3G,729.0,729.0,729.0,729.0,729.0
B07PXGMCZ9,,,,,14.0
B07PXGSK4S,,68.0,,68.0,68.0
B07PXGTL84,,,,,1220.0
B07PXMGB13,,,,,523.0
B07PXTG4RS,,,,197.0,197.0
B07PXTXBQ6,305.0,,,305.0,305.0
B07PY98F96,168.0,,168.0,168.0,168.0
B07PYGJ1L6,,176.0,176.0,176.0,176.0
B07PYGMNX6,541.0,541.0,541.0,541.0,541.0
B07PYGMNX8,,,906.0,,906.0
B07PYH2Q1P,,,541.0,541.0,
B07PYHRCR4,,,,,14.0
B07PYJ2442,190.0,,,,
B07PYMZQLD,,,,,130.0
B07PYT3YYK,,,,,156.0
B07PYY24FP,2048.0,,2048.0,,2048.0
B07PYY68BT,2048.0,,2048.0,,2048.0
B07PZ88773,4238.0,,4238.0,4238.0,4238.0
B07PZ8W4VC,,,,,9.0
B07PZ9HWMH,,,,,369.0
B07PZDXFGC,,,,58.0,58.0
B07PZW6WHF,,,1578.0,,
B07PZWQYC1,,2048.0,2048.0,,2048.0
B07PZXZMD5,,,,,173.0
B07Q1223S9,,,,,103.0
B07Q13MY9M,,,,,565.0
B07Q1KQQ5P,,47.0,,47.0,47.0
B07Q1ZDC6N,,,,,313.0
B07Q24CPF7,,,,,24.0
B07Q2HNRTB,391.0,,,391.0,391.0
B07Q2R45XG,,,,,3243.0
B07Q32WGXM,,,,,20.0
B07Q39G7SP,,,,,11508.0
B07Q39GNSP,,,,,11508.0
B07Q39HJZT,,,11508.0,,11508.0
B07Q3GDGSR,,,,,17.0
B07Q3GFG3P,,,,,101.0
B07Q3GRC5R,,5647.0,5647.0,5647.0,5647.0
B07Q3R2NSH,,,,,22.0
B07Q3RP4CQ,282.0,282.0,282.0,282.0,282.0
B07Q3RP4CR,76.0,76.0,,,
B07Q3RPL21,424.0,,,,424.0
B07Q3S22PS,,,,3492.0,3492.0
B07Q3WG2FK,,,12.0,,
B07Q3X8T3Q,,,,12.0,12.0
B07Q3YL42H,,,,13.0,
B07Q3YT2WG,10314.0,10314.0,10314.0,10314.0,10314.0
B07Q3Z4Y5M,,,,12.0,12.0
B07Q41GYW8,,,,,1639.0
B07Q41QGCM,580.0,,580.0,580.0,580.0
B07Q455SWC,479.0,,,,479.0
B07Q46ZYY3,178.0,,,,178.0
B07Q4785X2,,,,11508.0,
B07Q47RYFT,,,,,11508.0
B07Q47Y326,,,18.0,,
B07Q47Y3VL,11508.0,,,11508.0,11508.0
B07Q47Y3VT,,,,,11508.0
B07Q47Y4VS,11508.0,,11508.0,11508.0,11508.0
B07Q47YSG5,,11508.0,,,11508.0
B07Q47Z48R,,11508.0,,,
B07Q47Z866,,,,11508.0,11508.0
B07Q4DXT5S,,,,,77.0
B07Q4F9NZR,,,,,40.0
B07Q4FX18Y,,,,,513.0
B07Q4GPX58,,17.0,,17.0,
B07Q4PBPKZ,188.0,,,,188.0
B07Q4PV923,,,,38.0,38.0
B07Q4PY2DQ,15474.0,,15474.0,,15474.0
B07Q4TMD49,,,223.0,,223.0
B07Q4TMD4N,583.0,,583.0,583.0,583.0
B07Q4TNRN8,224.0,,,,224.0
B07Q4TNRNC,255.0,,,,255.0
B07Q4WZ8NT,,,,174.0,174.0
B07Q4X12J1,795.0,795.0,795.0,795.0,795.0
B07Q51S19D,,,,,48.0
B07Q57ZST9,,,,,104.0
B07Q58Q2RQ,,,,,11508.0
B07Q58S3LX,,,,,11508.0
B07Q58T2K7,11508.0,,,,11508.0
B07Q58YMTS,11508.0,,,,11508.0
B07Q59CQ3H,11508.0,,,,
B07Q59K7JF,,,,,11508.0
B07Q59Q81F,,,,,30.0
B07Q59QHLF,11508.0,,,,11508.0
B07Q59QPKM,,,,,2294.0
B07Q59Y136,,,,,62.0
B07Q59YPK9,,,,,11508.0
B07Q5B2FNX,,,,,11508.0
B07Q5B7NPB,11508.0,,,,
B07Q5BDKB1,,,38.0,38.0,38.0
B07Q5BKC5S,,,,,11508.0
B07Q5BLKGC,,,,,11508.0
B07Q5BWD5P,11508.0,,11508.0,11508.0,11508.0
B07Q5BYZ3P,,,,,11508.0
B07Q5C27VR,11508.0,11508.0,,11508.0,11508.0
B07Q5CBNBM,,,,,11508.0
B07Q5CHMDY,,,11508.0,11508.0,11508.0
B07Q5LQCKQ,,,,,954.0
B07Q5SRZRM,,,87.0,87.0,87.0
B07Q5SS5Q1,188.0,,188.0,188.0,
B07Q5TC8MZ,120.0,120.0,,,
B07Q5TCGFF,,,,,44.0
B07Q5TCXMR,424.0,,,,424.0
B07Q5Y56P7,97.0,,,,
B07Q5Y5HGJ,,,514.0,,514.0
B07Q5Y61CP,,,,,15.0
B07Q5Y68ZR,,,,,21.0
B07Q6HD9SL,11508.0,,,,11508.0
B07Q6N7YCS,120.0,,,120.0,120.0
B07Q6NC9J6,,,,,77.0
B07Q6Y39DV,,,,,78.0
B07Q6YXD8L,,,,,845.0
B07Q6ZQ5H8,,,,,15.0
B07Q73GSDN,,,,,514.0
B07Q77GC68,166.0,166.0,,,166.0
B07Q78LZSB,428.0,428.0,428.0,,428.0
B07Q7GXGZZ,11508.0,,11508.0,11508.0,11508.0
B07Q7J6698,2547.0,2547.0,2547.0,,2547.0
B07Q7R6Q2K,,,,,31.0
B07Q7S1ZB5,,,106.0,,106.0
B07Q7S548S,,,,,230.0
B07Q7SLDW6,,,,,25.0
B07Q82V7HF,121.0,,,,
B07Q839Q24,,,,,4.0
B07Q869X2W,,68.0,68.0,68.0,68.0
B07Q8711PD,424.0,,424.0,,424.0
B07Q8723CL,,,,,30.0
B07Q8724XR,514.0,514.0,514.0,514.0,
B07Q8724XV,163.0,163.0,163.0,,163.0
B07Q872BW8,624.0,,624.0,624.0,624.0
B07Q873CVM,,,,,270.0
B07Q8BVGKM,,15.0,15.0,15.0,
B07Q8F6TDH,,,,,176.0
B07Q8NB8HW,1835.0,,,,1835.0
B07Q8SRH51,,,204.0,,
B07Q8SRH55,,,,,5647.0
B07Q8V94BN,92.0,,,,92.0
B07Q8VC3XL,,,,,78.0
B07Q8WHZHX,845.0,,,,
B07Q8YKB2X,,,,,943.0
B07Q94YGVD,66.0,,,,
B07Q95QL3L,80.0,,,,80.0
B07Q95S3H1,,,,,47.0
B07Q95VXB3,92.0,,,,
B07Q9B4762,718.0,,718.0,718.0,718.0
B07Q9B5JJ3,,,408.0,,408.0
B07Q9B5JJ8,372.0,372.0,372.0,372.0,372.0
B07Q9B6BZV,,,,583.0,583.0
B07Q9H8NHP,,,,222.0,222.0
B07Q9LKDDY,,,,,16.0
B07Q9MBPMT,424.0,,,,424.0
B07QB4MN6D,,,2048.0,,2048.0
B07QB6BD9R,3320.0,,3320.0,3320.0,3320.0
B07QB9CJGL,2048.0,,,,2048.0
B07QB9NP59,,,,,148.0
B07QB9WM75,,,393.0,,393.0
B07QB9Z3Y5,,,227.0,227.0,227.0
B07QBPRQH5,,,140.0,,
B07QBVT2YX,,190.0,190.0,190.0,190.0
B07QBZGBNZ,,,,,7.0
B07QC2XZQV,,,,,1206.0
B07QC61CZ5,3320.0,3320.0,,,3320.0
B07QC61CZ9,834.0,834.0,,834.0,834.0
B07QC61JFR,3320.0,,3320.0,3320.0,3320.0
B07QC9NV39,393.0,,393.0,393.0,393.0
B07QCLL5RW,,,,217.0,217.0
B07QCPDB5P,107.0,107.0,107.0,,
B07QCTZ98D,80050.0,80050.0,80050.0,,80050.0
B07QCV1P6M,80050.0,80050.0,,,80050.0
B07QCVQNHD,1.0,,,,
B07QD7S861,2048.0,,,,
B07QDBH8ZC,219.0,,219.0,,219.0
B07QDN5NST,140.0,,,,140.0
B07QDPT9P3,,,,,18.0
B07QDSTBQ6,,80050.0,80050.0,,80050.0
B07QDYG9ZY,,,,,28.0
B07QF312KX,2048.0,,,,2048.0
B07QF9G1F9,,,408.0,,408.0
B07QFB18FN,1766.0,,,,1766.0
B07QFG83PN,,,,,42.0
B07QFHJ4K8,,91.0,91.0,91.0,91.0
B07QFJZBBN,,259.0,259.0,259.0,259.0
B07QFLTVCP,,39.0,,39.0,39.0
B07QFR3RVF,,638.0,638.0,,638.0
B07QFR3TVW,,378.0,378.0,378.0,378.0
B07QFR3TVX,,,140.0,140.0,140.0
B07QG2CXCM,,,3061.0,,3061.0
B07QG6L663,,,,,348.0
B07QGH231B,,,,,2048.0
B07QGVMC52,,55.0,55.0,55.0,55.0
B07QGVQDQB,,,,264.0,
B07QGW15WD,,,1976.0,1976.0,1976.0
B07QGW1YKW,,,,,101.0
B07QGXH6SF,405.0,,,,405.0
B07QH1NGYD,80050.0,80050.0,,,80050.0
B07QH3GC4J,,,,,146.0
B07QHDWMC6,2048.0,,,,2048.0
B07QHFG6K6,393.0,,393.0,393.0,393.0
B07QHHW5V6,3127.0,3127.0,3127.0,3127.0,3127.0
B07QHK4X6Z,393.0,,,,393.0
B07QHPH8D5,,,,,237.0
B07QHRGY94,,,,96.0,
B07QHS4BMY,,,,,1131.0
B07QHT1NWP,144.0,,,144.0,144.0
B07QHXD2F9,,,,551.0,551.0
B07QHYPHQJ,,,,,56.0
B07QJ1GBZ3,139.0,,,139.0,139.0
B07QJ1GBZ4,1075.0,1075.0,1075.0,,1075.0
B07QJ64PWV,80050.0,80050.0,,80050.0,80050.0
B07QJQS1VZ,,,330.0,,
B07QK1921B,,,,,194.0
B07QK354VJ,491.0,,,491.0,491.0
B07QK354VT,,,,,211.0
B07QK7S6NZ,80050.0,80050.0,,,80050.0
B07QKDJYXY,32.0,,,,
B07QKDKZ15,,,,,307.0
B07QKNBCVR,,,,,56.0
B07QKZ5WYX,,,193.0,193.0,193.0
B07QL9ZGTT,794.0,794.0,,,794.0
B07QLWFBWC,,,,,611.0
B07QLXRL1H,,,,,107.0
B07QMLHXH4,,318.0,318.0,,318.0
B07QMNYVD9,,428.0,428.0,,428.0
B07QMTH6HP,,,200.0,200.0,200.0
B07QMW63WY,,,,,528.0
B07QMW8MSY,,,,702.0,702.0
B07QMW8MW9,528.0,,,,528.0
B07QMWH2R2,,,,,193.0
B07QMWVQRC,,,,,22.0
B07QMWZ9RP,,,,,702.0
B07QN8D8PD,,,,483.0,483.0
B07QNJDJMS,,,228.0,228.0,228.0
B07QNQJ5FK,42173.0,42173.0,42173.0,42173.0,42173.0
B07QPBRRBR,1053.0,1053.0,,1053.0,1053.0
B07QPKBDQL,,32974.0,32974.0,32974.0,32974.0
B07QPMC74V,,,228.0,228.0,228.0
B07QPQGXRB,197.0,,,197.0,197.0
B07QPTMJFN,,493.0,,,493.0
B07QPW4F17,293.0,,,,
B07QQ3254H,,1000.0,,1000.0,1000.0
B07QQGBS8G,161.0,,,,161.0
B07QQS24M8,,,311.0,,
B07QQZZQCQ,,,,,154.0
B07QR79Y5H,30.0,,,30.0,30.0
B07QR9G29R,,,,,447.0
B07QRTDLBQ,,,,,4435.0
B07QRXZDS9,,248.0,,248.0,248.0
B07QS21CPS,783.0,,,783.0,783.0
B07QSCNFL8,,48.0,48.0,,48.0
B07QSCQQ97,74.0,,,,74.0
B07QSX6B42,,,,,5.0
B07QT9NCN1,,,,,143.0
B07QVFNCCQ,,3121.0,3121.0,,3121.0
B07QW7BCXM,,,544.0,,544.0
B07QW7BJR5,15.0,,15.0,15.0,15.0
B07QX69BPP,,,,,632.0
B07QX69FNJ,5631.0,5631.0,5631.0,,5631.0
B07QX69HTW,565.0,,,,565.0
B07QX69RSR,,,,,62.0
B07QX69RVL,239.0,,,,239.0
B07QXT7498,43.0,,,,43.0
B07QXTG8MJ,,,51.0,,
B07QXV3YRC,,,6.0,,
B07QY8SRS2,,,,,141.0
B07QYWXCCT,,,21368.0,21368.0,21368.0
B07QYXCYC2,,,56.0,,56.0
B07QZ47X4D,6572.0,6572.0,,,6572.0
B07QZDMVHF,,,802.0,,802.0
B07QZDQ75S,,,39.0,,39.0
B07QZF24JY,,643.0,,,643.0
B07R11N1YC,120.0,,,,
B07R17PYJ4,,,562.0,,562.0
B07R1JQJJF,,,,,8.0
B07R1JQJL1,385.0,,,385.0,385.0
B07R1JZ4ZS,,,,,31.0
B07R1KJ83S,28.0,,,,
B07R1RGX3V,,,,157.0,157.0
B07R23FQT8,,23.0,,,23.0
B07R24WS5K,,,,,7.0
B07R269TCY,39.0,,,39.0,
B07R2BR225,,468.0,468.0,,468.0
B07R2CN1ZQ,257.0,,,,257.0
B07R2CSP6P,1080.0,1080.0,1080.0,1080.0,1080.0
B07R2DMB9X,,,,177.0,177.0
B07R2FKVBV,,,,,47.0
B07R3BMX66,,,,,134.0
B07R3G4J69,42.0,,,,
B07R3J21QT,,,,657.0,657.0
B07R3J21QY,,,,,103.0
B07R3J2ZVR,1491.0,,,1491.0,
B07R3N47GQ,162.0,,,,
B07R3NDYWH,1923.0,,,,1923.0
B07R3WWZ87,,,,,2774.0
B07R3Z1WY9,549.0,,,,549.0
B07R47Y9DY,1234.0,,,1234.0,1234.0
B07R4L7TPV,25.0,,,,
B07R4ZN4H3,,,,,123.0
B07R56S55Y,,1042.0,1042.0,,1042.0
B07R5JMYWP,5931.0,,,,5931.0
B07R5QF2MP,,664.0,,,
B07R5VNZ72,327.0,,,,327.0
B07R5VW8D6,,,,,891.0
B07R5YC3K6,,1010.0,,1010.0,1010.0
B07R61FDSH,,,127.0,127.0,
B07R62RY4B,,,,,43.0
B07R694NVY,,,,,63.0
B07R6TB9HW,,382.0,,,382.0
B07R6TPB7P,1280.0,,,1280.0,1280.0
B07R71XBP5,,,,40.0,
B07R75L4F1,,51.0,51.0,51.0,51.0
B07R7L9QG7,,,,2807.0,
B07R7TLSGR,138.0,,,,
B07R7XGJ77,,,,,247.0
B07R7XS3D1,1293.0,,,,1293.0
B07R81QCYH,22.0,,,,22.0
B07R826NGS,,,,,218.0
B07R85VR1K,,549.0,,549.0,549.0
B07R8BD5LM,161.0,,,,
B07R8S13KG,,,,,165.0
B07R8YCG9V,,,,128.0,128.0
B07R8YDVR5,,,,,182.0
B07R91DTND,,,,,130.0
B07R922NXD,345.0,,,,345.0
B07R92B3P3,,,,,891.0
B07R92C7D2,,,,37.0,37.0
B07R92F8RH,2230.0,2230.0,2230.0,2230.0,2230.0
B07R92F8TT,1479.0,1479.0,1479.0,,1479.0
B07R92FCTX,,,,,526.0
B07R98G8PS,,1766.0,1766.0,1766.0,1766.0
B07R9JX9RW,474.0,,,,474.0
B07R9RFSXK,,,,,1348.0
B07R9TJ37D,11839.0,11839.0,11839.0,,11839.0
B07R9Y4697,,,,54.0,54.0
B07RB4KXGZ,1584.0,1584.0,1584.0,1584.0,1584.0
B07RB7GPLK,81.0,,,,
B07RB7J29S,,,,81.0,81.0
B07RB7LY64,,,247.0,247.0,247.0
B07RBLLFTX,122.0,,,,122.0
B07RBM3WPM,,228.0,228.0,228.0,228.0
B07RBMSFN2,361.0,,,,361.0
B07RBZ2784,,,,130.0,130.0
B07RC1JKGV,,439.0,,,439.0
B07RC46MKW,,,,,12.0
B07RC4VJ83,,,,,45.0
B07RC7VR4P,2012.0,2012.0,2012.0,2012.0,2012.0
B07RC8CXC8,,44.0,,,
B07RCM1YFW,,,126.0,,
B07RCMB9G5,,,23.0,23.0,
B07RCNWMRD,2012.0,2012.0,2012.0,2012.0,2012.0
B07RCP7ZMR,30.0,,,,30.0
B07RD75XWF,58.0,,,,
B07RD76L2Y,48.0,,,48.0,
B07RDMS1GR,171.0,,,,171.0
B07RDMVS36,457.0,,457.0,,457.0
B07RDN7W5G,,,,,254.0
B07RDP24WY,,,,,269.0
B07RDP9ZRP,249.0,,,,249.0
B07RF8Z525,493.0,,,,
B07RFDPTJ7,,64.0,,,
B07RFNQKBD,770.0,,,770.0,770.0
B07RFNYDBG,47.0,47.0,47.0,47.0,47.0
B07RFP2VKL,1203.0,1203.0,,1203.0,1203.0
B07RFP3QLS,246.0,,246.0,246.0,246.0
B07RFQB4WG,,,,,22.0
B07RFQBVZP,,,,6.0,
B07RFQBW1F,,,,442.0,442.0
B07RFQBXPW,,,,1638.0,1638.0
B07RFZ5VMZ,205.0,,,,205.0
B07RGMM2NV,1549.0,1549.0,1549.0,1549.0,1549.0
B07RGNV1KW,,,,8.0,
B07RGQMLTV,,,125.0,125.0,125.0
B07RGRKLQR,,,,,40.0
B07RGT9YTK,,,48.0,,48.0
B07RHMLF5X,,,,,794.0
B07RHQT72K,390.0,390.0,,,390.0
B07RHVD8HB,381.0,,,,381.0
B07RHXHBKQ,368.0,368.0,368.0,,368.0
B07RHXXPJ6,,,,582.0,582.0
B07RJW8631,,,2104.0,2104.0,2104.0
B07RJW91N8,157.0,,,,157.0
B07RJWTGRH,,,,,239.0
B07RK8B89B,,,,54.0,
B07RKHZSJ3,812.0,812.0,812.0,812.0,812.0
B07RKY4MD3,,478.0,478.0,478.0,478.0
B07RKYS5R8,,,,,47.0
B07RL175CW,,,,,10.0
B07RL178XT,,,,,22.0
B07RL48SRC,6121.0,6121.0,6121.0,6121.0,6121.0
B07RL5TPJB,490.0,,,490.0,490.0
B07RL6RBLW,,,44.0,44.0,44.0
B07RL8Z98T,,115.0,,115.0,115.0
B07RLBH6P9,8.0,,,,
B07RLCNHP4,,,,,148.0
B07RLQH2ZY,,,50.0,,50.0
B07RLT73HH,,,,,47.0
B07RLZKS63,,4714.0,4714.0,,4714.0
B07RM1L98X,5607.0,5607.0,5607.0,5607.0,5607.0
B07RMJZTJJ,4025.0,,4025.0,,4025.0
B07RMT2QRB,,,,,54.0
B07RMVSWLD,,,,,147.0
B07RMZGF3V,640.0,,640.0,,640.0
B07RN3PHKJ,,3692.0,3692.0,3692.0,3692.0
B07RN6X77Y,2579.0,2579.0,2579.0,2579.0,2579.0
B07RN76KS7,,,,,843.0
B07RN7DXFG,91.0,,,,
B07RN8FWDN,,,,,322.0
B07RN8GCGP,1208.0,1208.0,1208.0,1208.0,1208.0
B07RN8H2T5,,,,,1208.0
B07RN8SCRC,,76.0,,,76.0
B07RNM77X5,916.0,,916.0,,916.0
B07RP8JSRD,1208.0,1208.0,1208.0,,1208.0
B07RP945GZ,,,,,13.0
B07RPN61G7,,,,4.0,
B07RPNX1XY,,,,,68.0
B07RPPW3CF,,,,,50.0
B07RPSYCYK,,,43.0,43.0,
B07RPT26SC,,,,,425.0
B07RPZHP79,,,,4025.0,4025.0
B07RQ7GBXX,74.0,,,,74.0
B07RQ824C5,,,,,232.0
B07RQM8ZR3,,,,,354.0
B07RQN5T72,,,,56.0,
B07RQVNG7S,,,,,47.0
B07RQXMVXN,3739.0,,3739.0,3739.0,3739.0
B07RQXQN1L,,,56.0,,56.0
B07RR76YGG,347.0,,,,347.0
B07RR98VGX,,,,,308.0
B07RR9LGFB,46.0,,,,46.0
B07RRBXPJ1,,,,,20.0
B07RRBZF7T,1844.0,,,,1844.0
B07RRJHDB8,,134.0,,,134.0
B07RRQNLD2,734.0,,,,734.0
B07RRRGQK5,,,,,92.0
B07RS1NZ72,388.0,388.0,388.0,388.0,388.0
B07RS1NZ76,,3739.0,3739.0,3739.0,3739.0
B07RS1S25Y,3739.0,3739.0,3739.0,3739.0,3739.0
B07RS1S2Y1,7908.0,7908.0,7908.0,7908.0,7908.0
B07RS1T1ZR,14240.0,14240.0,14240.0,14240.0,14240.0
B07RS1T2PT,388.0,388.0,388.0,388.0,388.0
B07RS1T2PZ,7908.0,7908.0,7908.0,7908.0,7908.0
B07RS4QTR5,,,,,76.0
B07RS4R9NY,,,,,66.0
B07RSSJLP5,580.0,,,,
B07RSSKJJM,,,,318.0,318.0
B07RSTDZ92,,,,,92.0
B07RSXQF65,,,,1455.0,1455.0
B07RSZ99D7,,,,,1170.0
B07RT3NYT1,388.0,388.0,388.0,388.0,388.0
B07RT3NYT7,3739.0,,3739.0,3739.0,3739.0
B07RT3WZ51,6690.0,6690.0,,6690.0,6690.0
B07RT3WZ5L,,,,183.0,
B07RT3XC68,1953.0,1953.0,1953.0,,1953.0
B07RT3XDZ8,6690.0,,,6690.0,6690.0
B07RT6XTYQ,102.0,,102.0,102.0,102.0
B07RT9HDTX,,,477.0,477.0,477.0
B07RTWB5CT,,,,,8.0
B07RV3GQQY,,,47.0,,47.0
B07RV3R1HM,,,,,1455.0
B07RV8T6V7,388.0,388.0,388.0,388.0,388.0
B07RV929VT,,,,269.0,269.0
B07RV929VW,,,,,1953.0
B07RV929VX,,1953.0,,1953.0,1953.0
B07RVC8V2P,1637.0,,,,
B07RVQ6H3R,,,,,31.0
B07RVYWVX1,,,894.0,,894.0
B07RW3SLT3,,,,,20.0
B07RW9W99B,,,388.0,388.0,388.0
B07RW9XC4Z,6690.0,,6690.0,6690.0,6690.0
B07RWB1TVK,,,6690.0,6690.0,6690.0
B07RWB1TVL,6690.0,,,6690.0,6690.0
B07RWB33J2,,388.0,,388.0,388.0
B07RWB33J3,1996.0,1996.0,1996.0,1996.0,1996.0
B07RWB33J8,,,,,183.0
B07RWB3V5W,,,3739.0,3739.0,3739.0
B07RWB5DM7,7908.0,,7908.0,7908.0,7908.0
B07RWB5DM8,301.0,,301.0,,301.0
B07RWB5X2T,,,7908.0,7908.0,7908.0
B07RWB5X2Z,,,3739.0,3739.0,3739.0
B07RWDKXLG,,,,,67.0
B07RWF42JX,185.0,,185.0,185.0,185.0
B07RWQQ8XY,,,,,65.0
B07RWRR6CY,2373.0,2373.0,2373.0,2373.0,2373.0
B07RWS1LHY,6690.0,6690.0,,6690.0,6690.0
B07RWS1LJ4,51.0,,,,51.0
B07RWS7V3K,,,,,6.0
B07RX1TBKM,648.0,648.0,648.0,648.0,648.0
B07RX31CT9,318.0,,,,318.0
B07RX33614,,,,,159.0
B07RXS4FQM,3414.0,3414.0,3414.0,3414.0,3414.0
B07RXV3LXJ,,,,75.0,75.0
B07RYBFXNX,958.0,958.0,,958.0,958.0
B07RYBGQGS,3338.0,,,3338.0,3338.0
B07RYLBPGB,1065.0,1065.0,,,1065.0
B07RYLBXFZ,2451.0,,,,2451.0
B07RYWT1X7,500.0,,500.0,,500.0
B07RYWZZ5R,,,,,5.0
B07RZ4WD2P,318.0,,,318.0,318.0
B07RZZ2GP2,,,,,128.0
B07S165HPY,,,152.0,152.0,152.0
B07S1MS492,,,,,11508.0
B07S245Z1C,,,,,48.0
B07S2463VY,,,,,43.0
B07S24GGLP,250.0,,250.0,250.0,250.0
B07S372DTS,,,,164.0,164.0
B07S372NLR,,,,293.0,
B07S3TZFL9,1976.0,,1976.0,1976.0,1976.0
B07S3V8RLB,,,,,11508.0
B07S3X64MC,3327.0,,,3327.0,3327.0
B07S5BL92T,262.0,,262.0,262.0,262.0
B07S5FCRL9,,136.0,,136.0,
B07S5FCWZ8,,,910.0,910.0,910.0
B07S5JFXJP,,,,,201.0
B07S5VQB1Y,,,,,106.0
B07S5VYYQJ,,,,97.0,97.0
B07S654283,250.0,,,,
B07S654FTK,,,,,293.0
B07S684F83,,,,,32.0
B07S68JTJM,,,,,136.0
B07S68K259,,,,,42.0
B07S6BT235,,,,,1157.0
B07S6C3VTH,,1571.0,,1571.0,1571.0
B07S6M7RPT,7622.0,,7622.0,7622.0,7622.0
B07S6M7RQZ,,,6130.0,,6130.0
B07S6M7V33,,6022.0,6022.0,,6022.0
B07S6M7WJQ,6022.0,,,,6022.0
B07S6M7WL1,,,,,325.0
B07S6M7ZZH,,1833.0,,1833.0,
B07S6M7ZZM,6022.0,6022.0,,6022.0,6022.0
B07S6N2YZ6,,,,,88.0
B07S6N2YZF,1594.0,,1594.0,1594.0,1594.0
B07S6N2YZG,,,,239.0,239.0
B07S6QP5MK,,,,699.0,
B07S76FTTN,,,,,186.0
B07S7DXS2H,,,,,1157.0
B07S7P7Z3H,,1833.0,,,1833.0
B07S7P8G1R,1833.0,,,1833.0,1833.0
B07S7P8G1W,7622.0,7622.0,7622.0,7622.0,7622.0
B07S7P8G21,6022.0,,,,
B07S7P8P1S,6130.0,6130.0,,6130.0,6130.0
B07S7PK8VH,,,,63.0,63.0
B07S7Q4DMX,88.0,88.0,,88.0,88.0
B07S7RKZ2S,,871.0,,,
B07S89NP5D,,,,205.0,205.0
B07S89QZR1,,,1109.0,,1109.0
B07S8F1QFH,,,,,1951.0
B07S8LYZ67,,871.0,,871.0,871.0
B07S8N8D5R,1833.0,,,,1833.0
B07S8N8D61,6022.0,,,6022.0,6022.0
B07S8N8RR2,7622.0,7622.0,7622.0,7622.0,7622.0
B07S8N8RSC,,,,38.0,
B07S8N8YZH,1833.0,,,,
B07S8N8YZQ,,,1833.0,,1833.0
B07S8N8YZR,7622.0,7622.0,,7622.0,7622.0
B07S8N8YZV,6022.0,,6022.0,6022.0,6022.0
B07S8N8Z1X,,,,,6130.0
B07S8N93ZR,,,,,3492.0
B07S8NB48Z,,,,,7.0
B07S8NBFB3,,,232.0,,232.0
B07S8P2ZW7,3199.0,,,3199.0,3199.0
B07S8P2ZWK,88.0,88.0,88.0,88.0,88.0
B07S8P369X,,,88.0,,88.0
B07S8P36BJ,,,,,418.0
B07S8P4254,88.0,,88.0,,88.0
B07S8P46YN,,,,80.0,80.0
B07S8P46ZG,,,88.0,,88.0
B07S979WDG,,,,,262.0
B07S9QG6GX,,,,,38.0
B07S9QG6H8,,,,6130.0,6130.0
B07S9QG89J,,,6130.0,,6130.0
B07S9QGZGF,,6130.0,,6130.0,6130.0
B07S9QHK94,1833.0,1833.0,,,
B07S9QHK96,7622.0,7622.0,7622.0,7622.0,7622.0
B07S9QHKBN,6130.0,,6130.0,,6130.0
B07S9QKKH5,,1650.0,,,
B07S9QKVTM,,7622.0,,7622.0,7622.0
B07S9QLSV3,178.0,,,,
B07S9QVK2C,,,,,51.0
B07S9RG8V7,88.0,88.0,88.0,88.0,88.0
B07S9RH98F,418.0,418.0,418.0,,418.0
B07S9RH99G,88.0,88.0,88.0,88.0,88.0
B07S9T3DLG,,,,,58.0
B07SBGFSSW,109.0,,,,
B07SBGP7KG,903.0,903.0,903.0,903.0,903.0
B07SBGST4Q,,567.0,567.0,,567.0
B07SBGST4S,,,,,81.0
B07SBGT16T,,,,1109.0,1109.0
B07SBTBCQG,,,6022.0,,6022.0
B07SBTBCR7,6.0,,,,
B07SBTDW45,,,,,37.0
B07SBTDXV4,7622.0,7622.0,7622.0,7622.0,7622.0
B07SBTDYQ4,61.0,,,,
B07SBTFZ41,,,,,1833.0
B07SBTFZ44,6022.0,6022.0,,,6022.0
B07SBTG122,6022.0,,6022.0,,
B07SBTG123,6022.0,,,,6022.0
B07SBTG3M1,6022.0,6022.0,6022.0,,6022.0
B07SBTG3M3,,,,6022.0,6022.0
B07SBVB35X,88.0,,88.0,88.0,88.0
B07SBVBCYX,505.0,505.0,,505.0,505.0
B07SBVBGKJ,80.0,80.0,80.0,80.0,80.0
B07SBVBK37,8749.0,8749.0,,8749.0,8749.0
B07SC8JGZL,,,,,1049.0
B07SCJ445R,630.0,,,,630.0
B07SCKDSKD,2091.0,2091.0,2091.0,2091.0,2091.0
B07SCYKHTX,6022.0,,,6022.0,
B07SCYKHVR,,,,,38.0
B07SCYKHVS,,,,,38.0
B07SCYKHW6,325.0,,,,325.0
B07SCYKJY1,7622.0,7622.0,7622.0,7622.0,7622.0
B07SCYM1YG,1833.0,,,,
B07SCYM1ZF,,,,,38.0
B07SCYM1ZS,,,,,6130.0
B07SCYM1ZY,,,6130.0,,
B07SCYM76Z,,,,,1833.0
B07SCYM774,7622.0,,7622.0,,7622.0
B07SCYM775,,,,6022.0,
B07SCZJFX7,,,,,88.0
B07SCZK1VL,,465.0,465.0,465.0,465.0
B07SCZK1VZ,465.0,465.0,465.0,465.0,465.0
B07SDGS9YT,,,,583.0,
B07SDW3K3H,,,,,6130.0
B07SDZPSN3,530.0,,530.0,530.0,530.0
B07SF1MQC8,1411.0,1411.0,1411.0,1411.0,1411.0
B07SFXXNCJ,,,,,315.0
B07SFYYD5R,,,100.0,100.0,100.0
B07SG45CJY,,,,,16.0
B07SG47FJ4,,,,325.0,325.0
B07SGQBH97,,,,,16.0
B07SH1LY8B,,,,,52.0
B07SH8TJ1G,,,,15.0,
B07SH8TQKP,,,,,150.0
B07SHXPBZV,,,315.0,,
B07SJJK52B,,,22760.0,,22760.0
B07SJMKCTL,,583.0,,,583.0
B07SK83TYR,,,,,22339.0
B07SK9GV5R,,190.0,,,190.0
B07SKW1V7T,2065.0,2065.0,,,2065.0
B07SLLG6M2,,,,693.0,693.0
B07SLZ1G2D,,,,,239.0
B07SM2KF6F,,,,325.0,325.0
B07SMJRSNX,,,,,44.0
B07SMTBLW9,,10585.0,,,10585.0
B07SN39ZX2,,430.0,430.0,,430.0
B07SPM8KC4,1157.0,1157.0,,1157.0,
B07SPM9DZ9,1157.0,,,,1157.0
B07SQ8ZKZT,,,,,146.0
B07SQB46BB,19.0,,,,
B07SQFQFXX,6208.0,,,6208.0,6208.0
B07SQPSMC6,467.0,467.0,467.0,467.0,467.0
B07SQQYM49,,,155.0,,
B07SR5XM9N,,,,,324.0
B07SR9Z8T3,,,,,35.0
B07SRD79CJ,,,,,8.0
B07SRFXWXQ,7272.0,7272.0,7272.0,7272.0,7272.0
B07SRS7L4K,,15.0,,,
B07SRTGXQM,,,,,62.0
B07SSBTTJN,,,,,146.0
B07SSHXJ1R,,,,,32.0
B07SSRY7MM,,,,15.0,
B07SSRYFPR,,,,,82.0
B07SSW24G7,32.0,,,32.0,32.0
B07ST32KMS,,,324.0,,324.0
B07ST5GJ34,,,,193.0,193.0
B07STG73FH,,,,,9.0
B07STG7LRJ,,,8.0,,
B07STKM9XH,,,,1202.0,1202.0
B07STTTV34,277.0,,,,277.0
B07STTV9P8,,,,,98.0
B07STW3CMB,,6.0,,,
B07STW4VR3,,627.0,627.0,,627.0
B07SV591Q6,796.0,796.0,796.0,796.0,796.0
B07SV592R7,,,,,499.0
B07SVBWW3Y,,,33.0,,
B07SVDZBL7,8.0,,,,
B07SVGTXSG,,,326.0,,
B07SVNQXBH,,,,,485.0
B07SVT2XCG,,,,,38.0
B07SVXQRNM,,,,,42.0
B07SW2QL5D,,,,,73.0
B07SX2Y159,,,,,12.0
B07SXCCTYQ,,,32.0,32.0,32.0
B07SXCSM1T,32.0,32.0,32.0,32.0,32.0
B07SXCT6BG,,,21.0,,21.0
B07SXD4X8W,,229.0,,,
B07SXK291L,3858.0,3858.0,3858.0,3858.0,3858.0
B07SXRDCL8,2319.0,2319.0,2319.0,2319.0,2319.0
B07SXZYQWJ,4032.0,,,,
B07SY17F2Z,1729.0,,1729.0,,1729.0
B07SY1N5CY,,,,,1039.0
B07SY9SW4Y,,,,,74.0
B07SYC5Q6J,,,499.0,,499.0
B07SYD5T91,499.0,499.0,499.0,,
B07SYMB96J,,,,,604.0
B07SYMDL6V,,,,414.0,
B07SYMFSG3,,414.0,414.0,414.0,414.0
B07SYMJCP9,,,,414.0,414.0
B07SZ215YJ,,604.0,,,
B07SZ2ZNHQ,7918.0,,7918.0,7918.0,7918.0
B07SZ35F87,,,,,414.0
B07SZ3PJPX,335.0,,,,335.0
B07SZCNXY3,,,,,7.0
B07SZG4GMS,,,,,1189.0
B07SZG537S,19130.0,,19130.0,19130.0,19130.0
B07SZP8VPK,,,14.0,,14.0
B07SZP97T8,,,,,50.0
B07SZSR8VT,1126.0,1126.0,,1126.0,1126.0
B07T15STNG,,,414.0,414.0,414.0
B07T163M5R,,,,414.0,414.0
B07T16BV49,154.0,,154.0,154.0,154.0
B07T16C6XT,,,414.0,414.0,
B07T16HQG1,,,414.0,414.0,414.0
B07T16S3XB,,414.0,414.0,,
B07T172VL8,,,,414.0,414.0
B07T1BPQJ8,,,,1184.0,1184.0
B07T1FN91F,,14.0,,,14.0
B07T1G94TT,,,,,111.0
B07T1KSXZZ,,,,1189.0,1189.0
B07T1KSY2N,2123.0,2123.0,2123.0,2123.0,2123.0
B07T1KVQBD,,,,1189.0,1189.0
B07T1KVV4S,1189.0,,,,1189.0
B07T1L9DVM,,,,,37.0
B07T1L9PBK,231.0,,,,
B07T1SLZWV,,,,,40.0
B07T1SNKBG,,,,,59.0
B07T1X5791,459.0,,,459.0,459.0
B07T22YLM7,,,,,7918.0
B07T24NN5B,,,414.0,414.0,414.0
B07T24RCSL,,,414.0,414.0,414.0
B07T251WBJ,,,414.0,414.0,414.0
B07T2L4V3V,19130.0,19130.0,19130.0,,19130.0
B07T2L4ZBT,,,,,541.0
B07T2L5WHX,1189.0,,,,1189.0
B07T2L637S,1189.0,,,,
B07T2L6JPH,,,1189.0,1189.0,1189.0
B07T2L6JR1,899.0,,899.0,899.0,899.0
B07T2TB2P7,,,,,4.0
B07T2Z5XX7,,,,,136.0
B07T3F99WV,,,,,1184.0
B07T3MZL4D,,,,1189.0,
B07T3MZL6T,,,944.0,,944.0
B07T3MZPZK,,,,,1189.0
B07T3MZQ1S,,,,31.0,
B07T3N1FJB,,,,,45.0
B07T3N1KVS,477.0,,,,477.0
B07T3NJLZ7,,,,,2.0
B07T41RXGS,,,,,2716.0
B07T44PNMD,330.0,,,,330.0
B07T44R8XL,,,,,260.0
B07T47WXT9,,,8.0,8.0,
B07T47XD54,,,5.0,,
B07T4HMRNS,862.0,,862.0,,862.0
B07T4R7MZQ,161.0,,,,161.0
B07T4R7N2C,899.0,,,,
B07T4VYCY9,,,,,382.0
B07T4WRCTJ,,,8.0,,
B07T4XP2XR,,,,,111.0
B07T53RX47,,,,,113.0
B07T53TFGM,,,871.0,871.0,871.0
B07T5D3RCV,,,,28.0,28.0
B07T5HNX7W,414.0,,,414.0,414.0
B07T5TQ24G,,1189.0,,,1189.0
B07T5TQ269,7513.0,7513.0,7513.0,7513.0,7513.0
B07T5V3VQX,481.0,,,481.0,481.0
B07T5VGZW7,,,,,899.0
B07T5VN5SP,1189.0,,,,1189.0
B07T5VNMXZ,,,,323.0,323.0
B07T5VNSSK,362.0,362.0,362.0,,362.0
B07T5X644K,503.0,,,503.0,503.0
B07T6CTV8R,,131.0,131.0,,131.0
B07T6CVX3V,,,,,1.0
B07T6J98TT,1667.0,1667.0,1667.0,1667.0,1667.0
B07T73TNJY,81.0,,,,81.0
B07T75XRQY,242.0,,,,242.0
B07T78T8D9,474.0,,474.0,474.0,474.0
B07T7HSGS4,137.0,,,,
B07T7HTD45,,,,,43.0
B07T7HTD4N,61.0,,,,61.0
B07T7Y3NQJ,728.0,,728.0,728.0,728.0
B07T81WM8H,,,327.0,,327.0
B07T86TJ1L,,,,132.0,
B07T8G5RTY,91.0,91.0,91.0,91.0,91.0
B07T8G5RV5,,,,,696.0
B07T8G5WR3,,,,,823.0
B07T8JJ6Q1,,28.0,,,28.0
B07T8KKVTV,,,,,40.0
B07T9263MZ,,,,,1170.0
B07T92MMM6,,,,,30.0
B07T92NK9T,,25.0,,,
B07T9K8D6Z,,,131.0,131.0,131.0
B07T9KT26P,,,,,1227.0
B07T9KT5B5,,,,,293.0
B07T9KT7WS,,,,,158.0
B07T9KV7F7,,,,,262.0
B07T9KV7FB,,,258.0,258.0,258.0
B07T9NS52K,,,,,35.0
B07T9P5G24,,,120.0,,
B07TB2VWJ9,36.0,36.0,36.0,,36.0
B07TB2ZYQC,33.0,,,,
B07TB3HJQ5,,,28.0,,
B07TB796QQ,,,506.0,506.0,506.0
B07TBBTNCL,,,,186.0,
B07TBBXZ79,,,47.0,47.0,47.0
B07TBHQ5GC,,,,,78.0
B07TBLFZVP,,,,,1227.0
B07TBP4DJ1,,,,,465.0
B07TBPGVZV,,,,7534.0,7534.0
B07TBPY75L,,,,120.0,
B07TBQ8174,169.0,,,,169.0
B07TBTRV6N,,,,,73.0
B07TC4DBVT,56.0,,,,56.0
B07TC4F7Q2,,,228.0,,
B07TC4GFMT,,,,,99.0
B07TCCL8MB,1796.0,,,1796.0,1796.0
B07TCDG6GK,83.0,83.0,,,83.0
B07TCMWX8X,,,,,263.0
B07TCMX625,,696.0,,,696.0
B07TCPKDHH,,,,364.0,
B07TCRDQCD,,,42.0,42.0,
B07TD62QCL,,,1501.0,,1501.0
B07TD63736,1501.0,1501.0,,,
B07TD6PBPX,3945.0,3945.0,3945.0,3945.0,3945.0
B07TD6Q7C8,3822.0,,3822.0,3822.0,3822.0
B07TD6QQ68,,,,,2118.0
B07TD6RPFY,2118.0,2118.0,2118.0,2118.0,2118.0
B07TD9ZSP3,306.0,,,,306.0
B07TDB1WT5,2568.0,,2568.0,2568.0,2568.0
B07TDCSNNS,,,,,481.0
B07TDDKC8G,106.0,,,106.0,
B07TDJ3C6Y,,,,,46.0
B07TDLQQVV,,,,,2419.0
B07TDN8QKY,41793.0,,41793.0,41793.0,41793.0
B07TDQS2YV,,,,,810.0
B07TDR1H6H,,,,,1227.0
B07TDT4884,,74.0,,,
B07TF9R85Y,,,,,54.0
B07TF9S1W7,,,,,1501.0
B07TF9S1X2,,,,,30.0
B07TFBGNX3,,,,,638.0
B07TFBGRTY,109.0,,,,109.0
B07TFBHCQ8,3535.0,3535.0,,,3535.0
B07TFG22Q4,,,,,459.0
B07TFJXSVV,13366.0,13366.0,13366.0,13366.0,13366.0
B07TFLNZ92,13366.0,13366.0,13366.0,,13366.0
B07TFVCPBH,,258.0,,258.0,258.0
B07TFVCPBS,,,,,394.0
B07TFX768D,,,,,123.0
B07TFXFT22,,,67.0,,
B07TGDVRY2,,,30.0,30.0,30.0
B07TGDWFJB,,,,30.0,30.0
B07TGDWFK3,,,,,58.0
B07TGFJMR4,,,3535.0,3535.0,3535.0
B07TGFKTJN,3945.0,3945.0,3945.0,3945.0,3945.0
B07TGFLVF4,,,2118.0,,2118.0
B07TGH2C3W,,,,,76.0
B07THB4RCC,,,4996.0,,4996.0
B07THBCLKN,,3535.0,,,3535.0
B07THCCX8T,,,,,2118.0
B07THD89S3,3822.0,3822.0,3822.0,,3822.0
B07THDGVLL,,109.0,,,109.0
B07THDJG26,,,109.0,109.0,109.0
B07THDK5P7,,,,,50.0
B07THF66RS,,,,54.0,
B07THF765Z,,,,,1501.0
B07THFBF5R,,46.0,46.0,,46.0
B07THFBTPC,,44.0,,44.0,44.0
B07THFC5QM,,,,,72.0
B07THG1BSF,3535.0,3535.0,,,3535.0
B07THLWGP3,,,,432.0,432.0
B07THVTS3Y,47.0,,,,47.0
B07THVV78S,252.0,,252.0,,252.0
B07TJ8W931,370.0,,370.0,,370.0
B07TJK1K14,,,,,1038.0
B07TJK31P5,,,,,280.0
B07TJV2NML,,,31.0,,
B07TJWCR8H,,,,,95.0
B07TJXHW8P,,,,192.0,192.0
B07TK7PMGJ,40.0,,,,40.0
B07TKCNKM6,,,,,53.0
B07TKDJZGY,,,246.0,,
B07TKFSF17,304.0,,,,304.0
B07TKN2PL6,,1038.0,,1038.0,1038.0
B07TKN66R1,,,,280.0,280.0
B07TKYCB5W,,137.0,,,
B07TL6NCNN,40.0,,,,
B07TL8LZHB,,,,40.0,
B07TLDVPHX,,,,,848.0
B07TLGPBL1,1338.0,,,,1338.0
B07TLJJYXW,4998.0,,,,4998.0
B07TLN894P,,,,,1038.0
B07TLP1856,,,,1038.0,1038.0
B07TLYZNPP,31.0,,,,
B07TMQBP2X,,,,,415.0
B07TMQV1RS,,,,,1038.0
B07TMR584M,,,,1038.0,1038.0
B07TMSBJKS,,203.0,,,203.0
B07TN8WFZJ,2741.0,,,,2741.0
B07TN8WFZM,,,,,33.0
B07TN8WNT9,,,7272.0,7272.0,7272.0
B07TNCXP3T,,,,,75.0
B07TNDMZJN,,,,296.0,296.0
B07TNQ5X6Z,,545.0,545.0,545.0,545.0
B07TNSF3CN,15.0,,,,
B07TNSLRD9,424.0,,424.0,424.0,424.0
B07TNSQYMJ,1038.0,,,,1038.0
B07TNTLJ1L,,174.0,,,
B07TQ6NGMW,,187.0,,187.0,187.0
B07TQ875BX,,,25.0,,25.0
B07TQH6TCP,,,,128.0,
B07TRFZ8K6,1012.0,,1012.0,1012.0,1012.0
B07TRG47B6,,,61.0,61.0,61.0
B07TRG5PLG,,2865.0,2865.0,,2865.0
B07TRG5XKC,,,,,1202.0
B07TRNZ1K6,,,5.0,,
B07TRPWYK4,347.0,,347.0,347.0,347.0
B07TRW8BC8,,,1012.0,1012.0,1012.0
B07TRWPZQT,,,113.0,113.0,113.0
B07TS4RV5M,,,58.0,58.0,58.0
B07TS5Q4HD,740.0,740.0,740.0,740.0,740.0
B07TS7WZ54,,,,,438.0
B07TS97DHX,,,,,171.0
B07TSCSRB3,,37.0,,,
B07TSK6YYG,,,,,117.0
B07TSK78PV,,,140.0,,
B07TSK88LX,,,142.0,142.0,142.0
B07TSKN6SB,334.0,,,,334.0
B07TSMZ69N,,,,35.0,
B07TT2W32N,,,129.0,,
B07TT91D2K,3154.0,3154.0,3154.0,3154.0,3154.0
B07TTF9BJC,5717.0,,,,5717.0
B07TTTXN15,,,,,25.0
B07TV9Q5ST,617.0,617.0,617.0,617.0,617.0
B07TV9QRTR,,,1369.0,1369.0,1369.0
B07TVXHQHH,,,173.0,,
B07TW9TMNW,,,,,24.0
B07TWBKMBQ,38.0,,38.0,38.0,
B07TX2TJG4,,,,,94.0
B07TX5D6H7,,,,,112.0
B07TXLHQMH,,,33.0,33.0,
B07TXS3ZPP,,,,,40.0
B07TXW3LPZ,,,,11.0,11.0
B07TYVBXC6,,,,,218.0
B07TZP2PZJ,330.0,,330.0,330.0,330.0
B07TZRDXB3,,,,,187.0
B07V1PY1BW,819.0,819.0,819.0,819.0,819.0
B07V25Y8NG,,602.0,602.0,602.0,602.0
B07V25YLDP,,,,,4.0
B07V25YY44,1369.0,1369.0,1369.0,1369.0,1369.0
B07V28V1H8,,,,2103.0,2103.0
B07V2FZZ55,,,90.0,90.0,90.0
B07V2G2J73,,,,73.0,73.0
B07V2YNY3N,3415.0,3415.0,3415.0,3415.0,3415.0
B07V368LRH,,,,,326.0
B07V39RT6V,,400.0,400.0,400.0,400.0
B07V39RXHF,,844.0,844.0,844.0,844.0
B07V3DHQST,,,,,257.0
B07V3GGK3S,828.0,,828.0,828.0,828.0
B07V3H5RJJ,,,,49.0,49.0
B07V3S3BCD,,,,97.0,97.0
B07V3S3Z4G,69.0,,69.0,,69.0
B07V3VRB1Z,,,,,15938.0
B07V4B1FJ2,493.0,493.0,493.0,493.0,493.0
B07V4S5JH8,199.0,,199.0,,199.0
B07V4SJZ4K,3143.0,3143.0,3143.0,3143.0,3143.0
B07V588VNJ,,,5.0,,
B07V5DM7MJ,2042.0,2042.0,2042.0,2042.0,2042.0
B07V5DMVMW,364.0,364.0,,364.0,364.0
B07V5TS8W4,,,,,73.0
B07V5VRRFM,,,72.0,72.0,72.0
B07V5VS53D,,,,,414.0
B07V61FXD1,2225.0,,,,
B07V65FYTW,,,,,2225.0
B07V69WYZF,,,,,127.0
B07V6M9P96,,,,,192.0
B07V6RKZ3F,,,,53.0,53.0
B07V6RLLXZ,,,,,361.0
B07V7VDFVL,,,,,69.0
B07V7VJRNW,,,256.0,256.0,256.0
B07V7VSRP4,,268.0,,,
B07V823N6Y,,7.0,,,
B07V8LS1K7,,,,,3182.0
B07V8Z22F6,,,,,73.0
B07V8ZNJ8N,,,,,73.0
B07V9LLSVR,1091.0,,1091.0,1091.0,1091.0
B07V9N1FCG,,,,,282.0
B07V9PFJMH,,200.0,,,
B07V9QVVLF,,,,,99.0
B07V9QZXRD,,,,,23.0
B07V9XYXKL,127.0,,,,
B07V9XZM61,3182.0,,,,3182.0
B07V9YZ1MC,,,,,3182.0
B07VB1G9BS,,,,3182.0,
B07VB1KL7B,,,,,3182.0
B07VB5XNS5,,,,,89.0
B07VBHZQJ1,,,,,243.0
B07VBTH36F,1579.0,,,,1579.0
B07VC1W88R,,38.0,,38.0,38.0
B07VC716DY,,,,,230.0
B07VCHJ9J7,,,,,53.0
B07VCR959B,,,,,89.0
B07VD1PS56,,,,,70.0
B07VD9ZPYC,,,154.0,,154.0
B07VDH1FVH,,,,,17.0
B07VDHFB9P,,,,,211.0
B07VDHJB2S,,,68.0,,68.0
B07VFBMK2S,59.0,,,,59.0
B07VFCCJFP,,,,,256.0
B07VFCWTHJ,,228.0,,,228.0
B07VFDGKRJ,,,,,317.0
B07VFDHJF8,32.0,,,,
B07VFKG2YK,,,,,81.0
B07VGFCWCF,42.0,,,,42.0
B07VGHB1YL,,301.0,,301.0,301.0
B07VGKSLKY,,,,,55.0
B07VGKSNT4,,,,,49.0
B07VGZMC6Q,,,,,48.0
B07VGZMC6R,,,,80.0,80.0
B07VHJQH25,,,,,16.0
B07VHKBH7M,,,,,36.0
B07VJ52NZK,,,,44.0,44.0
B07VJNBC8X,,72.0,,,72.0
B07VJXN3WJ,,,1062.0,,
B07VKM9711,903.0,903.0,903.0,,903.0
B07VKNY7N2,8184.0,8184.0,8184.0,8184.0,8184.0
B07VKNYRLJ,8184.0,8184.0,8184.0,8184.0,8184.0
B07VKNYXML,8078.0,8078.0,8078.0,8078.0,8078.0
B07VKQ4L42,,33.0,,33.0,33.0
B07VKQ4W66,,,,43.0,
B07VKQ4XFD,,,,35.0,35.0
B07VKQ53P8,,,,26.0,26.0
B07VKQ573Z,87.0,,87.0,87.0,87.0
B07VKQB2LF,32.0,,32.0,,
B07VL4T35J,,8078.0,,,8078.0
B07VL4V2ZY,,,,,8078.0
B07VL6229C,,,36.0,36.0,36.0
B07VLBVF1P,,,,,49.0
B07VLD232W,,,,,31.0
B07VLFFLCG,,,,,699.0
B07VLGBQ84,8184.0,8184.0,8184.0,8184.0,8184.0
B07VLGDFCD,233.0,,,233.0,233.0
B07VLKYB5D,1560.0,,,,
B07VLKYCJZ,,,,,1560.0
B07VLKYCKC,,,,,1560.0
B07VLKYJNH,,,,,1560.0
B07VLKYJNX,,,,,1560.0
B07VLKZJ19,,1560.0,,,1560.0
B07VLKZJ1G,,,,,1560.0
B07VLKZLYL,,,,,1560.0
B07VLLV7S9,216.0,216.0,216.0,216.0,216.0
B07VM7M33L,1407.0,1407.0,,1407.0,1407.0
B07VM7M4L4,,57.0,57.0,,57.0
B07VM9B2WL,8184.0,8184.0,8184.0,8184.0,8184.0
B07VM9TM9B,,,47.0,47.0,47.0
B07VMBH5FC,,,,,18.0
B07VMBH6B5,,,28.0,28.0,
B07VMBHSH6,,,38.0,38.0,38.0
B07VMBN63R,,,,1992.0,1992.0
B07VMKQHHP,,,,,135.0
B07VMLRLST,,,,161.0,161.0
B07VMLVZKP,,,,16.0,16.0
B07VMNL1ZW,,,,409.0,409.0
B07VMQL1GY,,,,,1560.0
B07VMQLYFR,,,,1560.0,
B07VMQMKCF,,,,,1560.0
B07VMQMR2Z,,,,,1560.0
B07VMS97KT,,,1438.0,,
B07VN3PVZQ,,,,,9.0
B07VN67X5B,,,43.0,43.0,43.0
B07VN6VKMG,,20.0,,,20.0
B07VN76LBL,32.0,,,,
B07VN7GY7L,,50.0,,50.0,50.0
B07VN84M7S,,,,,27.0
B07VN8DY3T,,36.0,,36.0,36.0
B07VN8WQY5,,,65.0,65.0,65.0
B07VN94Z53,,,,27.0,27.0
B07VNBNYFL,,,,,4.0
B07VNH5WLX,,,49.0,,49.0
B07VNH68J2,,,,,49.0
B07VNHH944,,122.0,,122.0,122.0
B07VNQDX7J,,,,,1560.0
B07VNQFKYL,,,,,1560.0
B07VNQFPV2,1560.0,,,,
B07VNQFPW3,1560.0,,,,
B07VNQHKZ2,,,,12.0,
B07VNQMJ9K,6.0,,,,
B07VP8SL8B,,,,246.0,246.0
B07VP98Q72,1407.0,1407.0,1407.0,1407.0,1407.0
B07VP98Q7F,,,,195.0,195.0
B07VP9SPBP,,,235.0,,235.0
B07VPCFHR4,8078.0,8078.0,8078.0,8078.0,8078.0
B07VPCTN6S,8184.0,8184.0,8184.0,8184.0,8184.0
B07VPCVQXR,8078.0,,,8078.0,8078.0
B07VPCVW2Z,,,8078.0,,8078.0
B07VPF8WFG,,,,,32.0
B07VPN74WZ,,,,,134.0
B07VPNFBCR,,,,,254.0
B07VPRFH95,,,,181.0,181.0
B07VPT3M45,,,,,12.0
B07VPT3M46,,,,,19.0
B07VPT3PGR,,,,1560.0,
B07VPT43PN,,,,,1560.0
B07VPVH8NW,,,248.0,248.0,248.0
B07VQH1F53,8184.0,8184.0,8184.0,8184.0,8184.0
B07VQH3XGS,,8078.0,,8078.0,8078.0
B07VQTDKDH,653.0,,,653.0,653.0
B07VQW3HF9,254.0,254.0,254.0,,254.0
B07VQXTD8D,,,,,1560.0
B07VQY3KPY,1560.0,,,,1560.0
B07VQY56W8,,6.0,,,
B07VQZQKQZ,1267.0,,,1267.0,1267.0
B07VR1NDSQ,41079.0,41079.0,41079.0,41079.0,41079.0
B07VR1YRXS,,627.0,,627.0,627.0
B07VRL3MSQ,8184.0,8184.0,8184.0,8184.0,8184.0
B07VRX5NG1,,37.0,37.0,37.0,37.0
B07VS1M5XZ,,,,,1560.0
B07VS1M8TT,,,,6.0,
B07VS1PJNH,,,,,1560.0
B07VS1PJP5,,,,1560.0,1560.0
B07VS1Q51D,,,12.0,,
B07VS1X5R4,,,,248.0,248.0
B07VS2GQQR,145.0,145.0,,145.0,145.0
B07VS2ZDR9,,,248.0,248.0,
B07VS8YCQ7,,,,,895.0
B07VSJFY9B,1072.0,1072.0,1072.0,1072.0,1072.0
B07VSQ8XX5,,,,,49.0
B07VSTRY5V,,,,,363.0
B07VTDXFDC,219.0,,,,
B07VV35ZDR,,,,,93.0
B07VV3SC97,,,,,20.0
B07VV9NHD7,,,,,334.0
B07VVB65J4,,419.0,419.0,,419.0
B07VVB65J5,,,4405.0,,
B07VVB7FBS,,,,344.0,344.0
B07VVDMNVJ,,,,,32.0
B07VVN12Q5,1824.0,1824.0,1824.0,1824.0,1824.0
B07VVRVTX2,,,,,3099.0
B07VVSBQ67,,367.0,,,
B07VWGW9ZW,231.0,,,,
B07VWGZNTJ,,,,,3671.0
B07VWGZNTQ,,,,,256.0
B07VWGZRV4,,,,,231.0
B07VWL6DXB,310.0,,,,310.0
B07VWLXRH4,,,,,144.0
B07VWTYBR5,,,,,70.0
B07VWVN5JX,8685.0,,,8685.0,8685.0
B07VX7K4LN,,,,317.0,
B07VXGM42Q,59.0,,59.0,,59.0
B07VXJRGCG,3504.0,,3504.0,,
B07VXLKYJ9,,,,66.0,66.0
B07VXV41QX,,,,8685.0,8685.0
B07VXV4HD3,,,,,242.0
B07VXV4ZZM,283.0,,,,
B07VXV5MQ9,,,,,8685.0
B07VYC6156,2140.0,2140.0,2140.0,2140.0,2140.0
B07VYJMFJ9,,,,,127.0
B07VYJNZDY,,,,,256.0
B07VYJW8ZB,,100.0,,,100.0
B07VYX6LCH,,,57.0,57.0,57.0
B07VYX7DC4,,,147.0,,147.0
B07VYX7PD5,,,,,103.0
B07VYX7PDF,,,,,101.0
B07VYX9XMD,,,,,186.0
B07VYY1RHM,,,,8685.0,
B07VZNQ6NV,,,,,102.0
B07VZXFHQT,,13366.0,13366.0,13366.0,13366.0
B07W12615C,,37.0,,,
B07W126FVR,,,,,192.0
B07W1H4QHG,,,,,146.0
B07W2Y9G55,,,670.0,,670.0
B07W2YFM1V,,,,,49.0
B07W34TCRS,,,283.0,,
B07W3HP1YN,,,,,109.0
B07W3LHDNP,,,,,29.0
B07W3XZW6C,,,,,85.0
B07W3YP41W,,,,,70.0
B07W427FBN,,,,,21.0
B07W4434HN,,,,42.0,
B07W4JG8SV,,48.0,,,48.0
B07W4JGD97,,,,,58.0
B07W4JGD98,,,,,595.0
B07W4JGW12,,,,,312.0
B07W4JGY1N,,,,,174.0
B07W4JH47N,,,,,62.0
B07W4JHPHF,,,,,139.0
B07W4K84SC,,,,7.0,
B07W4S6XHF,,,20.0,20.0,
B07W4TH2CH,,,,,1217.0
B07W4TH2DF,,,,149.0,149.0
B07W4TKD39,82.0,,,,82.0
B07W58NSHC,56.0,,,,56.0
B07W5JDHZV,858.0,,858.0,858.0,858.0
B07W5NJX55,531.0,,,,531.0
B07W5NLY88,,,,,145.0
B07W5TC9NV,,,,,42.0
B07W5TDCKK,,,,,102.0
B07W6NGFPQ,38.0,,,,
B07W6NJ5YX,,,,,58.0
B07W6TR5BJ,,,,40.0,40.0
B07W6Z2Y8W,,,1217.0,1217.0,1217.0
B07W6Z4LL1,,163.0,163.0,163.0,163.0
B07W73GN9S,162.0,,,162.0,162.0
B07W7CSB8M,143.0,,143.0,,143.0
B07W7DD7S2,,,,,156.0
B07W7RN7XB,,,266.0,,266.0
B07W7SB13H,,122.0,,,
B07W7Y2DWM,,,,6.0,
B07W7Y3135,,,,,46.0
B07W8VJCM8,,,2714.0,2714.0,2714.0
B07W8VN7B7,,,,,210.0
B07W8W7VR5,,,,,3.0
B07W8WPLC4,,,,89.0,89.0
B07W8WQ5DQ,694.0,,694.0,,694.0
B07W8WQ5GT,3335.0,3335.0,3335.0,3335.0,3335.0
B07W8WQC1F,,,,,134.0
B07W9566HR,,,,,579.0
B07W96R2WN,88.0,,,,
B07WBXHFTF,,,,,215.0
B07WBXHZ77,374.0,,374.0,,374.0
B07WBY7453,,,,,173.0
B07WBY747W,,,,,36.0
B07WBYDZ9V,,,,,98.0
B07WBYN96L,,,,,13.0
B07WBYZPMJ,32.0,,,,32.0
B07WC4Q9GX,,,,,16.0
B07WC8ZBH8,,,,7.0,
B07WCVW56S,3068.0,,,,3068.0
B07WDGVP7T,,,,,17.0
B07WDMTJPY,,,,,6.0
B07WDRJFMN,,,,,8.0
B07WDXRX9R,,,,,40.0
B07WF1KL1L,325.0,,,,325.0
B07WF25WWC,,,761.0,761.0,761.0
B07WG1D7VK,,,,31.0,
B07WG1DBRR,,,883.0,,883.0
B07WG31DNT,,130.0,,130.0,
B07WG31DNV,,,,,82.0
B07WGD79FV,,,,,57.0
B07WGMN81N,,,76.0,,76.0
B07WGQ39P2,687.0,687.0,687.0,687.0,687.0
B07WH19C27,93.0,,93.0,,93.0
B07WH19C39,,,,,129.0
B07WH311DR,,221.0,221.0,,
B07WH31S4J,544.0,,,,544.0
B07WH5VT99,,,,430.0,430.0
B07WHQH3MX,,,,,109.0
B07WHQRVF8,,,,,358.0
B07WHQRVFD,,,,,43.0
B07WHQT871,,,,,23.0
B07WHTDTFD,40.0,,,,
B07WJ4HRYJ,81.0,,,,81.0
B07WJ8T3QW,,,,,58.0
B07WJ8XS5R,,,168.0,,168.0
B07WJPTK7L,260.0,,,,260.0
B07WJVF364,,,123.0,,
B07WK88QQ3,98.0,,,98.0,98.0
B07WKDPPXN,,,,,31.0
B07WKDPPYX,,,,62.0,62.0
B07WL1YWTM,876.0,,,876.0,876.0
B07WL324RP,,,,,123.0
B07WL71NGS,58.0,,,,58.0
B07WMJYQV5,1040.0,1040.0,1040.0,1040.0,1040.0
B07WMVFWZS,,167.0,,,167.0
B07WN3W3D4,,,,,12.0
B07WN3YSB7,,,50.0,50.0,50.0
B07WN8GZMY,,,,,41.0
B07WNK27SX,8332.0,,,,
B07WNQPPMK,,,,,38.0
B07WNS42QV,,,,,122.0
B07WP34C6H,,3178.0,,,3178.0
B07WPBH58J,,239.0,239.0,239.0,239.0
B07WPBHBSP,,,,,351.0
B07WPW5BCH,,,,,157.0
B07WQDVTX3,,,72.0,72.0,72.0
B07WQJ9B2R,,,,,18.0
B07WR3RZCR,66.0,,,,66.0
B07WR3SJRR,195.0,,195.0,,195.0
B07WR3SS5W,145.0,,,,
B07WRDQ4GS,8332.0,,,,
B07WRJRFVJ,,,648.0,648.0,648.0
B07WRJY412,,,,,3430.0
B07WRK3B1J,2438.0,2438.0,2438.0,2438.0,2438.0
B07WRL5V7M,,,237.0,,237.0
B07WRL5V87,,,,,59.0
B07WRN6NB7,,,,,113.0
B07WRPKM55,,,48.0,,48.0
B07WRPLM1J,,1389.0,1389.0,,1389.0
B07WRXVRD5,111.0,,,111.0,111.0
B07WS3TSQH,69.0,,,,69.0
B07WS69CX8,,,,,31.0
B07WS6BTDK,26165.0,26165.0,26165.0,26165.0,26165.0
B07WSBR8H6,,,,,10.0
B07WSD3Q23,655.0,,,655.0,655.0
B07WSN234D,,,,,514.0
B07WT2VFYR,,,,,874.0
B07WTJKHWC,,8332.0,,8332.0,8332.0
B07WTJKKG8,8332.0,,,,
B07WTTDFG1,,124.0,,,
B07WTXPXTX,1976.0,,,1976.0,1976.0
B07WV2CL5N,,,,53.0,
B07WV2G6RD,3016.0,,,3016.0,3016.0
B07WVMV4KS,,,,8332.0,8332.0
B07WVMV4KW,8332.0,,,,8332.0
B07WVMV4LV,,,8332.0,,8332.0
B07WW2CNGP,603.0,,603.0,,603.0
B07WW5LTFZ,,,,3016.0,3016.0
B07WW5WLPS,,874.0,,,874.0
B07WW78K3X,99.0,,,99.0,99.0
B07WWPMB4S,,,8332.0,,8332.0
B07WX3DRYW,2438.0,2438.0,2438.0,2438.0,2438.0
B07WX98KJN,,3979.0,,,3979.0
B07WXXP2MX,,,,,33.0
B07WXYT7KN,,,,,82.0
B07WY5BZS4,,,31.0,31.0,31.0
B07WZDPNGR,,,,48.0,48.0
B07WZRM966,,,147.0,,147.0
B07WZRNRZ2,,,,,1212.0
B07WZT975L,,,,,475.0
B07WZTSGY9,,,,,343.0
B07WZYZ6JJ,,,16.0,,
B07WZYZFZ4,,,,57.0,
B07WZYZFZ6,,,,,140.0
B07X13CSSV,,,,,26.0
B07X141B88,,,,91.0,
B07X1WB378,216.0,,,216.0,216.0
B07X1WB37B,715.0,715.0,,,715.0
B07X1WB37C,556.0,,556.0,,556.0
B07X1WB37L,,,,,1188.0
B07X1WBWWK,,,614.0,,614.0
B07X1WBY7T,1085.0,,,,1085.0
B07X1WBY7X,,,,,1034.0
B07X1WCC6G,,,529.0,,
B07X1Y7JWS,1184.0,,1184.0,,1184.0
B07X1YFSKX,155.0,,155.0,155.0,155.0
B07X23TYY7,,63.0,,63.0,63.0
B07X25GNP6,,,,,455.0
B07X27NQD9,,,,28.0,28.0
B07X2J6ZRH,,,,,282.0
B07X2J7224,,,48.0,48.0,48.0
B07X2QYXCX,,,,,475.0
B07X2W4241,,,,,103.0
B07X2W4246,,,,186.0,186.0
B07X2W44PN,,1158.0,,,1158.0
B07X2W5GG1,1212.0,,1212.0,1212.0,1212.0
B07X2W5GG2,,,627.0,,627.0
B07X2W64MK,,163.0,163.0,,163.0
B07X2Y14T5,,1184.0,,1184.0,1184.0
B07X37X4HC,,,,,972.0
B07X3836ZY,2490.0,,,,2490.0
B07X3C5NJ9,468.0,468.0,468.0,468.0,468.0
B07X3C5NJB,,,,,21.0
B07X3MQPZV,,,,,268.0
B07X3PWG26,,,,,69.0
B07X3W8K8Q,,,,,123.0
B07X3XT56N,,,,,55.0
B07X3ZJSX8,,,,181.0,181.0
B07X42P99K,,,,19.0,
B07X4BQV5J,,,,,972.0
B07X4CPV2H,,,,2490.0,
B07X4D2TDN,2490.0,,,,2490.0
B07X4GFT27,,,,38.0,
B07X51PF2D,,,,,12.0
B07X52CYN1,,,,,27.0
B07X53NVGK,,,,,399.0
B07X55HFZ5,304.0,,,,
B07X55RDQF,516.0,516.0,,,516.0
B07X59SRMT,,,108.0,,108.0
B07X5HX6FP,2490.0,2490.0,2490.0,,2490.0
B07X5MSX6B,159.0,,,,159.0
B07X69PP1Q,8571.0,8571.0,8571.0,,8571.0
B07X6DNHX6,2490.0,,,2490.0,2490.0
B07X6GXPVK,,,,,84.0
B07X6GZYJ7,15.0,,,,
B07X6H2W6Z,,,,,13.0
B07X6H9WBH,,,115.0,,
B07X7CY9B4,,,,,19.0
B07X7HDL6X,,,94.0,94.0,
B07X7HFCV4,,,,,30.0
B07X7KPRXT,,,,159.0,159.0
B07X7W82FD,,,,,50.0
B07X7Z26GJ,2490.0,,,,
B07X7Z68GQ,,,,,2490.0
B07X831SKX,,,,,37.0
B07X8325DC,,,,,22.0
B07X8386TQ,,,,,90.0
B07X8N84HX,76.0,,76.0,,
B07X8QSZST,,,20.0,,20.0
B07X8RRS2H,881.0,881.0,881.0,881.0,881.0
B07X8TQW6Z,,,,46.0,46.0
B07X8YV97Z,,,,,51.0
B07X8YY8M3,76.0,,,,
B07X8YYYJS,,,,,139.0
B07X94159L,,,,,972.0
B07X9PWCWM,,84.0,,,
B07X9PXHM5,,,,,454.0
B07X9RYMJJ,658.0,,,,658.0
B07X9RYYNF,920.0,920.0,,,920.0
B07X9V2VZQ,,,,54.0,
B07X9VL5FR,,,,,52.0
B07X9X9214,,,,,18.0
B07XB2FPY7,76.0,,,,76.0
B07XB5HVH6,,,88.0,,
B07XB5JQNY,,,,,87.0
B07XBRNMTZ,650.0,650.0,,,650.0
B07XBRNWB4,1647.0,,1647.0,1647.0,1647.0
B07XBTSRZX,,,,,50.0
B07XC3B8FJ,,,,24.0,
B07XC789JL,,,,,279.0
B07XC8H8G7,,,993.0,993.0,993.0
B07XC8HP22,,,,836.0,836.0
B07XC8JFHS,,,960.0,960.0,960.0
B07XC924CP,1312.0,1312.0,1312.0,1312.0,1312.0
B07XC9XZGN,,1360.0,,,1360.0
B07XCCDT89,,,,,10.0
B07XCVQ142,3664.0,3664.0,3664.0,3664.0,3664.0
B07XCVRQWP,394.0,,394.0,,394.0
B07XCYDSN1,,,50.0,,
B07XCYKM81,,,,,183.0
B07XCZK8PH,,,,,506.0
B07XD49N9X,412.0,412.0,,,412.0
B07XD5B6HJ,592.0,592.0,592.0,592.0,592.0
B07XD62QB7,,,,,84.0
B07XD649RN,,118.0,,,
B07XD66S4J,,,,,370.0
B07XD67DCC,,,,,19.0
B07XD6C6BC,125.0,125.0,125.0,,125.0
B07XD8FM65,,,,,104.0
B07XDCMM2D,,,341.0,341.0,341.0
B07XDF2NZM,,,,307.0,307.0
B07XDQ5PWL,1583.0,,,1583.0,1583.0
B07XDQ7ZD7,,,,,273.0
B07XF1BNR3,,,,,248.0
B07XF1G4BF,,246.0,,,246.0
B07XF1ZV4L,,,,,49.0
B07XF2K8CD,,,56.0,,
B07XF2SKWP,,,,,39.0
B07XF3864Q,660.0,,,,660.0
B07XF3N95Z,,,,,84.0
B07XF3TD85,56.0,,,56.0,56.0
B07XF95Y7W,,,,,274.0
B07XFGG8XF,,,,,316.0
B07XFJXYMQ,,,,,1038.0
B07XFLXW3S,,,,,2055.0
B07XFMCL68,,,,,101.0
B07XFW5GKH,723.0,723.0,723.0,,723.0
B07XFYK844,,,,,20.0
B07XFZMVZZ,,,,,47.0
B07XG1PLJF,5140.0,,5140.0,5140.0,5140.0
B07XG2XJYB,,26.0,,,26.0
B07XGCWWWC,,,319.0,,
B07XGCY8NY,,,960.0,960.0,960.0
B07XGD2WVJ,,442.0,,442.0,442.0
B07XGD3V4W,,,,1268.0,1268.0
B07XGDBQML,,,436.0,436.0,436.0
B07XGTMQLF,1136.0,,1136.0,1136.0,1136.0
B07XGVX195,1932.0,1932.0,1932.0,,1932.0
B07XGVX19G,,,,,3618.0
B07XGXD5VV,,,,,51.0
B07XH1S874,,,,941.0,941.0
B07XH2VBL2,,,941.0,941.0,941.0
B07XH44X2B,,,993.0,993.0,993.0
B07XH45M64,293.0,,,293.0,293.0
B07XH48157,,,,246.0,246.0
B07XH494VC,,,557.0,557.0,557.0
B07XH4N7B6,,321.0,321.0,321.0,321.0
B07XH4VZFP,,836.0,836.0,836.0,836.0
B07XH52MT9,,,,,44.0
B07XH562Q9,,,118.0,,118.0
B07XH6DX8J,,,242.0,,
B07XH6DX8N,,,,,115.0
B07XHCRGG6,,,,404.0,404.0
B07XHKP1YR,,,,92.0,
B07XHKQ5Z5,,,94.0,,94.0
B07XHP18F9,,,,530.0,530.0
B07XJ766YC,528.0,,,,528.0
B07XJ9WC5J,,,,,41.0
B07XJC2NJF,,,77.0,77.0,77.0
B07XJZC263,,,,,423.0
B07XJZF65D,,,,1214.0,1214.0
B07XJZGPM6,,,,,397.0
B07XKCXQCS,,,,,5631.0
B07XKF2737,265.0,,265.0,265.0,265.0
B07XKWGWPD,5265.0,5265.0,5265.0,5265.0,5265.0
B07XL41TYW,,,,,35.0
B07XL4FWHS,,,1684.0,,
B07XL4VJWG,,,,,409.0
B07XL4W5XK,,,,,214.0
B07XL9X79C,,,1125.0,1125.0,1125.0
B07XLRRCNH,,660.0,660.0,660.0,660.0
B07XLRYGSX,,,,,2.0
B07XLSDZD1,,,,102.0,
B07XLV7X1S,,,111.0,,111.0
B07XM924YM,,,,24.0,
B07XM92FM2,,,,,38.0
B07XM92M47,,,,,28.0
B07XM9GCRX,,,,551.0,
B07XM9HZMH,,,,,6572.0
B07XM9P8KG,4.0,,,,
B07XM9R2MD,,55.0,,,55.0
B07XPF17ZT,5265.0,5265.0,5265.0,,5265.0
B07XPLN9K9,,5265.0,,5265.0,5265.0
B07XPPS82Q,,,,,125.0
B07XPRSCHG,4684.0,,4684.0,,4684.0
B07XPRSCHH,,,,,4684.0
B07XPVPS6Z,30.0,,,,30.0
B07XPWD678,5265.0,,,5265.0,5265.0
B07XQH77JM,,1268.0,,,1268.0
B07XQJ4MHB,,,,,660.0
B07XQJG12P,,1798.0,1798.0,1798.0,1798.0
B07XQJVK4V,1798.0,1798.0,,1798.0,1798.0
B07XQKCX27,,,,,140.0
B07XQKG8L5,,,,108.0,108.0
B07XQM55HZ,506.0,,506.0,,506.0
B07XQQTG64,,,,,139.0
B07XQX2GVJ,,,,,57.0
B07XQXLJFY,,,,,22.0
B07XR2P8D3,,,,,599.0
B07XR3T2BK,137.0,,,,137.0
B07XRG1WC9,,,,,1684.0
B07XRWK1NV,,,,,297.0
B07XRWL8PC,,,,,1624.0
B07XRWX19W,,,,2142.0,2142.0
B07XRWY2PK,,,,,2142.0
B07XRXLCBT,,,,,316.0
B07XRYM5RC,,,1624.0,,1624.0
B07XS92MRZ,,,,,8.0
B07XT173PR,546.0,,,,546.0
B07XTGBM3F,,260.0,,,260.0
B07XTS2Q97,263.0,263.0,263.0,,263.0
B07XTSD5Q4,,,,25.0,
B07XV17SGW,353.0,,,,353.0
B07XV9RBZX,,,,203.0,203.0
B07XVCYCZ6,660.0,,,660.0,660.0
B07XVGMF1C,,,,,26.0
B07XVJRP6P,,,,202.0,202.0
B07XVNTPNC,,,,,9.0
B07XVP6M4B,,,,,81.0
B07XVP8M98,,,60.0,,
B07XVPXQWR,,,,276.0,
B07XVQ3LY3,276.0,,,,276.0
B07XVQ4KTW,,,,,211.0
B07XVSXNY7,,,,118.0,118.0
B07XW1GR83,11.0,11.0,11.0,11.0,11.0
B07XW1WT89,,,11.0,,11.0
B07XW28LSD,,,,120.0,120.0
B07XW2G6N3,,534.0,,,534.0
B07XW2ZBZ3,,1319.0,,,1319.0
B07XW31GDL,1745.0,,,,1745.0
B07XW38TTG,,,,,3664.0
B07XW39GDB,,,,,11.0
B07XW3B3TR,920.0,,920.0,,920.0
B07XXPHQZK,18.0,18.0,18.0,18.0,18.0
B07XXVX5WR,,,944.0,944.0,944.0
B07XY467XF,,,,,3822.0
B07XYBHVHH,13.0,,,,13.0
B07XYBKD7P,,,,1013.0,1013.0
B07XYDM8BD,118.0,,,,118.0
B07XYHQJNQ,,,,,241.0
B07XYHY6YX,,,28.0,,
B07XYNFPVC,,,80.0,,80.0
B07XYQ5W1P,481.0,481.0,,481.0,481.0
B07XYS61PT,,,,,17.0
B07XYS8HP8,10.0,,,,
B07XZCLCXD,,511.0,,,511.0
B07XZRNCVP,,,29.0,,
B07Y1GGBBC,,,,,54.0
B07Y289KLS,,,,,433.0
B07Y2GF3LD,56.0,,,,
B07Y2HBP53,51.0,,,,51.0
B07Y2HK2DG,,,,,44.0
B07Y2J639D,,,122.0,,
B07Y2J6KPM,,,,,58.0
B07Y2J76G1,,,134.0,,134.0
B07Y412CQW,1175.0,,,1175.0,1175.0
B07Y431NHM,,,,,10.0
B07Y46QWNK,,,,,6.0
B07Y4CK293,,,28.0,28.0,28.0
B07Y4NCR9L,371.0,,,371.0,371.0
B07Y4Q4Z35,,,,,26.0
B07Y4QSGZD,,,,,36.0
B07Y4R942N,,,,240.0,
B07Y4RZ253,,,,,211.0
B07Y4SQ91C,138.0,,,138.0,138.0
B07Y4SZ4ND,336.0,,,336.0,336.0
B07Y4TLSZ1,,,35.0,35.0,35.0
B07Y4WBNVW,,,16.0,,16.0
B07Y4WC4SC,,,129.0,,
B07Y4WXMZ8,,6.0,,,
B07Y4XHJGN,23.0,,,,23.0
B07Y4XQ7D1,337.0,337.0,,,337.0
B07Y4Y18SH,182.0,,,,
B07Y4Y4R68,,,,,46.0
B07Y4YQBDG,,,,,136.0
B07Y4YTHFS,,,,12.0,12.0
B07Y4Z71XH,,,32.0,32.0,32.0
B07Y515CK1,,,,145.0,
B07Y51HP7W,188.0,,,,
B07Y51KXC2,,,,,54.0
B07Y52BZ2W,,,26.0,,26.0
B07Y546ZLX,112.0,,,,
B07Y8FBD4Z,3535.0,,,3535.0,
B07Y8FC112,,2118.0,,2118.0,2118.0
B07Y8FXCX1,,,,,638.0
B07Y8G48N7,,,,,3945.0
B07Y8GR1YK,1157.0,1157.0,,,1157.0
B07Y8GSSB2,1157.0,,,,1157.0
B07Y8J3G1T,10296.0,10296.0,,,10296.0
B07Y8RCXHM,,,,,39.0
B07Y8SX5JC,,,33.0,,
B07YB96DPG,2490.0,,,2490.0,2490.0
B07YBCJBG2,,5140.0,,,5140.0
B07YBQN5WZ,,,,2.0,
B07YBRS3L8,,,,,31.0
B07YBSPJGY,357.0,,,,357.0
B07YBWPHCG,,,,349.0,
B07YBX42JC,,,,,271.0
B07YBX4LBB,,,,181.0,181.0
B07YCWKYKL,,,,229.0,229.0
B07YCWYVN9,10170.0,,10170.0,,10170.0
B07YD5687D,,,,,64.0
B07YD5D8BH,,,,36.0,36.0
B07YDB3QSF,,,311.0,,311.0
B07YDDPKVX,,,,,14.0
B07YDH74RD,,1956.0,,,1956.0
B07YDHSSWK,,,,1956.0,1956.0
B07YDHVX4W,894.0,,894.0,894.0,894.0
B07YDHZBFD,1956.0,1956.0,,1956.0,1956.0
B07YDHZBFN,,,51.0,,51.0
B07YDJ64GS,438.0,,,,438.0
B07YDJSCNC,,,,747.0,747.0
B07YDJYXMP,1956.0,,,,1956.0
B07YDJZ777,,,,,45.0
B07YDP9C7M,,,134.0,,
B07YF4VPFJ,,,,,78.0
B07YF5XNCD,,,41.0,,
B07YF8H4LX,1167.0,1167.0,1167.0,1167.0,1167.0
B07YF8YDJT,239.0,,,239.0,
B07YF92HBH,2009.0,2009.0,2009.0,2009.0,2009.0
B07YFBMWR6,5.0,,,,
B07YFTQ8HW,,,,118.0,
B07YFTX714,,,,,13.0
B07YFVJGQR,,,39.0,,
B07YFVMXWC,,,,44.0,
B07YFVRBFF,,,,,15.0
B07YFW7QNK,876.0,,,876.0,876.0
B07YFXT9JL,722.0,,,722.0,722.0
B07YG73Q6P,,289.0,,,
B07YG9X1KR,,,3822.0,,3822.0
B07YHBLXWT,14240.0,14240.0,14240.0,14240.0,14240.0
B07YHBP6NY,,,333.0,333.0,333.0
B07YHDR3KK,,,,,1953.0
B07YHDRRL5,218.0,,,218.0,218.0
B07YHDRRL6,,,,183.0,183.0
B07YHF8KMP,6690.0,,,,6690.0
B07YHF8KN3,549.0,549.0,549.0,,549.0
B07YHF8KN4,,,,,262.0
B07YHFL8QV,388.0,388.0,,388.0,388.0
B07YHFM9Z7,,,838.0,,838.0
B07YHG42VC,388.0,,388.0,,388.0
B07YHG42VG,768.0,768.0,768.0,768.0,768.0
B07YHHGVKQ,213.0,,213.0,,
B07YHJ56FX,,,,6690.0,6690.0
B07YHJ56G3,,,,3739.0,3739.0
B07YHJ56GF,838.0,838.0,,,
B07YHJJYH7,838.0,,838.0,,838.0
B07YHJKCQF,535.0,535.0,,,535.0
B07YHJPF7N,,388.0,388.0,388.0,388.0
B07YHJQ2NT,,,388.0,,388.0
B07YHJQ2P9,,,1953.0,,
B07YHL1S8G,7908.0,7908.0,7908.0,7908.0,7908.0
B07YHL83HW,2624.0,2624.0,2624.0,2624.0,2624.0
B07YHLMLS7,1105.0,1105.0,1105.0,1105.0,1105.0
B07YHLMLSH,,388.0,,388.0,388.0
B07YHLPGLS,,,838.0,,838.0
B07YHLPRHR,243.0,,,,243.0
B07YHMC45J,,,,388.0,388.0
B07YHMR1TP,,4134.0,4134.0,4134.0,4134.0
B07YHMR1V1,,,,,511.0
B07YHNDQPC,,,,,6690.0
B07YHNDQPD,388.0,,388.0,388.0,388.0
B07YHQR4ZM,,,411.0,,411.0
B07YK7J5VM,,,,132.0,
B07YL45VBS,,155.0,,,
B07YL5VK4Z,,,,,99.0
B07YL6KYHH,,,,,21.0
B07YL7Q94P,,4.0,,,
B07YLBMMNM,,,,,13.0
B07YLDJQXL,36.0,,,36.0,36.0
B07YLDP798,49.0,49.0,,,49.0
B07YLGZPG8,,,,,39.0
B07YLH9LLT,,55.0,,,
B07YLPT5H7,,,,,69.0
B07YM29HCD,,240.0,,,
B07YM33B2W,,1053.0,1053.0,,
B07YM429WJ,,794.0,,,794.0
B07YM5MW6M,,142.0,142.0,,142.0
B07YMHHV7C,,50.0,,,
B07YMJ6CYL,,,,,1234.0
B07YMLJWM8,,,240.0,,240.0
B07YMQJPXT,992.0,992.0,,992.0,992.0
B07YMRRFT4,,,,,2857.0
B07YMW17WK,,76.0,,,
B07YN6MT3M,,,,,39.0
B07YN7CBR5,,,45.0,45.0,45.0
B07YNB1QKR,,,,,31.0
B07YNGN3PZ,,,113.0,,
B07YNHZB53,,,197.0,,
B07YNK6872,,137.0,137.0,,137.0
B07YNKZT4N,,,241.0,,241.0
B07YNQTQTQ,,,,56.0,56.0
B07YNY7YN1,,,,,99.0
B07YNZRSF1,,,94.0,94.0,94.0
B07YP1JW47,,,,,158.0
B07YP9S7WC,11.0,11.0,,,
B07YPQRVDY,,,,838.0,838.0
B07YPTW43V,88.0,88.0,88.0,,88.0
B07YPZ6XY6,83.0,,,,
B07YQ6WVJ6,,,37.0,37.0,37.0
B07YQBT7PJ,,,,,7.0
B07YQCZBH8,175.0,,175.0,,
B07YQDB7JJ,,,119.0,119.0,
B07YQTNCVT,,436.0,436.0,,436.0
B07YQTZB67,,,,510.0,510.0
B07YR3YMNH,,,217.0,217.0,217.0
B07YRR58Z7,,,,,768.0
B07YRRJRT4,768.0,,,,
B07YS6JV4F,1766.0,,1766.0,1766.0,1766.0
B07YS9DDF3,,,,,289.0
B07YSGTYLT,,,,,516.0
B07YSNSGVZ,,,150.0,,150.0
B07YSPBD27,,,,278.0,278.0
B07YSTQYGX,,,,,36.0
B07YT5VVKT,6285.0,,,,6285.0
B07YT63FVX,,,,,316.0
B07YT66PSM,,,9457.0,,9457.0
B07YT6BQVH,1779.0,,1779.0,,1779.0
B07YT6F4ZK,41565.0,41565.0,41565.0,41565.0,41565.0
B07YTF87Y4,,,,,16.0
B07YVGV1T4,,,,,41.0
B07YVLTLJB,,,,,5.0
B07YVM6BV8,,,,25.0,
B07YVM8W3Y,,,,,19.0
B07YVMNGB5,,,,,25.0
B07YVN84ZV,,,243.0,243.0,243.0
B07YVNG2LF,,,,,140.0
B07YVT2CQM,,,,,1.0
B07YVV79KK,,,,71.0,71.0
B07YVVWRX9,,,,,35.0
B07YVYQ2NP,,,,,2521.0
B07YWKGNB1,,,231.0,231.0,231.0
B07YX6YYYG,,,,,15.0
B07YX77H5D,,,,,140.0
B07YX9N6FS,,,,,2042.0
B07YX9QRP1,,,,132.0,
B07YXB4F6H,,,,69.0,69.0
B07YXB629V,,10662.0,10662.0,,10662.0
B07YXB85DJ,,,132.0,132.0,132.0
B07YXBJ2X6,,,,,10662.0
B07YXBKHX9,,69.0,69.0,69.0,69.0
B07YXBLY5M,,205.0,205.0,205.0,205.0
B07YXBRKSM,,,,,140.0
B07YXBXXKZ,132.0,,,132.0,132.0
B07YXJM987,,,,125.0,125.0
B07YYPN8LX,,505.0,,505.0,505.0
B07YYPQNWR,,,342.0,,342.0
B07YZ9PZN6,,,,,207.0
B07YZC5C77,1280.0,1280.0,1280.0,,1280.0
B07YZCYKSD,,,99.0,,
B07YZJ8B7L,,,677.0,,677.0
B07YZJPDC9,1770.0,,,,
B07YZK4FJD,,,,,677.0
B07YZK9MC8,,,,,677.0
B07YZKGBM6,,,,,1770.0
B07YZKMKZ7,,,,,677.0
B07YZKQ3JX,,,1770.0,,
B07YZKYGYC,,,,,1770.0
B07YZLC44R,,,,,29.0
B07Z1BWSYX,,,30.0,,30.0
B07Z23T34V,,,12.0,,12.0
B07Z2KJWRF,469.0,,469.0,469.0,469.0
B07Z2X1485,1575.0,1575.0,1575.0,1575.0,1575.0
B07Z43RV7F,757.0,,757.0,757.0,757.0
B07Z46F8LW,,,,596.0,596.0
B07Z4H833K,,,,40.0,
B07Z4HHVY4,,,,,34.0
B07Z4J7HNZ,,,,,45.0
B07Z55ZD3S,,,,,68.0
B07Z5BX74S,,,,4.0,
B07Z5D2963,,,,216.0,216.0
B07Z5KDB5R,,,,,132.0
B07Z5KQRX8,,,184.0,,184.0
B07Z69D5G2,,,,288.0,288.0
B07Z6BC6K6,,,,,4.0
B07Z6BMDKX,,,,,97.0
B07Z6C2R1B,,,,94.0,94.0
B07Z6CH3P3,6.0,,,,
B07Z6CWNPV,,,,,547.0
B07Z6D99Y4,73.0,,73.0,73.0,73.0
B07Z6W16W2,357.0,,357.0,,357.0
B07Z6WH3K6,,,,165.0,165.0
B07Z7PWZ7X,,,,,2857.0
B07Z7T4HFY,,,4.0,,
B07Z861NB6,,579.0,,579.0,579.0
B07Z8CYZQH,11013.0,11013.0,11013.0,11013.0,11013.0
B07Z8JNWM8,,,3682.0,3682.0,3682.0
B07Z8JZ6JY,,,,,401.0
B07Z8RY7V3,163.0,,,163.0,163.0
B07Z8Z6WWW,,,49.0,49.0,49.0
B07Z92VS6S,,,,,105.0
B07Z93G4LY,83.0,,,,83.0
B07Z93GY4L,,,24.0,,24.0
B07Z93HZTT,,,,,68.0
B07Z946QG7,,,,,74.0
B07Z99XRWL,,,,,179.0
B07Z9P8G8B,,41.0,41.0,41.0,41.0
B07Z9PXPBF,164.0,,,,164.0
B07Z9QH8BC,,,,318.0,
B07Z9SCS58,,,,,119.0
B07Z9Y4M3C,,,,,8123.0
B07ZBNWG1L,3055.0,3055.0,3055.0,3055.0,3055.0
B07ZC8BPYW,,,,,81.0
B07ZDD3D7D,992.0,,992.0,,992.0
B07ZDDLWF9,,,,51.0,
B07ZDDNC69,,,110.0,,
B07ZDDNLXL,,,,,45.0
B07ZDL4DWF,,,,,8.0
B07ZFZX6BN,,,415.0,,415.0
B07ZG3MKWL,,,,,2857.0
B07ZG3ZQPX,,,,,2857.0
B07ZG4GGBY,,,,2857.0,2857.0
B07ZG56BDG,,,,,103.0
B07ZG7D8M2,2750.0,,,,2750.0
B07ZG7DTVC,,,,,2750.0
B07ZGD3V62,,,,,118.0
B07ZGF7CQ2,,,1583.0,,1583.0
B07ZGF7NSB,,,568.0,,568.0
B07ZHBWTY7,2229.0,2229.0,,2229.0,2229.0
B07ZHKPZ41,,,,109.0,109.0
B07ZHLNWX7,,,4000.0,,4000.0
B07ZHP62LL,,,,,28.0
B07ZHPT5BH,,,,73.0,73.0
B07ZHQ8F3H,,,,,44.0
B07ZHR2ZJ8,,2857.0,,,
B07ZHWSNV9,,48.0,,48.0,48.0
B07ZHWT167,,,,59.0,59.0
B07ZHWTPFK,,,,46.0,46.0
B07ZHWXYQZ,,41.0,41.0,41.0,41.0
B07ZHWZB6M,17.0,,,,
B07ZHX2CQV,,,40.0,40.0,40.0
B07ZHX7GBB,,,29.0,,29.0
B07ZHXFH8V,,,,,8.0
B07ZJ27T4Y,1919.0,1919.0,,1919.0,1919.0
B07ZJ82DFL,2522.0,,,,2522.0
B07ZJFJ2WL,,,,,19.0
B07ZJKTPQ4,328.0,328.0,,,328.0
B07ZJL5VNS,41.0,41.0,41.0,41.0,41.0
B07ZJSNVFK,,,,,21.0
B07ZJTQY6K,,,,,2672.0
B07ZJW7Y3G,,,,,2857.0
B07ZK2WHW8,,2.0,,,
B07ZKTD8T8,,,,,122.0
B07ZL56NS7,,258.0,,,258.0
B07ZLF9XQH,,,,,121.0
B07ZLFKHR2,,26.0,,,26.0
B07ZLFQGT2,19.0,,,,
B07ZMKBBV8,409.0,,,409.0,409.0
B07ZPC8W7B,,,,,237.0
B07ZPDCDJL,,,,,389.0
B07ZPDDVXV,,,,139.0,139.0
B07ZPDWK77,,,,,237.0
B07ZPFMJVX,,,,,33.0
B07ZPNLDYG,,1514.0,,1514.0,1514.0
B07ZPR1XJW,225.0,,225.0,,
B07ZPW2C2G,596.0,,,,596.0
B07ZPW3X4Y,,,,,317.0
B07ZPWGSFQ,,,,,73.0
B07ZQNQDZD,,,,369.0,
B07ZQVLPJM,508.0,,508.0,508.0,508.0
B07ZQVQ6FX,,,,,8.0
B07ZQVQLWC,8.0,,,,
B07ZQVRTSR,,,,,8.0
B07ZQW6XBL,,,,,13.0
B07ZR3TSJG,59.0,,,,
B07ZS44JF7,,,,,1126.0
B07ZS9H16N,,403.0,,,403.0
B07ZS9JTHX,,,,403.0,403.0
B07ZSBW182,,,,188.0,188.0
B07ZSC2MPN,,,,,423.0
B07ZSC8HLD,,,,,188.0
B07ZTBLZ2M,93.0,,,,93.0
B07ZTCMNRF,,93.0,,93.0,93.0
B07ZTXWFCD,,,,,7.0
B07ZTY1M1P,,251.0,,,
B07ZVSLYKL,1538.0,,,,1538.0
B07ZVYWM7T,987.0,,987.0,987.0,987.0
B07ZWFYN5T,1276.0,1276.0,,1276.0,1276.0
B07ZWJTP8X,,1583.0,1583.0,,1583.0
B07ZWJV21W,948.0,,948.0,948.0,948.0
B07ZWM9N29,736.0,,736.0,,736.0
B07ZY6QJK3,,,,,18.0
B07ZZFYNKL,2809.0,2809.0,2809.0,2809.0,2809.0
B07ZZFZQV7,32.0,,,32.0,32.0
B07ZZMNNZ6,,,,,352.0
B07ZZN3T2S,,,352.0,352.0,352.0
B07ZZQ1VSP,516.0,516.0,516.0,516.0,
B07ZZQNRJX,68.0,,,,
B07ZZRGKL9,,2229.0,,2229.0,2229.0
B07ZZSCZ85,455.0,,,,455.0
B07ZZTL4RD,9232.0,9232.0,9232.0,9232.0,9232.0
B07ZZTTW19,9876.0,,,,9876.0
B07ZZV27PJ,9232.0,9232.0,9232.0,9232.0,9232.0
B07ZZV3VQD,442.0,442.0,442.0,442.0,442.0
B08121D8YD,,,,1766.0,1766.0
B08129D1RX,,,,,305.0
B0813DB98Y,488.0,,,,488.0
B0813F2WRN,61.0,,,,
B0813FNQS6,,,19.0,,
B0813G5TNV,,,,,37.0
B0813ZYW2W,,,664.0,,
B08149FWK3,,,,,1101.0
B08149L6RX,,,1941.0,1941.0,1941.0
B0814B2RYQ,2271.0,2271.0,,,2271.0
B0814TBQGM,,,,37.0,37.0
B08165TGTM,,,242.0,242.0,242.0
B08176YF8G,3183.0,3183.0,3183.0,3183.0,3183.0
B08178Q9XF,,312.0,,312.0,312.0
B081795PQC,,,3183.0,3183.0,3183.0
B0817GC5MS,,,,312.0,312.0
B0817J7BY7,,,,35.0,35.0
B0817KHM4L,,9.0,,,
B081B3HRN4,,,,3351.0,3351.0
B081BNS6DK,3183.0,3183.0,,3183.0,3183.0
B081BP9J39,398.0,398.0,,,398.0
B081D5P3K6,685.0,,,685.0,685.0
B081D6B8NB,537.0,,537.0,537.0,537.0
B081D7YCB2,,,,,1706.0
B081D8L7S5,,,,,4002.0
B081D9BD6C,,,,,795.0
B081D9NJVQ,,,,,23.0
B081DB37VJ,,,41.0,,
B081DB7PB1,,,,,399.0
B081DC59H7,,,126.0,,126.0
B081DG3MRM,,,,,102.0
B081DJ83L5,,,,38.0,
B081DKBGV9,,,,,43.0
B081DQTSJ8,,,,,76.0
B081FDN8J9,,,,164.0,164.0
B081FDP236,,88.0,,,88.0
B081HH1D9C,,20.0,,20.0,20.0
B081HQYBJ5,595.0,,595.0,,595.0
B081HRHZJ4,,,,,60.0
B081HW7HFZ,,,,,26.0
B081HXP87F,,,,,33.0
B081HZ2FZX,,,,,2988.0
B081J3DR6Z,,,,,118.0
B081J9DX52,,39.0,,39.0,39.0
B081K9SKZT,1174.0,,,,1174.0
B081KGJX3K,647.0,,647.0,647.0,647.0
B081KGV81R,,692.0,,,
B081KH2TVB,433.0,433.0,433.0,,433.0
B081KH6RH2,671.0,,,,671.0
B081KH7WRY,,,1470.0,,1470.0
B081KHK72J,7289.0,7289.0,7289.0,7289.0,7289.0
B081KJ49D6,,,,,93.0
B081KMCB8X,,164.0,164.0,,164.0
B081KWXJ9Y,,,,,199.0
B081KZMCRY,,,,,199.0
B081N6G8SC,,3926.0,,,
B081NQK33B,,,,,93.0
B081NRC2TH,,,,,32.0
B081NRPZ7N,56.0,,,,
B081NSMHL4,,,,,975.0
B081NSMM1Y,,,,93.0,93.0
B081NSNKC8,80.0,,,,80.0
B081NSS2NL,,,182.0,,182.0
B081NTB391,,,90.0,,90.0
B081NTLMTC,,,47.0,47.0,47.0
B081NTM1T2,,,,,49.0
B081NVBL2J,135.0,,,135.0,135.0
B081P28B9K,,,,28.0,28.0
B081P3K1HS,,,,,45.0
B081P3P5HW,,,,,73.0
B081P3TSR1,,73.0,73.0,73.0,73.0
B081P6F1L5,61.0,,61.0,61.0,61.0
B081P7J3QX,,,,49.0,49.0
B081P88R7S,,,,98.0,98.0
B081P8Z62V,,,92.0,,92.0
B081P91XWL,,,,31.0,31.0
B081PBWGNR,,,,,53.0
B081PBX5T4,,,,,45.0
B081PCXNJZ,,,,33.0,33.0
B081PGJWDZ,,,,160.0,160.0
B081QNRX7M,,,,,33.0
B081R8BDT7,,30.0,,,
B081S4W8FX,23.0,,,,
B081S5CSJH,,,1624.0,,
B081S5LX6V,,,,,130.0
B081S8JFD5,,297.0,,,
B081SBXNR1,,,,,1673.0
B081SHVPTR,,,,,171.0
B081SKLR2J,,,171.0,171.0,
B081SL1BV4,,,87.0,,
B081SL735Z,,,,68.0,
B081SLQ4HX,,,129.0,,
B081TBR5LR,,,438.0,,438.0
B081TC4VWZ,,,,,189.0
B081VD6R8G,,,,,788.0
B081VFPLVC,,,,22.0,
B081ZC5BKS,2481.0,2481.0,2481.0,2481.0,2481.0
B081ZCQV6G,2629.0,,2629.0,2629.0,2629.0
B081ZDFSQG,1047.0,,,,
B081ZDW2JC,775.0,775.0,,775.0,775.0
B081ZDW2JN,,,,357.0,357.0
B081ZLMMQ9,369.0,,369.0,369.0,369.0
B081ZQH733,,,708.0,708.0,708.0
B08217L7MT,1024.0,,,1024.0,1024.0
B0821NVLBM,,,70.0,,
B0822MKCSY,24384.0,24384.0,24384.0,,24384.0
B0822ML7Q1,,2835.0,,,2835.0
B08232KQHC,,524.0,,,524.0
B08232NVXQ,,524.0,524.0,,524.0
B08232NVXR,,524.0,,,524.0
B08232VZBR,,,,524.0,
B0823XYY4D,,,,,1137.0
B0824BS8D6,,,,,41565.0
B08256LYTM,,,,,3436.0
B08265QG32,,,,168.0,168.0
B08284396Q,,,,465.0,
B08284L1L5,,465.0,,,465.0
B08284Q9MF,,,,,465.0
B082851FZT,,,,,465.0
B082854JLX,,,,,499.0
B082854NX5,465.0,,,,
B08287H6DL,73.0,73.0,,73.0,
B08287WVLW,170.0,,,,170.0
B082885T7T,748.0,,,748.0,748.0
B08288FJBJ,,,9.0,,
B082952ZQS,,,847.0,,
B082963N7R,,,847.0,,847.0
B082965B6F,847.0,,,,
B0829H3Q5M,,294.0,,294.0,294.0
B0829H696V,28.0,,,,
B0829PR6XX,1522.0,,,,
B0829PY211,2538.0,2538.0,,,2538.0
B0829PZH7X,2538.0,2538.0,2538.0,2538.0,2538.0
B0829Q58GP,,,944.0,944.0,944.0
B0829Q5D8Q,1522.0,1522.0,,1522.0,1522.0
B0829Q817S,2538.0,,2538.0,2538.0,
B0829QBMGX,1522.0,1522.0,1522.0,1522.0,1522.0
B082BCLD3C,,,,45.0,45.0
B082BHKBNX,69.0,,,,
B082BHL4Q4,,,88.0,88.0,88.0
B082BJ1Q8H,88.0,,,88.0,88.0
B082BJ5BNV,,,,2058.0,2058.0
B082BJNDHT,88.0,88.0,,,88.0
B082BJNDJL,,,,,299.0
B082BJNDKR,88.0,,88.0,,88.0
B082BJNRTN,80.0,,,,80.0
B082BJNYNR,,,,,8749.0
B082BJRCMZ,88.0,,88.0,,88.0
B082BJVNF5,88.0,88.0,,88.0,88.0
B082BJXZP6,88.0,,,88.0,88.0
B082BJZDLZ,465.0,,,465.0,465.0
B082BK2R53,,424.0,424.0,424.0,424.0
B082BK3WB7,,,,465.0,465.0
B082BK5QYR,,271.0,,,271.0
B082BK6FJC,,8749.0,,8749.0,8749.0
B082BK8F6W,,,,,88.0
B082BK8TMR,,,,,88.0
B082BKDSK1,,88.0,88.0,,88.0
B082BKDSK2,,,,88.0,88.0
B082BKDSK4,8749.0,8749.0,,8749.0,8749.0
B082BKFQNG,,,,310.0,310.0
B082BNX3RN,,,,,212.0
B082BPQNCM,,,,,589.0
B082DG51WF,79.0,,79.0,79.0,79.0
B082DG6LLV,,,,,144.0
B082DGBDKZ,,4996.0,4996.0,4996.0,
B082DGTQ8X,,,,,4996.0
B082G1L5ML,,,58.0,58.0,58.0
B082G1SX9Y,,47.0,,47.0,47.0
B082JRQLJ2,53.0,,,,
B082JYQNHC,197.0,,,197.0,
B082K26CJV,,,133.0,,133.0
B082K6DWL8,2490.0,,2490.0,2490.0,2490.0
B082KXP3GC,1819.0,,,1819.0,1819.0
B082L4FKNV,,30.0,,30.0,30.0
B082M2R7TG,,,,,53.0
B082MLZCV5,1346.0,,,,
B082MRF6TZ,,,,,12.0
B082MSFVJL,,,,,21.0
B082MV5J91,,,,20.0,20.0
B082N3M7MW,,,,,58.0
B082NT6M6Y,,,,,19.0
B082NW9DRK,,,21.0,21.0,21.0
B082NYR4X6,186.0,186.0,,,186.0
B082P83Y2S,,,322.0,,322.0
B082PN11ZQ,3.0,,,,
B082PWRZCW,,,,,34.0
B082PWVF61,,,,,56.0
B082PX8MDF,,,64.0,,64.0
B082Q511CV,,,158.0,158.0,158.0
B082QJD3Z5,,,,1060.0,1060.0
B082QJDP56,,,1060.0,,1060.0
B082QJG3MQ,1060.0,,,1060.0,1060.0
B082S4Y7ZM,,,11.0,,11.0
B082S63FHM,,11.0,,11.0,11.0
B082TG96JY,955.0,955.0,955.0,955.0,955.0
B082TGD59B,,,1238.0,1238.0,1238.0
B082THH122,,359.0,,359.0,359.0
B082VDW9VV,,,,,32.0
B082VKQLQL,3535.0,,3535.0,3535.0,3535.0
B082VN1HGZ,42.0,,,,
B082VYRXRG,80.0,,,,80.0
B082VYTQ7M,,,,,576.0
B082W936TV,,,159.0,,159.0
B082WYB447,,,,,432.0
B082WZGT2F,852.0,852.0,852.0,852.0,852.0
B082WZJ69R,5209.0,5209.0,5209.0,5209.0,5209.0
B082WZS4PV,1076.0,1076.0,1076.0,1076.0,1076.0
B082WZTJV5,42173.0,42173.0,42173.0,42173.0,42173.0
B082XGD3LT,,,,,188.0
B082XHH2GR,,,,,5.0
B082XK1L87,,,,,102.0
B082XXTKJ4,,,129.0,,
B082XXVLTY,,,,,105.0
B082XXYDB5,,,1600.0,1600.0,1600.0
B082YFYGMR,,,,,205.0
B082YGYZMZ,,,,,583.0
B082YH47C2,3815.0,3815.0,3815.0,3815.0,3815.0
B082YHG1P8,1789.0,1789.0,1789.0,1789.0,1789.0
B082YK3NYZ,,,345.0,345.0,345.0
B082YRD1TN,,,,,389.0
B082YRSKK7,389.0,,,,
B082YSDGYH,35.0,,,,35.0
B082YSNCTY,,,,,114.0
B082YSRPPH,,,,86.0,
B082YTGQXW,5333.0,5333.0,5333.0,5333.0,5333.0
B082YV6JMC,,29.0,,29.0,
B0831JJ4VW,,,,,434.0
B08333KHTB,,,,,27.0
B0833GPZ5D,,,,,502.0
B0834BM7NS,3.0,,,,
B0834HJX8K,,,23.0,,23.0
B0834Y3374,1609.0,1609.0,1609.0,,
B0834YQNVQ,2417.0,,,,2417.0
B0834YRC8B,788.0,788.0,,788.0,788.0
B0834YT1L4,,383.0,,,383.0
B0834YXRMQ,,,,,2417.0
B08357P1BR,,,,,1479.0
B0835T9PCR,27161.0,27161.0,,,27161.0
B08363ZP2D,,215.0,215.0,215.0,215.0
B08368HKW3,,,247.0,,247.0
B0836MJZ3Z,,,,,232.0
B08371D6BL,3010.0,3010.0,3010.0,3010.0,3010.0
B08371D6C4,,,,144.0,144.0
B08371FH2N,,255.0,255.0,255.0,255.0
B08371K352,,,2504.0,2504.0,2504.0
B08371K353,,7908.0,7908.0,7908.0,7908.0
B08371KCGS,2504.0,,2504.0,2504.0,2504.0
B08371KCH6,,,,6690.0,6690.0
B08371KCH7,,,6690.0,6690.0,6690.0
B08371M2DR,3010.0,3010.0,3010.0,3010.0,3010.0
B08371M2DS,2504.0,,2504.0,,2504.0
B08371M2FM,,6690.0,6690.0,6690.0,6690.0
B08371QBX1,6690.0,,,6690.0,6690.0
B08371XGTF,3010.0,,3010.0,3010.0,3010.0
B08371YS74,,2504.0,2504.0,2504.0,2504.0
B08371ZDZV,6690.0,6690.0,6690.0,6690.0,6690.0
B083721ZGX,328.0,328.0,328.0,328.0,328.0
B083722212,581.0,,,581.0,581.0
B08372273V,7908.0,,,7908.0,7908.0
B083722P9K,294.0,294.0,294.0,294.0,294.0
B083724KFD,610.0,,610.0,610.0,610.0
B083724KG1,,7908.0,7908.0,7908.0,7908.0
B083724KG2,392.0,,392.0,392.0,392.0
B0837297H7,6690.0,6690.0,6690.0,6690.0,6690.0
B08372C6N4,2504.0,,,2504.0,2504.0
B08372DGX7,,,6690.0,6690.0,6690.0
B08372GCC7,,,2504.0,,2504.0
B08372GNJ7,2504.0,2504.0,2504.0,2504.0,2504.0
B08372SFYF,,230.0,230.0,230.0,230.0
B0837KJB82,,,,,69.0
B0837KPXTV,,1463.0,,,
B0837NN48J,227.0,227.0,,227.0,
B0837NSM9J,227.0,,,,
B0837ZLMC5,,191.0,,,191.0
B08382K3B4,,,,,616.0
B083B5ZM7X,,,,,134.0
B083B75NXG,999.0,999.0,999.0,999.0,999.0
B083B83JVC,1550.0,,,1550.0,1550.0
B083B8GRKK,2375.0,,,,2375.0
B083BKVG1M,1782.0,1782.0,1782.0,1782.0,1782.0
B083CC15RK,,,,,91.0
B083CCF5TS,,,,,231.0
B083CCF5TT,,,,42.0,42.0
B083CCFW92,,,,,69.0
B083CCGBYJ,,,,,2057.0
B083CCGBYM,,,218.0,,218.0
B083CCGDSV,175.0,,,,175.0
B083CCPNDT,,,,72.0,
B083CCQTXD,,21.0,,,
B083CCSC1T,,,,,56.0
B083CCZMRG,122.0,,,,
B083CD2Q6X,,2175.0,2175.0,,2175.0
B083F2C61Q,48.0,,,,
B083F2D2BW,,,,,48.0
B083F2YRMC,,,,48.0,
B083F4PC73,,,,,1151.0
B083GKHX8D,,,48.0,,48.0
B083GKM9WK,,,,141.0,141.0
B083J1S6Z5,12.0,,,,
B083JK13DH,2267.0,,,,2267.0
B083JKDVX6,1000.0,1000.0,1000.0,,1000.0
B083JLYQCY,2560.0,,2560.0,2560.0,2560.0
B083JRTPVX,,,,914.0,914.0
B083JSQP7T,914.0,914.0,914.0,,914.0
B083JSWV1Q,1079.0,1079.0,,1079.0,1079.0
B083JT5T7Q,,,2201.0,2201.0,2201.0
B083JTTBVK,2201.0,,2201.0,,2201.0
B083JXC7KL,3858.0,3858.0,3858.0,,3858.0
B083JZHH2X,,,2197.0,,
B083KM6K6Q,1158.0,,,,1158.0
B083KMV62V,3327.0,3327.0,3327.0,3327.0,3327.0
B083KN1YCW,3327.0,,3327.0,,3327.0
B083L4B6X3,,3532.0,3532.0,3532.0,3532.0
B083L7K8FX,,908.0,908.0,,908.0
B083L82JYD,378.0,,,,378.0
B083L9RK6N,3532.0,3532.0,,,3532.0
B083LCQ29G,,,,,1381.0
B083LHBS2C,,264.0,,264.0,264.0
B083LJVF6Y,1151.0,,,,1151.0
B083LMCCFT,3421.0,3421.0,,,3421.0
B083LX1NH9,,,229.0,,229.0
B083M7VPCL,,,,,411.0
B083M7WZBZ,,,3421.0,3421.0,3421.0
B083M8K92W,,,705.0,705.0,705.0
B083MLYZDT,,,,,507.0
B083MM9CT5,,,507.0,,
B083MMDJK9,,507.0,,,507.0
B083MMT9RM,,,,,49.0
B083MN322N,507.0,,,,
B083MN5JSP,507.0,,,,
B083N25XG9,,,,534.0,
B083P5K7BN,,,,3012.0,3012.0
B083PWBNVD,1273.0,1273.0,1273.0,1273.0,1273.0
B083PWSQW4,55.0,,,,
B083PXFX7G,,,,,43.0
B083Q1VCCX,1562.0,1562.0,,1562.0,1562.0
B083QLPZJP,,183.0,,,183.0
B083QM2BXK,,112.0,,,112.0
B083QMBR8M,,,,,54.0
B083QZ7HWX,1057.0,,,1057.0,1057.0
B083R2CC2W,,948.0,,,948.0
B083R2K68J,1276.0,,1276.0,1276.0,1276.0
B083R36WRF,1583.0,1583.0,1583.0,1583.0,1583.0
B083RH5VJL,,,,,714.0
B083RN2F3B,483.0,,,483.0,483.0
B083RNJC9F,,518.0,518.0,518.0,518.0
B083TXH2WV,583.0,,,,
B083TXNR99,1502.0,1502.0,1502.0,,1502.0
B083TXV7TD,,583.0,,,
B083TXZ4L3,,,,,583.0
B083TY1LNC,,,,2522.0,2522.0
B083TY689J,,,,,583.0
B083TY8N7Q,2191.0,2191.0,2191.0,2191.0,2191.0
B083TYC3CP,,,583.0,,583.0
B083TYF5XD,,,,583.0,583.0
B083TYRPR9,,,,,144.0
B083TYWFBL,,,,,583.0
B083TYYPG2,,,,,583.0
B083V4VHLQ,,,915.0,915.0,915.0
B083V6HJ5X,528.0,,528.0,528.0,528.0
B083V6K3R8,,,528.0,,528.0
B083V6QJRZ,,,,528.0,528.0
B083V6ZGKS,929.0,929.0,929.0,929.0,929.0
B083V7LC1J,,,,,528.0
B083VNRZM7,,,,551.0,551.0
B083VTWSFP,,43.0,,,
B083W1JQB3,,,61.0,61.0,61.0
B083W4C98G,,,,,30.0
B083W4JZ24,,,34.0,,
B083W4LV7X,,4791.0,4791.0,4791.0,4791.0
B083W4N1VD,4791.0,4791.0,4791.0,4791.0,4791.0
B083W4SC4K,,,,56.0,56.0
B083W4TFMP,4791.0,4791.0,4791.0,,4791.0
B083W5G8WZ,,,,4791.0,4791.0
B083W5RMR5,4791.0,,4791.0,4791.0,4791.0
B083W5RMR6,,4791.0,,4791.0,4791.0
B083W5VXPM,,,,,4791.0
B083W5X2GB,4791.0,4791.0,,4791.0,4791.0
B083W5XPDN,4791.0,,4791.0,4791.0,4791.0
B083W5Y2X4,,,4791.0,4791.0,4791.0
B083W611VQ,,,4791.0,,4791.0
B083W61DLG,4791.0,4791.0,4791.0,4791.0,4791.0
B083W6B28C,,4791.0,4791.0,4791.0,4791.0
B083WBMVDC,,4791.0,4791.0,4791.0,4791.0
B083WBMVDD,,4791.0,4791.0,4791.0,4791.0
B083WNHM9D,,,95.0,,
B083WNX3MQ,1381.0,,,,1381.0
B083X4XRZT,566.0,,566.0,566.0,566.0
B083X5KNHX,,134.0,,,134.0
B083XFM9B7,3212.0,3212.0,3212.0,3212.0,3212.0
B083XGC23W,367.0,,,,367.0
B083XJ418D,440.0,,440.0,,440.0
B083XMH4FD,278.0,,,278.0,
B083XTCG73,64.0,,,,64.0
B083XTFPZL,,,,,47.0
B083XTG3BQ,,,,,23.0
B083XTK59Y,,,56.0,56.0,56.0
B083XVJKY1,324.0,324.0,,,324.0
B083XVLRSF,,,,114.0,114.0
B083YGP71Z,,1561.0,1561.0,1561.0,1561.0
B083ZGWRDG,,,,,131.0
B083ZJQ6N9,,,,,79.0
B083ZJZ29H,,,100.0,,100.0
B083ZK7S55,,166.0,,166.0,166.0
B083ZKDMSR,,,,23.0,
B083ZKJHGD,31.0,,,,
B083ZKQM64,,,,,96.0
B083ZKZJ6S,,,68.0,,
B083ZL3P73,,10.0,,10.0,10.0
B083ZM8PBP,,,,10.0,10.0
B083ZMBYV7,,10.0,10.0,10.0,10.0
B083ZMD8HD,,,,10.0,10.0
B083ZMT9CH,,10.0,,,10.0
B083ZMW5T3,10.0,10.0,10.0,10.0,10.0
B083ZN29D7,,,,,10.0
B083ZN643M,,,10.0,10.0,
B083ZX1HZC,1919.0,1919.0,,1919.0,1919.0
B08412BDKL,771.0,,771.0,771.0,771.0
B08414KR7J,,,,,211.0
B08414NBKV,296.0,296.0,,296.0,296.0
B08414W9ZH,,309.0,,,309.0
B0841HQX5H,479.0,,,,
B0841HZWP7,471.0,,,471.0,471.0
B0842Z2B4X,,112.0,,,
B0842Z7PG4,,,,,72.0
B08436TV8X,,,,,41.0
B08439XCXK,446.0,,,,
B0843B6B81,119.0,,,,
B0843BQTT4,,,930.0,,930.0
B0843GZ7X7,,,,,403.0
B0843GZGJK,,,,64.0,64.0
B0843GZPSX,,,,,5.0
B0843H54LG,,,,,642.0
B0843HFY12,,,,65.0,65.0
B0843HG7JQ,1248.0,1248.0,1248.0,,1248.0
B0843HH4GW,21368.0,,21368.0,,21368.0
B0843HHBQS,,,,,56.0
B0843HHBQT,236.0,,,236.0,236.0
B0843HJ22Z,1757.0,1757.0,1757.0,1757.0,1757.0
B0843J134R,287.0,,,,287.0
B0843J5HFN,,,,,13.0
B0843JCQZV,1248.0,1248.0,,,
B0843K9L9S,,212.0,212.0,,212.0
B0843PPSQ4,,,,,446.0
B0843PTBT6,986.0,,986.0,986.0,986.0
B0844BCS4D,,,,,74.0
B0844FX27V,,,390.0,390.0,390.0
B0844GWKVK,,,,,2902.0
B0844R2BSR,2902.0,,2902.0,,2902.0
B0844R4PY7,2902.0,2902.0,2902.0,,2902.0
B0844RTG9X,,,297.0,,297.0
B0845CF7F7,2091.0,,2091.0,,2091.0
B0845CJ7SK,,,,,2091.0
B0845CLKZ4,,,,,2091.0
B0845CQCYZ,2091.0,2091.0,2091.0,2091.0,2091.0
B0845CQQM7,2091.0,2091.0,2091.0,,2091.0
B0845CSTCH,,2091.0,,,2091.0
B0845NTYD9,,39.0,39.0,39.0,39.0
B0845Q9VPV,,,97.0,97.0,97.0
B0845QRVKS,,,,,152.0
B0845ST7YW,,,,5.0,
B0845T4R1Y,10662.0,,,10662.0,10662.0
B0845XYM4L,,,,,152.0
B0845YPSM5,,,,,27.0
B08461Z9HS,45.0,,,,45.0
B084633874,111.0,111.0,,111.0,111.0
B08469XX6J,,,,,367.0
B0846DZTQD,,,,22.0,22.0
B0846KXL86,332.0,,332.0,,
B0846KZ48V,,,,,407.0
B0846PQYKK,2189.0,,2189.0,2189.0,2189.0
B0846PRF8C,731.0,,731.0,731.0,731.0
B0846TWZZH,,573.0,,,573.0
B08476R153,,,,,32.0
B084771XG7,,,,41.0,41.0
B08477C5HL,,,48.0,48.0,48.0
B0848DFQ6Z,1887.0,1887.0,,,1887.0
B0848FWTW1,,,853.0,853.0,853.0
B0848GMM7P,,,,,26.0
B0848LL24L,,421.0,421.0,,421.0
B0848LM1CY,,,10662.0,,10662.0
B0848N61MF,65.0,,,,65.0
B0849H4VBT,3858.0,,,3858.0,3858.0
B0849HJ2Q6,,,263.0,,263.0
B0849JFXSG,,,318.0,,318.0
B0849JGCD5,,,,26.0,
B0849JGFR8,,,,,183.0
B0849JW97R,,,,,80.0
B0849K6BVW,,,,,54.0
B0849KKHGP,,,,313.0,
B0849KXJQP,,,,,796.0
B0849L3ZSY,657.0,,,657.0,657.0
B0849PNMXZ,,,,27.0,27.0
B0849Q9M1L,,,107.0,107.0,107.0
B0849RDXML,,,,,31.0
B084BJR1P7,,,,,305.0
B084BKT6LG,,,,,438.0
B084C5R1X7,,,31.0,,
B084CTW7T8,,,,,392.0
B084CYHRWW,,,,,528.0
B084CYMBJ1,1505.0,,1505.0,1505.0,1505.0
B084D1KHX7,,,,,25.0
B084D2165G,10314.0,,,,10314.0
B084D789D9,,,,89.0,89.0
B084DCK291,,,,,9.0
B084DCSBX2,3004.0,,,3004.0,3004.0
B084DVYTZ9,,,,,920.0
B084DW1VZM,1048.0,1048.0,1048.0,1048.0,1048.0
B084DW8385,,,,,135.0
B084G2D2DX,,471.0,471.0,,471.0
B084G2GWKZ,,,,,50.0
B084G2GWL2,,,268.0,,268.0
B084G2KNJP,,,317.0,317.0,317.0
B084G2MC92,,,,,44.0
B084G2P1R1,,471.0,471.0,,471.0
B084G2P1R2,155.0,,,,155.0
B084G2YZQW,,147.0,,147.0,147.0
B084G2ZRCS,,,,,69.0
B084G323QK,,,,9.0,9.0
B084G351FD,,,76.0,76.0,
B084G8WZFS,,,3012.0,,3012.0
B084GGX153,,,,,19.0
B084GYTWB2,,,,30.0,30.0
B084H3H899,,,,,21.0
B084H3HRXJ,194.0,,,,194.0
B084H3NCQG,191.0,,,,
B084H3QC6Z,,,,,173.0
B084H61MGT,,,436.0,436.0,436.0
B084JBP6C5,,,293.0,293.0,293.0
B084JBW4NK,,372.0,,,372.0
B084KSGPXN,,3012.0,,,3012.0
B084KW77P1,578.0,,,,578.0
B084L2P3YG,147.0,,,,
B084L3P4X2,168.0,,,168.0,168.0
B084LFPY1D,,,,,101.0
B084LKDHQJ,,,,,519.0
B084LL541C,,,,,25.0
B084LL9LN4,,,,,140.0
B084LL9LN6,,,,,18.0
B084LLK3H8,15.0,,,,
B084LMXGJ2,675.0,675.0,,,675.0
B084LMZGBJ,,,,,675.0
B084MDRPPJ,,159.0,,159.0,
B084MDWM48,,,,806.0,
B084NM1WRM,,,5.0,,5.0
B084P51PYP,,,,,33.0
B084PJZ7JH,3822.0,,,,3822.0
B084PK13J1,3822.0,,,,
B084PYPMWZ,8032.0,8032.0,8032.0,8032.0,8032.0
B084PZDBXF,451.0,451.0,,451.0,451.0
B084Q2QSFW,8032.0,8032.0,8032.0,8032.0,8032.0
B084Q6GNX8,,,,678.0,678.0
B084Q7YMK6,,120.0,120.0,,120.0
B084Q9LYHD,113.0,,113.0,113.0,113.0
B084R5M74F,,,,,33.0
B084RG52GQ,,,,,52.0
B084RQJBYS,,,,,110.0
B084RS46Q3,,204.0,204.0,204.0,204.0
B084RSMQ45,467.0,,467.0,,467.0
B084RSYHQ8,467.0,,,,467.0
B084RSYNKY,,435.0,,,435.0
B084SF2NCR,,,,,252.0
B084SF82XX,,,,105.0,105.0
B084SVGYGB,,,,,22.0
B084TFPNTZ,,,,1173.0,1173.0
B084THYZF6,,,,,354.0
B084TMTC6Q,4615.0,4615.0,4615.0,4615.0,4615.0
B084TMY9HC,1507.0,,,,
B084TNFB9N,4615.0,4615.0,,4615.0,4615.0
B084TNHNF6,,,,,1507.0
B084TNN1KT,1507.0,1507.0,,1507.0,1507.0
B084TNNWF8,,,,115.0,
B084TNNWRY,,1507.0,1507.0,1507.0,1507.0
B084TPK3WY,1322.0,1322.0,1322.0,1322.0,1322.0
B084VJZ25G,,53.0,,,53.0
B084VK3RFC,,,,,33.0
B084VKJSW9,,,,,265.0
B084VM9XXP,,,,,139.0
B084VMBL8W,,,,,13.0
B084VMDCYN,,,,,12.0
B084WTX5RK,,386.0,,,
B084X5GGCJ,442.0,,,442.0,442.0
B084X7Y42Q,,25.0,,,
B084X7YQG5,,,,,67.0
B084X9WZVL,,,,,136.0
B084XP7KK8,100.0,,,,
B084XPF9KC,,,,,139.0
B084XPFNK4,,,,1075.0,1075.0
B084XPH369,963.0,,963.0,,963.0
B084XPJLQR,,,,,675.0
B084XPJX5M,675.0,675.0,675.0,,675.0
B084XPRYNK,91.0,,,,91.0
B084YYBQN8,,,527.0,,527.0
B084Z3N6WG,,,,116.0,116.0
B084Z6NS6Y,,,246.0,,246.0
B084ZJLKC5,,,,,26.0
B084ZK4GLX,,,,,102.0
B084ZW23RL,,,,60.0,60.0
B0851L69MJ,,,,,235.0
B0851L9M5G,,868.0,,,868.0
B0851L9M5J,,306.0,,,306.0
B0851L9M5P,,,,,868.0
B0851LBHX1,,212.0,,,212.0
B0851LF2DM,,,,,868.0
B0851LJ8Y5,458.0,,458.0,,458.0
B0851LNJ5J,327.0,327.0,,327.0,327.0
B0851ND3WH,868.0,,,,868.0
B0851NMSDB,,,,264.0,264.0
B0851PBM12,,,,578.0,578.0
B0851PC2TM,,,,,37.0
B0851PSJZ7,,,,,70.0
B0851PX6C6,,,264.0,,264.0
B0851SSNZ4,,,,,226.0
B0851T5GPR,,18.0,18.0,18.0,18.0
B0851XMPRS,,,158.0,158.0,158.0
B0851Y7GN3,,,,,121.0
B0852CZC3Y,,30.0,30.0,30.0,30.0
B08531R2F4,,,,,63.0
B08533HZQZ,,,,87.0,87.0
B0853HZCBV,,,,,17.0
B0853JNDS4,,,30.0,,
B0853JW3SH,,2490.0,,,2490.0
B0853JY4CC,,,,,126.0
B0853JZ13X,,,,,2490.0
B0853K3NLH,,126.0,,,
B0853K65ZY,,,,,30.0
B0853K7DMT,,126.0,,,126.0
B0853NC8MX,,,,,1019.0
B08541FR9C,,,,148.0,148.0
B08541T6L2,,,,,231.0
B085465BB3,,,48.0,,48.0
B0854BQWSH,,,,,287.0
B0854CT8MN,,,,,320.0
B0854K8DKK,550.0,,,550.0,550.0
B08559YCR3,205.0,,,,205.0
B0855B8Z8Y,,,,,544.0
B0855GKTV2,182.0,,,,
B0855JB5KK,874.0,,874.0,874.0,874.0
B0855L7K7Z,8037.0,8037.0,8037.0,8037.0,8037.0
B0855P8DJY,,,,,16.0
B0855SHT1Z,,41.0,41.0,41.0,41.0
B08563T92J,14.0,,14.0,,
B08564D55L,,16611.0,,,
B0856M1DSX,13.0,,,,13.0
B0856MBKFT,,,19.0,,
B0856MFBTS,,,19.0,,
B0856MQ83Z,,,19.0,,
B0857M73CL,,,4037.0,4037.0,4037.0
B08582N23M,,,,,361.0
B08588M4V8,,,,,1151.0
B0858B3ZBL,391.0,,,391.0,391.0
B0858C747D,27.0,,,,
B0858KYNY2,7783.0,7783.0,7783.0,7783.0,7783.0
B0858W14SZ,,,,,148.0
B0858XX99Q,,,,,112.0
B08592B34W,,,,42.0,42.0
B0859D266Z,,,,722.0,722.0
B0859NXX5J,3327.0,3327.0,3327.0,3327.0,3327.0
B0859PX8H9,,,1266.0,1266.0,1266.0
B0859QSKCD,,1266.0,1266.0,1266.0,1266.0
B0859R8S5N,197.0,197.0,,,197.0
B0859SWXG7,,,86.0,,86.0
B0859TLJWC,,,,,71.0
B0859TN9D4,,,,,240.0
B085CJSGG3,,,,,23.0
B085CLLDH5,119.0,,,,119.0
B085CLYZCR,,,73.0,,73.0
B085CMVDD4,,,,,21.0
B085CN6M6G,,,,,110.0
B085D2VJFV,,,,,89.0
B085D2VPT8,,,,,31.0
B085DFZHYW,,,,122.0,122.0
B085DG2VSV,,,,,120.0
B085DGT7HC,37.0,,,37.0,37.0
B085DHMTY4,,,,,111.0
B085DQRG4B,,,,,62.0
B085FKP4G3,,,,,1401.0
B085FKVV96,472.0,,,,472.0
B085FL9WKM,,472.0,,472.0,
B085FLCZQK,,472.0,,,472.0
B085FRK9CF,,9.0,,,9.0
B085FS1QW9,,,,419.0,419.0
B085FTCMC4,,,,,31.0
B085FXWCTS,677.0,,,,677.0
B085FY548F,677.0,,,,
B085G21KYR,,,,,677.0
B085GHB1CZ,,,,,122.0
B085GJZWTD,,,,56.0,56.0
B085GLWN8G,,,,383.0,383.0
B085H7G72N,,,,,53.0
B085H7S3MV,,,59.0,,
B085HB6DY3,,528.0,,,528.0
B085HCKFN7,,520.0,,,
B085HD4G1V,,,,79.0,79.0
B085HV7J8G,,,636.0,,
B085HZ61JC,,,,,6.0
B085JNHJ4Z,,,,271.0,271.0
B085JNJG9V,2807.0,2807.0,2807.0,2807.0,2807.0
B085JPLHJ6,,,,,128.0
B085JPLHJC,,,155.0,155.0,155.0
B085JQXW12,331.0,,331.0,331.0,331.0
B085JRR7FR,2619.0,2619.0,2619.0,2619.0,2619.0
B085JW275N,,101.0,,101.0,101.0
B085JWXN9Z,,64.0,64.0,64.0,64.0
B085JXRYJB,38.0,,,,
B085JZSBJR,,,,518.0,518.0
B085K3K9J9,,786.0,786.0,786.0,786.0
B085K3LNH9,,,,185.0,185.0
B085K3LNHB,30.0,,,30.0,30.0
B085K4BNN6,61.0,61.0,61.0,61.0,61.0
B085K7TTYY,,287.0,287.0,287.0,287.0
B085K9QVD6,,251.0,251.0,251.0,251.0
B085KD9ZBP,1340.0,,,1340.0,
B085KVBZLZ,599.0,599.0,599.0,,599.0
B085LB7Q3X,,,,,82.0
B085LKVGKS,,,29.0,,29.0
B085LM6Y8N,,,,2.0,
B085LPFJ5L,312.0,,,312.0,312.0
B085M2NXFW,1467.0,,1467.0,1467.0,1467.0
B085M2VG85,748.0,,,,
B085M2VNR2,1467.0,,1467.0,,
B085M2X8BR,1467.0,,1467.0,1467.0,1467.0
B085M2X8BY,1467.0,,,,1467.0
B085M2Y18Q,748.0,,,748.0,748.0
B085M2ZMDK,748.0,,,,748.0
B085M31CJY,748.0,,,748.0,748.0
B085M31CK2,748.0,748.0,,,748.0
B085M31CK3,1467.0,,1467.0,,1467.0
B085M344Z6,1467.0,,,,1467.0
B085M36PSZ,1467.0,1467.0,1467.0,,1467.0
B085M3KRR4,748.0,,,,748.0
B085M5PWP6,,,,,1467.0
B085M6RZD5,1467.0,1467.0,1467.0,1467.0,1467.0
B085M6S1LV,,,,14.0,14.0
B085NMV5W6,5118.0,5118.0,5118.0,5118.0,5118.0
B085NN17WM,5118.0,5118.0,,5118.0,5118.0
B085PVFHNV,,8032.0,8032.0,,8032.0
B085QDBQXW,,,,,10.0
B085QDK8HN,,,,48.0,48.0
B085QPL4X1,546.0,,,,
B085RCKHSV,,,,31.0,
B085RKPWXC,,,,,21.0
B085RPTQHC,,,,,48.0
B085RT4F7J,,,,,252.0
B085RTK8GV,,252.0,,,
B085RTLZPC,,,,,100.0
B085RTQZDB,,87.0,,,
B085RTR1H1,,,252.0,,
B085RTR1H4,252.0,,,,
B085RTSL87,252.0,252.0,252.0,252.0,252.0
B085RTZNRT,,,,,252.0
B085RV6HRT,252.0,,,252.0,
B085RV6HRX,,,87.0,87.0,87.0
B085RVP1JS,,,100.0,100.0,100.0
B085RVP1JV,,252.0,,,
B085SB7T1L,,548.0,548.0,548.0,548.0
B085STCT1Q,,,,28.0,28.0
B085SVG159,,,,,29.0
B085SW8XGL,,,,33.0,33.0
B085SY5THY,80050.0,80050.0,80050.0,80050.0,80050.0
B085SZ4197,68.0,68.0,68.0,68.0,
B085SZKSTD,,,36.0,36.0,36.0
B085T2HG2V,,,,,37.0
B085T6N7L1,64.0,64.0,,,
B085T6N7L2,,,178.0,178.0,178.0
B085T9Z8PN,,,,,43.0
B085TB6C63,,,,47.0,47.0
B085TB6CT4,80050.0,80050.0,80050.0,80050.0,80050.0
B085TB7KGG,80050.0,80050.0,80050.0,80050.0,80050.0
B085TD3W62,,,,44.0,44.0
B085V2HF2P,1268.0,1268.0,,1268.0,1268.0
B085V4F2LK,,,,,3532.0
B085V565LW,3421.0,3421.0,,3421.0,3421.0
B085V56YH1,,,,,543.0
B085V579QF,,765.0,765.0,,765.0
B085VFXW61,,169.0,169.0,,169.0
B085VFYN7Z,577.0,577.0,577.0,577.0,577.0
B085VTBQ17,157.0,,157.0,157.0,157.0
B085VWQ61S,,,,,44.0
B085VXK1DP,,,,,44.0
B085W6564T,,,,165.0,
B085W771RJ,,,,,9.0
B085W7NWZW,,,,,7.0
B085W9QQJS,,,,,972.0
B085WC5N7Z,,,,295.0,
B085WRLQJ3,,,118.0,118.0,
B085WRPRV4,,,,,57.0
B085WRV1VH,14367.0,,,14367.0,14367.0
B085WRXJSQ,,,118.0,,
B085Y99SXW,902.0,,902.0,,902.0
B085Y9WG29,,,26.0,,26.0
B085Z722L5,446.0,446.0,446.0,446.0,446.0
B085ZKBQV8,74.0,,,,74.0
B085ZKGQ2S,,,,,9.0
B085ZLMVW4,,60.0,,,
B0861QJ1JH,,,,,33.0
B0861RKXTW,33.0,,,,
B0861RQX8W,,,,,49.0
B0861RSJ7Z,33.0,,,,
B0861RTLF7,,,,111.0,111.0
B0861RX9KD,,,33.0,,33.0
B0861RZJLB,803.0,,803.0,803.0,803.0
B0861S29Q4,,,,33.0,
B0861S2G91,398.0,398.0,,,398.0
B0861S4GFD,49.0,,,,
B0861S4XYH,,,33.0,,33.0
B0861S54MG,,,,,33.0
B0861S559N,33.0,,,,33.0
B0861S7SX6,33.0,,,,
B0861S8F24,33.0,,,,
B0861S8GQT,33.0,33.0,,33.0,33.0
B0861S9736,33.0,,,,
B0861S9BX6,33.0,,,,
B0861SCY3P,,,,33.0,
B0861SD4G4,,,,168.0,168.0
B0861SJYQH,338.0,338.0,338.0,,338.0
B0861SLS7H,,,,,33.0
B0861SLV2D,,,,,33.0
B0861SNGPQ,,,,,33.0
B0861SNZWC,,,33.0,,33.0
B0861SWLPX,33.0,,,,
B0861SYM4G,33.0,,,,
B0861SZ9HJ,33.0,,,,33.0
B0861TXLSN,33.0,,,,
B0861WT97L,49.0,,,,
B0861X9Q44,,,,,33.0
B0861Y8FZP,33.0,,,,33.0
B0861YD7P8,33.0,,33.0,,
B0861ZVNDZ,,,,33.0,33.0
B0862182MS,,,,,49.0
B08621BR76,33.0,,33.0,,
B08622KWZ5,,,,,33.0
B08624HH17,33.0,,,33.0,33.0
B08624HH18,,,,,33.0
B08624XP1Q,33.0,,,,
B08625Z2WW,,,,,33.0
B08627DZDM,,116.0,116.0,,116.0
B08628M4KQ,33.0,33.0,,,33.0
B08628RLKD,33.0,,,,
B086291X2L,33.0,,,,
B0862FWGTQ,,,,,126.0
B0862GM1J4,,221.0,,,221.0
B0862WPTXD,,,,136.0,136.0
B0862WX5RD,1048.0,,1048.0,,
B0862WX5RK,,,1048.0,1048.0,1048.0
B0862WZ2DJ,,476.0,476.0,,
B0862X1CMF,,,1048.0,,1048.0
B0862X7ZTW,,476.0,,,476.0
B0862X8W1J,1048.0,,,1048.0,1048.0
B0862X944L,,,476.0,,
B0862XC2TW,476.0,476.0,,476.0,
B0862XF2CL,,1048.0,,,1048.0
B0862XNL1W,,,,51.0,
B0862XQQHF,1048.0,,,1048.0,1048.0
B08635JCQC,,,,,15.0
B0863G3GS3,,,,,14.0
B0864KWYXM,,,265.0,265.0,265.0
B0864T81BL,17617.0,,17617.0,17617.0,17617.0
B0864TJ3XV,,,,,476.0
B08667LM5P,,,,,5714.0
B086699NFN,,,189.0,,189.0
B0866Q12BK,,,115.0,115.0,115.0
B0868FZ286,,,,,17617.0
B0868TNC2P,,,,,768.0
B0868TTWYH,,,,,452.0
B0868TXMWN,,,,,457.0
B0868TYJDB,,,,,768.0
B0868TYVP2,,,,,460.0
B0868TZVRM,,,,,463.0
B0868VHPBX,,,463.0,,
B0868VK2LS,,,,,768.0
B0868VX95M,754.0,,,,
B0868W4LG4,,,,,768.0
B0868W4YJ6,,,,,768.0
B0868W65KF,,,,,463.0
B0868WF7W8,,,,,761.0
B0868WL9G8,,,,768.0,
B0868WR98L,,457.0,,,457.0
B0868WSCSG,,,,,80.0
B0868X29FL,,,,,768.0
B0868X3D44,,,,,139.0
B0869C9FPD,,,,,913.0
B0869D8V11,,,,,913.0
B086BMJZ5W,383.0,,,,383.0
B086BQRVG6,,,317.0,,317.0
B086BRL2RV,,,,1923.0,1923.0
B086BTVXGR,,,186.0,186.0,186.0
B086BXFLPF,793.0,793.0,793.0,,793.0
B086CBV5GF,,,,298.0,
B086CJ5PGJ,1677.0,,1677.0,1677.0,1677.0
B086CJ7V4Z,1677.0,,1677.0,,1677.0
B086CKWT8J,,,,,10170.0
B086CLPYGL,1677.0,1677.0,,1677.0,1677.0
B086CNT8WS,258.0,,,,
B086CP745Y,,,,,258.0
B086CW6NQ4,,,36.0,,36.0
B086CW9GCJ,,,1240.0,1240.0,1240.0
B086D785MH,,,,,2319.0
B086D785MJ,101.0,101.0,,,101.0
B086D9RBY4,,,,53.0,53.0
B086DWMH4V,95.0,,,95.0,95.0
B086DWSFZZ,,,61.0,61.0,61.0
B086DWSG11,,,,16.0,
B086DWSXX1,,,105.0,105.0,105.0
B086DWWWFS,68.0,,,,68.0
B086DX5RY2,,,,95.0,95.0
B086DX9LPW,,,27.0,,27.0
B086DXDPYV,,,47.0,47.0,47.0
B086DXF5LF,,,,41.0,
B086DXFBRJ,,,,144.0,144.0
B086DXFLPV,,,553.0,553.0,553.0
B086DXFNPF,,,95.0,95.0,95.0
B086DXFNPG,,,,,105.0
B086DY316W,,,,,61.0
B086DY3GQ1,,,,105.0,
B086DY5GZZ,,47.0,,,47.0
B086DYJN56,,,,101.0,101.0
B086DYLF8B,,,,42.0,42.0
B086DYPHVB,,,15.0,,
B086DZ23MX,,,83.0,83.0,83.0
B086DZ4H4G,,105.0,,105.0,105.0
B086DZ4H4Z,,,,,83.0
B086DZNGHK,37.0,37.0,37.0,37.0,37.0
B086F113NZ,,,,105.0,
B086F457PH,,,223.0,,
B086F5CDPV,13.0,,,,
B086F5FFQF,33.0,33.0,,,
B086F6FSL2,,,11.0,,
B086F6FSLG,,,,,23.0
B086F6KGT4,,,,,22.0
B086F6ZPM7,,,,,202.0
B086F745DZ,223.0,,,,223.0
B086FCQH98,519.0,,,519.0,519.0
B086FJH2YM,,,,519.0,
B086FMXSSF,,,,311.0,311.0
B086G3LFD1,682.0,,,,682.0
B086G5HJ8P,,,,5714.0,5714.0
B086G81WVF,,1401.0,,,1401.0
B086GBCMPL,,33.0,,,
B086GPT53R,,,,53.0,53.0
B086GQSL89,,,,,90.0
B086HK9T5D,,,,,12.0
B086HMV35W,,22.0,,,
B086JF65N6,,12.0,,,
B086KKSSYS,3155.0,3155.0,3155.0,3155.0,3155.0
B086KKSSYX,2901.0,2901.0,2901.0,2901.0,2901.0
B086KKT4MG,1550.0,1550.0,1550.0,1550.0,1550.0
B086KM8XLH,754.0,754.0,,754.0,754.0
B086KQCMT6,,,,3143.0,3143.0
B086KTFPX1,4238.0,4238.0,,,4238.0
B086KTFPX2,960.0,,,,
B086KVS4N3,3155.0,3155.0,3155.0,3155.0,3155.0
B086KW7J74,3419.0,,,,3419.0
B086KW7XH5,2666.0,2666.0,2666.0,2666.0,2666.0
B086KY697P,668.0,,668.0,668.0,668.0
B086KYG5W8,,,,,126.0
B086KYKTR9,1694.0,,1694.0,1694.0,1694.0
B086KYN91P,1068.0,1068.0,1068.0,1068.0,1068.0
B086L3RLVL,,1215.0,1215.0,1215.0,1215.0
B086L3RLVM,,4074.0,4074.0,4074.0,4074.0
B086L4XKD6,340.0,340.0,340.0,340.0,340.0
B086L6934C,44.0,,44.0,,
B086L7732X,757.0,,,757.0,
B086L7732Y,7025.0,7025.0,7025.0,7025.0,7025.0
B086L77FFK,2375.0,2375.0,2375.0,2375.0,2375.0
B086L79SPB,,,4148.0,4148.0,4148.0
B086L9QPCS,,,44.0,,
B086LJM3Z8,,,,,239.0
B086LJQ94K,,,,,30.0
B086LK1XP3,,,263.0,263.0,263.0
B086LWM7BD,,,,144.0,144.0
B086LYQVF3,,,,554.0,554.0
B086M95P1T,,,,62.0,62.0
B086MKRDCL,,,79.0,79.0,79.0
B086MLB6V9,,,,105.0,105.0
B086MLJDZ7,,,81.0,81.0,81.0
B086MND1RR,,,105.0,,105.0
B086N18RVJ,,,,,238.0
B086PZFZ2H,431.0,,,431.0,431.0
B086Q6ZDJG,,365.0,,365.0,365.0
B086Q7CKQM,336.0,,,,
B086Q881N3,,,116.0,116.0,116.0
B086QKGCBH,2118.0,,,2118.0,2118.0
B086QMJKY2,,,,,109.0
B086QZGXWX,,,,,20.0
B086R4PXSZ,,,20.0,20.0,20.0
B086R7G3TJ,,,,,6.0
B086RNKVVY,,1057.0,1057.0,,
B086TPQJTT,358.0,,,,358.0
B086TS771H,915.0,,915.0,915.0,915.0
B086VNJRNT,30.0,30.0,30.0,30.0,30.0
B086W13WTX,,,25.0,25.0,25.0
B086W1M1WG,,,,33.0,33.0
B086W1PH4H,,,,82.0,82.0
B086W2262R,,,,,10.0
B086W24CXY,,,,82.0,82.0
B086W26VJY,,,30.0,,30.0
B086W2F94S,,,48.0,,48.0
B086W2N787,,,48.0,48.0,48.0
B086W3B6ZK,,,,,6.0
B086W6WGD3,,,139.0,139.0,139.0
B086XJ78SG,,,,56.0,56.0
B086XYZL7K,260.0,,,,260.0
B086Y3KZYZ,,,5.0,,
B086Z5PWF8,1688.0,,1688.0,1688.0,1688.0
B086Z5VHJM,1708.0,,1708.0,1708.0,1708.0
B0871KTLB2,4301.0,,,,4301.0
B0872MKL3F,291.0,,,,291.0
B0872RL24B,900.0,,,,900.0
B0872XX6MX,,,,,97.0
B0872XXG2C,,,,,101.0
B0872XXG2D,,,,,78.0
B0872ZVHDL,3266.0,3266.0,3266.0,3266.0,3266.0
B0872ZWJH2,11094.0,11094.0,11094.0,11094.0,11094.0
B0872ZWJH5,,,287.0,287.0,287.0
B0872ZZVTC,7480.0,7480.0,7480.0,7480.0,7480.0
B08735MT2B,8258.0,8258.0,8258.0,8258.0,8258.0
B0873RGHHM,,,,,78.0
B0873SXZC8,,,,,19130.0
B0873SZ7XF,225.0,225.0,,,
B0873T1K6T,,,63.0,63.0,63.0
B0873T9V94,319.0,,,,
B0873TK9Q7,,,,,58.0
B0873TNRVW,,,,,5714.0
B087425RX4,,,10.0,,
B0874STW6L,35.0,,,,35.0
B0875NF3CB,767.0,,,,767.0
B0875NF838,22.0,,,,
B0875PSVJH,,,,,74.0
B0875PTGHB,70.0,,,,70.0
B0875WN71R,,,,,43.0
B087616V9N,,64.0,,64.0,
B0876BWM7T,1976.0,1976.0,,,1976.0
B0876C68H4,1976.0,1976.0,1976.0,1976.0,1976.0
B0876GZC17,152.0,,,,
B0876HR3PP,,,,,8.0
B0876W3P7X,5477.0,,,5477.0,5477.0
B0876W7PJT,1413.0,,,,1413.0
B0876W89Q5,,,,,1413.0
B0876WPT1W,,,4074.0,,4074.0
B0876WXL5R,7025.0,7025.0,7025.0,7025.0,7025.0
B0876WXY8D,5672.0,,,5672.0,5672.0
B0876X5KDP,,5672.0,,,
B0876XCFWK,7025.0,7025.0,7025.0,7025.0,7025.0
B0876XFN6R,,5477.0,,,5477.0
B0877D13ST,,,2553.0,,2553.0
B0877DL4G7,30.0,,,,
B0877PF9CG,2553.0,,2553.0,,
B0877Q1F4D,2553.0,2553.0,2553.0,2553.0,2553.0
B0877R1FV9,,,,73.0,73.0
B0877R1HJL,36.0,,,36.0,36.0
B0877RBXT4,,21368.0,21368.0,21368.0,21368.0
B08783J74B,231.0,,231.0,231.0,231.0
B08786P2KY,,,,231.0,231.0
B087BRJZXR,,,,,42.0
B087BRJZXS,,,,,49.0
B087BRNVKR,68.0,,,,68.0
B087BRPLZV,32.0,,,,32.0
B087BRW7QQ,,,,,99.0
B087BRWB66,191.0,,,191.0,191.0
B087BRXKBN,,,,,99.0
B087BRZ97S,,,,101.0,101.0
B087BS2G9G,,,,,24.0
B087BS4XB1,,10.0,,,
B087C5Y95K,,309.0,,,309.0
B087C6V738,,,2468.0,2468.0,2468.0
B087C9YTWJ,,,,41.0,41.0
B087CBD58B,,,,93.0,
B087CGVLVV,,,,,35.0
B087CMJ4XZ,,,518.0,518.0,518.0
B087CN6HSY,721.0,,721.0,721.0,721.0
B087CNBPWF,446.0,,446.0,446.0,446.0
B087CPR9PW,,1932.0,1932.0,1932.0,1932.0
B087CQ36NM,,,,,1136.0
B087CQ8MSC,1647.0,,,1647.0,1647.0
B087D6J6LY,,,,17.0,17.0
B087D78RM5,448.0,448.0,,448.0,448.0
B087DJB6JX,,,,3364.0,
B087DKLCF3,3364.0,,,,3364.0
B087DKPFL2,3364.0,,,,3364.0
B087DKR956,,,,,3364.0
B087DL2Q6P,,,,,328.0
B087DZ1SKY,,,,,152.0
B087FBL23H,,,4301.0,4301.0,4301.0
B087FQYPMH,,29.0,29.0,,29.0
B087FQYZTR,,,,,44.0
B087FW2Z96,,,29.0,29.0,29.0
B087FXK14H,,45.0,45.0,45.0,45.0
B087FYJKH6,,,43.0,43.0,43.0
B087FZBRW5,,,,,33.0
B087G2RR7M,,215.0,215.0,215.0,215.0
B087G52P1S,222.0,,,,222.0
B087G7B15D,,,,,155.0
B087G7TS33,,32.0,32.0,32.0,32.0
B087G9D5BR,31.0,,31.0,31.0,31.0
B087GC2ZBZ,,,61.0,,
B087GJTJN9,,,,33.0,33.0
B087GK9VL7,,,,,8.0
B087GL2CH6,,,,,34.0
B087H4SKJD,,,,,11.0
B087HD8P5D,263.0,263.0,263.0,263.0,263.0
B087M45C66,,49.0,49.0,,49.0
B087MLF94Q,65.0,,65.0,,65.0
B087MLNLQN,,,,,8.0
B087MLNQJB,,,,57.0,57.0
B087MTV9SF,,,205.0,205.0,205.0
B087MV4PPJ,,,,119.0,119.0
B087MY1QQD,,,,52.0,52.0
B087MYYLN7,,,,92.0,92.0
B087NFFRRQ,4455.0,4455.0,4455.0,4455.0,4455.0
B087P62HQF,,,,,111.0
B087Q6KQXC,,,,,10.0
B087QVJ8Q7,,,735.0,735.0,735.0
B087QVNBQD,17.0,,,,
B087QVPFJ1,662.0,,662.0,,
B087QVY2PZ,501.0,,,,
B087QWHZPD,40.0,,,,
B087QZXBLH,6523.0,,6523.0,6523.0,6523.0
B087RNRZZ2,,,42.0,42.0,42.0
B087RYHCMS,,,3351.0,,3351.0
B087S4GVL6,,,,,2553.0
B087S4NNV3,,,,,2553.0
B087T3DHMZ,,,,,845.0
B087T6G59R,,,,,134.0
B087T6GLD4,,,845.0,,
B087T7426Z,,,,,845.0
B087TLZBHL,,,,,845.0
B087TP9D3S,,,,845.0,845.0
B087TQD7Q4,943.0,,,,943.0
B087TQD988,,,,,943.0
B087V7SC54,,,,,467.0
B087V7SGTX,1323.0,,,1323.0,1323.0
B087VW3MHB,935.0,935.0,,,
B087W33G6T,,,,5631.0,
B087W4856V,,935.0,,935.0,
B087W7Q3LM,935.0,935.0,,935.0,935.0
B087W7S95V,935.0,935.0,,,935.0
B087W8TXFP,935.0,,,,935.0
B087WMJ2ZD,92.0,,,,
B087XB36PD,641.0,641.0,641.0,641.0,641.0
B087XP9W8J,508.0,508.0,508.0,,508.0
B087XPZH2H,,,508.0,,508.0
B087YG4TBW,648.0,,,648.0,648.0
B087YHH9MG,,,,,55.0
B087YHT8V1,,,,,55.0
B087YK41SL,,9.0,,,
B087YMPZ4D,,,514.0,,
B087Z34FH3,,,65.0,65.0,65.0
B087Z55MRY,,,129.0,129.0,129.0
B087Z582JB,,,102.0,102.0,102.0
B087Z582JC,,,125.0,,125.0
B087Z6MDXR,,,167.0,,167.0
B087Z8FF5V,,,,52.0,52.0
B087Z8JG96,,,,78.0,
B087Z9W4Q1,,,92.0,92.0,92.0
B087ZB1YFB,,,,,79.0
B087ZCBWTG,,,126.0,126.0,126.0
B087ZCBWTH,,117.0,117.0,117.0,117.0
B087ZJG8CY,,,,,26.0
B087ZLRTW9,,,,,182.0
B0881TNNGT,,,,,1669.0
B0882B41Z5,,,,631.0,631.0
B0882C2MQR,,,,,11.0
B0882P5PYX,,,,,77.0
B0882TBQXY,,,,,151.0
B0882VD5WZ,118.0,,,,
B0882WSLFJ,,,,70.0,70.0
B0882XPTRD,37.0,,,,37.0
B0882Z2TV7,,,,29.0,29.0
B0882Z7J48,,,,,88.0
B0883CSXPD,845.0,845.0,845.0,,845.0
B0883D5YH1,845.0,,,,
B0883D67ST,845.0,,,,845.0
B0883H62D4,,,,,453.0
B0883JM4P3,,,,,148.0
B0883M2X4S,,,,,15.0
B0885RZ72H,,,,,162.0
B08864ZN1R,119.0,,,119.0,119.0
B08865F2G2,,,,,77.0
B088679FY9,70.0,,,,
B0886JNJB4,,,,,98.0
B0886K19LF,,56.0,56.0,,
B08879G7K6,,,220.0,220.0,220.0
B0887DV3YP,146.0,,,,
B08881DMFQ,,17.0,,,
B08888BXFJ,,,,564.0,
B08893KZ1D,,1918.0,1918.0,1918.0,1918.0
B08896CG3M,,,,249.0,249.0
B0889C1XRB,11.0,,,,
B0889Z7FXY,,,,,122.0
B088C36PVN,581.0,581.0,,,581.0
B088CJ3R8G,,,,,86.0
B088CJB1H1,,,,,556.0
B088GFJ7CJ,,,,,17.0
B088GTY2D4,,,,,34.0
B088KBTBVF,,,,,8.0
B088KDZYWK,,,,,19.0
B088KXJ6YZ,,835.0,,,835.0
B088MRKWST,,,,,3061.0
B088MTCMR6,,,,,3351.0
B088MXQQHH,1030.0,1030.0,,,1030.0
B088N3LNVQ,,210.0,210.0,,210.0
B088N4RYH3,1030.0,,,,1030.0
B088NSBT8G,,,,,185.0
B088NSL8SN,,,185.0,185.0,185.0
B088NWQFPW,,,,185.0,185.0
B088NY72WT,,,,185.0,185.0
B088NZLQV2,,,,185.0,185.0
B088NZT95S,,,,,185.0
B088P1DTMV,,,,,185.0
B088P5F868,101.0,,,101.0,101.0
B088P72678,161.0,,161.0,,
B088P84NRL,,80.0,,,
B088P87X9V,167.0,,,,
B088P8GZNY,,,,,21.0
B088PM4SK7,253.0,,,,
B088RKLGRM,,,,,129.0
B088RKRJD8,,,,341.0,341.0
B088RZF53P,,,,,18.0
B088S8GMWP,,1512.0,,,1512.0
B088SHVJQ3,,,,,6572.0
B088SQR6TL,,68.0,,,68.0
B088SX7YPK,,,,481.0,481.0
B088T447KR,,,,,145.0
B088T447LG,,,,,95.0
B088T5LSRX,,,,,203.0
B088TDZY32,,,,,238.0
B088VYQZKH,,,148.0,,148.0
B088W1NZHM,3499.0,3499.0,3499.0,,3499.0
B088W38LCJ,,,,,2721.0
B088W7M7L2,,,,,6.0
B088WCR8M3,,,,333.0,333.0
B088WQHFR1,449.0,,,,449.0
B088XWZFC4,,,46.0,,46.0
B088XZ7JCG,,,,,343.0
B088XZGST5,,,,,39.0
B088Y636V7,,,105.0,,105.0
B088Y69HQC,,,,,39.0
B088ZDW2LY,,,,,34.0
B088ZF68WV,,,,,42.0
B088ZVDFH6,,,,48.0,48.0
B088ZXC417,,,148.0,,148.0
B088ZZYMK2,,,,11912.0,11912.0
B08913PSPX,,,,,544.0
B089165CCF,,1980.0,1980.0,1980.0,1980.0
B089165CCW,3898.0,,,,3898.0
B08916T3P1,,,,1544.0,1544.0
B08916TL35,731.0,,731.0,,731.0
B08917XKGC,544.0,,,544.0,544.0
B0891843GC,11912.0,11912.0,11912.0,11912.0,11912.0
B0891843GD,,,4893.0,4893.0,4893.0
B08918B4NQ,3898.0,3898.0,3898.0,3898.0,3898.0
B08918FJSP,,1534.0,1534.0,,1534.0
B08918YTN3,,,4402.0,4402.0,4402.0
B0891BBRHW,12839.0,12839.0,12839.0,12839.0,12839.0
B0891BBRJG,1534.0,,,,1534.0
B0891BG2PY,6523.0,6523.0,6523.0,6523.0,6523.0
B0891BPGGD,,893.0,893.0,893.0,893.0
B0891BPGGS,,,,1517.0,1517.0
B0891BQ7J8,4910.0,,,4910.0,4910.0
B0891BQ7JQ,4910.0,4910.0,,,4910.0
B0891BVJRL,,1517.0,1517.0,1517.0,1517.0
B0891BXHVV,2752.0,2752.0,2752.0,2752.0,2752.0
B0891BXHWL,,12839.0,12839.0,12839.0,12839.0
B0891C7XFY,,,,,4893.0
B0891C8HCD,,,,,1544.0
B0891CB94B,,,,,4402.0
B0891P4XQ7,,,636.0,,636.0
B0891RX4XL,361.0,,,,361.0
B0891VG527,,,568.0,,568.0
B0891VSLC5,568.0,,,568.0,568.0
B0891YPS92,,,,,639.0
B089229W9G,,,,126.0,126.0
B089254VZX,,,,,24.0
B089256TRC,,,,,639.0
B0892B42BD,,,,568.0,568.0
B0892SB2XW,151.0,,,,
B0892SGG4P,,,,,178.0
B0892SST3V,,,,,138.0
B08932T1WC,,31.0,,,
B089337154,,,,,1.0
B0893646TZ,,,,128.0,128.0
B08936QJVP,5.0,,,,5.0
B0893BJ8Y7,,202.0,,,
B0895K6LG7,1575.0,1575.0,1575.0,1575.0,1575.0
B0897BZTX1,33.0,,,,
B0897WL76F,,,,,2201.0
B0897WQHBP,,,,,388.0
B0897X1RZN,,,,,6995.0
B0897XFCCL,,,,,3947.0
B0897XMFRL,,,,,89.0
B0897YGMLD,,,,,6995.0
B0897YN5TY,,,,,1079.0
B0897YVV5T,,,,,20.0
B0897YZXCB,,,,,164.0
B0897Z5G13,,,,,10.0
B0897Z7B83,,,,388.0,388.0
B0897Z8ZJL,,,,,53.0
B0897ZBSQ5,,,,,8.0
B0897ZMKFJ,,,,,31.0
B08994M9CB,86.0,,,,86.0
B08994MH4Q,138.0,,,,
B08996LZSP,,,,,115.0
B08996NS53,,,1649.0,1649.0,
B08997GY4R,,,,,225.0
B08998W9CZ,,,1544.0,,
B08998X1G5,,619.0,,619.0,619.0
B08998XBPX,619.0,,,,619.0
B08998XBQD,1534.0,,,,1534.0
B08998XNQN,,,,,1517.0
B08998XNQY,4893.0,,4893.0,,4893.0
B08998Y1R3,,83.0,,,
B08999NTJK,10170.0,10170.0,10170.0,,10170.0
B08999QV96,6523.0,,,6523.0,6523.0
B08999XXNN,12115.0,12115.0,12115.0,12115.0,12115.0
B08999ZPGF,,,421.0,421.0,421.0
B0899BMKMV,,,1980.0,,1980.0
B0899BPK2R,1228.0,,1228.0,,1228.0
B0899BPK3K,195.0,,,195.0,195.0
B0899C98Z1,547.0,547.0,547.0,547.0,547.0
B0899C98ZD,12115.0,12115.0,12115.0,12115.0,12115.0
B0899D2XNS,,,,,10.0
B0899D8RT7,,,946.0,946.0,946.0
B0899G7MP9,10170.0,,,,
B0899GBRMK,,,,302.0,302.0
B0899GJRN6,4402.0,,,4402.0,4402.0
B0899GPNNJ,300.0,,,300.0,300.0
B0899HN2S6,3898.0,3898.0,,3898.0,3898.0
B0899HQ5G1,12115.0,,12115.0,12115.0,12115.0
B0899HSHLK,,,,1037.0,1037.0
B0899JDDXY,,12839.0,,,12839.0
B0899JDQLB,603.0,,,,603.0
B0899JDQM1,,,,4910.0,4910.0
B0899KFWL1,2752.0,2752.0,,2752.0,2752.0
B0899KFWLG,11912.0,11912.0,11912.0,,11912.0
B0899M4KCH,1228.0,1228.0,1228.0,,
B0899M5731,,,,1037.0,
B0899M573F,,,,,547.0
B0899NL3J1,603.0,603.0,,,
B0899NL3JL,,1649.0,,,1649.0
B0899TMMDY,763.0,,763.0,763.0,763.0
B089B7HQ95,79.0,,,79.0,79.0
B089BJKXPH,946.0,,,,946.0
B089BJLQM2,284.0,,,284.0,284.0
B089BJLQNH,,,190.0,,
B089BJLQNJ,,,32.0,,32.0
B089BP5NTB,,,229.0,,229.0
B089BPCVL7,365.0,,,,365.0
B089C3HH8V,,,,,33.0
B089DP8DGL,,,,,174.0
B089FP9B88,,,,,231.0
B089GQHMG9,,,,,29.0
B089GXBRPV,,,,,2719.0
B089GZSZJ2,,,,,80.0
B089HGTL3D,281.0,281.0,281.0,281.0,281.0
B089HHB7BM,,281.0,,281.0,
B089J84M24,,263.0,263.0,263.0,263.0
B089KTQJG5,,,314.0,,
B089L9F1MY,,,113.0,,113.0
B089LH2TFW,,,331.0,,
B089LW2CR6,,,331.0,331.0,331.0
B089M9SGS4,984.0,,984.0,,984.0
B089MCVF9N,4046.0,4046.0,,,4046.0
B089NDPQGV,,,,3.0,3.0
B089NGB27F,81.0,,81.0,81.0,81.0
B089NZRN59,,,36.0,36.0,36.0
B089P2LSJW,,,,54.0,54.0
B089P9Z4M7,317.0,317.0,317.0,317.0,317.0
B089PB8G7W,1608.0,1608.0,,1608.0,1608.0
B089PB8G87,241.0,,241.0,241.0,241.0
B089PB9NWS,180.0,180.0,180.0,180.0,180.0
B089PBDGLN,,615.0,615.0,615.0,615.0
B089PBDGN6,207.0,207.0,207.0,207.0,207.0
B089PBDGNH,1608.0,1608.0,1608.0,1608.0,1608.0
B089PBL1LK,203.0,203.0,203.0,203.0,203.0
B089PBL1N4,170.0,,170.0,170.0,170.0
B089PBL1NG,252.0,252.0,252.0,252.0,252.0
B089PBMJBN,,455.0,455.0,455.0,455.0
B089PBP6M5,481.0,,481.0,481.0,481.0
B089PCJZBD,205.0,,205.0,205.0,205.0
B089PCKPFD,182.0,182.0,182.0,182.0,182.0
B089PCKTNL,228.0,228.0,,228.0,228.0
B089PCMPH7,207.0,207.0,207.0,207.0,207.0
B089PCPSTS,211.0,211.0,211.0,211.0,211.0
B089PCR5CK,551.0,551.0,551.0,551.0,551.0
B089PD8CJ6,389.0,,389.0,389.0,389.0
B089PNYWPT,,,51.0,,51.0
B089PPD5GZ,76.0,,,,76.0
B089PPDQ7K,,51.0,,51.0,51.0
B089PQK8CV,7.0,,,,
B089PS6SLW,,,14.0,,
B089PY4579,,,,,36.0
B089QR5CN3,,,,,60.0
B089QTHZ6B,544.0,,,544.0,544.0
B089QW4PWX,568.0,,,,
B089R3D9LY,,,465.0,,465.0
B089R3GRNZ,,,,,88.0
B089R3JK2F,,,,,80.0
B089R3W437,88.0,88.0,,,88.0
B089R44XDP,,,,,206.0
B089R45RFQ,,,,,88.0
B089R46L2J,88.0,,,,88.0
B089R46L2R,,,,,88.0
B089R46MR5,,,,,505.0
B089R491GP,1748.0,,,,1748.0
B089R4PL7G,,,,88.0,88.0
B089R4R5L6,,,,85.0,85.0
B089R52NZ2,80.0,,,,
B089R54DGZ,465.0,,,465.0,465.0
B089R54DH1,,,,,465.0
B089R56M27,,208.0,,,208.0
B089R56M2L,88.0,,88.0,88.0,88.0
B089R56T8Q,,,,,88.0
B089R5XKVM,88.0,,,88.0,
B089RC3JV4,,,,,26.0
B089RCF8NL,,,,,25.0
B089RDG923,280.0,,,280.0,280.0
B089RDSCTN,,,,,309.0
B089RS5M93,,93.0,,93.0,93.0
B089TPYFX3,,,61.0,61.0,61.0
B089VCZFJM,12.0,,,,
B089VH6NDR,,,,,17.0
B089VR2DH8,,,3.0,,
B089WJRCF4,,,,,6995.0
B089WLBJ4Y,3791.0,,,3791.0,3791.0
B089X1ZYGS,139.0,,,,139.0
B089X2TZLD,2545.0,,2545.0,,2545.0
B089X3NPG7,,,,64.0,64.0
B089X46F63,2545.0,2545.0,2545.0,,2545.0
B089X4TYKV,,,,,6995.0
B089X75ZY7,2545.0,2545.0,2545.0,2545.0,2545.0
B089XSWV14,1677.0,1677.0,1677.0,1677.0,1677.0
B089XT1YLJ,,,,,2477.0
B089XV1RH1,,,,,2477.0
B089YSLL3D,,,,,21.0
B089YSVPPS,,,,,23.0
B089YSVSLD,,,,,59.0
B089Z7WH7F,,,,98.0,98.0
B089ZFCPD3,,,,,137.0
B089ZK6SGD,36.0,,36.0,36.0,36.0
B089ZK6T6F,516.0,516.0,516.0,516.0,516.0
B089ZYDWJ5,,,,,299.0
B08B1RH519,,,,,687.0
B08B1RRH5P,,334.0,,334.0,334.0
B08B31G1QB,,,,,560.0
B08B3LDRF5,,104.0,,,
B08B3NZ5ZY,,,,,156.0
B08B3P23WD,,,,66.0,66.0
B08B3Q97VN,,,,,61.0
B08B3Q9LCH,,,,,45.0
B08B3TLQQB,,1262.0,1262.0,1262.0,1262.0
B08B3TLZ9V,339.0,339.0,339.0,,
B08B46BZMQ,,,,,42.0
B08B47L1SP,,,,,23.0
B08B4L5DKH,,370.0,,,
B08B4LYY4B,327.0,,327.0,327.0,327.0
B08B5YPNN8,,,,36.0,
B08B67P53H,,,166.0,,166.0
B08B67SHZ7,,,,33.0,33.0
B08B6PVVGL,29.0,,,,
B08B6Q2TN9,,,817.0,,817.0
B08B7N7XQ5,,,,,131.0
B08B7X7991,,,,,9227.0
B08B7XYJM4,,,,,44.0
B08B7YZ2HC,,,,39.0,39.0
B08B8152M3,,,,,21.0
B08B826QCH,,,,,82.0
B08B82SKB7,,,,21.0,21.0
B08B85CML6,,,,,21.0
B08B8632G2,,,,219.0,
B08B86GDYH,,,,238.0,238.0
B08B873WM5,,,94.0,94.0,94.0
B08B8DP8QT,,,,,131.0
B08BB3QQV5,,,,,131.0
B08BB68BT4,,,1669.0,,
B08BBB356N,,,,,77.0
B08BBPX32F,157.0,,,157.0,157.0
B08BBTK7YX,,233.0,233.0,,233.0
B08BC5CDCB,,,,73.0,73.0
B08BC9CTFY,,551.0,551.0,551.0,551.0
B08BCB722L,,,,,28.0
B08BCRMJP7,,,,735.0,735.0
B08BCRTV95,,,,,735.0
B08BCSKR8S,,,,735.0,735.0
B08BD8H9DB,,,,20.0,20.0
B08BFSMM5X,,,,,2414.0
B08BG4W1LX,,,,,78.0
B08BG8FR8X,1919.0,,1919.0,1919.0,1919.0
B08BG91G1R,1919.0,1919.0,,,1919.0
B08BG93X63,,,290.0,,
B08BG96H79,,290.0,,,290.0
B08BG9Q8HY,808.0,,808.0,808.0,808.0
B08BGZ17DN,1919.0,,,,1919.0
B08BH3QFGF,1355.0,1355.0,,,1355.0
B08BH42VHF,539.0,,,539.0,539.0
B08BH5BD6W,,,,539.0,539.0
B08BHM19NB,,,,,510.0
B08BHSXB4Q,,,,2.0,
B08BJJQTH9,,,,,180.0
B08BJJYL6Y,,,,,1923.0
B08BJJYN5Z,438.0,,,,438.0
B08BJLRRJY,,,,,2069.0
B08BJLS8RN,2511.0,,2511.0,2511.0,2511.0
B08BJMWXQJ,,,,,2511.0
B08BJMZY5P,,,,,2069.0
B08BJN1J8P,,,,,2069.0
B08BJN1J8W,,,22.0,,22.0
B08BJNR5H3,2511.0,,,,
B08BJNS5CG,,,,,2511.0
B08BJNS5D5,,,2069.0,,2069.0
B08BJNTQDX,2511.0,,2511.0,,
B08BJPJCN7,2511.0,,,,
B08BJPK6J3,2511.0,,2511.0,,
B08BJPLL6Q,,,,,2511.0
B08BJPMQ5Y,,,,2511.0,2511.0
B08BJPNKB9,,,,,302.0
B08BJPNKBB,,,,2069.0,
B08BJPQL5M,2511.0,,,,
B08BJPQL68,,,57.0,,57.0
B08BJPQL69,,2511.0,,,2511.0
B08BJPXRVT,,,2069.0,,2069.0
B08BJPXTZV,,,,,2069.0
B08BJQ892P,2511.0,,,,2511.0
B08BJQ948G,2069.0,,2069.0,,
B08BJVHYSC,,3467.0,3467.0,3467.0,3467.0
B08BK3GKY1,,,1189.0,,
B08BK3MJX5,,,10961.0,,10961.0
B08BK419KF,,,,,10961.0
B08BK46L5K,1189.0,,1189.0,,1189.0
B08BK4HS8P,,,,,1189.0
B08BKY9Z42,,,99.0,99.0,99.0
B08BMSWR88,99.0,,,,
B08BN5HNH6,,,527.0,527.0,527.0
B08BNXKCGW,,,,29.0,
B08BPWRJ5D,1136.0,,,1136.0,1136.0
B08BPYN87R,101.0,,,,
B08BPYNFCJ,281.0,281.0,,,281.0
B08BQ31ZB9,,,,442.0,442.0
B08BQ95JDH,257.0,,,,257.0
B08BQF3XZ6,109.0,,109.0,109.0,109.0
B08BRFBQGT,,,,,146.0
B08BT6J2HZ,268.0,,268.0,,268.0
B08BTM6LDV,,72.0,,72.0,72.0
B08BTNYLGY,,,,31.0,31.0
B08BTS8CZ9,,,,,69.0
B08BTWK1ZV,519.0,,,,
B08BTX778N,,,,,47.0
B08BV31FS3,,,,,7.0
B08BW9ZD1M,14.0,,14.0,,
B08BX5Y7YW,,,,,56.0
B08BXP74SB,602.0,,602.0,,602.0
B08BYKJ926,,,519.0,,
B08BYL9SCW,,,,519.0,
B08BZ9QDT6,,,,,14.0
B08BZWT4V4,,,15.0,15.0,
B08BZXBKFY,,,,,181.0
B08C1K67KW,,,11.0,,
B08C4Z9758,,,53.0,53.0,53.0
B08C542HBZ,,,,,9.0
B08C575SSG,,,,,10.0
B08C5NNVCR,,,,,164.0
B08C815MVD,90.0,,,,90.0
B08C8JF4ZM,,,24.0,,
B08CB5Y695,91.0,,,,91.0
B08CBC3936,,,,,7.0
B08CCKH7B1,,,,,121.0
B08CD8D9ZW,,,,,2069.0
B08CDK34MY,,,,39.0,39.0
B08CDN5W37,,,,45.0,45.0
B08CG1GFFB,,,,,85.0
B08CG3KTMM,,4.0,,,
B08CG3KTMR,,,,,42.0
B08CG3L5GX,,,,,67.0
B08CG6B3DG,316.0,,,316.0,316.0
B08CG8KFV4,,42.0,,,
B08CG8MD49,,,,,85.0
B08CG8MD4F,,,85.0,85.0,85.0
B08CG99QRQ,2201.0,2201.0,2201.0,2201.0,2201.0
B08CHJM3GX,,,,,11.0
B08CHKT8BC,,,,,12.0
B08CJ3MVYP,,,86.0,86.0,
B08CJ789MH,,,,,3604.0
B08CJB9WW8,,,,,1261.0
B08CJBC33S,,,1261.0,,1261.0
B08CL3SN57,,,6572.0,,
B08CL431P1,,,6572.0,,
B08CLHM6XX,,,,32.0,32.0
B08CLXMYSL,31.0,,,,
B08CMCQMV8,,,,,256.0
B08CMDV572,215.0,,,,215.0
B08CMFM9V1,283.0,,283.0,283.0,283.0
B08CMFVGF6,65.0,,,,65.0
B08CMHF43Z,,373.0,373.0,,373.0
B08CMNTDM9,547.0,,,547.0,547.0
B08CMQKYB5,182.0,,,,
B08CMQV665,,,,45.0,
B08CPLH5YR,,16.0,,,
B08CQ21W3F,,,,,33.0
B08CQRWXLT,,,,231.0,231.0
B08CQT64K8,,,298.0,298.0,298.0
B08CR6VSVY,,,,,254.0
B08CRY114Y,,,,,250.0
B08CS1BFYW,,,52.0,,
B08CS1WR93,729.0,,729.0,729.0,729.0
B08CSF575Y,,,1240.0,,1240.0
B08CV6G6LT,,164.0,,,164.0
B08CV6PS7K,,47.0,,,47.0
B08CV6ZJCG,,,,,42.0
B08CV73H2Y,,,,,47.0
B08CV7XKFC,,,164.0,,164.0
B08CV85MMV,29.0,29.0,,,
B08CVKRS2K,,,4935.0,,
B08CVS8PSB,78.0,,,,78.0
B08CVTT4Q4,369.0,,369.0,369.0,369.0
B08CVTTMCF,,265.0,,265.0,
B08CVV7SJP,,,,243.0,243.0
B08CVVDVYK,1146.0,,1146.0,1146.0,1146.0
B08CVVKN7S,485.0,,485.0,485.0,485.0
B08CW9G4W3,1416.0,,1416.0,1416.0,1416.0
B08CW9GV3C,773.0,773.0,773.0,773.0,773.0
B08CWG544R,348.0,,348.0,,
B08CWMCF7B,,,,,55.0
B08CY2RP67,8.0,,,,
B08CY3T3SW,,,,67.0,67.0
B08CY7GM2W,,,,,93.0
B08D1VXM8T,292.0,,292.0,,292.0
B08D284R58,,,,,71.0
B08D2P5TFD,1296.0,1296.0,,1296.0,1296.0
B08D33L26K,,,,,46.0
B08D3FXF64,2346.0,2346.0,2346.0,2346.0,2346.0
B08D3W16BZ,1469.0,,,,
B08D4L7NL9,,,26.0,,
B08D4MV36N,,,,347.0,
B08D4N73QP,8258.0,,8258.0,8258.0,8258.0
B08D4P2VRX,11094.0,,,,
B08D4P2VSH,3004.0,,,3004.0,3004.0
B08D4PRQQY,,,,,448.0
B08D4PRTM5,,,2140.0,2140.0,2140.0
B08D4PXMVK,666.0,666.0,,,666.0
B08D4T8D85,,,,187.0,187.0
B08D4WD6NZ,,,,,20.0
B08D6PYG91,,,,,48.0
B08D6QPLGS,,,,,48.0
B08D6R4LB9,,,,,48.0
B08D6ZCSTV,211.0,,,,211.0
B08D7GVPXS,,,,,871.0
B08D7GVYJR,,,,147.0,147.0
B08D7J15LK,,,,,370.0
B08D7J3188,,,,,342.0
B08D7JFY8Y,436.0,436.0,,,
B08D7JKV4T,,,,394.0,394.0
B08D7TFR8T,,,,1789.0,1789.0
B08D7THRRY,,,,78.0,78.0
B08D7TXT5G,,,,,1789.0
B08D7V11V4,1789.0,1789.0,1789.0,1789.0,1789.0
B08D7V2JZM,,,1789.0,1789.0,1789.0
B08D7V2JZN,1789.0,,1789.0,1789.0,1789.0
B08D7V4Y3V,,1789.0,,,1789.0
B08D7V5TYC,,,1789.0,1789.0,1789.0
B08D7VZ86C,1789.0,,1789.0,1789.0,1789.0
B08D7W2MW8,1789.0,1789.0,1789.0,,1789.0
B08D7WHBNF,1789.0,,,1789.0,1789.0
B08D7WYTJK,1789.0,,1789.0,1789.0,1789.0
B08D7YCZXC,1789.0,,,1789.0,
B08D8FSVZ2,,,,,450.0
B08D8G974R,86.0,,,,86.0
B08D919938,,,,,83.0
B08D9RG926,,,210.0,,210.0
B08D9TD1KD,,93.0,93.0,,
B08DBGM9F3,149.0,149.0,149.0,,149.0
B08DBGZYSL,,,230.0,230.0,230.0
B08DBHTXGW,,684.0,684.0,684.0,684.0
B08DBQYL36,,,100.0,,100.0
B08DBR8B29,,,163.0,163.0,163.0
B08DBR8B2G,,231.0,231.0,231.0,231.0
B08DBRBGYZ,,67.0,67.0,67.0,67.0
B08DBSDFF2,,269.0,269.0,269.0,269.0
B08DBSJ1MG,,,,80.0,80.0
B08DBSJ1MJ,,,136.0,136.0,136.0
B08DBW5ZDZ,,,,,64.0
B08DBW8FR9,,308.0,308.0,308.0,308.0
B08DCCKCT3,,,,1.0,
B08DCGLYQM,,,,,39.0
B08DD11P49,,,84.0,84.0,84.0
B08DD12HHN,556.0,,,556.0,556.0
B08DD1DVXP,,549.0,549.0,549.0,549.0
B08DDKN6N4,,,40.0,40.0,40.0
B08DDSKKWF,,,18.0,,
B08DDXNZTN,49.0,,,,
B08DG86CDV,30.0,,30.0,30.0,30.0
B08DGLD6DB,26.0,,,,
B08DGLKS8B,,,,70.0,70.0
B08DGN5VWY,,,,,3.0
B08DGP7KHV,544.0,544.0,544.0,544.0,544.0
B08DGP8SXS,,,,,135.0
B08DGPWBN8,,,544.0,,544.0
B08DH58QLF,,,,,23460.0
B08DH7GB49,,,,38.0,38.0
B08DHWHPQD,,48.0,,48.0,48.0
B08DJVMSLF,175.0,,,,175.0
B08DJVNDZP,,,,,277.0
B08DJW6N7N,,456.0,,,456.0
B08DJWDNBN,,,,,66.0
B08DJWPCJZ,844.0,,,844.0,844.0
B08DJX1YPG,,,,326.0,326.0
B08DJXDCNR,659.0,,659.0,659.0,659.0
B08DL6WRZ8,,3232.0,3232.0,,3232.0
B08DL6Z12N,,,,,4606.0
B08DLH9WZL,,,,388.0,388.0
B08DLHXNTW,,,,,190.0
B08DLJ35FJ,,,,,7908.0
B08DLJ6LPW,296.0,,296.0,,296.0
B08DLJ6RF1,,,,7908.0,
B08DLJ7W3V,,,,,25.0
B08DLJDYR3,139.0,,,,
B08DLJK25R,388.0,,,388.0,388.0
B08DLJK77W,7908.0,7908.0,,,7908.0
B08DLJKT53,388.0,388.0,388.0,388.0,388.0
B08DLJL536,,,,,7908.0
B08DLJL6KG,,,7908.0,,7908.0
B08DLJXB2J,,,,7908.0,7908.0
B08DLJXB2Z,7908.0,,,7908.0,7908.0
B08DLJZ7TL,296.0,,296.0,296.0,296.0
B08DLK2NWB,7908.0,,,,7908.0
B08DLK5NNF,7908.0,,,,
B08DLK79F5,,,7908.0,,7908.0
B08DLKF4L9,,7908.0,,,7908.0
B08DLKGH29,,296.0,,,296.0
B08DLKMP6D,,,,7908.0,7908.0
B08DLKXG69,388.0,388.0,388.0,,388.0
B08DMRF4PP,,,,142.0,142.0
B08DPKLP7R,1361.0,,1361.0,1361.0,1361.0
B08DPLN32V,9234.0,9234.0,9234.0,9234.0,9234.0
B08DPM65Y6,300.0,,300.0,300.0,300.0
B08DPM6YNS,1361.0,1361.0,1361.0,1361.0,1361.0
B08DPMXJ1M,9234.0,9234.0,9234.0,9234.0,9234.0
B08DPPHMNG,,,,,1751.0
B08DPPJH9J,,,280.0,280.0,280.0
B08DPPSTJ7,,280.0,,280.0,
B08DPPW1Q9,,,,280.0,280.0
B08DPQ8LFL,,,,,798.0
B08DPQKS19,798.0,,,,
B08DPQNH1B,280.0,,,,
B08DPQQN48,798.0,,,,
B08DPWNQYF,,,,,3076.0
B08DQ3S13H,2229.0,,2229.0,2229.0,2229.0
B08DQM2BYP,29.0,,,,29.0
B08DQP6BJ8,,,10.0,,
B08DRGMPJ8,3232.0,,,,3232.0
B08DRKHFZH,,,,563.0,563.0
B08DSGQCV7,,,,95.0,95.0
B08DXFTP9L,,,,,138.0
B08DXQDJ6P,814.0,,814.0,814.0,814.0
B08DYVH44G,,,,,19.0
B08DZ3PTWC,,9.0,,,
B08F1GTZM8,55.0,55.0,,,55.0
B08F1P6J92,,,111.0,111.0,111.0
B08F2Y282R,,,,27.0,27.0
B08F2Z1T9P,,,,41.0,41.0
B08F2ZRRX5,849.0,849.0,849.0,849.0,849.0
B08F31MQWH,,,,336.0,336.0
B08F325QC8,,,,,2009.0
B08F3322YW,,,,,95.0
B08F3322YX,83.0,83.0,83.0,,83.0
B08F38JCBK,,,,,69.0
B08F39BYM4,,,,,95.0
B08F3BYMMK,,,,,66.0
B08F3CDJF2,51.0,,,,
B08F3CHTB6,246.0,246.0,,,246.0
B08F3CPHZB,,,,,74.0
B08F3SQDGK,,,,,1980.0
B08F5JZTZS,,,,,20.0
B08F6W82JM,,,49.0,,
B08F6XVFCG,,,,142.0,142.0
B08F76M1YF,,890.0,,,890.0
B08F7XY6T2,,,,,24.0
B08F8JTC5N,,,20.0,,
B08F8P1RGK,,,,,23.0
B08F8S5T21,,,100.0,100.0,100.0
B08F9297NL,,,,48.0,48.0
B08F9ZQ52X,,,3068.0,,3068.0
B08FBH945J,1502.0,,,1502.0,1502.0
B08FBL831S,,,,,392.0
B08FBSZD97,1969.0,1969.0,1969.0,1969.0,1969.0
B08FBV1C5Z,,,,226.0,226.0
B08FBV4VMM,14240.0,14240.0,14240.0,14240.0,14240.0
B08FC18TN8,2.0,,,,
B08FC4JWMY,,,,,11.0
B08FCSVRMC,498.0,,,,498.0
B08FCT6BFG,,,,,37.0
B08FD2FQ8R,,,,136.0,136.0
B08FD52PV7,,,,,378.0
B08FD6BYFP,,,,,378.0
B08FD6FMXL,368.0,,,,
B08FD6XKH8,,,,,368.0
B08FFHGYRP,,,,286.0,
B08FFNNTQH,,,,549.0,549.0
B08FFP5P75,,,611.0,,611.0
B08FGC2RB4,19.0,,,,19.0
B08FGF9PWQ,,,,,254.0
B08FGL8QJL,,,,,256.0
B08FK9HMWW,,,,36.0,36.0
B08FK9HNT7,,,710.0,,710.0
B08FKFZCMH,,,,,124.0
B08FLDRSF8,,,139.0,,139.0
B08FLF156V,139.0,139.0,139.0,139.0,139.0
B08FLF156W,,,147.0,147.0,147.0
B08FLGZ3F9,,139.0,139.0,139.0,139.0
B08FLGZ3FB,,,,139.0,139.0
B08FLJ81F3,,130.0,,130.0,130.0
B08FLKDBKD,139.0,139.0,,139.0,139.0
B08FLKQCPZ,,139.0,,139.0,139.0
B08FLNDYBM,,,,139.0,139.0
B08FLVDFPD,,23.0,,,
B08FN7VM8V,739.0,,739.0,739.0,739.0
B08FNCVGCF,,,,,150.0
B08FNDHYWQ,,,,207.0,
B08FNF4QWB,,,,,135.0
B08FNFVQ9S,,,,,251.0
B08FNKSR8R,,,141.0,,141.0
B08FNLJ486,625.0,625.0,,625.0,625.0
B08FNPNFJZ,,,,,1316.0
B08FNRJ3GY,,,2990.0,,2990.0
B08FNV2DLX,3434.0,,,3434.0,3434.0
B08FNV4L9S,142.0,,,,
B08FNVC856,,,,,2990.0
B08FNXZPVP,,587.0,587.0,587.0,587.0
B08FP1D431,9182.0,9182.0,9182.0,9182.0,9182.0
B08FP1D432,,,,,319.0
B08FP3S97T,587.0,,587.0,587.0,587.0
B08FP69Z6T,,,401.0,401.0,401.0
B08FPCZV9Q,,,,139.0,139.0
B08FQ5N5DS,,,,,66.0
B08FRH3H5D,173.0,,173.0,173.0,173.0
B08FRH8TQD,34.0,,,34.0,
B08FRN4H4V,,,,,288.0
B08FRNXY31,,,,,56.0
B08FRRDFMQ,,288.0,,,288.0
B08FS1DXQT,177.0,,,,177.0
B08FS3K9SF,,,,,141.0
B08FS4VD23,,,,223.0,223.0
B08FS4VD25,,,104.0,104.0,104.0
B08FS68XSN,,,,,88.0
B08FV2S2BF,,,,,10.0
B08FV2ZNQ7,,,,,4.0
B08FW3PWSQ,,529.0,529.0,,
B08FW63P3B,2740.0,2740.0,2740.0,2740.0,2740.0
B08FW89JBN,1074.0,1074.0,1074.0,1074.0,1074.0
B08FXRR5B2,,,23.0,,
B08FY4VDQW,2021.0,,,,2021.0
B08FY5T5NK,263.0,,263.0,263.0,263.0
B08FY69TZ1,,263.0,263.0,,
B08FY6HFTB,5.0,,,,
B08FY6LKZG,263.0,,,263.0,263.0
B08FY71ZWX,263.0,263.0,,,263.0
B08FY8KSF6,,,126.0,126.0,126.0
B08FY8Q55Y,335.0,,,,
B08FYDZ8QM,273.0,273.0,273.0,,273.0
B08FYF97H7,1006.0,1006.0,1006.0,,
B08FZLCN4N,,,,,4606.0
B08FZLKLXH,,2272.0,,,2272.0
B08FZLKRC4,6995.0,,6995.0,6995.0,6995.0
B08FZLLMZ3,2272.0,,,,2272.0
B08FZLM73C,,3076.0,,,3076.0
B08FZLZZBH,,,3791.0,3791.0,3791.0
B08FZMR88M,773.0,,,773.0,773.0
B08G18SPJX,,358.0,,,358.0
B08G194S1Z,,,,,91.0
B08G22TVZV,,,,,3351.0
B08G2R6PF1,,,,4.0,
B08G2SKSB9,,,,,33.0
B08G2VPBTX,,,,,4.0
B08G2XKWLX,66.0,,66.0,,
B08G33YQWS,,,,,3.0
B08G3PG7MS,12.0,,,,
B08G4CLHVG,74.0,74.0,,74.0,74.0
B08G4XHZ55,,,74.0,74.0,74.0
B08G51S4YG,,1355.0,,,1355.0
B08G5NM8KX,,,,,98.0
B08G5PCBKP,,,,,108.0
B08G5PJR32,,,,,31.0
B08G5PJV69,,,,,43.0
B08G5PTJDQ,,,,,15.0
B08G5QGZWW,,,,,59.0
B08G5R2D6Z,,,,,579.0
B08G5RBHFH,,233.0,,,
B08G5SD6CG,,,,,252.0
B08G5SGD89,,,,,88.0
B08G5SNZHL,,,,,204.0
B08G5SSSW1,,,165.0,,165.0
B08G5ST2D9,196.0,,,,196.0
B08G5SZKRC,,,171.0,,171.0
B08G5W2H4L,,458.0,,,458.0
B08G67TX18,350.0,,350.0,,350.0
B08G74Y2MS,6995.0,,,,6995.0
B08G78L8F6,,,,,2794.0
B08G7B3NT9,3947.0,3947.0,,,3947.0
B08G7GTTBQ,,,,,3947.0
B08G7GVH57,,,,4606.0,4606.0
B08G7HLRV2,,2794.0,,,2794.0
B08G7HN2B1,3947.0,,3947.0,3947.0,3947.0
B08G97DX7M,555.0,,,555.0,555.0
B08G9B1JQ3,,,,840.0,840.0
B08G9B22QS,555.0,,555.0,,555.0
B08G9H4DMX,,,273.0,273.0,
B08G9Y8X8V,,,,,28.0
B08GB83XJ3,,,531.0,,531.0
B08GCTXZB4,,,,12.0,
B08GD98S1J,,,,,34.0
B08GDG9F25,,,126.0,,126.0
B08GDJ1B8T,103.0,,,,103.0
B08GDJCLRK,,81.0,,,
B08GFB23Y9,152.0,,152.0,,152.0
B08GFDV7X5,,,,,303.0
B08GFMVD1H,152.0,,,,
B08GGR3JKK,,,,,142.0
B08GGV6926,,,,,118.0
B08GGX89SN,,,,,8.0
B08GH7MJ4B,,,,,104.0
B08GH7T7NY,,,,,8.0
B08GH8SJJ8,,,,,635.0
B08GHHXXY8,,,,,158.0
B08GHX6WQX,259.0,,,,259.0
B08GKY511R,,,32.0,,
B08GKYVFHC,,,39.0,39.0,39.0
B08GKZWP68,,,,21.0,21.0
B08GL16GSM,,,,,103.0
B08GL1MC7W,,32.0,,,
B08GL1PQYJ,,,,103.0,103.0
B08GL7H6TV,,238.0,238.0,238.0,238.0
B08GLB3FKB,2504.0,,2504.0,2504.0,2504.0
B08GLBR41C,163.0,,,,163.0
B08GLC9N9N,3010.0,3010.0,3010.0,3010.0,3010.0
B08GLCHT7M,,,,,52.0
B08GLCP27S,,262.0,262.0,262.0,262.0
B08GLCP285,,,3010.0,,3010.0
B08GLCP9WB,,,2504.0,2504.0,2504.0
B08GLCPJ6P,,,2504.0,2504.0,2504.0
B08GLCXNGV,3010.0,,3010.0,3010.0,3010.0
B08GLFLKB3,,,152.0,152.0,152.0
B08GLJ41W7,,,,,76.0
B08GLJ46M6,,,,668.0,668.0
B08GLJ4RMC,,4262.0,4262.0,4262.0,4262.0
B08GLK9QFK,,,,359.0,359.0
B08GLLHTHN,,,,,4.0
B08GLLNVT5,,,,,668.0
B08GLMD2SV,,186.0,,186.0,186.0
B08GLMMRJX,,,,,12.0
B08GLMYH17,,,,,1.0
B08GLN4QFZ,1024.0,1024.0,,1024.0,1024.0
B08GLN9KKB,,,,39.0,39.0
B08GLN9L6L,,,,,15.0
B08GLNGM67,,,,,4262.0
B08GM9WG8L,,9.0,,,
B08GMNSGHV,,,,,16.0
B08GNNJ1V3,,,,84.0,84.0
B08GNQWNWP,67.0,,,,67.0
B08GP6MM1K,,,,139.0,
B08GQ5V9DZ,,,,,548.0
B08GQ7SBPN,,,,,25.0
B08GQ813QF,,,,,8.0
B08GRKJBYF,,,1923.0,,1923.0
B08GSNJC7X,,,90.0,,
B08GSRNC6D,670.0,670.0,670.0,670.0,670.0
B08GTGP6SN,,,,,275.0
B08GW8JSJJ,,,,,209.0
B08GXY2DL3,,,18.0,18.0,
B08GY4SN45,,,,,18.0
B08GY6XRK5,,,,,21.0
B08GYL42KV,,,34.0,34.0,34.0
B08GYVCY4X,2357.0,2357.0,,,2357.0
B08GYYQ79C,,,1126.0,,
B08H1CX8V8,,1026.0,1026.0,,1026.0
B08H1HT3Q9,,,,34.0,34.0
B08H1RFVST,34.0,,,,34.0
B08H1XY35T,,,,,60.0
B08H2FRSX2,,231.0,,231.0,231.0
B08H2FXBBW,,,,,255.0
B08H2FZGH6,,212.0,,212.0,212.0
B08H2G47HH,,,,,260.0
B08H2GHBTJ,,,,176.0,176.0
B08H2GNMP3,,,,,376.0
B08H2GNQ11,,,305.0,,305.0
B08H2GX5NM,,176.0,,176.0,176.0
B08H2GXH1G,212.0,,,,212.0
B08H2HBQVZ,,,,,198.0
B08H44QS4G,2901.0,,,2901.0,2901.0
B08H48NFMS,,,,,462.0
B08H4BDS6M,,,,191.0,
B08H4T9JQL,,16.0,,,16.0
B08H4ZHJLN,462.0,462.0,,462.0,462.0
B08H56ZG4C,,,,76.0,76.0
B08H5888B3,,,,,38.0
B08H5RS3BR,,,,53.0,53.0
B08H5SPVX3,,23.0,,,
B08H5V84WJ,,,241.0,241.0,241.0
B08H5VJJW7,799.0,799.0,799.0,799.0,799.0
B08H5WFXZC,198.0,,198.0,,
B08H5WZ4PL,,,,,1844.0
B08H5ZNR78,,,,438.0,438.0
B08H6B4R5K,2402.0,,2402.0,2402.0,2402.0
B08H6BR675,40.0,,,,40.0
B08H6C3L19,,,,,48.0
B08H6D8GY3,,,178.0,178.0,
B08H6K6TFG,68.0,,,,
B08H7F646R,,,,19.0,
B08HB7L7PH,,,,,5.0
B08HC4SBN3,,,,144.0,
B08HC57S28,,,174.0,174.0,174.0
B08HD3962M,,,,,785.0
B08HD3J13V,,126.0,126.0,,126.0
B08HD55XMJ,,,,,341.0
B08HD5CGR7,35.0,,,,
B08HDYSDQJ,,,24.0,,
B08HF2L7SB,123.0,,,123.0,
B08HF5J1WQ,,,,,27.0
B08HF6LB9H,,,,123.0,
B08HF8DZB7,,,,,123.0
B08HGH2494,,873.0,,,873.0
B08HGLF81L,2497.0,2497.0,,,
B08HGM9H9P,,,,,64.0
B08HGMDWNQ,,,,,16.0
B08HGT4D5F,,,549.0,549.0,549.0
B08HGTY2TK,,,,,259.0
B08HGXDCNV,,,,,265.0
B08HGZ2MZ3,,,,,20.0
B08HGZKJP2,,1681.0,,1681.0,
B08HH7VTSL,,,,,109.0
B08HHTMK3S,2040.0,2040.0,2040.0,2040.0,2040.0
B08HJB11XT,,3.0,,,
B08HJCZK76,,,,,4.0
B08HJHJXYH,,,,143.0,
B08HJNV4BR,,,,,281.0
B08HKCVVBJ,135.0,,,,135.0
B08HKCW2BJ,,,,,174.0
B08HKVJ72G,,,,35.0,
B08HP1Q5QD,,,,,66.0
B08HPF7QD9,,,,6.0,
B08HPTH357,,,,,3.0
B08HR6PFJS,,,363.0,,
B08HR6VYD7,,,203.0,,203.0
B08HR7DY6M,,,,,122.0
B08HRC71PQ,,,,43.0,
B08HRJQVMJ,,,187.0,,
B08HRR88G6,,,,39.0,
B08HRV9WDH,,,,68.0,
B08HRVNNQH,,,,,49.0
B08HRYWM4C,,,,,46.0
B08HSM971S,,,496.0,496.0,496.0
B08HSNWWB6,,,,,384.0
B08HT12N1M,,,,,119.0
B08HT1SNRL,,,119.0,,119.0
B08HT1TVJN,,,,,119.0
B08HTGH8LR,,,,53.0,53.0
B08HTNRZMH,17032.0,17032.0,17032.0,17032.0,17032.0
B08HTQRF47,,,15.0,,
B08HVTDSPK,,,,,27.0
B08HVTWFSD,,,,33.0,33.0
B08HVV1PSS,,,,,128.0
B08HVV9C3L,,,,,23.0
B08HVVS84Z,,,182.0,,182.0
B08HVVSKP6,,,30.0,30.0,30.0
B08HVW1RS8,,,,,37.0
B08HVX84NM,,,12.0,,
B08HVXNSN3,,,,,48.0
B08HVXSWPK,,,7.0,,
B08HWPPTS5,395.0,,395.0,,395.0
B08HWRM6TX,97.0,,97.0,97.0,97.0
B08HY9C5P6,,1190.0,1190.0,1190.0,1190.0
B08HZ5G2WZ,,,,,254.0
B08HZ5T47P,,254.0,,,
B08HZ6JY3V,,167.0,,,
B08HZ6W9P6,,,,,167.0
B08HZ6XBFF,,,,,167.0
B08HZ7LZ3S,,,,,148.0
B08HZBTJKV,,,,,26.0
B08HZGB4BM,,,33.0,33.0,33.0
B08HZJ9WPV,,,,,182.0
B08HZVY3TK,,,140.0,,140.0
B08HZVY3TS,,,,,18.0
B08HZW6QNF,,63.0,,,63.0
B08HZW772P,,,247.0,,247.0
B08HZW7H6V,,,,,269.0
B08HZW9YY4,,,,,1492.0
B08HZWB9FM,,,,,53.0
B08HZWBHLT,,,,,24.0
B08HZWBHLV,,,,,105.0
B08HZX87ZC,,,,,93.0
B08HZXCH1W,,,,,200.0
B08HZXDN4Q,,,225.0,225.0,225.0
B08HZXDN4Y,31.0,,,,
B08HZXJX29,257.0,,257.0,,257.0
B08HZXMLBD,,,,,63.0
B08HZXWY3Q,165.0,,,,165.0
B08J17YWN4,,,30.0,30.0,30.0
B08J33P5T3,,,,125.0,125.0
B08J33TJPV,,,,,201.0
B08J3DP27D,,,,,334.0
B08J3ML1X4,,312.0,,312.0,
B08J3QV1DZ,,,6.0,,6.0
B08J3W7Z73,,,,376.0,376.0
B08J4DHTHN,,,,,128.0
B08J4GQLXT,,18307.0,,,18307.0
B08J4JX4P4,,,,62.0,62.0
B08J7LGV97,,,,,6.0
B08J8BCZ6T,,,278.0,,
B08J8XG7JV,77.0,,77.0,,
B08J8YXT8Z,,,,,201.0
B08J8Z3K38,,,,,42.0
B08J9YST3V,,,,,47.0
B08JCQX7NB,,,,,35.0
B08JHCLWNJ,,,,,16.0
B08JL2QNCC,,,,56.0,
B08JL451SN,,40.0,40.0,,40.0
B08JL46MM4,,,26.0,26.0,26.0
B08JL48G3N,,,,40.0,40.0
B08JL4DC7Z,,38.0,,38.0,38.0
B08JM92VS9,,,28.0,,28.0
B08JM9D8RN,420.0,,420.0,,
B08JQLBN9R,,,,,49.0
B08JRYCR1C,,,,227.0,227.0
B08JVNC7LP,3311.0,3311.0,,3311.0,3311.0
B08JXDC6PF,,,,,96.0
B08JYP768Q,,,33.0,,33.0
B08JYS14CB,,,,66.0,66.0
B08JYSK4W1,,,,,20.0
B08JZVL5Y1,,,,103.0,
B08K2P5BTP,,,,,9.0
B08K3P18VC,2780.0,,,2780.0,2780.0
B08K3QF1YN,432.0,432.0,432.0,432.0,432.0
B08K3QGKCB,97.0,,97.0,97.0,
B08K3QGS5V,130.0,130.0,130.0,,130.0
B08K3QKL4J,,,,99.0,99.0
B08KB3DVWN,,,1562.0,,1562.0
B08KC1NXYP,,,,,99.0
B08KFK3M64,,,,,22760.0
B08KG3HXDQ,,,,4.0,
B08KGKL5FD,,,,,15.0
B08KGPHG4J,4990.0,,,4990.0,4990.0
B08KGPHG4L,187.0,,,,187.0
B08KGPS59S,,,,187.0,
B08KGQBZKT,,,,,187.0
B08KGRSMNH,4990.0,4990.0,4990.0,,4990.0
B08KGS6DDQ,,,187.0,,
B08KGT3X2B,,,,,2040.0
B08KGTB96V,,,,,214.0
B08KGTHS47,,,,,187.0
B08KGTLSQ8,2040.0,,,,2040.0
B08KGTLVW2,,,,,2040.0
B08KGTNJWK,,214.0,,,
B08KGTRRGV,,,,,407.0
B08KGV2DJZ,,,,,407.0
B08KGV3V9P,2040.0,,,,2040.0
B08KGV4F7Q,2040.0,2040.0,,,2040.0
B08KGV8C3P,,,,,2040.0
B08KGVJV3C,187.0,,,187.0,
B08KGVQ1XH,,,,187.0,
B08KGVT7LN,2040.0,,2040.0,,
B08KGVTCK3,,,,,364.0
B08KGVVVYL,2040.0,,,,2040.0
B08KGW9X35,,2040.0,,,
B08KGWC6KZ,407.0,,,,
B08KGWFR16,,,2040.0,,2040.0
B08KGWW9NR,,,2040.0,2040.0,2040.0
B08KGWW9NS,,,,,1669.0
B08KGX2NPY,,,,,187.0
B08KGX54LR,2040.0,,,,
B08KGX96Z1,,,,407.0,407.0
B08KGXJRV3,2040.0,,,,
B08KHCKCWX,,,540.0,,540.0
B08KHD1VS5,,,102.0,,102.0
B08KHD24TS,,,,,259.0
B08KHPXDSX,540.0,,540.0,540.0,540.0
B08KHQNPYX,,,65.0,,
B08KHTL42P,140.0,,,,
B08KJ5XJG9,,,,,6.0
B08KJKFVX8,,,301.0,,301.0
B08KJRH8KC,,93.0,93.0,93.0,93.0
B08KK254JB,,,,,103.0
B08KL2ZKRQ,,,,,124.0
B08KL72Z7Q,,,,,50.0
B08KQ5RBRV,,,,,1.0
B08KQ6WF5S,,,,,48.0
B08KQ7P61T,2.0,,,,
B08KQ7PZ7J,,,,33.0,33.0
B08KQ7SDXD,13.0,,,,
B08KQ7SKDR,1418.0,,,,1418.0
B08KQ7X93L,,,,48.0,48.0
B08KQ81WQ4,,2.0,,,
B08KQ87ZLL,,,,,6.0
B08KQ8BH8W,13.0,,,,
B08KQ8L581,26.0,,,,
B08KQ8XHR8,96.0,96.0,,,96.0
B08KQ8Y4QD,,13.0,,,
B08KQ8ZBH2,,,,,20.0
B08KQ93Y18,,,62.0,62.0,62.0
B08KQ94RPK,,,,,47.0
B08KQ9VJF7,,,,,48.0
B08KR79NBR,995.0,,,995.0,995.0
B08KRXSCTC,,,,,59.0
B08KS7MRHP,14.0,,,,
B08KSHDHN3,,,,,11.0
B08KSKBHH6,1576.0,,1576.0,1576.0,1576.0
B08KTXY6S8,1751.0,,1751.0,,1751.0
B08KTYZLL4,7125.0,7125.0,7125.0,7125.0,7125.0
B08KTYZLLB,2816.0,2816.0,2816.0,2816.0,2816.0
B08KTZYKDF,389.0,389.0,,389.0,
B08KTZYKDP,182.0,,,182.0,182.0
B08KV1ZNJ9,592.0,,592.0,592.0,592.0
B08KV3NLFY,,,60.0,60.0,60.0
B08KV3P8YV,,,,32.0,
B08KV3PLJH,,,54.0,54.0,54.0
B08KV56N1K,,,,42.0,42.0
B08KV5H1C6,,46.0,,,
B08KV7G5Y9,69.0,,,,69.0
B08KVJSFX5,,,,,2204.0
B08KWMPXWQ,,,,,8.0
B08KX58F9Z,,,,,160.0
B08KX5Y4L7,,,,,33.0
B08KX769N8,,,,,9.0
B08KX8GB46,,,,,27.0
B08KYFJ2M6,,,,,9.0
B08KYKKNK6,,,302.0,,
B08KYMFFCX,,,,,302.0
B08KYQ8XZF,47.0,,,,
B08KYQ8XZL,,,,32.0,32.0
B08KYQBKPY,,,,,468.0
B08KYQBSLX,,,305.0,305.0,305.0
B08KYS4BTQ,,,334.0,,334.0
B08KYS4JDM,,,,37.0,37.0
B08KYS4JDQ,,,,25.0,25.0
B08KYSMM1G,,,,33.0,33.0
B08KYT13QQ,231.0,231.0,231.0,231.0,231.0
B08KYTGPX4,,,,,468.0
B08KYTLY6T,,,231.0,231.0,231.0
B08KYTSW3C,,,,,2257.0
B08KYVDH3J,34.0,,,34.0,34.0
B08KYWZGZN,1773.0,1773.0,1773.0,1773.0,1773.0
B08KYXM8D5,468.0,,468.0,468.0,468.0
B08KYY63WJ,,,38.0,38.0,38.0
B08KYZJ3TG,,,,232.0,
B08KZ15KPH,95.0,,,,95.0
B08KZ17VP5,,,31.0,,31.0
B08KZ1BVZC,,,232.0,,232.0
B08KZ1GRBT,,,,,198.0
B08KZ1SKJZ,,,,,6.0
B08KZ23YV3,29.0,,,29.0,29.0
B08KZ2788N,,,579.0,,579.0
B08KZ3Q55H,,,,,651.0
B08KZ75H32,,,,,300.0
B08L46V99Q,5.0,,,,
B08L4B5HV8,,,,,96.0
B08L4B9NT8,,,,,4.0
B08L4D1N5W,4423.0,4423.0,4423.0,4423.0,4423.0
B08L4J2X3F,,,,,12.0
B08L5C2X2G,,,,350.0,350.0
B08L6399RD,267.0,,,267.0,267.0
B08L6W1KRP,,,102.0,102.0,102.0
B08L7B9K7N,,,,,71.0
B08L7P78ZM,,,,,41.0
B08L7PPZH7,1401.0,,1401.0,,1401.0
B08L7S5LVN,1274.0,1274.0,1274.0,1274.0,1274.0
B08L8B421V,4410.0,4410.0,4410.0,4410.0,4410.0
B08L8CQPPJ,,,934.0,934.0,934.0
B08L8D93QB,,12453.0,12453.0,12453.0,12453.0
B08L8DPXRM,,721.0,721.0,721.0,
B08L8G4YXF,,,,,446.0
B08L8GYW1F,,,518.0,,518.0
B08L9GL4WQ,,,987.0,987.0,987.0
B08L9P5SY6,,,,,18.0
B08L9QF1GK,,,408.0,408.0,408.0
B08L9WDD3P,,,,,142.0
B08LBQ73PM,,,,,26892.0
B08LCP9XTP,,2009.0,,,
B08LCQ6DDM,42.0,,,,
B08LCQRG6K,,,,29.0,
B08LG1KT5P,492.0,,,,492.0
B08LH8MHMK,,,1582.0,,1582.0
B08LHX4H9K,,,,,67.0
B08LJZWV1G,,,717.0,717.0,717.0
B08LK15G9Y,401.0,,,401.0,401.0
B08LK4KLTR,,,,334.0,334.0
B08LKB4J8D,,,692.0,692.0,692.0
B08LKB5QHP,,,,,52.0
B08LKFKNJX,,,,,1401.0
B08LKGGVPJ,,1401.0,1401.0,1401.0,1401.0
B08LKH1QNP,,,,,960.0
B08LM7YMWY,,37.0,,37.0,
B08LMG6XH9,,,,,142.0
B08LP41MZQ,,,63.0,,
B08LP6DNXT,63.0,,,,
B08LRRMHTB,,34.0,34.0,34.0,34.0
B08LTH38WJ,,,,,23.0
B08LTKCWR3,,,,,12.0
B08LV8ZLYV,,,34.0,34.0,34.0
B08LVVCQ7H,,,16.0,,16.0
B08LVWJHZ2,,140.0,140.0,140.0,140.0
B08LVXD1T9,,,7.0,7.0,
B08LX8G29T,,,,,22.0
B08LYK67CC,,,,,140.0
B08M1QY738,8184.0,8184.0,8184.0,8184.0,8184.0
B08M1SVH9R,8078.0,8078.0,,8078.0,8078.0
B08M1TYN7P,8184.0,8184.0,8184.0,8184.0,8184.0
B08M2G2BGZ,,8078.0,,8078.0,8078.0
B08M2PP78L,,,,,6362.0
B08M2PY6J5,,,,,6362.0
B08M2T1NS1,6362.0,,,,6362.0
B08M4CXBSS,1972.0,1972.0,1972.0,1972.0,1972.0
B08M57JQY4,,,27.0,27.0,27.0
B08M57K32L,,,23.0,23.0,23.0
B08M58XKV5,26.0,,,26.0,
B08M591XJS,,4.0,,,
B08M593Y7R,,66.0,66.0,,66.0
B08M5BG7ZN,,,,,85.0
B08M5BM9MK,,,,,21.0
B08M5D51BW,,,25.0,,25.0
B08M5FW4CV,,,60.0,60.0,
B08MBG5GTR,,,112.0,112.0,112.0
B08MDJSKS5,,,447.0,447.0,447.0
B08MDKKZGM,,,,,447.0
B08MFP4KHH,,,,,37.0
B08MFP92JM,,,,55.0,55.0
B08MH99WQP,,,,,354.0
B08MHGST8X,,,,,1033.0
B08MHL3Z41,,,13.0,,13.0
B08MJ5P87P,,,,,3.0
B08MJZYW8P,,,12253.0,12253.0,12253.0
B08MKJTNH8,1080.0,,1080.0,1080.0,1080.0
B08MLB7T5F,,,,,456.0
B08MQFHNGC,,,,143.0,
B08MRNW5T2,353.0,,,353.0,353.0
B08MTF4CYP,,167.0,167.0,,167.0
B08MVBWPM5,,,,,63.0
B08MVC6GKY,,,,,328.0
B08MVMPMYN,,,63.0,,
B08MXRFBHS,,,,950.0,950.0
B08MXRT21L,,,,642.0,642.0
B08MXSGKKY,85.0,85.0,,,85.0
B08MXSJD9T,,,,,58.0
B08MXSNKVP,,,,,516.0
B08N2MNNZQ,,,,,83.0
B08N2S5PML,,,,,83.0
B08N3DWCK7,291.0,291.0,,291.0,291.0
B08N3LPV8B,,295.0,,,295.0
B08N3PV51D,1416.0,,1416.0,1416.0,1416.0
B08N595WY7,,37.0,,37.0,
B08N5GBF58,,,,,203.0
B08N5KBR3F,6.0,,,,
B08N63MKZ3,,,,26.0,
B08N66R447,2207.0,2207.0,2207.0,2207.0,2207.0
B08N66YP8K,,,,,14.0
B08N6FBVCP,,,336.0,,336.0
B08N6FK6K4,2394.0,,,2394.0,2394.0
B08N6G2PWF,,,,,2037.0
B08N6G2PWJ,,,,,541.0
B08N6G3MMZ,2200.0,2200.0,2200.0,2200.0,2200.0
B08N6GVP2D,,,43.0,,43.0
B08N6GWLTS,1696.0,,1696.0,,1696.0
B08N6H4N6H,596.0,,,,596.0
B08N6H4N6M,,,,,277.0
B08N6H8BPC,,200.0,,,200.0
B08N6HDSXL,,2175.0,,,2175.0
B08N6HJ3HF,,,,,2037.0
B08N6HTVLT,,1635.0,1635.0,,1635.0
B08N6HXZ4M,,,,,1357.0
B08N6HXZ4N,,,251.0,251.0,251.0
B08N6J1KZ7,,,,,933.0
B08N6LTBYY,,,,,10.0
B08N7TXSSB,,,,107.0,107.0
B08N7TYZ2X,127.0,,,127.0,127.0
B08N7TZ9SY,,,127.0,127.0,127.0
B08N7TZG2R,,266.0,266.0,266.0,266.0
B08N7VDKB8,,,,244.0,244.0
B08N7VDKBH,,,173.0,173.0,173.0
B08N7VSPSD,,,,266.0,266.0
B08N7VSPSW,,107.0,,107.0,107.0
B08N7VY34R,,2565.0,,2565.0,2565.0
B08N7W5CLN,,266.0,266.0,266.0,266.0
B08N7W5H4V,,,,218.0,218.0
B08N7W5H52,,,,102.0,
B08N7W6PSP,,,,82.0,82.0
B08N7WFY1K,,,,244.0,244.0
B08N7WN4XJ,,255.0,255.0,255.0,255.0
B08N7WN4XP,54.0,,,54.0,54.0
B08N7WT8L8,,161.0,161.0,161.0,161.0
B08N7WT8LB,,,116.0,116.0,116.0
B08N7X7TF4,,219.0,219.0,219.0,219.0
B08N7X838L,219.0,,219.0,219.0,
B08N7X838M,,116.0,116.0,116.0,116.0
B08N7XB8KL,21.0,,,21.0,
B08N7XB8L5,,,,,255.0
B08N7XCTSN,,,,203.0,203.0
B08N7XCTSW,,173.0,173.0,173.0,173.0
B08N7XDYJT,,,,218.0,218.0
B08N7XDYK2,,,,47.0,
B08N7XFDPZ,,242.0,,242.0,242.0
B08N7XFDQB,242.0,,,,242.0
B08N7XN28F,,,,,159.0
B08N7XQNKY,,,161.0,161.0,161.0
B08N7Y4YWY,,,70.0,70.0,70.0
B08N7Z1S1Q,161.0,161.0,161.0,161.0,
B08N7Z1S1R,,,242.0,242.0,
B08N835N4C,,173.0,,173.0,173.0
B08N84PWMT,,,,255.0,255.0
B08N97C4CM,,52.0,,,52.0
B08N98F1C4,,52.0,,52.0,52.0
B08N9L6C93,,10492.0,10492.0,10492.0,10492.0
B08NBCPHMZ,10492.0,,10492.0,10492.0,10492.0
B08NBF9NCN,10492.0,,,,10492.0
B08NDPYZLR,,,,,110.0
B08NDQTXYM,,,,,312.0
B08NDRTX73,241.0,,,,241.0
B08NDW4QX4,,,,,220.0
B08NDWX8WQ,71.0,,,,
B08NDXWXCF,1033.0,1033.0,1033.0,,1033.0
B08NDYGTVZ,666.0,,666.0,666.0,666.0
B08NF5W8W6,,,435.0,,435.0
B08NF689JW,491.0,,491.0,,491.0
B08NF7G8G7,,,,,28.0
B08NFBVDZF,,491.0,,491.0,491.0
B08NHVQQ5H,292.0,,292.0,,292.0
B08NHWXHH5,48.0,,,,
B08NL49KK5,,26.0,,26.0,26.0
B08NL4CBC9,,,,34.0,34.0
B08NL579RM,,,,,13.0
B08NNQSWRY,,,,,175.0
B08NNY44GK,,,,,26.0
B08NRPQKSH,,,,20.0,20.0
B08NSKXG2Q,,87.0,,87.0,87.0
B08NVS8ZXR,,,,,188.0
B08NVXJC4G,,32.0,,,
B08NWRFP5T,,,,,154.0
B08NX28NVM,,,,,135.0
B08NX28VND,88.0,,,,88.0
B08NX28VNF,,,88.0,,88.0
B08NX2DM92,212.0,,,,
B08NX36246,465.0,,465.0,,465.0
B08NX3C3Z6,,,,88.0,88.0
B08NX3DZM9,,,,,2058.0
B08NX3PD5D,88.0,,,,88.0
B08NX3Q7XN,88.0,,,,88.0
B08NX3QZZX,,,,,80.0
B08NX3RW5F,,,2058.0,,2058.0
B08NX3VH2R,80.0,,80.0,80.0,80.0
B08NX3W9NX,,,,80.0,80.0
B08NX3XD3X,,,16092.0,,16092.0
B08NX3XLPX,,,,,26892.0
B08NX3YFVY,88.0,,,,88.0
B08NX428L8,,,,,80.0
B08NX43JXG,465.0,,,,465.0
B08NX45P4F,,,,,26892.0
B08NX57VJ5,38.0,,,,
B08NX5NG4P,,,,,465.0
B08NX5Q38G,,,88.0,88.0,88.0
B08NX5Q38P,240.0,,,,
B08NX5X719,,,,,16092.0
B08NX7G5K5,465.0,,,,465.0
B08NX7N3RG,,,,,88.0
B08NX9FDRD,1923.0,,,,1923.0
B08NXT2STN,,,273.0,,273.0
B08NXVNW3F,,,1557.0,,1557.0
B08NYWLL1Z,,,,785.0,
B08P166PJN,,,,159.0,
B08P2552ZW,,,,,467.0
B08P26Y4X2,,,467.0,,467.0
B08P29ZQZW,46.0,,,,
B08P2BB474,,,,,398.0
B08P2ZVDML,,,,,95.0
B08P31ZC9J,,,,235.0,235.0
B08P31ZWXX,530.0,,,,530.0
B08P36QDQT,457.0,457.0,,457.0,
B08P3GY6NX,,,,,459.0
B08P3GZBY4,335.0,,335.0,335.0,
B08P3JFY3F,2128.0,2128.0,,,2128.0
B08P3KXHSH,2211.0,,2211.0,2211.0,2211.0
B08P4VVGTR,,,,44.0,
B08P4YJ6MS,,,,,46.0
B08P641G5M,8710.0,8710.0,8710.0,8710.0,8710.0
B08P66Q9TK,8063.0,8063.0,8063.0,8063.0,8063.0
B08P67N41H,8710.0,8710.0,8710.0,8710.0,8710.0
B08P68RPC1,,,,,12253.0
B08P68VHTQ,8063.0,8063.0,8063.0,8063.0,8063.0
B08P6LF53V,,,263.0,,263.0
B08P6LH7MB,,,,,169.0
B08P6SJXDJ,,,,3061.0,3061.0
B08P6SYNV1,,,,,412.0
B08P6SYWVV,3061.0,3061.0,3061.0,3061.0,3061.0
B08P6SYZPH,,,,,966.0
B08P6VDMZ3,,88.0,,,88.0
B08P6VGXKC,,,,3061.0,3061.0
B08P6VLY8C,,,88.0,,88.0
B08P6VNQQP,,,,,528.0
B08P6VNVXT,,,,,223.0
B08P6VPDRP,,,3061.0,,
B08P6VT4FC,,8100.0,,8100.0,8100.0
B08P6VY157,,,822.0,,822.0
B08P6XQ4DX,,3061.0,3061.0,3061.0,3061.0
B08P6XXBS4,,260.0,260.0,,260.0
B08P84DKKP,,32.0,,32.0,32.0
B08P9R2BQY,,,,,2.0
B08PC7TCW4,1089.0,,1089.0,,1089.0
B08PC7WLRQ,,,1089.0,,
B08PC7ZHKX,,,,,1089.0
B08PC8PFM3,,1089.0,,,1089.0
B08PC98TB3,,,,,1089.0
B08PC9KBLB,,,,,1089.0
B08PC9MLK1,,,,1089.0,1089.0
B08PC9TLK3,,,1089.0,1089.0,1089.0
B08PCBGL1Q,,,1089.0,,1089.0
B08PCBH34Z,,,,,217.0
B08PCMM361,,,15.0,,15.0
B08PFQG1NX,,,,116.0,
B08PFRWBTF,,,,,1923.0
B08PFSCH1L,116.0,,,,
B08PFT6L68,116.0,,116.0,116.0,116.0
B08PFTM4FL,,,,116.0,116.0
B08PFXCFQS,,,,8.0,
B08PFXH2ST,615.0,,615.0,615.0,615.0
B08PKZPRYP,,,,114.0,114.0
B08PL6G7K2,,,,32.0,32.0
B08PLZ8LG2,,,52.0,,
B08PMD2NSL,,,,,91.0
B08PMFK131,,,,,82.0
B08PMKJJM9,25.0,,,25.0,
B08PMQJTGP,,,,204.0,204.0
B08PQ5CT4B,,,,,13.0
B08PQ5M1TF,574.0,,,,574.0
B08PQ7VZ24,,,,,336.0
B08PQ7X8ZL,1222.0,1222.0,1222.0,1222.0,1222.0
B08PQ84XTT,625.0,,,625.0,625.0
B08PQ885L6,,,,335.0,335.0
B08PQ89KZX,700.0,,700.0,700.0,700.0
B08PQ8T8R9,620.0,,620.0,,620.0
B08PQ8ZZPG,,,620.0,,620.0
B08PQ95WHM,620.0,,,,620.0
B08PQ9V25P,,620.0,620.0,,620.0
B08PQDRWCJ,200.0,200.0,,200.0,200.0
B08PR1NJJW,263.0,263.0,263.0,263.0,263.0
B08PR35CDJ,,,698.0,,
B08PR36LJC,,831.0,,,
B08PR4T12R,,,,,4000.0
B08PZD6K3V,,,61.0,61.0,61.0
B08Q43DZDW,,,,31.0,31.0
B08Q44LJDH,,,,31.0,31.0
B08Q595FN8,,,,,3061.0
B08Q5JP59X,764.0,764.0,764.0,764.0,764.0
B08Q5RKP47,,41.0,,,41.0
B08Q5Y2D4R,,,,,26.0
B08Q687YKW,29.0,,,29.0,
B08Q6GLMPT,489.0,,489.0,489.0,489.0
B08Q6HHPPJ,,184.0,184.0,,184.0
B08Q6J2866,,,,,177.0
B08Q7373JS,677.0,677.0,677.0,677.0,677.0
B08Q74QQKG,,408.0,,408.0,408.0
B08Q7CP5NL,1240.0,,1240.0,1240.0,1240.0
B08Q7GK18N,825.0,,,825.0,825.0
B08Q7J4QF9,,,173.0,173.0,173.0
B08Q7JS75N,283.0,283.0,,,283.0
B08Q7L4J3Y,536.0,,,536.0,536.0
B08Q7NBZ66,75.0,,,,75.0
B08Q7TGFZT,1745.0,1745.0,1745.0,1745.0,1745.0
B08Q7VH2V4,1745.0,1745.0,1745.0,1745.0,1745.0
B08Q7WY5P1,,,51.0,51.0,51.0
B08Q7Z7V6Q,,,200.0,,200.0
B08Q85G1M9,56.0,,,56.0,
B08Q86TZMK,3910.0,3910.0,3910.0,3910.0,3910.0
B08Q8786TK,,,,317.0,317.0
B08QBMD6CY,,,,,33.0
B08QBP3311,251.0,,251.0,,
B08QBPB8MB,398.0,398.0,,,398.0
B08QBQT2LJ,,,,,424.0
B08QD5SK1G,,,351.0,351.0,351.0
B08QDRGC2C,,,351.0,,351.0
B08QDRGTDY,,,,,5.0
B08QDSDR3Z,,,,12.0,
B08QDSDVMX,,,,,470.0
B08QDVD7MY,13.0,,,,
B08QDWJ1RL,355.0,,,355.0,355.0
B08QDX6VDN,,,,,3.0
B08QF16T1Y,190.0,,,190.0,190.0
B08QF7FV4Y,,,,46.0,46.0
B08QF8BD1Y,,420.0,,,420.0
B08QF8BJYS,420.0,,,,
B08QFQHLYW,,32.0,,,
B08QFRVWH1,,,,,79.0
B08QFRY2LY,,38.0,38.0,38.0,38.0
B08QFS5C5K,,18.0,,18.0,18.0
B08QFWJ61Z,,,,51.0,51.0
B08QFYGKFY,436.0,436.0,,,
B08QG23FZK,,,,,420.0
B08QH7WPK2,424.0,,,,424.0
B08QJQLV1Y,340.0,340.0,340.0,340.0,340.0
B08QJS72SG,461.0,,,461.0,461.0
B08QL1LL38,,,,,511.0
B08QL86J67,,,,,511.0
B08QM8YLZ8,,,,,22046.0
B08QMG6CLR,,,,,12328.0
B08QMZ8NHF,,,,,114.0
B08QPJ5C8R,,,36.0,36.0,36.0
B08QQZ7FFN,,,331.0,331.0,331.0
B08QRY29BC,191.0,,191.0,191.0,191.0
B08QSMXRBF,291.0,,291.0,291.0,
B08QSTBTVZ,,,,,43.0
B08QT9QGXZ,186.0,,,,186.0
B08QV7QX9K,,,,,99.0
B08QVCK1G3,,585.0,585.0,585.0,585.0
B08QX3QM44,686.0,686.0,686.0,686.0,686.0
B08R1XC8XJ,,,79.0,79.0,79.0
B08R3QLZK8,,,,44.0,44.0
B08R3WJLRY,,176.0,176.0,176.0,176.0
B08R3X8JRZ,,,,,44.0
B08R3X9SSL,,,,44.0,44.0
B08R3XWK1N,,,,44.0,
B08R41VR2Y,,,,,41.0
B08R424SND,365.0,,,365.0,365.0
B08R437GY8,146.0,,146.0,146.0,
B08R4387N4,,,176.0,176.0,176.0
B08R55FK4K,,,,,12453.0
B08R599QZN,,,,98.0,98.0
B08R5FSZT6,,,5056.0,5056.0,5056.0
B08R5KD2LC,5056.0,,,,5056.0
B08R5NPQ7R,,,,181.0,181.0
B08R5PR9Y4,,,,,4410.0
B08R6P9T5M,,,,,60.0
B08R7DM3Z5,,,,,231.0
B08R7FS75Q,,,139.0,,139.0
B08R8TXR74,,,,,352.0
B08R8W53LK,,,,,29.0
B08RK6J6NG,,,,,1766.0
B08RLQT1J7,,,48.0,,
B08RLRW297,,,,180.0,180.0
B08RLZW8TW,,,,,82.0
B08RP5MCLZ,,,,,1293.0
B08RQDG6H6,670.0,,,670.0,670.0
B08RQLJRJ4,,,,29.0,29.0
B08RQWFF6F,,,12.0,,
B08RQXXP2F,,,,,28.0
B08RR1H5W1,506.0,506.0,506.0,,506.0
B08RR7TTWQ,,461.0,461.0,,461.0
B08RTD7627,,21.0,21.0,,
B08RTKG4GR,1874.0,,,,
B08RTP8FYP,,,,,68.0
B08RY9B499,161.0,,,,
B08RYVWNPG,,,,2211.0,
B08RYVWRPR,2128.0,2128.0,,2128.0,2128.0
B08RYXQG9T,,,,,1899.0
B08RYZNG79,1899.0,,,,1899.0
B08S1HD5CZ,,,102.0,,
B08S1PZGCJ,49.0,,,,
B08S2VC8KZ,,,,11.0,
B08S3R6Z7P,5056.0,,,5056.0,5056.0
B08S3RH1RQ,12453.0,12453.0,,12453.0,12453.0
B08S6HBF69,477.0,477.0,477.0,,477.0
B08S7PH1XP,,,,,277.0
B08S7V9WNM,277.0,,277.0,277.0,277.0
B08S8VLRFB,,,,,410.0
B08S92FRPG,490.0,,,490.0,490.0
B08SC2LQLB,,,,,27.0
B08SC8GGH2,,,,15.0,15.0
B08SDQ3WXD,100.0,100.0,100.0,100.0,100.0
B08SDQXBX5,702.0,702.0,702.0,702.0,702.0
B08SH6VYQG,729.0,729.0,729.0,729.0,729.0
B08SHNWRCN,,67.0,,,67.0
B08SJWR93W,436.0,436.0,436.0,436.0,436.0
B08SKBZ3YD,,,,,18.0
B08SKC7HT7,,,38.0,,38.0
B08SKCSZTR,,,,,221.0
B08SKF178S,,,,35.0,35.0
B08SKJ1CQL,,,,104.0,
B08SKJ7C7S,104.0,,,,104.0
B08SMB24M3,,,,,268.0
B08SNJN5T5,,,,,412.0
B08SNP8YCL,,,,41.0,41.0
B08SNX999W,,,5.0,,
B08SPFC6DD,,,54.0,,54.0
B08SPG3MQL,,109.0,,109.0,109.0
B08SPWFX3J,324.0,,,,
B08SPZB4PF,,,,,161.0
B08SQ67LDB,454.0,,,,454.0
B08SQ69VKW,,,,,27062.0
B08SQFBYDF,,,,,182.0
B08SQR42FT,,,,702.0,
B08SRTJQG1,,,,446.0,446.0
B08SS148X3,,,,40.0,40.0
B08SS2ZMC1,,,,80.0,80.0
B08SS8RF4X,,,93.0,,93.0
B08SSCDQ12,12217.0,12217.0,,12217.0,12217.0
B08SSCGM9R,5931.0,5931.0,5931.0,5931.0,5931.0
B08SSCH7YR,3882.0,3882.0,3882.0,3882.0,3882.0
B08SSCH7YS,3419.0,3419.0,3419.0,3419.0,3419.0
B08SSCH7YW,,,,,3858.0
B08SSCH7YZ,7916.0,7916.0,,7916.0,7916.0
B08SSCP46J,,,2682.0,,2682.0
B08SSCPPCJ,,,,1247.0,
B08SSCPPD8,2375.0,,2375.0,2375.0,2375.0
B08SSCPQF7,1413.0,1413.0,1413.0,1413.0,1413.0
B08SSCPQF8,,960.0,960.0,960.0,960.0
B08SSCQH77,11295.0,11295.0,11295.0,11295.0,11295.0
B08SSD79DC,4148.0,4148.0,4148.0,4148.0,4148.0
B08SSD9YTR,,,,5371.0,5371.0
B08SSDHXN1,1550.0,1550.0,1550.0,1550.0,1550.0
B08SSDKSV8,,,635.0,,
B08SSDPVDG,2794.0,,2794.0,2794.0,2794.0
B08SSDQQ4J,9893.0,9893.0,9893.0,9893.0,9893.0
B08SSDX7FT,,715.0,,715.0,715.0
B08SSDX7FW,5717.0,,,5717.0,5717.0
B08SSFFH6N,3499.0,,3499.0,3499.0,3499.0
B08SSFTTSD,1172.0,1172.0,,1172.0,1172.0
B08SSGQJS7,11839.0,,11839.0,11839.0,11839.0
B08SSM21R4,16049.0,16049.0,16049.0,16049.0,16049.0
B08SSPQGZW,5672.0,5672.0,5672.0,5672.0,5672.0
B08SSPQH1C,10743.0,10743.0,10743.0,10743.0,10743.0
B08SSRQHXC,2721.0,2721.0,2721.0,2721.0,2721.0
B08SSRQJXC,5477.0,5477.0,5477.0,5477.0,5477.0
B08SSRQW2V,,3682.0,,3682.0,3682.0
B08STNQKGH,,,106.0,,106.0
B08SVYV3WY,,,,74.0,
B08SXP49NX,217.0,,,,
B08SXQKBFD,293.0,293.0,293.0,293.0,293.0
B08SXQTV52,,,,,724.0
B08SXQX4S7,724.0,,724.0,,724.0
B08SXSKDPL,,831.0,,,831.0
B08SXSWC7Y,,,831.0,831.0,831.0
B08SYPK1JG,124.0,124.0,124.0,124.0,124.0
B08SYWP5SN,,,,,18.0
B08SZ1TY12,,,,53.0,53.0
B08T1911MJ,,,,,50.0
B08T363XJZ,,,38.0,38.0,38.0
B08T47QVNR,67206.0,67206.0,67206.0,67206.0,67206.0
B08T4JY9L3,,,,,237.0
B08T4JZT63,,,,,139.0
B08T4S9BZP,,,,,28.0
B08T6K3N4Y,,,,,4.0
B08T6QL4YG,,,,,112.0
B08T7MS7RJ,,,3882.0,3882.0,3882.0
B08T7XTS38,,,,2794.0,2794.0
B08T9ZT2T3,,,,,1090.0
B08TB4RH58,,,,30.0,30.0
B08TB5V2QC,,89.0,,,89.0
B08TB7QFYD,603.0,603.0,603.0,,603.0
B08TBGYS1Z,,267.0,267.0,,267.0
B08TBSW4KS,631.0,631.0,631.0,631.0,631.0
B08TCH5SB1,,12328.0,,,12328.0
B08TCJYV6V,40.0,,,,40.0
B08TCKRTM6,,,,,22046.0
B08TDT9399,,,,,120.0
B08TFXNJYX,,,62.0,,
B08TG7V2CQ,,,,,1309.0
B08TG9VGQM,2528.0,,2528.0,,2528.0
B08TGYVDRK,,,,,964.0
B08THLBV78,,,,,50.0
B08TKBPBX4,444.0,,,444.0,444.0
B08TKSRYC8,,,,,125.0
B08TKWJKNR,,393.0,393.0,,393.0
B08TM6HPF6,,,,31.0,31.0
B08TMJ5MKP,1199.0,1199.0,,1199.0,1199.0
B08TMJLVQD,,,,,102.0
B08TMQFQYN,,119.0,,,119.0
B08TMS16D7,,,,,1815.0
B08TMVPBTG,,333.0,333.0,,333.0
B08TMYNWG5,,,,202.0,202.0
B08TNS1QZ3,2902.0,,,,2902.0
B08TNSMZKD,,2902.0,2902.0,,2902.0
B08TP6PTPT,,,,,222.0
B08TP7GF5P,,,46.0,46.0,46.0
B08TPCHYLW,2067.0,2067.0,2067.0,2067.0,2067.0
B08TPK144T,,,,,44.0
B08TPSLTW2,,,,31.0,31.0
B08TQ6FLHK,,,,67.0,67.0
B08TQBV9Q3,,,,67.0,
B08TQDRPBH,,,38.0,38.0,38.0
B08TQH9W1L,,,,38.0,
B08TQKB44S,,,67.0,,
B08TQNQXR9,,,,,87.0
B08TQT3467,,,,,280.0
B08TQYXT46,,,,,87.0
B08TR7JFYF,,,87.0,87.0,87.0
B08TRGRJ6P,87.0,,,,
B08TSV17NN,,,,,33.0
B08TTXPV96,509.0,509.0,509.0,509.0,509.0
B08TV9XDTR,,,,,174.0
B08TVV856K,,65.0,65.0,65.0,65.0
B08TVV8DFH,84.0,,,,84.0
B08TVVDM7P,,,,,103.0
B08TVWRXNG,,,,,133.0
B08TVWZQHF,444.0,,,444.0,444.0
B08TVYFGLZ,786.0,786.0,786.0,,786.0
B08TVYLCCP,,,132.0,132.0,132.0
B08TY2PS7X,,,,8.0,
B08TY4NQKX,219.0,,,,219.0
B08TY4NQKY,,,,,140.0
B08TY4QFBN,,,,,420.0
B08TYCPY3J,,,,,68.0
B08TYGBZCP,,,,,85.0
B08TYZ29G6,,,,,90.0
B08V3LRCWZ,2855.0,2855.0,2855.0,2855.0,2855.0
B08V45YC2Z,162.0,,,,
B08V45YM2J,628.0,,,,
B08V45YM2L,,,122.0,122.0,122.0
B08V47BZRS,,1165.0,,1165.0,1165.0
B08V49DJD4,,,,1165.0,1165.0
B08V49DW5S,,628.0,,628.0,628.0
B08V49KWKH,565.0,,,,565.0
B08V4D3YTC,1497.0,1497.0,1497.0,1497.0,1497.0
B08V4DBSFH,,,,628.0,628.0
B08V4DHVZR,1185.0,,1185.0,1185.0,1185.0
B08V4HBGLT,1700.0,,1700.0,1700.0,1700.0
B08V4HBGLW,,,,1639.0,1639.0
B08V4KDPHV,2742.0,,,,
B08V4KHC5P,1497.0,1497.0,1497.0,,
B08V4LB48J,,,21.0,,
B08V4MGXL6,2434.0,2434.0,2434.0,2434.0,2434.0
B08V4MKM1F,1639.0,,,1639.0,1639.0
B08V4MKM1H,2742.0,,2742.0,2742.0,2742.0
B08V4P39KQ,541.0,,541.0,,541.0
B08V4P39KR,1721.0,1721.0,1721.0,,1721.0
B08V52LVB1,,,,,8.0
B08V52MZHV,,8.0,,,
B08V5HN3RP,,,95.0,,
B08V5L78MR,,,45.0,45.0,45.0
B08V5N8TKZ,,,410.0,410.0,410.0
B08V68B67H,,50.0,,50.0,50.0
B08V68HNKZ,,,77.0,77.0,77.0
B08V68J6PH,,,310.0,,
B08V788GVP,2204.0,2204.0,2204.0,2204.0,2204.0
B08V7DC6YM,,,,,844.0
B08V7GD5C6,378.0,,378.0,,378.0
B08V7GMD64,,,28.0,28.0,28.0
B08V88F9C9,,,,273.0,273.0
B08V9CLC36,,,,,55.0
B08VBGPC4R,,,,,34.0
B08VBJ43C2,,,49.0,49.0,49.0
B08VCPTJ97,,,63.0,,
B08VD13NTR,,,124.0,,
B08VD75V4F,2629.0,,2629.0,,
B08VDV4LYT,,,,,27.0
B08VDY627W,239.0,,239.0,239.0,239.0
B08VF857QM,,,,82.0,82.0
B08VF85HYL,,,82.0,,
B08VFG2RD6,,,,,162.0
B08VGXHRHN,,,,,49.0
B08VGZKZ4V,30.0,,,30.0,30.0
B08VJC6FGT,,,,,835.0
B08VPDBDNW,,,,,33.0
B08VPQW5G7,,,,,108.0
B08VQMLTC5,,,75.0,,
B08VQS5HNB,26.0,26.0,,26.0,26.0
B08VR22855,,,,,35.0
B08VSVX8Q1,333.0,333.0,,333.0,333.0
B08VSVYT4Y,,,,,137.0
B08VT16D8F,257.0,,257.0,,257.0
B08VT1J916,,1132.0,,1132.0,1132.0
B08VT1J917,,,,401.0,401.0
B08VT1W654,124.0,,124.0,,124.0
B08VT242P7,2587.0,2587.0,2587.0,,2587.0
B08VT3499P,2587.0,,2587.0,2587.0,2587.0
B08VT36LBB,61.0,,61.0,,61.0
B08VT37SR4,,,,,183.0
B08VT3LHKQ,293.0,293.0,,,293.0
B08VT3M1NJ,152.0,,152.0,,152.0
B08VT53T8S,,,,,16.0
B08VY6G12H,,,,,268.0
B08VY6N6PS,,,,,198.0
B08VY8XS3R,34.0,,,,34.0
B08VYB18TT,209.0,209.0,,209.0,209.0
B08VYQD2ZV,,33.0,,,
B08VZ152YV,,,,,19.0
B08VZZP5XK,148.0,,,,148.0
B08W1Y9VST,,,,,2042.0
B08W219C9M,,,,,844.0
B08W23M1XN,,,,,42.0
B08W26DZ88,,143.0,,,143.0
B08W29Y2JG,,,,,1369.0
B08W2C91WH,230.0,,230.0,,
B08W3HHRNN,,,,96.0,96.0
B08W3LLHDH,,,266.0,,266.0
B08W6BPG71,,,,,20.0
B08W7FDN4R,1231.0,,1231.0,1231.0,1231.0
B08W7LW8RQ,2434.0,2434.0,2434.0,2434.0,2434.0
B08W7M3RHL,465.0,465.0,465.0,465.0,465.0
B08W7RS2DK,88.0,,88.0,88.0,88.0
B08W81YXK4,,,,52.0,52.0
B08WBMJ314,,,,,45.0
B08WBQW9NQ,137.0,,,137.0,137.0
B08WBSTT3C,,,,11.0,
B08WC311J7,,,32.0,32.0,32.0
B08WC3YBV9,,,31.0,31.0,31.0
B08WC4DB6Q,,178.0,,,
B08WC6H9W9,8.0,,,,
B08WC6NRSS,,,27.0,27.0,27.0
B08WC9CNR4,,,,22.0,22.0
B08WCF4LR3,,,,30.0,30.0
B08WCT4GC9,,96.0,96.0,,96.0
B08WD1FZ9Z,,,,,8.0
B08WDMYWJW,,,142.0,142.0,
B08WDN4W4P,122.0,,,122.0,122.0
B08WDYZG3M,878.0,878.0,,878.0,878.0
B08WDZ1828,2990.0,2990.0,,2990.0,2990.0
B08WDZY9N8,,,,,13477.0
B08WDZYSCF,,,,,878.0
B08WF3QNFQ,,,878.0,,878.0
B08WF8TSPT,,,,18.0,
B08WFSJJJ9,,,,139.0,139.0
B08WH7B521,,,,160.0,
B08WHBL8WW,,,,273.0,
B08WJ2FQ8V,,,,,1953.0
B08WJ2GPJ7,1953.0,,1953.0,,1953.0
B08WJ3GXLY,,,,,1953.0
B08WJ3PH98,,,1953.0,1953.0,1953.0
B08WJ3TFCS,1953.0,1953.0,1953.0,1953.0,1953.0
B08WJ3TFS3,,,1953.0,1953.0,1953.0
B08WJ3TWSK,1953.0,1953.0,1953.0,1953.0,1953.0
B08WJ3X3NM,420.0,,420.0,420.0,420.0
B08WJ41G3N,1953.0,,1953.0,,1953.0
B08WJ45BH9,,,1953.0,1953.0,1953.0
B08WJ45SQG,1953.0,,1953.0,1953.0,1953.0
B08WJ46873,,1953.0,1953.0,1953.0,1953.0
B08WJ5ZGDS,,1953.0,1953.0,1953.0,1953.0
B08WJ63Z3B,,1953.0,1953.0,,1953.0
B08WJ63Z3H,,,,1953.0,1953.0
B08WJ63Z3J,,,,26.0,
B08WJ8TDW2,,,,178.0,178.0
B08WJF2MB8,131.0,,,,131.0
B08WKM11D6,,,848.0,,
B08WKM2G3F,,,58.0,,
B08WKM8PMD,,,,,10.0
B08WKQTQCR,1463.0,,,,1463.0
B08WKR3MY5,,,,,150.0
B08WKSRRR4,,,,,104.0
B08WKTWYR8,,,,197.0,197.0
B08WKWM2F9,,,,,463.0
B08WL3XF2S,31.0,,,,
B08WL429RC,31.0,,,,
B08WL4CK8C,,,,,31.0
B08WM2WWQB,,,,104.0,104.0
B08WM3KFWJ,,,,,101.0
B08WM3Q58N,,,,,2.0
B08WM3ZS35,,45.0,,45.0,45.0
B08WP24CBV,,,,,273.0
B08WP272RJ,,,,,33.0
B08WP5F3SX,,,,273.0,
B08WP7CNF1,,,,,273.0
B08WPDL562,,,,,30.0
B08WPZZHBP,,,52.0,,52.0
B08WQR57XT,,,,,178.0
B08WQVNLPG,,,,,145.0
B08WQVQCJY,,,,,16.0
B08WQY22LH,,,39.0,,39.0
B08WQYMXJ8,,,,,59.0
B08WR5H6BT,,,,,32.0
B08WR5NF57,,,,,25.0
B08WR8JYS7,,,66.0,,
B08WR8KWKK,,,98.0,98.0,98.0
B08WRTFDDJ,,,,77.0,77.0
B08WSC8WDR,6713.0,6713.0,6713.0,6713.0,6713.0
B08WSG6MHZ,77.0,,,,
B08WT5T7H1,,,,139.0,
B08WTJT9XP,98.0,,,,98.0
B08WTMNPBM,,,,45.0,45.0
B08WTXBGW4,186.0,,186.0,,186.0
B08WYDSPBC,58.0,,,,
B08WYXNVQ7,814.0,814.0,814.0,814.0,814.0
B08WZPY4BV,,,,,51.0
B08WZPYP49,,,,,11.0
B08WZPYYZW,,,,,43.0
B08WZPZ144,,,,,142.0
B08WZPZDWM,96.0,,,,
B08WZPZHCM,,355.0,355.0,,355.0
B08WZPZHCP,54.0,,,,
B08WZPZHCR,154.0,154.0,,154.0,154.0
B08WZPZHCY,,,,,233.0
B08WZR9KKV,,360.0,360.0,,360.0
B08WZRC46V,,,,,6.0
B08WZRD26S,,,61.0,61.0,
B08WZRDXK2,,71.0,,,71.0
B08WZRDXK7,,2460.0,,2460.0,2460.0
B08WZRDXK8,,257.0,,257.0,257.0
B08WZRN5JN,,,181.0,181.0,181.0
B08WZRQ4LH,,,,83.0,83.0
B08WZRRQZ4,2997.0,2997.0,2997.0,2997.0,2997.0
B08WZRVVP1,,,154.0,,154.0
B08WZRWT9K,219.0,,,219.0,219.0
B08WZRXB35,210.0,210.0,,210.0,210.0
B08WZRXB3B,,,,,228.0
B08WZS1PZ9,172.0,,,,172.0
B08WZS1PZD,246.0,,,,246.0
B08WZS292S,,,,,1049.0
B08WZS2933,,812.0,812.0,,812.0
B08WZS3513,,,,,17.0
B08WZS3516,,,,,12.0
B08WZS6B8K,,,,23.0,23.0
B08WZS7LVN,,3773.0,3773.0,3773.0,3773.0
B08WZS7LW6,377.0,377.0,377.0,377.0,377.0
B08WZS84Q2,,,,223.0,
B08WZSHDGF,,,,,72.0
B08WZSHDGT,,,484.0,484.0,484.0
B08WZSK322,,,51.0,,51.0
B08WZSK32D,,231.0,,,231.0
B08WZSL5QT,,,,,296.0
B08WZSMVTS,,,,52.0,
B08WZSN49Y,135.0,135.0,,135.0,135.0
B08WZSNGQ1,336.0,336.0,336.0,,336.0
B08WZSQ2HZ,,,,350.0,350.0
B08WZSVV9F,,,,24.0,
B08WZSZQ68,,,,,27.0
B08WZT2DYQ,,336.0,,,336.0
B08WZT8CW5,,,,,246.0
B08WZT8VS5,,,154.0,154.0,154.0
B08WZTHLD3,,,,,13.0
B08X17MVCN,,,,,30.0
B08X18JM79,,,,,78.0
B08X1Z7BLG,,,,,54.0
B08X2F1986,26892.0,26892.0,,26892.0,26892.0
B08X2L57ZY,,69.0,,,
B08X2MNCY9,,,,,485.0
B08X2NK6DX,2521.0,,,,2521.0
B08X2NYYY8,,,2720.0,,2720.0
B08X2VXGTF,,,,,520.0
B08X3RWZ41,,,64.0,64.0,64.0
B08X4Z9YWV,,,,70.0,70.0
B08X6RBGWF,,,,,157.0
B08X7DXBN7,8.0,,,,8.0
B08X7L7RSS,,,1.0,,
B08X8NBT6H,,,,,162.0
B08X93ZXR5,,,267.0,,267.0
B08XB2BQC1,,,,,127.0
B08XBSRR6H,,,,292.0,292.0
B08XC27MNT,,292.0,,,
B08XD2MJGN,,,,,878.0
B08XD3GSJ7,,878.0,,878.0,
B08XD52QKV,878.0,,,,878.0
B08XFF51MJ,166.0,166.0,166.0,166.0,166.0
B08XJLMNFW,,,,,684.0
B08XJZ3D5K,,,,,21.0
B08XK17MGH,,,,,22.0
B08XKH1T8H,,,,19.0,19.0
B08XKWGB4P,631.0,631.0,631.0,,631.0
B08XLKSKSP,,,,439.0,
B08XLW27PR,,439.0,439.0,439.0,439.0
B08XM8FRPC,,,,,439.0
B08XM8LZ2V,,1721.0,1721.0,1721.0,1721.0
B08XNS3HZM,,,,,407.0
B08XNV9GZT,63.0,,63.0,,63.0
B08XNVVW6Z,380.0,,380.0,380.0,380.0
B08XNVX828,,,,,27.0
B08XNW7274,58.0,,,,
B08XNWB1B9,,,,190.0,
B08XNWYLL3,,,,315.0,315.0
B08XQYHVQM,826.0,,826.0,826.0,826.0
B08XQYPN67,,,,249.0,249.0
B08XQYTMHQ,,,,,34.0
B08XR133TQ,158.0,,,,158.0
B08XRPYXSX,706.0,,706.0,706.0,706.0
B08XRSJ3P5,,,,,62.0
B08XS28RYQ,19.0,,,,
B08XTF6621,,120.0,,,120.0
B08XV5MF92,863.0,,863.0,863.0,863.0
B08XW3857M,,,43.0,43.0,43.0
B08XXDFDLH,,,,,119.0
B08XXVGFVP,138.0,,138.0,138.0,138.0
B08XY82146,,,,,153.0
B08XYDX8ZS,,,219.0,219.0,219.0
B08XYV3YGB,,,837.0,,837.0
B08XYV6K6F,,234.0,,,234.0
B08XYVMRP7,,,267.0,,267.0
B08XZ1VRHF,,,,,56.0
B08XZ1YLJQ,,1149.0,1149.0,1149.0,1149.0
B08XZ5PNQP,,,,,83.0
B08XZBJGT7,,,,,125.0
B08XZRXCZM,2908.0,2908.0,2908.0,2908.0,2908.0
B08XZTFJL1,,,,,2159.0
B08Y1NXNTV,,,,,966.0
B08Y33CNKL,,,,2087.0,
B08Y5VYPYC,,,46.0,46.0,46.0
B08Y67LCP5,,,32.0,32.0,32.0
B08Y6XGYCT,,,,,21.0
B08Y99NFNX,,,,4015.0,
B08Y9BHHWF,555.0,555.0,555.0,,555.0
B08Y9BL87V,,,,,240.0
B08Y9BXMC7,800.0,,800.0,,800.0
B08Y9CFNDX,,,,,86.0
B08Y9Q2B7F,,212.0,,212.0,
B08YB86VRY,,,,,423.0
B08YB94SSX,,,,,423.0
B08YBD6GZ4,,423.0,423.0,423.0,423.0
B08YBJJLGF,,,,,23340.0
B08YBSV4RG,,,,640.0,
B08YBTKQMF,640.0,,640.0,,
B08YBVSPSG,627.0,,,,
B08YBVXG7Q,,,,,10.0
B08YBX6WXG,,,,640.0,640.0
B08YC2WMV4,,,,,640.0
B08YC48VQN,240.0,,,,240.0
B08YC4BB36,,,,640.0,640.0
B08YC4Z1KP,,,,,240.0
B08YC7J7K1,786.0,,786.0,786.0,786.0
B08YCBXDRF,640.0,,,,640.0
B08YF7TKPD,,132.0,,132.0,132.0
B08YFQDG6B,,,,,142.0
B08YGJJ5C1,,,,,189.0
B08YGMCV9Q,280.0,,,,
B08YGMCV9R,,189.0,,189.0,
B08YGMRWM4,,,62.0,62.0,
B08YGPNFLN,,,280.0,,
B08YKCS8PD,,,,,126.0
B08YKG1D87,,,4882.0,4882.0,4882.0
B08YL5K9T2,,,64.0,,
B08YL7BHVQ,,233.0,233.0,,233.0
B08YL8BSC1,,,,,16.0
B08YM2T5TL,,,,76.0,76.0
B08YMH2JZK,,,,422.0,422.0
B08YMS6RDX,,,68.0,68.0,68.0
B08YMVNRLH,340.0,,,340.0,340.0
B08YNR42SX,,,1183.0,1183.0,1183.0
B08YQX45KT,,33.0,33.0,33.0,33.0
B08YS8RPNW,,,,,81.0
B08YSCXX99,,2468.0,2468.0,2468.0,2468.0
B08YX2Z9NR,100.0,,,,100.0
B08YZ4LGJ3,,,,,370.0
B08Z1C4QFG,935.0,935.0,935.0,,935.0
B08Z1SSZ4Y,,,,,1091.0
B08Z2SLB66,,96.0,,,96.0
B08Z3XS64F,,,,,420.0
B08Z4661NF,,,83.0,83.0,
B08Z46HRNR,,2433.0,,,
B08Z5G6Q72,,,,,1311.0
B08Z5LD3CD,,,,,1127.0
B08Z5LTF45,1311.0,,,1311.0,1311.0
B08Z5P16GC,1127.0,1127.0,1127.0,,1127.0
B08Z5RBMQW,,,820.0,820.0,820.0
B08Z6SN2VH,,,,,42.0
B08Z6YKZMZ,,,,,44.0
B08Z767ZJW,,,219.0,219.0,219.0
B08Z7J5GLM,,,,,54.0
B08Z8NM2LL,,,,,119.0
B08ZC9MWB3,,,,,52.0
B08ZCYDZDD,,,,,42.0
B08ZD9XDB3,,,28.0,28.0,28.0
B08ZDSPR6D,,,,,61.0
B08ZFKB8ZK,6046.0,6046.0,6046.0,6046.0,6046.0
B08ZFKKPDS,6046.0,,,6046.0,6046.0
B08ZFLTF19,,,371.0,,371.0
B08ZFLZBGX,,,,3061.0,3061.0
B08ZFM48HS,,,49.0,,49.0
B08ZFPDN5G,,,,,126.0
B08ZFZP23X,,,,14.0,
B08ZHGDM9Y,,465.0,,465.0,465.0
B08ZJKSJ1H,,,23.0,,
B08ZK75FPD,,,,,30.0
B08ZKC3L55,,,,115.0,115.0
B08ZKGH2YG,,,,,26.0
B08ZKLMXBN,,,28.0,28.0,28.0
B08ZKLYBJJ,49.0,,49.0,49.0,49.0
B08ZKMKPFF,70.0,,70.0,,70.0
B08ZKNSHN6,,,,51.0,51.0
B08ZKW4QZ5,142.0,,142.0,,142.0
B08ZKWL2HN,80050.0,,80050.0,,
B08ZM618YR,,,,,79.0
B08ZMDTNWQ,,,,26.0,26.0
B08ZPFP2QK,,,39.0,39.0,39.0
B08ZPGWFLD,,,48.0,48.0,
B08ZQTLN43,,,,,82.0
B08ZSF9NQZ,,,,,315.0
B08ZTKPJVB,,,43.0,43.0,43.0
B08ZTQ67DP,,520.0,520.0,,
B08ZWDN6MP,,,,31.0,31.0
B08ZWGMKM9,,29.0,,29.0,29.0
B08ZWK7KJ4,,,,23.0,23.0
B08ZWP3BT9,,,59.0,59.0,59.0
B08ZYSWLQS,,,68.0,68.0,68.0
B08ZYVF672,,,,,84.0
B08ZZS8YZ1,,44.0,,44.0,44.0
B0911Z8VVL,,,,,2708.0
B09123SB9M,,,,51.0,51.0
B09123ST45,,,67.0,,67.0
B09128C176,807.0,,,,807.0
B0912VK51T,,,37.0,37.0,37.0
B0912WV931,,,,,8258.0
B0914LY5L6,544.0,,,544.0,544.0
B0915LZ2MQ,,24.0,,,24.0
B0916DDWLN,,,,,41.0
B0916F7BXR,,,,75.0,
B0916FGZT1,,,,41.0,41.0
B0916FJ1YQ,,,28.0,,28.0
B0916GC71H,,75.0,,75.0,75.0
B0916GCRRQ,,37.0,37.0,37.0,37.0
B0916H842V,,,,,5.0
B0916HYZWT,,,,,12.0
B0918F9M6M,,156.0,,,
B0918FHY6P,3928.0,,3928.0,,3928.0
B0918X4VBB,,,,,45.0
B0918XSXFB,,48.0,,,
B0918Y2G4G,360.0,,,360.0,360.0
B0918Y3QWC,,,,45.0,45.0
B091BG42SD,,,,,146.0
B091BG4GC7,,,,2780.0,2780.0
B091BM7SP8,,114.0,,114.0,114.0
B091BMTGRQ,,,,,5.0
B091BMTZ66,,,,104.0,104.0
B091C72W75,,,,,61.0
B091CC7K8D,,,28.0,28.0,
B091F23KGG,329.0,,,329.0,329.0
B091F242T2,,,,329.0,329.0
B091F4FFP4,417.0,417.0,,,417.0
B091F4K489,,2022.0,2022.0,2022.0,2022.0
B091F4KBR6,2022.0,,2022.0,2022.0,2022.0
B091F715V8,2022.0,,2022.0,2022.0,2022.0
B091F7V6RQ,329.0,329.0,,329.0,329.0
B091F7WMRK,2022.0,,2022.0,2022.0,2022.0
B091F9BDN9,,,2022.0,2022.0,2022.0
B091FXX27Y,,,,,77.0
B091GZNXMM,,,74.0,,74.0
B091GZV6BN,65.0,,,,65.0
B091GZV6BP,,,,,59.0
B091K2WBH8,,,,,1751.0
B091K3BTDD,,,,37.0,
B091K3BTDF,,,,45.0,45.0
B091K3C6P2,,,,52.0,
B091K3LW4Y,,2816.0,,,2816.0
B091K3N274,7125.0,,,7125.0,7125.0
B091KB6H1F,4484.0,4484.0,4484.0,4484.0,4484.0
B091KDV75Y,,89.0,89.0,89.0,89.0
B091KSBC6Q,,,,,407.0
B091MD9D7Z,,234.0,234.0,234.0,234.0
B091MHNZ4N,239.0,,239.0,,239.0
B091MJ3P9X,,,296.0,296.0,296.0
B091MK3X2T,202.0,202.0,202.0,202.0,202.0
B091MS5RYK,,257.0,,,
B091MTQLZB,,,,87.0,
B091MWJPBC,,,,,534.0
B091N245X9,,604.0,,604.0,604.0
B091N2JP3B,,515.0,515.0,,515.0
B091Q84Y9H,,273.0,,,273.0
B091Q8M8XC,,152.0,,,152.0
B091SBNT2N,,,,,10.0
B091SKJ75T,,,,,3.0
B091SPHLLQ,,,,,7.0
B091SW2WW6,4.0,,,,
B091V5699F,,,,,978.0
B091V8JN2Q,807.0,807.0,807.0,,807.0
B091V8LP57,,,,,471.0
B091V9TL6R,2708.0,2708.0,,2708.0,2708.0
B091VQC4N1,,,75.0,,
B091VVY48D,,,,,59.0
B091WKBFFS,,,,34.0,34.0
B091WTMQWD,599.0,599.0,599.0,599.0,599.0
B091X1LWFL,311.0,,311.0,311.0,311.0
B091XD1VHW,87.0,,,,87.0
B091XTZK42,70.0,,,,
B091Y6R12P,,,,,87.0
B091YD1N12,785.0,785.0,,,
B091ZSDVZ8,,1475.0,,1475.0,1475.0
B091ZWRLZW,1475.0,1475.0,1475.0,1475.0,1475.0
B091ZYCNT5,,,1475.0,1475.0,1475.0
B091ZYD68V,,,,,1475.0
B091ZYKJP6,1475.0,1475.0,1475.0,1475.0,1475.0
B091ZZK2K2,,1475.0,1475.0,1475.0,1475.0
B091ZZK2PT,1475.0,,1475.0,1475.0,1475.0
B09217X6ZQ,,,356.0,,356.0
B0921FJL4M,,,,,70.0
B0921KVV27,305.0,,,,305.0
B0921L3BV9,,,,,356.0
B09221DGS5,736.0,,,736.0,736.0
B09226QJ4P,846.0,,846.0,846.0,846.0
B0922HQZSZ,,,,,424.0
B0922KXHTT,173.0,,,173.0,
B0922LRGCR,,,,,114.0
B0922M6WNF,,,,,101.0
B0922MCHZ3,,,,,190.0
B0922N1MV1,,,,618.0,618.0
B0922NZ5JF,,,,75.0,75.0
B0922P6H7G,,,72.0,72.0,72.0
B09236KZXF,,,,,39.0
B0923K8D7Y,,,,,40.0
B0924HRNK9,,,,76.0,
B0925GZR32,,,,,607.0
B0926VQYPF,764.0,764.0,764.0,764.0,764.0
B0928GFZBF,,840.0,840.0,840.0,840.0
B09295Z3VX,,,,,125.0
B092BW8N5L,,,,35.0,35.0
B092CBKVB6,,,,296.0,
B092CG1FGV,,,,63.0,63.0
B092CGNG8Z,,296.0,,,
B092CR3M7P,,,30.0,30.0,30.0
B092DBVLBT,,,,,267.0
B092DHXRXJ,,,,,1.0
B092DNPHC9,9787.0,,,,9787.0
B092FFDCS2,,,1923.0,,
B092G8VXMQ,,,,2.0,
B092JN2RT3,,,,,831.0
B092JNFHYT,,,,,801.0
B092JNGV34,,,,801.0,
B092JPDYRR,,,831.0,831.0,831.0
B092JPNP8P,,,801.0,,801.0
B092JPRHQ2,,,,,801.0
B092JQ23N5,,,,,801.0
B092JQLN2V,801.0,,,,801.0
B092JQMXHC,,,,,831.0
B092JR21M4,,,,,801.0
B092JRPMM4,,,,,801.0
B092JS29HJ,6572.0,6572.0,,,6572.0
B092JSW2NS,,,,,801.0
B092JT62XB,,,,831.0,831.0
B092K683LN,,,,88.0,88.0
B092K78K9J,,,,,88.0
B092K7HG6X,,,,88.0,88.0
B092K7J7JC,,,,,88.0
B092K7J7K7,,,,,88.0
B092K7T954,88.0,,88.0,,
B092K81PKH,80.0,,,,80.0
B092K84RFK,,,,,80.0
B092K85WQL,317.0,,,,317.0
B092K8SDB9,,,,80.0,80.0
B092K93GR9,,,,,88.0
B092KBH1B2,80.0,,,,
B092KJ6PHY,88.0,,,88.0,88.0
B092KJ8VG1,,,,,80.0
B092KJ9C1F,,,88.0,,
B092KPG12Q,,80.0,,80.0,
B092L2NQBK,,,,,8.0
B092LHKLWT,,33.0,,33.0,
B092LKQZ56,833.0,,,833.0,833.0
B092LNSGZB,,,,36.0,36.0
B092LX98FY,,258.0,258.0,258.0,258.0
B092MT6WJ5,,,181.0,,181.0
B092MYHH9W,,,,,16.0
B092NVX66B,136.0,136.0,136.0,136.0,136.0
B092PPY34Y,,,,,23.0
B092RQ63R8,,,,,7.0
B092TWPLL1,,,49.0,49.0,49.0
B092V752HX,,,44.0,44.0,
B092W4P1N9,3068.0,,,3068.0,
B092WMLMRN,2545.0,,,,2545.0
B092WNF6H4,,,,,172.0
B092WNFV4T,377.0,377.0,377.0,377.0,377.0
B092WP9PPJ,2545.0,2545.0,2545.0,,2545.0
B092X48H9F,2563.0,,,,2563.0
B092X7CBDM,2563.0,2563.0,2563.0,,2563.0
B092X86QS8,2563.0,2563.0,2563.0,,
B092X8967H,2563.0,,,,
B092X9447Y,2563.0,,,,2563.0
B092X9447Z,677.0,677.0,,677.0,677.0
B092X9C8RR,2563.0,2563.0,,,2563.0
B092XD6QSQ,2563.0,2563.0,2563.0,,2563.0
B092XF53N9,677.0,677.0,677.0,,677.0
B092XFTW1W,2563.0,2563.0,,2563.0,2563.0
B092XK6CXB,2563.0,2563.0,2563.0,,
B092XMHNLC,677.0,,,,677.0
B092XPPZ47,,,,,2563.0
B092XT8LLC,2563.0,2563.0,,2563.0,
B092XTBPPW,2563.0,2563.0,2563.0,,2563.0
B0931164XV,,,,,93.0
B09318THFK,,,,106.0,
B0931M93CY,,606.0,606.0,606.0,606.0
B0931MRZRG,1381.0,1381.0,1381.0,1381.0,1381.0
B0931SZCLM,,,,,14.0
B0931XB3FP,,,,,135.0
B0931Y63FM,,,,,14.0
B09321SLY4,,,,,1414.0
B093221NHQ,126.0,,,126.0,126.0
B093249KJ6,2419.0,,,2419.0,2419.0
B09326HP5H,,,,,36.0
B093292B8H,,,,,336.0
B093292XJ2,340.0,,,,340.0
B0932C5CPJ,,,,132.0,132.0
B0932F5643,,,,72.0,72.0
B0932F9D5H,,,,,11013.0
B0932FQL5D,,,,,627.0
B0932N3F44,,336.0,,,336.0
B0933KZVNK,,1677.0,,,
B0933Y9G62,,,76.0,,76.0
B09341GQ6X,477.0,477.0,477.0,,477.0
B09344CN19,,,,35.0,35.0
B0935VQ98P,265.0,265.0,265.0,265.0,265.0
B0937H7PXQ,,1119.0,,,
B0937KPQT9,,,,,223.0
B0937R4JLV,,,,39.0,39.0
B0938HSZ3T,,,,28.0,28.0
B093CKLHSY,,,,147.0,147.0
B093CPJP5Z,,,,,56.0
B093CR8KT5,,,,,62.0
B093CRMDH2,312.0,,,312.0,312.0
B093CRNCLZ,,,236.0,236.0,236.0
B093CVT17D,,,,104.0,104.0
B093CWGR8R,1488.0,,,1488.0,1488.0
B093CWLD65,,,,1082.0,1082.0
B093CX6MYZ,,251.0,,251.0,251.0
B093D36SF3,,,29.0,,
B093DQX2CS,10314.0,,,,
B093HGV7SQ,,164.0,,164.0,164.0
B093HJRPD9,,,,167.0,167.0
B093HL4D7V,9.0,,,,
B093JDGCLS,9.0,,,,
B093JHQ8NP,9.0,,,,
B093JXPV7F,,,,,44.0
B093JZGNFV,,,205.0,205.0,205.0
B093KDRLZ3,290.0,,290.0,290.0,
B093M6TMBX,,21.0,,,
B093MDDC3P,,,,,252.0
B093NBCTNL,,,204.0,,204.0
B093PYBY8Q,,,145.0,145.0,145.0
B093PYHTM8,,25.0,,,
B093QJBJWT,,,,,58.0
B093QK6Y8F,,,,,11.0
B093QKHJ87,351.0,351.0,351.0,,351.0
B093QKJFKS,420.0,,,420.0,420.0
B093QLSR15,,,,,41.0
B093QM7KSQ,,205.0,205.0,205.0,205.0
B093QNKSYR,,,,,8063.0
B093QP2F5X,,,,,42.0
B093QRZ5BC,,,,,1876.0
B093R4ZT9G,,,,,160.0
B093R57DT5,,,,85.0,85.0
B093R8S194,,,52.0,,
B093R9DTNR,,,,,534.0
B093RGPNCM,,,,,122.0
B093RS96KL,,,,,351.0
B093VT9YWL,2473.0,,2473.0,2473.0,2473.0
B093VVM9XQ,,,327.0,,327.0
B093VXWVVZ,,2473.0,2473.0,2473.0,2473.0
B093W7CDWD,2473.0,2473.0,2473.0,2473.0,2473.0
B093W96M62,,,2473.0,,2473.0
B094166H7F,,2504.0,,,
B09439VMV7,,,,33.0,33.0
B0943XVBYF,,,,,168.0
B0943ZDCXD,,,,72.0,
B0946J9LSX,,,,1677.0,
B0947GPKDF,,,,,43.0
B0949MBCM6,,,,,64.0
B094B6Z4YJ,86.0,,,,86.0
B094BTRL3Q,,,,,34.0
B094DWHK23,,,,48.0,48.0
B094DWL8SR,,,,51.0,51.0
B094DX58SZ,,,,20.0,20.0
B094F4PT6F,,,151.0,151.0,151.0
B094F6279X,1011.0,1011.0,1011.0,,1011.0
B094F6G77N,883.0,,,,883.0
B094F6TRCF,,3022.0,3022.0,,3022.0
B094F7CP4J,85.0,85.0,85.0,,85.0
B094F7D4HS,814.0,,814.0,814.0,814.0
B094F914T6,2051.0,,2051.0,2051.0,2051.0
B094HX7N1C,,,,,69.0
B094J1C8JB,,,29.0,29.0,29.0
B094JPV8XV,,,,,419.0
B094LDQ9MY,,,,,40.0
B094LS14XP,,,,32.0,32.0
B094LT5LM4,5165.0,5165.0,5165.0,5165.0,5165.0
B094LWGX35,,,,,38.0
B094P8174X,,,,,2.0
B094PB4H8G,,,,1136.0,1136.0
B094PCH9ZZ,7878.0,7878.0,7878.0,7878.0,7878.0
B094PKL2KW,,,,,544.0
B094Q36FSV,,,,31.0,
B094QB6L63,,,7.0,,
B094R6X5QW,,,1350.0,1350.0,1350.0
B094R88TK2,,588.0,,588.0,588.0
B094R8RZZ3,,872.0,,872.0,872.0
B094RCCSKT,,,,,939.0
B094RDRSYD,3144.0,3144.0,3144.0,,3144.0
B094RGBR1M,,,,,22.0
B094RKBD87,,,108.0,,
B094RKSVHX,,,219.0,,219.0
B094RNC8WV,,,,,9.0
B094S1W1X5,,,,371.0,
B094S3XZ8Y,,,,,371.0
B094S4G2D9,,,371.0,,371.0
B094S8S559,371.0,,,,
B094STRYVT,,,,,7.0
B094SYN7WS,,,,,27.0
B094T4LKPZ,,,,52.0,52.0
B094T4LKQ1,,,,158.0,158.0
B094TZV4SD,,,,112.0,112.0
B094WB23FP,,,,,24.0
B094YD2RHJ,,,,49.0,49.0
B094YJWYZX,,,138.0,,138.0
B094YL9LPH,,,,,396.0
B094YLJDM5,,134.0,,134.0,134.0
B094Z3YPSY,61.0,61.0,,,
B09543BWT3,,,,,18.0
B0954D37L2,,,,,198.0
B0954G6MDJ,,17.0,,,17.0
B0954MCX7Y,,,,,20.0
B095553Z4B,90.0,,,,
B0955BB9MG,,71.0,71.0,71.0,71.0
B0957RDYQ3,,,,,37.0
B0957SKRCR,,,,35.0,35.0
B0957WBG5Q,,,,,32.0
B0958DW5VR,,,23.0,23.0,
B0959PPMGJ,,,69.0,,69.0
B0959YB4MG,,,46.0,46.0,46.0
B095BDT2WX,227.0,,,,227.0
B095CLM277,,,1350.0,1350.0,1350.0
B095CSSKXR,295.0,,,295.0,295.0
B095CVDFZD,,,,56.0,56.0
B095CWW4MN,,,,,68.0
B095DBT3QM,324.0,324.0,324.0,,324.0
B095DDGFM2,,,,,365.0
B095DDZG7V,34317.0,34317.0,34317.0,34317.0,34317.0
B095DH8Z4G,,100.0,,,
B095DMYV42,433.0,433.0,,,433.0
B095DNVNJK,1100.0,1100.0,1100.0,1100.0,1100.0
B095DQDX5Z,,,,,175.0
B095DWHZVS,34317.0,34317.0,34317.0,34317.0,34317.0
B095FBW65G,,,,389.0,389.0
B095HLCWR4,1285.0,1285.0,1285.0,1285.0,1285.0
B095JGSF2F,,,,,341.0
B095K96N2S,,189.0,,,189.0
B095KR4Y9N,,,,,1994.0
B095L7V6CJ,,,,,33.0
B095LGTJNR,,,,,31.0
B095LH6YLD,38.0,,,,
B095LSXB44,,,10723.0,10723.0,10723.0
B095M3NXPZ,,,27.0,27.0,27.0
B095PSJ7QV,2806.0,2806.0,2806.0,2806.0,2806.0
B095R88JMY,,,,,50.0
B095R8XNNH,,,,16.0,16.0
B095RFD4GP,31.0,,31.0,31.0,
B095RFX11S,,,,,11.0
B095RGC2S8,,,,,31.0
B095RKPBZ8,,23.0,23.0,,23.0
B095SS83DY,,,,,808.0
B095SWS5ZQ,,,,,92.0
B095TMBNLH,,,,,131.0
B095TMRKTN,289.0,,289.0,289.0,289.0
B095TMRKTQ,,,289.0,289.0,289.0
B095TNKV33,,,289.0,,289.0
B095TPRM9Q,,,,,289.0
B095TPRM9Z,,,,,289.0
B095TRP835,,,,289.0,289.0
B095TRQPHB,131.0,,,,131.0
B095TRSXS6,,,,289.0,
B095TXQL7P,,,289.0,289.0,289.0
B095TYBLTX,,,,,131.0
B095V15NZF,131.0,131.0,131.0,131.0,131.0
B095VX6HKB,,,174.0,174.0,174.0
B095XG927Y,,,,,67.0
B095XJMR7Q,,,,63.0,63.0
B095YD9JRL,,,,,1.0
B095Z5RSZF,,,,58.0,58.0
B095Z6C4T7,,,,,58.0
B0961ZS96M,3511.0,,,,3511.0
B0962RPJYY,11.0,11.0,,,
B096454PN4,,74.0,74.0,74.0,74.0
B0964Q9J6D,94.0,,,94.0,94.0
B09664H4WM,,,,,20.0
B0968CQ8PS,,,,20.0,20.0
B0968DT2QG,,,,10.0,10.0
B0968FYTRS,,,,32.0,
B0968G9ND2,,,,,21.0
B0968HWQBW,,,,2067.0,2067.0
B0968K8M8H,332.0,332.0,,332.0,332.0
B0968P5XNP,,,439.0,439.0,439.0
B0968RFKHM,,12027.0,,,12027.0
B0968RYLFZ,628.0,628.0,,,628.0
B096CXSBQN,,,57.0,,57.0
B096DF77SJ,2490.0,2490.0,,2490.0,2490.0
B096KXBJPL,,,,33.0,33.0
B096L9CJRJ,,,77.0,77.0,77.0
B096LBM2BS,19.0,,,,19.0
B096LNNH6B,387.0,,387.0,387.0,387.0
B096LPD19F,,,,,9.0
B096LQ59FF,694.0,,,,694.0
B096M7DV57,,,36.0,36.0,36.0
B096M7SSXF,,,69.0,69.0,69.0
B096MT6WLV,45.0,,,45.0,45.0
B096SK1JG1,,,,124.0,124.0
B096SKS7TX,,,,124.0,124.0
B096T1SWMW,2608.0,,2608.0,,2608.0
B096T2CK3L,,,2608.0,2608.0,2608.0
B096T4PTCM,,479.0,479.0,479.0,479.0
B096T63QLK,,,,738.0,738.0
B096TJZXRX,,,133.0,,
B096TML51H,,,,34.0,
B096TNBVZK,,,,,133.0
B096TPC9SJ,,,,,776.0
B096VMHCMM,139.0,,,,
B096W2Q3GD,,,,,22.0
B096W846FC,432.0,,432.0,,432.0
B096WFM8KS,,,,,32.0
B096WHL8DK,,,44.0,44.0,44.0
B096WL649B,,24.0,,,24.0
B096WSV5X8,,317.0,317.0,317.0,317.0
B096WT2TJX,1046.0,,1046.0,1046.0,1046.0
B096WTWVG3,,,1040.0,1040.0,1040.0
B096WTZ8H2,624.0,,,,
B096WVH11J,,,,,624.0
B096WX18ZW,366.0,,366.0,366.0,366.0
B096WYTRP1,,817.0,,817.0,817.0
B096X1VHY6,613.0,,613.0,,613.0
B096X3KW5V,,,817.0,817.0,817.0
B096X3QW8D,,,,,613.0
B096YWM3XX,,,62.0,62.0,62.0
B09717S8L5,,,,,465.0
B0971N49DZ,,,,27.0,
B0971ZGF24,,,,,106.0
B0973LRXHV,,16.0,,,
B0973M5HLP,,,,,186.0
B0973QK1JB,772.0,,,,772.0
B0973S5P7C,,,92.0,,92.0
B0973SL8QL,,,,,54.0
B0973VD72L,,12.0,,,
B0973VPM91,,,,,12.0
B0973WZC9S,,,,,12.0
B0974XP5KC,,,,,10723.0
B0977QTFMW,,,,,11.0
B0977RTZM3,,,,,624.0
B0977SK3YL,,,,624.0,
B0977XV4SR,,,,,1798.0
B0977XX9SB,,,,4301.0,4301.0
B0977YSBXW,,,,12453.0,
B0979JFRCB,,3135.0,,,
B0979L1JB2,,,165.0,165.0,165.0
B0979PW13N,,,,33.0,
B097CBMZM3,265.0,,265.0,265.0,265.0
B097CDZTJD,111.0,,111.0,,111.0
B097CMG264,,,,26.0,
B097F8TPHV,,,470.0,470.0,470.0
B097F8VF5V,601.0,,601.0,601.0,601.0
B097F92KR7,194.0,,,194.0,194.0
B097F9FD43,,502.0,,502.0,502.0
B097F9HVF6,269.0,,,269.0,269.0
B097F9KHP1,,15.0,,15.0,15.0
B097F9LZVS,209.0,,,,
B097F9WTSP,209.0,209.0,,,209.0
B097F9X82M,,,,,194.0
B097FB7MVQ,,,,,143.0
B097FBB2FJ,,,,,47.0
B097FBPSYN,818.0,,,,818.0
B097FBR2GZ,,,,209.0,209.0
B097FC231C,,,,,879.0
B097FC5PNY,879.0,,879.0,,879.0
B097FC6VX2,,,,,597.0
B097FC7998,,,155.0,,155.0
B097FCKH4H,818.0,,,,818.0
B097FCL33M,22.0,,,,22.0
B097FCNQGG,,,,,143.0
B097FCPX51,,,,597.0,597.0
B097FCT51Q,,143.0,,143.0,143.0
B097FD4HNB,,,818.0,,818.0
B097FFNFZQ,597.0,,597.0,597.0,597.0
B097FTKHG4,,114.0,,114.0,114.0
B097FTL1R4,,,,,5.0
B097FTTD6S,,,,,18.0
B097FVR788,,75.0,,,75.0
B097FVS44T,,,,,13.0
B097FXLW13,30.0,,,30.0,
B097HLJKVB,,,,,274.0
B097HWVPQB,,,,,22.0
B097HWX24V,,9.0,,,9.0
B097J8DRV1,650.0,,,,650.0
B097J8HV5B,,548.0,,548.0,548.0
B097J9D33C,,,64.0,,
B097JHLY56,502.0,502.0,502.0,502.0,502.0
B097JHWRPQ,,,79.0,,79.0
B097JJ4LJF,,,,,676.0
B097JJCW88,,,,,298.0
B097JJCW8K,,,,,298.0
B097JJXMMW,,,,31.0,31.0
B097JL4828,,,,,420.0
B097JL5JGX,,,76.0,,76.0
B097JP71LH,,,,53.0,
B097JQQS74,,,44.0,,44.0
B097JR136T,,,,37.0,37.0
B097JR888T,,,,45.0,45.0
B097JSSWP9,,,,236.0,236.0
B097KQ8CYM,20.0,,,20.0,
B097LMPG7C,,471.0,,,471.0
B097MKCT59,,,60.0,,60.0
B097MQPD8H,,,,,22.0
B097N3RSX6,,,91.0,91.0,91.0
B097NB98ZB,,,,,22.0
B097NBK85Q,,,53.0,,53.0
B097NCRN8S,,,186.0,,186.0
B097NCRQ6D,2070.0,,2070.0,2070.0,2070.0
B097NCWHYB,,,,140.0,
B097NDWTJX,275.0,,,,
B097NF7978,2070.0,2070.0,,,2070.0
B097NQJSZP,,,,,370.0
B097NQW4SP,10306.0,10306.0,10306.0,10306.0,10306.0
B097NS6NBV,,,,,1429.0
B097NSBML5,,,,1429.0,
B097NSR822,,,1429.0,,
B097NVGK9Z,29.0,,,,
B097NVMYRX,,,186.0,,186.0
B097PHQHWT,,,,,8.0
B097Q56DVS,,8.0,,,
B097Q8L8PD,,,,,58.0
B097QKJT7P,100.0,,100.0,,100.0
B097QPHQ87,,,,42.0,42.0
B097QPKBYK,,,,,151.0
B097QPP1TB,,,,,319.0
B097QPP1TC,962.0,,962.0,962.0,962.0
B097QPQGH7,939.0,,,939.0,939.0
B097QQR9D8,,,,,99.0
B097QRFR7G,,,709.0,,709.0
B097QRT8KC,,,,,42.0
B097S5D242,,,,,37.0
B097S5SXNB,1219.0,,1219.0,1219.0,1219.0
B097S5XSS6,,,,,37.0
B097S654B9,,,,,33.0
B097S743TL,98.0,,98.0,98.0,98.0
B097S8C98P,,1856.0,1856.0,1856.0,1856.0
B097SBRV5S,259.0,,259.0,259.0,259.0
B097SC8KVG,169.0,,,,169.0
B097SD7WQM,,,169.0,169.0,169.0
B097SDXX1X,,1219.0,1219.0,,1219.0
B097SHR8BC,,,247.0,247.0,247.0
B097SJ2GFC,,,,,148.0
B097SKMD7R,,,,91.0,91.0
B097SLPB4X,,,,,9.0
B097TWMQV8,,,,,92.0
B097TZZZ6G,,,39.0,,
B097VJS6R9,,1798.0,1798.0,,1798.0
B097VWFRDZ,2070.0,,2070.0,2070.0,2070.0
B097YSHP73,,,,,41.0
B097YWH9BC,,,20.0,,20.0
B097YXHP1Y,,,,,436.0
B097YXQ8YF,,,,,111.0
B097YY7JKN,,,,37.0,
B09824C3CQ,,,,103.0,103.0
B0982J3RYB,,,,,17.0
B0983XSHSR,,101.0,101.0,101.0,101.0
B0983ZMDCC,,,,,104.0
B0986V77TN,,,,143.0,143.0
B0987GRRYB,5131.0,,,,5131.0
B0987GRS3C,5131.0,,,,5131.0
B0987H3663,,5131.0,,5131.0,5131.0
B0987H8MMD,5131.0,,,,5131.0
B0987H9S7M,,,,,5131.0
B0987HBDV3,5131.0,,5131.0,,
B0987HBDW8,,,,,5131.0
B0987JBBGY,,,,5131.0,5131.0
B0987JQMSY,,,5131.0,,
B0987JVGTH,,,,5131.0,5131.0
B0987JVGWS,,5131.0,,5131.0,5131.0
B0987JXVBG,5131.0,,,,5131.0
B0987JXVDM,,,5131.0,,5131.0
B0987JYHBS,,,,,5131.0
B0987JZSP8,5131.0,5131.0,,,5131.0
B0987K18ND,,5131.0,,,5131.0
B0987LCZDZ,,,,,5131.0
B0987LCZG4,,,,,5131.0
B0987LD93Q,,,,5131.0,
B0987LQ2CY,,,,,5131.0
B0987LQDYF,,,,,5131.0
B0987LRKL7,,,,,5131.0
B0987LRP4W,5131.0,5131.0,,,5131.0
B0987LV88G,,,,,5131.0
B0987MSQ9K,5131.0,,5131.0,5131.0,5131.0
B0987N4TDL,,,,,5131.0
B0988GNJ9M,,,224.0,224.0,224.0
B0988JCJDS,,,209.0,209.0,209.0
B0988K91LB,,,185.0,185.0,185.0
B0988LNS8Z,729.0,729.0,,729.0,729.0
B0988MK1Y9,,,,,1413.0
B0988MT3VJ,,,523.0,,523.0
B098BXKQMH,,,363.0,363.0,363.0
B098BXNBFX,,,,363.0,363.0
B098BYJDYG,363.0,,,,363.0
B098C2GXWL,,,,118.0,118.0
B098CTZYJX,,,,,316.0
B098FHXPH9,,,30.0,,
B098FLYX2Y,,,,,28.0
B098FZKP6R,,,1729.0,,
B098FZWY1J,121.0,,,,
B098G2DRD2,738.0,738.0,,,738.0
B098G4KPZ4,,63.0,63.0,63.0,63.0
B098G569QL,,,1729.0,,1729.0
B098G72X3D,121.0,,,,121.0
B098G7996W,121.0,121.0,121.0,121.0,121.0
B098G971HF,62.0,62.0,62.0,62.0,62.0
B098G9BR32,,121.0,,,121.0
B098GC8BG7,234.0,,234.0,234.0,234.0
B098GDL7N3,,,738.0,,738.0
B098GFCPX6,,,,407.0,
B098GG4TG4,,738.0,,,738.0
B098GK5NKL,,69.0,,,69.0
B098GKSMRT,,357.0,,357.0,357.0
B098GLRB9Y,,,,,407.0
B098GNYXTD,407.0,,407.0,,
B098GQJK57,,,407.0,,
B098GS2VXW,738.0,738.0,738.0,,738.0
B098GS5SF8,,,,3.0,3.0
B098HW33ZK,80.0,80.0,,,
B098HWSWWP,44755.0,,44755.0,44755.0,
B098HYKXS6,,,,,88.0
B098HYXGFP,,,465.0,,
B098HZFPLS,1411.0,1411.0,1411.0,1411.0,1411.0
B098HZPPYY,,,135.0,,135.0
B098HZTM7G,,,,,88.0
B098HZVCS3,,80.0,,,80.0
B098J23WTG,16092.0,,,,16092.0
B098J261B4,,,505.0,,505.0
B098J261B5,,,,80.0,80.0
B098J26MT7,,,,299.0,
B098J2LVPY,,,,,88.0
B098J3J26T,239.0,,239.0,,239.0
B098J67SZL,,,465.0,,
B098J7F4F3,,44755.0,,,44755.0
B098J9C64B,88.0,,,,
B098J9C64C,,,,,44755.0
B098JDP5JP,135.0,,,135.0,135.0
B098P59MS7,327.0,,,,327.0
B098P5YCR2,,327.0,,,
B098P6B1JX,327.0,327.0,327.0,,
B098P6NKPM,,,,,72.0
B098P7L5HD,327.0,,,,327.0
B098PBJJ44,,,119.0,119.0,119.0
B098PJKQT3,,,,,22.0
B098RYRTRN,,,33.0,33.0,33.0
B098RZ4DSG,,,,,68.0
B098S89ZV1,,,,35.0,35.0
B098V5K473,,,41.0,,41.0
B098V5PZ15,38.0,,,,38.0
B098VDJWF6,,180.0,180.0,180.0,180.0
B098VDJWFT,171.0,,,171.0,171.0
B098VFS9NW,,,224.0,224.0,224.0
B098VFVX36,140.0,,140.0,,140.0
B098VG1QK5,,,,,36.0
B098VG4VJC,,1173.0,1173.0,1173.0,1173.0
B098VGJP1K,1530.0,,1530.0,1530.0,1530.0
B098VGSFML,,93.0,,,93.0
B098VGZ7XG,,,224.0,,224.0
B098VH2GSL,155.0,,,,155.0
B098VH3VVB,601.0,601.0,601.0,601.0,601.0
B098VH74QZ,,,,,47.0
B098VHDCQT,,,,,11.0
B098VHGYSS,,224.0,224.0,224.0,224.0
B098VHLQSW,,,279.0,279.0,279.0
B098W2BBMJ,,36.0,36.0,36.0,36.0
B098W9MBHG,,,72.0,,72.0
B098WB2DH4,94.0,,,94.0,94.0
B098WBFNSZ,,,,,353.0
B098XBVMTH,,,,,115.0
B098XSSPBF,,,,,173.0
B098XT1Q9G,,,,,144.0
B098XT9NJ9,,,,,11.0
B098XWHDQ4,,,,,40.0
B098XX2HMT,,,,,391.0
B098XXLDDV,,,,,15.0
B098XXZJZD,,,,,46.0
B098XY2QMF,,,,,145.0
B098XY3MQL,,,,2.0,
B098XZG69F,249.0,,,,
B098Z88R9T,27.0,,27.0,27.0,
B09935PJ1M,70.0,,,,70.0
B0997ZWKPZ,,720.0,720.0,720.0,720.0
B0998KJ7L4,,,,,5.0
B0998M7JTY,,,,37.0,37.0
B0998VNQTK,65.0,,,,65.0
B099CK8K4B,,,,,446.0
B099CKWDKN,,,,,446.0
B099FKQ8RV,,,,,26.0
B099FLBR6P,,,,86.0,86.0
B099G1Y1D9,13.0,,,,
B099G45Z4Y,,,13.0,,
B099HX8MVS,,,,19.0,
B099K4X3WD,112.0,,,,
B099KV219N,,,,42.0,42.0
B099LCGWC6,102.0,,,,
B099LH2QTP,,,,279.0,
B099LV9QBP,,,,,3135.0
B099MTF1R9,73.0,,,,73.0
B099MV6J9L,74.0,74.0,,74.0,74.0
B099NLWWDH,157.0,,,157.0,157.0
B099NMSBS2,33.0,,,,
B099NN4PRB,,,,,93.0
B099NV3GDJ,,,,165.0,165.0
B099P5Q9QX,,,,,49.0
B099P82TKV,,,,,95.0
B099P9NFLR,,,,,49.0
B099P9Q9B9,,,,,345.0
B099PF617Z,,,,,1238.0
B099QYTX1Q,,,,77.0,77.0
B099S9TLS9,,56.0,,56.0,56.0
B099T9WLZX,432.0,432.0,432.0,,432.0
B099TJJSS7,,386.0,386.0,386.0,386.0
B099TT2B7Y,,,,,53.0
B099TWJFJL,827.0,,827.0,827.0,827.0
B099TY6BTC,,,,,50.0
B099TZ7ZWM,,473.0,,,473.0
B099TZH4YY,,,78.0,,78.0
B099TZQ8CP,,,,,120.0
B099V182SH,,,,89.0,89.0
B099V3D8DZ,418.0,,,,
B099V4ZXBZ,,,,,141.0
B099V6X4X4,,,,,288.0
B099WLM99T,,,,34.0,34.0
B099X9KQXS,,7214.0,,7214.0,7214.0
B099XMHZ3C,,,,,27.0
B099XMVSB1,997.0,,,,997.0
B099Y586RQ,,,,,34.0
B099YDPJ36,,,70.0,70.0,
B09B12SQNL,,,,,2.0
B09B16VRJ7,1743.0,1743.0,1743.0,1743.0,1743.0
B09B18PMX6,,90.0,,,90.0
B09B198KSW,,,,,456.0
B09B1GGQHL,,,,,5.0
B09B1MMGL9,,,,,182.0
B09B1PRHKS,,,54.0,54.0,54.0
B09B1QT1MH,,200.0,,200.0,200.0
B09B1R6HF3,61.0,,61.0,61.0,61.0
B09B1Y3N4B,,99.0,99.0,99.0,99.0
B09B2WJQ4T,39.0,39.0,39.0,39.0,39.0
B09B2Y93CH,,,44.0,44.0,44.0
B09B33N9HZ,,,,,5222.0
B09B34LMDN,,,134.0,,
B09B35SQ6R,,63.0,63.0,63.0,63.0
B09B4D9VLQ,,,,,22760.0
B09B4JP7F6,,,,22760.0,22760.0
B09B4KQS2V,22760.0,,,22760.0,22760.0
B09B4LHFMM,,,,,79.0
B09B4M75NC,,,56.0,,56.0
B09B4QLN33,,,,,44.0
B09B88WTFL,,,,55.0,55.0
B09B8C214X,613.0,,,613.0,613.0
B09B8X5BQK,,107.0,,,
B09B8YQ6RF,,,,,828.0
B09B8ZQHKW,,,,,828.0
B09B8ZR7PF,,,163.0,,163.0
B09B8ZYQ24,,,120.0,,
B09B9156SV,85.0,,,85.0,
B09BBJY43J,,,,,3068.0
B09BBLTL2S,221.0,,,221.0,221.0
B09BBSBNSN,,,,,164.0
B09BBX41FR,,,21.0,,
B09BC1MBZ6,,,,,5.0
B09BD7QQQ5,,,,,442.0
B09BD942VL,442.0,,442.0,,442.0
B09BD96GDR,156.0,156.0,,156.0,156.0
B09BD9GLHY,192.0,,,,
B09BD9MSS5,442.0,,,,442.0
B09BDBB6RX,442.0,,442.0,,442.0
B09BDBK7PS,442.0,442.0,442.0,,442.0
B09BDD6M6G,442.0,,442.0,442.0,442.0
B09BDL564S,,,,,164.0
B09BDXBPTF,386.0,386.0,386.0,386.0,386.0
B09BDXS78D,,,,,102.0
B09BDYB6HF,,,,99.0,99.0
B09BFYL6RL,,24.0,,,
B09BG6ZVR5,,,45.0,45.0,45.0
B09BGCWYKB,,,,,135.0
B09BGD7B56,,,135.0,,
B09BGD97TL,,,,,135.0
B09BGD98FN,135.0,,,,135.0
B09BGDCMWP,,,,,135.0
B09BGDG3SS,,,,,135.0
B09BGDGDBR,,,,,135.0
B09BGDGL2N,,,,,135.0
B09BGDJ7B3,135.0,,,,
B09BGDJ7B4,,,135.0,135.0,
B09BGDJHM4,,,,,135.0
B09BGDKVQ3,,,,,135.0
B09BGDL1V4,135.0,,,,135.0
B09BGDLVJ1,,,,,135.0
B09BGDQLPT,,,,,135.0
B09BGDWJFB,,,135.0,,135.0
B09BGDZDR4,,,,135.0,
B09BGF725J,,,,,1414.0
B09BGFFMP2,,,135.0,,135.0
B09BGFFVM5,,,135.0,,135.0
B09BGFHVJP,,,,,135.0
B09BGFK6KW,,,,,135.0
B09BGFLBVM,,613.0,,,
B09BGM21P9,,,,410.0,
B09BGM21PB,342.0,342.0,342.0,,342.0
B09BGMDZ51,,,585.0,585.0,
B09BGRS16R,64.0,,,64.0,64.0
B09BGTC5QD,318.0,,,318.0,318.0
B09BK8STKN,,,,133.0,
B09BK8STYG,,,35.0,35.0,35.0
B09BKDWM3Z,,,,7840.0,
B09BKDZG26,,,,,3618.0
B09BKF3XF2,2524.0,,,,
B09BKF4WHP,63.0,,,,63.0
B09BMTB78C,,106.0,,,106.0
B09BN423TX,,,19.0,,
B09BN58MW6,,,,,52.0
B09BNLX4YC,,1134.0,,,1134.0
B09BNM42FK,579.0,579.0,579.0,579.0,579.0
B09BNM538Z,,,,,771.0
B09BNS13V7,,,,,169.0
B09BNTB9P3,,,135.0,,135.0
B09BNW1BKP,135.0,,135.0,,
B09BNWGQSL,135.0,,,,135.0
B09BNWQWF1,,,135.0,,
B09BP5J8YF,576.0,,,,576.0
B09BP6FKYY,336.0,,,,336.0
B09BSSKG6Y,,,,,53.0
B09BTJM1YL,68.0,,,68.0,68.0
B09BTXF3T4,,,,,31.0
B09BTYH59C,,,,,175.0
B09BVGZR3J,,,,,252.0
B09BVH7WL1,,223.0,223.0,223.0,223.0
B09BVHY9VM,,,,243.0,243.0
B09BVQWRB9,3503.0,,,,
B09BVSDJ8S,,,,,9911.0
B09BWD972T,,,,,48.0
B09BWGMMHB,,,290.0,,290.0
B09BWT39K3,,,,,121.0
B09BWT5HQ7,432.0,,,,432.0
B09BY3TYWL,57.0,,57.0,,
B09BY898WF,,,,,523.0
B09BYBGLFQ,,,,,3682.0
B09BYBMXN5,,,407.0,,
B09BYBMXN7,,,,,2665.0
B09BYBN7VK,,,729.0,,729.0
B09BYC3TNG,,,,450.0,
B09BYD8MWH,,,,,62.0
B09BYDGBJC,,,327.0,,327.0
B09BYDNHNS,,,302.0,,302.0
B09BYDNHNV,,,,,3022.0
B09BYDV6Q3,,,,,2051.0
B09BYF4412,,,544.0,,544.0
B09BYF7M6F,,544.0,544.0,,544.0
B09BYHS5CF,,,,814.0,
B09BYKY311,,327.0,,,327.0
B09BYL5DHN,302.0,,,,302.0
B09BYPQKR3,,,,2375.0,
B09BYPQKR4,,,,,2438.0
B09BYPW94B,242.0,,,,
B09BYPW94C,,,,,57.0
B09BZ92QZD,,,72.0,72.0,72.0
B09BZNY3RH,807.0,,807.0,807.0,807.0
B09BZPVG4W,2708.0,,,,2708.0
B09BZPVG4Y,978.0,,,978.0,978.0
B09C12965G,1824.0,,,,1824.0
B09C12H51Q,,,,55.0,55.0
B09C137C2Z,,,45.0,45.0,45.0
B09C15P59C,,,118.0,118.0,
B09C1VQFNW,,,,69.0,69.0
B09C2BTBBZ,,,,,199.0
B09C2FJHFY,,37.0,,,
B09C2GPQWR,,216.0,,,216.0
B09C2QVS4K,467.0,,,,
B09C2W9CR2,,,,12.0,12.0
B09C31KCXY,42.0,,,,42.0
B09C31P2N1,3.0,,,,
B09C32PL8C,,,,,12.0
B09C33FV69,,,,177.0,177.0
B09C34Q956,,,,,69.0
B09C359D1N,114.0,,114.0,,114.0
B09C36R7NH,,,69.0,69.0,69.0
B09C3SYX9H,,,,,3068.0
B09C4B8X7K,,,,1011.0,1011.0
B09C4BWK8J,883.0,,,883.0,883.0
B09C6G8GT6,,,,,22.0
B09C6HD644,,231.0,231.0,231.0,231.0
B09C6J3FXQ,,,,154.0,154.0
B09C6KSTZS,,,,,47.0
B09C6WJZ73,,140.0,,140.0,140.0
B09C71XGYY,,,,,163.0
B09C82MWZX,189.0,,,189.0,189.0
B09C9YTTSZ,,,,,66.0
B09C9YW566,263.0,,,,263.0
B09CBD53G2,,,,,32.0
B09CF27CW5,,,,,1117.0
B09CFG9MMW,,,23.0,,23.0
B09CFW68KP,,,,,33.0
B09CFXL8FX,,,,,103.0
B09CG43QLX,,1171.0,,,
B09CHDLVB3,,,,,640.0
B09CHSTHX9,,,,,1355.0
B09CHTBD2P,,,,,17.0
B09CHWXZV5,,,,,35.0
B09CJ6FL55,,,,,36.0
B09CJKH4SS,,,,,32.0
B09CK6ZQHL,,592.0,592.0,592.0,592.0
B09CLJD1P3,31.0,,,,31.0
B09CN7DYD6,,,,,123.0
B09CPBBJJ7,,,,,182.0
B09CPBPKLX,,,,46.0,46.0
B09CPC1828,,11.0,,,11.0
B09CPCB8C4,,,,,11.0
B09CQHJB4M,747.0,,747.0,747.0,747.0
B09CQHKRQC,,,,,1173.0
B09CQHLRG6,799.0,799.0,,,799.0
B09CQJ8MDW,,,,,275.0
B09CQJHX6W,,,601.0,,
B09CQK3BT1,,,,,85.0
B09CQLC7D7,,,1530.0,,1530.0
B09CQLZ2MY,279.0,,,,
B09CQM91CS,387.0,,387.0,387.0,387.0
B09CS6WY1Z,162.0,,,,
B09CSP7KCN,19.0,,19.0,19.0,
B09CVGD288,,,,,1247.0
B09CVHRMYK,,,,,187.0
B09CVJ2MF9,,,,,324.0
B09CVK1VZW,,,,,163.0
B09CVKJRQ3,627.0,,,,627.0
B09CVMKQ9W,,,,,190.0
B09CVMYDBF,4719.0,,,,4719.0
B09CWZ5W1H,,,280.0,280.0,280.0
B09CX2VM46,,,,,24.0
B09CX3TQSV,,,,,3.0
B09CX54KF8,,,,,38.0
B09CX6HF7C,,,,,383.0
B09CX8RBLC,,88.0,,,88.0
B09CX9R7CP,,,,50.0,50.0
B09CXQ5LKF,,,24.0,24.0,24.0
B09CZT5XHK,,,,,51.0
B09CZTBN4F,10723.0,,,,10723.0
B09CZVBNNQ,176.0,,,,176.0
B09CZVH5JW,,,,,221.0
B09CZVKY4Q,,,,,10723.0
B09CZX2SJL,,,,,220.0
B09D1GDKKM,,,,,25.0
B09D22FZWG,,,,,28.0
B09D2F2YF6,,,112.0,112.0,112.0
B09D3XL97W,,,44.0,44.0,44.0
B09D5N63VL,,,,47.0,
B09D5P7R7F,209.0,,,,
B09D5YXHZC,,,34.0,34.0,34.0
B09D63W8CQ,,,35.0,35.0,35.0
B09D67TTW6,,,,50.0,50.0
B09D699ZTM,,,47.0,47.0,47.0
B09D69MF66,,,,40.0,40.0
B09D6D8PTN,,,43.0,43.0,
B09D7Z68JN,,552.0,,,
B09D89HD14,,,,,49.0
B09D8JBTL8,,,84.0,,84.0
B09D8S5LD3,,,,,307.0
B09D8SGV5M,224.0,,,,224.0
B09D8SQ1S2,307.0,,,,307.0
B09D8TD85X,,,,,307.0
B09D8VV3NR,,,,,307.0
B09D97G5K9,452.0,,,,452.0
B09D97Y7H1,,,,,452.0
B09DDRLNNL,,,,,33.0
B09DDRLNNV,,,6.0,6.0,6.0
B09DDRPHLR,,,33.0,33.0,33.0
B09DDTCK5F,,57.0,57.0,57.0,57.0
B09DDTDMXF,,,44.0,,44.0
B09DDTRXR5,,,,42.0,42.0
B09DDVM659,,,,,47.0
B09DDVSNV7,,,37.0,,
B09DDW6C8W,28.0,,28.0,,28.0
B09DDW6C8X,,,,33.0,33.0
B09DDXHXP3,,,63.0,,63.0
B09DDXZ599,56.0,56.0,,56.0,56.0
B09DDYHBN2,,75.0,75.0,75.0,75.0
B09DDZM8PB,,,,60.0,60.0
B09DF9RD6K,,,,55.0,55.0
B09DFQDX17,,,,,55.0
B09DHB4GD7,,,173.0,173.0,173.0
B09DHLLNFZ,,,,,130.0
B09DHNMVPR,,,,,171.0
B09DJ1CP11,3615.0,3615.0,3615.0,3615.0,3615.0
B09DJ5L2R9,,,,8.0,8.0
B09DJ7KC81,599.0,,599.0,599.0,599.0
B09DJ9DHXK,130.0,,,130.0,130.0
B09DJGSX1L,,,,,10723.0
B09DJQ1WDT,,392.0,392.0,,392.0
B09DKMX8VD,400.0,,,,400.0
B09DKRQNCC,63783.0,,63783.0,,63783.0
B09DM7KBRY,,,,,178.0
B09DM7KWKJ,,,,,72.0
B09DMD8HTQ,,,,,2264.0
B09DMDRMY8,,,,,3154.0
B09DMFPD6H,,,,,3004.0
B09DMFQ39Y,,,,,6507.0
B09DMFXV8M,,,935.0,935.0,935.0
B09DMJFCCJ,,,,,1505.0
B09DMM34KJ,,,,,1916.0
B09DMMJ49B,,,,,176.0
B09DMRSRMW,,,,,3364.0
B09DN7ZD7W,928.0,,,,
B09DNHZPTW,,,49.0,49.0,49.0
B09DNJ1V42,,,94.0,94.0,94.0
B09DNTZ65C,,,226.0,226.0,226.0
B09DQ7JKZ7,,2225.0,,,2225.0
B09DQD3ZJC,,,,,46.0
B09DQZ1VQP,,,,2225.0,2225.0
B09DR9K8XB,,,,,553.0
B09DRD13QX,,,,,104.0
B09DTGXRTT,,,,,21.0
B09DVWS6KR,,,,33.0,33.0
B09F3QR6LB,,,,,286.0
B09F3SMBD9,,,,,10.0
B09F3VSQG1,,,,39.0,39.0
B09F4HX3R5,,,124.0,,124.0
B09F4LGSP7,,,,213.0,
B09F4PX346,,,,161.0,161.0
B09F4R13RK,,,,,231.0
B09F4T5LPY,,,,,117.0
B09F4TZYZJ,,,,,231.0
B09F4WBHSM,,,206.0,206.0,206.0
B09F4Z89WH,,,,,112.0
B09F56V1KP,,,97.0,97.0,97.0
B09F5HBGVY,,,129.0,,129.0
B09F5HG2YH,,,,53.0,
B09F753Q37,,,,290.0,290.0
B09F8FSXN5,,,,,502.0
B09F8LQZTL,502.0,,,502.0,502.0
B09F8LYF1F,,,,289.0,289.0
B09F8PJLGP,,,,,502.0
B09F8PKBJ6,,502.0,,,502.0
B09F8QXJVG,,396.0,,396.0,396.0
B09F8R7ZJ7,396.0,,396.0,,
B09F8RD8H2,,,,,139.0
B09F8SWGD8,,,,29.0,29.0
B09F92Z41N,,396.0,,,396.0
B09FBD5G9V,3415.0,3415.0,3415.0,3415.0,3415.0
B09FC1BK1C,,,,,1132.0
B09FC2T95N,1132.0,,1132.0,,1132.0
B09FC37Y9X,1132.0,,,,1132.0
B09FC9P8D5,,,,,389.0
B09FCJBZC1,,,,,56.0
B09FCJZJ7K,401.0,401.0,401.0,401.0,401.0
B09FM2BFPL,,,131.0,131.0,131.0
B09FM3TBLQ,,,39.0,,39.0
B09FM719TQ,,,,80.0,80.0
B09FMKDX3Z,,,29.0,29.0,29.0
B09FMSRBMT,,,,,80.0
B09FMYNQ3S,,,82.0,82.0,82.0
B09FN6C552,,,,,25.0
B09FPP7X5L,14240.0,14240.0,,14240.0,14240.0
B09FPR48N6,,,9.0,,
B09FPSXMRF,389.0,,,,
B09FPTJHYM,,,,,286.0
B09FPVPT6V,,84.0,,,84.0
B09FQFWVGR,,,,,17.0
B09FQSY51P,,,,,40.0
B09FRH8W72,,,45.0,,
B09FSNXTM8,,,,,1923.0
B09FSP78G3,,,,,1923.0
B09FSRYWP1,,,,,1923.0
B09FTFDG5D,,,307.0,,307.0
B09FTGRX6V,,,30.0,30.0,30.0
B09FTJ9H86,,,35.0,35.0,35.0
B09FVL38WD,,,,100.0,100.0
B09FVXX9FC,116.0,116.0,116.0,,
B09FW22YDW,,,,348.0,348.0
B09FWC9VJH,,,,,92.0
B09FX1MV3D,,87.0,,87.0,87.0
B09FYK7FKR,6021.0,6021.0,,6021.0,6021.0
B09FYKMTS3,,,,,240.0
B09FYLXMVQ,,,,,106.0
B09FYXJ6DN,,,1446.0,,
B09FYZ6XW4,,,,40.0,40.0
B09FYZPRWK,,,1446.0,,1446.0
B09FYZTWNF,1446.0,1446.0,1446.0,1446.0,1446.0
B09FYZXSMG,155.0,,,,155.0
B09FZ11GGD,,,,49.0,
B09FZ2GRWL,,,,,53.0
B09FZ2PZKV,,,,,51.0
B09FZ2QRW1,12755.0,,,,12755.0
B09FZ3C1G3,,,23.0,,
B09FZJ61P1,,,,101.0,101.0
B09G2S1KZ2,228.0,,228.0,228.0,228.0
B09G3FJQTD,,,,,4.0
B09G3KJPNS,,3.0,3.0,3.0,3.0
B09G494M4M,,,,,183.0
B09G4B3R1T,672.0,,,,
B09G4BN32B,,,672.0,,672.0
B09G4FGQBW,361.0,,,361.0,361.0
B09G59SQPX,,,,86.0,
B09G6T3N5G,,,,31.0,
B09G6TJXW1,,,,,73.0
B09G7PR7QB,215.0,215.0,215.0,,215.0
B09G8HJBQ4,,,,34.0,
B09G8XXJMF,108.0,,,108.0,108.0
B09G92Z3DS,,,,44.0,44.0
B09G94L5X9,,,,,97.0
B09G97BDY4,,,,,78.0
B09GB1MWML,,,,90.0,90.0
B09GBZYLPF,1981.0,1981.0,1981.0,1981.0,1981.0
B09GC138W6,,590.0,590.0,590.0,590.0
B09GC2LZQ2,832.0,,832.0,,832.0
B09GD5Z3YM,,,,,189.0
B09GD9P7VF,,169.0,,,169.0
B09GDG8XK8,,,50.0,,
B09GDP1GYD,,,,56.0,56.0
B09GF3YSQ8,,224.0,,,
B09GFXV538,,,,,1562.0
B09GHHJVLP,109.0,,,,
B09GHLCPXG,,,,,56.0
B09GHQFGBY,,,,,25.0
B09GJBYZHJ,,,39.0,,39.0
B09GKYVG3F,,,,,11.0
B09GL382TQ,,19.0,,,
B09GL5QPV7,,,,,184.0
B09GLFL8X4,,,,,50.0
B09GLHT6FY,,766.0,,,
B09GQFRXZ2,629.0,,,,629.0
B09GS315H7,,,,,70.0
B09GS3C62G,61.0,,,,
B09GS3TSH6,,,,,74.0
B09GS3X2PX,,,,,25.0
B09GSCNVBZ,55.0,,,,55.0
B09GT41DG5,,,,,25.0
B09GT56JQH,,,30.0,30.0,30.0
B09GV16N9C,,,,142.0,142.0
B09GVTXVFC,,,38.0,38.0,38.0
B09GWBYXTX,,601.0,,601.0,601.0
B09GWC8WRZ,,,4.0,,
B09GWCD6Y3,,,4.0,,
B09GWCDB3Z,,,26.0,,
B09GWCJX1V,,,129.0,129.0,129.0
B09GWCLJJ6,,,19.0,,
B09GWCXBBK,,,,,19.0
B09GWD481Z,,,26.0,26.0,26.0
B09GWD713B,,,,,601.0
B09GWD7JJQ,,,4.0,,
B09GWD8VWN,,,,,601.0
B09GWDPD1W,,,2.0,,
B09GWDRDCF,,,,,24.0
B09GWDRKQ2,,,,,601.0
B09GWDY125,,,,,26.0
B09GWFBM1X,,,,,24.0
B09GWFDJ7D,,,,7.0,
B09GWFGFZ6,,,,,4.0
B09GWFQMYC,,,,15.0,
B09GWFTF5L,,,,,52.0
B09GXMDCZW,,,2.0,,
B09GYHDWG4,,,41.0,,41.0
B09GYHSX3W,,,,,12.0
B09GYJ3L8H,56.0,,56.0,56.0,
B09GYJRMXR,,,,,85.0
B09GYKSPD7,,,52.0,52.0,52.0
B09GYL7KQV,,,35.0,35.0,35.0
B09GZPMQR7,,568.0,,,568.0
B09H3CZQ8Z,,,29.0,,29.0
B09H3D6ND2,,,,,11778.0
B09H3NJSM6,,,21.0,,
B09H3QQSHM,,,,158.0,158.0
B09H3QXGGX,,,,304.0,304.0
B09H3SSPQ5,,,304.0,304.0,304.0
B09H74SVBJ,253.0,,253.0,253.0,253.0
B09H7PSVZ3,,,,,15.0
B09H9DKWM4,,,,,3.0
B09H9GK91D,,,,,12.0
B09H9GSCRW,,3.0,,,3.0
B09H9H38C2,,,12.0,12.0,12.0
B09H9NW692,,,,11.0,11.0
B09HFDNMNW,,,39.0,39.0,39.0
B09HFDNMQ4,,,,33.0,33.0
B09HFDYB8V,,,,,577.0
B09HFMBD7T,149.0,,,,
B09HG837XP,527.0,527.0,527.0,527.0,527.0
B09HK4S2BN,,,,,42.0
B09HKVWLN7,738.0,,738.0,,738.0
B09HLHBFLW,,,,223.0,223.0
B09HLHR8GR,19.0,,,,19.0
B09HLMZ7KZ,,193.0,193.0,,193.0
B09HM3YLFM,,,,,384.0
B09HM5ZS83,431.0,,,,431.0
B09HM81MD5,,,,,50.0
B09HN5CMBX,,18.0,18.0,18.0,18.0
B09HN7NTJP,12027.0,,12027.0,12027.0,12027.0
B09HN7YG3H,,,12.0,,
B09HN81KVR,18.0,18.0,18.0,18.0,18.0
B09HN8JBFP,,1856.0,1856.0,1856.0,1856.0
B09HNGZQYC,,,,,69.0
B09HNM2MQH,,89.0,,,89.0
B09HNNB9LZ,,,,67.0,67.0
B09HQS6XPG,,49.0,49.0,49.0,
B09HR2H38Y,15.0,,,,
B09HR32BTC,,38.0,,,
B09HR36ZVG,,,,,3.0
B09HR3GDN8,,140.0,,,
B09HR41527,,,,,15.0
B09HR5KSR8,4484.0,4484.0,,,4484.0
B09HR5SPRL,,,,,162.0
B09HR9CKV3,,,,,48.0
B09HS7CXD9,,,,,104.0
B09HS8Z129,,,,,67.0
B09HS9FBNB,,,,,36.0
B09HSTCG8L,13.0,,,,
B09HSZ82L7,,,,,17.0
B09HT4SXLL,,,15.0,,
B09HT5KFPF,,,,,50.0
B09HT6N7KY,,,,,111.0
B09HV8VJHC,,,,,292.0
B09HWHGW4R,,,,30.0,30.0
B09HWKPXRJ,,,31.0,,
B09HWN3STC,684.0,684.0,684.0,684.0,684.0
B09J1SMQVV,,,,47.0,47.0
B09J1VSLB5,,90.0,,,
B09J55QQMV,,,,,61.0
B09J56QBDV,,,,,28.0
B09J56T6KM,,,,49.0,49.0
B09J7T7NYD,,,,,33.0
B09J936XHQ,,,,,351.0
B09J9L58ZQ,,,,104.0,104.0
B09J9L67BV,,,27.0,27.0,27.0
B09J9MD9GZ,,28.0,28.0,28.0,28.0
B09J9ND55W,,31.0,31.0,31.0,31.0
B09J9PLB55,,,40.0,,40.0
B09JD8ZNNG,,,,165.0,165.0
B09JD9MTT5,,,,,76.0
B09JDZCK2M,,,,,105.0
B09JF5CW4Z,100.0,,100.0,100.0,
B09JF5DBTP,,1100.0,1100.0,1100.0,1100.0
B09JFJQ225,1100.0,,,1100.0,1100.0
B09JFLJKMM,,,,,1100.0
B09JFRMMZG,,,100.0,,
B09JFT3JSQ,,,,1100.0,1100.0
B09JFT8SVY,,1100.0,1100.0,,
B09JHKPSTD,,54.0,54.0,54.0,54.0
B09JJNRT8B,,,40.0,40.0,40.0
B09JJP3X5V,,,,27.0,27.0
B09JJP6W3S,,,58.0,58.0,58.0
B09JJPYS1W,,,,40.0,40.0
B09JJT29GB,34.0,34.0,34.0,34.0,
B09JJT3QVX,51.0,51.0,51.0,,51.0
B09JJTW6MD,,,,46.0,46.0
B09JK17ZJC,,,24.0,24.0,24.0
B09JKK7951,,,,,10170.0
B09JKXPT2W,,,,97.0,
B09JLCV1VX,93.0,,93.0,,93.0
B09JLHNZHG,1724.0,1724.0,1724.0,1724.0,1724.0
B09JLJ28CW,,,,,11.0
B09JLJ87DF,27.0,,27.0,27.0,27.0
B09JLM2HWJ,,31.0,31.0,31.0,31.0
B09JM893XK,,,,47.0,47.0
B09JR26VVD,,,,,103.0
B09JRRJ93Z,,,,,138.0
B09JTBR31J,,,84.0,84.0,84.0
B09JTSYBX6,,,260.0,,260.0
B09JTVQYR4,312.0,312.0,312.0,312.0,312.0
B09JTY679H,,,103.0,,103.0
B09JV37KPH,,,,,1.0
B09JV9W8ZK,,,,1.0,
B09JVCL9NG,,91.0,91.0,91.0,91.0
B09JVVSQPT,,84.0,,,84.0
B09JWYTVMV,,,54.0,54.0,54.0
B09JY1H7TL,34.0,,,34.0,34.0
B09JZRX753,379.0,379.0,,,379.0
B09K182B7C,1514.0,,,,1514.0
B09K18M2PY,,181.0,,,181.0
B09K83LFSR,269.0,,,,269.0
B09K8VB3Y3,,483.0,483.0,483.0,
B09K8VK5XZ,,,,,89.0
B09KDQ9YXB,1562.0,,,,1562.0
B09KDSJ3N7,152.0,152.0,,,
B09KDW6TZN,1562.0,1562.0,1562.0,,1562.0
B09KDZ1195,,,1562.0,,1562.0
B09KF1QWM2,,,26892.0,,26892.0
B09KF7NW52,,,,,1562.0
B09KFPPLYQ,,,,266.0,266.0
B09KFRNWJT,,,592.0,592.0,592.0
B09KFWTZQ8,,,168.0,168.0,
B09KFYG59H,,,,368.0,368.0
B09KG2JWZC,,,,59.0,59.0
B09KG2PM1Z,,,,,28.0
B09KG3CSX6,,,,67.0,67.0
B09KG3V2CQ,,,,,41.0
B09KG53FHH,592.0,,,,592.0
B09KG8NL54,106.0,,106.0,,106.0
B09KHFK63S,,60.0,,,
B09KHLWD63,,,,,6.0
B09KHWMW3Q,,,,,67.0
B09KJL2LQ4,,,248.0,248.0,248.0
B09KJXR4WH,,,,253.0,253.0
B09KL34N1K,1090.0,,,,
B09KLLH5K7,,,,,20.0
B09KMGVYGW,,,,,54.0
B09KMS645W,,,,,20.0
B09KMT63SL,250.0,,250.0,250.0,250.0
B09KMVK5S6,,105.0,105.0,,105.0
B09KMVM76S,,,,,105.0
B09KNLBD5M,,173.0,,,
B09KNR93TY,,,,,567.0
B09KNTMLL9,,,,,173.0
B09KP7TG2Z,62.0,,,,
B09KPCDZKC,,,,46.0,
B09KPDG7VG,,,,46.0,
B09KQ6XGGC,,,,,7.0
B09KSBTWYV,,,,,2857.0
B09KSZ2TCV,,,,,4.0
B09KT5LQH7,,,,,46.0
B09KTKN1GW,,,45.0,,
B09KTMBZ1Y,,,,20.0,
B09KVZ1HZJ,,,,,10.0
B09KWJRSVP,,,,,4.0
B09KWVJSXG,5222.0,,,5222.0,5222.0
B09KWWZHMD,,,131.0,,131.0
B09KWZKZM9,,,,13.0,
B09KX85D3D,311.0,,311.0,,311.0
B09KXZKPZY,,,,,144.0
B09KYFXT74,,,,,57.0
B09KYHVWRZ,,,,,35.0
B09KYK3TL1,,,,31.0,31.0
B09KZDB6QN,95.0,,,95.0,95.0
B09KZPZ95Q,,,,,7.0
B09L1L1VCM,1729.0,,1729.0,1729.0,1729.0
B09L1N5FG8,1729.0,1729.0,1729.0,,1729.0
B09L36VGBX,,124.0,,,124.0
B09L3B4VV3,,,36.0,36.0,
B09L3BS28T,,,36.0,36.0,
B09L3MSV56,75.0,75.0,,75.0,75.0
B09L5BR1N7,,,,,200.0
B09L5GG5CV,,,,,1.0
B09L5SNZ6N,,,,979.0,979.0
B09L94P1KS,,,,,12.0
B09LH98DF4,453.0,453.0,453.0,453.0,453.0
B09LJXMGV8,,,,,3068.0
B09LKNT4VF,734.0,,,734.0,
B09LL33R62,88.0,,88.0,,88.0
B09LL6KPVJ,,,,88.0,88.0
B09LL7L863,,,88.0,,
B09LL8SQJH,,,,,88.0
B09LLBVWWS,88.0,,,88.0,88.0
B09LLC225Q,,,,,88.0
B09LLCKCBM,,,80.0,,
B09LLDYQ36,,,,,734.0
B09LLGVC4Y,,,,,80.0
B09LLGVM4N,,,,,88.0
B09LLGYDJT,329.0,,329.0,,329.0
B09LLJJYP1,,,,88.0,88.0
B09LLJKC67,,88.0,,88.0,88.0
B09LLK8TYX,734.0,,,734.0,734.0
B09LLLYH2P,,,,,88.0
B09LRHK7TB,11.0,,,,
B09LRHNC6R,11.0,,,,
B09LRJ5Q53,,,,,11.0
B09LSVZVPG,,,,,38.0
B09M16WTLL,14.0,,,,
B09M1CL9D2,,,,,1.0
B09M4BJGGC,,,,,64.0
B09M678MFV,,,31.0,31.0,
B09M7F2FL6,,,,,434.0
B09M7FR532,,,,,82.0
B09M8YGY28,,,,48.0,48.0
B09M8YS8KC,,,,,48.0
B09M91Z2HV,,48.0,48.0,48.0,48.0
B09M92LTND,1729.0,,,,1729.0
B09M93FNT2,1729.0,,,1729.0,1729.0
B09M94L5ML,,,,,1729.0
B09MBJV7D2,,,,,39.0
B09MDTLJH1,,,,,33.0
B09MF42VPD,,,,,11.0
B09MFYH6WK,,,,3603.0,3603.0
B09MG11T2G,308.0,,,,
B09MG15TN2,,,31.0,31.0,
B09MG95P4Y,,,,29.0,29.0
B09MJ5G2YF,,,,,5.0
B09MJ7MF21,,,,,4.0
B09MJNLMPS,55.0,,,55.0,
B09MJYKYV7,,,,,51.0
B09MJZTTCR,186.0,,,,186.0
B09MKJLJHV,,,31.0,,31.0
B09MKJN13W,,,112.0,,
B09MKJVBLZ,,,,36.0,36.0
B09MKK4XRQ,,,,,112.0
B09MKKT3S4,,,44.0,44.0,44.0
B09MKSLJ4G,,,23.0,,
B09MKSN6NN,50.0,,,50.0,50.0
B09ML742YC,,,,,44.0
B09MNTM65M,,,,,73.0
B09MR1TP9Z,,,,5.0,5.0
B09MR2KT1T,,,,,938.0
B09MSR52QW,68.0,68.0,,,68.0
B09MV7KXJC,1833.0,,,1833.0,1833.0
B09MV7MB8L,,,,,85.0
B09MVGN736,,,,,114.0
B09MVMN2G8,,,,,370.0
B09MVN3RCQ,,,,,74.0
B09MW62BM3,2902.0,,,,2902.0
B09MW6N531,2902.0,,,,2902.0
B09MW6QXTF,2902.0,,,,2902.0
B09MYHRT4Z,,70.0,,70.0,70.0
B09MZLG52V,,,,,157.0
B09MZQM97J,376.0,376.0,,376.0,376.0
B09MZR92LB,,,,,62.0
B09MZT4YV7,,55.0,55.0,55.0,55.0
B09MZXJ9GW,,,,,431.0
B09N13T8TL,3206.0,3206.0,3206.0,3206.0,3206.0
B09N445FRC,,27.0,,,27.0
B09N4D967P,,,,10662.0,
B09N4DGHYY,,,,,66.0
B09N4DGHYZ,,,,,5714.0
B09N4DL9J8,,,,,19130.0
B09N4DZXGP,722.0,,,722.0,722.0
B09N67B7KF,298.0,298.0,,298.0,298.0
B09N6G7SVL,254.0,,,254.0,254.0
B09N6HHJPF,,110.0,,,110.0
B09N9ZCJHY,,17.0,17.0,17.0,17.0
B09NB3YMF4,,27.0,27.0,27.0,27.0
B09NB8ZSQV,139.0,,,139.0,139.0
B09NB9DQG5,,,,,185.0
B09NCTFM6B,232.0,,,,
B09NCXKDDH,,,,80.0,80.0
B09NCXNMXT,,,,107.0,107.0
B09NCXVWYL,,,,,80.0
B09NL8N8VF,,,,,101.0
B09NLM378Y,,,,,18.0
B09NLRZP1K,31.0,,31.0,31.0,31.0
B09NLXS8H4,,,72.0,,72.0
B09NMD8TZR,,29.0,29.0,29.0,29.0
B09NMLBQ81,,,,,83.0
B09NMMJ6YN,,,,62.0,62.0
B09NNQXDHQ,,,,,17.0
B09NP6L3NP,,,204.0,,204.0
B09NP7TPRJ,,,,67.0,67.0
B09NQ9BGNH,,,,9911.0,9911.0
B09NQHJ5CM,,,,117.0,117.0
B09NQHK6HZ,,,13.0,,
B09NQHXZD1,,,,75.0,75.0
B09NQKRYP1,,,,,738.0
B09NQMF35M,,,134.0,,134.0
B09NQMMWR3,696.0,,696.0,696.0,696.0
B09NQPF2HS,29.0,,,29.0,29.0
B09NQVHL1Z,139.0,139.0,,139.0,139.0
B09NQX2JTP,7.0,,,,
B09NQZR72S,183.0,183.0,183.0,183.0,183.0
B09NR1DMVT,1043.0,,1043.0,1043.0,1043.0
B09NR2S8KX,,,,,62.0
B09NS3DJY4,,,,,340.0
B09NS3S24J,,,,,340.0
B09NSDTVQ3,,,262.0,,262.0
B09NSFT3V9,13.0,,13.0,,13.0
B09NW9CP9H,,,,,86.0
B09NWQQ27F,,,,,67.0
B09NX43766,,356.0,,356.0,356.0
B09NX7LCGY,,,,87.0,87.0
B09NX7YNWX,,,,,122.0
B09NX8MCNF,,74.0,,,74.0
B09NXFJX8J,,,,74.0,74.0
B09NXFZP39,,,,356.0,356.0
B09NXH45PG,,87.0,,87.0,87.0
B09NXLFJCC,,,,,85.0
B09NXM9DLC,,,356.0,,356.0
B09NY1F5ML,,,,32.0,32.0
B09NY7SY7C,663.0,663.0,663.0,663.0,663.0
B09NY9CMF6,,,39.0,39.0,39.0
B09NYHM2BM,,,,176.0,176.0
B09NYHR91F,,,,,137.0
B09NYHXCJF,,,,,176.0
B09NYJ6RF1,,,,176.0,176.0
B09NYJFF16,,,,,137.0
B09NYJK3YQ,,,,,176.0
B09NYJK7K4,,,,,176.0
B09NYJMZ3Y,,,,,137.0
B09NYMCBQB,,,,,85.0
B09NYNBWZM,,,,,21.0
B09P1Q331R,665.0,,,,665.0
B09P22Z9VD,,,,,188.0
B09P22Z9VK,,,,,216.0
B09P23WMN7,,,,,50.0
B09P242FY1,,,,351.0,351.0
B09P2459KM,,894.0,894.0,894.0,894.0
B09P248BT8,,,,131.0,131.0
B09P24GQRW,125.0,125.0,125.0,125.0,125.0
B09P24SGN5,,,,,96.0
B09P4KVRPX,,,,,29.0
B09P4SVXK4,,308.0,308.0,308.0,308.0
B09P54X2NS,,,1348.0,1348.0,1348.0
B09P55992Y,,,,,117.0
B09P55DC94,,,,,117.0
B09P55FBBQ,,,,117.0,
B09P7RYG39,727.0,,,,
B09P87SMRG,,,,46.0,46.0
B09P89BLC5,,,,,46.0
B09P8PNJL3,,,127.0,127.0,127.0
B09P9SZ48Y,,,,58.0,58.0
B09PBG4XJG,,,,35.0,35.0
B09PC3ZB25,,,,38.0,38.0
B09PC63LJH,33.0,,33.0,33.0,33.0
B09PCBM8WB,,,393.0,393.0,393.0
B09PCC2969,731.0,731.0,731.0,731.0,731.0
B09PCC3S9J,387.0,,,,
B09PCCD9FG,,541.0,541.0,541.0,541.0
B09PCCVGJ1,,,119.0,,
B09PCD5XBK,,,,,731.0
B09PCD5XBN,,,,,501.0
B09PCLLZHT,3996.0,,,,
B09PDKJ3F2,,,251.0,,251.0
B09PFSGBWX,,,,,51.0
B09PFVL64B,31.0,,31.0,31.0,31.0
B09PM1GQJC,,,558.0,,
B09PM1S8V6,665.0,,665.0,,665.0
B09PM2KB6H,,,,,558.0
B09PM8FQV4,,,,,29.0
B09PN1BCT9,,,,54.0,54.0
B09PPN491Q,,,259.0,,259.0
B09PPWZ492,,,13.0,,
B09PPZ3262,,,269.0,,
B09PQ1WJXV,,,,,13.0
B09PQ7T6BL,,,,15.0,
B09PRXKDD8,,329.0,,329.0,329.0
B09PVLMC2X,,,,,65.0
B09PWXKRZP,,,29.0,29.0,29.0
B09PXY6XFG,,74.0,74.0,74.0,74.0
B09PYFBTDC,,,71.0,71.0,71.0
B09PZ9KB5G,76.0,,,,
B09PZQRZ77,,,,,105.0
B09PZR1KNK,,,,,105.0
B09PZR4X57,105.0,,,,
B09PZRZCGD,142.0,,142.0,142.0,142.0
B09PZSY87S,254.0,,,,254.0
B09PZV41KY,,,46.0,46.0,46.0
B09PZVL6B8,,,,61.0,61.0
B09Q2SXSTQ,,,,,11.0
B09Q2VVQJH,,,172.0,172.0,172.0
B09Q4GFSM2,,,,,2225.0
B09Q55HJK6,,,454.0,454.0,454.0
B09Q56TM88,,,1981.0,1981.0,1981.0
B09Q58PPJK,,,,454.0,454.0
B09Q59RV4N,,,1981.0,,1981.0
B09Q59SRGZ,,,1440.0,1440.0,1440.0
B09Q5BFP9Z,,,1440.0,,1440.0
B09Q5BZD5P,,,1440.0,,1440.0
B09Q5GM4C4,,1981.0,,1981.0,1981.0
B09Q5HRMFJ,,,,1981.0,1981.0
B09Q5J7ZN2,,,,454.0,454.0
B09Q5L8RHZ,,1440.0,1440.0,1440.0,1440.0
B09Q5MG5MB,,,,454.0,454.0
B09Q5NMT1C,1440.0,1440.0,1440.0,1440.0,1440.0
B09Q5P7T9W,,,,454.0,454.0
B09Q5QC93P,,,1981.0,1981.0,1981.0
B09Q5VV13T,,,454.0,454.0,454.0
B09Q5WKRBW,,,,,1440.0
B09Q81WSB5,,,67.0,67.0,67.0
B09Q9BNC22,10.0,10.0,10.0,,10.0
B09Q9D78NJ,214.0,,,,214.0
B09Q9D7S4P,,,,,10.0
B09Q9D9F8S,10.0,,10.0,,10.0
B09Q9LL6RL,267.0,,267.0,,267.0
B09Q9SXTK8,,,,,10.0
B09Q9YXRJP,,,,10.0,10.0
B09Q9ZW55J,,,,,10.0
B09QBB8ZL4,1819.0,1819.0,1819.0,1819.0,1819.0
B09QBQSSBY,4.0,,,,
B09QBSP51B,,,323.0,323.0,323.0
B09QBYJNPR,,,,,3934.0
B09QCSVKL5,,10.0,10.0,,10.0
B09QCT8PDP,,10.0,,10.0,10.0
B09QCV88WT,10.0,,10.0,,10.0
B09QCVZSZS,10.0,10.0,,,10.0
B09QDGPP6Q,420.0,,,,420.0
B09QDGTB3Z,,,,,35.0
B09QDGVBJC,29.0,,,,
B09QDHDWLV,,,420.0,,
B09QDJ2L9P,,,,,3934.0
B09QDJ5858,29.0,,,,
B09QGZRLR6,,,,,316.0
B09QH1RSSS,,,169.0,,
B09QH512M1,249.0,,,,249.0
B09QH569HK,314.0,,,314.0,314.0
B09QH627YC,,,,,120.0
B09QH6NZ6B,,,,,87.0
B09QH79SZB,863.0,,,,
B09QH7C86G,314.0,314.0,,,314.0
B09QLWC484,516.0,,516.0,516.0,516.0
B09QQWQ1YP,1629.0,1629.0,1629.0,1629.0,1629.0
B09QRGRQ21,,,,,25.0
B09QRTPF87,,,,,94.0
B09QRYFTS5,,,,32.0,32.0
B09QT5FT1G,,,55.0,,
B09QV9S5NL,,,153.0,,153.0
B09QXS9MZF,,,,,42.0
B09QYCF51K,,,,388.0,388.0
B09QYD97XY,2115.0,2115.0,2115.0,2115.0,2115.0
B09QYDXDQT,2115.0,2115.0,,,2115.0
B09QYXT7FW,,,,58.0,58.0
B09R2FJ93K,102.0,,,,102.0
B09R2NLD1W,,,,54.0,54.0
B09R2NLD48,,,,,329.0
B09R46LJYG,31.0,,31.0,31.0,31.0
B09R4TNF39,,,,,2956.0
B09R4WNBCN,,,,,2161.0
B09R5D1PD1,,,,,37.0
B09R5DL65Z,,,,37.0,37.0
B09R5GCBXD,,,,,37.0
B09R6N6TH2,,86.0,86.0,86.0,86.0
B09R73D12X,,42.0,,,
B09R8HYYHC,,,5119.0,,5119.0
B09R8WYWTT,106.0,,,,
B09R92VR8K,71.0,,,,71.0
B09R9MSYH5,,,24.0,,
B09RB5HK4T,,,,,70.0
B09RF4321L,,,,58.0,58.0
B09RGBFFXX,,,34.0,34.0,34.0
B09RGMBKCY,,137.0,,,
B09RKRD2L6,,,31.0,31.0,31.0
B09RL1GMT5,,,,3.0,
B09RL9WH86,,,,183.0,183.0
B09RLHGD6N,,,,,183.0
B09RLLKB3B,,,183.0,183.0,183.0
B09RLLKK4T,,,,,623.0
B09RM4CJWN,,,,,1899.0
B09RMP6BQ8,,,27.0,27.0,27.0
B09RND9RRY,,,,,138.0
B09RNDM25V,,,,,117.0
B09RNDV96G,,,42.0,42.0,42.0
B09RNFM9Q7,,,,50.0,50.0
B09RNR12TV,,,,13439.0,13439.0
B09RNS73FT,,,,,247.0
B09RNSL5DW,,,46.0,46.0,46.0
B09RNVN3TP,214.0,,,,214.0
B09RNWTZLY,402.0,,,402.0,402.0
B09RQC1J9K,,249.0,,,249.0
B09RQDDQ5N,,,,70.0,70.0
B09RQJTWDD,,,,,1142.0
B09RQKCWR3,,,,,259.0
B09RQM82YM,785.0,785.0,785.0,,785.0
B09RQMK2GS,,,785.0,,785.0
B09RQMK2GX,785.0,,,,
B09RQN2ZRW,785.0,,,,785.0
B09RQN93J7,,,785.0,,
B09RQNCF6X,,,,,785.0
B09RQNDKPP,,,,785.0,
B09RQNRH5Z,785.0,,,,
B09RQNTCPF,,,,,785.0
B09RQP1JLR,,,,,785.0
B09RQP5VT6,785.0,,,,
B09RQP61JJ,785.0,,,,
B09RQPCBXB,785.0,,,,
B09RQPDYWW,785.0,,,785.0,
B09RQPHMSF,,,,,785.0
B09RQPLMPP,,785.0,785.0,,785.0
B09RQWCKTS,,,,,116.0
B09RRBV4RK,,,,,8.0
B09RRPLC5W,,,,,312.0
B09RRPZXW4,,,,,312.0
B09RS2RMD8,,,,,109.0
B09RS56KV2,,,,,22.0
B09RSD5N75,,,1579.0,,
B09RSM7KJG,,,,,1.0
B09RSTGS55,,,,,8.0
B09RTFSVQP,,,,,14.0
B09RV1KV1B,,,314.0,,314.0
B09RVSHZN7,,,366.0,,
B09RVSLRDZ,,,,,366.0
B09RVSV548,,366.0,,,
B09RVT2RPG,,,,,366.0
B09RVT8C26,,,,,366.0
B09RX1J1BZ,,,844.0,,844.0
B09RX27511,,,,313.0,313.0
B09RX2L6TJ,,,,,320.0
B09RX2WM1G,320.0,320.0,,320.0,320.0
B09RX2YLBN,,,,,280.0
B09RX33YDW,349.0,,,,349.0
B09RX34KMY,,,,280.0,280.0
B09RX3HCPQ,,,,200.0,200.0
B09RX3KJF5,,,,,313.0
B09RX3PRL1,,844.0,844.0,844.0,844.0
B09RX454QL,,,362.0,362.0,362.0
B09RXF1BHL,,,,480.0,480.0
B09RXFKHY6,,,56.0,56.0,56.0
B09RXFR2NS,,,,549.0,549.0
B09RXG3JLH,,,,480.0,480.0
B09RXGJTKQ,,,,,292.0
B09RXH33Z6,,,292.0,292.0,292.0
B09RXPH69D,,,,180.0,180.0
B09RXW8F1H,,,,18.0,18.0
B09RYDB25B,,,314.0,,314.0
B09RZ5S2NB,,,,140.0,140.0
B09RZTZT5R,,,,159.0,159.0
B09S1V1B6S,,,137.0,,137.0
B09S3HQ3DX,,,,,46.0
B09S523MXJ,,,,725.0,
B09S5C741R,,,,,411.0
B09S5DSJ2X,,,,,17.0
B09S8RKWFQ,,,,,13.0
B09SBKM1HL,,,,59.0,59.0
B09SHZ1RQQ,,,,68.0,68.0
B09SMTKSZW,,,,,12253.0
B09SP9STMS,,,,,23.0
B09SPBNKGR,217.0,,,217.0,217.0
B09SPP6P2K,,,29.0,29.0,29.0
B09SPP6PTZ,,217.0,217.0,217.0,217.0
B09SPSJ5CJ,,,,41.0,41.0
B09SPSQDGS,,,30.0,,30.0
B09SQPL2VS,1039.0,,,1039.0,1039.0
B09SQQG8N6,30.0,,30.0,,30.0
B09STFXK72,,341.0,,341.0,341.0
B09SVRJ691,308.0,,,,308.0
B09SVW6Q2J,,,,,54.0
B09SYZGLM2,,,,,3061.0
B09T2GYLJV,,,75.0,75.0,75.0
B09T3M16ZP,,,,,359.0
B09T3PK7P6,,,,,64.0
B09T3V7M4Y,,,132.0,132.0,132.0
B09T4VQC35,41.0,,,41.0,41.0
B09T5KGWRJ,,213.0,,,213.0
B09T5YSQ4J,,,,34.0,34.0
B09T7Q94L5,,,,10773.0,10773.0
B09T8277GK,,,,263.0,263.0
B09TBQ48LL,,,,70.0,70.0
B09TC2NPLJ,37.0,,,,
B09TC5RC5J,,,,,139.0
B09TC5SXQZ,,,,,139.0
B09TC5XVGR,,,,139.0,
B09TCC4N25,,,,37.0,
B09TCD7TV6,,,,,749.0
B09TDT1P62,,,31.0,,31.0
B09TDT3Q18,,,33.0,33.0,
B09TG7QHCB,,92.0,,92.0,
B09TG7YVFH,249.0,249.0,,,249.0
B09TG8P3HL,,,,,74.0
B09TG9H19Q,,,,,117.0
B09TGB5LK9,204.0,204.0,204.0,204.0,204.0
B09TGFRGK9,,,,,10.0
B09TGJJ5PJ,,,247.0,,247.0
B09TGK9LW4,,,,34.0,34.0
B09TGKSWDW,,,,2822.0,2822.0
B09TH34PRK,,,,,40.0
B09TLHSYB5,,,,,12.0
B09TLJBH3Z,,,,,15.0
B09TM32R8T,,57.0,,,
B09TMW1WMR,963.0,,,,963.0
B09TNRK8JT,44.0,,,,
B09TNSS245,,,18.0,,
B09TNZBHP5,,,,,76.0
B09TPWPLCG,,106.0,106.0,106.0,106.0
B09TPXJP8R,12470.0,,,12470.0,12470.0
B09TQ865JW,,,,129.0,129.0
B09TQBJ9H2,28.0,,28.0,28.0,28.0
B09TQBQ5MY,,,,31.0,31.0
B09TQL1G4R,,,120.0,120.0,120.0
B09TQNFFHY,,,33.0,33.0,33.0
B09TQPMSRV,,,29.0,29.0,29.0
B09TQPZNCS,,,,31.0,31.0
B09TQR6ZBW,,30.0,30.0,30.0,30.0
B09TQVPQKJ,,,,,3.0
B09TS5JM2V,,,,,300.0
B09TS5M49M,,,,42.0,42.0
B09TS7B5D1,,,,31.0,31.0
B09TSS9XK5,,,,908.0,908.0
B09TSSN1FC,,,908.0,,908.0
B09TSSR6TQ,,,908.0,,908.0
B09TSTMDZL,908.0,908.0,908.0,908.0,908.0
B09TTXWD8V,,,,,70.0
B09TV4XXD3,706.0,706.0,,706.0,706.0
B09TV52V57,,,,,706.0
B09TV5FC9H,,,,,706.0
B09TV63LMS,,57.0,57.0,57.0,
B09TV6SC58,,,55.0,55.0,
B09TV9WFNJ,,28.0,,28.0,28.0
B09TVCJQVR,,,,,24.0
B09TWTG6CZ,220.0,,220.0,,220.0
B09V1ZLQFD,,567.0,567.0,567.0,567.0
B09V21CLML,,567.0,,,
B09V245661,27900.0,,,,27900.0
B09V2535TY,27900.0,27900.0,27900.0,27900.0,27900.0
B09V25C51V,,,,,27900.0
B09V28GZC7,,,,143.0,143.0
B09V28R6WR,,,25.0,,25.0
B09V28TDTB,,,50.0,50.0,50.0
B09V28ZTKR,,,25.0,,
B09V293TDQ,25.0,,,,
B09V29PTKR,,122.0,122.0,,122.0
B09V379DBL,,,,,101.0
B09V3BPTFV,,,,40.0,
B09V3HPGKJ,,,,149.0,149.0
B09V3HV4G5,97.0,,,97.0,97.0
B09V3HZGN8,,,139.0,139.0,139.0
B09V6P9MBC,143.0,,,,143.0
B09V87RD4S,33.0,,,33.0,33.0
B09V89SV1B,,,,49.0,49.0
B09V8SQRNM,,,,1348.0,1348.0
B09V8VYD2P,,,1130.0,1130.0,1130.0
B09V8W9PNN,,,72.0,72.0,72.0
B09V8WYM88,,,,68.0,68.0
B09V8X1JLP,322.0,322.0,,322.0,322.0
B09V8X3DW5,150.0,150.0,150.0,150.0,150.0
B09V8XGF7P,,,,123.0,123.0
B09V8YTN4N,,,,77.0,77.0
B09V8YV8PM,,,,,920.0
B09V8Z9QWC,477.0,,,477.0,477.0
B09V979Q2R,,76.0,,76.0,76.0
B09V98D8PJ,,,,55.0,55.0
B09V9FKYYT,,97.0,,97.0,97.0
B09V9NWJ9T,,,63.0,63.0,63.0
B09V9PYJK7,,,76.0,,
B09V9S2G68,685.0,685.0,685.0,,685.0
B09VB5148S,,,,,41.0
B09VB5ZJ8C,,,,,1136.0
B09VBJ18FB,,,,,1136.0
B09VC9C9WH,10.0,,,,10.0
B09VC9CF85,,,,10.0,
B09VCBM7DW,10.0,10.0,,,10.0
B09VCBQ6WK,,,,,10.0
B09VCBZ74M,10.0,,,10.0,10.0
B09VCBZBLC,10.0,,10.0,,
B09VCC1MPH,10.0,,10.0,10.0,10.0
B09VCC1TC8,,,,,10.0
B09VCC7328,,,,,10.0
B09VCCZH1S,,,10.0,,
B09VCP4J1N,,66.0,66.0,,66.0
B09VCQ8C47,,,269.0,,
B09VCQN5VT,,,,,33.0
B09VCQV22M,,,82.0,82.0,
B09VCSTL8W,,,,34.0,34.0
B09VG59ZC7,,,,,39.0
B09VJ2JFWX,,,186.0,186.0,186.0
B09VJ3VF1P,,,,,1923.0
B09VJCSFFG,,,316.0,316.0,316.0
B09VJPNSQ8,424.0,424.0,,424.0,424.0
B09VK653DB,,316.0,,,316.0
B09VK786M5,,,169.0,169.0,169.0
B09VMNKJC6,,,,,4.0
B09VN2FCDF,6046.0,6046.0,6046.0,6046.0,6046.0
B09VN62HF3,,6046.0,,,6046.0
B09VNNVBRC,,,221.0,,
B09VNYWS4X,1677.0,,,,
B09VP49VN2,,,,,15.0
B09VP4WMCY,,,,42.0,42.0
B09VP8WRDB,,,,72.0,72.0
B09VPBR3LT,,,,58.0,58.0
B09VPH7RJ3,129.0,,129.0,,
B09VQ3TC2G,,,24.0,24.0,24.0
B09VSSXC1M,,,,,436.0
B09VV2FS3R,,,,,232.0
B09VVFQJ6P,,,,,29856.0
B09VXSW4PT,,,,10.0,10.0
B09VYLMWR5,430.0,,430.0,430.0,430.0
B09VYLTCG4,,,,,555.0
B09VYLVYWV,,27.0,,27.0,27.0
B09VYLYYNK,,97.0,,97.0,97.0
B09VYM3G2Z,39.0,,,,39.0
B09VYM79RR,,,,,70.0
B09VYNHHM8,158.0,,,,158.0
B09W18N3GT,432.0,432.0,432.0,432.0,432.0
B09W19HY5B,,2780.0,,2780.0,2780.0
B09W2ZGZVL,10.0,,,,10.0
B09W2ZL9C4,10.0,,10.0,,10.0
B09W31LLNX,10.0,,10.0,,
B09W327QSW,,10.0,10.0,,10.0
B09W32TKVG,46.0,,,,46.0
B09W33JVW7,,,10.0,10.0,10.0
B09W33MRJX,,,,,10.0
B09W3J9BRB,,,,,49.0
B09W47T1FW,,,,,39.0
B09W5K5RNT,9.0,,,,
B09W6HCD12,,,490.0,490.0,490.0
B09W6JLZPH,,,601.0,,
B09W6L59ZG,,,,131.0,131.0
B09W6QS33B,54.0,,,54.0,54.0
B09W6QTDN3,70.0,,,,70.0
B09W7PVDBJ,,,,,221.0
B09W868TL3,,,,47.0,47.0
B09W8DQ6KL,,,,49.0,49.0
B09W8DZJGV,,,40.0,40.0,40.0
B09W8ZH6ZN,,,,29.0,29.0
B09WB885KV,,,35.0,35.0,35.0
B09WB919B2,,,,35.0,35.0
B09WFQYQ3N,,,19.0,,
B09WG3YY1Y,,,,,15.0
B09WGPGFW5,,,,54.0,54.0
B09WGS4W3Q,,,,47.0,47.0
B09WK1H83X,519.0,519.0,519.0,519.0,519.0
B09WKZPRWY,,,,116.0,
B09WP6X5QF,1036.0,1036.0,1036.0,1036.0,1036.0
B09WP884JV,1036.0,,,1036.0,1036.0
B09WR5G7G6,,43.0,,,43.0
B09WRLP4M5,,,7.0,,
B09WRSCLGK,,,3.0,,
B09WS1HW93,,97.0,,97.0,97.0
B09WS7RBDJ,,,,,26.0
B09WSQZRGS,,31.0,,31.0,31.0
B09WWVJLGC,,,,,1396.0
B09WZT5N7X,,,44.0,44.0,44.0
B09WZT6H8Q,,,,,204.0
B09X18G8FN,23.0,,,,
B09X2JXXT4,,157.0,,,
B09X68966C,,,,,3135.0
B09X68HHW3,,,,28.0,
B09X68LNFQ,,,148.0,148.0,148.0
B09X7C96D7,,,,29.0,29.0
B09X7CM66C,,,36.0,36.0,36.0
B09XB1N8PP,,80.0,,,80.0
B09XBZMG71,3388.0,3388.0,3388.0,3388.0,3388.0
B09XC1JR1D,,,,,442.0
B09XC4L2V1,442.0,,,,
B09XCN1XRJ,,,,3472.0,
B09XFJCM5V,,,,36.0,36.0
B09XFJCPGS,,,,1449.0,1449.0
B09XFZGLCJ,,,,,22.0
B09XG334LD,,,,,4.0
B09XJGNDCK,,,,,10.0
B09XJHDV1N,,,,19.0,19.0
B09XJHK59B,,,,2207.0,2207.0
B09XJHKQYT,,,,,36.0
B09XJJ6QHT,,,,35.0,35.0
B09XJK7B4M,,,,17.0,
B09XJKBLDY,,,46.0,46.0,46.0
B09XJM6ZQK,,,,28.0,28.0
B09XJMXDVX,,,20.0,20.0,20.0
B09XJT4WJP,,,23.0,23.0,23.0
B09XP11192,5.0,,,,
B09XRT6ST5,,,,,55.0
B09XRW4BPT,,,408.0,408.0,408.0
B09XTNBGC2,,,,,65.0
B09XTV9VHF,,,,73.0,
B09XTWZYRT,,,61.0,,61.0
B09XTYHXN2,,,,,104.0
B09XTZ2TMV,,,,30.0,30.0
B09XVKRLDC,,,,,60.0
B09XVQ6QWJ,,,64.0,64.0,64.0
B09XW2PPM5,,,,,1029.0
B09XW43W2J,,,2200.0,2200.0,2200.0
B09XWH7KXX,,54.0,54.0,54.0,54.0
B09XWVGC22,,50.0,50.0,50.0,50.0
B09XXCJ63P,,,,,55.0
B09XZ33K44,,,,55.0,55.0
B09XZTFV47,75.0,,75.0,75.0,75.0
B09Y14DDR5,103.0,,103.0,,
B09Y14G9CB,,,129.0,129.0,
B09Y14SS3Q,,39.0,,,
B09Y166NFF,,,201.0,,201.0
B09Y169ZMS,426.0,,,,426.0
B09Y17V544,,,,129.0,
B09Y1B8KS2,,,,,426.0
B09Y1DXT27,,40.0,,40.0,40.0
B09Y215JG5,1003.0,1003.0,1003.0,1003.0,1003.0
B09Y9GPKMN,,,34.0,,
B09Y9L93WJ,,,,,16.0
B09YC856HZ,,,,46.0,46.0
B09YD2H7N5,,53.0,,,
B09YDJMM9B,,,,80.0,80.0
B09YDJYNFR,,,80.0,,80.0
B09YDK9LGC,113.0,,,,
B09YDKN5VR,,,58.0,58.0,
B09YDLFP7D,,,,62.0,62.0
B09YDZKDRK,249.0,,,,
B09YFJ2VKC,,32.0,32.0,32.0,32.0
B09YFLRC93,,,121.0,121.0,121.0
B09YFVFCH6,,,,121.0,121.0
B09YG5DL7G,,,,67.0,
B09YH9PFDG,8.0,,,,
B09YKK49JL,,,62.0,,62.0
B09YMRJSS8,,,,,19.0
B09YMSSNBG,,,,,7.0
B09YMWM29C,,,,,304.0
B09YMXQLW1,,,,,304.0
B09YMY6L1M,,,,,304.0
B09YMYGPZ5,,,304.0,304.0,304.0
B09YMYHFS3,,,,,304.0
B09YMZM6CD,,,304.0,,
B09YN24YWD,,26.0,,26.0,
B09YPW9ND2,,240.0,,,240.0
B09YPWYG1W,,,,240.0,240.0
B09YQT4GT9,,28.0,,28.0,28.0
B09YRKK9LT,,,,58.0,58.0
B09YRKRZJV,,,28.0,28.0,28.0
B09YRL84YF,,,58.0,58.0,58.0
B09YRLM5PN,,,14367.0,14367.0,14367.0
B09YRLVHGD,,,,,64.0
B09YRMSXGL,28.0,,28.0,28.0,
B09YSNX9XX,,,30.0,30.0,30.0
B09YVP8KPQ,3.0,,,,
B09YYT9LPP,,,,,54.0
B09YZ4J19P,,61.0,61.0,61.0,61.0
B09Z172L6D,,,,,185.0
B09Z1RX9JC,,,,,1470.0
B09Z2T1LLR,,47.0,47.0,47.0,47.0
B09Z424Y27,,,,29.0,29.0
B09Z46GQH8,,,,10.0,
B09Z48NFHH,,,,,23.0
B09Z7BF8V5,8184.0,8184.0,,,8184.0
B09Z7CXLHQ,24.0,,24.0,,
B09Z7DT3X9,,,,,169.0
B09Z8YTYH6,,,,,30.0
B09Z9RCKGV,,,,,201.0
B09ZCWWRHT,,,,38.0,38.0
B09ZJ88QYD,,,69.0,69.0,69.0
B09ZJYZ3ZX,,,,,77.0
B09ZJZQ3MG,,104.0,,,104.0
B09ZK5Y86V,,,316.0,,
B09ZLQZ9QH,,,,46.0,46.0
B09ZN6M66J,,,,,18.0
B09ZPVJG2W,,,,431.0,
B09ZPWBBWD,,,,431.0,431.0
B09ZPWGLXH,431.0,,,,
B09ZPX6FRF,,,,431.0,431.0
B09ZPX6FRK,,,,,1562.0
B09ZPXB7PL,431.0,,,431.0,
B09ZPXDT3N,,,28.0,,28.0
B09ZQ3B2PL,,,,29.0,29.0
B09ZQ3F8GY,,,45.0,45.0,45.0
B09ZQ46S8C,63.0,,,,
B09ZRLMWPJ,,,,30.0,30.0
B09ZYT9J8T,,,,9.0,
B09ZYTKDRB,,,,16.0,
B09ZYTTCL5,,,8.0,,8.0
B09ZZF438Z,,,27.0,27.0,27.0
B0B11YKTD6,,,,,11.0
B0B11ZMLN8,,,,,21.0
B0B124G36R,33.0,,,,
B0B1375HWW,,,,246.0,246.0
B0B138VZKN,,,246.0,246.0,246.0
B0B13TG6XK,,,,21.0,21.0
B0B14BV542,3.0,,,,3.0
B0B15N7RST,,,,63.0,63.0
B0B15N8H7F,,,32.0,32.0,32.0
B0B16HRJJ2,,4.0,,,
B0B16S3G3D,35.0,35.0,,35.0,35.0
B0B17NHC68,,,,30.0,30.0
B0B17TGKYX,361.0,,,,
B0B18X4Z4C,,,,,69.0
B0B18XFSKN,,,,,58.0
B0B18XKVCT,,29.0,,29.0,29.0
B0B18YCY1N,,,49.0,,49.0
B0B18YS6YZ,,,,57.0,57.0
B0B1916HTD,,,39.0,39.0,39.0
B0B1919PKL,,,,28.0,28.0
B0B192PKMX,,29.0,29.0,29.0,29.0
B0B1971MX3,7.0,,,,
B0B1FP3R6Q,,,,,37.0
B0B1G94VQR,,31.0,,,
B0B1H2MDCX,432.0,432.0,432.0,432.0,432.0
B0B1HB719V,432.0,,432.0,432.0,432.0
B0B1HZ1Y23,,,,,50.0
B0B1J9SPQM,,,200.0,,
B0B1JD34D5,,,,,139.0
B0B1JFPLJP,,,,125.0,
B0B1JKLXYM,,,23.0,23.0,23.0
B0B1JPJ24Q,,416.0,,416.0,416.0
B0B1JQF578,,,,39.0,39.0
B0B1LFDGXZ,,,33.0,,33.0
B0B1M9R8CJ,,39.0,,39.0,39.0
B0B1MCGKXZ,,,,31.0,31.0
B0B1MD1NSY,,,,,83.0
B0B1MD944X,,,30.0,30.0,30.0
B0B1MHFVWK,,,34.0,34.0,34.0
B0B1MHH5V4,,,,36.0,36.0
B0B1N8KCW9,,,,79.0,79.0
B0B1NTV9P2,,,,35.0,35.0
B0B1P8MJG9,,,,,2666.0
B0B1PF43CV,,,40.0,40.0,40.0
B0B1PGTVW3,279.0,,,279.0,279.0
B0B1PJCN2T,,,,22.0,
B0B1PLG8DN,,,279.0,279.0,279.0
B0B1Q31MN2,,,,50.0,50.0
B0B1Q3NQVW,,,,,53.0
B0B1Q5RM98,,,,34.0,34.0
B0B1QXFPKB,,,,33.0,33.0
B0B1RNQJ76,11.0,,,,
B0B1RP6CWC,,,47.0,47.0,47.0
B0B1RR25FM,8.0,,,,
B0B1S1W5DH,,,,,6.0
B0B1T2QY6L,,,,62.0,62.0
B0B1T8687Z,592.0,592.0,,592.0,592.0
B0B1TBCFCH,,,,,23.0
B0B1VRVY51,,,108.0,,108.0
B0B1VXQ2VW,,,,,55.0
B0B1VXSL59,,,30.0,30.0,30.0
B0B1VY7LBD,,,46.0,,46.0
B0B1XDJ927,,,,,9911.0
B0B1XGM8YK,,,,14409.0,
B0B1XHDD7D,,,,,3603.0
B0B22LVF21,,,,,3.0
B0B22YFMGZ,,45.0,,,45.0
B0B23LT16Q,45.0,,,,
B0B23V3WTQ,,,,,339.0
B0B247MXW1,,,29.0,29.0,29.0
B0B24GDVF6,,,,,226.0
B0B25Y4PBC,,,,18.0,18.0
B0B26QMLSX,12.0,,,,
B0B26V9X6V,,,,,36.0
B0B29J1F2S,,,,27.0,
B0B29J2G3J,,,,,12.0
B0B2BYD4PY,,,42.0,,
B0B2C7RZ38,,,,,4.0
B0B2F91V23,,,,36.0,36.0
B0B2FSXHW7,,,,,1764.0
B0B2HWWTGQ,,,,111.0,111.0
B0B2J122RH,,,198.0,198.0,198.0
B0B2J1X7Q3,218.0,,218.0,218.0,218.0
B0B2J255G1,,,,,111.0
B0B2JB3P6B,,120.0,120.0,120.0,120.0
B0B2JB5LHR,,,198.0,198.0,198.0
B0B2JCZCKV,,,218.0,218.0,218.0
B0B2JF1N92,,,120.0,,120.0
B0B2KPM5K3,,,,96.0,96.0
B0B2KQFKHB,,,,,34317.0
B0B2KVV4RR,,,,,60.0
B0B2XBLNLT,38.0,,,,
B0B2YKDZFC,38.0,,,,
B0B32VRXSV,38.0,38.0,,38.0,38.0
B0B34TX4DY,,,28.0,,
B0B355DGFB,,,,,47.0
B0B359DNKT,,,,,35.0
B0B359Q54V,,,,,1562.0
B0B359QJ92,,,1130.0,,1130.0
B0B35BM4VZ,,,,1130.0,1130.0
B0B35CBQ2S,,,,,1562.0
B0B39LS7KZ,,339.0,,,339.0
B0B39QJQR1,1.0,,,,
B0B3DS3ZM9,,,,,11.0
B0B3F6ZFX5,,,,,308.0
B0B3FB9Y85,,27.0,27.0,27.0,27.0
B0B3G849CD,,,,,39.0
B0B3GFQ41D,,,,35.0,35.0
B0B3H7Z89Z,73.0,,,,
B0B3HN9L7V,,,,51.0,51.0
B0B3KD4FGX,,,,,9005.0
B0B3KDLHK8,,,,9005.0,
B0B3KLS28P,,,,,169.0
B0B3KLXHN2,9005.0,,,,
B0B3KQZX5Y,234.0,,,,
B0B3KRL9RZ,,9005.0,,,
B0B3KS5B48,9005.0,,,,9005.0
B0B3KS7WS6,9005.0,,,,
B0B3KTPWC4,9005.0,,,,9005.0
B0B3KV8N9C,,,,,335.0
B0B3KX2KRM,,,,,9005.0
B0B3KY7SSW,9005.0,,,,9005.0
B0B3L1ST7X,,,,,9005.0
B0B3L25FQ2,,,9005.0,,
B0B3L5PY79,,,,,119.0
B0B3L6YDPR,,,,,9005.0
B0B3LBK4LT,,,,,9005.0
B0B3MBDD37,,,164.0,164.0,164.0
B0B3N993HZ,,,,28.0,28.0
B0B3NDC4LK,,,,44.0,44.0
B0B3NDXSZ6,,,,,14.0
B0B3PSPY3F,,,,253.0,253.0
B0B3PTPDFL,,,253.0,,253.0
B0B3SBM9W9,501.0,,501.0,501.0,
B0B3SFNQTL,,,771.0,771.0,771.0
B0B3Y171PC,,26.0,,26.0,26.0
B0B3Y1P32B,,,26.0,,
B0B3Y2M9QK,,,23.0,23.0,23.0
B0B3Y2V256,,,14.0,14.0,14.0
B0B3Y2W3M3,,,,,26.0
B0B3Y34H64,,,,23.0,23.0
B0B3Y35VZ6,,,,2.0,
B0B3Y3C4R4,,,,,23.0
B0B3Y3DF2G,,,,,2.0
B0B3Y5SH69,,,,23.0,23.0
B0B414XNYF,,,,39.0,39.0
B0B41993YF,,,,45.0,45.0
B0B41KP3R8,,,,,3.0
B0B41T379B,,,,1134.0,1134.0
B0B41TF369,,,,62.0,62.0
B0B41VYL5J,,,,1134.0,1134.0
B0B41WNXF8,1134.0,,,1134.0,1134.0
B0B41YDXK1,,,,62.0,62.0
B0B42TMT65,,,,17.0,17.0
B0B4349Z46,,,48.0,,48.0
B0B439SDBN,,,,,1665.0
B0B441Y59B,,,,,858.0
B0B443YTSR,,348.0,,,
B0B44DHPN4,2211.0,,,,2211.0
B0B44G1V73,,2128.0,,,2128.0
B0B44HCFNP,,,,24.0,24.0
B0B44PCQRQ,,,,1095.0,
B0B44PWKPN,,,,,80.0
B0B44RBXRC,,,92.0,92.0,92.0
B0B44SG2ZP,,,,,1095.0
B0B44VY8BY,,,,80.0,80.0
B0B44Y9DFC,,,,,88.0
B0B4517SHD,,,,,88.0
B0B455ZQJ7,,,,,88.0
B0B45GF6R4,,,,,1095.0
B0B4BG3HPM,67799.0,,,,67799.0
B0B4BNZDST,700.0,,,,700.0
B0B4DXHCRR,,335.0,335.0,335.0,335.0
B0B4DYCJGN,,,,197.0,197.0
B0B4HHTBPK,,,,,7.0
B0B4KH1CFR,,,,2477.0,2477.0
B0B4KN47ZY,119.0,,,,119.0
B0B4KR4MQF,,,119.0,,119.0
B0B4MN9S33,,,,68.0,
B0B4MRRHJK,68.0,,,,68.0
B0B4N9N2HH,,,,,597.0
B0B4P4GDVG,,,95.0,95.0,95.0
B0B4P8J4B2,,,,,1173.0
B0B4PBLWQ3,,,2070.0,,2070.0
B0B4PKZ3T2,,34.0,,,
B0B4PLWNG3,,,,,34.0
B0B4RBD865,,,,,26.0
B0B4SXJY1T,231.0,,231.0,231.0,231.0
B0B4SZH4CP,,,201.0,201.0,201.0
B0B4SZL3GH,,,201.0,201.0,201.0
B0B4T1VS7P,,201.0,201.0,,201.0
B0B4T2H3CB,,,,16.0,16.0
B0B4T5PNWJ,,,,24.0,24.0
B0B4T5WJL9,,,,34.0,34.0
B0B4T9P84P,,,28.0,,28.0
B0B4YNMTBS,,,,,3.0
B0B4YNTFBH,,,,,109.0
B0B4YRFQG8,,,,,3.0
B0B4YZ5VCX,,,,,3.0
B0B4Z59NR4,,,,,20.0
B0B4ZSLYWR,,,31.0,,31.0
B0B525WBDD,,47.0,,,47.0
B0B527M2Q3,,,,,8.0
B0B52DSL6S,,,,118.0,118.0
B0B52F5VHT,,,,,1013.0
B0B57LRMS5,247.0,,,247.0,247.0
B0B57P12SX,247.0,,,247.0,247.0
B0B59ZFP6S,,,137.0,137.0,137.0
B0B5F4LPZX,,,,,34.0
B0B5FQS8JK,,,214.0,214.0,214.0
B0B5FQSL98,,214.0,214.0,214.0,214.0
B0B5FR8WB4,,,,,247.0
B0B5FRSDDJ,,,247.0,247.0,247.0
B0B5FRVD47,,,,214.0,214.0
B0B5FSB972,,,,214.0,214.0
B0B5FSQPNF,,,,,5.0
B0B5HDQKTS,,,407.0,,
B0B5HQ3P3Q,98.0,,,,
B0B5LPX4WP,,,,38.0,38.0
B0B5LVZCB6,,,57.0,,57.0
B0B5LYLBYF,,,,,7376.0
B0B5MZX36C,,,,1329.0,1329.0
B0B5VCK2G7,,,,,727.0
B0B5VHKY71,,,,58.0,58.0
B0B5VJVMVR,,,58.0,58.0,58.0
B0B5VKZ151,,,32.0,32.0,32.0
B0B5VMF3Q5,,,73.0,73.0,73.0
B0B5W3XJPJ,,442.0,,442.0,442.0
B0B5X6X977,,30.0,,30.0,30.0
B0B5XCHWHG,,,86.0,,86.0
B0B5YG5ZFH,,,,18.0,18.0
B0B5YJNZHK,,,,,10.0
B0B5YJP5YK,,,11.0,,11.0
B0B5YJPKXB,,,,,30.0
B0B61YH6C5,,,28.0,28.0,28.0
B0B622PGH8,,175.0,,175.0,175.0
B0B64C7TK4,3078.0,3078.0,3078.0,3078.0,3078.0
B0B64CBYH4,,,,,8.0
B0B64CTSZR,,,,,8.0
B0B64DD4QV,52.0,,,52.0,52.0
B0B64F1DRW,83.0,,83.0,83.0,83.0
B0B64FD9KX,,,,,69.0
B0B64FTW2J,,,150.0,150.0,
B0B64GKZNF,,,,,169.0
B0B64GMM4Y,,,,,50.0
B0B64J2DJW,,263.0,,,263.0
B0B64J3TBF,197.0,,,,197.0
B0B64JCCH6,196.0,,196.0,,196.0
B0B64QGXZY,,,,,358.0
B0B64QZSBV,1025.0,,,,1025.0
B0B64RR2H4,656.0,656.0,656.0,656.0,656.0
B0B64RSCCV,,,358.0,358.0,358.0
B0B65YR8CM,,,,,27.0
B0B69Q7P4Z,,25.0,,,
B0B69QN1PQ,,,,,25.0
B0B69QR74V,,,,,85.0
B0B69S4M26,,,,,25.0
B0B69SYQQ4,,,,,20524.0
B0B6D38Y61,152.0,,,,
B0B6D3FBTS,,,,37.0,37.0
B0B6DBB5K1,,152.0,,152.0,152.0
B0B6G8H821,,,,,106.0
B0B6HG27KY,,,,26.0,26.0
B0B6HGR8NR,,,,29.0,29.0
B0B6HJ71H9,,28.0,,28.0,28.0
B0B6KTXJ91,,,,30.0,30.0
B0B6L1DFC2,,,73.0,,
B0B6L7M5T5,,,,,383.0
B0B6LLKJ7D,,,,,363.0
B0B6LS1RQS,,,,,363.0
B0B6M6SQGN,,,,29.0,29.0
B0B6Q622T4,,,30.0,30.0,30.0
B0B6Q96515,46.0,,,,46.0
B0B6Q9TY69,,31.0,31.0,31.0,31.0
B0B6QBQB5X,,,36.0,36.0,36.0
B0B6QC2782,,,36.0,36.0,36.0
B0B6QCJPDN,818.0,,818.0,818.0,818.0
B0B6QFZPLX,,,,29.0,29.0
B0B6SB65X6,,,,,146.0
B0B6WJNMGK,300.0,,300.0,300.0,300.0
B0B6WWVKQH,,,,,48.0
B0B71YYCLT,,,215.0,215.0,215.0
B0B721TLSV,,,,,161.0
B0B7227PK5,,,132.0,,
B0B723Q898,,,50.0,,50.0
B0B7252W97,,,,237.0,237.0
B0B7265W8S,,,,237.0,237.0
B0B727GZLN,,27.0,27.0,27.0,27.0
B0B727R3C2,,,34.0,34.0,34.0
B0B7286RYX,,,,31.0,31.0
B0B7286ZVS,,,29.0,29.0,29.0
B0B7297XB9,29.0,,29.0,29.0,29.0
B0B729Q83G,,,31.0,31.0,31.0
B0B72DGZZD,,,,,35.0
B0B72GG6FL,,,34.0,34.0,34.0
B0B72H2WNS,,,30.0,30.0,30.0
B0B72HK9TV,,28.0,,28.0,28.0
B0B72HWTSL,,,,36.0,36.0
B0B72JTXHH,,,,,7.0
B0B75H7GQW,,,,20.0,
B0B75JXHPP,,99.0,,99.0,99.0
B0B75ZVWZD,,,,,39.0
B0B773ND9L,,,,,16.0
B0B778XNZX,,,,,21.0
B0B7847MT9,,111.0,111.0,,111.0
B0B7C31KYZ,26.0,,,,
B0B7KKH8HF,,,36.0,36.0,36.0
B0B7KMPHJ4,,1084.0,,1084.0,1084.0
B0B7NX94RN,,,,105.0,105.0
B0B7P75HFK,,,,,53.0
B0B7PPQVND,,,,,298.0
B0B7Q872KL,,78.0,,,
B0B7Q9YH64,,,,27.0,27.0
B0B7QC2LDP,,67.0,,,
B0B7QX7PPF,,,,142.0,142.0
B0B7THXNYM,,,,,5.0
B0B7VJPYRQ,,57.0,,57.0,57.0
B0B7VSL515,327.0,,327.0,327.0,327.0
B0B7WBGN4J,,29.0,,29.0,29.0
B0B7WWBWTD,,6046.0,,,
B0B7XG8NRG,,74.0,74.0,74.0,74.0
B0B7YS44CX,,,1203.0,1203.0,1203.0
B0B7ZQZ5BY,42.0,42.0,42.0,42.0,42.0
B0B818XSSN,,,31.0,31.0,31.0
B0B81KCSS4,,,,85.0,85.0
B0B832C1RY,,,,129.0,129.0
B0B834MJ9D,,,,57.0,57.0
B0B835R2CZ,,,306.0,,306.0
B0B836851Q,,,142.0,142.0,142.0
B0B8385WW4,,,78.0,,78.0
B0B83BLPP3,,,44.0,44.0,44.0
B0B8417CNH,,25.0,,25.0,25.0
B0B85JV1Z9,,,,,85.0
B0B8C2YMDW,,,,57.0,57.0
B0B8CS589F,,,,95.0,
B0B8DT9V2V,,,,65.0,
B0B8DTKSTC,,,,,16.0
B0B8DZCM58,,,,1144.0,1144.0
B0B8F1D3QJ,,,,130.0,130.0
B0B8G4MHFR,,31737.0,,,31737.0
B0B8GJC7KJ,,,,,3045.0
B0B8GQD5G3,,,15.0,,
B0B8GQKP2Q,,,,,307.0
B0B8GRZSFC,,,,,90.0
B0B8GSDBX7,,,,,63.0
B0B8GT1HHB,,,,,586.0
B0B8GTCGZX,,586.0,586.0,586.0,586.0
B0B8GTKXNC,,,497.0,,
B0B8GTMGZJ,,93.0,93.0,93.0,93.0
B0B8GVKVZB,,,,,618.0
B0B8GWQWJJ,,,24.0,,
B0B8GWVLKK,599.0,,599.0,599.0,599.0
B0B8GXXC3N,,,43.0,,
B0B8GYRVV8,,,,,31.0
B0B8H1424K,,,121.0,121.0,121.0
B0B8H3CDL2,,,,,8.0
B0B8LKSFDZ,,,,465.0,465.0
B0B8LMJDT4,2571.0,2571.0,2571.0,2571.0,2571.0
B0B8LQZZPZ,4.0,,,4.0,
B0B8M6ZGZ1,,,,997.0,997.0
B0B8M7X5V8,,,33.0,,33.0
B0B8MK671D,,,,,5.0
B0B8PDYX8P,,,,,102.0
B0B8PGT84V,,,,3200.0,3200.0
B0B8PHCG4B,,,,24.0,
B0B8PKFDV7,,,,,15.0
B0B8Q88ZPF,,494.0,,494.0,494.0
B0B8Q8NQ66,,,172.0,172.0,
B0B8Q93JLS,,,,,21.0
B0B8QCHHS6,2031.0,,,,2031.0
B0B8QJR5TT,,,,494.0,494.0
B0B8QKWD2T,,,494.0,494.0,494.0
B0B8QP96H7,,,,,312.0
B0B8QPP2K6,,,,46.0,46.0
B0B8T8ZLJL,30.0,,,,30.0
B0B8T9MSMS,,,,,4.0
B0B8TB4XLT,,,28.0,28.0,28.0
B0B8TF2SSP,,,,229.0,229.0
B0B8TFF5NQ,,,,55.0,
B0B8TFPJRM,,,229.0,229.0,229.0
B0B8TFRT4G,,,,240.0,240.0
B0B8TG5R91,,,32.0,32.0,32.0
B0B8TGRXCF,,,,229.0,229.0
B0B8TH2WT7,,,,240.0,240.0
B0B8TH4NPC,,,,,240.0
B0B8THBCZX,,,,,595.0
B0B8THZMNZ,229.0,,229.0,229.0,229.0
B0B8TJ71GH,,,,,1764.0
B0B8TL8HGB,,,,,481.0
B0B8TLDFMM,,,43.0,43.0,43.0
B0B8YCM43Z,,,,,6.0
B0B8ZXDWX2,,,,624.0,624.0
B0B9117457,,,624.0,624.0,624.0
B0B911T6SS,,,,181.0,181.0
B0B91787K5,,,,548.0,548.0
B0B91BGTW1,2920.0,,2920.0,2920.0,2920.0
B0B91FYYNL,,,,650.0,650.0
B0B91Z9WJS,,,,42.0,42.0
B0B922X6T1,,,,31.0,31.0
B0B925253T,,270.0,270.0,270.0,270.0
B0B927T3G1,,,,,12.0
B0B92D7JXH,6046.0,,,,
B0B92DKYS1,,,31.0,31.0,31.0
B0B92N86QX,,12.0,,,
B0B92PQ5WQ,,,39.0,39.0,39.0
B0B92RHNB3,,,18.0,,18.0
B0B92S79QM,,,,39.0,39.0
B0B92SW312,,,,77.0,77.0
B0B94MWJ7X,,,,,145.0
B0B94NK93F,,,29.0,,29.0
B0B94PFQ2J,,,,27.0,27.0
B0B94QPVM4,295.0,,,295.0,295.0
B0B94QQVD6,,,80.0,80.0,80.0
B0B94QY13G,1070.0,,,1070.0,1070.0
B0B94RY7KM,1070.0,,1070.0,1070.0,1070.0
B0B94TW2B4,,,,,1173.0
B0B94TX51V,,,,,749.0
B0B94VS3RC,,,,,1724.0
B0B94VY6Z3,,,722.0,,
B0B94W2532,,,,,1530.0
B0B94W4C4Z,348.0,348.0,348.0,348.0,348.0
B0B94WBFY4,,,55.0,,55.0
B0B94WBGB3,,,4484.0,,
B0B94WFJJG,,,,64.0,64.0
B0B94WG12X,,109.0,,,
B0B94X1MYF,10.0,,,,
B0B94XLPBM,,,,,370.0
B0B94YTFRP,,,28.0,,28.0
B0B94Z34YP,,956.0,956.0,956.0,956.0
B0B955CNP8,,,517.0,517.0,517.0
B0B957K634,,,517.0,517.0,517.0
B0B95P4Q37,,,,,15.0
B0B96GFKGH,,,389.0,389.0,389.0
B0B96PFKDP,,389.0,,,389.0
B0B982228J,,,,40.0,40.0
B0B98PBNYC,,,17228.0,17228.0,17228.0
B0B98TY2XC,,,,,149.0
B0B9939WLF,11094.0,,,,11094.0
B0B998L5LC,,,,624.0,624.0
B0B9C6YG16,,,73.0,73.0,73.0
B0B9C7LH7J,,,,32.0,32.0
B0B9C935QD,,,32.0,32.0,32.0
B0B9CDG5DR,,,187.0,,
B0B9CHX4S9,536.0,,,,536.0
B0B9CJFW3M,,,536.0,536.0,536.0
B0B9CJGCZ7,75.0,,75.0,,
B0B9CJR36V,,,,,79.0
B0B9CJWC18,,,536.0,536.0,536.0
B0B9CK5TCJ,,,,,536.0
B0B9CMM2SC,,,,536.0,536.0
B0B9CX7X7V,,,,176.0,176.0
B0B9D4M8N7,,,536.0,536.0,536.0
B0B9D661TC,,,,536.0,536.0
B0B9D75FPB,536.0,536.0,536.0,,536.0
B0B9D77NPP,,,536.0,536.0,536.0
B0B9DC4MCR,536.0,,,536.0,536.0
B0B9DF9RFD,536.0,,,,536.0
B0B9DG3ZQZ,,,536.0,536.0,536.0
B0B9FQFMMN,50333.0,,,,50333.0
B0B9FW5NPB,,,,,9.0
B0B9FYS2CV,,14460.0,14460.0,,
B0B9G1SDDY,9.0,,,9.0,9.0
B0B9G2ZMR1,,,,,7125.0
B0B9G6RK3L,,,313.0,,313.0
B0B9G8H2DP,,,55.0,,
B0B9HGGLSW,,,,,207.0
B0B9HJTZSZ,,,,,207.0
B0B9HLMWHL,,,,207.0,207.0
B0B9HLRJ3T,207.0,,,,207.0
B0B9HLTL23,207.0,,,207.0,207.0
B0B9HPYZJH,,,187.0,,187.0
B0B9HSNJ3L,,207.0,,,207.0
B0B9HV9SCY,,,,216.0,216.0
B0B9HVYZ2F,267.0,,,,
B0B9P22LY1,13.0,,,,13.0
B0B9SKXC7S,,,,32.0,32.0
B0B9SNL34Y,,32.0,,32.0,32.0
B0B9SNL4KK,,,32.0,32.0,
B0B9WWPLXR,,,,43.0,43.0
B0BB4D8KLC,,,,18.0,18.0
B0BB84Z8KP,,,75.0,75.0,75.0
B0BB8RNB9D,,,,,4.0
B0BB8X7G23,,,,,1038.0
B0BBKRK5NM,,,,,16.0
B0BBP4HWY9,,,,5921.0,5921.0
B0BBQ9F1MH,,,,28.0,28.0
B0BBSDB9KW,,,,29.0,29.0
B0BBSFFSD7,,,,,323.0
B0BBSFHSLK,,,,,31.0
B0BBSHCLNK,,,,54.0,54.0
B0BBSHSFT9,,,157.0,157.0,157.0
B0BBSL6W9H,,,,,45.0
B0BBSNC9YR,,,26.0,26.0,26.0
B0BBVZ7NDJ,,,,42.0,42.0
B0BBW63FND,,,,37.0,37.0
B0BBWGSB7J,,167.0,,,
B0BBWHQT4F,,,32.0,32.0,32.0
B0BBZ3GX3W,,,25.0,25.0,25.0
B0BBZC3YDD,,,,,225.0
B0BBZHKT99,,,,285.0,285.0
B0BBZJYS91,,,,,285.0
B0BC1QC9XF,,,,1168.0,
B0BC1S28WK,,,,,447.0
B0BC9QZ198,,,,27.0,27.0
B0BC9TXTVW,,,,30.0,30.0
B0BC9VJVJF,,,24.0,,24.0
B0BC9VTQB2,,,32.0,32.0,32.0
B0BC9WXL3X,,,21.0,21.0,
B0BCBTYXF3,,,38.0,38.0,38.0
B0BCBYLLCW,,,,,21.0
B0BCBZWJW1,,,24.0,,
B0BCCBLFY3,,80050.0,,,80050.0
B0BCCHZCBL,,,,11778.0,
B0BCCJW71H,,,,,1700.0
B0BCCQXP3N,,,,,286.0
B0BCF7JZ9H,,,,,18.0
B0BCHNNTZ4,,404.0,,404.0,404.0
B0BCJKMRYC,,,29.0,29.0,29.0
B0BCL5S2QG,,,,,2.0
B0BCMTK7XG,,,,,24384.0
B0BCMXNPYP,,,,,55.0
B0BCMXY43Z,,,,,51.0
B0BCQKRSJS,,,,,477.0
B0BCS3P66R,,,44.0,,44.0
B0BCS3YMWN,,,,,22.0
B0BCSZJ76L,,,,44.0,44.0
B0BCXJ42S5,,,,,1142.0
B0BCXM3HPH,,,,,45.0
B0BD5M3GY4,,,63.0,63.0,63.0
B0BD5M9LS6,,36.0,36.0,,36.0
B0BD5N75N6,,,,36.0,36.0
B0BD5NRCXC,,63.0,63.0,63.0,63.0
B0BD5NX9RP,,36.0,,36.0,36.0
B0BD5PNRT3,,,,36.0,36.0
B0BDBXZ2Q1,,,,54.0,54.0
B0BDCD2DMF,,,,6.0,
B0BDGFM27Z,,,,,50.0
B0BDHLBRBM,,,,20.0,20.0
B0BDHLH17Q,,567.0,,,567.0
B0BDJ3LMPX,,,,,133.0
B0BDJFM3XP,,,,37.0,37.0
B0BDJGFY8D,,18.0,,,
B0BDK37X7Z,,,,,23.0
B0BDK64KLH,,,,,56.0
B0BDP6Y26Z,,,,9.0,
B0BDQ7C6BG,,,,138.0,
B0BDQBGFJ6,,,,138.0,138.0
B0BDQBRQSG,,,35.0,,
B0BDQKY39K,138.0,,,,138.0
B0BDQMD7LH,138.0,,138.0,,138.0
B0BDQNTFRG,,,34.0,34.0,34.0
B0BDQVFZF4,,,,138.0,138.0
B0BDQVP9XG,,,,138.0,
B0BDQY9Z89,,,,138.0,
B0BDR1H6W8,,,138.0,,138.0
B0BDSXPTCK,,,,31.0,31.0
B0BDSYGTKT,,,,31.0,31.0
B0BDSZ9778,,,,33.0,33.0
B0BDT1YV8F,,,39.0,39.0,39.0
B0BDTHGCZM,,,,30.0,30.0
B0BF14GHPY,,,,,4.0
B0BF18DLV9,,,,,5.0
B0BF1W2ZHC,,,,,12.0
B0BF2CLRG2,,,109.0,109.0,109.0
B0BF3JSGS6,,,,109.0,109.0
B0BF3KP42N,,,,,36.0
B0BF5F53P1,,,38.0,38.0,38.0
B0BF7YBKNH,,,,,9.0
B0BFBRVWZT,,,32.0,32.0,32.0
B0BFBTRQ7Q,,,48.0,48.0,48.0
B0BFBVPWF1,,,,,13.0
B0BFBW1JPF,93.0,,,93.0,93.0
B0BFF16XLJ,,,,,14.0
B0BFF2XPWZ,,,,15.0,15.0
B0BFFTNHFL,100.0,,100.0,,100.0
B0BFFW19B2,,,,,749.0
B0BFG1MV8L,,,,27.0,27.0
B0BFG23Y82,,,24.0,24.0,24.0
B0BFJFD5ZZ,,,,,18.0
B0BFJLTHRR,,,,,86.0
B0BFJP6498,,,,,237.0
B0BFQLHRXK,,,,,31.0
B0BFRPG5WF,,,19.0,,19.0
B0BFSDCDRY,,,31.0,,
B0BFTPM6GM,,,,,33.0
B0BFTQ54WM,,,28.0,28.0,28.0
B0BFVH813G,,,,,11.0
B0BFW19KBC,50.0,,,,50.0
B0BG1PV7VP,,10.0,,,10.0
B0BG1XDNDH,,,,19.0,19.0
B0BG355ZL4,,,,24.0,24.0
B0BG3954SG,,,,,17891.0
B0BG3GJBMR,,,102.0,,102.0
B0BG3HQGNS,,36.0,,36.0,36.0
B0BG3JCFJ7,,,,,14.0
B0BG3JMMQH,,,,32.0,32.0
B0BG3L4TH4,,,,,6.0
B0BG3NYPH9,,,,49.0,49.0
B0BG3S8HQD,,,57.0,,57.0
B0BG3ZCD1N,,,,48.0,48.0
B0BG41PS9F,,,,58.0,58.0
B0BG432CRD,,62.0,62.0,62.0,
B0BG82MDSX,,,,,14.0
B0BG8866JF,,,,40.0,40.0
B0BG8HFKDJ,,,,,7.0
B0BG97VZTK,,,,,2619.0
B0BG9B9KRQ,,,,176.0,176.0
B0BG9CL9DV,,,,209.0,209.0
B0BG9DZR6H,,,,176.0,176.0
B0BG9F12NV,,,,209.0,209.0
B0BG9GGX28,,,,209.0,209.0
B0BG9H42HY,176.0,176.0,176.0,176.0,176.0
B0BG9J8YW9,,,209.0,209.0,209.0
B0BG9JY7HB,,,176.0,176.0,176.0
B0BGFBMPXM,,814.0,,,
B0BGHY6D2X,,,,59.0,59.0
B0BGJMB2C3,,,,122.0,122.0
B0BGJS3JTP,32.0,,,32.0,32.0
B0BGJV1K3S,,,,38.0,38.0
B0BGLCGH7T,,,,85.0,
B0BGLD2T61,,,,85.0,
B0BGMCT4PS,,,,14.0,
B0BGMF7YSS,,,76.0,76.0,76.0
B0BGMHK8VX,157.0,157.0,157.0,157.0,157.0
B0BGMJ4LR9,,,36.0,36.0,36.0
B0BGMK686B,36.0,,,36.0,36.0
B0BGMKKFZ1,,,30.0,30.0,30.0
B0BGMLSS2W,,71.0,71.0,71.0,71.0
B0BGMLW61Y,56.0,,,56.0,
B0BGMMKBXK,,,27.0,27.0,27.0
B0BGMNXNMT,,,154.0,154.0,
B0BGMPFQ8L,,,493.0,493.0,493.0
B0BGQPXRNY,,,,,15.0
B0BGTCWFZ6,,,,,34.0
B0BGV5FVJN,,,106.0,,
B0BGYHC3JR,,,,,28.0
B0BGYLF1L9,,,28.0,28.0,28.0
B0BH54ZKYF,2545.0,,,,2545.0
B0BH711MQG,,,,,27.0
B0BH9DGH7X,,,,,68.0
B0BH9FJ6HW,,,,23.0,23.0
B0BH9GNM1X,,,2545.0,,
B0BHBFQRFV,,,27.0,27.0,27.0
B0BHBQQ7LJ,,,,49.0,
B0BHBZRW3C,,,29.0,29.0,29.0
B0BHF3647Z,,,105.0,105.0,105.0
B0BHF3VPXS,,,81.0,81.0,81.0
B0BHF5GXD9,,,,,1045.0
B0BHF5YWHC,,,,81.0,81.0
B0BHFHD23P,,,,,5131.0
B0BHFHPL5D,,,,,5131.0
B0BHH192Z4,,,,,5131.0
B0BHH472V7,,,,,23.0
B0BHKD2M85,,,,37.0,37.0
B0BHKJY3XJ,,,,,38.0
B0BHKKBM4B,,,,,75.0
B0BHKQRT2L,,,,,74.0
B0BHKSDR63,,,,,74.0
B0BHKW7SK2,,,,,74.0
B0BHKXJ2DD,,,,,27.0
B0BHKXY91W,,,,,74.0
B0BHKZDKQ9,,,,35.0,35.0
B0BHL38MPB,,,,,74.0
B0BHL8Z7NN,121.0,121.0,121.0,121.0,121.0
B0BHL9TCWG,74.0,,,,
B0BHLBDRLX,,,,26.0,26.0
B0BHLBSPBX,,,,74.0,
B0BHLGPCMH,,,,,74.0
B0BHM61DTQ,,,,27.0,27.0
B0BHMP87BD,229.0,,,,
B0BHMQX673,,,140.0,,
B0BHMR32GQ,,,,31.0,31.0
B0BHMRCNGF,,,,,229.0
B0BHMS32YC,,,69.0,,
B0BHMSJG49,,,,240.0,
B0BHTFVH54,,,,,26.0
B0BHTWXGTN,,,,,41.0
B0BHTX5BYS,,,,,41.0
B0BHTZXHYP,,,,28.0,28.0
B0BHZP7WQ1,,18.0,,,
B0BJ36SFN2,,,10.0,,
B0BJ38K4FT,10.0,,,,
B0BJ39TCHD,10.0,,,,
B0BJ4693TK,96.0,,96.0,96.0,96.0
B0BJ4HYSQP,,,,,12.0
B0BJ7L9BKH,,29.0,29.0,29.0,29.0
B0BJ7L9Q2W,,,31.0,31.0,
B0BJ7LG8XB,,,,4.0,4.0
B0BJ7LSHQL,,,,30.0,30.0
B0BJ7P13JK,,,51.0,51.0,51.0
B0BJ7Q2S4S,,,60.0,60.0,60.0
B0BJFJS18X,,,,,126.0
B0BJSNSBYC,,,30.0,30.0,30.0
B0BJT4Z9Z2,,,,,107.0
B0BJXNDLVH,,,63.0,63.0,63.0
B0BJY46VD4,,,,43.0,43.0
B0BJY53NCV,,,,42.0,42.0
B0BK1T4S7W,,,,,47.0
B0BK2685VM,,,,,137.0
B0BK2ZBV9X,442.0,442.0,,442.0,442.0
B0BK2ZSC8T,,,27.0,27.0,27.0
B0BK321MR5,,,,442.0,442.0
B0BKBK8K85,,,,54.0,54.0
B0BKBRSD16,,,370.0,370.0,370.0
B0BKBW687S,,,,752.0,752.0
B0BKC8TNNT,,,,35.0,35.0
B0BKCKKS2W,426.0,,,,
B0BKCVXQYV,,,43.0,43.0,43.0
B0BKF1X2W7,,,,31.0,31.0
B0BKF4JT6M,,,45.0,45.0,
B0BKF4QKK4,,,,,9.0
B0BKFDJQJ4,,,,,29.0
B0BKFDNJGJ,,,,,33.0
B0BKFF9BS8,,,37.0,,37.0
B0BKFGJKNS,,,,,39.0
B0BKFKPJPP,,,,35.0,35.0
B0BKFXC695,,,,,63.0
B0BKL9FHKD,31.0,,31.0,31.0,31.0
B0BKLTR3Z7,,41.0,,,41.0
B0BKLXFZS8,,,,,14.0
B0BKTLXFZ3,,31.0,,31.0,31.0
B0BKTNWTZR,,,,,94.0
B0BKTPHHVH,,79.0,,79.0,79.0
B0BKTXTNR4,,,,,34317.0
B0BKTY5SV5,137.0,137.0,,137.0,
B0BKTYJ7X2,,,219.0,219.0,219.0
B0BKTYY3X2,,,,98.0,98.0
B0BKTZWLBP,80.0,,80.0,80.0,80.0
B0BKV2NWJ5,,,,,8.0
B0BL84Y3F4,25.0,,25.0,25.0,25.0
B0BLCQGCC3,,37.0,,37.0,37.0
B0BLCZPFSM,,,,2997.0,2997.0
B0BLFPR17Y,,,,,3.0
B0BLFTMT87,,,1.0,,
B0BLGBWVF5,,,,49.0,49.0
B0BLGQSSST,,,,68.0,68.0
B0BLGV1HYC,,,68.0,68.0,68.0
B0BLT4SB9M,3182.0,,,,
B0BLT7M9NH,,,,,24.0
B0BLTCBLFK,,,32974.0,,32974.0
B0BLVXTVQQ,,,107.0,107.0,107.0
B0BLW85SYK,,,45.0,45.0,45.0
B0BLWL8Y75,,49.0,49.0,49.0,49.0
B0BLX6NCYY,,,,,176.0
B0BLXKY7F9,,,,,209.0
B0BLXQ9LR1,9005.0,,,,
B0BLZV7C7J,,,,82.0,82.0
B0BLZV92V2,,,160.0,160.0,160.0
B0BLZVLF15,,,,55.0,55.0
B0BLZVN4M4,,,,,34.0
B0BLZWKCYC,,,,27.0,27.0
B0BM2BLS9M,,,,32.0,32.0
B0BM5561XF,6.0,,,,
B0BM57DWLX,,,,,6.0
B0BMBBFH3S,,,,1.0,
B0BMCRKNGJ,,2780.0,,2780.0,2780.0
B0BMDG8BHX,,,,911.0,911.0
B0BMDVKZXW,,,,,467.0
B0BMGRJC9X,,,,33.0,33.0
B0BMGTQ8N8,,,14.0,,
B0BMQS63XQ,5209.0,5209.0,,5209.0,5209.0
B0BMQVJWJL,,,,29.0,29.0
B0BMQVP5NM,,,28.0,,28.0
B0BMQVPVQD,,,27.0,27.0,27.0
B0BMQVY1SP,,,5209.0,,
B0BMQVZHTN,,,,29.0,29.0
B0BMQWNCDX,,,,28.0,28.0
B0BMRSWH1D,,,,28.0,28.0
B0BMT5ZY4V,,,35.0,35.0,35.0
B0BMTVRWC6,,,,,67.0
B0BMVHZK1Y,,,,124.0,124.0
B0BMVMCP6R,,,364.0,364.0,364.0
B0BMVNFZ4P,,,,364.0,364.0
B0BMVZQ7GM,,,,364.0,364.0
B0BMW4HKYN,,56.0,56.0,56.0,56.0
B0BN1H2SBV,,,30.0,30.0,30.0
B0BN25ZHVN,,,25.0,25.0,25.0
B0BN426GYQ,,,92.0,92.0,92.0
B0BN5HTJGW,,,114.0,114.0,114.0
B0BN6MTSB9,30.0,30.0,30.0,30.0,30.0
B0BN6SJ135,,,26.0,26.0,26.0
B0BNJKZFLD,,,,,1.0
B0BNLPP6G3,,,,8.0,8.0
B0BNLQ2NBT,,,,10.0,10.0
B0BNLQ49JP,,,8.0,8.0,8.0
B0BNLR189Y,,28.0,28.0,28.0,28.0
B0BNLR6RDV,,,,10.0,10.0
B0BNLRRF7V,,,,,12.0
B0BNLW7LVT,8.0,,,,
B0BNM4BC38,,,,8.0,
B0BNM4J9HH,,,,,592.0
B0BNN6952R,,,,,59.0
B0BNP4M96B,106.0,,,,
B0BNP6CBZY,44.0,,,,
B0BNPQRS1M,,,,804.0,804.0
B0BNQWHGF7,,,328.0,,328.0
B0BNST1LM6,,,,42.0,42.0
B0BNSXGLRW,,,,42.0,
B0BNT64VP2,,98.0,98.0,98.0,98.0
B0BNWCH1DW,,,,28.0,28.0
B0BNWCSZJ2,,,116.0,,116.0
B0BNWDRJ4P,,28.0,28.0,28.0,28.0
B0BNWDVK5D,,,,,36.0
B0BNWFHC66,,,29.0,29.0,29.0
B0BP2Y8FLM,,,39.0,39.0,39.0
B0BP3XVQ31,,,41.0,41.0,41.0
B0BP52HP1N,,127.0,,127.0,127.0
B0BP5HZ1K1,,127.0,,127.0,127.0
B0BP5K5CNN,,,,,55.0
B0BP5P2NSC,,,90.0,90.0,90.0
B0BPF2KZNV,,,8.0,,
B0BPFC9TP2,740.0,,,,
B0BPMH2FZW,,,,,88.0
B0BPMJT8YZ,,,,,1.0
B0BPMKR654,,,,88.0,
B0BPMMHLFL,,,88.0,,88.0
B0BPTFC9CW,,,29.0,,29.0
B0BPTJWCY5,,,,,18.0
B0BPTLWYFQ,8.0,,,,
B0BPYVXGDP,,,,,357.0
B0BPYWLCPV,,,,,357.0
B0BPYXYDH5,,,,357.0,
B0BPYZ6D75,,,3.0,,
B0BPZC2671,,,,1215.0,1215.0
B0BQ3YFRC5,,,,5548.0,
B0BQ4KJLVY,,,,,1856.0
B0BQ5LJX61,,,3243.0,3243.0,3243.0
B0BQ7MJF6K,,,52.0,52.0,52.0
B0BQ7MWCJZ,,,26.0,,26.0
B0BQ7QLPKB,,,,27.0,27.0
B0BQ8JSDTP,,20.0,20.0,20.0,20.0
B0BQ8P9LS2,,,,177.0,177.0
B0BQ9RJ8G6,,,29.0,29.0,29.0
B0BQBF6N85,,,57.0,57.0,57.0
B0BQCTPQG7,,,52.0,52.0,52.0
B0BQCWM5XX,,,,39.0,39.0
B0BQKCG5J4,,,,48.0,48.0
B0BQKTBT9P,,,,,5.0
B0BQNH67C8,,,31.0,31.0,31.0
B0BQNVZ8N3,,,,52.0,52.0
B0BQPZDD8H,,,,81.0,81.0
B0BQTVL3S3,,,,30.0,
B0BQZD3VNV,,,54.0,54.0,54.0
B0BRBR3DJZ,,,,,28.0
B0BRLFBZCK,,,,,939.0
B0BRNRCS8L,,,,29.0,29.0
B0BRNW3XDJ,,,,128.0,128.0
B0BRNY6J91,42.0,,,,42.0
B0BRP1132R,,,,,46.0
B0BRQXQD55,,,27.0,27.0,27.0
B0BRR1ML5C,,,,39.0,39.0
B0BS1S6YFM,,,,,55.0
B0BS1SQ784,,,,,55.0
B0BS1TZK5L,3415.0,,,,
B0BS2KD7TH,,,28.0,,
B0BS47RG1Z,,,,31.0,31.0
B0BS56C3G3,,,,36.0,36.0
B0BS9WP8SC,,,,153.0,153.0
B0BS9X8F49,,,,,153.0
B0BSG1N816,,,30.0,30.0,30.0
B0BSLX3P1T,,,33.0,33.0,33.0
B0BSLXL7CR,,,128.0,,128.0
B0BSNVNJQL,38.0,,38.0,38.0,38.0
B0BSR4LSS1,,,,180.0,180.0
B0BSR5ZLWH,,180.0,180.0,180.0,180.0
B0BSR6KBB9,,,,180.0,180.0
B0BSRJKB2G,,,,40.0,40.0
B0BT26TNL6,,,,,37.0
B0BT569DPC,,,,,48.0
B0BT6PS83W,,,,31.0,31.0
B0BT87TQ8H,,,,,25.0
B0BT88CDS5,,,,25.0,
B0BT89L73X,,,,,25.0
B0BTMXPJ98,,,42.0,42.0,42.0
B0BTN1JWJF,,,29.0,29.0,29.0
B0BTN2T5Z5,,,27.0,27.0,27.0
B0BTN37X3Z,,,,44.0,44.0
B0BVBM97V6,,,,,27.0
B0BVCRD47N,,,,,5333.0
B0BVDKT737,,,,95.0,95.0
B0BVGKZHHZ,,,,19.0,19.0
B0BW2TZVH3,,,,42.0,42.0
B0BWFRYTKH,,,,101.0,101.0
B0BWFSHTR7,,,101.0,101.0,101.0
B0BWFSML6T,,,101.0,,
B0BWFSX32D,,,101.0,,101.0
B0BWFTLDLS,,,101.0,101.0,
B0BWGBD4CJ,,,,,432.0
B0BWGT98QT,,,,,432.0
B0BWJWK2NH,,,,27.0,
B0BWKXCVNR,,,,,67.0
B0BWLBSK9D,,78.0,,,78.0
B0BX4CJ9LV,,,,28.0,
