product_id,1.0,2.0,3.0,4.0,5.0
4639725450,,,,83.0,83.0
5625854246,,,,,54.0
5633336534,208.0,,208.0,,208.0
5812111006,,,,,55.0
5858666426,,,188.0,,188.0
B00002N5Q7,,,,6.0,6.0
B0000302TT,,49.0,,49.0,49.0
B00004WBI0,,,,,8.0
B00006ID40,143.0,143.0,143.0,143.0,143.0
B0000DD1L6,,,,,1.0
B0000DD3BQ,,,,,5.0
B00011JT5A,,9.0,,,
B000184Z1G,223.0,223.0,223.0,223.0,223.0
B0001Y6DUG,,,,,2.0
B0001ZYNES,29.0,,,,29.0
B000270BG4,,,,,36.0
B0002EZQAI,,,,,2.0
B0002GRKK0,86.0,,86.0,86.0,86.0
B0002NYCW2,,,,,10.0
B0002QB9NE,13060.0,13060.0,13060.0,13060.0,13060.0
B0002YTP5U,,,,,54.0
B0002YXDK8,18.0,,,,18.0
B00065DPFG,504.0,,504.0,504.0,504.0
B0006B65RA,,,2.0,2.0,
B0006B661K,349.0,,349.0,,349.0
B0006N73GA,,,,,7.0
B0006O5K2S,,,,,7.0
B0007OYNY8,,,,,5.0
B00084W4RU,,,,1.0,
B0008E4CCA,,,,,34.0
B0008E93TW,,,,,34.0
B0008Z82TS,,,,,20.0
B0008Z844G,,,,,21.0
B0009F3U1M,,,,,6.0
B000A408YE,,18.0,18.0,18.0,18.0
B000AFEYM0,,,,,147.0
B000AON026,,,100.0,,100.0
B000BPC106,,,,,10.0
B000BPNP7O,408.0,408.0,408.0,408.0,408.0
B000BQUJ2M,,,38.0,,38.0
B000BRC2M6,35.0,,,,35.0
B000C2DYIQ,,,,,8.0
B000CE8RL8,,,,,109.0
B000CED1T6,,,,,145.0
B000CEMSWM,,,,,2.0
B000CNTPYM,,,,,6.0
B000EWYASM,174.0,,174.0,174.0,174.0
B000FAMFL2,,,,,11.0
B000FIUV24,,,,4.0,
B000FJRY3M,148.0,,148.0,,148.0
B000GJJ3GW,,,,,13.0
B000HAANN2,,,,,2.0
B000HHS97M,,,,35.0,35.0
B000HLJTPE,,,,23.0,
B000HM9MZ0,,,,,18.0
B000IDNASS,,,,71.0,
B000KB46Z4,,,,,6.0
B000KKPFXC,,,,,3.0
B000KL07NO,,,55.0,55.0,55.0
B000M37AB2,,,,172.0,
B000MLA8WW,,,,170.0,
B000N3ED6G,,,,35.0,35.0
B000N4K670,,,,4.0,
B000ND18GY,,,,,8.0
B000NIBW38,,46.0,,,46.0
B000NMDWZK,,,,,71.0
B000NVNRPQ,,,,86.0,86.0
B000P3XA9A,,,,,122.0
B000PJ83G4,,,,,473.0
B000QDNOS6,,,,31.0,31.0
B000RAZQJS,122.0,122.0,,122.0,122.0
B000RB40US,189.0,189.0,189.0,189.0,189.0
B000RB40VC,560.0,560.0,560.0,560.0,560.0
B000RB40WQ,79.0,,,79.0,
B000RB5ZQ6,146.0,146.0,146.0,146.0,146.0
B000RSLH1Q,,,,,223.0
B000S0S298,,,,3.0,
B000T7XCWW,14.0,,,,
B000TA3H74,,,,9.0,
B000TF6MDK,,1.0,,,
B000W9LR56,,,,,69.0
B000Y9CUBE,,,,,18.0
B001035QFK,,,52.0,,52.0
B001037P40,,,,,3.0
B001037P9U,,,5.0,,
B0010OABW2,,,,83.0,83.0
B001131E0K,21.0,,,,21.0
B00117ETXA,,4.0,,,
B00121UVU0,18025.0,18025.0,18025.0,18025.0,18025.0
B00126MTUA,,,,,464.0
B0014CA3CS,,,,,24.0
B0015BNV7M,,,,,71.0
B0015C9FPI,,,35189.0,,
B0015PK28E,,,47.0,,47.0
B0015TKG68,,,,,13.0
B001647A2K,45.0,45.0,,45.0,45.0
B00168T0KG,,,,36.0,36.0
B00176IIPA,255.0,,255.0,255.0,255.0
B0017HIL74,,,,9.0,
B0018BWKXA,,,,25.0,25.0
B0018L5R9Y,142.0,142.0,142.0,142.0,142.0
B00194BICU,,,,,12.0
B0019N9YTU,12.0,,,,12.0
B001B8K1L8,660.0,660.0,660.0,660.0,660.0
B001BKXLXQ,,,,,7.0
B001C6OZ1G,,,,,98.0
B001DBLPW2,,,,,86.0
B001DD9Q9E,,,,,9.0
B001DT5IC2,,,,,1.0
B001F295R6,,,,,7.0
B001F9W4H2,,,,,1.0
B001FTKYEW,,,15.0,,
B001HBRE6E,,,,,15.0
B001HBXGNY,,,,48.0,48.0
B001JKGOOG,,,125.0,,125.0
B001JKI8SQ,1351.0,,1351.0,1351.0,1351.0
B001M0CHF8,,,,,10.0
B001M0E5XU,,,,,30.0
B001M0E62K,,,615.0,,
B001M0GB82,,,30.0,,30.0
B001M0I4VE,,,,,10.0
B001MXRQRO,,,21.0,21.0,
B001OFA1LI,,,,,8.0
B001OSR3BG,,174.0,,,
B001RYWCOA,396.0,,,,396.0
B001ST3Z54,,,,,3.0
B001U3YCI2,,,,17.0,17.0
B001U99O34,2.0,,,,
B001V9DL1E,,,,168.0,168.0
B001Z1XN8E,,365.0,365.0,365.0,365.0
B0025EKO8W,36.0,36.0,,36.0,36.0
B002CQ2E68,2.0,,,,
B002CX90JK,79.0,,,79.0,
B002CYXLT4,,,,,6.0
B002E0MTTE,,,3.0,,3.0
B002EDFEL6,,,,18.0,
B002FVR3SO,,,12.0,,12.0
B002G9TUL8,34.0,,,,34.0
B002G9TULI,,,,,34.0
B002G9TULS,,,,,34.0
B002GN7WBE,,,,,4.0
B002HLJP06,,,1368.0,,
B002HLN8HC,653.0,,,,653.0
B002HOGAGA,,,,,2.0
B002JG6LLA,8.0,,,8.0,
B002K9VI2I,,,59.0,,
B002LVUWK4,322.0,322.0,322.0,322.0,322.0
B002NGYVC2,,,,,2.0
B002Q88QQY,,,,,133.0
B002RXTXHE,,,,,13.0
B002UZK4VS,,66.0,,,66.0
B002UZR8Z8,27.0,,,,
B002V0ZY2Q,4665.0,4665.0,4665.0,4665.0,4665.0
B002V10AJ2,,,,,71.0
B002VPQ93O,,,,,4.0
B002WBJMZO,,34.0,,,
B002Y1Y1JY,221.0,221.0,221.0,221.0,221.0
B002YEJBZA,47.0,,,47.0,47.0
B002YI1ZF0,9019.0,9019.0,9019.0,9019.0,9019.0
B002YM207S,,,,,3.0
B002ZHER1Y,,,,,3.0
B0034JORLW,,47.0,,47.0,47.0
B0035ER2AO,19.0,,,,
B0037LXX44,193.0,193.0,193.0,,193.0
B0037Y06X2,90.0,,,90.0,90.0
B0038ZF2XE,,,,,10.0
B00396JGR0,,,,234.0,234.0
B0039V8YQ4,,,,,14.0
B003AKE2MY,,11.0,,,11.0
B003AKUC0A,,,,,7.0
B003APBKNS,,,,,10.0
B003AYTLZ8,,,,,6.0
B003BQJB3C,,,,,3.0
B003CMVDZE,,,,,16.0
B003CZ60UY,,,,,13.0
B003E1J97C,,,,,4.0
B003E5VUIE,,,,,7.0
B003F1MG5S,13.0,,,,13.0
B003GF4R50,,,,,13.0
B003GWIA7O,32.0,,,,
B003HKYNLW,496.0,496.0,496.0,496.0,496.0
B003HMC4DY,169.0,169.0,169.0,169.0,169.0
B003JN6J0A,534.0,534.0,534.0,534.0,534.0
B003KE8F4G,,,,,1.0
B003MA7QG6,92.0,,,92.0,92.0
B003MWOHQG,,,,,11.0
B003TYFGP8,6.0,,6.0,,
B003UROGOG,,91.0,,91.0,91.0
B003V5IP0I,445.0,,445.0,445.0,445.0
B003VR3OUW,,,,28.0,
B003XOS4NA,1514.0,1514.0,,,1514.0
B003XRLBVY,,,1.0,,
B003ZWMD4Q,5.0,,,,5.0
B003ZZSAEK,,,,,24.0
B00420S236,,,,,27.0
B0044FQW9U,,,,,53.0
B0044PWHXU,1.0,,,,
B0045LIBLK,,,,,39.0
B0046ECL1C,33.0,,33.0,,33.0
B0049LUI9O,1514.0,1514.0,1514.0,1514.0,1514.0
B004A6T56A,,80.0,,,
B004ALZ9GA,7.0,,,,
B004C7OISC,,209.0,,,209.0
B004DZXJ60,,,,,8.0
B004E6PSNK,,,,,18025.0
B004FELNTO,862.0,862.0,862.0,862.0,862.0
B004HMY7H4,133.0,,,133.0,133.0
B004HYXCH8,,,,,52.0
B004ITY7GC,,,,,20.0
B004IU0BEI,157.0,157.0,157.0,157.0,157.0
B004IU0BFM,157.0,157.0,157.0,157.0,157.0
B004IU0C7E,,,,73.0,73.0
B004JCI110,,,,13060.0,13060.0
B004KNDR26,,,,,96.0
B004MNFJ2K,,,,,3.0
B004MUG8SM,18025.0,,18025.0,18025.0,18025.0
B004MUG8V4,8826.0,8826.0,8826.0,8826.0,8826.0
B004QIQ2EA,,,9.0,,9.0
B004QVCIJK,,,,,94.0
B004R6DPZK,,,,,4.0
B004R7QU5G,,,,,1.0
B004RRDUEU,,,,,28.0
B004RRH6ZY,35.0,35.0,,,
B004THH01M,,,,,8.0
B004XXQT1O,,,61.0,,
B004Y75DYI,,,,,15.0
B0050JNAUS,,,,,11.0
B0051XQF0U,,,,,504.0
B00524V184,,,,,27.0
B005377QMA,9.0,,,,
B0055Y5NXA,,,264.0,264.0,264.0
B0057X61ZI,9.0,,,,9.0
B0058ECEUW,,1.0,,,
B0058T8QVI,269.0,269.0,269.0,269.0,269.0
B005BR4XUU,2.0,,,,
B005F7J4YG,126.0,,126.0,,126.0
B005FWKK9O,,,,,29.0
B005HCSPC6,811.0,,,811.0,811.0
B005HFAY22,1457.0,1457.0,1457.0,1457.0,1457.0
B005JVFXFC,609.0,609.0,609.0,609.0,609.0
B005KG7IKY,,,,,2.0
B005KG7JR6,,,,,3.0
B005KME5B8,,,,17.0,17.0
B005NISYYS,,,,,2.0
B005OKJLEW,459.0,459.0,459.0,459.0,459.0
B005ONU6ZM,22.0,22.0,22.0,22.0,
B005QE19X2,,,,2.0,
B005X2NOXA,,,,,1.0
B005XASESW,56.0,,,,56.0
B005XNSCFE,,,,,2.0
B005YEIM7K,,,,2.0,
B005Z4IQBG,,,,,19.0
B0063BZPUA,9.0,,,,
B00648C0F0,,,,,10.0
B0068RSQFA,,,,,63.0
B006O93LZW,,,,,62.0
B006T6DBC8,,,,78.0,78.0
B006T6Y56E,4665.0,4665.0,4665.0,4665.0,4665.0
B006VPC8YY,,,3.0,,
B006Z436R4,2.0,,,,
B0070AD596,139.0,139.0,139.0,139.0,139.0
B0071I3ZSI,601.0,,601.0,601.0,601.0
B007242EP6,,,43.0,43.0,43.0
B007242F0A,,43.0,43.0,43.0,43.0
B007242M2Q,11.0,,11.0,,11.0
B0073VBPSA,3.0,,,,3.0
B007AKREWA,,,,,6.0
B007BSPDVA,,,,,8.0
B007C6PWE4,,,,,67.0
B007MLDXRC,5.0,,,,5.0
B007PCTSC2,,,,,2.0
B007PJM7L4,,,,,29.0
B007RFTF2K,,,2.0,,
B007SONFPI,,,,,9.0
B007TGF24C,,,,2.0,
B007UE19QS,,,,,1.0
B007VKWWTO,,,,1539.0,1539.0
B007ZKB4K8,,,208.0,,208.0
B00805CEKQ,,,446.0,446.0,446.0
B0081KS6FM,817.0,,817.0,817.0,817.0
B0082CKCJ2,,,,,4.0
B0083PIYB6,,,13.0,,
B0083TXYBW,,,4.0,,
B0083WK8NG,,,,4.0,
B0085QFP6A,1072.0,1072.0,,1072.0,1072.0
B0086MLMYW,231.0,,231.0,231.0,231.0
B0087N16HS,1.0,,,,
B0088EJOJ8,,,,,122.0
B00896OH6K,,,,,88.0
B0089YZ5F4,,,,,3.0
B008A3UDZQ,,,3.0,,
B008BRAPFY,,,,,2.0
B008BVAXCA,,,,,4.0
B008CNOU4E,,,,,4.0
B008EE7CRS,,,,,125.0
B008FMRQDE,2153.0,2153.0,2153.0,2153.0,2153.0
B008FRC2K6,,,,,272.0
B008GRG34Q,,,,,7.0
B008ICFE1C,,,,6.0,
B008J58LCC,,,,,4.0
B008JY8BQY,2.0,,,,
B008LRAGGC,,,,1.0,
B008M21LME,,,,,2.0
B008NYTYHK,1.0,,,,
B008OTCJ44,143.0,,,143.0,
B008R1QEK4,,,6.0,,6.0
B008RXQE3O,,,,17.0,17.0
B008U20NHA,,,,,373.0
B008V49C8I,,,169.0,,169.0
B008VLYKSI,,203.0,203.0,,203.0
B008X0F3OM,,,,11.0,
B00902BLTI,,,,,2.0
B0090A5EV6,,,,,3.0
B009172Q46,4.0,,,,4.0
B00917LI5E,187.0,187.0,187.0,187.0,187.0
B0096FLVQC,,,,,28.0
B0097AUPCC,,,,,1.0
B009ASWJBG,,,,,13.0
B009I8U9F6,,,,,80.0
B009IQJTTA,,,,60.0,60.0
B009ITUIO2,,76.0,,,
B009KY5PGG,,420.0,,,420.0
B009KY5PKC,,,420.0,420.0,420.0
B009MJ04K6,,,,,1.0
B009NYT70S,,,19.0,19.0,
B009NYTBWC,5.0,,,,
B009NYTGCM,,6.0,6.0,,6.0
B009OIN1CI,,,,34.0,34.0
B009Q9Y20K,,,,95.0,95.0
B009VIA5TI,23.0,23.0,,,
B009XPFTH2,,61.0,,,
B009YSXB3M,,107.0,107.0,107.0,107.0
B009ZPUSGM,,,,,5.0
B00A0J62H6,,,,41.0,41.0
B00A0TA3SU,106.0,,106.0,,106.0
B00A4DIV7C,,,,5409.0,5409.0
B00A4KXS1O,160.0,160.0,,,160.0
B00AL7X32O,,,,,1436.0
B00ARBTAOE,,9.0,,,
B00ASZTOCC,,,,8.0,8.0
B00AWLC9BK,,,,,6.0
B00AXSQCGK,1621.0,1621.0,1621.0,1621.0,1621.0
B00B10ILZY,,,,74.0,74.0
B00B14LVZ2,,8.0,,,
B00B1G2COE,,,,,1.0
B00B1G7JUQ,,4.0,,,
B00B1H28LK,,,,,247.0
B00B2522SA,,,,,37.0
B00B5LKOLS,,,,,72.0
B00B5XHE3C,,,,78.0,78.0
B00B5ZE726,,,,,8.0
B00B8ZPYSO,2.0,,,,
B00B9QPFHM,,,,,44.0
B00B9QXPHO,165.0,,,165.0,165.0
B00BB5XZJ6,,,,58.0,
B00BF3J79Q,,,3.0,,
B00BGRYA98,,,,,11.0
B00BH4LFG6,23.0,,,,
B00BIH7YB2,13.0,,,,
B00BIH7YBW,,,,,5.0
B00BKNCS06,68.0,,,68.0,
B00BLSZS02,,,,8826.0,8826.0
B00BPML434,,,,,12.0
B00BRGUNV2,5000.0,5000.0,5000.0,5000.0,5000.0
B00BUIJ03Y,,,109.0,,109.0
B00BUTJMYA,,,,,4.0
B00BWH8VWO,17.0,,,17.0,17.0
B00BZ77LFO,,18025.0,18025.0,18025.0,18025.0
B00C3EB1HW,,,,12.0,12.0
B00C3VVLDE,,,,11.0,11.0
B00C3VVLDY,,,,11.0,
B00C4NP6UA,,,,,8.0
B00C4TQ0E0,,,,,169.0
B00C83EHEC,10.0,10.0,,,10.0
B00C84O1F6,,,,4.0,
B00C8UUY8I,,,,44.0,44.0
B00C8UUY9C,,,44.0,44.0,
B00C8UUY9M,,,,44.0,44.0
B00C9O4KLK,,,,2.0,
B00CA8UT24,,,,,4.0
B00CAO6RZQ,1.0,,,,
B00CAOAY3M,,,,,36.0
B00CBVZH36,,,,,3.0
B00CC7EU6O,10.0,,10.0,10.0,10.0
B00CCE1C4A,,,37.0,,
B00CDWQTV2,,,,,9.0
B00CFKDK28,,,,,3.0
B00CL6QE92,24.0,24.0,24.0,24.0,24.0
B00CPV0I40,,31.0,,,31.0
B00CPWL1V8,,,,,22.0
B00CPWL1W2,,,22.0,22.0,22.0
B00CPWL1WM,,,,,22.0
B00CT9VVWG,22.0,,,,22.0
B00CTIZ7HM,,,13.0,,13.0
B00CYRRRB2,282.0,,282.0,,282.0
B00CZ25FWY,252.0,252.0,252.0,252.0,252.0
B00D2N230W,,,,,27.0
B00D4OPHT8,,7.0,,,7.0
B00D5HZ0IM,,,,,3.0
B00D6C9TVK,,,,12.0,
B00D6DWR0Y,,,,,177.0
B00D6GVWPM,,,,,2.0
B00DFLQPNW,,,,,51.0
B00DGI2ZOC,,,109.0,109.0,109.0
B00DIQ8EF6,,,,,1.0
B00DJD2JGI,,,,,7.0
B00DJHY1HO,,,,1.0,
B00DM0E3GM,,,,10.0,
B00DNMYC92,,,,,4.0
B00DQ00WGI,,,,,26.0
B00DQ9HT7O,,,,,3.0
B00DQ9HTF6,,,3.0,,3.0
B00DSILZKK,,,16.0,,
B00DSPJB5E,8.0,,,,
B00DSPJB8Q,,,,,8.0
B00DT03YHO,41.0,,41.0,41.0,41.0
B00DT03YK6,,,,,41.0
B00DTEO9LA,,,9.0,,
B00DUQAOW0,,,,,6.0
B00DUWZWNK,,,65.0,,65.0
B00DWPM6QQ,,,,,2.0
B00DWWBIWM,,,,,2.0
B00DXY8LH4,,,8.0,,8.0
B00DYZDYV0,,,179.0,179.0,179.0
B00E0CYF8W,,,,1.0,
B00E3VYV1G,398.0,398.0,398.0,,398.0
B00E7E99CK,,,,,1.0
B00EA8U7RE,716.0,716.0,,716.0,716.0
B00ECR077I,,,,1.0,
B00EHE0OGU,442.0,442.0,442.0,442.0,442.0
B00ENYOYY2,,,,,5.0
B00ESEV5BC,,,4.0,,
B00EUV96VE,142.0,,,,142.0
B00EWDKFPG,59.0,,59.0,,59.0
B00EWDKLL4,54.0,,,54.0,54.0
B00EWQ4F2M,,,,,3.0
B00EZGIF9I,,,,,54.0
B00EZGIQD8,,,59.0,,59.0
B00EZW38M6,,,1.0,,
B00F07JDCE,,,,42.0,42.0
B00F09B3SY,,18.0,,18.0,18.0
B00F13LOP6,,,,,1.0
B00F2GFOVM,,,,,1514.0
B00F3IOA64,,,,,8.0
B00F3ZXPA4,,,,,9.0
B00F5A3J8U,,,,28.0,28.0
B00F5A59NI,,,,22.0,22.0
B00F5A90OW,,,16.0,16.0,16.0
B00F5RTGRG,,16.0,16.0,,
B00F6YWBES,,,,,4.0
B00FBPE4NI,,,,,153.0
B00FG8BSOI,,1042.0,1042.0,1042.0,1042.0
B00FHOI0MY,,,,,6.0
B00FRRFVZK,32.0,32.0,,,32.0
B00FVSCCKC,203.0,203.0,,203.0,203.0
B00FVW8BM6,,,,,1.0
B00FZMMGLO,,,,,10.0
B00G0L7JMA,29.0,,29.0,,29.0
B00G8RC99O,,,23.0,,23.0
B00G9J6OSI,,,,39.0,39.0
B00GAGQTNA,,,,,11.0
B00GBG0JG2,,,,,55.0
B00GGOM4YY,,,,,1226.0
B00GION4XW,8.0,8.0,8.0,8.0,8.0
B00GK7PRG4,,,,,2.0
B00GNEBGJ6,,,,,41.0
B00GO7IY0Q,1177.0,,1177.0,1177.0,1177.0
B00GSV2QZW,,,,39.0,39.0
B00GT5D55C,63.0,,,,63.0
B00GV84GDC,9.0,,,,
B00GW3EMA8,212.0,,212.0,,212.0
B00H2SBUXO,52.0,,,,
B00H3CZID2,,,,,60.0
B00H3QZGIU,18.0,,,,
B00HKNUY1U,,,,,8826.0
B00HS92LBW,,,,,23.0
B00HSAX0RU,22.0,22.0,,22.0,22.0
B00HU5OWVQ,,,,,142.0
B00HU8CS1Y,,,,,21.0
B00I2DPAA2,,,132.0,132.0,132.0
B00I2EN9W2,,,,6.0,6.0
B00I4CCZ72,,,,,1.0
B00I6PUL32,,,67.0,67.0,67.0
B00I8TULWC,95.0,95.0,95.0,95.0,95.0
B00I9SEIO4,,,,,1.0
B00IDUS8OE,,,,,13.0
B00II2BDCG,,,,,3.0
B00IIFSH36,708.0,708.0,708.0,708.0,708.0
B00IIUM2TG,,,,6.0,
B00IKJ20TC,43.0,43.0,,43.0,43.0
B00IKSRNEU,,,,,18025.0
B00ILFNZLM,,,,,11.0
B00ILWZBLW,,,,,43.0
B00IM0FSD4,,,,18.0,18.0
B00IM0FSG6,,,,,26.0
B00IM0FSGQ,,,,,38.0
B00IN6W1VO,200.0,,200.0,,200.0
B00IRUU6LI,,,,,1.0
B00IT2L7KS,,,5.0,5.0,
B00IX9JFTC,5.0,,5.0,,
B00IYL8D3S,,,,,37.0
B00J3ABJ2Q,41.0,,,,41.0
B00J3R03GM,10.0,10.0,,10.0,
B00J4F4I8C,,,,,40.0
B00J7GOONM,,,,,12.0
B00JCYN3VS,,,,3.0,
B00JE0GAY2,,,,,4.0
B00JFNC38K,50.0,,,50.0,
B00JH3TXCC,559.0,559.0,559.0,559.0,559.0
B00JIUR88K,,1177.0,,,
B00JIWBOGU,,,,,94.0
B00JKNFKJY,,,,,37.0
B00JR3UJLG,,,,,3.0
B00JS9SD0I,,4.0,,,
B00JSIVKZY,,,22.0,22.0,22.0
B00JU1TXKI,13060.0,13060.0,13060.0,13060.0,13060.0
B00JWATN48,,,,,252.0
B00JXDIHM8,,,,,1.0
B00JXIOFJW,,,,409.0,409.0
B00JXW0OPC,,,,,282.0
B00JXWQV8Q,,28.0,28.0,,28.0
B00JXX2D4Q,,,,282.0,
B00JXX7IV4,,,,,16.0
B00JXXAMUS,,,,,2.0
B00JXXQAWC,,,,,282.0
B00JXXWUYO,,,264.0,,264.0
B00JY0P624,4.0,,,,
B00JZ3SO06,,,,,17.0
B00JZ3SOBU,,,25.0,,25.0
B00JZJ5J4E,,,,,1.0
B00JZXE6SU,,22.0,,,22.0
B00JZXRCLI,76.0,,,76.0,76.0
B00JZXXBEU,,,,,13.0
B00K01ZZBS,38.0,,,38.0,38.0
B00K02KJV8,,,,,7.0
B00K02LBLU,,14.0,,,
B00K02LZ84,,,85.0,85.0,85.0
B00K1IUYVQ,220.0,220.0,220.0,220.0,220.0
B00K1K7OSK,314.0,314.0,314.0,314.0,314.0
B00K1KJV18,,,,4.0,
B00K1OEEQG,,,,3.0,3.0
B00K29BY04,,,,,14.0
B00K2A2NUS,,57.0,,57.0,57.0
B00K2AT9LO,,,,9.0,9.0
B00K2B2D4I,,,,19.0,19.0
B00K2BTGD4,,,,,4.0
B00K2BU45S,,,,,2.0
B00K2C220M,24.0,,24.0,,24.0
B00K2CYEI0,35.0,,35.0,,35.0
B00K2ERTJO,,,,17.0,17.0
B00K2OJMAI,,2.0,,,
B00K35UHJG,,,,,1.0
B00K3LGRDU,,,,,284.0
B00K3LGWUI,,,,,183.0
B00K4YB93E,,,,,15.0
B00K4YBEWU,,,,,51.0
B00K4YCBEU,,,,,60.0
B00K5B8O8O,,54.0,,54.0,54.0
B00K6CZ6VU,,17.0,,,
B00K77Q6IQ,11.0,,,,11.0
B00K7HX1WU,,,104.0,104.0,
B00K7V8HX4,,,26.0,,
B00K85ISO2,,409.0,,,409.0
B00KB4HAM6,1040.0,1040.0,1040.0,1040.0,1040.0
B00KBNEVZ6,,,,,56.0
B00KFB0NOM,,,,,1.0
B00KHXOASI,22.0,,,,22.0
B00KJRX1VY,,,,,109.0
B00KJSPDIM,,,,,109.0
B00KL6V5IE,,,,,39.0
B00KM424WQ,,,,,326.0
B00KM4281I,,,,75.0,
B00KM429NU,,,,,125.0
B00KMFSQ22,,,,5.0,5.0
B00KQE3WQY,8.0,,,,
B00KR28EVI,,,,,6.0
B00KSM01A4,,,,18025.0,
B00KUSQ9LG,,,,,217.0
B00KV5E6AY,,,,,136.0
B00KVYBY8M,46052.0,46052.0,46052.0,46052.0,46052.0
B00KVYW1HA,3804.0,3804.0,3804.0,3804.0,3804.0
B00KW3XVCO,,,,,1.0
B00L03V8G6,1072.0,,1072.0,1072.0,1072.0
B00L0OZVGS,,,,,29.0
B00L146H0Q,,,,,360.0
B00L2IO8OS,23.0,,,,23.0
B00L3IDBQ8,,,,,12.0
B00L5FG1LQ,,,,,104.0
B00LB6PZ84,,,,,1.0
B00LBGJ486,197.0,197.0,197.0,197.0,197.0
B00LFDRH3O,2.0,,,,
B00LGBQY1Q,,,,,5.0
B00LJPKY7E,,,,,2.0
B00LJPW3Q4,,,,,1.0
B00LMAF5RA,,,,,8.0
B00LMNL418,,,203.0,203.0,203.0
B00LNLGQFS,,,,,3.0
B00LNLGQHQ,,,,,3.0
B00LNMFWQQ,5.0,,5.0,,5.0
B00LOCG7UU,,,,22.0,22.0
B00LP6HYOS,,,,1.0,
B00LPCZQOM,,,,,6.0
B00LRZ4JO0,,,,,1.0
B00LSZQUEG,,,,20.0,20.0
B00LUXEQ0Q,8.0,,,,
B00LYCXMNU,,,,,9.0
B00LYLJJO2,960.0,960.0,960.0,960.0,960.0
B00M1A2RIU,,,151.0,151.0,151.0
B00M1JHHK4,115.0,115.0,115.0,,115.0
B00M3QYL3Q,,,,,3.0
B00M4OJI6C,,,204.0,204.0,204.0
B00MC7TQ4K,1020.0,,1020.0,,1020.0
B00MG8S484,,,,,17.0
B00MGZ6FVK,,,,,9.0
B00MHZ7R20,263.0,263.0,263.0,263.0,263.0
B00MJ0W5YI,,,,,1.0
B00MJ25MYG,,1.0,,,
B00MKLDBV2,,,,,5.0
B00MOA665C,,,,,4.0
B00MWZVLM2,22.0,22.0,22.0,22.0,
B00N11K0LY,3953.0,3953.0,3953.0,3953.0,3953.0
B00N27IRWQ,,,,318.0,318.0
B00N3W70JQ,18025.0,18025.0,18025.0,18025.0,18025.0
B00N3W70L4,8826.0,8826.0,8826.0,8826.0,8826.0
B00N45V912,,,21.0,,21.0
B00N45V99O,,31.0,,,31.0
B00N4SRDD2,,,,,19.0
B00NBMIM04,114.0,114.0,114.0,114.0,114.0
B00ND00H1G,,,,,1.0
B00NE4AQUI,479.0,479.0,479.0,479.0,479.0
B00NFCPTBK,,,,,2.0
B00NFQFA4W,,,,,268.0
B00NH25R8S,,,,,44.0
B00NI0REHQ,,,,193.0,193.0
B00NII1OOC,,,,,593.0
B00NII7T0K,,,,,1.0
B00NL8H6FU,157.0,,157.0,157.0,157.0
B00NL8H89Y,157.0,,157.0,157.0,157.0
B00NLHEV5O,,,,6.0,
B00NLPAYM0,26.0,,,,26.0
B00NON258U,24232.0,24232.0,24232.0,24232.0,24232.0
B00NS8CKTU,,,,,8.0
B00NVYF7EQ,,93.0,,93.0,93.0
B00NWYUURO,,,28.0,,28.0
B00NY3L3A6,,,,,5.0
B00O0V8YCG,,,21.0,,
B00O1CLTMG,718.0,,718.0,718.0,718.0
B00O2BSWJY,,,1049.0,1049.0,1049.0
B00O2BSXYS,,1049.0,,,1049.0
B00O2BSZC8,1049.0,1049.0,,1049.0,1049.0
B00O2BT14O,1049.0,,,1049.0,1049.0
B00O2BT2N4,1049.0,,,1049.0,1049.0
B00O2C0566,,,227.0,227.0,227.0
B00O2C2XUC,,,,227.0,227.0
B00O2C4VOI,,,,92.0,92.0
B00O5B1SPQ,3.0,,,,
B00O5MRAF2,21.0,,,,
B00O9NLOT0,,,,,18.0
B00OGQIQ3C,409.0,409.0,,409.0,409.0
B00OI4PGPS,710.0,710.0,710.0,710.0,710.0
B00OI789JU,2075.0,2075.0,2075.0,2075.0,2075.0
B00OIJGJ9K,313.0,,313.0,313.0,313.0
B00OISMEJA,,,,,3.0
B00OISMELI,,,86.0,86.0,86.0
B00OK6Y1E6,485.0,,485.0,,485.0
B00OLCTOTG,,,37.0,,37.0
B00OPC3TFW,16.0,,,16.0,
B00OSH610Y,147.0,147.0,147.0,147.0,147.0
B00OTYMBT6,,112.0,,112.0,
B00OU5JPPM,91.0,,,91.0,91.0
B00OU5KVFU,,,54.0,,54.0
B00OU5LZBO,78.0,,78.0,78.0,78.0
B00OUEFU3O,,,,,7.0
B00OUEQ0AG,,,,,23.0
B00OV99WV4,,,,,3.0
B00OWGBNR2,289.0,289.0,,289.0,289.0
B00OYEQ7X2,29.0,,,,29.0
B00P2VBOAC,,13060.0,,13060.0,
B00P3KVJAM,,,,83.0,83.0
B00P3N3FL0,83.0,,,,83.0
B00P3OHC2C,,83.0,,,83.0
B00P3P7H9E,,83.0,,83.0,83.0
B00P46W66Q,,,13060.0,13060.0,13060.0
B00P5SWXUW,,,,,1.0
B00P8UDVXA,,,8.0,,8.0
B00P8UDVXK,,,,11.0,11.0
B00P8UDVZ8,,,4.0,,
B00PAZ2L5M,,,,,56.0
B00PAZ2LAW,,,,,13.0
B00PEA3544,,,,,2.0
B00PEA3A80,,,,,4.0
B00PEA3HUG,,,,14.0,
B00PEA3WZ6,,,,,7.0
B00PFOSTI6,,,,7.0,7.0
B00PIX9LVS,,,,,1.0
B00PUX1TMA,7721.0,7721.0,7721.0,7721.0,7721.0
B00PVWRLO0,,1889.0,,1889.0,1889.0
B00PVX1HSA,164.0,164.0,164.0,,164.0
B00PX98GTA,,,,,84.0
B00Q586W3K,,35.0,,,35.0
B00Q7MNLOW,,,,4.0,4.0
B00Q7MPBAY,,,,,3.0
B00Q7MWOEA,,,,29.0,29.0
B00Q7N2OQC,,,,103.0,103.0
B00Q7N53WY,,,,,11.0
B00Q9CQYCQ,1398.0,1398.0,1398.0,1398.0,1398.0
B00QG99MI0,,,,,19.0
B00QHHHOH2,,6.0,,,
B00QL7MEEQ,,44.0,44.0,44.0,44.0
B00QQZSPEQ,113.0,,,113.0,113.0
B00QVCXUFS,8.0,,,,
B00QVCYUVG,,,,,1.0
B00QW9BG0G,,,,1.0,
B00R3QX3QM,,,63.0,63.0,63.0
B00R45TL2M,142.0,,,,142.0
B00R6R7C2E,,,,,269.0
B00R6SVX32,,,,,3.0
B00R6SXWO0,,,,26.0,26.0
B00R6T1OUI,,,,,13.0
B00R801ECI,,,,,19.0
B00R8HE0RC,,,83.0,,83.0
B00R8IYKXU,59.0,,59.0,,59.0
B00RBQSN6E,,,,,3.0
B00RC49QU2,,,63.0,,63.0
B00RC6XS9A,,,,,6.0
B00RC83ASM,,,,,12.0
B00RH8XUZK,20802.0,20802.0,20802.0,20802.0,20802.0
B00RI8GGP0,,,,26.0,
B00RIG53Z6,,,,,8.0
B00RK45GN0,,,,,14.0
B00RNDJ26K,,,,21.0,21.0
B00RNG22PU,38.0,38.0,38.0,38.0,38.0
B00RU9QQW0,,,,,24232.0
B00RUA0GPM,,,,,507.0
B00RYAVHI8,,,39.0,39.0,39.0
B00RYB0G16,,,,,14.0
B00S0BMVWG,,,,,1.0
B00S27CYGQ,,,,,112.0
B00S3DVNDY,,,10.0,,10.0
B00S66284G,,,,,582.0
B00S6XK3JG,,,,,5.0
B00S8MWQ2W,,,,,1.0
B00SAB2BTO,,,,,13.0
B00SF0K048,5.0,5.0,,,5.0
B00SGDA9SQ,9.0,,,,
B00SI28I92,,,,,11.0
B00SJVKW6Y,750.0,750.0,750.0,750.0,750.0
B00SN80DW6,,,,,60.0
B00SOI1Y96,,,,,1.0
B00SRVEAI2,,3.0,,,
B00SXH5IX6,,,,24.0,24.0
B00SXRU9OE,,,1.0,,
B00SZ6M9FK,,,,150.0,
B00SZEUB7U,,,,,4.0
B00T4IWIWM,39.0,39.0,39.0,39.0,39.0
B00T6MKZSU,,,,,56.0
B00T7T6860,,,553.0,,
B00T867H1M,,,,,108.0
B00T867IDO,,,,,108.0
B00T867K50,,,,,108.0
B00T867K96,,,,,108.0
B00T867LP4,108.0,,,,
B00T8A6K2A,2.0,,,,
B00TA36TGC,,,,,104.0
B00TECXYE4,3678.0,3678.0,3678.0,3678.0,3678.0
B00TECXYEY,3678.0,3678.0,3678.0,3678.0,3678.0
B00TECXYJE,,,,3678.0,3678.0
B00TECXYLW,,,3678.0,3678.0,3678.0
B00TH0MB9C,,,,4.0,
B00THOPKC8,,,,,5.0
B00TI8YL0K,4.0,,,,
B00TQ47KFE,94.0,,94.0,94.0,94.0
B00TSZ1J76,28.0,,,28.0,28.0
B00TT8ZNVU,1633.0,1633.0,1633.0,1633.0,1633.0
B00TUK3H7E,,,,,13.0
B00TUKJQ60,186.0,,186.0,186.0,186.0
B00TXVFRDM,383.0,383.0,383.0,383.0,383.0
B00U1RCEK6,11.0,,11.0,,11.0
B00U34UKO4,,,,,8.0
B00U5QBOFO,,,,5.0,
B00U6IAKOM,,,,,4.0
B00U7M5SAS,,,,,31.0
B00U9XPCBU,,,,,8.0
B00U9XWCH2,,,,,5.0
B00UBRI5WW,,,,,40.0
B00UCY2T26,,,4.0,,
B00UFJG5A0,,,,,17.0
B00UG7L1FK,,,,,24232.0
B00UGCSUZ4,,,8.0,,8.0
B00UHDGFAY,1700.0,1700.0,1700.0,1700.0,1700.0
B00UJW0WKW,,,,,63.0
B00UM9ZTS2,449.0,449.0,449.0,449.0,449.0
B00UMB0G74,4.0,4.0,,,
B00UMPZ9M2,7.0,,,,
B00UMSS0OI,13.0,,,,
B00UR3PA28,17.0,,,,17.0
B00URHL8I4,,,,,10.0
B00URWNO6S,,,,,24232.0
B00UVTICGE,1199.0,1199.0,1199.0,1199.0,1199.0
B00VAT7TP4,,,,11.0,
B00VCGJPIE,,,,,27.0
B00VE6NEMA,,,,,6.0
B00VGHLF5U,,,,,6.0
B00VIPV708,,,,,2.0
B00VIYQTZ2,,,,350.0,350.0
B00VMOBJ5S,,,,53.0,53.0
B00VQWTI40,350.0,350.0,350.0,350.0,350.0
B00VRTKQZC,1004.0,1004.0,,1004.0,1004.0
B00VSBOPP6,,,,,2.0
B00VSBOQFA,15.0,15.0,,15.0,15.0
B00VSBOSJ4,,29.0,,,29.0
B00VSBOVL4,,,256.0,256.0,256.0
B00VSBP49C,,,,,9.0
B00VSBPIAW,,,258.0,258.0,258.0
B00VSBPSDO,,,,,2.0
B00VUG3PDM,13.0,,13.0,,
B00VWPLEYI,,11.0,,,
B00VWPLFOW,20.0,,,20.0,20.0
B00W0OI99I,88.0,88.0,88.0,88.0,88.0
B00W2TUZ3E,,,,,8826.0
B00W2VWJE0,,,,,8826.0
B00W4B6Q6U,,,,,231.0
B00W4G0LIE,102.0,,,,102.0
B00W7AY4OO,,,,2.0,
B00WGZ0EH6,,,,231.0,
B00WHL5CGM,,,,,16.0
B00WHN7MC2,,,,,64.0
B00WHNFYOA,,,,,92.0
B00WHNROCK,92.0,,,,92.0
B00WHNROH0,,,92.0,,92.0
B00WJ1BZW0,,,,,63.0
B00WR3H7CM,3.0,,,,
B00WUDZJXI,,,,,7.0
B00WXCUTXQ,,,,,231.0
B00WXDKVYW,,,4.0,,
B00WXF8ZGG,,,,,231.0
B00WZNUU6O,,,,,2.0
B00X0W3NS6,241.0,,241.0,241.0,241.0
B00X59FE8Q,16.0,16.0,16.0,,
B00X5DX9DY,,,,,14.0
B00XCZUBD6,,,,,77.0
B00XIN0EWU,,,,,5.0
B00XQW4R5S,70.0,70.0,70.0,70.0,70.0
B00XQZXTTU,,,,,26.0
B00XVD7J84,,97.0,97.0,97.0,97.0
B00Y06U5SC,,14.0,,,
B00Y0CW4V2,,,,9.0,9.0
B00Y1FSH1Y,,,,,27892.0
B00Y5W3Z74,,99.0,,,99.0
B00Y78BC9E,,,,,1.0
B00Y99CO8O,,18.0,,18.0,18.0
B00YAOBD8A,577.0,577.0,577.0,577.0,577.0
B00YD4YW12,,,3.0,,
B00YE5WK0K,,,,,18.0
B00YFL7SBE,,,,,4.0
B00YFLPX3E,,,,,79.0
B00YFLPX5M,79.0,,,,79.0
B00YFLPXBG,,,,,79.0
B00YN7F0CY,,,,23.0,23.0
B00YOVZN1C,4908.0,4908.0,4908.0,4908.0,4908.0
B00YOXJGP4,,,,,4908.0
B00YOZ67KE,,,,,4908.0
B00YP0UCR2,4908.0,,4908.0,4908.0,4908.0
B00YPSRW6S,,,,,9.0
B00YPTEMW4,,,,,35.0
B00YPTEMWE,,,,,35.0
B00YPTEMWY,,,,,35.0
B00YQ4JC1O,,,,4908.0,4908.0
B00YQ8B86M,,,,,2.0
B00YQ8DEVE,,,,,4908.0
B00YTSO064,,,,4908.0,4908.0
B00YTUS0D6,4908.0,4908.0,,,4908.0
B00YTUVZDS,,,,,22.0
B00YTUYMBU,,,,,4908.0
B00YU1U7F8,717.0,717.0,717.0,717.0,717.0
B00Z0BSIB2,96.0,96.0,96.0,96.0,96.0
B00Z346LG0,,,,,6.0
B00Z346LM4,11.0,,,,
B00Z346LRY,,,104.0,,104.0
B00Z75ECPW,,,,,37.0
B00Z75EPUO,,,,2.0,
B00ZA771FU,,,,21.0,21.0
B00ZA772PE,,,,,8.0
B00ZC4GA5I,,,,,20.0
B00ZE001SC,,,,,5.0
B00ZJGL590,,,11.0,,11.0
B00ZOYXZUE,5.0,,,,
B00ZQHQGUK,50.0,,,,50.0
B00ZX1WB9Y,,69.0,69.0,,69.0
B00ZX1WER8,,,,,86.0
B0108L8LOW,,,,,133.0
B0108L8LS8,,,,,149.0
B0109XOH6A,56.0,,56.0,56.0,56.0
B010B060V6,69.0,69.0,,,69.0
B010EG8K9C,,,,,3.0
B010JH19EY,101.0,101.0,101.0,101.0,101.0
B010L0VX90,,,,,12.0
B010MNL8H8,,12.0,,,
B010QSLZJA,477.0,,477.0,477.0,477.0
B010TRPODQ,,,,,15.0
B010TWN4CO,,110.0,,,110.0
B010UL5L7U,,33.0,,33.0,33.0
B010ULPL16,,,,,9.0
B0113IX374,673.0,673.0,673.0,673.0,673.0
B0117XMSPS,,43.0,,,43.0
B011928LUI,,,,,14.0
B0119QSVCW,,,,,5.0
B011J6KZ3A,20802.0,20802.0,,20802.0,20802.0
B011J6L0C0,,,20802.0,,20802.0
B011KEW494,7.0,,,,
B011KM5QG4,177.0,177.0,177.0,177.0,177.0
B011KMZ2KO,4424.0,4424.0,4424.0,4424.0,4424.0
B011KMZ2WW,35189.0,35189.0,35189.0,35189.0,35189.0
B011KUM29A,,,,2.0,
B011ROH140,,,,,1.0
B011VS4PKA,857.0,857.0,857.0,857.0,857.0
B011XMVC0U,,,,,249.0
B012BPCXTW,,,,16.0,16.0
B012BV698C,48.0,,48.0,48.0,48.0
B012CTPQNW,,,,,21.0
B012CTPQOQ,,,,21.0,21.0
B012FEDR2Q,,,5.0,,
B012FEJSXS,35.0,,35.0,,35.0
B012FZCCXU,,,2.0,,
B012GC9LOU,,,,,16.0
B012HDIG1W,,330.0,,330.0,330.0
B012HDIG2Q,330.0,,330.0,330.0,330.0
B012HDIG3K,330.0,330.0,330.0,330.0,330.0
B012HDIG3U,,,330.0,330.0,330.0
B012HDIG44,330.0,330.0,330.0,330.0,330.0
B012HDIG4E,330.0,330.0,330.0,330.0,330.0
B012HDIG5I,330.0,330.0,,330.0,330.0
B012HDIG6M,330.0,330.0,330.0,330.0,330.0
B012HDIG7G,330.0,330.0,,330.0,330.0
B012LGEFNS,,,,,11.0
B012MEZP2E,1510.0,1510.0,1510.0,1510.0,1510.0
B012NBUJYK,,,,,19.0
B012U7WZ0S,,,,,15.0
B01319VPGO,,,,,10.0
B0131S03IG,,,,,4.0
B013C9015O,,,,37.0,37.0
B013EPYPG2,23.0,,,,23.0
B013GX4HXI,764.0,764.0,764.0,764.0,764.0
B013JARBZE,,,,,30.0
B013SJWE2G,8511.0,8511.0,8511.0,8511.0,8511.0
B013W3SLFM,,20.0,,,
B013WHRP3C,,407.0,,,407.0
B013XIV5PE,,,,,12.0
B013XJGZGM,,,,,7.0
B013XKQO2Q,,,,47.0,47.0
B013ZT1LXW,,,,,9.0
B01401F694,7.0,,,7.0,
B0146GNFHS,,,5.0,,
B0146X6VI6,,,,8.0,8.0
B0148PKYXU,35189.0,35189.0,35189.0,35189.0,35189.0
B01493COIE,,,,,49.0
B01496VW16,109.0,,,,109.0
B01496W1G6,,,,,32.0
B014COJ7ZS,,,,,6.0
B014EXY8I8,750.0,750.0,750.0,750.0,750.0
B014EYSVDA,,36.0,,,
B014HS742M,251.0,251.0,251.0,,251.0
B014I29ZYC,,,,,3678.0
B014ITYDCO,399.0,399.0,399.0,,399.0
B014JOB038,1173.0,,1173.0,1173.0,1173.0
B014JP5TZC,,,,,3.0
B014SOZ1AW,2203.0,2203.0,2203.0,2203.0,2203.0
B014VHG6V4,,334.0,334.0,334.0,334.0
B014VHKKPW,,,,,334.0
B014Z4IX5U,,,,43.0,43.0
B015258G0I,,,21.0,,21.0
B0152BVV4A,214.0,,214.0,214.0,214.0
B0153N1TTE,,,,1.0,
B0155L9L12,,,,117.0,117.0
B0156HT4WQ,,,,,18.0
B015C5KW9G,47.0,,,,
B015EP4ALA,,,,,23.0
B015FZFDJW,,,,,3.0
B015GFHQ3C,,,,,24.0
B015GGYXR8,,,,,49.0
B015H9CW72,,,,,41.0
B015P1DGCC,,,,,81.0
B015QJNAA6,,,,,4.0
B015QW5Q14,387.0,,,387.0,387.0
B015RNZOSM,20.0,,,,
B015RYIIJI,,,,,811.0
B015TC9HGG,,,393.0,,393.0
B015VIFM3A,,,,,73.0
B015VIHIFU,,,,,32.0
B015WWMJTU,238.0,238.0,238.0,238.0,238.0
B0162PS26A,,,,,11.0
B0167EAZUC,154.0,154.0,154.0,,154.0
B0167JU7ZA,,,,2.0,
B01682WF4W,,43.0,43.0,,
B0168FZ5UK,,198.0,,198.0,198.0
B0168Y7TMI,,,,,47.0
B016ALBSOE,,,2203.0,,
B016ALMEF6,,,,,14.0
B016ATW89K,,,,,17.0
B016D4ZS8K,,,,,35189.0
B016D80OAS,46.0,,,46.0,46.0
B016EP9UGE,,,,,15.0
B016FJFI3S,,,,24.0,24.0
B016FLLY1G,,,,21.0,21.0
B016FQLBMI,,,,,12.0
B016I1Q4JK,,,,,21.0
B016ITSQZM,,,9.0,,9.0
B016ITT16U,2203.0,,,,
B016M4ZCN2,2098.0,2098.0,2098.0,2098.0,2098.0
B016N769JE,95.0,,95.0,95.0,95.0
B016Q01DXK,,,,,21.0
B016R1UF6Y,330.0,330.0,330.0,330.0,330.0
B016UCHOJ6,,,,207.0,207.0
B016VT5468,164.0,,164.0,164.0,164.0
B016W7EX0M,,,,207.0,207.0
B016WD0R6A,120.0,120.0,120.0,120.0,120.0
B016WM20P2,,,,,17.0
B016WNAYZY,,,,299.0,299.0
B016WNB1BU,,,,183.0,183.0
B016WPPMC2,,,,,311.0
B016XVR944,96.0,96.0,96.0,96.0,96.0
B0172I1EZ2,,,,,11.0
B0174EHLY2,,,,,9.0
B0178RTKI0,,,,,2.0
B0179WE6VU,,,,,10.0
B0179Z8Z3C,,,,2203.0,
B017DCHOYW,1293.0,1293.0,1293.0,1293.0,1293.0
B017DVZGUC,,,,,59.0
B017J889P8,298.0,,298.0,,298.0
B017JMEMLO,,,,138.0,138.0
B017QU0D76,,,,223.0,223.0
B017T693P0,352.0,352.0,352.0,352.0,352.0
B017T6G538,592.0,592.0,592.0,592.0,592.0
B017T80WHQ,,,,44.0,44.0
B017XDG7GM,,,,196.0,196.0
B017XFHQFQ,,,196.0,,196.0
B017XGA01M,,,,193.0,193.0
B017XZSNWG,,,,,28.0
B017XZUW0M,,,,,46.0
B017Z2JYGG,,,,,7.0
B0182WF0K2,,,,29.0,29.0
B01837EU8E,28.0,,28.0,,
B018A1G7XO,,,,,317.0
B018GZ1B1C,126.0,,,,126.0
B018GZN0B6,,,,,19.0
B018H055AY,,,,70.0,70.0
B018H2RED8,,,,,5.0
B018I8KR7G,,,,,1.0
B018JJH7BS,140.0,140.0,140.0,140.0,140.0
B018OMK2RQ,,,,,24.0
B018R9XNAY,,,,,15.0
B018YW0JGA,,,,,78.0
B018YW75OE,,,,,78.0
B018Z0YM5U,,,,,78.0
B0196A3T6Q,,,,,6339.0
B019D5MA1Y,,,,,3.0
B019H0BQEC,,,,23.0,
B019J2L3V4,1243.0,,1243.0,1243.0,1243.0
B019JSLQVK,,,,,6.0
B019RK0YDQ,,,,,44.0
B019U4G46A,,,,36.0,36.0
B019YKYWFU,,,,,13.0
B01A3H4LNG,,,,,22.0
B01A5HD3QU,,3.0,,,
B01A6M60J6,,,176.0,176.0,176.0
B01A7MMMM4,,,,,8.0
B01AB388H2,,,,,8.0
B01AE22E3E,,,,,2.0
B01AEAGHV6,,4908.0,,4908.0,4908.0
B01AEAO736,4908.0,,4908.0,4908.0,4908.0
B01AEAR7HE,,,4908.0,4908.0,4908.0
B01AEB4SBQ,,,,,4908.0
B01AFH6CDG,,,61.0,,61.0
B01AFIKFO2,,,,56.0,56.0
B01AFW5KHA,,3.0,,,
B01AFZ49XS,106.0,,,,106.0
B01AFZ88P8,144.0,,,,144.0
B01AG10LXS,116.0,,116.0,,116.0
B01AHKU0AC,,17.0,,,17.0
B01AKAT3QQ,114.0,114.0,114.0,114.0,114.0
B01AKH738E,,,,,4.0
B01AL4A0E0,,4.0,,,
B01ANA4T7G,2451.0,,,,2451.0
B01ANA4T8K,2451.0,,2451.0,2451.0,2451.0
B01ANBPZSC,40.0,40.0,40.0,,40.0
B01AR2FXUW,,,,,3.0
B01ATTLY8I,,,2.0,,
B01AU07LTM,24.0,,,,
B01AU120EM,,,,29.0,
B01AU13Q8G,,100.0,,100.0,100.0
B01AVGQJEI,1072.0,1072.0,1072.0,1072.0,1072.0
B01AW58F86,,,,,2.0
B01AW58F9K,2.0,,,,
B01AWZFZ0C,,,,,13.0
B01AX4DA40,,,,,1.0
B01AX8P7AG,53.0,53.0,,53.0,53.0
B01B312X0E,,164.0,164.0,164.0,164.0
B01B4MQ71S,,,,,13.0
B01B59V26A,,,,19.0,19.0
B01B5BZC64,,,15.0,15.0,15.0
B01B5C07JA,,7.0,7.0,,
B01B83ZZ5M,,,,,35.0
B01BF04798,,,,,24.0
B01BFSWZTO,,,,,19.0
B01BG0VR0E,593.0,593.0,593.0,593.0,593.0
B01BGPMTS8,,,,,34.0
B01BGRFPSW,16.0,,,,
B01BH86YT4,,,,,2.0
B01BL0A192,,,,5.0,
B01BMAII9G,54.0,,,,
B01BO1VK66,,39.0,,39.0,39.0
B01BO1Y4S2,82.0,82.0,82.0,82.0,82.0
B01BR320OM,,,219.0,219.0,219.0
B01BR3211E,,219.0,,,219.0
B01BUFELBM,214.0,,214.0,214.0,214.0
B01BUIJQRI,,,,,794.0
B01BUIJQSC,794.0,,,,794.0
B01BUIJQVO,,,,,794.0
B01BUIJR1I,,,794.0,794.0,794.0
B01BUIJR2M,,,,,794.0
B01BV3NAJC,,,,,8.0
B01C2PVWFC,,,291.0,291.0,291.0
B01C34Q1BW,49.0,,,49.0,49.0
B01C34RBM0,,786.0,,786.0,786.0
B01C34T8VC,,,,52.0,
B01C42FXVM,,,,,11.0
B01C4TCZ1Q,,,248.0,248.0,248.0
B01C60C4AU,1226.0,1226.0,,1226.0,1226.0
B01C6XIUIC,,,,,53.0
B01C7VKQPS,,,,,29.0
B01C7VKS9C,,,,,29.0
B01C9E7MA0,20947.0,20947.0,20947.0,20947.0,20947.0
B01C9HOAJS,,,,,227.0
B01CD38ZBM,528.0,,528.0,,528.0
B01CFGE0F2,14.0,,,,14.0
B01CJ9QA94,,,,,5.0
B01CMK0HL2,,,247.0,247.0,247.0
B01CNS84SQ,3397.0,3397.0,3397.0,3397.0,3397.0
B01CO0K986,,,,,13.0
B01CR4K8Y4,,,,27.0,27.0
B01CS2LAVA,,,,,4.0
B01CT6929C,,,,,4.0
B01CT6IM16,,,,7.0,
B01CTMSZK8,,,,7.0,7.0
B01CU7DGLK,,,,448.0,448.0
B01CV17U2G,81.0,,,81.0,81.0
B01CV1PSWK,,,,34.0,34.0
B01D0BH4SG,,,,,3.0
B01D0D9KJA,,,,,2.0
B01D1YBXSO,,101.0,,101.0,101.0
B01D4QN2LA,,,,,13.0
B01D7TN016,,,,,1.0
B01D9G6SVG,479.0,479.0,479.0,,479.0
B01DAC7CYG,,,,2136.0,2136.0
B01DACZGTY,256.0,,256.0,256.0,256.0
B01DACZGWQ,,,,,256.0
B01DAVJ8ZI,,,,,12.0
B01DBQ5Y5K,,,,,196.0
B01DBQ5YEQ,196.0,,196.0,,196.0
B01DCDWBGW,,,,43.0,43.0
B01DCHUI0Y,,2.0,,,
B01DCJ2ZAI,,,,,5.0
B01DEGZE3E,,,,,3.0
B01DEMNC5K,,,,,27.0
B01DENGTOK,149.0,,149.0,149.0,149.0
B01DFK9KNE,36.0,,,36.0,36.0
B01DFPQ3JI,,,,,14.0
B01DFTUQ10,,,,173.0,173.0
B01DFXHG82,,,,,9.0
B01DFY99ZE,,,,,7.0
B01DKN16B0,,,53.0,,53.0
B01DNNEAWE,,,50.0,,
B01DOIBF9Y,,,3.0,,
B01DOV075Y,471.0,,471.0,471.0,471.0
B01DP2CQRO,,,,,138.0
B01DPDKGQG,,,,,31.0
B01DPDKINM,,,,263.0,263.0
B01DPE4PZS,,,,,84.0
B01DU1T5JW,153.0,,,,
B01DW2D176,,,,189.0,
B01DYRWYMW,,,72.0,,72.0
B01DYXP7T8,,,,,1.0
B01E4YM6MW,1995.0,1995.0,1995.0,1995.0,1995.0
B01E644QDM,,,,,1.0
B01E7P1PDE,,,,,11.0
B01E7P6N04,24.0,,,,24.0
B01E7PLHIC,,,,,2.0
B01E8N9938,,,28.0,,28.0
B01E8NOCVC,,,,229.0,229.0
B01EAI263G,,,,,10.0
B01ECMR5WW,,,,,17.0
B01ECRJ3TA,,,,,37.0
B01EFGEYIS,,,,,82.0
B01EL231HQ,185.0,,,185.0,185.0
B01ELB06FC,515.0,515.0,,515.0,515.0
B01ELB72BS,,,,,58.0
B01ENZ4H9M,,,,23.0,23.0
B01ES8MIFO,,,,9.0,
B01EUXDLOO,,,,46.0,46.0
B01EUXDMTI,,,,,46.0
B01EVX9DFO,,,,,3.0
B01EW4Y5IM,,,,,12.0
B01EXKDIYW,369.0,369.0,369.0,369.0,369.0
B01EY02BC6,,,,,14.0
B01EY02BCG,,,,18.0,18.0
B01EYZS3SM,,,,62.0,62.0
B01EYZWL7G,,,,25.0,
B01F2AO8KU,,,,164.0,164.0
B01F78GP1C,1232.0,1232.0,1232.0,1232.0,1232.0
B01F7TO2NE,168.0,168.0,168.0,168.0,168.0
B01F7U960W,288.0,,288.0,,288.0
B01F86Z2I0,,,,,19.0
B01FBWGUZ0,,,44.0,44.0,44.0
B01FCAD0YK,,,,15.0,15.0
B01FDLZY1K,,,,,7.0
B01FE66GH0,,106.0,106.0,106.0,106.0
B01FEHLZ3O,,,61.0,,61.0
B01FEHQWXC,,,,,72.0
B01FEI3324,,,,70.0,70.0
B01FHQIEM2,,,,115.0,115.0
B01FHQIGC0,,,,115.0,115.0
B01FHQP2UY,,,,,96.0
B01FHT7GOQ,34.0,,,,
B01FIN16WE,26.0,,,,
B01FIQXT62,,,,41.0,41.0
B01FJTFSF8,588.0,588.0,588.0,588.0,588.0
B01FKNDH6U,,157.0,,,157.0
B01FL0JT00,14.0,,,,14.0
B01FS2UBS0,185.0,,,185.0,185.0
B01FSD6X5Y,,,,,66.0
B01FSLR7RE,24.0,,,,24.0
B01FSLSU4S,378.0,,378.0,378.0,378.0
B01FTNTGKC,,,,23.0,
B01FYK6QLW,,,,,16.0
B01FYK6QMQ,,,,,9.0
B01G3K0C0I,61.0,,,61.0,
B01G3QJKEG,359.0,359.0,359.0,359.0,359.0
B01G609OWM,,,,,8.0
B01G678RN2,,87.0,87.0,87.0,87.0
B01G67DGBU,,,282.0,282.0,282.0
B01G67QEKU,,,,,27.0
B01G7LIFO8,,,,,627.0
B01G9I6ISY,,,,,7.0
B01G9M20KK,,,,,11.0
B01G9UVGT8,,2.0,,,
B01GBD6MVU,,,,,36.0
B01GEW2OW4,29.0,,,,29.0
B01GHSOF9U,383.0,383.0,383.0,383.0,383.0
B01GILCA70,,,2.0,,
B01GIUA0EG,1.0,,,,
B01GIZFA4Q,,18.0,,18.0,18.0
B01GJDFIYO,,,,,44.0
B01GJDFKEC,705.0,,705.0,705.0,705.0
B01GJDFPLA,,,,,57.0
B01GKD6E7I,,422.0,422.0,422.0,422.0
B01GKKOQOY,4908.0,,,4908.0,4908.0
B01GKKSLEA,4908.0,,4908.0,4908.0,4908.0
B01GKL4JY0,,,4908.0,4908.0,4908.0
B01GKLHZ9Q,,,,,4908.0
B01GLA5SC2,,,,,21.0
B01GMJJSQ4,,,,,1.0
B01GMJVU7E,,,,,6.0
B01GNQCE5S,,,221.0,221.0,221.0
B01GP2YDF4,12.0,,12.0,12.0,12.0
B01GPB22PI,,,,,34.0
B01GQV6L0E,356.0,356.0,356.0,356.0,356.0
B01GQV6L18,356.0,356.0,356.0,356.0,356.0
B01GRA14PQ,,,,,39.0
B01GSF6OLY,,,,,30.0
B01GSF83UY,,,,,30.0
B01GSFQEDC,,,28.0,28.0,28.0
B01GW5PN80,,2098.0,2098.0,,2098.0
B01GWJV114,,,,834.0,834.0
B01GX49912,,680.0,680.0,680.0,680.0
B01H0UQXOY,853.0,,,853.0,853.0
B01H1DX0ZK,,,9.0,,9.0
B01H27PUGC,531.0,,531.0,,531.0
B01H2ZUW58,8.0,,,,8.0
B01H320E08,330.0,330.0,,330.0,330.0
B01H5BV7EE,619.0,619.0,619.0,619.0,619.0
B01H5CTKQ0,456.0,456.0,456.0,456.0,456.0
B01HB1JTG6,,,,,21.0
B01HBIJR8E,,,,44.0,44.0
B01HG409UI,,,,,18.0
B01HG40CUA,,46.0,,,
B01HH5YGI2,,,,,2.0
B01HIP9OVK,864.0,864.0,864.0,864.0,864.0
B01HO09IHE,,239.0,,239.0,239.0
B01HPEWJ20,771.0,771.0,771.0,771.0,771.0
B01HQHU2U2,102.0,,,102.0,102.0
B01HQIT9EG,131.0,,131.0,131.0,131.0
B01HRN7CWQ,,,,,18.0
B01HRN7VGS,16.0,,,,
B01HRYVUBE,,,,,14.0
B01HSI131G,267.0,,267.0,267.0,267.0
B01HT2B8R0,,,,,37.0
B01HT81EWI,,,156.0,,156.0
B01HT8YVU0,,,,175.0,
B01HTE322W,21.0,,,,21.0
B01HV5R34C,904.0,904.0,904.0,904.0,904.0
B01HWIEGAW,,,,1968.0,1968.0
B01HWIEGIO,9393.0,9393.0,9393.0,9393.0,9393.0
B01HZTJ62G,212.0,212.0,212.0,212.0,212.0
B01HZU72NU,87.0,,,87.0,87.0
B01I04JUH6,,3678.0,,,
B01I1BTNH0,46.0,46.0,,,46.0
B01I2KSUDS,,834.0,834.0,834.0,834.0
B01I2LOIP6,834.0,,834.0,834.0,834.0
B01IAEFF9I,,,,,106.0
B01IANSQZE,315.0,315.0,315.0,315.0,315.0
B01IB20NEG,491.0,491.0,491.0,491.0,491.0
B01IE6SOCC,38.0,38.0,,38.0,38.0
B01IE7N4VM,538.0,538.0,538.0,538.0,538.0
B01IEBN2EW,30.0,,,30.0,30.0
B01INGNJE6,2.0,,,,
B01IU7YYQ0,275.0,,,275.0,275.0
B01IUSBHVO,,217.0,,,217.0
B01IVGD4T8,,,,,120.0
B01IVPGEG4,,,,,23.0
B01IVPGEGY,,,,,23.0
B01IW16DK4,,,,,8.0
B01J12N0YK,,,,5.0,
B01J22IWWE,,,,,15.0
B01J26G9XE,,,,,20.0
B01J2IG0OA,,,,,53.0
B01J2KEDVU,,,5.0,,
B01J2M4VWY,,,,,17.0
B01J2Q5QQ0,,,,,3.0
B01J3TH5JW,1104.0,1104.0,,1104.0,1104.0
B01J3ZW8HA,,,,50.0,50.0
B01J4ASSG4,,13.0,,,13.0
B01J6CIO6Y,69.0,69.0,,69.0,69.0
B01J6ENC4Q,,,13.0,,13.0
B01J6HO7CY,,,251.0,,251.0
B01J6HZDY0,,,,92.0,92.0
B01J6LGSAO,,,,,40.0
B01J8V0IGC,,,,,17.0
B01JAG3FRO,1280.0,1280.0,1280.0,1280.0,1280.0
B01JB3TXN6,,,,,58.0
B01JB40TQ0,,,,,5.0
B01JCSGSII,,,,10.0,10.0
B01JH0FMVA,,,,,28.0
B01JH7EDEK,591.0,591.0,591.0,591.0,591.0
B01JJNLVUQ,,6.0,,,6.0
B01JOWCJIU,,39.0,,,39.0
B01JQZQ29W,,,,,1.0
B01JS3KIQ0,1324.0,,,1324.0,1324.0
B01JTNWM36,718.0,718.0,,,718.0
B01JTNWM6S,,718.0,718.0,,718.0
B01JUD4VQG,45.0,,45.0,45.0,45.0
B01JWK4RY8,,,,26.0,26.0
B01K40TIVC,307.0,,,307.0,307.0
B01K4X3DE2,518.0,,518.0,518.0,518.0
B01K5V0FCG,,,,20.0,20.0
B01K6VTU2G,,,,,120.0
B01K7EQW1Y,111.0,,111.0,111.0,111.0
B01K7FU1LK,,,,,1377.0
B01K8PIAU8,,,,10.0,
B01K8Q3QCO,,,,12.0,
B01K8Q3QCY,,,,,12.0
B01K9QPTB4,,,,,70.0
B01KDNGBMO,,,,7.0,7.0
B01KE7TNFQ,,,,22.0,
B01KFMBWWM,,,,,3.0
B01KGH2NLK,,,,,42.0
B01KGH6NLG,,,,42.0,42.0
B01KGHDTLI,,,,,70.0
B01KGJR3TA,,,,,154.0
B01KIT3AMW,530.0,,530.0,530.0,530.0
B01KLTV2OC,,,,6.0,6.0
B01KMXTLFO,,,,,3.0
B01KO3AKDY,391.0,,391.0,391.0,391.0
B01KP83EMC,,,,,79.0
B01KP83KZS,168.0,,168.0,168.0,168.0
B01KP83Q48,,,,22.0,
B01KS09HCI,,,2.0,,
B01KSWEDD4,2352.0,2352.0,2352.0,2352.0,2352.0
B01KU3UPN8,,,,,19.0
B01KU3UPPQ,,,,107.0,107.0
B01KUJDSCW,,,,230.0,230.0
B01KWHZJTC,161.0,,161.0,161.0,161.0
B01KXGD9I0,221.0,,221.0,221.0,221.0
B01KXSCT6G,293.0,293.0,293.0,,293.0
B01KXSCZFQ,293.0,,293.0,293.0,293.0
B01KYK48E4,36.0,,,,36.0
B01KYKD2NW,,,,22.0,22.0
B01KZ3M054,,13.0,,,13.0
B01L09PG94,,,,,124.0
B01L2F4N0Y,178.0,178.0,178.0,178.0,178.0
B01L2Y0KCA,,,,,83.0
B01L62IQHY,,,,220.0,220.0
B01L918C5I,6.0,,,6.0,
B01L96VRD2,,,,,220.0
B01L98F2MM,,,,,220.0
B01L98F2MW,,,,,220.0
B01LB7UOCO,67.0,,,,
B01LCKLSRK,,,,19.0,
B01LF7XL7U,,,,,365.0
B01LF7XMJW,,,,365.0,365.0
B01LF7XNDM,,,,365.0,365.0
B01LF7XOOU,,,,365.0,365.0
B01LFF16YM,,,,,12.0
B01LJTPS66,,,,175.0,175.0
B01LJTPVLI,,,,,175.0
B01LJTQDO2,,,,,175.0
B01LK3FF0U,56.0,,,56.0,56.0
B01LKYNDIU,,,,,10.0
B01LL0RKUK,29.0,,,,29.0
B01LL755C8,,62.0,,,
B01LLTJMPM,52.0,,,52.0,52.0
B01LPFE6XK,,,,105.0,105.0
B01LSTAPS8,,,,,16.0
B01LTF5XFG,87.0,87.0,,87.0,87.0
B01LWJBY99,,,,7.0,7.0
B01LWMH70K,,,,,4.0
B01LWV184F,,,10.0,,
B01LWXC4T6,,,,,318.0
B01LWXRKL3,,,,318.0,
B01LWY6JZU,174.0,,,,174.0
B01LX1ZMZT,,,493.0,,493.0
B01LXA4NBY,21.0,,,,
B01LXFU6D7,,,,,60.0
B01LXJF0IL,179.0,179.0,179.0,179.0,179.0
B01LXP27G4,,,,,27.0
B01LY7BRZ8,,,,22.0,
B01LY90N4N,3678.0,3678.0,3678.0,3678.0,3678.0
B01LYA4V3Q,,,57.0,57.0,57.0
B01LYJ5WM1,,,,,7.0
B01LYPOVNT,74.0,,,,74.0
B01LYQDJB4,33.0,,,33.0,33.0
B01LYU0UL2,,,,,17.0
B01LYXGXGI,,,,117.0,
B01LYXOTZX,,,,5.0,5.0
B01LZ7PE0S,,,,318.0,318.0
B01LZ94B4E,,,,117.0,117.0
B01LZGL7EO,,,,,14.0
B01LZHGRWR,35.0,,,,35.0
B01LZRM3PC,,,,,91.0
B01LZUP0VM,37.0,,,,37.0
B01LZVV03N,8.0,,,,
B01LZZLXMB,198.0,198.0,,198.0,198.0
B01LZZRQI2,,,4.0,,
B01M047N2Q,,2117.0,2117.0,,2117.0
B01M0FY43U,,,6.0,,6.0
B01M0I78OF,144.0,144.0,144.0,144.0,144.0
B01M0INZCC,,,,,318.0
B01M0IO3Z6,,,,,318.0
B01M0U6AK9,10.0,,,,10.0
B01M0VUZ5R,347.0,347.0,347.0,347.0,347.0
B01M0W4ASL,,,,16.0,16.0
B01M0Y5YSU,,,,,68.0
B01M16KERH,21.0,,,21.0,21.0
B01M196Z83,,,,,8.0
B01M19EROK,750.0,750.0,750.0,750.0,750.0
B01M1CEC19,,,,,22.0
B01M1ED8QP,,,,127.0,
B01M26SA24,,,,,27.0
B01M27PQT3,,,,,11.0
B01M2AAHAL,,,719.0,719.0,719.0
B01M2AAHJA,,,,4424.0,4424.0
B01M2D2ECS,,,,,19.0
B01M3Q1FLX,,34.0,,,34.0
B01M3RIMPE,,2493.0,,,2493.0
B01M3RINLO,,,,,2493.0
B01M3U9MN8,,,,19.0,19.0
B01M3VNN45,,,,,24232.0
B01M3VNOIM,,,,,13.0
B01M4KQOCH,,,,,2493.0
B01M4OVXPQ,,,,,719.0
B01M5H17N4,,,,,507.0
B01M5H18SH,,,,,50.0
B01M6299W4,,,,177.0,177.0
B01M69JRQC,21.0,,,,
B01M69QJNZ,,24232.0,24232.0,24232.0,24232.0
B01M69QL5K,420.0,,420.0,420.0,420.0
B01M6YK8AQ,19.0,,,,19.0
B01M70YDD5,,,,,4908.0
B01M71C343,,,,,1.0
B01M71LMKB,,,211.0,211.0,211.0
B01M72IZSC,,,,,2117.0
B01M7RBC6N,872.0,872.0,872.0,872.0,872.0
B01M7VD24W,717.0,717.0,717.0,717.0,717.0
B01M7VD4XC,,,,,50.0
B01M8JHCQR,,,,,24.0
B01M8JMZ1I,76.0,,76.0,76.0,76.0
B01M8KFF4E,35.0,,,35.0,35.0
B01M8NOJ8W,,,,18025.0,18025.0
B01M8O1P92,,,,36.0,
B01M8O1XJ9,,,,,35189.0
B01M8O211W,,,,507.0,507.0
B01M9CA7VT,,,,,6.0
B01M9CTB2Y,,,,,25.0
B01M9GPIM1,,,,,173.0
B01M9GPMPB,,,,,94.0
B01M9GPNGE,,,,,420.0
B01M9HJ9E2,,,,,5.0
B01M9JSMDJ,,130.0,130.0,,130.0
B01MA3KQ2N,,,,3.0,
B01MA3TH7V,420.0,420.0,,,420.0
B01MAVPR2H,,3.0,,,
B01MCWR2PY,25.0,,25.0,,25.0
B01MCY0N6R,,,,,4.0
B01MCYBXDK,,,,,29.0
B01MD02YOL,,,,,2.0
B01MDNKDMZ,2493.0,,,,
B01MDS34NI,1386.0,1386.0,1386.0,1386.0,1386.0
B01MED5K99,750.0,750.0,750.0,750.0,750.0
B01MED5SD1,750.0,,750.0,750.0,750.0
B01MEGBDIV,364.0,364.0,364.0,,364.0
B01MEGLGNT,,,,,2493.0
B01MF8UA88,892.0,892.0,892.0,,892.0
B01MFB4YHK,,1661.0,1661.0,1661.0,1661.0
B01MFF75FX,,,,,323.0
B01MFGZAIN,,,,,11.0
B01MFXLN5Y,,,3.0,,
B01MG16RJL,29.0,,,,29.0
B01MG2RWWJ,32.0,,32.0,32.0,32.0
B01MG659UE,13060.0,,13060.0,,13060.0
B01MG65FB2,1386.0,1386.0,1386.0,1386.0,1386.0
B01MG65G7T,,,,,1968.0
B01MPYAEN5,,,94.0,,94.0
B01MPYB2VZ,,,,,420.0
B01MPYB67L,,82.0,,,82.0
B01MPYB6HP,,,,,1968.0
B01MQ007JO,,,,3.0,
B01MQ23E8G,,,,719.0,719.0
B01MQ2H0V8,,,,,96.0
B01MQ5PFWZ,,,,,45.0
B01MQHY2SW,,,,,4908.0
B01MQHZBX0,,,,,4908.0
B01MQLRV7G,,,,3.0,
B01MQNVZP8,114.0,114.0,114.0,114.0,114.0
B01MQQNDBM,,,,,9.0
B01MQU3XTV,,,,,3.0
B01MQVF9OF,7.0,,,,
B01MRHGRLQ,,,,,1.0
B01MRJFQ17,,,,,4908.0
B01MRJOD3S,103.0,103.0,,103.0,103.0
B01MRKGL36,164.0,164.0,,,164.0
B01MRKYB6V,,,,,30.0
B01MRL82UR,,,48.0,,48.0
B01MRW8RD8,,,,,8.0
B01MRZ98EV,,,,,11.0
B01MRZA10E,,,,,10.0
B01MSCV3XK,,,,184.0,184.0
B01MSEO8TX,,7.0,,,7.0
B01MSKZBSB,,,,,4908.0
B01MSME5VE,,320.0,320.0,320.0,320.0
B01MSSSWOK,,,,42.0,42.0
B01MSZUZMQ,525.0,525.0,,525.0,525.0
B01MT0P1UK,,,,,1.0
B01MT53D95,17.0,,,17.0,
B01MT9MBLY,,,,,1.0
B01MT9O2CZ,,,,,55.0
B01MTB1RSW,21.0,,,21.0,
B01MTB43AO,,123.0,,123.0,123.0
B01MTBXSAO,,,31.0,,31.0
B01MTNZL8J,,163.0,163.0,163.0,163.0
B01MTZIIS7,,,,,15.0
B01MU004IX,,644.0,644.0,644.0,644.0
B01MU0G20O,,,,,15.0
B01MUCZ6YX,,,,61.0,61.0
B01MXK8927,,,4908.0,,4908.0
B01MXK8G1L,,,,,4908.0
B01MXOQ931,1628.0,1628.0,1628.0,1628.0,1628.0
B01MXYZN1Z,31.0,,31.0,,31.0
B01MY7P47W,,,,,65.0
B01MYGVI7N,58.0,,,,58.0
B01MYMTHY7,,,,,55.0
B01MYMW25S,,,,,15.0
B01MYUK2N6,644.0,,,,644.0
B01MZD9TO1,,,,,10.0
B01MZF997X,184.0,184.0,,,184.0
B01N03QTLE,,,3.0,,
B01N03R75D,,,,,4.0
B01N03SWPD,,,,45.0,45.0
B01N090D0W,212.0,212.0,212.0,212.0,212.0
B01N0ALHRQ,,,,,200.0
B01N0JJ16W,,,,,11.0
B01N0LBGNX,,,,,47.0
B01N0MMNK7,,,,,4.0
B01N0PY2AT,,,,,3.0
B01N0W0FZM,,,,,44.0
B01N1256DD,,,,,41.0
B01N189DLJ,,,,,184.0
B01N197V0D,9.0,,,,
B01N1FFJFM,,,,,11.0
B01N22C6WO,,,,,118.0
B01N24LHLZ,2874.0,2874.0,2874.0,,2874.0
B01N2QHEFL,,,,,17.0
B01N2VSHBM,,,,,11.0
B01N2VUDS0,,,,,198.0
B01N2W0ENM,,,,,23.0
B01N31KVJQ,,,,,42.0
B01N33U2T1,2350.0,,2350.0,2350.0,2350.0
B01N3QEHTI,,,55.0,55.0,55.0
B01N3QTUYK,,,,,2.0
B01N3QUL30,,,,24.0,24.0
B01N423TES,,,,6.0,
B01N47LA5D,10.0,,,,10.0
B01N4993EO,,,,,2.0
B01N4EN96F,,,,,85.0
B01N4G2LTR,591.0,,,,591.0
B01N4RUCOC,,,,,31.0
B01N4W648Y,,,,,21.0
B01N4X15TG,,,,13.0,
B01N5BY86B,,,,10.0,10.0
B01N5DKM3O,99.0,99.0,,,99.0
B01N5H85R1,,,,,3.0
B01N5NJURP,,,20.0,20.0,
B01N5OSXKA,,,,,64.0
B01N5OT49P,21.0,21.0,21.0,21.0,21.0
B01N65TBY2,,,,,15.0
B01N6FPSYR,90.0,,,,90.0
B01N6HR0IM,,,1845.0,1845.0,1845.0
B01N6IXV16,,,,,59.0
B01N6K9T3B,14.0,14.0,,14.0,14.0
B01N6NBXNI,,,,8.0,
B01N6PJKOZ,148.0,,,148.0,148.0
B01N6QCD2W,,,,,66.0
B01N7JRSD5,181.0,181.0,181.0,,181.0
B01N7KVZSI,,,,,26.0
B01N7S2X43,2606.0,,2606.0,2606.0,2606.0
B01N7SEXK4,,,,129.0,129.0
B01N7SXI5S,20.0,,,,
B01N8063MY,,,,,231.0
B01N8TKOJC,,134.0,,,134.0
B01N8W11P0,,,,,39.0
B01N96GT9F,,,,,99.0
B01N984IYK,21.0,,,,21.0
B01N986HT7,95.0,,,,95.0
B01N9ACQU8,,,,,5.0
B01N9G1GWD,,,,,35.0
B01N9GXIYG,1057.0,,1057.0,1057.0,1057.0
B01N9IPU6O,,,,,15.0
B01N9NT6GW,635.0,,,635.0,635.0
B01N9QYF1G,11.0,,,,11.0
B01NAIUM0S,734.0,734.0,,,734.0
B01NAQMFOX,,,,,9.0
B01NAR077D,,,,,4.0
B01NASO2S2,,,,,65.0
B01NAT3NL3,,,31.0,,31.0
B01NAT4IIV,31.0,,,,31.0
B01NAVV063,,,,,18.0
B01NAWVLNB,,,,,380.0
B01NAZINDM,,,,,1.0
B01NBB6PIM,,,95.0,,95.0
B01NBB9VYL,7.0,,,,
B01NBCBTH2,,,,,92.0
B01NBDX84V,,,,4.0,
B01NBMHS5B,232.0,,,232.0,232.0
B01NBNDM4N,,,,,25.0
B01NBNH4YF,,,,,7.0
B01NBRQX97,134.0,,,134.0,134.0
B01NC3H9MR,,,,,21.0
B01NCB04SN,413.0,,,,413.0
B01NCB22H1,11.0,,,,
B01NCKPTLT,892.0,892.0,892.0,892.0,892.0
B01NCLYMO2,195.0,195.0,,,195.0
B01NCXHNFL,,,31.0,,
B01ND00WMR,,,,,31.0
B01NGTCFB0,,,,,8.0
B06VS9YWSC,,,,,67.0
B06VSBFP2Q,,,,,231.0
B06VSR22FY,,,,,67.0
B06VTJH5XR,,,984.0,,
B06VV3WYC9,2586.0,2586.0,2586.0,2586.0,2586.0
B06VVBSKFL,,,,,14.0
B06VVXK5CK,,4665.0,,4665.0,4665.0
B06VXXV2JZ,,,,5.0,5.0
B06W2L32V7,,,,4665.0,4665.0
B06W52XGC1,,,,,5.0
B06W9JWHWS,,,5.0,,
B06WD4JF1H,4665.0,4665.0,4665.0,4665.0,4665.0
B06WLGPX8R,,,,,231.0
B06WLNKVN1,,474.0,474.0,474.0,474.0
B06WP6QP3C,142.0,,,,142.0
B06WV7744X,,,,,67.0
B06WV78DJB,,,,231.0,
B06WV78DJN,,,,231.0,
B06WVN2KJH,,,2874.0,2874.0,2874.0
B06WWMLT2Y,,,,,8.0
B06X15KX2W,231.0,,,,
B06X19RKXR,4665.0,4665.0,4665.0,4665.0,4665.0
B06X3QSK36,,,,6.0,
B06X3QTBTP,,,,,67.0
B06X3YH7FR,289.0,289.0,289.0,289.0,289.0
B06X411177,,,,,16.0
B06X9J84MG,,,2.0,,
B06X9Q58W3,,,,,6.0
B06X9XLXNX,23.0,,,23.0,23.0
B06XB3QQS6,,31.0,,31.0,31.0
B06XBJF64S,35.0,35.0,35.0,,35.0
B06XC8D6NP,189.0,189.0,189.0,189.0,189.0
B06XCC83MC,1248.0,1248.0,1248.0,1248.0,1248.0
B06XCG3JBB,,,,,41.0
B06XCPYN9H,48.0,48.0,,,48.0
B06XCSRNGT,298.0,298.0,298.0,298.0,298.0
B06XCVC1VX,1.0,,,,
B06XDFGLBM,,,26.0,,
B06XDGG7L5,104.0,,,104.0,104.0
B06XDJ7PL8,,,,,33.0
B06XDN29HT,1981.0,,1981.0,1981.0,1981.0
B06XDT5KQ9,,,3.0,,
B06XDW3MJ9,33.0,,,,
B06XDYQTYF,71.0,,,71.0,71.0
B06XDZ99W1,35.0,,35.0,,
B06XF1SJCK,,,,,47.0
B06XF253J3,,216.0,,,216.0
B06XF6MX3X,,,,62.0,62.0
B06XFPY7DW,,,,,13.0
B06XFW3LBP,425.0,425.0,,425.0,425.0
B06XFWBC8F,,,,,45.0
B06XFYGRX7,27892.0,27892.0,27892.0,27892.0,27892.0
B06XH39T9S,,,104.0,104.0,104.0
B06XJ39MYT,422.0,,,422.0,422.0
B06XJ3CX48,,,,,14.0
B06XK7Z8V1,2227.0,,2227.0,2227.0,2227.0
B06XKCX62Y,,,,,2.0
B06XKR24TZ,209.0,,209.0,209.0,209.0
B06XMXT31R,285.0,285.0,285.0,,285.0
B06XNJHWW8,691.0,691.0,691.0,691.0,691.0
B06XNP8FN5,61.0,,61.0,61.0,61.0
B06XNVCSDN,,,,,6.0
B06XNVD54Q,,,,,21.0
B06XNXBQX4,,,21.0,,
B06XPBL69V,,12.0,,,12.0
B06XPBLQNR,68.0,,68.0,68.0,68.0
B06XPL9Q8Y,,,4.0,,
B06XPMR3BW,,,,,8.0
B06XPMYHK2,25.0,,,,
B06XPPGYWR,,,,,5.0
B06XQG9XPK,9.0,,,,
B06XQGSZTT,,,,70.0,70.0
B06XR8VSH2,338.0,,,,338.0
B06XRH6TSJ,452.0,452.0,452.0,452.0,452.0
B06XRKHD6B,,,,,44.0
B06XS3SZGK,44.0,44.0,,,
B06XSTZNDF,,,3046.0,3046.0,3046.0
B06XSWK8FF,,,,3046.0,3046.0
B06XT12Y82,,,,5.0,
B06XT2QXZW,610.0,610.0,610.0,610.0,610.0
B06XT2X6K8,,,,,29.0
B06XTWKF2D,,1230.0,1230.0,1230.0,1230.0
B06XV5HTC3,,,,19.0,19.0
B06XWSF8N8,,,,15.0,
B06XX96YW9,848.0,848.0,848.0,848.0,848.0
B06XXV5QQ6,,,156.0,156.0,156.0
B06XXZ6R1Z,3.0,,,,
B06XY3TNT6,,,,5.0,
B06XYP4BLB,34.0,,,34.0,34.0
B06XYW865T,,,41.0,41.0,41.0
B06XZ5LSXB,,,,220.0,
B06XZX81R7,,,,,220.0
B06XZZJV6J,23.0,,,,
B06Y281PS8,291.0,,291.0,291.0,291.0
B06Y2KSS93,,,,,947.0
B06Y2PY6S5,,,,947.0,
B06Y2RRWP8,,,947.0,,947.0
B06Y2T56C4,,,,,841.0
B06Y527R3P,,,,,18.0
B06Y5DJ87F,,,,,12.0
B06Y5F6BGS,,,,,318.0
B06Y5HKM6W,960.0,,960.0,960.0,960.0
B06Y5HPPKR,,,,,112.0
B06Y62JJSL,,,20.0,,20.0
B06Y6C5V8T,,,22.0,22.0,22.0
B06ZXXPB53,,,,,1.0
B06ZXZZBLH,,,,15.0,
B06ZYLMD4L,115.0,,,115.0,115.0
B06ZZ75KWD,31.0,,,,31.0
B071152Q61,,,,,3678.0
B07119VJX9,495.0,495.0,,495.0,495.0
B0711LHVGT,,,9.0,,
B0711LKDT8,,20.0,20.0,20.0,20.0
B07123Y97W,124.0,,,,124.0
B07143MBLV,1482.0,1482.0,1482.0,1482.0,1482.0
B0714BH33L,75.0,,,,75.0
B0716RB71B,,,,,159.0
B0716RRHV4,,,,,12.0
B0716T5H9V,75.0,75.0,75.0,75.0,75.0
B0716ZS2HS,597.0,597.0,597.0,597.0,597.0
B0718Z24SJ,,,,,95.0
B071936D8N,,,,,39.0
B0719C2QV7,,,,,32.0
B0719CQHFV,33.0,,,,33.0
B071CL8BF9,,,,,121.0
B071CRYBC4,556.0,556.0,556.0,556.0,556.0
B071CZS7L9,,,,,44.0
B071DCCH5Z,2598.0,2598.0,2598.0,2598.0,2598.0
B071DSCC7F,,,179.0,179.0,179.0
B071DT41CP,1339.0,1339.0,1339.0,1339.0,1339.0
B071DWZ78Q,,,,6.0,
B071F5S7Z2,,,,,16.0
B071F9Q1BB,,,,67.0,67.0
B071FG2S1J,21.0,,,,
B071FHWZGS,14.0,14.0,,,
B071FTLTHS,,,,,3.0
B071FW56SS,70.0,,70.0,,70.0
B071GBCFJM,,,,,750.0
B071GNM2DP,1384.0,,1384.0,1384.0,1384.0
B071GYLMQ4,86.0,86.0,,,
B071HFFXRR,,,24.0,,24.0
B071HTGZPD,2045.0,2045.0,2045.0,,2045.0
B071JD5RWY,,,,,1795.0
B071JP85R1,,,,72.0,72.0
B071JRJV8S,,,,96.0,
B071JVGLL8,,,,,20.0
B071JXHHKD,,,,750.0,750.0
B071K33WB1,,,,11.0,11.0
B071KBLMH8,,,,8.0,
B071KP28JV,55.0,,,,55.0
B071L115R9,45.0,,,,45.0
B071L175WP,,31.0,,,31.0
B071L8ZLRZ,,,,8.0,8.0
B071LJCCZD,126.0,,,126.0,126.0
B071NG45D6,,,,166.0,166.0
B071NGCKYW,54.0,,54.0,54.0,54.0
B071NZGXJQ,,,,,73.0
B071P7FT9Y,,,,,128.0
B071RBVPWW,,,,,18.0
B071RF4FPJ,,,,,10.0
B071RP3XY2,733.0,733.0,733.0,733.0,733.0
B071RTRTZ6,,,2.0,,
B071S1DZM6,,,,159.0,
B071S1QNRR,,,,,32.0
B071VJ1YFM,,,90.0,,
B071VLGLWZ,,371.0,,371.0,371.0
B071VR6PMP,1114.0,,1114.0,,1114.0
B071W6PXW4,23.0,,,23.0,23.0
B071W9QWGN,,4.0,,,
B071WPLDMY,,,,,96.0
B071X6HNWH,,,,71.0,71.0
B071XK8D5Y,,,,,2.0
B071Y3788F,,794.0,794.0,794.0,794.0
B071YJ7SVP,222.0,222.0,,222.0,222.0
B071YPMKBX,226.0,,226.0,226.0,226.0
B071YT3NRW,,,,,60.0
B071YW1C5H,,,162.0,,162.0
B071Z4837P,,,,44.0,44.0
B071ZPHG5V,,,,,32.0
B071ZRDC34,,,,,1795.0
B071ZRF3M7,1795.0,,,,1795.0
B071ZRF699,,,,,1795.0
B07213T7Y9,14.0,,,,
B07214PQ43,,,,,295.0
B07217G2RF,,,,,89.0
B07219D5SS,,,,,750.0
B0721F7N8G,,,,211.0,211.0
B0721K3LCP,,,,,74.0
B0721KJTFB,138.0,138.0,,,138.0
B07227PPTS,,,,,29.0
B0722SMG8V,2001.0,2001.0,2001.0,2001.0,2001.0
B0722VYRCN,,,,,12.0
B0722XS61N,,,,,32.0
B07234S5G1,222.0,,,,222.0
B072361GHH,,,,,8.0
B0723FF5SG,,,,,28.0
B0725QJL4N,,,222.0,222.0,222.0
B0727L38N7,222.0,,222.0,222.0,222.0
B0727X36WJ,3622.0,3622.0,3622.0,3622.0,3622.0
B0727YRQFN,,,,,24.0
B072C1X18B,234.0,,234.0,,234.0
B072C2S3ZR,,,,76.0,76.0
B072C55QMK,,,,1032.0,1032.0
B072DYSFFT,179.0,,179.0,179.0,179.0
B072F5FRJM,,,,,16.0
B072F7NCH5,,,,,107.0
B072FNHRSN,397.0,397.0,,,397.0
B072FNZ3RX,,128.0,128.0,128.0,128.0
B072J7N753,,,,27.0,27.0
B072JT6KYS,9727.0,9727.0,9727.0,9727.0,9727.0
B072K2CK5N,35.0,,,35.0,
B072K2D3DG,,,,24.0,
B072K9D288,222.0,,,,
B072KGGDT9,,,33.0,33.0,33.0
B072KKZ4T5,5.0,,,,
B072KTLM4W,,,,,1795.0
B072LQX759,,,,,5.0
B072LSPX6S,,9.0,,,9.0
B072LY9T5Z,,,9.0,,
B072M6H43X,,,,,1795.0
B072N4PGG8,,,,,28.0
B072NF4XVL,,,,,1795.0
B072PQZ4LY,,,,,30.0
B072PZYY8J,1662.0,,,,1662.0
B072Q5B69G,56.0,,,,56.0
B072Q7LWLT,,,,22.0,22.0
B072QBF89D,383.0,383.0,,383.0,383.0
B072SMMHX5,28.0,,,,28.0
B072SYNHX1,,5.0,,,
B072TXJ55H,358.0,,358.0,,358.0
B072V629KG,387.0,,387.0,,387.0
B072VSYFNY,4397.0,4397.0,4397.0,4397.0,4397.0
B072WYRX3S,,,79.0,79.0,79.0
B072X9TY5J,87.0,,,87.0,87.0
B072Y1CLBL,,,530.0,530.0,530.0
B072YL7P6M,35.0,,,,
B0732YZ6T3,7.0,,,,7.0
B07353BFCL,,,,,6.0
B0736JQBCW,,,186.0,186.0,186.0
B0736RVYQ5,,,,,120.0
B0739R3LCR,,53.0,53.0,,53.0
B073CPVLXT,,,,,46.0
B073CS279R,,221.0,221.0,,221.0
B073DVLGJB,,,,,4.0
B073FPHFW2,,,285.0,285.0,285.0
B073FPNPNW,,,,103.0,103.0
B073FQ3CHW,218.0,218.0,,218.0,218.0
B073G73YH1,,,,,530.0
B073G7Q8YC,,530.0,,,530.0
B073GGYC49,1714.0,1714.0,1714.0,1714.0,1714.0
B073HTW3PS,,,,,460.0
B073J7C57D,,,,,7.0
B073LNJJRG,,,21.0,,21.0
B073LSY8B3,,,137.0,,137.0
B073NV4PN6,211.0,,,,
B073NVX688,,,,,211.0
B073P7684W,,,556.0,,556.0
B073P79WB3,556.0,,,,556.0
B073P8DVH6,,,,556.0,556.0
B073QL4YDR,,,313.0,313.0,
B073QLHR8W,,,313.0,313.0,313.0
B073QVR73K,,,,41.0,41.0
B073R3B6MR,,,64.0,,
B073RJ9339,206.0,,206.0,206.0,206.0
B073RJG4WM,,,206.0,206.0,206.0
B073RZDDZ5,,47.0,,,47.0
B073SDZVG3,857.0,857.0,857.0,857.0,857.0
B073SN6R76,,,,,4.0
B073VDVJTR,,45.0,,,45.0
B073VF498N,,,,,76.0
B073VF5VLG,50.0,,,,50.0
B073VF76HQ,,113.0,113.0,,113.0
B073VFHXXM,,23.0,,,23.0
B073VG3PG4,,,157.0,157.0,157.0
B073VQP9L9,,,,,23.0
B073VYS3XF,,,,,102.0
B073VZ3S5T,,,,,9.0
B073VZ7X5Y,,,,,10.0
B073VZGK9W,,69.0,,69.0,69.0
B073VZR87K,,,,73.0,73.0
B073W1J14G,163.0,,,,163.0
B073W4CGPP,1414.0,,1414.0,1414.0,1414.0
B073W7VGLN,,,,,26.0
B073WG3SZ1,,,,5.0,
B073WK8RZR,,,,,11.0
B073WKM9YB,,13.0,,,
B073WKVNDG,,,,,8.0
B073WLJWDL,,,,,14.0
B073WLRLK7,5733.0,5733.0,5733.0,5733.0,5733.0
B073WLSH4T,,,,,13.0
B073WQHZDJ,48.0,48.0,,48.0,48.0
B073X11KP4,,,,,2.0
B073X9BQLV,,,,,34.0
B073XL7T9W,25.0,,,,25.0
B073XLMTVM,,,,,25.0
B073XLS3ZV,466.0,,466.0,466.0,466.0
B073XM9GB8,838.0,838.0,838.0,838.0,838.0
B073XVHCL7,,,,,1.0
B073XVQLR3,,,,50.0,50.0
B073XX8KNX,,,,,97.0
B073ZBD3RL,,,,,1.0
B073ZNRX4P,,,,,3.0
B073ZP81CZ,,,,,1.0
B073ZXYV82,334.0,,334.0,334.0,334.0
B07415RC75,,,,,143.0
B0741652R2,,,,231.0,
B0741D4DRW,,,,13.0,
B074243YB5,,,,,17.0
B07438KS2D,63.0,,,63.0,
B0744FGPCV,,,6.0,,
B0744ZWHTK,2405.0,2405.0,2405.0,2405.0,2405.0
B0745YXPFK,5.0,,,,
B0746B7L5L,38.0,,,,
B0746BT5M3,,,,,81.0
B0746FQ83S,,,91.0,,91.0
B0746H6TPD,151.0,151.0,151.0,,151.0
B0746HN3MW,179.0,,,179.0,179.0
B0746HV3TY,69.0,,69.0,69.0,69.0
B0747WFMY5,,,,,422.0
B0748GFJRD,134.0,134.0,134.0,134.0,134.0
B0748KS3NF,,,,,3.0
B0749H2QFM,,,,,37.0
B0749X1WWV,,,10.0,,
B0749YRN4M,,,,,43.0
B0749YSNST,,,,,63.0
B0749ZL5TK,,,,,4.0
B074B5BRTQ,,,,,18.0
B074CP5QKT,,,3.0,,3.0
B074CTPZP9,,,,,8.0
B074DTVMTX,,,,,115.0
B074DZRLMZ,,,17.0,,17.0
B074FPYDYF,948.0,948.0,948.0,948.0,948.0
B074FTV1CL,,,,40.0,
B074GNDRC6,,,,48.0,48.0
B074HH6T33,,24.0,24.0,,24.0
B074HPNBMF,,,43.0,43.0,
B074J4HFG1,,,13.0,,
B074J5GP95,,,,210.0,210.0
B074J5SVSD,,,,,8.0
B074JCWW9P,,,,,108.0
B074K7S7SB,329.0,329.0,329.0,329.0,329.0
B074KHW9HY,,,,,84.0
B074KJ2PVB,,,,,1.0
B074LWKFPZ,,,,,642.0
B074M5GW3X,171.0,,,171.0,171.0
B074MBQNKK,,,,,85.0
B074MHSFC6,,,,,259.0
B074MMGVJ3,460.0,460.0,460.0,460.0,460.0
B074MPXCLL,,,,77.0,
B074MQSSWQ,,6.0,,,6.0
B074MR9HGP,23.0,,,,23.0
B074NCY21R,,,,,23.0
B074NVPLY5,,,,,33.0
B074NYWSH4,,25.0,25.0,25.0,
B074QCG7YG,923.0,923.0,,923.0,923.0
B074QHHYJ5,923.0,,,923.0,923.0
B074QJMTD2,,,,,120.0
B074QLGG7Q,,,,,176.0
B074QLJKXN,,,,153.0,153.0
B074R9BKP9,,,,,142.0
B074R9SXN2,,,,,246.0
B074RGVP7K,,,,,125.0
B074SYF2L1,,,,17.0,17.0
B074T1JKKN,,,29.0,,29.0
B074T8VDHF,,,,,89.0
B074T915X4,,,,79.0,
B074TM1KF1,109.0,,109.0,,109.0
B074TTYSHY,,,,,6.0
B074TWX245,2493.0,2493.0,2493.0,2493.0,2493.0
B074V4YYNY,2103.0,2103.0,2103.0,2103.0,2103.0
B074V5XQSB,,,,,298.0
B074V6CDDR,,,298.0,,298.0
B074V6MJD2,,,,,298.0
B074VBRTC1,,,,,3.0
B074VGDXQT,,,,4.0,
B074VHNP9G,,,,,2.0
B074VPCGN7,21.0,,,,
B074X446PS,,,35.0,,35.0
B074YZ4LPP,77.0,,77.0,77.0,77.0
B074ZRFM93,,,,,80.0
B074ZTN2PK,,,,,64.0
B074ZVKZNC,242.0,,,242.0,242.0
B07511VXMK,,,,,81.0
B075153ZB2,,,,,48.0
B07516NP7Q,,198.0,,198.0,198.0
B07518337G,,,,,189.0
B0751GVG5Z,,,,,8.0
B07529X7KN,,,,,22.0
B0752B9QXG,,,,18.0,
B0752F4NZ6,,,8.0,,
B0752F6D69,,,,8.0,
B075385T8W,,,,9.0,
B0753BJG9Y,40.0,,,40.0,40.0
B0753CD58B,,,194.0,194.0,194.0
B0754C6RCZ,20947.0,20947.0,20947.0,20947.0,20947.0
B0754JFPK9,,,,,17.0
B0755R2FM8,,,,,31.0
B0756VQJRD,171.0,171.0,,,
B0756YZTFT,72.0,72.0,,,72.0
B07578R8W9,,,,15.0,
B0757BTTRR,,,,,20.0
B0757VDBLQ,,,,1526.0,1526.0
B0757WTGTP,,707.0,,707.0,707.0
B0757YXPRS,,,85.0,85.0,85.0
B07582RR23,909.0,909.0,,,909.0
B07588D216,,10.0,,,
B075891CDX,337.0,337.0,337.0,337.0,337.0
B0758B3HVW,,,,255.0,255.0
B0758L4XHF,,,70.0,,
B0758P4LYB,,,,10.0,
B075CTMR8L,,,3.0,,
B075CZ8PTK,,,,,3.0
B075CZGGCW,,73.0,73.0,,73.0
B075FFVKY6,,,,,103.0
B075FX8WNH,,,,,2.0
B075G1S7BV,,,,,2.0
B075H98PJZ,,,,,198.0
B075HBWT9P,,,,,198.0
B075HJ1WNR,,,4653.0,4653.0,4653.0
B075HPBL8T,466.0,,,,466.0
B075J831TP,24.0,,,,
B075K7YFXK,534.0,,,,534.0
B075M3XN4P,12.0,,,,
B075M8J3VT,,,,,5.0
B075MR92JR,4.0,4.0,,,4.0
B075MRFV2Q,,102.0,,,102.0
B075NWBFP3,22.0,22.0,,,22.0
B075NX67Z2,19.0,,,,
B075PYXBC2,,,,,12.0
B075Q1GD3M,,,,,13.0
B075QCG5V3,,,,,428.0
B075RRVCVN,51.0,,,,51.0
B075RXQJ79,,,,,563.0
B075SG2Q2V,78.0,,,,
B075SGDTTF,,38.0,,,
B075SGV6TG,,,,78.0,
B075SH138D,78.0,,,,
B075STMRW7,,,,,4.0
B075SV768L,3.0,,,,
B075SWXXRP,,,,,19.0
B075SYDJ77,,,,,20.0
B075T88TFC,,2076.0,2076.0,2076.0,2076.0
B075TPS7T7,,,,,451.0
B075TVVCT9,9822.0,9822.0,9822.0,9822.0,9822.0
B075V2FT4H,,,,,72.0
B075VBWY4T,,,28.0,,28.0
B075VGVW6Z,,,487.0,487.0,487.0
B075VGWFGH,323.0,,323.0,,323.0
B075VJG674,,,146.0,146.0,146.0
B075W2NCCG,,,,,24.0
B075W9HN1M,,,,,4.0
B075WFH34S,208.0,,,208.0,
B075WY7ZDD,,1247.0,,1247.0,1247.0
B075X16HX5,1966.0,,1966.0,1966.0,1966.0
B075X28TND,2413.0,2413.0,2413.0,2413.0,2413.0
B075X3L87H,321.0,321.0,,321.0,321.0
B075YDBCPX,,,,27.0,
B075YQZG8L,,,,,327.0
B075YTP2G5,8738.0,8738.0,8738.0,8738.0,8738.0
B075Z8XBXB,881.0,881.0,881.0,881.0,881.0
B075Z91XCV,,,,15.0,
B075ZQ1XY5,,,330.0,330.0,330.0
B075ZTGKBT,,,,,173.0
B075ZVNKDK,,,26.0,,
B075ZY4T12,,,,,3.0
B07612D18Z,,,116.0,,116.0
B0761Y1NZM,,90.0,,90.0,90.0
B0762D5S48,,,,,5.0
B0762MN3RT,,,613.0,613.0,613.0
B0762RBC11,,,,2405.0,2405.0
B07655NP4L,1.0,,,,
B0765CQ9Q4,432.0,,,,432.0
B0765CX2VV,,,,,15.0
B0765T4CY1,26.0,,,,
B07684TD82,8276.0,8276.0,8276.0,8276.0,8276.0
B0768TDTQ7,,2405.0,2405.0,2405.0,2405.0
B0768VJBSW,884.0,,,884.0,884.0
B0768VZRVV,1616.0,,1616.0,1616.0,1616.0
B076958GJF,,,,,2.0
B076B1CVSS,,,,,16.0
B076B4V2R3,27.0,,,,27.0
B076CSBB43,,,,,7.0
B076CSBPM1,133.0,133.0,,,
B076CW7R49,,,,,35.0
B076D2W939,1253.0,,1253.0,1253.0,1253.0
B076D6QXJX,,,248.0,248.0,248.0
B076DGDPY5,,,,,432.0
B076DKX4PT,102.0,,,,102.0
B076DLQRQK,184.0,184.0,184.0,184.0,184.0
B076DM73VW,,,,,2.0
B076FWF7RX,,,46.0,46.0,
B076FWQ75S,,,,18.0,
B076GHNVPV,,103.0,,,103.0
B076H1SG9Q,,,,,2079.0
B076H2MVXF,,2069.0,,,2069.0
B076J78SXS,,176.0,,,176.0
B076J9KXY2,,,10.0,,
B076JB85T2,283.0,,283.0,283.0,283.0
B076JBN1Q4,,,,,8.0
B076JL3QKJ,,,5.0,,5.0
B076JPLT79,,5.0,5.0,,
B076LNHCXP,,17.0,17.0,,17.0
B076LPNVNM,4.0,,,,
B076MQ6VZX,,,,,3.0
B076MT2N19,,,,,6.0
B076MT2P18,,,6.0,,
B076MV4YJC,,,,,4.0
B076PPXM5H,,,,,17.0
B076R359W8,,,,,34.0
B076R3STYV,,,,5.0,
B076S8BQ7G,,,,,947.0
B076VMT1QR,,,,,106.0
B076VRJMWV,,,,106.0,
B076VTSZG1,,,,106.0,
B076XXPKV5,122.0,,,122.0,
B076Y2LFF9,,,,16.0,
B076Z6JBJC,,658.0,658.0,658.0,658.0
B076Z6TJNT,919.0,919.0,,,919.0
B076Z6TLGJ,,,,,919.0
B076Z6V4C9,,,,919.0,919.0
B076Z7H47Q,,1353.0,1353.0,1353.0,1353.0
B076Z7JDRK,1353.0,,1353.0,,1353.0
B076Z7L2FD,1353.0,,,,1353.0
B076Z7NS3X,1353.0,,,,
B076Z7ZGXL,,1353.0,,,1353.0
B076Z8CZX3,,2372.0,2372.0,2372.0,2372.0
B076ZWD4S3,,,,,24.0
B077153SLY,,14.0,,,
B0771TZ41T,,,,,1037.0
B0772D48GZ,,,107.0,,107.0
B07734NNGP,,,,,80.0
B07739JXXV,,,,,58.0
B0773K6RVJ,70.0,,,,70.0
B0774DJ8CW,,,,,15.0
B0774YLTK9,,,,,24.0
B0775T7L4J,,,,,21.0
B0775W2C5R,,,,,22.0
B0775WZ58D,,,,54.0,54.0
B0775YWYMB,,,,,17.0
B0776GYV8X,,,,,185.0
B0776KYNCN,35.0,35.0,,35.0,35.0
B0776MZJBG,91.0,91.0,91.0,,91.0
B0776SZZ25,,,,,6.0
B0776VNQB9,93.0,93.0,,93.0,93.0
B0777KWMSP,,,,,13.0
B0777SHCMG,1568.0,1568.0,1568.0,1568.0,1568.0
B0778BML1N,371.0,,371.0,371.0,371.0
B0778Q5VS3,,,,,9.0
B0778VZFNR,,31.0,,,
B0778YWP5G,,,,,5.0
B07794Z8SG,,,18.0,,18.0
B07795SKN7,19.0,,,,
B0779N947C,,1250.0,1250.0,,1250.0
B0779RSJQF,1250.0,1250.0,1250.0,1250.0,1250.0
B0779SKWDG,1250.0,,1250.0,,1250.0
B077B6S9YC,64.0,,64.0,64.0,64.0
B077BR924T,146.0,,,,146.0
B077C4Z2VT,,2133.0,,2133.0,2133.0
B077DNFWP2,,,3.0,,
B077DQHNFV,,,,,19.0
B077DW12T2,,,56.0,,56.0
B077FH5B5F,,,,,10.0
B077FK8PX1,,1113.0,1113.0,1113.0,1113.0
B077FKJYXV,,,,,2.0
B077FV39X7,2195.0,2195.0,2195.0,2195.0,2195.0
B077GBR3Q1,,,,,96.0
B077GLL7NQ,,,,,32.0
B077H421P7,,2339.0,2339.0,2339.0,2339.0
B077H5MR9K,,,,,13.0
B077H6Z713,,,,,13.0
B077H6Z716,,,,7.0,7.0
B077J3WZWN,8.0,,,,
B077JL3NWN,,,,,9.0
B077JL543Q,,,,,4.0
B077JL73BM,,,,,6.0
B077JPWCXF,,,,,140.0
B077JRCXHM,,10.0,,,
B077K4NMGV,90.0,,,90.0,90.0
B077KZL89R,7.0,,,,7.0
B077LJFQZX,,,,,125.0
B077N4ZKZ2,,,,107.0,107.0
B077NB1NXB,,,,32.0,32.0
B077P4HTBT,,,,,23.0
B077PN54L7,,,,,21.0
B077QGDDD8,16.0,,,16.0,16.0
B077QLQ65L,1284.0,,1284.0,1284.0,1284.0
B077SXSMJY,,,,,762.0
B077TSQK84,,,,,3.0
B077VT23H1,,,31.0,31.0,
B077W7BHZB,,,,,252.0
B077W8N84Y,62.0,,62.0,62.0,62.0
B077XDCW7X,,,,,3.0
B077XQZB4G,,,,,19.0
B077XR2H1B,,,,,14.0
B077Y7W7NH,,,,,66.0
B077ZPCCLH,,,,,64.0
B077ZWCVGB,,,,,64.0
B077ZX1G8V,,,,,16.0
B07811FCL2,,17.0,,,
B07824QHYJ,2982.0,2982.0,2982.0,2982.0,2982.0
B07824Y83K,45.0,,,,45.0
B07825C635,,377.0,377.0,377.0,377.0
B0782TJRDM,,,,,17.0
B0785741Q9,,,,252.0,
B0785DLL9M,,,,,152.0
B0786K93XS,,,,,36.0
B0786MTYDD,1237.0,1237.0,1237.0,1237.0,1237.0
B0786T911X,568.0,,,568.0,568.0
B0787RK32D,,,,,208.0
B0787TZF4P,,91.0,,,91.0
B07887SSQC,,,,,27.0
B0788J5J81,87.0,87.0,,87.0,87.0
B0788LZDQH,7.0,,,,
B078C68XM3,61.0,,,,61.0
B078C6Q1ZV,,,,,17.0
B078C72B49,,,,,36.0
B078G7Z61V,,,116.0,,116.0
B078GH2GKS,,,,,15.0
B078GH6GGB,,,,,16.0
B078GJNXWV,,,,,36.0
B078GKYCN6,,,,,36.0
B078GP3W95,,,,,64.0
B078H1YG5B,,,,,34.0
B078HNY38H,,,,,65.0
B078HR9ZT2,,,33.0,,33.0
B078J4GYFF,,,,,69.0
B078J4KTLR,,,,17.0,17.0
B078J5G1JT,,,,,40.0
B078JCCGB8,16017.0,16017.0,16017.0,16017.0,16017.0
B078JCMQH6,,,,,157.0
B078JJY7KW,,27.0,,,
B078JNB8ZS,,,,,17.0
B078JX82BJ,,,,,21.0
B078K4V9QH,,,1528.0,,1528.0
B078KCNJ1M,1528.0,1528.0,1528.0,,1528.0
B078KD2TJF,,,1528.0,,1528.0
B078KDYFFX,,,,,1.0
B078KHHST6,,,,,8.0
B078KJ6WGB,29.0,,,29.0,29.0
B078KJLQH1,,,,,19.0
B078MPP4GJ,,,,1.0,
B078NHXQ86,,87.0,,87.0,87.0
B078PDHKYH,3420.0,,,,
B078QKW5V2,204.0,,,,204.0
B078RBFQTD,,,,,16.0
B078RBTNP4,,,,,11.0
B078RGDMHS,,,1808.0,1808.0,1808.0
B078RH516K,2029.0,,2029.0,2029.0,2029.0
B078RL1KTG,,,,,24.0
B078RZV7Z4,,,,,45.0
B078RZVH9W,,,,,45.0
B078S2DG7T,11810.0,,11810.0,11810.0,11810.0
B078S2JGQ7,2752.0,2752.0,2752.0,2752.0,2752.0
B078S484BK,,,,,9.0
B078SKWXFD,31.0,,,31.0,31.0
B078SMCKW6,,23.0,23.0,23.0,23.0
B078T2VMDM,,,,,8.0
B078T333B3,,,,,4.0
B078T3HF34,,,,,9.0
B078T4646X,,,,,5.0
B078T4P26G,,,,,251.0
B078WKMXTP,,,,,4.0
B078WKN4SS,41.0,41.0,41.0,,41.0
B078X6JHJC,,,,,66.0
B078XKMNTR,,,177.0,,177.0
B078XY53GG,1430.0,1430.0,1430.0,1430.0,1430.0
B078Y55N27,412.0,,412.0,412.0,412.0
B078Z25H7J,959.0,,,959.0,959.0
B078Z5ZVPF,,,,6.0,
B078Z6CLVW,5.0,,,,
B078ZDMQRH,,8.0,,,
B07917JQVS,6.0,,,,6.0
B0791CY3X1,,,,1528.0,
B0791HSJ2V,,,,5.0,
B0791NPS45,,,,,20.0
B07928YLPX,341.0,,,,341.0
B0792SXT77,,,,,2.0
B07939F36V,,,,,6.0
B07939QD1L,,,,,18.0
B0793L272F,,,13.0,,
B0793LT2N4,,,,,56.0
B0794469V6,,,,,14.0
B0794BXSR2,301.0,301.0,301.0,,301.0
B0794SRH7W,,,,76.0,76.0
B0794XBRRR,,,,,9.0
B0795Q1VNK,,,,,18.0
B0795S36J5,,,,,57.0
B0795XBS1Z,896.0,896.0,,896.0,896.0
B0795ZVBR2,,,,,896.0
B07968YTXF,316.0,,,316.0,316.0
B0796RFT5B,,,,,2.0
B0796TS7VH,,,,,3.0
B0797CFHQC,,22.0,,,
B0797N7J4M,,,,,36.0
B0797SZ5TW,,,,,724.0
B0797XL6HF,,,,1004.0,1004.0
B079832KTT,,,,,23.0
B0798JV5BH,,,,7.0,7.0
B0798K16TF,,,,,2.0
B0799594WR,,,,,3.0
B07998JTF3,,,,,5.0
B0799M79BT,,,,,43.0
B0799QV6NX,55.0,,,,55.0
B0799ZXY8H,,,,,571.0
B079B77FYT,,,53.0,,53.0
B079BJG1Q8,,,,18.0,
B079BKGLC1,,641.0,641.0,641.0,641.0
B079BM12XT,,23.0,,,23.0
B079BWDPMS,,,104.0,,104.0
B079BY2KQM,,,,,31.0
B079C7D75P,,,,,92.0
B079C8895C,,,,841.0,841.0
B079C9WZQ6,195.0,195.0,195.0,195.0,195.0
B079CG8RX2,,,,,296.0
B079CXSMBL,,,,3.0,
B079DLGK5C,,,,,6.0
B079DMPNYT,128.0,,128.0,128.0,128.0
B079DQVX2M,410.0,410.0,410.0,410.0,410.0
B079DSVDNN,,,3.0,,
B079DX911Z,,184.0,,184.0,184.0
B079DXHBDS,,330.0,,330.0,330.0
B079DY4GL5,,,158.0,158.0,158.0
B079DYWT18,,,55.0,,55.0
B079DZ1RYM,,,112.0,,112.0
B079FSJB47,279.0,279.0,279.0,279.0,279.0
B079GGH6Q6,258.0,,258.0,,258.0
B079GNVNKY,164.0,,,164.0,164.0
B079HS3PXV,2405.0,,2405.0,,2405.0
B079JPJTS3,,,534.0,534.0,534.0
B079K62JFD,,106.0,,,106.0
B079K69ZXJ,,,,,3.0
B079KT3L9Y,,,,,8.0
B079LQW33T,,,,,38.0
B079M95Z44,,,,,24.0
B079MGL1J9,,,,,22.0
B079MPR5K6,,,,44.0,
B079NMMZLR,,,,,53.0
B079P2WQNG,1.0,,,,
B079P8368R,,,5.0,,
B079P8QMCD,,,,,49.0
B079P91HGB,,,,182.0,182.0
B079P98W3C,,,,,20.0
B079PDSFM4,,,,,14.0
B079PF269L,,,54.0,,54.0
B079PN8G6S,,,,15.0,
B079PWPDBC,,,1.0,,
B079PYGRFW,,,,,5.0
B079Q4KY2C,,,,11.0,
B079Q7B83T,,,,,2.0
B079Q988M7,,,,,11.0
B079Q9XFJW,,,131.0,,131.0
B079Q9ZBW6,,,,63.0,63.0
B079QHLNXD,,,,,37.0
B079R7LN8N,,,,13.0,13.0
B079R83WRB,,,,15.0,
B079RVXB6D,,,,10.0,
B079RYRR8F,,,,,11.0
B079SFKGQY,,25.0,,,25.0
B079SG28ZX,,,,,1.0
B079SJST68,,,23.0,23.0,
B079SL9MNK,,20.0,,,20.0
B079TJK4P5,2045.0,2045.0,2045.0,2045.0,2045.0
B079TJP1FM,,,,,19.0
B079TKQNJM,2045.0,2045.0,2045.0,2045.0,2045.0
B079TLLWLR,,,,,2.0
B079V7V78C,,,,,4.0
B079V9MLQ1,,,,3.0,
B079VFGXPB,,137.0,,137.0,137.0
B079VP1Q1W,,,,,2.0
B079VSTRKV,,,,,28.0
B079VT2XL7,,,,,138.0
B079VW1KP8,,138.0,,,
B079VX8KYQ,,,,,15.0
B079X3SQKH,,,,469.0,469.0
B079Z8V7LP,,,69.0,,69.0
B079Z983GH,,734.0,734.0,734.0,734.0
B079Z9MRDW,,,,,722.0
B079Z9SW33,,,,,1004.0
B079ZLHR74,1425.0,1425.0,1425.0,1425.0,1425.0
B079ZMBV92,,8.0,,,8.0
B079ZMC6LC,5.0,,,,
B079ZRLKBR,,,,,14.0
B07B164RZM,,,,,40.0
B07B22DB3Y,,,,,8.0
B07B2DBSVB,,,,,387.0
B07B2ZLNP2,,,,,202.0
B07B314WG3,,,,202.0,
B07B3PN9Q2,,169.0,,169.0,169.0
B07B3VX5DL,5170.0,5170.0,5170.0,5170.0,5170.0
B07B44KT6W,30.0,,,30.0,30.0
B07B4KSTWH,619.0,,,,619.0
B07B4W3MHD,,,,,734.0
B07B4YJMTR,,,,105.0,105.0
B07B5CZMB9,,,,,15.0
B07B5F2212,,15.0,,,
B07B5RBMLJ,48.0,,48.0,,48.0
B07B5SRHG2,,,,86.0,86.0
B07B5VJTXH,,,,26.0,
B07B5XPDCW,69.0,,,,69.0
B07B7F1JB4,,,,,4635.0
B07B7FW19Y,,,,,112.0
B07B7H8KCM,,,,,161.0
B07B7HD7XL,,,,,27.0
B07B7KCW8C,,,,,59.0
B07B89ZJX1,4784.0,4784.0,4784.0,4784.0,4784.0
B07B8F5KBG,,,,,88.0
B07B9T1LNT,,,,,82.0
B07BB2VQP6,,,,193.0,193.0
B07BB692YV,2736.0,2736.0,2736.0,2736.0,2736.0
B07BBKB569,,,,,22.0
B07BC6166P,1740.0,1740.0,1740.0,1740.0,1740.0
B07BC6SXRH,1114.0,,,,1114.0
B07BD2JKD9,1528.0,1528.0,1528.0,1528.0,1528.0
B07BD398P7,,,,1528.0,1528.0
B07BDPR12P,,,44.0,44.0,
B07BDT338T,,,,44.0,
B07BF7MC1X,,,74.0,,
B07BFMN5K6,413.0,,,413.0,413.0
B07BFRNXG2,,70.0,,70.0,
B07BFYNZZD,,,4.0,,
B07BHB99BY,4051.0,4051.0,4051.0,4051.0,4051.0
B07BHCXKTQ,,127.0,,,127.0
B07BHGHKKY,,,,,115.0
B07BHH3RJ2,,,,,12.0
B07BHMF1CS,816.0,,816.0,,816.0
B07BHPBVSK,,,,,1.0
B07BHXGH5S,,,,,14.0
B07BHXP776,,,,,1.0
B07BHXSC58,,,,,9.0
B07BHYTXM6,,,,,7.0
B07BJYPLV7,,,,,3046.0
B07BJYYJDD,,,1032.0,1032.0,1032.0
B07BK18QYB,,429.0,429.0,,429.0
B07BK7595R,,,,28.0,28.0
B07BK88W5P,,184.0,,,
B07BKVP2GB,,,,,29.0
B07BKZM4D4,14.0,,,,14.0
B07BLKYV4W,,,,,17.0
B07BM9NRTF,11.0,,,,11.0
B07BMPBSQS,143.0,,,,143.0
B07BN4VRM7,,,,,27.0
B07BN7CTH7,,,,,3.0
B07BNK7142,15.0,,,15.0,15.0
B07BNLMGB6,,,,,49.0
B07BNLQCCP,,,349.0,,349.0
B07BNQYMKN,,,,2339.0,2339.0
B07BP3X1KQ,,,29.0,,29.0
B07BQ93S9N,,,316.0,316.0,316.0
B07BQHN5DY,16.0,,,,16.0
B07BQJXNJP,,,,8.0,8.0
B07BQM3Y1S,,,,,5.0
B07BQMPQBB,105.0,105.0,105.0,,105.0
B07BQPXT6W,,,,,4635.0
B07BQQMWKC,,,,7.0,7.0
B07BQR5SLB,56.0,,56.0,56.0,56.0
B07BQWVDWD,595.0,595.0,,595.0,595.0
B07BR421SM,,,,,3.0
B07BRS62KL,,,,,38.0
B07BRXVYHY,,,,,38.0
B07BS56M1D,,,,,16.0
B07BS86P29,1324.0,,,1324.0,1324.0
B07BS9HH6Z,205.0,,,205.0,205.0
B07BWJWC79,,,,,5.0
B07BZBVSDR,,,,17.0,17.0
B07BZC4Z78,,,,,353.0
B07BZC849V,1512.0,1512.0,1512.0,1512.0,1512.0
B07BZDXK8T,901.0,901.0,901.0,901.0,901.0
B07BZFY52J,,198.0,,198.0,198.0
B07BZYQXCL,381.0,,,381.0,381.0
B07C1KPRHM,,,,,36.0
B07C1TT43P,365.0,,365.0,,365.0
B07C1XPLP9,,,101.0,,101.0
B07C27QRLQ,475.0,,,,475.0
B07C27TL6C,,,,,61.0
B07C2DW458,,,,,2.0
B07C3FQVKW,,,,,15.0
B07C3MTFQL,,19.0,19.0,,19.0
B07C3NTKP7,,,,,980.0
B07C3SYKXG,23.0,,,,23.0
B07C4M2NC8,,,,,40.0
B07C512KX1,,,,41.0,41.0
B07C5C8V85,,,65.0,,
B07C5GFCRZ,375.0,,,375.0,375.0
B07C5N9NLD,,,,,12.0
B07C5Q8RTL,953.0,953.0,953.0,953.0,953.0
B07C68S7N1,45.0,,,,45.0
B07C6HPNYP,74.0,,,,74.0
B07C739G3K,,,,12.0,
B07C76K66R,,,,10.0,10.0
B07C783FDH,,,,,57.0
B07C7B3YFB,,,,,12.0
B07C7DSB3T,,,,,112.0
B07C7PDNWZ,556.0,,,,556.0
B07C85QHCG,,,,353.0,
B07C89JKF1,,,,,120.0
B07C8R13Q8,,,,,61.0
B07C9Y5JRL,81.0,81.0,,,81.0
B07CBM8BJJ,9.0,,,,
B07CCBD9SG,,,,,40.0
B07CCGDXQ6,,,,,15.0
B07CCLYHPF,,,,,52.0
B07CDVK5JL,259.0,,,,259.0
B07CDVYL6Z,694.0,,,,694.0
B07CFKTTPN,,,,,77.0
B07CG2BFTJ,,,,,159.0
B07CG63JTR,,,,,3.0
B07CG63SBN,,,,,353.0
B07CGBHLSS,,,,,56.0
B07CGCVZPJ,120.0,,,120.0,
B07CGJDRN8,716.0,,716.0,716.0,716.0
B07CH2LM3B,,,5.0,,
B07CHMT8CW,,,,,37.0
B07CHR14RX,168.0,168.0,168.0,,168.0
B07CHWSG4Z,,,,,302.0
B07CJ11YPW,,,,6.0,
B07CJ3Y8S3,,,,302.0,302.0
B07CJGHYNN,292.0,,,,292.0
B07CJHMY27,,16.0,,,16.0
B07CJMZRDW,285.0,,,,285.0
B07CJMZZ59,,,,,26.0
B07CKHKFX3,,267.0,,,267.0
B07CKM3XMY,,,,,3.0
B07CMK38ZN,,,,,7.0
B07CMV9P3K,,,,,9.0
B07CMZ4N2S,,,,84.0,84.0
B07CN3P1Y6,,84.0,84.0,84.0,
B07CPKFQS7,,,,,4908.0
B07CPN3F9Y,,,,,353.0
B07CPPVK8D,,,,,39.0
B07CPR3B9J,883.0,883.0,883.0,883.0,883.0
B07CPRL7ZN,518.0,,,,518.0
B07CPXSS4P,,,518.0,518.0,518.0
B07CQ5B8NV,,,,,6.0
B07CQG6KYX,,,19.0,,
B07CQV8L81,,,,,246.0
B07CQZ3XTW,,,,72.0,
B07CR1CBNN,,,,,23.0
B07CR22SWM,,,,1528.0,1528.0
B07CRBGJ67,,,,,4.0
B07CRZGZS3,,,,301.0,
B07CSQBVDN,,,61.0,,61.0
B07CSWV31Q,,,,87.0,
B07CTBTBK1,,,,,1.0
B07CTF9FL5,742.0,742.0,,742.0,742.0
B07CTGV361,,,63.0,63.0,
B07CTHYBK1,,,,,207.0
B07CTNTMZJ,339.0,339.0,,339.0,339.0
B07CTNV41Q,,,,339.0,339.0
B07CVVLRTX,,,,,135.0
B07CVVVJDP,,,,,19.0
B07CVXN4RQ,195.0,,,,
B07CWJ3CX3,,,,,10.0
B07CWL4KXC,,,,,22.0
B07CWLFK9N,,,,,35.0
B07CWLTWVJ,,,35.0,,35.0
B07CXMCW1Y,10.0,,,,
B07CXN86T6,,,17.0,,
B07CXPCRHC,,,3032.0,3032.0,3032.0
B07CXQKV9J,30.0,,,,
B07CXS5GBP,,1.0,,,
B07CXZBR16,21.0,,,,
B07CYN63VX,,,,57.0,
B07CYSLCRX,202.0,202.0,,202.0,202.0
B07CYVCZCZ,,,,,4.0
B07CYZMT8M,,,,,4.0
B07CZ19YL5,1584.0,1584.0,1584.0,1584.0,1584.0
B07CZ1BS96,883.0,,,883.0,883.0
B07CZ35TR2,1584.0,1584.0,1584.0,1584.0,1584.0
B07CZ373LC,1584.0,1584.0,1584.0,1584.0,1584.0
B07CZ79Q94,,,,,71.0
B07CZB25X3,,,,,19.0
B07CZF5F52,,71.0,,,71.0
B07CZNB5RY,,,,,1912.0
B07CZNVP4T,,2795.0,,,2795.0
B07CZNYFRT,,,,,1912.0
B07CZP4B1F,,,,,1912.0
B07CZPJRSB,,,,2795.0,2795.0
B07CZPMFML,,,,2795.0,2795.0
B07D19FTY1,,,,,4635.0
B07D1BXJT4,,718.0,718.0,718.0,718.0
B07D1KZ63F,,,,,19.0
B07D1PP9LR,,,,,37.0
B07D1PPVRS,,,,,35.0
B07D1PZ9CC,,133.0,,,133.0
B07D1PZP33,,,,,45.0
B07D1Q3T5S,,,,,13.0
B07D1Q72CQ,,,,,35.0
B07D1QSMZC,,15.0,,15.0,15.0
B07D265MWT,353.0,,,,353.0
B07D27BY4C,116.0,116.0,116.0,116.0,116.0
B07D2B1GG7,,,,,47.0
B07D2H5GHZ,,,,,32.0
B07D2HTJ3Y,,,92.0,92.0,92.0
B07D2HZ2YV,92.0,92.0,,,92.0
B07D2JKC3W,,,,,2.0
B07D2L12H4,,,1419.0,,1419.0
B07D33XNQX,,,,,194.0
B07D363LDS,,,,,83.0
B07D36K33L,,,,34.0,34.0
B07D3PNDWJ,,,,,45.0
B07D3SG77Z,,,,35.0,
B07D3Y65VY,,,,,216.0
B07D41TFWR,,,,,22.0
B07D42VZH1,5.0,,,,5.0
B07D47SFST,,,,,46.0
B07D4845TP,,,,,10.0
B07D48G3G8,10.0,10.0,10.0,,10.0
B07D4CPWZF,,,,135.0,135.0
B07D533SY8,,,,,4.0
B07D538HCB,95.0,,95.0,,
B07D5565HP,,,,,10.0
B07D56XGX3,,,,,22.0
B07D5JVLDD,,,,,12.0
B07D5KCX7G,,,,,216.0
B07D5KDXHL,216.0,,,,216.0
B07D5PR8V6,35.0,,,35.0,
B07D5RGLPJ,4051.0,,,4051.0,4051.0
B07D5RTQHT,4051.0,4051.0,4051.0,4051.0,4051.0
B07D5VXDC9,,,,,353.0
B07D6GQJFM,,,,,286.0
B07D6GQXWB,,,,,22.0
B07D6GV8BP,,,349.0,349.0,349.0
B07D6H8G2B,,,,,17.0
B07D6JXD7J,9876.0,9876.0,9876.0,9876.0,9876.0
B07D6N8GGC,,,,,55.0
B07D76M3KL,,,,4.0,
B07D7CCNCK,,,,,34.0
B07D7CRYZK,1749.0,1749.0,1749.0,1749.0,1749.0
B07D7CYGNT,124.0,,,,124.0
B07D7Q2S86,,,,,26.0
B07D81TQLZ,83.0,,,83.0,83.0
B07D8D1NG7,,36.0,,,36.0
B07D8HN7KZ,,,,74.0,74.0
B07D8MM9TP,,,,,33.0
B07D8PDXWN,,,84.0,,84.0
B07D8PY43X,,,,,81.0
B07D8R9FMP,,,,,353.0
B07D957N27,,,,,36.0
B07D9G3YZZ,,,243.0,,243.0
B07D9GXT2W,501.0,501.0,501.0,501.0,501.0
B07D9HF5MG,,,,,51.0
B07D9JMX31,992.0,992.0,992.0,992.0,992.0
B07D9TRZR2,,,62.0,62.0,62.0
B07D9TZXP9,,,,92.0,92.0
B07DBFC2D4,,,87.0,,87.0
B07DBPCFZH,,,,,197.0
B07DBPDN3R,,,,,263.0
B07DBQK1J5,,,,,10.0
B07DBW14NT,,,,173.0,173.0
B07DBWJJB9,178.0,,,,178.0
B07DBYLJY9,,,,9.0,
B07DC1BJN8,,,,5.0,
B07DC3GXZT,,,,,6.0
B07DC3YMQ1,,,,,125.0
B07DC46P3Z,38.0,,,,38.0
B07DCNQLD1,,,195.0,,
B07DCY32LF,,,,,211.0
B07DDC7TTP,,,,144.0,
B07DDCCZRC,,,,,52.0
B07DFJBF8Q,,,,,170.0
B07DFNMDVW,64.0,,,,64.0
B07DFRNGDV,,,,,23.0
B07DFZ27TQ,,,,31.0,
B07DFZFSCV,,,,,31.0
B07DFZTGM8,,,,,140.0
B07DH6VV6X,234.0,,,234.0,234.0
B07DHLKZYY,,,,,48.0
B07DJ9KZBH,,,,,42.0
B07DJ9SGLL,,501.0,501.0,,501.0
B07DJCQDF1,,,,,36.0
B07DJRGYT8,,,,,6.0
B07DK31QCK,155.0,155.0,155.0,155.0,155.0
B07DK6131B,,,,,18.0
B07DK6QLWY,427.0,,427.0,,427.0
B07DKB1T88,,,3.0,,
B07DKHDFBH,,890.0,890.0,890.0,890.0
B07DLL2T3Q,,,,,50.0
B07DLL9FTM,,,,,50.0
B07DLNYZDD,,89.0,89.0,,89.0
B07DMB2Q7P,,,,,65.0
B07DMG5VLH,45.0,,,,
B07DMH9NMX,,,,,86.0
B07DMHS82W,,,,,15.0
B07DMHTN3L,,,,,10.0
B07DMJNRYT,58.0,58.0,,58.0,58.0
B07DMKTBHH,,30.0,,,30.0
B07DMTRJL7,,1528.0,,1528.0,1528.0
B07DN48VW8,,69.0,,69.0,69.0
B07DNFBVZH,,,,,13.0
B07DNM4BCF,,,,,5.0
B07DNST9WZ,,,,24.0,
B07DP2PGTH,6628.0,6628.0,6628.0,6628.0,6628.0
B07DPCLTXK,,,,,6.0
B07DPHDNNB,3587.0,,3587.0,3587.0,3587.0
B07DPHV8F6,,,,166.0,166.0
B07DPK6FKX,,,,,35.0
B07DPLTXXL,,167.0,167.0,,167.0
B07DPS382X,,960.0,,,
B07DQ91ST8,,,137.0,137.0,137.0
B07DQPNMT5,,,,20.0,
B07DQQ9JQG,,,,,884.0
B07DRBGDYZ,80.0,,,,80.0
B07DRDDCQV,130.0,,130.0,130.0,130.0
B07DRMJFRL,,,,432.0,432.0
B07DRR97VV,,,,,432.0
B07DS3H6TJ,,,,,30.0
B07DS5P932,,,,,22.0
B07DS87XXB,,,,,57.0
B07DSYZNFZ,2599.0,,2599.0,,2599.0
B07DSZY6MC,,,2597.0,2597.0,2597.0
B07DT4V9R8,2113.0,,2113.0,2113.0,2113.0
B07DTZRJMQ,791.0,791.0,791.0,791.0,791.0
B07DVJJ9QC,15.0,,15.0,,
B07DVKVR3B,,,,,17.0
B07DVZHNYV,,,,,7.0
B07DW11V2H,,719.0,719.0,719.0,719.0
B07DW1BQRT,1117.0,,,,
B07DW6JFYH,,45.0,,,
B07DWJLK6G,104.0,104.0,104.0,104.0,104.0
B07DWNP4XH,,252.0,,,252.0
B07DX1PNC1,,,,40.0,
B07DX718DD,,,,,2.0
B07DXCP93H,,,,,39.0
B07DXLV3X3,,,,,59.0
B07DXVT8ZM,60.0,,60.0,,60.0
B07DY791J8,,,,442.0,442.0
B07DYHMFZ5,,,,141.0,141.0
B07DYJHS43,,,9822.0,,9822.0
B07DYLZDSP,141.0,,,141.0,141.0
B07DZ51HY2,126.0,126.0,126.0,126.0,126.0
B07DZGHM9N,,8738.0,8738.0,8738.0,8738.0
B07DZHCPT3,813.0,,813.0,813.0,813.0
B07F11PZK8,,,,,184.0
B07F184M65,,,,,20.0
B07F1HXD7V,,,,,20.0
B07F1J886B,15.0,,,,15.0
B07F22GNN8,,,,26.0,26.0
B07F2CHJQK,,,131.0,,131.0
B07F2CPCVZ,,,,26.0,
B07F2WYPWB,,,,,4.0
B07F2XQVV4,13.0,,13.0,,
B07F2ZNV23,,32.0,,,32.0
B07F353J84,,,6.0,,
B07F36L237,,,,,2.0
B07F38RGDD,,,,,70.0
B07F3GPL2D,,,,,55.0
B07F3J41ZY,55.0,,,,55.0
B07F6P1XKJ,,,,,2.0
B07F6RGM63,,,,9.0,
B07F6V6R4T,,,,,17.0
B07F6WDFBY,7.0,,,,
B07F6WGL6W,2.0,,,,
B07F7YTL4X,,,,,156.0
B07F8Q6JL9,,,,,23.0
B07F8QHGJV,,,,,5.0
B07F8RCZGP,,,1.0,,
B07F8ZGWG9,,,,,31.0
B07F9M3VBW,,,,,24.0
B07F9RNGZ8,,,,,130.0
B07F9XD987,,,,,130.0
B07FB8B7TH,,,,,12.0
B07FB8TDVH,9.0,,,,
B07FBFWSBH,,230.0,,230.0,230.0
B07FC6T224,,,,,6.0
B07FC85YNW,,,,,6.0
B07FCCTT87,,,,,25.0
B07FCSFRMZ,,,,,7.0
B07FD37FMM,49.0,,,,
B07FDPTDL8,,,,,5.0
B07FDX6G44,683.0,,683.0,683.0,683.0
B07FDZG9VS,,,86.0,86.0,86.0
B07FDZMQKD,,49.0,,,49.0
B07FFB6MGR,,,,,1.0
B07FFFQ59Y,,,,,481.0
B07FFH78Y8,,,885.0,885.0,885.0
B07FFHRVXK,,,,3.0,
B07FFK2J3G,1.0,,,,
B07FFMRRX8,,,,,98.0
B07FFQNYWB,98.0,,,98.0,
B07FFSM1LX,,,,,15.0
B07FFWCHM7,,,,,6.0
B07FFY2X3Y,,,,,96.0
B07FH863HC,,,,,29.0
B07FJN31V5,,,,,73.0
B07FJWD2ND,,,,,68.0
B07FKGJ19Z,,,,,8.0
B07FKNKF1S,,,,,14.0
B07FL6DBC6,2092.0,,2092.0,2092.0,2092.0
B07FLY681H,,,,,10.0
B07FMCS4XZ,230.0,,,230.0,230.0
B07FMHHN61,,,,,15.0
B07FMKSYHF,,,,,12.0
B07FMW5FBG,,,,,16.0
B07FN482HY,30.0,,,,30.0
B07FNQF9NJ,,,,,231.0
B07FPJ5M62,,,,,7.0
B07FPJW1ND,,,,,356.0
B07FPVY4FS,,,,14.0,14.0
B07FQJRTGX,4224.0,4224.0,4224.0,4224.0,4224.0
B07FRCW9GK,,,,10.0,
B07FRD3BK8,,,,3587.0,3587.0
B07FRHHDDD,3.0,,,,
B07FRJYHXZ,,,,,13.0
B07FRRD8Z1,,,12.0,,12.0
B07FRSQFZH,,,,,3.0
B07FRTSB7C,,,,,14.0
B07FSTWLPY,,,,,28.0
B07FT9LRNS,2.0,,,,
B07FTDYSK6,,,,,8.0
B07FTFFRLB,,,,,30.0
B07FTFR7SV,,,,,27.0
B07FTM8W7Q,,,,,80.0
B07FTNX1PY,,,,80.0,
B07FV2N5XK,,,,86.0,86.0
B07FW153R4,,,,,101.0
B07FW5H31H,,,32.0,,32.0
B07FXPTM7P,,,,,19.0
B07FXTGPP8,,,,,19.0
B07FY32D12,,,,13.0,
B07FY99S9R,,,88.0,,
B07FY9QBPG,,,88.0,,
B07FY9ZQT5,,,,,88.0
B07FYTM171,,205.0,,205.0,205.0
B07FZ1ZGZK,,,,,14.0
B07FZ2Q5NX,,,51.0,,
B07FZ4C7X8,,,,,84.0
B07FZ51L6H,,,2.0,,
B07FZNX41N,,,121.0,,121.0
B07FZZMDH1,,,,40.0,
B07G12314X,990.0,990.0,990.0,990.0,990.0
B07G252LFG,,,,,88.0
B07G2SQN4G,88.0,,,,
B07G2TKC9S,,,,,179.0
B07G2XZ6MX,,,,,56.0
B07G34JK35,,,128.0,128.0,128.0
B07G3RBLKS,,,,6.0,
B07G3S3D8Z,566.0,,566.0,566.0,566.0
B07G44L3TP,,,,,3.0
B07G4K78ZW,,,,,14.0
B07G4KB7S7,,,,,2.0
B07G4KDW41,,,,,47.0
B07G5CN29S,,,,,182.0
B07G5F8TCD,,,,,62.0
B07G5MZ5SM,39.0,,,,
B07G5N19HC,,,,,5.0
B07G5N2KJL,,,,,18.0
B07G5NWLF8,,,,,14.0
B07G5P2DHD,,,,,409.0
B07G5P519Y,,39.0,,,
B07G5P6P8L,,,,409.0,409.0
B07G5PBPZK,409.0,,,,
B07G6JFMP6,5568.0,5568.0,5568.0,5568.0,5568.0
B07G8M3F3S,,,,78.0,78.0
B07G8MPSQQ,,,,,78.0
B07G8N94N9,,,78.0,,78.0
B07G8P1RFL,78.0,,,,78.0
B07G9GFBZZ,,,1.0,,
B07GB22LGM,473.0,,473.0,,473.0
B07GB37PTV,76.0,,,,76.0
B07GB3FQW3,,,,,416.0
B07GB3M4T3,416.0,,416.0,,416.0
B07GB42Q73,2063.0,2063.0,,2063.0,2063.0
B07GB43549,,416.0,,,416.0
B07GB6PRQ4,36.0,,,36.0,36.0
B07GBDWY3H,,,931.0,,931.0
B07GBFJ7RH,572.0,,,572.0,572.0
B07GBN8D2F,,,,,6.0
B07GBZ1QD5,,,,,7.0
B07GC8XHSG,371.0,371.0,371.0,371.0,371.0
B07GC9RL93,,,,,15.0
B07GC9RP7V,,,,,41.0
B07GCGR3S6,,,,,29.0
B07GDLL7DQ,,,,,2.0
B07GFCMXDR,,,3.0,,
B07GGP9X78,432.0,432.0,432.0,432.0,432.0
B07GGR1N4Y,19914.0,19914.0,19914.0,19914.0,19914.0
B07GGRKRDN,,,,5.0,
B07GGW8CJZ,,,,47.0,47.0
B07GH1ST55,,,939.0,,939.0
B07GJJMPDK,,,,60.0,60.0
B07GJN4GJW,84.0,,84.0,84.0,84.0
B07GJSD1KX,,,4.0,,
B07GL4XYV8,,,,,9.0
B07GL5Z96P,,,,,1568.0
B07GLTQHCF,,102.0,,,
B07GMQ68ZP,,,,,23.0
B07GNBLWQQ,309.0,309.0,309.0,309.0,309.0
B07GNDV4TG,,,,,151.0
B07GNGNVFC,,,,,932.0
B07GNGT2Y2,,,1.0,,
B07GNHQJ2D,,,,,932.0
B07GPBGD7V,,,1395.0,,
B07GPJGM1B,546.0,,,,546.0
B07GPKPL2S,1395.0,,1395.0,1395.0,1395.0
B07GQM1T19,26.0,,,,26.0
B07GQMM1RZ,,,,,51.0
B07GQNWF85,,,,,80.0
B07GQT6PTW,,,,1697.0,1697.0
B07GQTYR6W,,125.0,,125.0,125.0
B07GQX329N,,26.0,26.0,,
B07GRKT9SJ,,,,,21.0
B07GRRV43T,,,,,222.0
B07GSG4158,,,,,3.0
B07GSL9H8L,,,3.0,,3.0
B07GSLPHFD,,,,,3.0
B07GSNZBBV,3.0,,3.0,,
B07GT9CJSP,1432.0,1432.0,1432.0,1432.0,1432.0
B07GTGZTL6,403.0,403.0,,403.0,403.0
B07GTW138W,,,,,11.0
B07GTXKZS6,156.0,,,156.0,156.0
B07GTXN43J,,,,156.0,156.0
B07GTXSN31,1697.0,,1697.0,,1697.0
B07GV5Z79D,,874.0,,874.0,874.0
B07GV7YNCM,,201.0,201.0,,201.0
B07GV82P3R,,,8738.0,8738.0,8738.0
B07GVC4N72,,,,,26.0
B07GVD3DX7,,,,,26.0
B07GVF3NBQ,1273.0,,1273.0,,1273.0
B07GVQXSFD,,47.0,,,47.0
B07GVTD1Q5,,,1302.0,1302.0,1302.0
B07GWQXFTB,1468.0,,1468.0,1468.0,1468.0
B07GX7DP3Z,1302.0,1302.0,,,1302.0
B07GX7TFQT,,,,28.0,
B07GX8V66K,,,229.0,,229.0
B07GX9QJNF,561.0,561.0,561.0,561.0,561.0
B07GXBRQC5,,,1302.0,,1302.0
B07GXF6VD4,101.0,101.0,,,101.0
B07GYKG8Z3,132.0,,,132.0,132.0
B07GYYSZT4,,,,17.0,17.0
B07GZN4S2G,1.0,,,,
B07H1J7D77,3.0,,,,
B07H1RXRG9,,,,,49.0
B07H292XFX,3739.0,3739.0,3739.0,3739.0,3739.0
B07H2CLBGL,,,201.0,201.0,201.0
B07H2CN9L7,,,,,241.0
B07H2DTQC1,,,,,7.0
B07H2KZLX9,,142.0,,,142.0
B07H2P51PY,26.0,,26.0,,26.0
B07H2Y23YP,,,,,3587.0
B07H3XZTBL,,,13.0,,
B07H45HRXH,,,1457.0,1457.0,1457.0
B07H4H56Z5,,4.0,,,4.0
B07H4JBDGT,,,,,6.0
B07H4LVS2H,,,,3.0,
B07H4LY27S,,371.0,,371.0,371.0
B07H4MDQMX,,,,,371.0
B07H4MJW66,371.0,,371.0,,371.0
B07H56JWS9,6.0,,,,
B07H5TL1ZS,,,,,4.0
B07H62L3HW,,,,,168.0
B07H68FL5T,168.0,,168.0,,168.0
B07H6VYSN9,,,,189.0,
B07H77NHX3,,,,,1.0
B07H7Q3VR4,62.0,,,,
B07H7SMRXP,724.0,,724.0,724.0,724.0
B07H7WY8P3,,,,,55.0
B07H7YM46Q,,9.0,,,
B07H8969VG,,,,,155.0
B07H8MQ2PL,,,493.0,493.0,493.0
B07H94FBQ9,49.0,,,49.0,49.0
B07H9M9Y8G,428.0,428.0,428.0,428.0,428.0
B07H9TCXLR,,,11.0,,
B07HB17M4F,218.0,,218.0,218.0,218.0
B07HB5K4NR,,,,,13.0
B07HBQ61TS,,,,,8.0
B07HCP9G57,,,,,3.0
B07HD2DWD5,,,,12.0,
B07HF85VCC,,,,,20.0
B07HF99V7W,,,,,25.0
B07HFB3189,,,,,164.0
B07HFPMZNS,,,,,134.0
B07HFTT3BP,,,,,12.0
B07HG3TM8J,,,,,3.0
B07HGG47M6,,,,,36.0
B07HGJ33Z7,,,,71.0,71.0
B07HGMXFBR,1163.0,,1163.0,1163.0,1163.0
B07HH8GRZX,,,,,1192.0
B07HHD93PS,1192.0,,1192.0,,1192.0
B07HHDCJF4,,,1192.0,,1192.0
B07HHRDJTM,,,,,21.0
B07HHTWWPP,,215.0,,,215.0
B07HHXC7ZM,,,,,4635.0
B07HHZ8MXZ,,,,,6.0
B07HJ13Q1L,,5.0,,,
B07HJ66YB6,,,,,55.0
B07HJCS6BX,616.0,,,616.0,616.0
B07HJKFC9F,549.0,,549.0,549.0,549.0
B07HJM67QB,,,,,166.0
B07HJZZ59W,,,109.0,109.0,109.0
B07HK5ZPM1,,,,,12.0
B07HKVGXVX,,,10.0,,
B07HKWCCK6,10.0,,,,10.0
B07HLJM439,,,,,97.0
B07HLVJ15T,43.0,,,,43.0
B07HMK36K8,,250.0,,250.0,250.0
B07HMKC83D,17.0,,,,17.0
B07HMN1141,169.0,169.0,169.0,169.0,169.0
B07HNY2K87,,,,,24.0
B07HNZ44YD,688.0,688.0,688.0,688.0,688.0
B07HP7QRQK,,,,,2.0
B07HQLJ15N,420.0,420.0,420.0,420.0,420.0
B07HQTG9TB,,13.0,13.0,,
B07HQTRXYN,,,,,14.0
B07HR5CC11,235.0,235.0,,,235.0
B07HRD8CL4,,12.0,,,
B07HRH2JX9,,56.0,,56.0,
B07HSRCBC2,,,89.0,,
B07HSW8K25,106.0,,,,106.0
B07HSWNPKV,,,,,1865.0
B07HT31GBY,,,8.0,,8.0
B07HVBXVPK,,491.0,,491.0,491.0
B07HVMF9BL,,,,,67.0
B07HVPDMF6,112.0,,,,
B07HVY44TN,,,,949.0,
B07HWV6Z1S,,,,,13.0
B07HYQXD4Y,,,,,28.0
B07J1Q27HP,,,,,9.0
B07J289ZDZ,4908.0,,,,
B07J2TTLPW,124.0,,124.0,,124.0
B07J2XXJ82,750.0,,,,750.0
B07J4K3SN5,,,,,54.0
B07J5JFXR7,,,,246.0,246.0
B07J5YP8Q2,,,5.0,,
B07J6338SD,,,,20.0,
B07J6R9BVB,404.0,,,,404.0
B07J6S1NY1,157.0,,,157.0,157.0
B07J9HSZW8,,,,,157.0
B07J9MK4R2,,,,,120.0
B07JB4VCKD,73.0,,73.0,,
B07JBHXXZ9,,,,2728.0,2728.0
B07JBNJ9YS,,,,,45.0
B07JBPPWK4,81.0,81.0,,,81.0
B07JCR3PDP,163.0,163.0,163.0,163.0,163.0
B07JD4PVL5,,,,77.0,77.0
B07JD59GTH,,,,,83.0
B07JF8CTHL,,,,,48.0
B07JFVZF47,,,80.0,,
B07JG29RKQ,5450.0,,5450.0,5450.0,5450.0
B07JG7QMSV,587.0,587.0,,,587.0
B07JGGTCS3,,,,,1173.0
B07JGXKLNG,,34.0,,,
B07JH38NHM,,,,,23.0
B07JHBV4NG,238.0,,238.0,238.0,238.0
B07JHFKMJV,,,,,21.0
B07JHJNVS2,,,,,22.0
B07JJ1RVL8,309.0,309.0,309.0,309.0,
B07JJ7S4ZL,,,,,14.0
B07JJC5PPN,,,,,7.0
B07JK8QSDT,13.0,,,,
B07JKS7BH1,,231.0,231.0,,231.0
B07JLC13T3,,,13.0,,13.0
B07JLJ4H12,,315.0,315.0,315.0,315.0
B07JLPXHR6,1229.0,1229.0,1229.0,1229.0,1229.0
B07JM874XT,,1347.0,1347.0,1347.0,1347.0
B07JMN1WV5,,,40.0,40.0,40.0
B07JMQYCNT,,,,,166.0
B07JNM4N8F,,,,,6.0
B07JNPCDVV,,,,,20.0
B07JNRLRJJ,,,47.0,,47.0
B07JNRN1Z6,9.0,,,,
B07JP56NT2,,407.0,407.0,407.0,407.0
B07JP5GWPV,,564.0,564.0,564.0,564.0
B07JPDMB3S,,,,44.0,
B07JPH4BLS,,164.0,164.0,164.0,164.0
B07JPM4LFR,618.0,618.0,618.0,618.0,618.0
B07JQ1BKPJ,,,,,9.0
B07JQ3LCVR,,,,,7.0
B07JR9SXVP,,,,,7.0
B07JW64RKT,587.0,,587.0,,587.0
B07JW99FG3,,,80.0,,
B07JX4QMKH,,,60.0,,60.0
B07JX5SGHX,,,,,4.0
B07JX653K2,,,,,18.0
B07JYQL95C,572.0,,,572.0,572.0
B07JYQYW47,61.0,,,,
B07JZ42QDM,,,,50.0,
B07JZDNX3F,,,,,278.0
B07JZJM11R,43.0,,,,43.0
B07JZYQH2W,,,,,17.0
B07K1RL87P,29.0,,,,29.0
B07K1WT57F,,,,23.0,
B07K2856D7,785.0,,785.0,785.0,785.0
B07K2KSF8H,55.0,,,,55.0
B07K2L6M5T,,,,,76.0
B07K36BDRF,539.0,,,,539.0
B07K376PFB,539.0,,,,539.0
B07K4BLZSM,,,1632.0,1632.0,1632.0
B07K4SH6VQ,14.0,,,,
B07K4VSXXX,,,,,53.0
B07K556LPJ,,,4434.0,4434.0,4434.0
B07K55V8GJ,130.0,,130.0,,
B07K6B9DBS,,,,,1.0
B07K6PTQLS,,,,114.0,114.0
B07K6WCF85,,,,,91.0
B07K6WYLBP,,,,,73.0
B07K6XFN3C,,,,,47.0
B07K6Y3FBF,,,,,2.0
B07K72JWFG,2532.0,,,,2532.0
B07K749BCC,,,238.0,238.0,238.0
B07K75869K,,,,,2.0
B07K76MTCX,,2113.0,,,2113.0
B07K84V2Q2,,,,,136.0
B07K86VJB9,,,84.0,,84.0
B07K8FJ9PX,,,,41.0,
B07K8H28C3,,,,,77.0
B07K8K9SDC,,,,,41.0
B07K8MCVGW,,,,711.0,711.0
B07K8X416S,,,,,23.0
B07K9HBJ74,,,,,424.0
B07K9TCSLQ,705.0,705.0,705.0,705.0,705.0
B07KBCZMDN,,,,,6.0
B07KC7CJXS,564.0,,,,564.0
B07KC8GYXH,24.0,,,,
B07KCLMPX8,2375.0,2375.0,2375.0,2375.0,2375.0
B07KCM83GC,,,750.0,750.0,750.0
B07KCNN1RV,799.0,799.0,799.0,799.0,799.0
B07KCNRMDG,,,,423.0,423.0
B07KCNRS5D,,,,,23.0
B07KCNS8MV,,,,,56.0
B07KCPTQTR,,,,,56.0
B07KCQ6QDH,,,,,23.0
B07KD1KBCS,31.0,,,,31.0
B07KD59FL4,584.0,,584.0,,584.0
B07KDN8Y22,41.0,41.0,,,41.0
B07KDZY1VS,,,,,11.0
B07KFLT4JZ,607.0,,607.0,607.0,607.0
B07KFTH32R,,,,,19.0
B07KFTZ7GB,13.0,,,,
B07KFVT5DK,,,,,13.0
B07KFZ3SHG,,,,,9.0
B07KG86DF3,,,,342.0,342.0
B07KGLD7KK,,,,627.0,627.0
B07KHVM941,,378.0,378.0,378.0,378.0
B07KJ2LDCN,6936.0,6936.0,6936.0,6936.0,6936.0
B07KJ9Q77B,,,110.0,110.0,110.0
B07KK3MMM5,,,,,16.0
B07KKB1BRN,,,,,4.0
B07KKDNW1C,1584.0,1584.0,1584.0,1584.0,1584.0
B07KKMZDPV,851.0,851.0,851.0,851.0,851.0
B07KLPML72,443.0,,,443.0,443.0
B07KLY46KP,,8.0,,,
B07KMCRMPY,,,,,29.0
B07KN6WZBH,,,,,15.0
B07KNB5WM2,,,,,84.0
B07KP2XV7S,,,,,36.0
B07KP3RT1B,,,,13.0,
B07KPSWNM5,,,,,11.0
B07KQB2PPL,,,,,100.0
B07KQCNGXX,,,,67.0,67.0
B07KQXZHFB,,,,,4.0
B07KQYR42N,13.0,,,,13.0
B07KR42PRW,,,,,23.0
B07KRR7P8M,,,,,13.0
B07KRTZSZL,,,291.0,,291.0
B07KRXKXJ8,12.0,,,,
B07KS49CHM,354.0,354.0,354.0,354.0,354.0
B07KSXZ463,,,,,9.0
B07KSZJ2S4,,,,191.0,191.0
B07KSZVKYC,,,,,395.0
B07KT1NL3X,43.0,,,,43.0
B07KT33548,,,,,82.0
B07KT41ZZ8,,,,,43.0
B07KTHPX51,,,,,65.0
B07KTPW3WJ,,,,,5.0
B07KV1S8SX,,,,7.0,
B07KV4DBR8,,,,205.0,205.0
B07KVZZDB9,,,,288.0,288.0
B07KW6SWPG,54.0,,,,
B07KWQBGT6,,,7.0,,
B07KWTDSJB,1.0,,,,
B07KWVW55C,,,,,35.0
B07KWZQYHM,,,,,186.0
B07KX22N1F,,,,,186.0
B07KX56CYT,609.0,,609.0,609.0,609.0
B07KXL8TWP,,,,,155.0
B07KXLFG3S,,,,50.0,50.0
B07KXLWQP7,,,,,40.0
B07KXMCH5M,,,,,4.0
B07KXMZF6Y,35.0,,,35.0,35.0
B07KXNHTKP,,,,,120.0
B07KXS1P2Z,,,,,49.0
B07KXST58M,,,,,186.0
B07KYTNLP2,,,,,15.0
B07KZCX3V6,,,159.0,159.0,159.0
B07KZT8HX9,47.0,,,47.0,47.0
B07L1CYZD7,,,,,4.0
B07L1NKSXZ,,62.0,,,62.0
B07L1RLMQ8,258.0,,258.0,258.0,258.0
B07L2GD2KK,,,,,32.0
B07L2JB2FR,,,,,10.0
B07L2JQP9F,110.0,,,,110.0
B07L2M284N,1.0,,,,
B07L2TQBK7,,,,,939.0
B07L386PRG,,,19.0,,
B07L3NG69V,48.0,,,,48.0
B07L3NJLSV,,,,,34.0
B07L5CT95F,,,,,17.0
B07L5QFS7K,,,,291.0,291.0
B07L5XHWL5,,,,,81.0
B07L674PP4,,,,884.0,884.0
B07L68NQ58,,,,,884.0
B07L6NL3K1,10.0,,,10.0,10.0
B07L7F9J1S,,,,,11.0
B07L83C4LH,,,2621.0,2621.0,2621.0
B07L84896C,,,,,19.0
B07L854JNK,,,,,25.0
B07L8JF3M3,,,,123.0,123.0
B07L8NP216,,9822.0,,,9822.0
B07L8QLDFX,,,,701.0,
B07L926ZFZ,,,,,4.0
B07LB8JX6Z,10.0,,,,
B07LBHYCFJ,1114.0,,,,1114.0
B07LC4C7RK,,,171.0,171.0,
B07LCYZCML,77.0,,,,77.0
B07LDSZ8LX,,,38.0,,38.0
B07LDVNLC5,,,132.0,132.0,132.0
B07LFGZGKW,,,,23.0,23.0
B07LG8ZRPK,,,,,39.0
B07LGBN4B8,,732.0,,732.0,732.0
B07LGGLM7L,,,,,7.0
B07LGKX4QP,,,,,2728.0
B07LGSPNBD,,,,,2728.0
B07LGVZSWG,8246.0,,8246.0,8246.0,8246.0
B07LH4NZ42,1637.0,1637.0,1637.0,1637.0,1637.0
B07M5HJ12M,91.0,,91.0,,91.0
B07M5LWC36,2174.0,,,2174.0,2174.0
B07M6CQNVL,,,,201.0,201.0
B07M6JY7DR,,,,,106.0
B07M6M8JBQ,,81.0,,,81.0
B07M6VF293,,797.0,,797.0,797.0
B07M6XM3VL,,,,,3.0
B07M74DGZY,,,,77.0,
B07M7DX8GY,,,,,30.0
B07M7LLMKQ,,,,,12.0
B07M7Q49L6,,,,69.0,
B07M86C8X7,,112.0,,,112.0
B07M8PZDX1,142.0,142.0,142.0,142.0,142.0
B07M8T4GHH,,25.0,,,25.0
B07M91GJPN,53.0,,,53.0,
B07M98L8NK,1323.0,1323.0,1323.0,1323.0,1323.0
B07M9DGSFH,24.0,24.0,24.0,,24.0
B07M9G5QNX,,,,,58.0
B07M9NPTNK,4437.0,4437.0,4437.0,4437.0,4437.0
B07MB3NLL8,,,,,47.0
B07MC3Q426,88.0,,88.0,88.0,88.0
B07MC3XFKW,,,,,431.0
B07MC6G9GW,,,,26.0,26.0
B07MCDV2R5,14343.0,14343.0,14343.0,14343.0,14343.0
B07MCDVDZQ,,,,,81.0
B07MD7DZ1M,73.0,,,,
B07MDJ3VH1,,,,,83.0
B07MDQ62HB,,,,,109.0
B07MFTPDY3,,,,,188.0
B07MG2T7T9,,,,,52.0
B07MG5D349,5814.0,5814.0,5814.0,5814.0,5814.0
B07MGSSVSV,9.0,,,,
B07MGZ1PDP,73.0,,,,
B07MJC2X7F,,,5.0,,
B07MJHFGGB,,,,,7.0
B07MK1H2QF,,,,,6.0
B07MKX4MRR,,,,325.0,325.0
B07MKX4N9T,,,,,272.0
B07MLMW87M,,89.0,,89.0,89.0
B07MLS1ZH3,,,,27.0,27.0
B07MLW2FZM,,,,,1.0
B07MM86TKP,52.0,,,52.0,
B07MMBJ83Z,,,,,1.0
B07MMD6WNZ,,,,,23.0
B07MNLX743,,,,,12.0
B07MP2FSDQ,,,,633.0,633.0
B07MP5BG7M,,,272.0,,272.0
B07MP5DNYM,,,,,199.0
B07MP835CP,,,,,5.0
B07MQPHGKD,116.0,,,,116.0
B07MR3B3X9,,,,,2.0
B07MR7TN91,,,,,289.0
B07MRFKXCD,,,,,5.0
B07MRGV1F4,,286.0,,286.0,286.0
B07MSBZ9KF,,,,63.0,63.0
B07MTLTGQG,319.0,319.0,,,319.0
B07MTQM6ZC,,,,,51.0
B07MTS61SL,,,,,51.0
B07MTSN818,51.0,,,,
B07MTSZTMF,,,,30.0,
B07MTYD4Q3,,,,,6.0
B07MTZQ87K,,,,96.0,96.0
B07MV1GLM6,140.0,,,,140.0
B07MV2192Y,,,,,267.0
B07MVYNQFV,652.0,,652.0,,652.0
B07MVYPXW5,,,,,18.0
B07MW1HZTX,10.0,,10.0,10.0,
B07MWGLHWF,,,,,5.0
B07MWH67D3,,,,,3.0
B07MWJ6H99,4064.0,,4064.0,4064.0,4064.0
B07MX6F49P,,6.0,,6.0,
B07MXCKKQ9,997.0,,,997.0,997.0
B07MXP2ZBZ,,,,,76.0
B07MYX46BM,446.0,,446.0,,446.0
B07MYZRF29,,,,848.0,848.0
B07MYZVQL5,,,,,356.0
B07MZ68ZJR,196.0,,,,196.0
B07MZ9R847,,,,,73.0
B07MZDLMCP,,,,,591.0
B07MZDR8YH,,,591.0,591.0,591.0
B07MZPY41G,,924.0,924.0,924.0,924.0
B07N11H1DV,,,,,108.0
B07N18LV8P,,,,31.0,
B07N29DFY4,,,16.0,,
B07N2D5PJC,,,116.0,,
B07N2FVRFR,762.0,762.0,762.0,762.0,762.0
B07N2JC2YX,,,5.0,,
B07N2KR1WQ,,,,,12.0
B07N2L6D9V,23.0,,,,23.0
B07N2PKWT8,,,16.0,16.0,
B07N2R5736,,1.0,,,
B07N3PH48K,,1546.0,,1546.0,1546.0
B07N3PQKHC,,,,,35.0
B07N3WD8ZV,,,,36.0,36.0
B07N4NDBRH,,,1.0,,
B07N4PVLB7,11511.0,,,,11511.0
B07N5JTG81,544.0,,544.0,,544.0
B07N5ZYCJD,78.0,,,78.0,78.0
B07N6JKZMT,,,,29.0,29.0
B07N83HRD9,9.0,,,,9.0
B07N8648R4,,,,395.0,395.0
B07N999V18,,4.0,,,
B07NBS8QGV,,,,,4.0
B07NBY9BDK,1301.0,1301.0,1301.0,1301.0,1301.0
B07NC1LJ3Z,,,,,61.0
B07NF1YF3N,,,,,224.0
B07NGJV197,,,,,94.0
B07NJ6YZM8,93.0,,93.0,93.0,93.0
B07NK6X6ND,,,,,58.0
B07NKHDD8Z,9822.0,9822.0,,,9822.0
B07NL2ZWP2,,17.0,,,
B07NL4FMRN,,,,,12.0
B07NM2JGTM,21.0,,,,
B07NP14NZH,,,,,306.0
B07NPQCX1M,,,,,591.0
B07NQ6M9JB,,,,,115.0
B07NQF1RP7,8233.0,8233.0,8233.0,8233.0,8233.0
B07NQGX4T6,,1004.0,,1004.0,1004.0
B07NQLFKZZ,,,,,2339.0
B07NQSLTRS,,,,,243.0
B07NRB32RW,,336.0,336.0,,336.0
B07NRFFWWP,,,30.0,,30.0
B07NRG36TJ,,,,,30.0
B07NRSB97T,,,,,58.0
B07NRVJFXT,,4139.0,,,4139.0
B07NRY89XM,,,,,6.0
B07NRYMR31,,,,7.0,
B07NSH84BX,9.0,,,,
B07NSNQPRT,,53.0,,53.0,53.0
B07NSQ2Y7W,271.0,,,,271.0
B07NSS4BZ8,271.0,,271.0,271.0,271.0
B07NSS74QD,,,,,66.0
B07NTXQZH7,400.0,,400.0,400.0,400.0
B07NVCHQ9T,217.0,,217.0,,217.0
B07NVHJQNN,98.0,,,98.0,
B07NVW3BPM,,,,,319.0
B07NW1V9G4,16.0,,,,
B07NW4KHNT,,,,,166.0
B07NWC36T5,,,,,40.0
B07NWZHDKQ,69.0,,69.0,,
B07NYFHJR6,7.0,,,,
B07NZ83MK3,1395.0,1395.0,1395.0,1395.0,1395.0
B07P15J2WP,,,,,49.0
B07P24BCLP,103.0,,103.0,,103.0
B07P2RN18T,,,,,17.0
B07P3LJG4L,4784.0,4784.0,,4784.0,4784.0
B07P3ZY8LN,,,,7.0,
B07P54346K,,,,29.0,29.0
B07P5GCZ6C,4784.0,4784.0,,4784.0,4784.0
B07P5GQXNK,,,4784.0,,4784.0
B07P5GXXQP,1226.0,,,,1226.0
B07P5HZ391,339.0,,339.0,,339.0
B07P5MHDJQ,,,66.0,,
B07P5PQT3S,704.0,704.0,,,704.0
B07P5Q3DX2,16017.0,16017.0,16017.0,16017.0,16017.0
B07P68J77Z,,,,,2.0
B07P6G2M4F,1226.0,,1226.0,1226.0,1226.0
B07P742RDB,,84.0,84.0,,
B07P7DM3M9,,,,,81.0
B07P7H4L3K,,,,,98.0
B07P7J4NTH,,,25.0,,
B07P7QZMS9,,,82.0,,82.0
B07P8HYNMF,2.0,,,,
B07P8L78QH,,373.0,373.0,,373.0
B07P8SNFH1,,,,,248.0
B07P94MNTJ,28.0,,,,
B07P955N84,75.0,75.0,,75.0,75.0
B07P956GGF,,,,,40.0
B07PB5JMP7,28.0,,,,
B07PBRP3R4,,,,,119.0
B07PC1TJWZ,,10.0,,,
B07PCJ6N4L,29.0,,,,
B07PCN5GR4,31.0,,,,31.0
B07PCR5RQ2,,,179.0,179.0,179.0
B07PCRNKGZ,,,179.0,,
B07PCVGRM8,,,,225.0,225.0
B07PDBV3RS,,,,,2.0
B07PDNC623,185.0,,,,185.0
B07PDZRH85,,,,,108.0
B07PFH96MY,,,,,8.0
B07PFPJQQ2,248.0,,248.0,248.0,248.0
B07PFQJ364,,22.0,,22.0,
B07PG54JXW,2288.0,,2288.0,,2288.0
B07PGKGQ7M,,,,44.0,44.0
B07PGP7P4B,,,,836.0,836.0
B07PGQSFX3,,,583.0,583.0,583.0
B07PGVZKZM,,,,,22.0
B07PHGJQ95,,,232.0,232.0,232.0
B07PHKG78J,584.0,584.0,584.0,,584.0
B07PHXBNLH,,,1508.0,1508.0,1508.0
B07PHYVXTZ,,,2288.0,2288.0,2288.0
B07PHZNQ3P,,,,,24.0
B07PHZRW35,,,,,22.0
B07PJD9TRL,,,206.0,,
B07PKN1NR6,,,,,51.0
B07PKN2W4F,,,,,166.0
B07PL5YCYZ,,,,,22.0
B07PLGP14L,,,874.0,874.0,874.0
B07PLLNSM5,,,,,130.0
B07PLRL6L3,,63.0,,,63.0
B07PM1DZNL,4063.0,,4063.0,4063.0,4063.0
B07PM2SRSS,,105.0,105.0,,105.0
B07PM3DJQ2,,,,,749.0
B07PM5HZ4H,,342.0,,,342.0
B07PMQ5WBN,470.0,,,,470.0
B07PMSP5HK,93.0,,93.0,93.0,93.0
B07PMV78L2,,,,,387.0
B07PNHRYC8,159.0,159.0,,,159.0
B07PNNJ6H5,,,,,470.0
B07PNPP1VD,,,,,104.0
B07PNZTQWV,,,,,3.0
B07PP23CJB,,,,,1.0
B07PPBT7VW,,,,,14.0
B07PPT9YSD,93.0,,,,93.0
B07PPV2QSP,,,,,93.0
B07PQTMVNP,,402.0,402.0,402.0,402.0
B07PR9YZPZ,,,878.0,878.0,878.0
B07PRGYZZX,,,,8.0,
B07PRPK1W9,,181.0,,,
B07PS3SZ15,,285.0,,285.0,285.0
B07PS5X4XH,22.0,,,,22.0
B07PSM51GZ,,7.0,,,
B07PTZ1G5Y,,3486.0,3486.0,3486.0,3486.0
B07PV5WZLX,,,,,142.0
B07PV8CG91,1510.0,1510.0,1510.0,1510.0,1510.0
B07PV8XN1L,,,,6.0,
B07PVX7TYD,,,1243.0,1243.0,1243.0
B07PW3YF26,737.0,,737.0,737.0,737.0
B07PW4XDWD,,,,1452.0,1452.0
B07PWHN4C2,,,,,350.0
B07PWHXC3V,2416.0,2416.0,2416.0,2416.0,2416.0
B07PWNW5TF,,,,,5.0
B07PWWD8ZP,,,,,199.0
B07PX1B27F,69.0,,,,69.0
B07PX1M968,146.0,,,,146.0
B07PX42SLF,9822.0,,,,
B07PXLPFDT,,,,,5.0
B07PXQT4M4,,,,,26.0
B07PXRV55S,9.0,,,,
B07PXS39V3,,,,,63.0
B07PXS86HZ,,,20.0,,
B07PXWGWT9,,,,373.0,373.0
B07PY1PQR9,,,,,29.0
B07PY66DRZ,,,,,10.0
B07PYFKYW6,,,,,141.0
B07PYG2CHC,1452.0,1452.0,1452.0,1452.0,1452.0
B07PYPGP76,,,,,14.0
B07PYPNT3P,,,,,38.0
B07PYT274D,,,,,1.0
B07PYXXGPB,,,216.0,216.0,216.0
B07PYZHDQL,,,,305.0,305.0
B07PYZLYNP,,,,14.0,14.0
B07PYZTD9M,,,,,28.0
B07PZ6XPMY,924.0,,,,924.0
B07PZ9DLNP,,,,,10.0
B07PZK35P4,,,,,9.0
B07PZS23MS,,,,,563.0
B07PZW2XFS,,,,,2.0
B07Q1BSLWP,223.0,223.0,,,223.0
B07Q1K3F4S,,,,,16.0
B07Q1YS7QK,,,,,482.0
B07Q21V5G3,,,,,125.0
B07Q22D8CJ,,,,,112.0
B07Q23RVDM,2163.0,2163.0,2163.0,,2163.0
B07Q25CZ1L,2163.0,2163.0,2163.0,2163.0,2163.0
B07Q266NB4,,,,,157.0
B07Q2N5P6M,,,,16.0,
B07Q2SYSRD,,,3.0,,
B07Q2T6GWW,28.0,,,,
B07Q2V3V23,,,848.0,848.0,848.0
B07Q2WT13D,,,,,73.0
B07Q34PYJC,,3681.0,3681.0,3681.0,3681.0
B07Q3BHG2Z,,,,290.0,290.0
B07Q3GZ9QX,,,,,1261.0
B07Q3T7HML,339.0,,,,339.0
B07Q49W8TP,,,,,5.0
B07Q4G9VB9,,,,32.0,32.0
B07Q4JK9SW,,,,,2.0
B07Q4QLMMG,,,,66.0,
B07Q592SX1,,,,946.0,
B07Q597VQ8,,,,,27.0
B07Q59W9TN,,,,,6.0
B07Q5B1193,,,,,40.0
B07Q5LX8WJ,,,,125.0,125.0
B07Q5LYK9G,13.0,,,,13.0
B07Q5V5LWH,,,,,59.0
B07Q65BPV4,58.0,,,,58.0
B07Q6NN4N2,27.0,,,,
B07Q6NT79J,,,,49.0,49.0
B07Q79W3BY,81.0,,,,
B07Q7XFL7L,29.0,,,,
B07Q7Y33HR,35.0,,,,
B07Q83MT5H,,,,,22.0
B07Q8FSGZ8,843.0,,843.0,,843.0
B07Q8GSZDN,,225.0,225.0,225.0,225.0
B07Q98Y78V,3.0,,,,
B07Q9QFWQS,,,,,2728.0
B07Q9QKGV4,,,10.0,,
B07QB3P5FG,,,83.0,83.0,83.0
B07QB82D2V,137.0,,,,137.0
B07QB8CSLT,125.0,,125.0,,125.0
B07QBNNRH2,,,11.0,,
B07QC7FMQN,19.0,,,,
B07QCDT6V3,3.0,,,,
B07QCFJ7PC,357.0,,,,357.0
B07QCYYNY1,585.0,,585.0,585.0,585.0
B07QD4BTS7,,,,121.0,121.0
B07QDW5GP8,,,,,2728.0
B07QFB8DK3,5000.0,,5000.0,,5000.0
B07QFFHRC8,242.0,242.0,,242.0,242.0
B07QG37692,,,,32.0,32.0
B07QGVK6GZ,,,,,63.0
B07QGX35JZ,,,213.0,,213.0
B07QH4STB2,,,,18.0,18.0
B07QJ26DT1,,13504.0,,13504.0,13504.0
B07QK7FSMV,,,,,90.0
B07QK8D8L6,,,16.0,,16.0
B07QKD68LQ,401.0,401.0,401.0,401.0,401.0
B07QKHRWSZ,241.0,,241.0,,241.0
B07QL5QWXP,,,335.0,,335.0
B07QLG1YHB,,,,,43.0
B07QMQNQHX,,,,,204.0
B07QMR952B,,,,,66.0
B07QN8DXL8,,88.0,,,
B07QP2LXZW,,,,,98.0
B07QP39BHK,,,,,382.0
B07QP9J4BY,,,,,79.0
B07QP9VWYX,,88.0,,,88.0
B07QPL7G66,,199.0,,,199.0
B07QPPF9M1,4635.0,4635.0,,,4635.0
B07QPPHYCG,,4635.0,4635.0,,4635.0
B07QPX4SK8,,,,,15.0
B07QPX63GK,,,,,42.0
B07QQ1ZSH2,,,,12.0,
B07QQ2LYBQ,,,,,24.0
B07QQNWDMC,,,,,23.0
B07QR6NV33,,,,,24.0
B07QR6XD9H,,292.0,292.0,292.0,292.0
B07QRQH1D7,870.0,870.0,,870.0,870.0
B07QRSH9W7,176.0,176.0,,,176.0
B07QRWP9GR,,1748.0,,1748.0,1748.0
B07QRX8YX6,163.0,163.0,,,163.0
B07QSBCLQD,41.0,41.0,,,41.0
B07QSY7XK6,52279.0,52279.0,52279.0,52279.0,52279.0
B07QTBSKP5,,,,289.0,289.0
B07QTFGV2W,6628.0,6628.0,6628.0,6628.0,6628.0
B07QTP6ZQG,,11.0,,,
B07QTZ4ZNP,,,,,213.0
B07QVH25NK,,,,247.0,
B07QVY3T7L,81.0,,,,81.0
B07QW1JSCQ,1398.0,,1398.0,,1398.0
B07QX99FR9,,,,102.0,
B07QXCXX89,,,,,14.0
B07QXDJ9PB,,,,,115.0
B07QXKLGT1,96.0,,,,
B07QY1Z2MP,,,,,273.0
B07QY2FP8B,,,88.0,,88.0
B07QY36FLR,,,,,92.0
B07QY7CWZG,,,,,45.0
B07QYLTZ6K,,,13.0,,
B07QYMQWF7,,,,,132.0
B07QYRFTGX,,,,,6.0
B07QZ2ZZ72,,,,42.0,42.0
B07QZ3ZJH2,,,,,328.0
B07QZRR7GV,,,,802.0,802.0
B07QZVG14G,,,,21.0,
B07R1557C8,,,,,868.0
B07R32HHH8,,,766.0,766.0,766.0
B07R458KWQ,1964.0,1964.0,1964.0,1964.0,1964.0
B07R4DYCGQ,,,610.0,610.0,610.0
B07R4H8W7W,,,4.0,,
B07R626WMJ,,,,,6.0
B07R6CDC3X,,,,,22.0
B07R6M2D8M,,,,,100.0
B07R6NSNPN,,15.0,,15.0,15.0
B07R717XX4,,,,1432.0,1432.0
B07R7315JK,,,,,9.0
B07R75CRS2,,,,61.0,
B07R7RZWL5,4459.0,4459.0,4459.0,4459.0,4459.0
B07R8TCV5X,,,,55.0,
B07R9X1QZN,277.0,277.0,,,277.0
B07R9ZTSLK,,,,,100.0
B07RB2KB1V,,,,15.0,
B07RBBP8GC,,,,502.0,502.0
B07RBR331R,,,,,5.0
B07RCH1FJF,,,,38.0,
B07RD4PGH1,,,,81.0,
B07RDJPQ3G,,,2092.0,2092.0,2092.0
B07RDPQKF9,473.0,,473.0,,473.0
B07RDQ362F,,145.0,145.0,145.0,145.0
B07RFN1ZK2,,78.0,,,
B07RGJ61G7,272.0,,,,272.0
B07RGJ6XHB,236.0,236.0,,,236.0
B07RGNVSHX,,,,31.0,31.0
B07RGTV7XV,,,,,6.0
B07RHMC7TM,186.0,,,,186.0
B07RJQBW5S,,,,,37.0
B07RJQNP7L,159.0,159.0,,,
B07RJRDYSR,,,,,38.0
B07RJTQB4Q,,,,,60.0
B07RKMQLG6,,,,,8.0
B07RKRC35Q,1233.0,1233.0,,,1233.0
B07RKVHK64,1217.0,,,,1217.0
B07RLF34ZD,,,1714.0,,1714.0
B07RLF4BH5,112.0,,,,
B07RLLQSKR,2092.0,2092.0,2092.0,2092.0,2092.0
B07RM1S1XG,,,,,49.0
B07RMXPD22,112.0,,,,
B07RNY8QF3,,,,,112.0
B07RP527ML,2149.0,,,2149.0,
B07RP66W8Y,2149.0,,,2149.0,2149.0
B07RPM44VD,,,,,8.0
B07RPZG25H,3262.0,3262.0,3262.0,3262.0,3262.0
B07RQ58RRL,7.0,,,,
B07RQ64DQZ,2149.0,,2149.0,2149.0,2149.0
B07RQDDSBC,716.0,,716.0,,716.0
B07RQJH28P,,,,,9.0
B07RQYL6QV,,93.0,,93.0,93.0
B07RQZR6BL,,,317.0,,317.0
B07RRHHJCB,,,58.0,,58.0
B07RS4SVMW,,,50.0,50.0,50.0
B07RS4TZ7F,,,,,36.0
B07RS4Z3CR,,,502.0,502.0,502.0
B07RS4Z3CS,,502.0,502.0,502.0,502.0
B07RSB72PT,,,57.0,57.0,57.0
B07RSCJLBZ,,,,,18.0
B07RTB6578,,,,,292.0
B07RTH35X7,2133.0,2133.0,,2133.0,2133.0
B07RV1RW1V,,30.0,,,30.0
B07RVC523Z,,,,,69.0
B07RVG5VWC,,,,,157.0
B07RWF9CP4,,502.0,502.0,502.0,502.0
B07RWF9MDS,,502.0,502.0,502.0,502.0
B07RWJF8NF,2750.0,2750.0,2750.0,2750.0,2750.0
B07RWKSCJ1,11.0,,,,11.0
B07RWLQN1B,,,59.0,,59.0
B07RWNLSCL,504.0,504.0,,,504.0
B07RWV8MV3,765.0,,,765.0,765.0
B07RX1KXVD,,,359.0,,359.0
B07RX3WMRH,,,,,15.0
B07RX5XCF8,53.0,,,,53.0
B07RX9T2BD,,,,,346.0
B07RXB8MTM,,,,,24.0
B07RXNTZD6,3.0,,,,
B07RXTXVZK,,,,,22.0
B07RXX3ZHK,2750.0,2750.0,2750.0,2750.0,2750.0
B07RXYJ8BK,2750.0,2750.0,2750.0,2750.0,2750.0
B07RXZBZW5,,,45.0,,
B07RY1KDT4,,,,,14.0
B07RYS69NB,6.0,,,,
B07RYW6ZT6,193.0,,,,193.0
B07RZ48XR1,,,4541.0,,4541.0
B07RZC51VT,,,,,410.0
B07RZTSYYW,19.0,,,,
B07RZX8FBD,,,,,141.0
B07RZYTP23,,,,36.0,36.0
B07RZZ462F,,,,,10.0
B07S15ZWW2,,260.0,,,260.0
B07S1FML1W,,,,,35.0
B07S1NXT21,,,,175.0,175.0
B07S22JCPL,25.0,,,,25.0
B07S2C3515,,17.0,,,17.0
B07S2CFWL5,,911.0,911.0,911.0,911.0
B07S2H9YD2,,,,,410.0
B07S2HWHMT,,,339.0,339.0,339.0
B07S2PM6KS,517.0,,517.0,517.0,517.0
B07S32PN7M,,,,,9.0
B07S33Q4VP,2085.0,2085.0,2085.0,2085.0,2085.0
B07S3H562B,,,,,49.0
B07S3HF688,612.0,612.0,,612.0,612.0
B07S3HPB7B,,,,,410.0
B07S3T7D3V,,,,,416.0
B07S48ZN6X,,,,215.0,215.0
B07S52GGH5,34.0,,,,34.0
B07S533411,,14.0,,,
B07S5D644K,313.0,,,313.0,313.0
B07S5PXZWX,,,,,78.0
B07S5RM2C5,,,,,87.0
B07S5WS6Q3,,,313.0,,313.0
B07S5ZGNMS,,,,,60.0
B07S612V13,56.0,,,,56.0
B07S623VTZ,,,,42.0,42.0
B07S661YRS,,,,,1177.0
B07S6LWGF9,,12.0,,,
B07S6N4WY3,,,346.0,,346.0
B07S6SYZ9T,,,,,25.0
B07S72KCYL,,89.0,,,89.0
B07S72PL5H,,,,,238.0
B07S78WJFS,,1177.0,,1177.0,1177.0
B07S79G4CN,,,,,108.0
B07S79HQ61,56.0,,,56.0,
B07S7S8PGX,,,,,11810.0
B07S8J918W,,1488.0,,,1488.0
B07S8R92HY,,,,,11810.0
B07S8YFJ9C,,,,92.0,92.0
B07S99YWPC,,,,,1177.0
B07S9QMM2H,1959.0,1959.0,1959.0,1959.0,1959.0
B07S9R573W,,,6.0,,
B07S9XRRRX,,,,,492.0
B07S9YYD5J,,,,,16.0
B07S9Z1SCS,99.0,,,,
B07SB3QQ7W,,,,,44.0
B07SBMH4QQ,19.0,,,,19.0
B07SC188MP,,,,,89.0
B07SCNG32V,,,,,3.0
B07SCWCVCN,,,117.0,,
B07SD52ZR7,,,,,342.0
B07SDBZS63,924.0,924.0,,924.0,924.0
B07SDFCC7L,,,,402.0,402.0
B07SFD6RHG,,,66.0,,66.0
B07SFXT13S,433.0,,,,433.0
B07SH5X577,1100.0,,1100.0,,1100.0
B07SHFRR68,,,,,802.0
B07SHM4882,573.0,573.0,573.0,573.0,573.0
B07SHR28TB,249.0,249.0,249.0,,249.0
B07SHV9V86,13861.0,13861.0,13861.0,13861.0,13861.0
B07SJ55WNF,,,,,6.0
B07SJ66BVJ,306.0,306.0,,306.0,306.0
B07SJ6FNMW,306.0,,,306.0,306.0
B07SJ77GV7,387.0,,387.0,387.0,387.0
B07SJRNDVC,,,,43.0,
B07SK6GVY1,213.0,,,213.0,213.0
B07SKSXF2T,584.0,,584.0,584.0,584.0
B07SKV2B12,873.0,873.0,,873.0,873.0
B07SKVLQQ9,939.0,939.0,,,939.0
B07SLY12VV,233.0,,,,233.0
B07SM1446J,7392.0,7392.0,7392.0,7392.0,7392.0
B07SM9K5YC,191.0,191.0,191.0,191.0,191.0
B07SND82C3,191.0,,191.0,191.0,
B07SP8X7T8,,,,,22.0
B07SQ9T586,,,,,554.0
B07SQJRWZM,,,,,5.0
B07SQK7QT3,,,,,3.0
B07SR35KZL,,,,,606.0
B07SR47XJW,841.0,841.0,841.0,841.0,841.0
B07SRFLCS6,,,,412.0,412.0
B07SRGN21W,,,,420.0,
B07SRWR7MV,,,,,240.0
B07SS2HPRF,,12.0,,12.0,
B07SS8K2N6,,,,,101.0
B07SS9WBRB,,,,,5.0
B07SS9YXC9,,,,,103.0
B07SSRLC2H,,,,14.0,
B07SSZ41CP,980.0,,,,980.0
B07SSZNMTS,,,,,821.0
B07ST3VPGW,606.0,,606.0,606.0,606.0
B07SVHZLWM,103.0,,,,
B07SVJQG6W,,,,554.0,
B07SVMXZSR,,,,,61.0
B07SW37ZJT,,7.0,,,
B07SWBYZS1,,,22.0,,
B07SX7XRMZ,,,,,46.0
B07SXBJF43,,,,,22.0
B07SY6TQNT,,,,,86.0
B07SY742QW,821.0,821.0,,,821.0
B07SYVBD7Z,1727.0,1727.0,1727.0,1727.0,1727.0
B07SZ64XHW,589.0,,,,589.0
B07SZ9TM7Z,,2.0,2.0,,
B07SZC2593,,523.0,,,
B07SZC6NTT,101.0,,101.0,101.0,
B07T13Q519,475.0,475.0,475.0,475.0,475.0
B07T1GVPC8,,,,523.0,
B07T1H6VZ8,,,,523.0,523.0
B07T1K8LNM,523.0,523.0,523.0,,523.0
B07T1P6G3V,,,,305.0,305.0
B07T1XGLNT,208.0,208.0,,208.0,208.0
B07T2HQCF2,523.0,,,,523.0
B07T2HX3QW,,,,,50.0
B07T2JBVVX,,99.0,,,99.0
B07T2JV9CL,81.0,81.0,,,81.0
B07T2K86CW,3641.0,3641.0,3641.0,3641.0,3641.0
B07T2PXHTL,,,,,37.0
B07T3BJHTD,,,,,15.0
B07T3JYS31,,,,,523.0
B07T423KWX,,,,,16.0
B07T45W89V,,580.0,580.0,,580.0
B07T4HGHPW,157.0,,,,157.0
B07T55ZM5C,,,,,106.0
B07T64FHXR,,,1146.0,,1146.0
B07T6XK3FD,305.0,,,,
B07T71H6JT,,,,,98.0
B07T72XH24,8.0,,,,8.0
B07T75JRTQ,,432.0,432.0,432.0,432.0
B07T81KH9Q,,,,53.0,53.0
B07T8B4BXZ,,,23.0,23.0,23.0
B07T8B4G6N,,,,79.0,
B07T8CBHTN,,,,,2795.0
B07T8HKC5S,,37.0,,,37.0
B07T8MQ3GS,4.0,,,,
B07T95XVXT,,,,,26.0
B07T9BHJT1,9.0,,,,
B07T9CK5R6,,,1168.0,1168.0,1168.0
B07T9CYTQB,1168.0,,,,1168.0
B07T9FF3SF,29.0,,29.0,29.0,29.0
B07T9FFBMY,,,24.0,24.0,24.0
B07T9LV8YQ,,,,,231.0
B07T9ZHNN8,,250.0,,250.0,
B07TB11YZM,517.0,517.0,517.0,517.0,517.0
B07TB3ZV1W,,,18.0,,
B07TB699B7,,,,,12.0
B07TB8YRGP,,,,,54.0
B07TB9PDLQ,,,,,374.0
B07TBCVRZL,,,1168.0,1168.0,1168.0
B07TBGCPYR,,,,,74.0
B07TBJLXML,,,,,2.0
B07TCFMQSL,,,,,6.0
B07TCHN269,,,68.0,68.0,68.0
B07TCHQTNN,,,92.0,92.0,92.0
B07TCZTPYH,,,,,1.0
B07TD277KK,181.0,,,,181.0
B07TD35L7Q,,,,,69.0
B07TD6C4FG,410.0,,410.0,410.0,410.0
B07TDH69DW,1168.0,,,1168.0,1168.0
B07TF9YL7R,,997.0,,,997.0
B07TFBKYC6,,,,,95.0
B07TG12YXM,239.0,,,,239.0
B07TGTLP6N,,,,,3.0
B07THBTX51,,,,,997.0
B07THM9466,,,,,122.0
B07TJ78TTH,,653.0,,653.0,653.0
B07TJGD41K,2586.0,2586.0,2586.0,2586.0,2586.0
B07TJJHJ6H,397.0,,,397.0,
B07TJMGKDG,,20.0,,,
B07TJSGM46,116.0,,,,116.0
B07TK1S8SK,4212.0,4212.0,4212.0,4212.0,4212.0
B07TKKN31G,,,,,3.0
B07TKKVHC4,,,,,5.0
B07TKTB2D3,,,,560.0,560.0
B07TM38KQM,,,,118.0,
B07TM46MNT,997.0,,,,
B07TMNT81J,823.0,,823.0,823.0,823.0
B07TN46RG5,1616.0,1616.0,1616.0,1616.0,1616.0
B07TN5SY8J,,,,,118.0
B07TNJR87Y,,150.0,,,150.0
B07TNRHLR4,,374.0,,,374.0
B07TP943L5,,,,,152.0
B07TPMBBR1,800.0,800.0,800.0,800.0,800.0
B07TQDJXLK,,,,,118.0
B07TQDLF2K,,,,,118.0
B07TQGFL85,1692.0,1692.0,,1692.0,1692.0
B07TRMZ43F,,,,,73.0
B07TRMZ4DR,57.0,,,57.0,
B07TS3TNJ2,,57.0,,,
B07TS6GTS7,1127.0,1127.0,1127.0,1127.0,1127.0
B07TSF646H,,,,,10.0
B07TSFY4ZN,,13.0,,,
B07TSWKZ6Y,,,,118.0,
B07TSX5LYT,,,,118.0,
B07TSXK6Z3,,,,,38.0
B07TT22P6L,,,,,431.0
B07TTKW7JQ,,,,,280.0
B07TVBTSWB,34.0,,,,34.0
B07TVMSL87,65.0,,,,
B07TVRXSRR,,,,,85.0
B07TVSKZDF,,,,152.0,
B07TW5SDC1,,,,,74.0
B07TW619KH,,,,266.0,266.0
B07TW8HJ23,,,,,27.0
B07TWFTM5N,,,,,8.0
B07TWG68CP,2609.0,2609.0,2609.0,,2609.0
B07TX3K85S,,,,187.0,187.0
B07TX96YJ4,,,,,311.0
B07TXC3BPV,1009.0,1009.0,,1009.0,1009.0
B07TXCP8QT,119.0,,119.0,,119.0
B07TXKJCKD,,,168.0,,
B07TXSKPPW,4.0,4.0,4.0,4.0,4.0
B07TYBXD5M,,,,103.0,103.0
B07TYCLHQL,,,,,17.0
B07TYTTD7N,,,,157.0,157.0
B07TZSZGY9,,,,9.0,
B07TZT8QBC,,,33.0,33.0,33.0
B07TZZJLV3,,,,187.0,187.0
B07V1CK9VR,,,,,13.0
B07V1KCLPL,,,25.0,,
B07V1MCTRB,610.0,,610.0,,610.0
B07V1R3S71,,,,128.0,128.0
B07V1XVRN7,,,,,32.0
B07V21HQQJ,,,,,74.0
B07V21WR37,108.0,,,,108.0
B07V286WPR,122.0,,,,122.0
B07V2FC7ZF,442.0,,442.0,,442.0
B07V37NSK3,,,,1037.0,1037.0
B07V39WSS4,,,,,29.0
B07V3NXYDH,,,,,123.0
B07V3SYHGW,,,,27.0,27.0
B07V421YWM,,,65.0,,
B07V43WDXB,9.0,,,,
B07V4TN348,,,,,6.0
B07V4X99QK,,,,,39.0
B07V5GSRQR,,,,,82.0
B07V5XFKNM,,21.0,,,
B07V632MC7,3883.0,,3883.0,3883.0,3883.0
B07V6CYGGH,122.0,122.0,122.0,,122.0
B07V6JNDV1,,,,,77.0
B07V6KQTB9,,,,93.0,
B07V6VNW1P,,,,,33.0
B07V6XNBNF,,,,,23.0
B07V71PPXN,,234.0,,,234.0
B07V7F5ZN8,,,,,21.0
B07V8FXYSG,,,,,291.0
B07V9KNY46,,,,,1037.0
B07V9QHJV2,,2558.0,,2558.0,2558.0
B07VB5T9V9,27.0,,27.0,27.0,27.0
B07VB6QDP2,,,38.0,38.0,
B07VB6RF3B,38.0,,,,38.0
B07VC6DGKW,95.0,,,,95.0
B07VCGD82W,,,,,501.0
B07VCGW7GZ,,,,,486.0
B07VCMFHS3,,,,,191.0
B07VCZRGM1,1416.0,1416.0,1416.0,1416.0,1416.0
B07VD3299D,,,902.0,902.0,902.0
B07VDDJPR7,,,,,101.0
B07VDGW9ZS,,,402.0,402.0,402.0
B07VDJLR7X,,,554.0,554.0,554.0
B07VDMVD8D,223.0,,,,223.0
B07VDSY52X,,,,,8.0
B07VF3N615,,,,,33.0
B07VFG4BW8,,,,,29.0
B07VFVQMM4,25.0,,,,
B07VFW4W83,,,14.0,,
B07VGN8FM4,501.0,,,,
B07VGNFZXW,,,,,199.0
B07VH1M7J3,,,,,47.0
B07VH48CQF,,1101.0,,1101.0,1101.0
B07VHKGDP9,,186.0,,,186.0
B07VHL2FY9,,,,56.0,56.0
B07VJJWT26,,,,,2.0
B07VJNF3P6,85.0,,,,85.0
B07VJYD2Z8,,,,,268.0
B07VK5B68Y,,24.0,,,24.0
B07VKM1CK9,,,2.0,,
B07VL2WBDP,,,,,3.0
B07VL3FSKR,84.0,,,84.0,84.0
B07VL3FXPQ,,,84.0,84.0,84.0
B07VL3XDMJ,84.0,,,,84.0
B07VLY3YM1,20.0,,20.0,,
B07VM6YHKC,,,,,84.0
B07VMNTWFR,2277.0,2277.0,2277.0,2277.0,2277.0
B07VNGVFS2,,25.0,,,
B07VNPBW53,,,282.0,,
B07VNWKM9M,,,,,264.0
B07VNXNT8B,,,2887.0,,2887.0
B07VP3PNPN,,,,,84.0
B07VPG29JG,,340.0,,,340.0
B07VPJD6L1,,,,,365.0
B07VQ6F3TZ,,,,,84.0
B07VQ7M6MP,,,,,50.0
B07VQ7WNNW,,,238.0,238.0,
B07VQCGGKQ,,,,,4.0
B07VQFR7FD,,,,,365.0
B07VQHHB2M,8.0,,,,
B07VQJ7PC5,,,,,175.0
B07VQN58JW,,,,,770.0
B07VQRSSGZ,939.0,939.0,939.0,,939.0
B07VQWSPMC,,,,,282.0
B07VR56426,2887.0,2887.0,,2887.0,2887.0
B07VRF5K3T,,,,,9.0
B07VRPWLWR,,,,,468.0
B07VRTTDNQ,,,,,282.0
B07VRVSM6L,,,,,117.0
B07VS157HS,,,,,10.0
B07VS7W5HW,,,,,2887.0
B07VS7XBH9,2887.0,,,2887.0,2887.0
B07VT4WVBH,,,,,20.0
B07VTM6JN5,82.0,,,,
B07VV3HSRT,,,,,1.0
B07VV6Z48K,,,,,3.0
B07VVMQ9G3,,,,,56.0
B07VVPFGHN,,,,1.0,
B07VVTX1QT,,,,,197.0
B07VWH63C3,,,580.0,,580.0
B07VWMBNNS,,1845.0,,1845.0,1845.0
B07VX21VB8,,,,,396.0
B07VX59VBJ,,,,556.0,556.0
B07VX69DDM,,,,,51.0
B07VXVHKWJ,102.0,,102.0,,102.0
B07VYVX1VC,,,,,2339.0
B07VZWJQNB,,,,53.0,53.0
B07VZXNR3P,,,,,2339.0
B07W3L1LJF,8.0,,,,
B07W3LT1PF,,,,65.0,
B07W3NN2T6,,,3046.0,3046.0,3046.0
B07W4X3GJW,104.0,,,,
B07W6ZM628,,,42.0,,
B07W73WSRD,39.0,,,39.0,39.0
B07W81RDP2,,,,,4.0
B07W825VP5,,,,374.0,374.0
B07W87VXZH,,194.0,,194.0,194.0
B07W95GXJB,,139.0,,139.0,139.0
B07W95LG4F,,711.0,,,
B07W95LJRR,,,,2795.0,2795.0
B07WBWPLG5,,518.0,518.0,,518.0
B07WC5JXNL,,,,,2795.0
B07WCQ42DQ,,,,,73.0
B07WD6MXG3,,,,,34.0
B07WDLYBG1,211.0,,211.0,,211.0
B07WDVQW7M,,114.0,,,114.0
B07WG72P53,,,,,95.0
B07WG916WP,,,,,73.0
B07WGJ89DT,126.0,,,,126.0
B07WGR1S8G,203.0,,,,
B07WHWJKLH,,,,,27.0
B07WJ14Z9D,,,4.0,,
B07WJ84YHL,484.0,,484.0,484.0,484.0
B07WJWGWHP,,,,317.0,
B07WJZ1H3V,,,,17.0,
B07WJZR3F4,,,,,3.0
B07WK3374S,,,,,240.0
B07WLJNS2D,,,,12.0,
B07WLPLN81,,,,,23.0
B07WM274LB,,,62.0,62.0,62.0
B07WM2T88R,,,75.0,,
B07WNJ3VLQ,284.0,,,,284.0
B07WNSYBLW,,,477.0,477.0,477.0
B07WNYDD82,,,,,1415.0
B07WP7Q31H,,,466.0,466.0,466.0
B07WPDS62J,,453.0,,453.0,453.0
B07WPHFFY9,,,,,18.0
B07WPTJCP1,,,,,53.0
B07WPY2V15,2004.0,2004.0,,2004.0,2004.0
B07WQTZ676,,,1135.0,1135.0,1135.0
B07WQZ677Q,,,,,175.0
B07WR153GZ,,,,,7.0
B07WRG9N49,7121.0,7121.0,7121.0,7121.0,7121.0
B07WRR78P3,,589.0,,589.0,589.0
B07WRS2R1L,144.0,,144.0,,144.0
B07WRSZ46F,2959.0,2959.0,2959.0,2959.0,2959.0
B07WRZBLSM,88.0,,,,88.0
B07WS7W44B,,,,,21.0
B07WSH5DNS,,,,31.0,31.0
B07WSP75B7,1112.0,,1112.0,1112.0,1112.0
B07WSZ5TL3,,,,,69.0
B07WT3BJM8,,77.0,,,
B07WT74N3K,,,,2795.0,
B07WT95KK2,,,,,263.0
B07WTPZW2L,,,,,248.0
B07WTQW9J7,,1261.0,,,
B07WTW3Q5S,,,,,592.0
B07WVWPQTQ,,,,,70.0
B07WWW1BSB,106.0,,,,106.0
B07WXJBKFV,,,,150.0,
B07WYD5P6W,,,,,466.0
B07WYHS2HD,5535.0,5535.0,5535.0,5535.0,5535.0
B07WYK525Y,1651.0,,1651.0,1651.0,1651.0
B07WZZPY34,,,,,56.0
B07X1NQ6FN,1213.0,,1213.0,1213.0,1213.0
B07X1WVWGR,,92.0,,,
B07X1XCZ2P,,42.0,,,
B07X1Z594Q,,,,,157.0
B07X22XT49,,,,,232.0
B07X2HJ9NC,1299.0,,,1299.0,1299.0
B07X2L6NM3,,,,485.0,485.0
B07X2M75GR,94.0,,94.0,,94.0
B07X33GCCB,,,490.0,490.0,490.0
B07X349T2F,,375.0,,375.0,375.0
B07X38RZTR,,44.0,,44.0,44.0
B07X3FRN6V,,,,,1299.0
B07X3ZFY97,,,,,146.0
B07X3ZV9MG,127.0,,127.0,,127.0
B07X41QVPG,,,,85.0,
B07X43B597,,,,,157.0
B07X489B53,,,,,143.0
B07X48H3VX,4047.0,4047.0,4047.0,4047.0,4047.0
B07X48MKZF,1479.0,1479.0,1479.0,1479.0,1479.0
B07X4BN6HZ,,,,,89.0
B07X54RX4M,25.0,,,,
B07X5FJ6BS,,,,,11.0
B07X5N53D8,,,,111.0,111.0
B07X5S1S4F,,,,94.0,
B07X5XZD71,,,,,100.0
B07X6M96L4,,83.0,,,
B07X87LD14,,356.0,,,356.0
B07XB57NCT,,16.0,16.0,,
B07XBSMPMR,,,,,233.0
B07XBVHDBM,,,,,137.0
B07XCGGKHM,,,,5.0,
B07XCN6P81,,32.0,,,32.0
B07XD2FRLS,,,,,94.0
B07XD2T9VH,4437.0,,4437.0,4437.0,4437.0
B07XDLCXP1,1510.0,1510.0,,1510.0,1510.0
B07XDQYPG8,,,22.0,,
B07XDWV4HM,3766.0,3766.0,3766.0,3766.0,3766.0
B07XF2FFJ5,,,,,14.0
B07XFJ85LR,176.0,176.0,176.0,176.0,176.0
B07XFNG6RG,,,,,932.0
B07XG1P45Z,,,1.0,,
B07XG7XSNZ,,,,,44.0
B07XG9X6PY,709.0,,,,709.0
B07XGDNN14,,,,,80.0
B07XGL7HTK,17.0,17.0,,,17.0
B07XGN6GQM,,,,,33.0
B07XH5VQTG,,,1294.0,1294.0,1294.0
B07XH6SF9H,,,,,92.0
B07XJ4CQBF,,,,,932.0
B07XJRTF7C,,,,136.0,136.0
B07XJSNRDM,7.0,,,,
B07XKDGGP1,,,,,109.0
B07XKDGQJK,,,,,571.0
B07XKHMZKT,,,,,13.0
B07XKPJPRQ,,,,,5.0
B07XKSRRM2,983.0,,,983.0,983.0
B07XLDPFXZ,,,,14.0,14.0
B07XLGPXD4,,,,125.0,
B07XLP6JDZ,,,,,591.0
B07XLWV7G6,61.0,,,,61.0
B07XM5QB3G,,411.0,,,411.0
B07XNYL4J7,,,20.0,,
B07XPD7W1K,,,710.0,710.0,710.0
B07XQN3ZXM,,,,,122.0
B07XQY16RW,,,,,148.0
B07XR5K7BR,215.0,,,,
B07XR97YLK,,,,,148.0
B07XRB2YB6,96.0,,,,96.0
B07XRJLM4Q,891.0,891.0,891.0,,891.0
B07XSC5TW4,3208.0,3208.0,3208.0,3208.0,3208.0
B07XTSJ4J4,,,,,374.0
B07XW9NQJV,,,176.0,,176.0
B07XWBJH68,,,66.0,66.0,66.0
B07XX7P8DR,,,93.0,,93.0
B07XXS8C1Q,,1012.0,,,1012.0
B07XXV44MR,,,,,347.0
B07XY3FXDJ,,,,92.0,92.0
B07XYML73J,1120.0,1120.0,1120.0,,1120.0
B07XYNX2PT,,,,,70.0
B07XYSKR2Z,1037.0,,1037.0,1037.0,1037.0
B07XZBKDRF,164.0,,164.0,,164.0
B07XZJK4WP,284.0,,,,284.0
B07XZKSG26,284.0,,,,284.0
B07XZKY3NT,,,,,1665.0
B07XZL764Z,,107.0,,107.0,
B07Y17WY76,,,,,4.0
B07Y29Z5W1,,,,,62.0
B07Y2DD6TG,,,,,1965.0
B07Y2V4B5F,,,,,148.0
B07Y33C214,,,,711.0,711.0
B07Y3GG8TQ,164.0,164.0,,,164.0
B07Y3WBV3H,,4784.0,,,
B07Y42PR8Z,,,,,4784.0
B07Y54YQ82,,,,,26.0
B07Y5819TD,,,,,118.0
B07Y5BQQCB,,,,27.0,
B07Y5C4NL8,,,,18.0,
B07Y5JGBJD,257.0,257.0,,257.0,
B07Y5RFY22,,,,606.0,606.0
B07Y5RJBC6,487.0,,,487.0,487.0
B07Y62DTV2,,,,,142.0
B07Y62Z58W,,,,,1.0
B07Y672GRH,,,,327.0,327.0
B07Y68LCD6,,,,,629.0
B07Y6C82MZ,,,,,118.0
B07Y6CLKST,38.0,,,,
B07Y7J9BMP,2163.0,,,2163.0,2163.0
B07Y7JBFH1,,,,2163.0,2163.0
B07Y7VFJKZ,,,,,233.0
B07Y83MDQJ,126.0,,126.0,,126.0
B07Y8NW3QT,,,,,259.0
B07Y8R12QX,,92.0,,,92.0
B07Y8R4GJ2,,709.0,709.0,,709.0
B07Y8RN23Y,,,42.0,,
B07Y8V456P,,,,,259.0
B07Y8V5D48,,,,259.0,259.0
B07Y8VS79L,,,,,259.0
B07Y9G6G4X,,,,,37.0
B07Y9GR6FM,,,,68.0,68.0
B07Y9HCYZH,,,,68.0,68.0
B07Y9KPSY3,,,,,68.0
B07Y9WNPKD,,,453.0,,453.0
B07Y9ZTD1M,,,,,153.0
B07Y9ZVHKM,,,,52.0,52.0
B07YB9N7VJ,,,,,294.0
B07YBBS775,,,,294.0,294.0
B07YC91K1V,,,56.0,56.0,56.0
B07YC9RFHS,,,,56.0,56.0
B07YCBDT65,,,,,4.0
B07YCJ7VH3,,,,,146.0
B07YCR918R,,,,217.0,
B07YCTVS8G,,,,,419.0
B07YD142CD,,,534.0,,534.0
B07YD42B8J,,,,1.0,
B07YDFNCJY,,,110.0,,110.0
B07YDHZXLX,,,,,41.0
B07YDJG5K5,,,,,61.0
B07YF3HRLT,,,,,234.0
B07YFBQCMC,,,,,93.0
B07YFGKH8G,,,,,17.0
B07YFNCNCY,,,,,11.0
B07YG49WND,,,108.0,,108.0
B07YHGZT7G,1114.0,1114.0,1114.0,1114.0,1114.0
B07YHH6DZR,,,,,219.0
B07YHHNP2Q,,,,123.0,123.0
B07YHLDLJC,,,,,223.0
B07YHPGZV5,564.0,564.0,564.0,564.0,564.0
B07YHWK4NC,,,,,12.0
B07YHY8474,,3258.0,3258.0,3258.0,3258.0
B07YJ1L18C,,723.0,,,723.0
B07YJG7TL4,,,,,29.0
B07YJGXZBQ,1050.0,1050.0,,1050.0,1050.0
B07YJMJYYR,,,,,99.0
B07YJXNHNS,163.0,,,,163.0
B07YJXX7VL,,,,163.0,163.0
B07YKNKWCT,,,,699.0,699.0
B07YKNYGDN,,,,,18.0
B07YKP4JHF,,,,,37.0
B07YKRF6QS,,,,105.0,
B07YKRZY1R,,,,,84.0
B07YKS3LDF,,,,,103.0
B07YKSJ73D,,,,,64.0
B07YKSKGRB,661.0,661.0,661.0,661.0,661.0
B07YM2XRM4,,,,,234.0
B07YNC7N4G,265.0,,,265.0,265.0
B07YNY57GD,498.0,,,,498.0
B07YNYYFDY,,,,,225.0
B07YNYZ122,,,,50.0,50.0
B07YNZ7K7N,,,,,225.0
B07YNZ87J3,,,498.0,,
B07YNZJB7H,,,498.0,,498.0
B07YNZTNYZ,,,,,225.0
B07YR7FB37,728.0,728.0,728.0,,728.0
B07YRGRFLC,,,,,140.0
B07YSG2FT7,190.0,,,190.0,190.0
B07YSGNPWV,197.0,197.0,197.0,,197.0
B07YSJNM4H,,,,,487.0
B07YTPKZP4,,,,,23.0
B07YTTBQNQ,,63.0,,,
B07YTZC59B,,,,,93.0
B07YV56XFG,,,,,63.0
B07YVH96RJ,,,13861.0,13861.0,13861.0
B07YVHZGN9,6946.0,,6946.0,6946.0,6946.0
B07YW3NSW8,,,,,472.0
B07YX5GKTX,,7392.0,7392.0,7392.0,7392.0
B07YX5Y2DB,16458.0,16458.0,16458.0,16458.0,16458.0
B07YX6CJ4K,,356.0,,356.0,356.0
B07YX85CGY,,193.0,,,193.0
B07YX9RM9C,,,,899.0,899.0
B07YXCJNYK,,,,,685.0
B07YXCL7YC,,,,,47.0
B07YXDD6L5,,,,685.0,685.0
B07YXDTY1J,,,,685.0,685.0
B07YXT2ZG6,,,,16.0,
B07YXY4QQP,,,,478.0,478.0
B07YY1PZTS,,,,2.0,
B07YY7XH2X,,,,,8.0
B07YY8R7LL,,,,18.0,18.0
B07YYG8KPB,,,,,93.0
B07YYLZ2VX,1912.0,,,,1912.0
B07Z1B5M1N,,,,,7.0
B07Z1WDWYS,9538.0,9538.0,9538.0,9538.0,9538.0
B07Z275VR6,,,330.0,,330.0
B07Z2F8QDZ,141.0,,,,141.0
B07Z326PCC,,,,,143.0
B07Z35G3MZ,,,194.0,,194.0
B07Z35QRDJ,,,1247.0,1247.0,1247.0
B07Z35S113,,,1247.0,,1247.0
B07Z35V9YM,,534.0,,534.0,534.0
B07Z35Y67Y,,,,,194.0
B07Z3643KF,,327.0,,327.0,327.0
B07Z36QYCT,,,,187.0,187.0
B07Z37147D,,187.0,,,187.0
B07Z4JR7CN,1210.0,1210.0,1210.0,,1210.0
B07Z4PVP3G,,,,,300.0
B07Z4S7GMG,,,1299.0,,1299.0
B07Z53Y32Y,2566.0,2566.0,2566.0,2566.0,2566.0
B07Z54LZ17,,,,222.0,
B07Z569QBZ,221.0,221.0,,,
B07Z57Y6MB,27892.0,27892.0,27892.0,27892.0,27892.0
B07Z5B8BSC,1261.0,,1261.0,,
B07Z5QY5XH,,,,,273.0
B07Z5QY89P,,,,,274.0
B07Z5W4K1P,,,194.0,,194.0
B07Z5ZLVNV,,,,,194.0
B07Z6HVJFG,477.0,,,,477.0
B07Z78BV86,155.0,155.0,,155.0,155.0
B07Z7FQ3BN,,,,,6.0
B07Z7KP6Y5,501.0,501.0,501.0,,501.0
B07Z7P1D9V,,,,,46.0
B07Z8YRW3M,,,,,15.0
B07Z96J657,,,,,120.0
B07Z97DHMF,,,,,1.0
B07Z9XN56K,2.0,,,,
B07ZB5M642,,,,,156.0
B07ZBF79VN,,,,,123.0
B07ZCKFL43,,,,,183.0
B07ZCT1ZCS,,,,,46.0
B07ZCV3KNH,68.0,,,,68.0
B07ZDH8V8P,,,,,97.0
B07ZF3SMMB,3205.0,3205.0,3205.0,3205.0,3205.0
B07ZF6LRCG,,,,,14.0
B07ZFCDCGD,,,16017.0,16017.0,16017.0
B07ZFGTNHX,16017.0,,16017.0,16017.0,16017.0
B07ZG5QZHX,,2451.0,,,
B07ZG6LHS8,,,369.0,,369.0
B07ZG6TJVW,2015.0,,2015.0,2015.0,2015.0
B07ZGB63X4,718.0,,718.0,718.0,718.0
B07ZGB9JLL,1146.0,,1146.0,1146.0,1146.0
B07ZGC5M8Q,,,,,11.0
B07ZGNPQFJ,,,,,59.0
B07ZHHLTQ1,,,,,82.0
B07ZHYNYW3,,,,,6.0
B07ZHYPFFD,,,,,5.0
B07ZJ9QDVG,,,,,58.0
B07ZJCMMJB,,,,,32.0
B07ZJJDB36,224.0,,,,224.0
B07ZJNPBG9,4.0,,,,
B07ZJPK1R3,,,,108.0,
B07ZJQW1W1,,,,,108.0
B07ZJQYV38,,,,,108.0
B07ZJR66CM,,,,,42.0
B07ZJRWRJR,,,,,27.0
B07ZJWFTKZ,,,,,124.0
B07ZK977HD,,,,,47.0
B07ZKMMP6V,,,,,19.0
B07ZLMN7RJ,,,239.0,,
B07ZLR91DW,356.0,,,356.0,
B07ZMXNCQ5,1416.0,1416.0,1416.0,1416.0,1416.0
B07ZNF2TBS,,,,,93.0
B07ZPC9JJ7,,,,,39.0
B07ZPH6GPP,,,,,32.0
B07ZPHFTJZ,,32.0,,,
B07ZQ66FJG,,,629.0,,629.0
B07ZQ69TCV,,,143.0,143.0,143.0
B07ZQ71Z3B,,,,,629.0
B07ZQM7MMW,210.0,,,,
B07ZR5WLMC,,,,334.0,334.0
B07ZRDQXQ9,,,,,742.0
B07ZRGQDJ6,,,,742.0,742.0
B07ZRHD7SQ,,,,,742.0
B07ZRHTRPJ,,,,742.0,742.0
B07ZRNSNMN,265.0,265.0,,265.0,265.0
B07ZRR2XRG,352.0,352.0,352.0,,352.0
B07ZT77WY1,2441.0,,2441.0,2441.0,2441.0
B07ZT8M1G1,,,,,2149.0
B07ZTGT1ND,430.0,,,430.0,430.0
B07ZTK5PQN,,,38.0,,38.0
B07ZTK6NJ6,,,,,38.0
B07ZTSBKTC,,644.0,644.0,,644.0
B07ZVC1594,,,,,330.0
B07ZWNCCT5,44.0,,44.0,,
B07ZXBT5JG,,,,,27.0
B07ZXHHB2B,,,,151.0,151.0
B07ZY4LKYY,,,,,10.0
B07ZYXCD9V,50.0,,,,
B07ZZ9CYDG,,,,,1.0
B07ZZDF7C9,,,,,89.0
B07ZZFGY37,,,,294.0,
B07ZZFLDQN,,,,34.0,34.0
B07ZZGM8ZX,294.0,,,,
B07ZZJ7FK1,,,,294.0,294.0
B07ZZJ84WX,,,294.0,,294.0
B07ZZZZ5Y8,,,,241.0,
B08119RV7Q,241.0,,,,
B0811BL7SR,,,,,17.0
B0813HQ97G,564.0,564.0,,564.0,
B081474VLP,,,,,23.0
B08148FBCK,,,,,12.0
B08148WRLT,,,15.0,15.0,
B0814JL3XJ,,,,,319.0
B08157MM2V,,,15.0,15.0,15.0
B08158KTRQ,15.0,,,,15.0
B0815B1C2J,1665.0,,1665.0,1665.0,1665.0
B0815RNX2J,,,,,19.0
B0815V3XNP,,,,3.0,
B08175S6YS,,,,,442.0
B081781B81,,,,,431.0
B081BD9HM2,1243.0,1243.0,,1243.0,1243.0
B081C7BF79,,,149.0,,149.0
B081CKBW75,,,1114.0,,1114.0
B081CLTN99,,,,201.0,201.0
B081DBL361,807.0,807.0,,,807.0
B081DD3S2T,,1243.0,,,1243.0
B081DK41G1,35.0,,35.0,,
B081DVKQB9,,,,,43.0
B081DW2YBS,,,,,17.0
B081F56T7K,153.0,,,,
B081F74FWD,63.0,,,,
B081HZNY8P,,,2.0,,
B081J82C5R,,,,,1.0
B081J8N72N,,,,,19.0
B081K31H2W,,,,,2.0
B081LG47RK,487.0,,,,487.0
B081LMDR9K,,,,,116.0
B081MXT46J,276.0,,276.0,276.0,276.0
B081MYZ7G7,,,,,66.0
B081NHZJCQ,,,,,4.0
B081PSB39N,,,,,452.0
B081QMS8NL,,,,,1.0
B081QTC4W8,,,26.0,26.0,
B081RV2QQF,5.0,,,,
B081S7GV9J,1.0,,,,
B081SBXVNT,,,,,19.0
B081SM8WBP,747.0,747.0,747.0,747.0,747.0
B081SV6SHS,,,371.0,,371.0
B081SY633X,,,,,371.0
B081TFHV9F,,,,,442.0
B081THZBLF,,39.0,39.0,39.0,39.0
B081TK5J48,,,,348.0,348.0
B081TKGLCZ,,,,,2795.0
B081TKR1QS,,,,,345.0
B081TVPKSB,4.0,,4.0,4.0,4.0
B081TW9YBQ,31.0,31.0,,,31.0
B081VG55D8,75.0,,,,
B081VZYZN2,,,25.0,,25.0
B081W711BH,,,,32.0,
B081YD7HFW,,,,,134.0
B081YS5K2H,,,,,29.0
B081YYCWG9,1720.0,1720.0,1720.0,1720.0,1720.0
B081Z11RV2,1887.0,1887.0,,1887.0,1887.0
B081ZCT4Q5,,,,,6.0
B081ZD35XD,,,,4.0,
B081ZGNQZM,,,12.0,,
B081ZH528P,,,,,14.0
B081ZJR9WY,284.0,,,,284.0
B081ZNK8HZ,,,2609.0,2609.0,2609.0
B081ZPL925,,,,,59.0
B0821Q13Q5,,,,,6.0
B0821R65V8,,,,,791.0
B08221CVXJ,,,,,2728.0
B0822WRY6B,,,,,62.0
B08233ZVCF,,,,,15.0
B08234T1KX,,,,,78.0
B0823649N9,,,,,35.0
B08237QZV5,,,676.0,676.0,676.0
B0824TV2RW,,,,,60.0
B0824VFMTZ,87.0,87.0,,87.0,87.0
B08251HZW9,,,,,16.0
B08251P3MN,,,,1452.0,1452.0
B0826PXQQ1,415.0,415.0,,415.0,415.0
B082714DYK,460.0,460.0,460.0,,460.0
B08276JMPF,,29.0,,,
B08276Q6PZ,855.0,855.0,855.0,855.0,855.0
B0827F1DQ2,,,,,32.0
B0827MGL7J,,,1116.0,1116.0,1116.0
B0827NPBY5,,,,,1253.0
B0827XHC88,,,,113.0,113.0
B0828H86M3,115.0,115.0,,115.0,115.0
B0828NXCJR,59.0,,,,
B0828RVR5Q,,,,29.0,29.0
B08298PC5G,,,,,28.0
B08299DHPJ,81.0,,,,
B0829D32VV,,,,,64.0
B0829W2L2M,,,,,320.0
B082B3543V,,,,,28.0
B082BF1HJF,,,,,24.0
B082BFL1HB,,,,,1665.0
B082BK1MRR,,,,,79.0
B082BLHRQ7,,,,,1112.0
B082CV4824,,453.0,453.0,453.0,453.0
B082D2N8LM,,182.0,,,
B082D4XLQ5,,,,,265.0
B082DW88WS,,,1.0,,
B082DX96ZR,,,,,10.0
B082F1YW1K,,,,,14.0
B082F4D53F,7121.0,,,,7121.0
B082F68P6D,,77.0,,,77.0
B082F6N4G3,169.0,,169.0,169.0,169.0
B082F76C5X,,,,,22.0
B082FD1JD7,,,,565.0,565.0
B082FNZM4K,,,,,338.0
B082FYS1F6,,,,,565.0
B082FZGW9S,565.0,,565.0,565.0,565.0
B082GFNSMN,,,,,41.0
B082H9BT3H,,,,,44.0
B082HGT1BK,,,,,6.0
B082HLK9B1,,,,,95.0
B082HZDVY5,,,,,180.0
B082J13NKY,,,180.0,,180.0
B082KFW4Z2,,,,,187.0
B082KG6B6H,,,,,58.0
B082KLP75B,,,,,74.0
B082KRM1RP,,,,,1.0
B082MYDLLR,,,,,267.0
B082P9S2MY,,,,,1243.0
B082RC32TB,,,,,42.0
B082RC55P2,,,,,244.0
B082RC7J9K,,,,35.0,35.0
B082RCG9BT,,,,,36.0
B082RD4KFR,,,,244.0,244.0
B082TMVPCT,,142.0,,,142.0
B082TP1X3P,,,,,246.0
B082TX224W,,,97.0,,
B082V2WRS2,,,,127.0,127.0
B082VCL9N4,25.0,,,,25.0
B082VYPTPC,,,,47.0,
B082VYQ85H,,,,,35.0
B082W544JZ,,,,,46.0
B082WD6WZD,,,45.0,,45.0
B082WV2R21,9.0,,,,
B082XBV1F3,,487.0,,487.0,487.0
B082XKBC3J,,,,227.0,227.0
B082XKH71R,,,,,62.0
B082XL64FG,,,62.0,,
B082XN5NT1,,,,,26.0
B082XWP5LJ,,,,,388.0
B082YJQ3VJ,21.0,,21.0,,21.0
B082Z1N9BC,104.0,,,,
B082ZYQPT9,,,,,96.0
B08316BNKF,,,,,11.0
B08317PKZK,1416.0,1416.0,1416.0,1416.0,1416.0
B0831P8BBW,102.0,,,,102.0
B0833M86MG,,,,,6.0
B0833NQY2X,,21.0,,,
B0833PRXRY,,,,,243.0
B0833PSB2G,,,,19.0,
B08342SXB9,,,,,4.0
B08344CZFY,148.0,,,148.0,148.0
B0834LZ2YM,358.0,,358.0,,358.0
B0834Y61YB,,,,,36.0
B08357VDL7,,,,,88.0
B08358C8V2,,11.0,,,
B0836KBL79,127.0,,,,127.0
B0836L3S92,,,,,21.0
B0836SGM2V,,,,,71.0
B0836WY3QD,30.0,,,,30.0
B08378R149,,,,,19.0
B0838Y7KV2,,,,,148.0
B08393D6HM,,,,,2.0
B08394G47Z,926.0,,926.0,,926.0
B08398MQ2L,,,,,236.0
B08398SZZP,,,,560.0,560.0
B0839D2P6K,35.0,35.0,35.0,35.0,35.0
B0839F696W,,,,,20.0
B083BLYNTW,,,163.0,,163.0
B083BQY9K7,388.0,388.0,,,388.0
B083DFJ4FH,,,,,67.0
B083DFVNFL,21.0,,,,
B083DKTQ82,2566.0,2566.0,2566.0,2566.0,2566.0
B083DS8G25,,,394.0,,
B083DT2WJK,,315.0,,,
B083DTQ432,33.0,,,,33.0
B083DVZP98,,22.0,,,22.0
B083DX5J1N,,,,,738.0
B083DXH4V7,,738.0,,738.0,738.0
B083DYSJW9,,,,,85.0
B083DYYJPL,,,,,180.0
B083DYZDHZ,,,,,40.0
B083FFVP94,,,,,21.0
B083FN54BT,,,,29.0,29.0
B083FR8Q8R,7121.0,,7121.0,,7121.0
B083FRMKBT,19.0,,,,
B083G5DH1K,,,,,2263.0
B083GK648X,,,,556.0,556.0
B083GKFF17,,,556.0,556.0,556.0
B083H6LJ4G,123.0,,,123.0,123.0
B083HYZP86,,,,,48.0
B083J3RFZB,102.0,,102.0,,
B083J41KMZ,,,,164.0,164.0
B083J492CC,,,,,45.0
B083J49CN1,,,,,45.0
B083J4HKVG,2113.0,2113.0,2113.0,2113.0,2113.0
B083JY2PLK,,,,,187.0
B083JY588D,,,,,187.0
B083JY5F88,,,,,187.0
B083K4R1BJ,606.0,606.0,606.0,,606.0
B083KJ8LHY,,,,,163.0
B083LN69BH,,,862.0,,862.0
B083LPV4K4,,,,25.0,25.0
B083LVBSCX,,,,2.0,
B083ND17C1,,,,650.0,650.0
B083ND5KHM,219.0,,,,
B083PTD34V,,,,606.0,
B083Q3SJBZ,606.0,,,,606.0
B083Q4CQKT,,,606.0,,606.0
B083QPLR9B,,,,,53.0
B083QWXD8P,,,,46.0,
B083R7YMDS,,,,,9.0
B083R9CWVD,,,134.0,,134.0
B083RBJ5N6,,,,,88.0
B083TH3WFD,,,,235.0,
B083TPNR53,204.0,,,,
B083TQL49H,,,,,2728.0
B083VSW75X,,,,,38.0
B083VT8BDV,265.0,,,,265.0
B083W3MR56,,,111.0,111.0,111.0
B083XX878P,,,,,1.0
B083XZ9GKK,1844.0,1844.0,1844.0,1844.0,1844.0
B083YSD8D7,204.0,,,204.0,204.0
B083ZDZRND,,,88.0,,88.0
B083ZGX159,,,,,50.0
B083ZMZX64,,,,,36.0
B0841XF6JJ,,280.0,,,
B08425CWGT,,,,10.0,
B0843176Q6,,,,,3.0
B0843KBNZ4,262.0,,262.0,,262.0
B0843QGW1Z,9727.0,9727.0,9727.0,,9727.0
B08451ZDPC,,,,,11.0
B0845SKD7Z,,,,33.0,
B0846Q8NSR,,,11.0,,
B0846QXFBX,,,,,11.0
B0848C9RHD,97.0,,,,
B0848X9LX6,3015.0,3015.0,3015.0,3015.0,3015.0
B0848XMRVK,3015.0,3015.0,3015.0,3015.0,3015.0
B0849RVP9Z,,,,,246.0
B084BQ722R,,,,102.0,102.0
B084DGKHXY,,,,,489.0
B084DHC833,,,489.0,,489.0
B084DHCCRZ,,,,,489.0
B084DHPLVN,,,,,489.0
B084G3HTS3,,,,,2.0
B084G9G9W5,40.0,,,,
B084KN7S27,,1001.0,1001.0,,1001.0
B084KPP8TS,,1294.0,,1294.0,1294.0
B084KWPL5W,,,,,48.0
B084M49PNN,,52.0,,,
B084M7MTSX,,,,309.0,309.0
B084MDCXRC,,,,,42.0
B084MKFZ72,,,,,75.0
B084MMQ311,,,,146.0,146.0
B084MNB9VW,,,197.0,,197.0
B084NVFYCP,217.0,,,217.0,217.0
B084RBMRHD,,,,,83.0
B084RHC5N4,,,41.0,,41.0
B084RVRYXQ,,,,,76.0
B084SQ2X37,76.0,,76.0,76.0,76.0
B084SSB3ML,,,,,76.0
B084T7TK32,,,,,1665.0
B084VJ4YXN,,,,,135.0
B084VN9XWQ,,,,,65.0
B084VPMRSW,,,,,67.0
B084WGV2CC,,,,35.0,
B084X7M231,401.0,401.0,,401.0,401.0
B084XBZQ7L,,,,,82.0
B084Z7YP8W,23.0,,,,
B084ZG3JFM,,,,,4459.0
B084ZMDSYK,,,33.0,,
B085199FN2,814.0,,814.0,,814.0
B08524G5WW,,,,,15.0
B08526DQLX,,,,1004.0,1004.0
B0854719V6,,264.0,,,
B0855FHZFF,1270.0,1270.0,1270.0,1270.0,1270.0
B0855KVSFQ,,326.0,326.0,,326.0
B0855PL27P,,,35.0,35.0,35.0
B0855T8BPW,,277.0,277.0,,277.0
B0856STM1C,,,,34.0,34.0
B0856WDSJ4,,,,,62.0
B0856XNDYW,,,,266.0,266.0
B0856XZ5GQ,32.0,,,,
B085737NPG,,,,,83.0
B08573R9CL,,,,,2728.0
B085775WD2,,,,,91.0
B08577FDP3,,,,,52.0
B0857HLXP2,67.0,,,,
B0859CZSKQ,,,,114.0,114.0
B0859LQ25J,,,,,24.0
B0859PZ31Y,,,,,305.0
B0859Q3X67,,,,305.0,305.0
B085B4QDJF,,,22.0,,
B085B6TCM8,,,,,15.0
B085BG86LC,,,,,115.0
B085CMMQQV,,,,,43.0
B085CMSY4Y,,,,,88.0
B085DB3RMG,763.0,763.0,,763.0,763.0
B085DG26SJ,,130.0,,130.0,130.0
B085GG1QVR,,,,,88.0
B085HJRBTW,11.0,,,,
B085HNMXR1,,,,112.0,112.0
B085KZHTG9,,,,,52.0
B085L7LQF4,,,,,506.0
B085L7WPKV,,,,,52.0
B085LD9ZBT,,,,,47.0
B085LG283D,,,,,276.0
B085LRS18K,,,,,93.0
B085LSHYWG,,,,,81.0
B085LSTYZZ,,,,,22.0
B085LX1TNC,,,,,58.0
B085M3X6L8,104.0,,,,
B085M6XPHS,19.0,,19.0,,19.0
B085M7N5XR,,,50.0,50.0,50.0
B085M8W5KJ,,,,,20.0
B085MBC8XP,,,,,73.0
B085NFT5X2,112.0,,,,112.0
B085NH4KZ8,266.0,,,266.0,266.0
B085NKGBC8,,,,,24.0
B085NSY3BH,424.0,424.0,,,424.0
B085NVW1TF,,,,,1.0
B085PNPBKY,280.0,,,,
B085PNPZMZ,641.0,,641.0,,641.0
B085PRVWT7,,,,,125.0
B085PS7YJ8,,,,,96.0
B085PW6VD5,317.0,,,,317.0
B085QD1HKY,2702.0,2702.0,2702.0,2702.0,2702.0
B085QMVLWQ,,,,38.0,38.0
B085QNC39C,,,,,4.0
B085RB733F,,,,,1.0
B085RCDDRJ,279.0,,,279.0,279.0
B085RFLNYT,,,,,16.0
B085RG8NZM,,,,,37.0
B085RHG3FH,,,,,37.0
B085RHT5BC,,,,,807.0
B085RJMF67,807.0,807.0,807.0,,807.0
B085RK6Q96,,,,,2532.0
B085RPSHRF,,,,,169.0
B085T5PSJP,,,413.0,,
B085T62BTP,,,,,92.0
B085T93RKD,519.0,,519.0,,519.0
B085TDMT5H,,,,,413.0
B085TFCFX6,,,,,413.0
B085TG1MPV,,,,,99.0
B085TLK4KW,452.0,,452.0,,452.0
B085VCVBKB,,84.0,,84.0,84.0
B085VK8GBF,,,,,225.0
B085VS5QXP,255.0,,,,
B085VTDRLB,,,218.0,218.0,218.0
B085VYL18M,84.0,,,,
B085W33JDB,1329.0,1329.0,1329.0,1329.0,1329.0
B085W8FXGZ,,971.0,971.0,,971.0
B085WP5N98,,,,153.0,153.0
B085WVF2GV,37.0,,,,
B085X17Y6B,,,,,87.0
B085X1DC3D,,,,,29.0
B085XK1664,,,,,189.0
B085XS3NGH,,,,,41.0
B085XZ82RH,,,,22.0,
B085XZT7X6,1416.0,1416.0,1416.0,1416.0,1416.0
B085Y1SFYN,,2566.0,,2566.0,2566.0
B085Y1ZFCT,2566.0,,,2566.0,2566.0
B085ZFFMKM,,,297.0,297.0,297.0
B085ZLV9V9,,,,,322.0
B085ZMR78G,,,,,31.0
B0861M3R98,510.0,,,510.0,510.0
B0861RPFL6,,,,6.0,
B0861VCWHL,,,,,411.0
B08621R43Y,93.0,,,,93.0
B08624D4Y9,,,,,10.0
B08638TKR9,,,,,112.0
B0863Z61XD,,,,,19.0
B0863Z9DB6,,,,,52.0
B08656X5GB,,,,,1293.0
B0865M67FZ,,,,360.0,360.0
B0865NYZQ4,,,,225.0,225.0
B0865P4MYG,,,,168.0,
B0865VN2TL,,,,138.0,138.0
B08663T5VN,,,,,1.0
B0866441VW,336.0,,,336.0,336.0
B08668JZXW,,,,,96.0
B0866949B1,,,,,12.0
B0866DRJJY,,,,105.0,105.0
B0866FWP2L,,,,,30.0
B0866KJ6JW,,,,,1.0
B08671F3Z6,,,,,65.0
B08676SLX4,,,,,3.0
B0868138TZ,,,,,26.0
B08681S37Z,,,,,102.0
B08682JHH6,770.0,770.0,770.0,770.0,770.0
B086833K2V,,,,,30.0
B086888TYH,,,,,10.0
B0868CLTZ2,,,,,64.0
B0868KC69R,,,146.0,,146.0
B0868Q1VNM,21.0,,,,
B0868ZNB5W,,,,,7.0
B086928Q5V,,,,,65.0
B086BS9DPC,,,,21.0,
B086C5D6S3,,,4.0,,
B086D2M2G1,,629.0,,,629.0
B086D5QS9G,,,,,4.0
B086DNBRFK,,,,,169.0
B086DNQBN7,,,,,42.0
B086G7FJQG,231.0,,,,231.0
B086GC97LZ,74.0,,,,
B086GKXL4X,,,,3.0,
B086GSVWG2,,,,,312.0
B086HD7J38,,,,,11.0
B086HK5N3D,,,,7912.0,7912.0
B086HL4GB9,,,,,27.0
B086HMXT7H,,,,,148.0
B086HPM9PT,,,,136.0,136.0
B086HPZZBL,,,,,136.0
B086HSGPHB,,,,40.0,
B086HTB3GN,,,,,22.0
B086HTCCJ8,,,,,122.0
B086HY74HW,4.0,,,,
B086J6RFH9,,,2149.0,,
B086JGT7Z4,,,,,69.0
B086JHDMB1,,,,,69.0
B086JHMFK6,,,,,69.0
B086JPRDZW,2149.0,,,,2149.0
B086JQ3TDZ,20.0,,,,20.0
B086JRS2S8,,82.0,,,82.0
B086JWKLFD,78.0,,,78.0,
B086JYQ89L,,,,2887.0,
B086JYYWD3,,,,,2887.0
B086K34B3C,,,,,2.0
B086KW1RFL,,,,,153.0
B086L2H63C,,57.0,,,
B086L34MZV,,,81.0,,81.0
B086L5TJS5,7.0,,,,
B086LBHY93,,,,,185.0
B086M3Z9HX,,,,,175.0
B086MDWCJ2,,,,31.0,
B086MDWGWT,,,,,2887.0
B086MF3CVF,,,,2887.0,
B086MGGGPM,,,,,31.0
B086MVP4F9,,383.0,383.0,383.0,383.0
B086N2CL37,,,,,519.0
B086N38NZQ,,,,,71.0
B086N3MYYZ,,,,,104.0
B086P2ZWB3,164.0,,,,164.0
B086P7LDZS,719.0,,,,
B086P7WYJN,,,,,22.0
B086P9185Z,,,,,31.0
B086P9H43G,,,,,139.0
B086PC2YMP,,,,,73.0
B086PD9NJ9,,,,,285.0
B086PG6CY4,129.0,,,,129.0
B086PHHJWH,,197.0,,,
B086PHPP58,,,,,6.0
B086PJ4LCZ,,,,,719.0
B086PJBMNB,,,611.0,611.0,611.0
B086PK8MHX,2.0,,,,
B086PNBLP9,,,,,39.0
B086PVJ35X,50.0,,,,50.0
B086PWWTNB,,39.0,,,
B086PX28R5,,,,,53.0
B086PZ1XZY,71.0,,71.0,71.0,71.0
B086Q3LFCM,,,2.0,,
B086QNG3TY,,,,,215.0
B086QP5QMG,1242.0,1242.0,1242.0,1242.0,1242.0
B086QZJDH6,,,,,11.0
B086R1PN7P,,,,,1.0
B086R1QFVD,,,,,1.0
B086R3L3CD,,,,,15.0
B086RN8NJ4,116.0,,116.0,,
B086RTWSD6,906.0,906.0,906.0,906.0,906.0
B086RW6HC4,651.0,651.0,651.0,651.0,651.0
B086SF88K9,,,,,33.0
B086SM66P2,,,,,52.0
B086STRMZF,,,187.0,187.0,187.0
B086T2LV6S,,,,,2.0
B086T3VSN2,,,9.0,,
B086V1BZ7F,,18.0,,,18.0
B086V7RQ5D,,,,,13.0
B086VKYW1H,,5.0,,,
B086VZWBZN,,,,,7.0
B086W446S9,,,,453.0,
B086W44DC9,,,91.0,,91.0
B086W674WD,,,67.0,,67.0
B086W69P4Q,1177.0,,,1177.0,1177.0
B086W85LRX,,,332.0,,332.0
B086WMPKVL,,,,,63.0
B086WNBCWD,100.0,,,,100.0
B086WRCZK5,,,,,48.0
B086WRYMCX,,,,,17.0
B086WS2JXF,,,,,48.0
B086WSLKFK,,,,,7.0
B086WTY5Q4,,,34.0,,34.0
B086WXDGZQ,,,,,130.0
B086X1SP59,212.0,,,,212.0
B086X5KGVH,,,,,435.0
B086X71HDN,49.0,,49.0,,49.0
B086X7HHJ9,4.0,,,,4.0
B086XCG7D7,,1516.0,1516.0,,1516.0
B086XLKB7R,,,,,75.0
B086XLYS2B,424.0,,,424.0,424.0
B086YG3QBP,,,,,3.0
B086YHXFTZ,,,,,38.0
B086YMJKBG,,,,,6.0
B086YNJDY6,,,,,54.0
B086YP3J8X,1.0,,,,
B086ZCQDZZ,,,135.0,,135.0
B086ZGHQWB,70.0,,,70.0,70.0
B086ZN6M8F,2.0,,,,
B0871KVZMY,,,,,39.0
B0871RJCWY,21.0,21.0,,21.0,21.0
B0871Z3ZQH,,,,,53.0
B087249SL8,,,,,81.0
B08725SMVR,,,,3.0,
B08725WFMP,,,,47.0,
B08727DT3B,,140.0,,,140.0
B08727LPCB,,73.0,,,73.0
B08727SQGX,,,,,125.0
B08727XKQ7,,,,303.0,303.0
B0872CTJMW,,,,50.0,50.0
B0872DJJNX,71.0,,,71.0,71.0
B0872F2G8P,,,,,21.0
B0872F5PMQ,,,,,53.0
B0872GJ27D,,,,,20.0
B0872H341W,54.0,,,,
B0872HNGB8,893.0,,893.0,893.0,893.0
B0872KGL39,,,,,68.0
B0872PD3YG,23.0,,,,
B0872QWWWH,122.0,,122.0,122.0,122.0
B0872R18W8,,,,,172.0
B0872XGDLR,211.0,,211.0,211.0,211.0
B0872ZLQ7G,,,,,689.0
B08738JS7M,,,,47.0,
B087391R93,,,,57.0,57.0
B0873WPJ83,,,32.0,,32.0
B0873YG4PC,,,,,73.0
B08741CGH7,,,,32.0,
B08742MQXS,,,,,32.0
B08746BX8B,,,,,32.0
B08746JJSL,158.0,,,158.0,158.0
B08747CBLF,,,,,32.0
B08749B4YB,,,,146.0,146.0
B08749TWJM,,,142.0,,142.0
B0874DVZCF,127.0,,,,127.0
B0874GD8HF,,,254.0,,254.0
B0874PTMB4,,,74.0,,74.0
B0874Q5Q1G,,,,60.0,60.0
B0874WDZGX,69.0,69.0,,,
B0874WT2K3,,,,,35.0
B0875J93QX,,,,,14.0
B0875KD5VN,,,,,153.0
B0875NPQKK,9.0,,,,
B0875SJ7BX,,,,,75.0
B0875W8KND,,,,,6.0
B0875WKX9S,185.0,,,,
B0875X46P8,,,,,6.0
B0875XVZ9T,,,,,355.0
B0875ZSK4D,,,,355.0,355.0
B0875ZXZR3,,,,,185.0
B08761M9NB,,,,,36.0
B087686ST2,111.0,,,,111.0
B08768WBJH,,,,,33.0
B0876FP865,,,,,24.0
B0876LL8D1,48.0,,,,48.0
B0876MK9RF,,,,78.0,78.0
B0876NBWWX,27.0,,,,27.0
B0876YRBFY,,,,,279.0
B08772BZ54,,,22.0,,22.0
B08772RKH6,,91.0,,,91.0
B087877NKV,53.0,,,,
B0878XVQ8F,2692.0,2692.0,2692.0,2692.0,2692.0
B0878Z956N,,443.0,443.0,,443.0
B0878ZLLTN,,,,,68.0
B087926848,,,518.0,518.0,518.0
B087929PCR,82.0,,,,82.0
B087964Z9P,1884.0,,,,1884.0
B0879652HC,,,,,989.0
B087991PWL,,,,,1884.0
B0879CG5H1,,380.0,380.0,,380.0
B087B5TPFX,,22.0,,,22.0
B087B6Q9D5,36.0,,,,
B087B8N1DH,,,,,68.0
B087B8QLPB,,,,,369.0
B087BDQMKT,1884.0,,,1884.0,1884.0
B087BF6PPP,,,,,63.0
B087BFC9NB,,,,,1884.0
B087BQKD9J,,,,,59.0
B087BSB2M5,,,,,9.0
B087BXD52N,,1532.0,1532.0,,1532.0
B087BYJZT2,,,,,76.0
B087BZZX3Y,,,,,182.0
B087C392XJ,58.0,,,,58.0
B087C3JDFK,,,,,176.0
B087CLY52K,,,,,18.0
B087CMJT8F,,,,,275.0
B087CMP21G,,,,,33.0
B087CR71XB,,,,289.0,289.0
B087CRCV1X,152.0,,,,
B087CY97PP,10.0,,,,
B087D12VJJ,,,,,52.0
B087D69G8L,,,,,50.0
B087D6YWR6,97.0,,,,
B087DYDCPL,297.0,,,297.0,297.0
B087DZLBSD,,,,10.0,
B087DZQQ9C,,682.0,682.0,682.0,682.0
B087F418DC,14.0,,,,
B087F8V8PJ,,,467.0,467.0,467.0
B087G4FJVV,,,,,119.0
B087G8PWRC,43.0,,,,
B087GBH99N,,,,,122.0
B087GBVLZ5,56.0,,,,56.0
B087JBL78M,,7.0,,,
B087JFY3SD,,,,1.0,
B087JHHGLP,,,,,289.0
B087JHNDGB,624.0,624.0,,624.0,624.0
B087JHR7T8,,,,,1.0
B087JHYRJB,320.0,,,320.0,320.0
B087JJ7XJ1,,,,,217.0
B087JKBSDR,,,,,45.0
B087JLBWBC,604.0,,604.0,604.0,604.0
B087JM98XB,,,,1231.0,1231.0
B087JMQ9R1,,,,,146.0
B087JPJPJR,,,,54.0,
B087JQFD36,1083.0,,,1083.0,1083.0
B087JQNTGG,155.0,,,,155.0
B087JRFM87,,,,153.0,153.0
B087JSRW77,,,,,94.0
B087JT2NH4,,,,,42.0
B087JX7D6C,289.0,,,289.0,289.0
B087JYV84Y,1074.0,,,1074.0,1074.0
B087JZND8K,,,,320.0,320.0
B087JZX437,,,,,125.0
B087K12SDM,,,173.0,173.0,173.0
B087LPHY5Y,28.0,,,,
B087LVLHHD,,,,,87.0
B087LW8LNC,,,,,155.0
B087LYB2NR,10.0,,,,
B087LZXPHV,,,,,1004.0
B087M4G2ZS,,54.0,,,
B087M54NS8,,,,,116.0
B087M5W7GV,54.0,,,,
B087M6FMXY,1247.0,,1247.0,1247.0,1247.0
B087M7PY8W,,,,,15.0
B087MZ2P2Q,,,,,13.0
B087N1LDD6,,,,,5.0
B087N2BMWL,,,289.0,,289.0
B087N6QMLX,71.0,,,,
B087N7QYN1,9985.0,9985.0,9985.0,9985.0,9985.0
B087NKBTMB,,,848.0,,848.0
B087NKM5H2,,,,,832.0
B087NNNC1Y,,,,,45.0
B087NQN39D,711.0,711.0,711.0,711.0,711.0
B087P1P624,,,425.0,,425.0
B087P92B4Y,24.0,,,,24.0
B087PFYHZ1,,,,,24.0
B087PHH49X,139.0,,,,139.0
B087PQJF55,6.0,,,,6.0
B087PR7GNG,,,,,173.0
B087PRC5HC,173.0,,173.0,,173.0
B087Q5GMGX,3796.0,,3796.0,3796.0,3796.0
B087Q6ZLWV,,,,179.0,179.0
B087Q95TX8,,,,,25.0
B087QG5KF4,,,,,137.0
B087QQR67P,52.0,,,,
B087QSDKR4,,,153.0,,153.0
B087QV9XCG,,,,,31.0
B087R36C9F,,,,,33.0
B087R3N68Y,1511.0,1511.0,,1511.0,1511.0
B087R4FCF2,292.0,,292.0,,292.0
B087RLGPLY,2113.0,,,,2113.0
B087RM8Y8C,2113.0,,,,
B087RMC3F1,2113.0,,,,2113.0
B087RMZQWK,,565.0,,,565.0
B087RN76YK,,,,31.0,31.0
B087RPXB5G,,506.0,506.0,,506.0
B087RV5QRY,,,,,1633.0
B087SZFHBY,953.0,,,953.0,953.0
B087TPW4K2,,,,,42.0
B087V55PBX,,1.0,,,
B087V5Z5MP,,71.0,,,71.0
B087WP9HXP,172.0,,,,172.0
B087WV3V52,,,,,53.0
B087WV57V9,,,,,60.0
B087WZQJWC,21.0,,,,
B087X53FRV,,,,427.0,427.0
B087X7BX8X,,,,,50.0
B087YZJYF2,,,58.0,,
B087Z4BXBB,5207.0,5207.0,5207.0,5207.0,5207.0
B087ZG85YB,44.0,,,,44.0
B087ZGF81Z,,,,,69.0
B087ZQ26SL,,,,,115.0
B087ZR52XP,,,,,5.0
B08811BLN9,,,,,33.0
B0881JC89T,,,,,22.0
B0882HM3VD,,,,,606.0
B0882R8L4R,11341.0,11341.0,11341.0,11341.0,11341.0
B0882SFQSB,,,,,427.0
B0882SZYNP,,,,,606.0
B0882XS1SZ,,,,,187.0
B0882Z5W8P,,,,,7.0
B0882ZRPYK,,,,,6.0
B0883297S3,,,350.0,,350.0
B08833C2TL,,,,,49.0
B0885RRD6R,,,,,9.0
B0885T3GR3,,,,,506.0
B0885TNPTN,1703.0,,1703.0,,1703.0
B0885WY8DZ,,,,,4.0
B0885ZJTT6,,,,55.0,55.0
B088639XMQ,,,,,1703.0
B08865XB1M,,,816.0,,816.0
B0886889T5,1039.0,1039.0,1039.0,,
B0886CY3BW,,,,816.0,816.0
B0886FD5P4,9.0,,,,
B0886KH81J,,,,55.0,55.0
B0886ZPV8N,,,67.0,,
B0887VNXNT,,,,,117.0
B0887XGZNP,10.0,,,,
B0887ZF1HT,,,48.0,,
B08889ZN41,169.0,169.0,,,169.0
B0888FGRGW,,,,,32.0
B0888FPJ14,9.0,,,,
B0888FQKL3,,,,,32.0
B0888G6Y23,,,,,1095.0
B0888NL7JC,,,,8.0,
B0888S5YYR,150.0,,,150.0,150.0
B0889FJQ3X,,,82.0,,82.0
B088B5PQT8,,,,,366.0
B088B9F3M4,,,,,73.0
B088BC37K2,102.0,102.0,,102.0,102.0
B088BCTX61,,455.0,,,455.0
B088BCYXFK,143.0,143.0,143.0,143.0,143.0
B088BD8BH9,,,232.0,232.0,232.0
B088BGCLB3,,,,,229.0
B088BK36PN,,,,2816.0,2816.0
B088BLRWNV,,,,,73.0
B088BP51JF,,,,,164.0
B088BQF5WZ,,,,,16.0
B088BRLHQZ,,,,244.0,
B088C25BHG,,,,,67.0
B088CRHZ46,,,,,113.0
B088CSKZTQ,,,568.0,,568.0
B088CTWXTV,208.0,,,,208.0
B088CXQNTD,2752.0,,2752.0,,2752.0
B088CY91K9,,,,,131.0
B088D2ZWY1,,,,342.0,342.0
B088D5JPL2,,356.0,,,356.0
B088D5K4MJ,,,2752.0,2752.0,2752.0
B088D9FT2X,,,25.0,,25.0
B088D9Y915,,,,,568.0
B088DF6P72,83.0,,,,83.0
B088DGKTJT,103.0,,,103.0,
B088F215YC,,719.0,719.0,719.0,719.0
B088F8R7WH,4028.0,4028.0,4028.0,4028.0,4028.0
B088FBHDSG,,562.0,,562.0,562.0
B088FBKLJL,,,224.0,,224.0
B088FCSV5N,,,224.0,,
B088FF8PQ8,4157.0,4157.0,4157.0,4157.0,4157.0
B088FKG4SM,,,,,72.0
B088FKP74N,,,,,33.0
B088FMTQ5B,,,,,131.0
B088FMV4JP,86.0,,86.0,,86.0
B088FQN471,,,,50.0,50.0
B088FQVMQT,,,,,61.0
B088FRR817,,,,,39.0
B088FX4Y32,14.0,14.0,,,14.0
B088FY5147,,,,,40.0
B088GNHD76,,,,,21.0
B088GSGS12,,111.0,,,
B088HBK8Q9,,,,263.0,263.0
B088HCFR97,,,,,153.0
B088HG1JYG,,,,,64.0
B088JRH8BN,781.0,,,781.0,781.0
B088K1GQMT,900.0,900.0,,900.0,900.0
B088K9JBXR,,,,,6.0
B088K9YVF7,,,,,275.0
B088KBQ85V,905.0,,905.0,,905.0
B088KCVRMC,134.0,134.0,134.0,,134.0
B088KG28R5,,26.0,,,
B088KG2M1Z,,,,,150.0
B088KJDNWY,,,,160.0,
B088KPVS5S,,,,27.0,27.0
B088LFR2XV,,,,,18.0
B088LHW33X,,,382.0,,382.0
B088LW9CQP,,,329.0,329.0,329.0
B088M2X5R1,,,,,245.0
B088M34789,,,,,90.0
B088M5J355,,,,,245.0
B088M6B5X2,,,,,1270.0
B088M8XJDW,116.0,116.0,,116.0,116.0
B088MF1T7M,,,,199.0,199.0
B088N8FG84,,,,,6.0
B088N9KRZW,,,1.0,,
B088N9X12J,,,,,274.0
B088NCC8K6,85.0,85.0,85.0,,85.0
B088NCF6KY,,,85.0,,85.0
B088NGWF69,,,,40.0,40.0
B088NJS2XZ,,274.0,,,274.0
B088NLCMTW,,,,274.0,274.0
B088NQWM1H,239.0,239.0,,,239.0
B088NR5NR3,,,85.0,85.0,85.0
B088NS2N3Q,85.0,,,,
B088NT51TB,,,,,39.0
B088NW6CT2,,,44.0,,
B088NXMVZ3,,,,,119.0
B088P5NK4F,137.0,,,,
B088PF4L99,,,,,11.0
B088PJHZC7,,,41.0,,
B088PKFRNS,,274.0,274.0,,274.0
B088PMWP8V,,,,,105.0
B088PPN2X4,33.0,,,,
B088PR2N7K,,,,,187.0
B088PTJ62T,,,,,17.0
B088Q41N1L,,,,54.0,
B088Q88BB3,,,,,19.0
B088QDSSSX,,24.0,,,24.0
B088QJPTR1,2553.0,2553.0,2553.0,2553.0,2553.0
B088QV6KMX,,,,,4.0
B088R18CLY,,,,1452.0,1452.0
B088R7XM5Q,,,,,211.0
B088R9D22G,,171.0,,171.0,
B088RG8CJD,3215.0,3215.0,3215.0,3215.0,3215.0
B088RJCKHV,,,,,163.0
B088SWM5N3,4.0,,,,
B088SZ2LMN,,168.0,,,168.0
B088SZDRTN,,,,,147.0
B088T1WSRW,,,,,80.0
B088T731MD,,410.0,,,410.0
B088T74RF8,121.0,,,,121.0
B088T7DWNF,,,,,32.0
B088TCBF1V,,,,,146.0
B088TN4W4N,,14.0,,,
B088TV15WV,250.0,,250.0,,250.0
B088VQJB1K,,,,,106.0
B088W1T97V,,,,,246.0
B088WGZR3X,122.0,,,,
B088WHJRVZ,,,34.0,,
B088WNK6F9,14.0,,,,14.0
B088WRCHSS,,,,,58.0
B088YCK556,,,,,8.0
B088YHKQZX,,,,,12.0
B088YSGF5S,,,,,6.0
B088YWCX3F,,,,60.0,60.0
B088ZCWWZ1,,,,,5.0
B088ZNGKYK,,,,,44.0
B088ZPVP6S,112.0,,,,
B088ZRY316,,,,,130.0
B088ZV3R2T,,,,,14.0
B088ZW5FN4,,,,,29.0
B0891J979Z,,,,170.0,170.0
B0891J9BHP,,,,,170.0
B0891P77KQ,,,,,22.0
B0891P9KXV,200.0,200.0,200.0,200.0,200.0
B0891T1CXQ,,4436.0,,,4436.0
B0891TR8PK,,,149.0,149.0,
B0891W8TD4,,,,36.0,
B08921V8TT,,,,253.0,253.0
B08924351C,,,348.0,,348.0
B08926HMQR,,,,37.0,37.0
B0892835HT,,,,,91.0
B0892JTF3G,,1413.0,1413.0,1413.0,1413.0
B0892LC9H5,,,,,46.0
B0892LGPRT,,,1413.0,1413.0,1413.0
B0892LN8N5,,,,,1413.0
B0892N5ZQ7,,,,,25.0
B0892VF35S,3486.0,,3486.0,3486.0,3486.0
B0892VFG67,,,,,51.0
B0892X4XKH,132.0,,,,
B08934XHG1,,,,,86.0
B08934YJQW,87.0,,,,87.0
B08936BHWP,,39.0,,39.0,
B08936FJPS,,7.0,,,
B08939PSM4,,,,,29.0
B0893BN2FD,,,,,36.0
B0893CV9WK,178.0,,,,178.0
B0893QZ9L8,,,,,3486.0
B08945J1BZ,,,,,17.0
B08948XGHN,,,,,152.0
B0894FK7QY,457.0,,,,457.0
B0894JFQW7,,,,,37.0
B0894K6GXL,,,,37.0,37.0
B0894MC7XW,1101.0,1101.0,,1101.0,1101.0
B0894SXBXP,,,,,4.0
B0894TSX4N,,,,,124.0
B0895387DQ,,,,,338.0
B08953W22M,194.0,,,,194.0
B08953X7XY,631.0,,631.0,631.0,631.0
B08958ZFM5,1126.0,,1126.0,1126.0,1126.0
B0895F73LZ,125.0,,,,125.0
B0895G6B2K,,,,,23.0
B0895HZ4ZV,250.0,,,,250.0
B0895PSD5P,,,,,18.0
B0895Q7JC6,,,,,96.0
B0895RW3CG,,,,,95.0
B08962FT2Y,,,,,50.0
B08964TFH3,,,,,90.0
B08974QJ8N,,,,55.0,55.0
B08975QNGK,,216.0,,,
B0897625F1,,,,,151.0
B0897G7WTD,,,,,334.0
B0897HJLBF,,183.0,183.0,183.0,183.0
B0897M44NT,,,218.0,,218.0
B0897N63KL,,,,218.0,218.0
B0897XQVNS,1637.0,,,1637.0,1637.0
B0897YYZKF,1637.0,,1637.0,,
B089973Q2V,,,,,163.0
B08997CXFV,,,,,119.0
B08997KFGJ,,,,,70.0
B089999FQR,,,565.0,565.0,565.0
B0899CWKFX,,,,,2887.0
B0899F2TPM,,,,,25.0
B0899H9CPK,2514.0,2514.0,,2514.0,2514.0
B0899MHYJC,,443.0,,,
B0899NWYC1,,,,169.0,169.0
B0899PTK7T,,,,82.0,82.0
B0899QMJWN,,14.0,,14.0,14.0
B0899TTZHP,,,57.0,,57.0
B0899WKGYX,,,,93.0,93.0
B0899WW2S9,,,,,8.0
B0899XLF64,102.0,,,,102.0
B089B1Y1NB,19.0,,,,
B089CJCP3P,,,,128.0,128.0
B089CSTZQ3,198.0,,,,198.0
B089CTW61S,75.0,,,,75.0
B089D27H4F,,,,317.0,317.0
B089D5RZBQ,,,,382.0,
B089D5Z9G4,,,,,53.0
B089DGH13H,901.0,901.0,901.0,901.0,901.0
B089DL8TRT,,,,6.0,
B089DPRP82,,,,,11.0
B089F92P81,,,,,19.0
B089FTB65L,,,,138.0,138.0
B089FTLM2H,,,,,345.0
B089G39YR6,,,,,432.0
B089G433GP,,,,,434.0
B089GB2LVR,,,,2532.0,2532.0
B089GG7VGR,,,,,23.0
B089GGQ2HH,,,,,69.0
B089GJTC2H,3135.0,3135.0,3135.0,3135.0,3135.0
B089GK4JD8,,,,,63.0
B089GNVHQJ,,,5.0,,
B089GT2Z21,,17.0,,,17.0
B089GTNNYS,248.0,,,,248.0
B089GTWC65,,,,,38.0
B089JJTHWZ,,9.0,,,
B089K3Q4C1,,,,,439.0
B089K93X1J,841.0,,,,
B089KJ7RL2,,230.0,,230.0,230.0
B089KL2YZL,,,,738.0,
B089KLQYZ6,,,738.0,738.0,738.0
B089KMFC3N,,,738.0,,738.0
B089KSJLDK,3267.0,3267.0,3267.0,3267.0,3267.0
B089KSL135,3267.0,,3267.0,3267.0,3267.0
B089LDXQ2R,,,,,9.0
B089LLSBBB,,,,,37.0
B089LN884Z,,,67.0,67.0,67.0
B089LSV4WN,,,,,37.0
B089LW996H,,,,,37.0
B089LX1P43,186.0,,186.0,,186.0
B089LZ852H,,,,,145.0
B089M3CBQ1,,,3267.0,3267.0,3267.0
B089MFYX9P,,48.0,,,48.0
B089MYLRT1,,,,,128.0
B089MYPJKG,,,,,24.0
B089MYXC95,,,,,299.0
B089N44T1G,,,,,895.0
B089N4XSTF,,83.0,,,83.0
B089N9KSCG,,,611.0,,611.0
B089N9TPND,,,895.0,,895.0
B089NCYVG3,,,,,76.0
B089NDHWSC,,,,,13.0
B089NK2WPB,,,,,36.0
B089NM7KP7,,,,88.0,88.0
B089NP1J32,,,,,117.0
B089NPX3SJ,,,,81.0,81.0
B089NRVVV3,,,,36.0,
B089Q1756X,,,,,92.0
B089Q1XFGY,,,,96.0,96.0
B089Q61JWZ,,,,,29.0
B089QB2K6T,,297.0,,,297.0
B089QD4Y76,,29.0,,,29.0
B089QG8PC7,1095.0,,1095.0,1095.0,1095.0
B089QZ61DY,,,,840.0,840.0
B089R13W5F,,,,,56.0
B089R4856P,,,,61.0,61.0
B089RBXBM1,,,,,38.0
B089RS7QDQ,,,,19.0,19.0
B089SJ9SCS,,,329.0,,329.0
B089SMWTCS,,,,,638.0
B089SND35P,638.0,,,638.0,638.0
B089SNM7J2,,,,638.0,638.0
B089SP1PZY,,,46.0,,46.0
B089SR88ND,,,4.0,,
B089SST13S,399.0,,399.0,399.0,399.0
B089SV2NVF,40.0,,40.0,,
B089SXW3HH,,,,,88.0
B089T8TFZG,,,,,73.0
B089TZ74TT,9.0,,,,
B089V85DZB,,,,9.0,
B089VRFBPV,,,,,100.0
B089VY8911,,,,,102.0
B089VYSM2X,,,102.0,102.0,102.0
B089W4QLR2,327.0,,,327.0,327.0
B089W77YP8,,,,85.0,85.0
B089WGJJ41,,,,,50.0
B089WJG37J,469.0,469.0,,469.0,469.0
B089WJGDWT,,,,30.0,30.0
B089XTRT6H,,,,,33.0
B089XVJV7C,29.0,,,,
B089Y4W5VP,,,149.0,,149.0
B089Y6Z9RW,,,,,148.0
B089Y7R2Q7,,,,1620.0,1620.0
B089YFKQ9C,,,418.0,,418.0
B089YR7BHC,,,,76.0,76.0
B089YSJFLW,,,,24.0,
B089YTHGKY,,,23.0,,
B089YTQLCM,,,,,309.0
B089YTY6RF,,,,,5.0
B08B13GQT6,,,,,34.0
B08B13ZRS8,64.0,,,64.0,
B08B16JF2C,,,,,7.0
B08B1FSQHM,,,,,42.0
B08B1GLK1X,,,,,42.0
B08B1JTZKV,,,,,23.0
B08B1JXRK1,,192.0,,,192.0
B08B1M2JD1,,,,,13.0
B08B36TT1G,,,,,21.0
B08B3CL6V9,,,,,29.0
B08B3F2MGB,,,,,14.0
B08B3H7PM5,19.0,,,19.0,
B08B3HYSTV,118.0,,118.0,118.0,118.0
B08B3JW2ZZ,624.0,624.0,624.0,624.0,624.0
B08B3M78S3,,,,21.0,21.0
B08B3MPR84,,595.0,,595.0,595.0
B08B3NH821,,,,,30.0
B08B3NQQMH,,,,5.0,
B08B3V4R5S,,,61.0,61.0,61.0
B08B3V5LDW,270.0,270.0,,270.0,270.0
B08B3VWCRV,,29.0,,,
B08B3YZ8CG,420.0,,,420.0,420.0
B08B4D39VV,,,,,185.0
B08B4G7JH6,,,,,25.0
B08B4GZXRY,,,,,36.0
B08B4QX28B,1864.0,,1864.0,1864.0,1864.0
B08B53WD3P,,,,,51.0
B08B58VPSK,,,,,51.0
B08B5S2S1C,1270.0,1270.0,,1270.0,1270.0
B08B5YYHQ7,147.0,,,,147.0
B08B5ZN78P,1916.0,1916.0,1916.0,1916.0,1916.0
B08B62ZT11,299.0,,,,299.0
B08B63XSNP,864.0,864.0,864.0,864.0,864.0
B08B63YQ5B,,,,,14.0
B08B64V4V3,187.0,,,,187.0
B08B65GC7R,,,,,3.0
B08B76G9Y8,,,,,21.0
B08B7NG32V,,,,5.0,
B08B7SJ49S,,434.0,434.0,434.0,434.0
B08B7WZC2Q,,,,,33.0
B08B7X9K8P,,,,,24.0
B08B84W3Y8,68.0,,,68.0,
B08B887L52,,,,,207.0
B08B88L9QZ,,,,,207.0
B08B8FS2Z8,,,38.0,,
B08B8TSXLT,,4.0,,,
B08B8VP6ML,,,,,136.0
B08B8WG15G,,,,,136.0
B08B8Y1C5W,,,,93.0,
B08BBXLX6B,,78.0,,,78.0
B08BBXY1TX,,,,422.0,422.0
B08BBZJFN5,,,,,611.0
B08BC1SFNX,,,,,611.0
B08BC3QCG5,,11.0,11.0,11.0,11.0
B08BCPN2QN,169.0,,,169.0,169.0
B08BCQT7Z4,10.0,,,,
B08BCRJC8J,,,,,20.0
B08BCT31FR,179.0,,,,179.0
B08BCT4Z13,3231.0,3231.0,3231.0,3231.0,3231.0
B08BFPYL23,,,,16.0,
B08BG19YZJ,,,,10.0,
B08BG1PDJZ,,17.0,,,17.0
B08BGBPGBG,,,46.0,,46.0
B08BGCLP8B,,46.0,,46.0,46.0
B08BHNDJ8T,,,,333.0,333.0
B08BHSTF2T,,,,,111.0
B08BHTMQGS,,,,,397.0
B08BHVCN78,,,,,107.0
B08BHW6PT5,,,,,320.0
B08BHWFT7J,,,,,320.0
B08BHYYQJ2,,,,,1.0
B08BHZZLN7,278.0,,278.0,278.0,278.0
B08BJ15VZ6,27.0,,,,
B08BJ174JG,,,,,397.0
B08BJ1FGGP,,,,,320.0
B08BJ3YKPX,,,,,4.0
B08BJ5H41Y,,,,,26.0
B08BJ73WMK,49.0,,,,49.0
B08BJ7RLYQ,,,429.0,429.0,429.0
B08BJCR3CT,,,,,52.0
B08BJG89WJ,4042.0,,4042.0,,4042.0
B08BJJMYQV,,,,181.0,181.0
B08BJKYYHF,,,,,4.0
B08BJMLDZF,112.0,,,,112.0
B08BJQRZNR,,,,,160.0
B08BJVKT1R,,3.0,,,
B08BJVPXWZ,16.0,,,,
B08BJW7P1R,,,,,14.0
B08BK1PLP7,,,,90.0,90.0
B08BK5RPN1,568.0,568.0,568.0,568.0,568.0
B08BKPPDTB,,,,42.0,42.0
B08BKX9YWB,,,,,13.0
B08BL1KT9B,,,,73.0,
B08BL2RB3P,,,,,123.0
B08BL3NMDV,118.0,,,,118.0
B08BL3PF1V,51.0,,,,
B08BL4HSN1,,,,,275.0
B08BL98QW4,,,,275.0,
B08BL9NXMD,,,,,275.0
B08BLCN2MD,1733.0,,1733.0,1733.0,1733.0
B08BLDLP4L,,,,196.0,196.0
B08BLF526M,,,,,123.0
B08BLJVCN7,377.0,,,377.0,377.0
B08BLRNGSL,183.0,,,,183.0
B08BND8N3J,,,,,182.0
B08BNNXLQ5,33.0,,,,33.0
B08BNRZ993,,,,,868.0
B08BNZ8BMJ,,,,287.0,287.0
B08BPCM71G,135.0,,,135.0,135.0
B08BPDGMWW,,,,,70.0
B08BQW794N,,,,215.0,215.0
B08BQYPHBB,22.0,,,,
B08BR1DL2T,,,,197.0,197.0
B08BR387RQ,,,,,154.0
B08BR8H593,,,,43.0,43.0
B08BRDX5DJ,,,60.0,,60.0
B08BRQJPKP,,,,,15.0
B08BRWLPDB,,,,,552.0
B08BRZLGVX,,,179.0,,179.0
B08BS28ZVX,,,,,1.0
B08BS3LFJ8,,,,,1316.0
B08BS3T5H8,,,,,50.0
B08BT71WT8,25.0,,,,
B08BTLJ4JB,,,,128.0,
B08BTSCNCK,37.0,,,,37.0
B08BWRK8TX,,,,,7.0
B08BXJJSH5,,,,,165.0
B08BXKJHHV,,,,,43.0
B08BXKYFCV,165.0,,,,165.0
B08BXLB1SY,165.0,,,,165.0
B08BXQWN9S,,,,,275.0
B08BY8DNM9,50.0,,,,50.0
B08BY8GHMP,343.0,343.0,,,343.0
B08BY8RFRX,614.0,,614.0,614.0,614.0
B08BY9MTTF,241.0,241.0,241.0,,241.0
B08BY9WVQG,,54.0,,,
B08BYB57RH,,,,41.0,41.0
B08BYJYGKW,,,,,16.0
B08BYLKXTP,,,,,337.0
B08BYNNHQS,19.0,,,,
B08BYPHNGT,,,,72.0,72.0
B08BYVKN7T,,,,4.0,
B08BYXWFFQ,,,,,65.0
B08BZ71SH7,12.0,,,,
B08BZ759LS,,49.0,,,49.0
B08BZBHH35,19.0,,,,
B08BZDKW6C,,,,,7.0
B08BZSWVBN,,,23.0,,23.0
B08BZWNMMR,,,,,2275.0
B08BZX3CMF,,,,,2285.0
B08BZXZS7T,1063.0,,1063.0,1063.0,1063.0
B08BZZ6KVM,,,,,22.0
B08C1YLBVY,,,,,43.0
B08C26XHHF,,,,,42.0
B08C288QYH,1388.0,,,1388.0,1388.0
B08C2C9HHG,334.0,,,,334.0
B08C2HXK3J,,,,,250.0
B08C2K6BBG,,,,,102.0
B08C2WJKCF,,,,,11.0
B08C2X59SD,39.0,,,,
B08C333Q5R,,,,,37.0
B08C33ZFTM,,,,,38.0
B08C34NJMT,,,,,49.0
B08C34TRHS,,65.0,,,
B08C34YJSG,,,,,97.0
B08C46HY89,9985.0,9985.0,,9985.0,9985.0
B08C4M1PWF,,,,,412.0
B08C4M9ZBF,,,,,93.0
B08C4P832H,,,,412.0,412.0
B08C4SJ661,,,,412.0,
B08C4WSSFP,,,,,71.0
B08C4WZ9LP,,331.0,,331.0,331.0
B08C4YZ12F,,,81.0,,81.0
B08C52PH24,964.0,,964.0,,964.0
B08C52QPSW,,,86.0,,86.0
B08C55P6M8,,,,,10.0
B08C57J3S3,,,,,232.0
B08C5FCMFK,,255.0,,,
B08C5JHYKW,,,,,15.0
B08C5KJVKV,,,,17.0,
B08C6YC9F9,,,43.0,,
B08C71T1TN,,,,,275.0
B08C734NP6,,,,,31.0
B08C73ZW3H,2870.0,2870.0,2870.0,2870.0,2870.0
B08C7MDGFP,54.0,,,,
B08C7VQKMD,,,55.0,,
B08C7W1897,286.0,,,286.0,286.0
B08C7YQKFY,,,,227.0,227.0
B08C7YRV12,,176.0,,176.0,176.0
B08C8176B2,,,,47.0,
B08C818PHC,,227.0,,,227.0
B08C9BQPQF,23.0,,,,
B08C9F3ZV6,,,,,269.0
B08C9HSGX3,,,,,13.0
B08C9KC9MV,,,,,144.0
B08C9KSWYN,,,,,166.0
B08C9LZGGM,421.0,,,421.0,421.0
B08C9P4XX8,,,,15.0,
B08C9S758J,,,,,37.0
B08C9S96K9,,,32.0,,
B08C9S9B7R,,294.0,294.0,,
B08C9SBP99,,,,,144.0
B08C9SL9FV,144.0,,,,144.0
B08C9V9MXN,,42.0,,,42.0
B08C9W9X6Y,,50.0,,,50.0
B08C9WFY85,16.0,,16.0,,
B08CB1MVXV,,,,,526.0
B08CB1T37P,,,,,526.0
B08CB3NKZ4,526.0,,,,
B08CB4VH6P,70.0,70.0,70.0,70.0,70.0
B08CB4XQHX,,,,,143.0
B08CB5VKPK,,,251.0,251.0,251.0
B08CBBJNH4,,,,217.0,217.0
B08CBBP38X,,,,,32.0
B08CBFKGL6,,,,,25.0
B08CBSMMJZ,17.0,,,,
B08CCNJ6QL,,,,119.0,119.0
B08CCQC532,,,,,35.0
B08CCQT3Y2,,,35.0,,35.0
B08CD1ZW86,439.0,439.0,,,439.0
B08CD9LK3K,,,,,47.0
B08CDDPYLG,,,,73.0,73.0
B08CF21MVN,,,28.0,,
B08CF3YLWR,,,,120.0,120.0
B08CGJTKXL,,,78.0,,78.0
B08CGPS6JS,585.0,,585.0,585.0,585.0
B08CGRQYH5,,,65.0,,
B08CGSQYF5,,,,1177.0,1177.0
B08CGT3TQR,,9.0,,,
B08CH3CPSP,,,,,227.0
B08CHDGN75,,,,,54.0
B08CHGPLDC,,,,,54.0
B08CHGRZJ7,,,,,10.0
B08CHP6RJK,25.0,,,,25.0
B08CJTTTP6,,,,,103.0
B08CK37T9H,,,,,47.0
B08CK3NZHL,45.0,,,,
B08CK4CR23,77.0,,,,
B08CK65X87,,,,,6.0
B08CK6LBY1,,,,,25.0
B08CK9WTX8,11.0,,,,
B08CKLPGKN,,,,,18.0
B08CKR58X7,,,,117.0,117.0
B08CKR6Q78,,,,,163.0
B08CKRHZBT,,,,,24.0
B08CKVNLKG,,,,,27.0
B08CM1X24Z,20947.0,,20947.0,,20947.0
B08CMJBDJB,,,,3.0,
B08CMLR8TN,,,,,74.0
B08CMN1931,,,,,48.0
B08CMNY4QN,,,,,3.0
B08CMRPSB1,,,,,27.0
B08CMRQYP5,,,,29.0,29.0
B08CMV1Q4V,,,,,172.0
B08CMVGRNV,107.0,,,,107.0
B08CN2R9QM,,,,89.0,89.0
B08CPK6RRR,,,,,22.0
B08CQQH2TP,,,1714.0,,
B08CR1J26J,,,,,13.0
B08CRFV2XP,,,,,21.0
B08CRG2FSN,,,,,55.0
B08CRJ9S9F,,,,124.0,124.0
B08CRRZXF9,,,,,272.0
B08CRS241Y,,,,,1714.0
B08CS2MM1V,,,,,54.0
B08CS3PHVM,,,,54.0,54.0
B08CS42L86,,,54.0,,54.0
B08CSD8448,259.0,,,,259.0
B08CSLF9FR,,,1038.0,,1038.0
B08CSM2MBP,,,,,212.0
B08CSTP9F4,,,,,5.0
B08CT56X14,,,,41.0,41.0
B08CT6V4LQ,,,,89.0,89.0
B08CTKWV9D,32.0,,,32.0,
B08CTVMDFN,100.0,,,,
B08CTVW9J3,,,,,100.0
B08CTWSJPX,100.0,,,,
B08CV974XN,,9.0,,,
B08CVB8WY3,,,,54.0,
B08CVC7HLR,,,,166.0,166.0
B08CVCCF2S,,,,,72.0
B08CVPCGW1,,,51.0,,51.0
B08CX7BPJK,,,,,286.0
B08CXBKRKX,169.0,169.0,169.0,169.0,169.0
B08CXD4511,,,,,45.0
B08CXFP8S1,,20.0,,,
B08CXGD5RZ,,,,38.0,38.0
B08CXGR6L3,228.0,,,,228.0
B08CXKMC7H,225.0,225.0,225.0,,225.0
B08CXL7215,,,,,47.0
B08CXQKJCR,335.0,335.0,,335.0,335.0
B08CXS48MQ,,,,44.0,44.0
B08CY1RC1R,546.0,546.0,,546.0,546.0
B08CY2CC9L,,,,,21.0
B08CY362QQ,,,,,22.0
B08CY3L23F,,,33.0,33.0,
B08CY5NQ76,,,,,23.0
B08CY62D5D,,,,113.0,113.0
B08CZ162C7,,,,457.0,457.0
B08CZ18H97,,,,,200.0
B08CZ4295V,,,,,13.0
B08CZ4KGH7,,,,,200.0
B08CZ6B7NT,4.0,,,,
B08CZ7DCPP,,,,,457.0
B08CZCCL6X,,162.0,,,162.0
B08CZDXFW7,,,,8.0,
B08CZGZFBB,,72.0,,,
B08CZHFQ9D,,,,,140.0
B08CZKS9N5,239.0,,,239.0,239.0
B08CZLC6CK,446.0,,446.0,,446.0
B08CZNQYSS,,,,,151.0
B08CZP7TGR,3295.0,3295.0,3295.0,3295.0,3295.0
B08CZZ6JBC,,,,,12.0
B08D36HY9X,,349.0,349.0,,349.0
B08D37DQP4,,,,,120.0
B08D399KS4,,,,,1032.0
B08D3B5TRM,,,,,49.0
B08D3C6J3X,3.0,,,,
B08D3S2WDF,,,71.0,71.0,71.0
B08D3S9KK1,,,,,349.0
B08D3TW13F,,,,,568.0
B08D3VKKCB,,,,,568.0
B08D3VY2MX,,,,,568.0
B08D3VYT6N,568.0,,,,
B08D3W5R5R,,,82.0,,82.0
B08D3WJ988,,,,,568.0
B08D52W5D4,,,,,83.0
B08D5DVXQS,,,,,121.0
B08D5FLJDN,,,,,30.0
B08D643JXW,,,576.0,,576.0
B08D66JVCZ,,,249.0,,249.0
B08D6C4KCR,,,,,576.0
B08D6HL7X5,,,576.0,,576.0
B08D6K66XD,,,,,79.0
B08D6SD1BM,,,,19.0,19.0
B08D6SMR1B,335.0,,,,335.0
B08D6W8WNF,,,28.0,,28.0
B08D77XJJF,,,,93.0,93.0
B08D89MBJ5,,,,,383.0
B08D8RKZTN,,,,,28.0
B08D8T6FV1,,,,31.0,31.0
B08D949VX1,,2044.0,2044.0,2044.0,2044.0
B08D97XFQF,,,,,360.0
B08D9BXQGW,110.0,,,,110.0
B08D9DFVGJ,,,,,71.0
B08D9FKHXT,,,,,4.0
B08D9NY9DP,,,,312.0,312.0
B08D9P8CQR,,,,,320.0
B08D9PBRYH,778.0,778.0,,,778.0
B08DBSXH91,,,,2.0,
B08DCR91GF,,,,,57.0
B08DCVS589,,,3.0,,
B08DCXDJJF,,,,,71.0
B08DD846DZ,,,,,8.0
B08DDCDV6G,,627.0,,,627.0
B08DDFFBNV,,,,139.0,139.0
B08DF4XD4S,,,,,9.0
B08DFBW35P,,,,125.0,125.0
B08DFC99L7,,,,,12.0
B08DFLHQVL,,,,14.0,14.0
B08DFNQZHK,,,,,41.0
B08DFSSNTB,,,,,245.0
B08DFV33NV,,497.0,497.0,497.0,497.0
B08DFVGNTX,,39.0,,,39.0
B08DG5H5G1,,,,,170.0
B08DHCD7FW,39.0,,,,
B08DHKKY94,,,,,92.0
B08DHPCBLC,,,,,2692.0
B08DHXKW7C,,,,,39.0
B08DJ3XBBW,,,,,380.0
B08DJ8S6Z9,,206.0,,,206.0
B08DJ918BM,84.0,,,,
B08DJB2N43,,,43.0,,
B08DKC2F1X,,24.0,,,24.0
B08DKGHJKW,,,,,24.0
B08DKNCD2X,173.0,,,,173.0
B08DKS8N5F,,,198.0,,198.0
B08DKT582S,128.0,,,,128.0
B08DKTKV4B,,,,6936.0,6936.0
B08DKYGTMC,,,,,204.0
B08DKYGX56,,,,332.0,332.0
B08DL5WK41,,,,106.0,106.0
B08DL7LYZ3,,,,,126.0
B08DM31RPB,,,,,382.0
B08DMQGZRZ,,,,,14.0
B08DMXZZFF,,,,250.0,
B08DN7C1T7,,,,,321.0
B08DNCPC2M,,,95.0,95.0,95.0
B08DNJQ2P8,1509.0,1509.0,1509.0,1509.0,1509.0
B08DNM4QHK,,33.0,,,
B08DNMHZTC,,,,,25.0
B08DNPHLVC,,,,,129.0
B08DP31KQT,,,136.0,,
B08DQBV9QM,,,,,31.0
B08DQX79J8,,179.0,,,179.0
B08DR1ZXYB,11.0,,,,
B08DR2XWFG,385.0,385.0,,,385.0
B08DR89NG1,,,,,15.0
B08DR9ZCZD,,,,,82.0
B08DRDRTZ7,,,,,184.0
B08DRKD2RH,,,,,43.0
B08DRRZW4W,76.0,76.0,,,
B08DSH7PTK,,,,,9.0
B08DTDMNL4,,,,,214.0
B08DTJ8J1V,,,275.0,275.0,
B08DTK2BXZ,,,,,128.0
B08DTPLJNS,114.0,,,,114.0
B08DTWJLHX,,,,,38.0
B08DV1LFZQ,,,,,180.0
B08DV31YNK,,,,,1270.0
B08DV9ZN8S,,,312.0,,312.0
B08DVGVHSY,,,,67.0,
B08DWLWY7Z,,12.0,,,12.0
B08DXDYY6G,,,,41.0,
B08DXG66QB,,,,4.0,4.0
B08DXKD5NH,117.0,,,117.0,117.0
B08DXMQ96J,,,,,75.0
B08DXPDRXL,,105.0,,105.0,105.0
B08DXZSTX9,,,,,10.0
B08DY22XVT,,,,,188.0
B08DY5P5SJ,,,,55.0,55.0
B08DY9682F,577.0,,577.0,,577.0
B08DY9LBTY,,,461.0,,461.0
B08DYDQSZW,,,,16.0,16.0
B08DYG5SLG,,,,,3.0
B08F1VCGKM,,,,285.0,
B08F1W14CB,170.0,,,,170.0
B08F2875H3,,,,1.0,
B08F29QF82,370.0,,370.0,370.0,370.0
B08F35LNSM,2015.0,2015.0,2015.0,2015.0,2015.0
B08F3FYWVD,,,,,81.0
B08F3JGC79,,,,,45.0
B08F3PXHSY,,,,154.0,
B08F3ZQWKD,52.0,,,,
B08F4F1KV5,,568.0,,,568.0
B08F4W2775,,,,,137.0
B08F4WG79N,,,23.0,23.0,
B08F526GRG,1456.0,1456.0,1456.0,1456.0,1456.0
B08F6CQMHG,,,,69.0,
B08F776SXW,,,91.0,,91.0
B08F7CMJCY,,,,91.0,91.0
B08F7KBT2T,,,,116.0,116.0
B08F7P5WKW,,,,,117.0
B08F7QCN4F,,,,,12.0
B08F7SC139,,,,,55.0
B08F7WWTFX,,,,,86.0
B08F9FB2G6,,,,,44.0
B08F9HJZ5C,,,,,11.0
B08F9RM1KB,,,,,260.0
B08F9S68SN,,36.0,,,
B08F9TG837,,,236.0,236.0,236.0
B08F9TQ6T9,,46.0,,,
B08F9TTZ25,,,,19.0,
B08F9VZ6HL,,,,,8.0
B08F9XKJBQ,,,,,299.0
B08FB3JSHW,17.0,,,,
B08FB6XRMW,1358.0,,1358.0,1358.0,1358.0
B08FBM86SF,,,,,161.0
B08FBM9JH5,,,,,71.0
B08FBS5BV2,147.0,,,,
B08FBV7VC1,,,,,200.0
B08FBVT95C,,,,,200.0
B08FBYZQCV,,,,,195.0
B08FBZR6HV,8.0,,8.0,,
B08FC2PZPZ,,,,15.0,15.0
B08FC341NW,1166.0,,,1166.0,1166.0
B08FC4DLZK,,,,,43.0
B08FC4XHHD,,,,,15.0
B08FC59S8N,,,,,15.0
B08FC7K6YQ,108.0,,,,
B08FC7KQ3R,,,,,122.0
B08FC8W8XZ,526.0,,,,
B08FC914XW,,,,,526.0
B08FC9KFCF,,,,526.0,
B08FCBVM83,,,526.0,,
B08FCCLRR2,,,,,2.0
B08FCFG8HD,7.0,,,,
B08FCN8PZ8,179.0,,,,179.0
B08FCN9TYM,,,179.0,,179.0
B08FCNQBJ7,,,35.0,,35.0
B08FCNQF2Y,,,,357.0,357.0
B08FCQYT7Z,,,,,1261.0
B08FCSBSP7,,,,,1261.0
B08FDWSQW1,,,138.0,,138.0
B08FDWW8Q9,,,,138.0,138.0
B08FF5Z83G,,,,,103.0
B08FFGMJWF,,,372.0,372.0,372.0
B08FFM8VX7,,,,,135.0
B08FFTZMRN,,,,,43.0
B08FFW8DQZ,,,,,4.0
B08FG719VQ,,22.0,,22.0,
B08FG8Z2SY,,,,88.0,88.0
B08FGCLRS6,,,12.0,,
B08FGCMX5M,,,,,9.0
B08FGDJSWF,85.0,85.0,,,85.0
B08FGDMLXR,,,,,7.0
B08FGFK3XQ,,,,,20.0
B08FGYCGQ5,517.0,,,,517.0
B08FH7VPJJ,,,,,58.0
B08FHBTSLX,2245.0,2245.0,2245.0,2245.0,2245.0
B08FHSH659,,,,,19.0
B08FHTBW46,844.0,844.0,844.0,,844.0
B08FHZBVQ4,,,,,6.0
B08FHZSQV9,,1056.0,,1056.0,1056.0
B08FJ41MTB,,,,,12.0
B08FJ67YGR,638.0,,,,
B08FJ6G3FZ,,,,,638.0
B08FJ6T8QM,,,,28.0,
B08FJ9NX21,,,,1.0,
B08FL12KQ4,,,,,187.0
B08FL1GX1R,,,,,161.0
B08FLB6CQ6,,,,,57.0
B08FMB59NM,,,,,59.0
B08FMFVN4L,130.0,,,,130.0
B08FMGYQGK,28.0,28.0,28.0,,28.0
B08FR58YM7,,,,144.0,144.0
B08FR64MWH,,,,,123.0
B08FRFHQCB,32.0,,,32.0,32.0
B08FRFWTL7,54.0,,,,54.0
B08FRRTZKC,979.0,,,,979.0
B08FRRV2TC,,,,,979.0
B08FRT2NXK,979.0,,,,979.0
B08FRTQKNH,979.0,979.0,979.0,,979.0
B08FSL7TV5,362.0,362.0,,362.0,362.0
B08FSM583D,63.0,,,,
B08FSNHL24,,,,,6.0
B08FSSJN8S,,,,6.0,
B08FSX1624,,,,29.0,
B08FSY496B,,122.0,,,122.0
B08FTCY5DM,,,,,225.0
B08FTGCHRN,377.0,,,377.0,377.0
B08FTJNH7J,,,223.0,223.0,223.0
B08FTLGSDX,,3.0,,,
B08FWXHJTD,292.0,292.0,,292.0,
B08FWYKX33,12.0,,,,
B08FX8FL56,,,,,102.0
B08FXPX3L8,,,,,14.0
B08FXR9GNH,,,,89.0,89.0
B08FY8B7YD,,,,,5.0
B08FYFYPZP,7.0,,,,
B08FYS1V8G,3.0,,,,
B08FZ3CYD2,53.0,,,,53.0
B08FZ477Z6,91.0,,,,
B08FZD94PG,,,,,28.0
B08FZMVZ58,26.0,,,,
B08G17K96J,,,,44.0,
B08G1PG53N,,,61.0,,
B08G1QFRG8,,,9.0,,
B08G1W7HSG,,,,,167.0
B08G46NDWZ,,,,101.0,101.0
B08G4FHKDX,,,,,17.0
B08G5656MG,,,,,203.0
B08G6GZZLC,,,,,65.0
B08G6JYF6K,956.0,,956.0,956.0,956.0
B08G738P66,,,,,126.0
B08G8BH9BJ,,32.0,,,32.0
B08G8PS8P1,,,137.0,,137.0
B08G9N6DKT,,,,,8.0
B08GB3YG4S,26.0,,,26.0,
B08GB964V5,18.0,,,,
B08GBK5L3K,,,,,33.0
B08GBLHSNZ,,,,101.0,101.0
B08GBM52W5,,574.0,574.0,,574.0
B08GC26HK4,12.0,,,,
B08GC3RDJK,,,,,16.0
B08GC7B7NY,,308.0,,,308.0
B08GCBP7XW,574.0,,,,574.0
B08GCLQSBY,,,,,132.0
B08GCQ3B4Z,,,209.0,209.0,209.0
B08GCYG7CQ,,,,,3.0
B08GD2C65T,135.0,,,,135.0
B08GFH5PZZ,,,,,25.0
B08GFKV421,,,,,200.0
B08GFKYLJF,,,19.0,19.0,19.0
B08GFPFS41,,,,,18.0
B08GFTQK3X,,122.0,,,
B08GG5ZF57,,,,,369.0
B08GG6YRQ5,,,,,426.0
B08GGDMH4M,,,,,2.0
B08GGDZMN6,,2.0,,,
B08GGFNB6D,,,,,3.0
B08GH2T7NS,,,,,79.0
B08GH3L91F,2100.0,2100.0,2100.0,2100.0,2100.0
B08GHNQZY1,,,,85.0,
B08GHR17ZG,,6.0,,,
B08GHVL3VB,,1788.0,1788.0,1788.0,1788.0
B08GJ8PJQ6,33.0,,,,
B08GJCRNFR,,,,,29.0
B08GJLN9DL,,,,,103.0
B08GJXVNQ6,,,,,15.0
B08GKB9JK7,,,,,11.0
B08GKBMCJ5,1038.0,,,,1038.0
B08GKKV9YF,,,305.0,,305.0
B08GKMVR7P,,,,,144.0
B08GKNQD1D,,,,,144.0
B08GKT1N19,,,93.0,93.0,93.0
B08GKV3BQ4,571.0,,,571.0,571.0
B08GKZVDTZ,,,,,159.0
B08GL1QHM6,2188.0,,2188.0,2188.0,2188.0
B08GL3433Z,,,46052.0,46052.0,46052.0
B08GL5N1KW,,,,,12.0
B08GL636C7,,,868.0,868.0,868.0
B08GLQFQH3,397.0,,397.0,397.0,397.0
B08GLSSDRC,,,7.0,,
B08GLYPLCW,14.0,,,,14.0
B08GM2WFXZ,,,,,333.0
B08GM5L5ZM,,,,,51.0
B08GN96CMR,,,1402.0,1402.0,1402.0
B08GP4CCL9,,,,,65.0
B08GP5ZG7V,,1080.0,1080.0,1080.0,1080.0
B08GP8D9TR,,,,,4063.0
B08GPMKSLZ,,,,,407.0
B08GPQ5L7Y,,,,,337.0
B08GQ3NMKQ,,,14.0,,14.0
B08GQ91F18,97.0,,,97.0,
B08GQC4Y4T,,,,,56.0
B08GQDBD4C,2.0,,,,
B08GQJTB8T,,,,,499.0
B08GQK9ZYM,,500.0,,,500.0
B08GRFB1KQ,,,,,59.0
B08GRNWPRQ,,,,,12.0
B08GS2F2SV,,,,,76.0
B08GS6F7HH,,20.0,,,
B08GS95RJY,,,,502.0,
B08GSF1KYL,,,,,46.0
B08GW533ZS,,,,,43.0
B08GWKW1YK,,83.0,,,
B08GWX4W97,,,,,232.0
B08GX8RGWJ,49.0,,,,
B08GY8M1P9,,,,,227.0
B08GY97ZT8,,,,,173.0
B08GYFGVZS,,,,,122.0
B08GZ56NWL,29.0,,,,
B08GZ8JQFQ,2594.0,2594.0,2594.0,2594.0,2594.0
B08H1R9CQK,39.0,,,,
B08H1VJ62V,,,,,6.0
B08H1VQN66,,,,,71.0
B08H2C73SF,1243.0,1243.0,1243.0,1243.0,1243.0
B08H3N5VZS,,,,,5.0
B08H4DKJST,,,22.0,,
B08H4HN2SB,1575.0,1575.0,1575.0,1575.0,1575.0
B08H4PMHYB,,,,,22.0
B08H52JHGY,,,,,101.0
B08H58QYBC,,,,,49.0
B08H5FKZKC,,,,265.0,265.0
B08H5KS7K2,56.0,,,,
B08H5QB4PN,,,,,7.0
B08H6TWYT7,39.0,,,39.0,39.0
B08H73Q7NT,,,,,71.0
B08H82Y57M,,,,82.0,82.0
B08H87H2VH,,,,125.0,
B08H8FVTW5,,,,,355.0
B08H8JDMV6,,,125.0,125.0,125.0
B08H8N6D6F,189.0,,,,189.0
B08H8PH8Q7,,,,,840.0
B08H8SQPBG,102.0,,,,
B08HCJLL38,,,,,405.0
B08HCNXY66,,,,,405.0
B08HCVCY4T,,,,181.0,181.0
B08HDL5J1F,250.0,,,,
B08HFMLMXX,574.0,574.0,574.0,574.0,574.0
B08HGC69Q6,,,,,1398.0
B08HGJPDR5,,,,,1398.0
B08HGJQ2B6,,,,,145.0
B08HGKSJLY,,,,,162.0
B08HGM4TN9,,,200.0,200.0,200.0
B08HGQ9X1H,,,141.0,,
B08HGT37ZX,1398.0,,,,1398.0
B08HH159R3,65.0,,,,
B08HH2ND8J,,,,,63.0
B08HH93YRG,,,,,9.0
B08HHBW4XZ,44.0,,,,
B08HHRW4RD,,,,,6.0
B08HHS1XKJ,,,,,6.0
B08HJB3G4C,,,,,307.0
B08HJGN3WQ,,45.0,,,45.0
B08HK7QJ9P,,24.0,,,
B08HKZF2HY,,,,,210.0
B08HLR225R,,229.0,229.0,229.0,
B08HLRL4HJ,151.0,,,151.0,
B08HLVBZCG,,,,,217.0
B08HLZR2VD,,,,132.0,
B08HM3L166,,,96.0,96.0,96.0
B08HMBZB53,160.0,160.0,,160.0,160.0
B08HN7ZG7G,,,,,10.0
B08HPGYTYF,,,,,89.0
B08HPPZ2LY,,244.0,,,244.0
B08HQ6T26H,,,,20.0,20.0
B08HQ83QTR,,,,,167.0
B08HQXR7WT,161.0,161.0,,161.0,161.0
B08HQY5NKZ,,,44.0,44.0,44.0
B08HR4JQYT,57.0,57.0,,,
B08HR765LK,,,,,57.0
B08HRQDT1M,,,,,14.0
B08HRS9N33,,,,,3.0
B08HRT6CRZ,,,,,104.0
B08HRVMK3Z,,,,,51.0
B08HS6MXLW,,,,,54.0
B08HSGB23Y,,,,,35.0
B08HSMG46G,,,,,171.0
B08HSTQBJT,110.0,,,,
B08HSWM9X6,,,,,22.0
B08HTZDN3V,,147.0,,,
B08HV4P9WQ,,,,316.0,316.0
B08HV783FW,,,,167.0,167.0
B08HV7STSQ,,7.0,,,
B08HVC12KJ,,,185.0,,
B08HVCRSKG,,,,,167.0
B08HVCX5PQ,,,,42.0,
B08HVMM2GZ,,,,,167.0
B08HVSD94V,,,,,11.0
B08HVTDQSW,,,7.0,,
B08HVXXN3J,1459.0,,,1459.0,1459.0
B08HW5P8Z1,,,,,80.0
B08HX4RQLZ,142.0,,,,
B08HY3GJLN,,,46.0,46.0,46.0
B08HYF3XM2,203.0,,,,203.0
B08HYV6W85,,,,,154.0
B08HZCRBQD,81.0,,,,
B08J1RGJRY,,,,,12.0
B08J2Z5J2S,,,,,39.0
B08J3PTQQ2,,,,,4.0
B08J3QPHDM,,33.0,,,
B08J42SZC8,342.0,,,342.0,342.0
B08J44RJFB,336.0,,336.0,336.0,336.0
B08J44XX3Z,217.0,,,,217.0
B08J4766DR,,,,,18.0
B08J47M3LK,,,,,76.0
B08J4C7FQL,,,,,55.0
B08J4FQD4H,,,5733.0,5733.0,5733.0
B08J4FTR26,,,,,14.0
B08J6T1VNT,1696.0,1696.0,1696.0,1696.0,1696.0
B08J7JGF5V,,,,91.0,
B08J7JR966,,,,,361.0
B08J7M1DJQ,,,,23.0,
B08J7P998D,,,,141.0,141.0
B08J7RS195,,,,,91.0
B08J7VDQZG,,,45.0,,45.0
B08JBL8M92,,,,,99.0
B08JBSKNJV,,,,,39.0
B08JBXDSW3,,,347.0,347.0,347.0
B08JCHLZMN,,,,,25.0
B08JCLW8KL,,1.0,,,
B08JCSDP4H,,,,,31.0
B08JCWQHLB,,367.0,,,367.0
B08JCXM8LW,,,,367.0,367.0
B08JF1L3GN,,,,,206.0
B08JF4FG6C,,,,,78.0
B08JFWV1YJ,,,,194.0,194.0
B08JG1J71R,,,23.0,,23.0
B08JG8JCDN,,,,,32.0
B08JG9JS9Y,63.0,,,,63.0
B08JGH5ZP9,,,,,32.0
B08JGL7LD9,,,306.0,306.0,306.0
B08JGNLHVL,,,,,4.0
B08JGY45C1,,,,,91.0
B08JHBTY2X,,,,,94.0
B08JHMWVG9,,,,,108.0
B08JHR6KQ6,,,,265.0,265.0
B08JJ45PSR,,,,,26.0
B08JKDHJT6,,,,,52.0
B08JLDKTRF,2870.0,,,,2870.0
B08JLFP2KF,,,924.0,,924.0
B08JLR7RRJ,,,,,54.0
B08JLWM5GN,,1788.0,,,1788.0
B08JLWRQ5N,,,,,1788.0
B08JLXH2Z3,,,,,47.0
B08JLXL3M3,,,,94.0,94.0
B08JLXT9FF,,,,,1788.0
B08JLY5M71,1788.0,,,,
B08JLZZYL7,717.0,717.0,717.0,717.0,717.0
B08JMGF1M3,,,,,16.0
B08JNJDRTG,55.0,,,,55.0
B08JP7VP37,118.0,,,,
B08JPK2RDG,301.0,,,,301.0
B08JPKW7CX,301.0,,301.0,,301.0
B08JPWBQZT,,,,,157.0
B08JPXNRVR,,,,,217.0
B08JQFFGZ4,65.0,,,,
B08JQMZCTC,,,188.0,188.0,188.0
B08JQRLTBF,,,,,568.0
B08JTWKH15,,,,,38.0
B08JV12MW8,,,,,123.0
B08JV18PML,123.0,,,,123.0
B08JV4H7FX,,,123.0,,123.0
B08JVGCRXC,,12.0,,,
B08JXB7K8R,1918.0,,1918.0,1918.0,1918.0
B08JYC21GG,,,237.0,,237.0
B08JYD99NZ,,,,,30.0
B08JYGLFTC,,,,,15.0
B08JYNF4WQ,,,,,299.0
B08JYVKTVX,,,,,20.0
B08JYVYCM5,,,,,87.0
B08JYVZ3YC,,,,15.0,15.0
B08JYXCMTK,2.0,,,,
B08JYZWF6X,,,,31.0,31.0
B08JZ3867V,,,,,21.0
B08JZDDF7T,,,,,101.0
B08K1PF4BJ,966.0,,,,
B08K2RBGJW,631.0,,631.0,631.0,631.0
B08K2V18LM,,,,,42.0
B08K39CDYF,,,,,42.0
B08K3B47J2,,,,32.0,
B08K3FLP82,,,,,20.0
B08K3G6287,,,,,20.0
B08K3QJXV1,,,,,709.0
B08K4D229C,,,,,12.0
B08K4DPJ96,,,,,534.0
B08K4S2YM3,24.0,,,,
B08K643J4Q,316.0,,,,316.0
B08K6Y6TWZ,,,,,2887.0
B08K7F3SLW,187.0,,,187.0,187.0
B08K7N37X7,,,,,28.0
B08K85QD4X,,,,,129.0
B08K8M8DGH,,,,,319.0
B08K8Z1ZQZ,,,,176.0,176.0
B08KCY7X4X,,,,,3.0
B08KCYLVWC,,5.0,,,
B08KD6B1XX,,,,,5.0
B08KFPMSPB,667.0,,667.0,667.0,667.0
B08KFSXSP5,,,,,78.0
B08KFTXB64,,,,,78.0
B08KG359R9,,,125.0,125.0,125.0
B08KG85P1B,101.0,,,,101.0
B08KG9WCSR,,,125.0,,125.0
B08KGJBXMP,,30.0,,,
B08KHLB1CD,,,,251.0,
B08KHWMJV7,,,,,148.0
B08KLJ8BJ5,,,,,395.0
B08KM3D27F,,,,,439.0
B08KM4SCXH,,,444.0,,444.0
B08KM7YY2P,,,,,445.0
B08KP6L3C2,,,,,124.0
B08KPW8X89,,,,,16.0
B08KRLB1ZP,738.0,,,738.0,738.0
B08KSY7F2C,,,,,10.0
B08KTR26DR,564.0,,564.0,564.0,564.0
B08KTSM6PX,42.0,42.0,42.0,,42.0
B08KTTGGQX,42.0,,,,42.0
B08KTX6Z7L,,,564.0,,564.0
B08KVXZBNM,,,,,411.0
B08KVZRZXH,,,,,13.0
B08KW7N6RS,,3.0,,,
B08KWB3HZL,,,,,100.0
B08KWH1G5W,,,,847.0,847.0
B08KWHP96V,,,,,408.0
B08KXN7F1Y,67.0,,,,67.0
B08KXVMT2B,,8.0,,,
B08KZRCG65,,,56.0,,56.0
B08KZRZRPX,,,,,30.0
B08KZTWCQK,,,,20.0,
B08KZX5K2L,,125.0,,,
B08KZX7YFS,,,,,55.0
B08L168YH8,,,,,9.0
B08L1BG9VZ,,266.0,266.0,266.0,266.0
B08L26T8H6,,,,,43.0
B08L393HG4,,,,,94.0
B08L41QVYK,,,,,15.0
B08L44D9QY,,,,46.0,46.0
B08L45ZWL9,,,,46.0,46.0
B08L47NFN4,,,,,113.0
B08L4H4M19,,,,,33.0
B08L4ZC3NG,164.0,,,164.0,164.0
B08L55LXDS,,384.0,,,384.0
B08L5GDYW7,,,5733.0,5733.0,5733.0
B08L5MYLF9,,,,,52.0
B08L5NQLDW,,,,,52.0
B08L5NT6RW,,,,,7.0
B08L5VWR4J,1154.0,,,1154.0,1154.0
B08L5ZCD2S,,,,,10.0
B08L62SG3Z,,293.0,,,293.0
B08L66HVV3,,,,,80.0
B08L68MW4G,,1154.0,1154.0,1154.0,1154.0
B08L6H3J2K,,,,,2288.0
B08L7LPSPY,131.0,,,,
B08L7MLF3Q,,,,,43.0
B08L7PN5MR,,,,,53.0
B08L7R4V2S,,,,,47.0
B08L7V5KBK,,,,,27.0
B08L85RJTC,,597.0,,,597.0
B08L8X59NT,,,,,87.0
B08L8YGX8B,,265.0,265.0,,265.0
B08L928LGW,125.0,,,,
B08L97Q6GK,,,,,76.0
B08L9M7FXY,,,,79.0,79.0
B08L9P61HR,,390.0,390.0,,390.0
B08LB5XBGF,,,,,76.0
B08LB7RDZ7,3135.0,,3135.0,,3135.0
B08LB8NL9X,,,305.0,305.0,305.0
B08LBDBZLD,,,,,902.0
B08LBDQ5RS,902.0,,,,
B08LBDZLLG,,,,,902.0
B08LBF9MLC,,,,,902.0
B08LBFM89R,,,,,902.0
B08LBGPMM3,902.0,,,,902.0
B08LBGY9TM,,,,,902.0
B08LBS6LCL,,5.0,,,
B08LC78WVM,,,,,125.0
B08LD2NSH4,,,,28.0,28.0
B08LD2XSRB,,,,,71.0
B08LD3TSTT,,,1300.0,1300.0,1300.0
B08LD496S7,,,,,56.0
B08LD7DPGQ,8.0,,,,
B08LDJ2PDP,,78.0,,78.0,78.0
B08LDJ37T8,414.0,,,414.0,414.0
B08LDK4Z6N,,,,,221.0
B08LDWJD7J,,,,10.0,
B08LG899GR,,26.0,,,
B08LG9NC3F,,,,1154.0,1154.0
B08LGH7LGZ,3.0,,,,
B08LGVG3P7,,,,,154.0
B08LH9BNGP,,,,,350.0
B08LHL4HG7,,,,299.0,299.0
B08LJQ2NWY,,,,,299.0
B08LK1QN28,,,,,6.0
B08LK3Q2CN,333.0,,333.0,333.0,333.0
B08LK78LS4,,,43.0,,
B08LK8VVD5,,,,,49.0
B08LLCMZFS,,3215.0,3215.0,3215.0,3215.0
B08LLDCDTP,,,1568.0,,1568.0
B08LLHH3YQ,,1568.0,1568.0,1568.0,1568.0
B08LMLLKC1,,11.0,,,
B08LMR23FL,,,154.0,,154.0
B08LMXLG5W,,,,,5.0
B08LN4K372,,160.0,,,160.0
B08LNJ3GGY,,,,,11.0
B08LNYNQ4Z,1633.0,1633.0,,1633.0,
B08LP4MTJB,,,,,338.0
B08LPKPRX1,,,4.0,,
B08LPL2X1X,,,,,13.0
B08LPLBKBF,,,22.0,22.0,
B08LPMTHJ7,,,,,6.0
B08LPYG4SS,,,,,1210.0
B08LQ16HJG,,,127.0,,
B08LQ1TYB8,181.0,181.0,,,181.0
B08LQ3S86S,144.0,,144.0,,144.0
B08LQCB4WJ,,,1788.0,,
B08LQHWX3G,367.0,,,367.0,367.0
B08LQWTM4C,,,145.0,,145.0
B08LQZCVGJ,6.0,,,,
B08LQZPZDJ,,,,35.0,35.0
B08LSKF9F7,,,,14.0,
B08LV4WSC1,143.0,,,,143.0
B08LV6Z41C,143.0,143.0,143.0,143.0,143.0
B08LV6ZF7N,143.0,,,,143.0
B08LVY5PDK,1456.0,1456.0,1456.0,1456.0,1456.0
B08LYTZ58Q,,,,,29.0
B08LZ4CVS4,,,,,27.0
B08LZDNYMM,,,,60.0,60.0
B08LZGP4HH,2.0,,,,
B08LZH697B,,,60.0,,
B08LZNVSD6,,,,,9.0
B08M2HZBGM,,997.0,997.0,997.0,997.0
B08M2ZN8CC,,,,,84.0
B08M3548DQ,,,,,49.0
B08M3GSTVC,,,,,101.0
B08M3KGSW2,,,,,84.0
B08M3NYF5K,,267.0,,267.0,267.0
B08M3PP465,,,,,9.0
B08M471CN9,,,,,21.0
B08M5CNYFW,,,,,432.0
B08M5MCBT8,,,271.0,271.0,271.0
B08M5ZCYBY,,,655.0,,655.0
B08M5ZF4MN,,,,,30.0
B08M62KM64,655.0,,655.0,,
B08M632VNM,,,,,3.0
B08M67SPDJ,,,,325.0,325.0
B08M6DVV3T,,,,,10.0
B08M91X8JH,,,,68.0,68.0
B08M92G67M,,,,,25.0
B08M92R918,,,,99.0,99.0
B08M941J73,,,,62.0,62.0
B08M95GDRT,,,311.0,311.0,311.0
B08M97T518,,,5.0,,
B08M9D13CY,,,,22.0,
B08M9J5ZPR,,,,,355.0
B08M9Q4STP,,,,,550.0
B08MBC75QP,,,,,289.0
B08MBY6K5P,,,,,21.0
B08MBYNY3V,,,,,21.0
B08MC2DN43,,,,,5.0
B08MCQYFTS,13.0,,,,
B08MFNKH5H,,,7.0,,7.0
B08MFQF3TG,7.0,,,,7.0
B08MFQRVRB,,,,,26.0
B08MFTMB1G,,,,,1413.0
B08MFTQSKH,,,,,10.0
B08MGS5NWK,,,,11.0,11.0
B08MJ3DQLQ,2111.0,2111.0,2111.0,2111.0,2111.0
B08MKGBMXD,,,,13.0,
B08MKGLFHV,,,282.0,282.0,282.0
B08MKTWBSX,,,,,53.0
B08MKX3H3N,102.0,,,,
B08ML2MD1P,,,,102.0,102.0
B08ML7MKNH,,,,282.0,282.0
B08ML9W4MK,,,,,15.0
B08MNBDMNL,,,,,64.0
B08MPJSNXN,555.0,,,,
B08MPLVPM6,,,63.0,,63.0
B08MPQDRG7,,,555.0,,555.0
B08MPQMTNJ,,,,1815.0,1815.0
B08MPV5PKX,,,,1815.0,1815.0
B08MPVF9J1,1159.0,1159.0,,,1159.0
B08MPXF3YQ,,1815.0,1815.0,1815.0,1815.0
B08MPYS8P2,1815.0,1815.0,1815.0,,1815.0
B08MQ2RM98,25.0,,,,
B08MQ3W1ZY,,,,,1815.0
B08MQ54YFS,,,,,356.0
B08MQ6CHZS,1815.0,1815.0,,,1815.0
B08MQH396W,,,,,1815.0
B08MQM312G,50.0,,,,
B08MTF35DT,,,,,357.0
B08MTN9HGD,,,358.0,,358.0
B08MYJDVSQ,,,,,24.0
B08MYM3HBX,,,,,88.0
B08MZJX4TT,,,,,94.0
B08N11Q6WF,,,,,85.0
B08N1KM99T,,,,14.0,
B08N33XNQC,966.0,,,966.0,966.0
B08N3J11RS,,,,,56.0
B08N3RC3HW,,,,966.0,966.0
B08N412LDN,,,,,75.0
B08N496DPV,,,,,75.0
B08N4DS5NJ,,,,,96.0
B08N4NH5T2,,,,,75.0
B08N4TF4YC,,,,,58.0
B08N53GV67,131.0,,,,131.0
B08N5X5DW8,12.0,,,,12.0
B08N64G3LH,69.0,,,69.0,
B08N6BC1CP,,,,,45.0
B08N6PPGHJ,,,,,45.0
B08N722STF,,,,40.0,40.0
B08NC6KCQR,,,,,124.0
B08NCQF36Q,,,,,421.0
B08NDGW6V9,,,,,42.0
B08NDNQZNM,,,,212.0,212.0
B08NDY3T41,156.0,,,,
B08NG75JYS,,,,,94.0
B08NG8TQBH,94.0,,,,94.0
B08NG9JL8J,,,,,45.0
B08NGC2MJZ,,,9822.0,,9822.0
B08NGFC6NT,,,,,1251.0
B08NH8KGV1,,,,,536.0
B08NHR81B6,,,,,3.0
B08NJDXJCH,,,,,119.0
B08NJGR12K,,,,90.0,
B08NJNG2TY,,,69.0,69.0,69.0
B08NJSRMGH,,,,449.0,449.0
B08NK1DP5D,393.0,,393.0,,393.0
B08NK2CPXK,,,,,182.0
B08NK82GRS,,,,,840.0
B08NK8TVHX,,,,487.0,487.0
B08NK9K1WF,,,,,31.0
B08NLLY4LR,,,,,13.0
B08NPHNMGZ,,,,,38.0
B08NPQW2RW,250.0,,,,250.0
B08NPSHYJ7,,,,,38.0
B08NPV1VVR,,51.0,,51.0,51.0
B08NPZ41Y4,,,,,9.0
B08NSKFWMH,252.0,,,,
B08NSP1PQ9,,,,,6.0
B08NSVC16V,,,,,2.0
B08NSW9FVT,,,,,31.0
B08NT8J9SD,,,,,31.0
B08NT9SQDS,,,23.0,,23.0
B08NTFRFF5,,,,18.0,
B08NTGJBHH,,,,,31.0
B08NTGRKF4,,,41.0,,
B08NTKSPG7,,125.0,,,
B08NTMTZV3,,,,,18.0
B08NTQRB1Y,47.0,,,,
B08NTSWNCV,,,49.0,,
B08NV2SBJT,,,,,139.0
B08NVH8TRX,,,,,151.0
B08NVJ1PKT,,,,,151.0
B08NVJCGPH,221.0,,,221.0,221.0
B08NVKJFRL,,,,,68.0
B08NVM6XHD,,,,,11.0
B08NX9RDSF,,,10.0,,
B08NXL6Z1Q,,,26.0,,26.0
B08NXX1GX7,,,,,37.0
B08NYCMC3P,,,,,12.0
B08NYMJV5V,,,,,17.0
B08NYV99KZ,106.0,,,,106.0
B08NZ3181Z,,,,,11.0
B08NZK2RTV,,,,,14.0
B08P1JXLCC,1621.0,1621.0,1621.0,,1621.0
B08P1MLWDD,,,,,29.0
B08P1MR2VB,,,,,64.0
B08P2YX8SR,,,,17.0,17.0
B08P3KGGQM,,,,,8.0
B08P3RT3MY,87.0,,87.0,,87.0
B08P3TCG8X,82.0,,,,82.0
B08P3VPYK2,13.0,,,,
B08P41G5KQ,,,,,87.0
B08P42CC5V,,,78.0,,78.0
B08P4G847Q,,,,,2.0
B08P4LSW2H,,,,,17.0
B08P56TG4G,,,,,133.0
B08P5HZCX7,,,186.0,186.0,186.0
B08P5LTSP8,,,,3135.0,3135.0
B08P6ZW2D9,,,,,6.0
B08P71BMH9,170.0,170.0,,,
B08P749TMC,,,,,62.0
B08P761NMY,,,125.0,,125.0
B08P79RZSH,,,,,142.0
B08P7B6D75,,699.0,,,699.0
B08P7DPZ4F,,,,51.0,
B08P88Y3B5,,,15.0,,
B08P893GYX,,,,,349.0
B08P9BFCTN,,,583.0,,583.0
B08PB5ZQ4Z,,78.0,,,78.0
B08PB7ZMHN,,,,,42.0
B08PBRNCJW,,,1696.0,,1696.0
B08PBV91T7,,,,1696.0,1696.0
B08PBYLKG4,,,,,393.0
B08PBZ459C,,,393.0,393.0,393.0
B08PBZ5M91,,,,,90.0
B08PBZY8CN,,,,339.0,339.0
B08PC564QW,195.0,,,195.0,195.0
B08PF5DWD1,,,,,49.0
B08PK1NSLB,11.0,,,,
B08PK6JQS7,,,,,122.0
B08PK99LZB,,,,1229.0,
B08PKBDVWQ,,,,,293.0
B08PKDZCQS,7.0,,,,
B08PKFJKDK,,,22.0,,
B08PKM2FJS,,,,,23.0
B08PKM32RS,,,,,26.0
B08PKM5BJT,,,,,29.0
B08PKPNSGV,,,,12.0,
B08PKRF2VQ,45.0,,,,45.0
B08PL2ZMLZ,,564.0,564.0,564.0,564.0
B08PNL6THJ,,,,,2.0
B08PP53FXR,,,,48.0,48.0
B08PPLSDWK,10.0,,,,
B08PQGSJT2,,,306.0,306.0,306.0
B08PSQC675,,,24.0,,
B08PTT54GK,,,,,96.0
B08PTTM3V7,,479.0,,,479.0
B08PTTM7ST,474.0,,474.0,474.0,474.0
B08PTVDM21,,,,,479.0
B08PV4MCFZ,,,,,1218.0
B08PV4NPDH,,,,,1232.0
B08PV5Y6J3,,341.0,,,
B08PV6WP6V,187.0,,,,
B08PV75XBQ,,,,341.0,341.0
B08PV76Y27,,,,,341.0
B08PV89W48,,,241.0,,241.0
B08PV8LQV6,,,,,241.0
B08PVB4XY6,209.0,,209.0,209.0,209.0
B08PVVTNQL,,,81.0,,81.0
B08PW65ZLP,3353.0,,3353.0,3353.0,3353.0
B08PYTBX7G,,,119.0,,
B08PZ5V1X9,,,,,16.0
B08PZ5WGB3,,,,,16.0
B08Q33Z1QH,15.0,,,,15.0
B08Q34YHXS,,,,,41.0
B08Q36XL9Y,,,,305.0,305.0
B08Q3KWJZK,,,,,441.0
B08Q3RVVXF,,,,,249.0
B08Q4FR866,,,,,120.0
B08Q7GKS3M,,,,,3.0
B08Q7L7BTG,3.0,,,,
B08Q7MDXRW,,,,,24.0
B08Q7T1C7C,,,,,3.0
B08Q7V84PZ,,,,,20.0
B08Q7X7MZN,,,3.0,,
B08Q8PLXZY,,,,1261.0,
B08QCKHLGN,,,,,82.0
B08QCWQD4C,,,,,104.0
B08QDLMJ3K,,,,,25.0
B08QFB8GB4,,,,,6.0
B08QFPMM1M,,,,,13.0
B08QFPQFY8,,,13.0,,13.0
B08QFZVJR6,,,,1.0,
B08QGX88F7,,,,340.0,340.0
B08QHF65BL,5.0,,,,
B08QHJ16FH,,,,,4.0
B08QJD5RLM,106.0,,,106.0,106.0
B08QMWHV3L,151.0,151.0,,,151.0
B08QN1R5RP,,,,,2.0
B08QNF3G3J,357.0,,,,357.0
B08QR5KS8Y,,979.0,,979.0,
B08QRBJ7MN,979.0,,,,979.0
B08QRDYZDC,5.0,,,,
B08QRN1LF3,,,,,36.0
B08QRTM8ZL,,,,,15.0
B08QRVHP9D,,,,,5.0
B08QRVM3KF,,,,,22.0
B08QRY5Z47,,,,,1.0
B08QSLGVVK,256.0,256.0,,256.0,256.0
B08QTTQK6R,,,,,43.0
B08QV3SFLM,70.0,70.0,,70.0,70.0
B08QV3V4HD,,,,,11.0
B08QVGPF5C,70.0,,,,70.0
B08QVJ4RCP,70.0,,70.0,70.0,70.0
B08QVPC9L7,,,,1.0,
B08QXMTN61,312.0,312.0,,312.0,312.0
B08QXVGLMH,,,16.0,,
B08QXX6VC3,195.0,195.0,,,195.0
B08QYB8FJY,195.0,195.0,195.0,195.0,195.0
B08QYNL19D,,,,,1056.0
B08QYZ21PD,,,3046.0,3046.0,3046.0
B08QYZPTG4,213.0,213.0,,,
B08QZ3SC79,1020.0,,,1020.0,1020.0
B08QZ42RT1,,,,,19.0
B08QZCC7W9,232.0,,,,232.0
B08QZCYYDV,,,,,12.0
B08QZDBNC4,,,,557.0,557.0
B08QZGP5GX,,,,24.0,24.0
B08QZSRK9T,,,,,21.0
B08R1KTMMD,,269.0,,,
B08R1M8YQ4,269.0,,,269.0,
B08R298R76,,,21.0,,
B08R2SS171,,,,,39.0
B08R3525SS,,,,,103.0
B08R35DZFK,,,,102.0,
B08R3JKF36,,,,,42.0
B08R3M4JSM,39.0,,,,
B08R3S6B3G,1931.0,1931.0,1931.0,1931.0,1931.0
B08R3XNZ3D,,,81.0,,81.0
B08R5MBSF7,,,,,26.0
B08R5TSRGT,,,,,25.0
B08R5WNCMB,1787.0,,,1787.0,1787.0
B08R5WT5CH,,,,,49.0
B08R6PFJYY,,529.0,529.0,,529.0
B08R6WWQVV,,,67.0,,67.0
B08R7259JV,,,,,529.0
B08R73XH28,,,,,2140.0
B08R74G4XK,2140.0,2140.0,2140.0,2140.0,2140.0
B08R74JM2T,,,,,2098.0
B08R74NNJN,2098.0,,,,2098.0
B08R74W9VH,,,,,434.0
B08R75C4JH,,,15.0,,
B08R75SNTY,2098.0,2098.0,2098.0,2098.0,2098.0
B08R7PPXSS,,,,,28.0
B08R7QTGRR,,,,29.0,29.0
B08R86FHNG,,,,,9.0
B08R86P85X,144.0,144.0,144.0,,144.0
B08R871ZY6,,,,,123.0
B08R882N3L,,,,,592.0
B08R885D4N,,,,30.0,30.0
B08R88P7K9,404.0,,,,404.0
B08R88WBG9,,,,,111.0
B08R89WCL1,,,,,257.0
B08R8GY38N,,,,319.0,319.0
B08R8TK4CC,,,,,404.0
B08R8V83VL,,,,146.0,146.0
B08R8VLX5K,,,,404.0,
B08R8WGTK3,,,,,31.0
B08R96YR89,,,,,14.0
B08R9MH7D5,,,,,43.0
B08RB661W9,,,,,13.0
B08RB7F5VB,,,,,13.0
B08RB8SGBT,,,,,21.0
B08RBH7N47,,,,,40.0
B08RBJGK44,,,,,125.0
B08RBT6BRM,,,,46.0,46.0
B08RC4CN6J,,,,,43.0
B08RC4MBMP,,,43.0,,
B08RCVBM1G,,,,,120.0
B08RCVGV4Q,120.0,,,,
B08RD7SZ1S,560.0,560.0,,560.0,560.0
B08RDCVTVG,,,408.0,,408.0
B08RDDM22N,,,,,71.0
B08RDDRPLV,,,,,71.0
B08RDN1WVX,,,,434.0,
B08RF18GXC,370.0,,,,
B08RJ271BL,,,,,63.0
B08RJT3FY1,,,,,177.0
B08RJV1FTR,,,,,177.0
B08RJWLN8P,,,,,177.0
B08RJXR4JT,,,,,177.0
B08RMPP76J,,,,,37.0
B08RN55885,,,,,37.0
B08RN9XMR5,326.0,,,326.0,326.0
B08RRFPKBF,,,,900.0,900.0
B08RRQXZSF,,,,,781.0
B08RS1MML8,,,,,22.0
B08RS8HV4C,,,781.0,,
B08RSCHSBK,,,,,153.0
B08RSHZM2M,,,,,178.0
B08RWVVQ43,,,508.0,508.0,508.0
B08RX1YH45,,,,,1413.0
B08RX3Z8Q2,,246.0,,,246.0
B08RXHFLHM,,45.0,,,45.0
B08RYTVB6S,,,,,88.0
B08RZ6JVFZ,,840.0,,,
B08S2X674F,,,,,76.0
B08S32TX8V,,,,303.0,303.0
B08S3CWD69,,,,,85.0
B08S3M6JLK,,,,,17.0
B08S48CNKY,,,202.0,,202.0
B08S6M9VJ2,,,,,257.0
B08S6TGV2Y,,,23.0,,
B08S6TY543,,,,,30.0
B08S6ZFGW1,,,,,257.0
B08S725H4B,39.0,,,,
B08S77JY8F,,,,,257.0
B08S7CH3V3,,,,361.0,361.0
B08S7DZVWP,,,,,1.0
B08S7H2R1Y,,,41.0,41.0,41.0
B08S7HMLZ6,,,,98.0,98.0
B08S7M65WP,,,,,175.0
B08S7N9LS5,,,683.0,683.0,683.0
B08SBL8BDX,72.0,,72.0,,72.0
B08SBMFNSR,,,72.0,,72.0
B08SBPF2HR,1547.0,1547.0,,1547.0,1547.0
B08SBT5315,,,,,49.0
B08SCM5MGF,,20.0,,,20.0
B08SGGXJ55,264.0,,264.0,264.0,264.0
B08SJR9TS4,,,,,67.0
B08SJTFPM6,,,,,115.0
B08SJXL934,,,,,267.0
B08SJYSWSQ,,,267.0,,267.0
B08SJZ2P7N,,,,267.0,267.0
B08SJZY627,,,267.0,,267.0
B08SKTGZWR,132.0,,,,132.0
B08SKV64QR,,,,10.0,10.0
B08SL45MPL,902.0,,,902.0,902.0
B08SL9X6GS,,,,,28.0
B08SLRXB16,,,1.0,,
B08SM8JH5Q,,,,,200.0
B08SM93FCZ,226.0,,,,
B08SM9436F,,,,1788.0,1788.0
B08SM9RYCN,73.0,,,73.0,
B08SMBJDPG,,,,763.0,763.0
B08SMC48Y2,,,,,68.0
B08SMCLGSK,,,,,53.0
B08SMDRH85,,,,,45.0
B08SMN3TKX,,97.0,,,
B08SMPQ29J,,,,16.0,
B08SMQVGX4,,,,41.0,
B08SQMJZJ1,,,,,264.0
B08SQN73BS,,,,,1398.0
B08SVN51S1,,,,,434.0
B08SVQ9BVG,,164.0,,,
B08SVTRBTG,,,,,2.0
B08SVZF9K8,,,,,17.0
B08SW3WHWH,,2.0,,,
B08SW61V98,,4.0,,,
B08SW9TC7Y,,,,,111.0
B08SWGJK91,,14.0,,,
B08T1NLH11,,,,35.0,35.0
B08T1P2TML,,,63.0,,
B08T1SQFLG,,,,,30.0
B08T1T6XW2,,,,,8.0
B08T3K35N8,,178.0,,178.0,178.0
B08T4HHT4H,,,1.0,,
B08T512NJX,9.0,,,,
B08T5TBQZV,,,,4.0,
B08T618WFB,,,,,37.0
B08T62KNDD,310.0,310.0,,310.0,310.0
B08T64JKHP,,,220.0,220.0,220.0
B08T686GR4,,,,,17.0
B08T68LHC2,,,,,28.0
B08T6CKM4L,,,,,62.0
B08T6L8S75,,,,27.0,27.0
B08T6LCHR3,,,,11.0,
B08T6SZBGL,,,,3046.0,3046.0
B08T7B66FG,,,3.0,,
B08T7BK8BF,,479.0,,,479.0
B08T7YS93B,,,,46.0,
B08T8H69PZ,,,,,5273.0
B08T8N19QQ,,,76.0,,
B08T8SMGCH,982.0,982.0,982.0,982.0,982.0
B08T8X1KC9,,,,,39.0
B08T8XNWVX,,,,,42.0
B08T92GS1W,,,44.0,,
B08T95291R,,,,,1.0
B08T95CWTC,560.0,,,,560.0
B08T9B35MN,,,101.0,,
B08TB8FGSB,604.0,,604.0,604.0,
B08TBFWRL5,5290.0,,5290.0,5290.0,5290.0
B08TBGKYZG,,,,238.0,238.0
B08TBMCR32,5290.0,5290.0,5290.0,5290.0,5290.0
B08TBMF21C,,,,340.0,
B08TBMRL26,,,,340.0,340.0
B08TBRFH86,,,,,340.0
B08TBYFC9L,,,,72.0,72.0
B08TBYSMW9,,,44.0,,44.0
B08TC5QSXG,,,,,72.0
B08TC8597F,,,,,13.0
B08TCGS453,,,,,222.0
B08THBHQ2D,,,,,10.0
B08THNYRFC,,,,17.0,17.0
B08TKHT1LN,,,,,30.0
B08TLK8WV3,,,,,13.0
B08TLMZHV5,,,,,455.0
B08TLP2QPY,,,,9.0,
B08TLV746R,249.0,,,249.0,249.0
B08TLX32NB,,,,64.0,
B08TLZ31DR,1310.0,1310.0,,,1310.0
B08TM5SC9K,88.0,,,,
B08TMKV11Z,,,,,840.0
B08TMMT6W8,,,,,45.0
B08TMWT6HT,,,,,1456.0
B08TMX6KC6,,,,,24.0
B08TQ7ZJYD,902.0,,,,902.0
B08TQPMT17,,,,41.0,41.0
B08TQQH63R,,,,116.0,116.0
B08TQZCRCQ,,46.0,,46.0,
B08TR2C25K,632.0,632.0,632.0,632.0,632.0
B08TR3GXV8,,,,,170.0
B08TR3PXDL,,,,,1419.0
B08TR7G13Z,,446.0,,446.0,446.0
B08TR83BLD,,,,,924.0
B08TRJ1DYK,,,,,149.0
B08TSN2NFB,,,,,220.0
B08TT1PN5D,,,,,17.0
B08TT6YQY7,,,,,272.0
B08TTDLZF2,,,,,220.0
B08TTFFB4Y,,,,,220.0
B08TTSYZFR,861.0,,861.0,861.0,861.0
B08TTT51WC,,,,,68.0
B08TTW7BNF,,,,,272.0
B08TVCF3BY,,,,,247.0
B08TVDPFDQ,,,,,14.0
B08TVG4T3N,,,,,3135.0
B08TW6QBJF,,,,,439.0
B08TW73K9K,,439.0,,439.0,439.0
B08TW7JKQG,,,,,420.0
B08TW82Y9L,,,,,316.0
B08TWF3S9V,,184.0,,,184.0
B08TWJLP9Z,,,,,31.0
B08TWK49T6,,,,,582.0
B08TWK4S7N,106.0,,,,
B08TWPGYQP,,,,,6.0
B08TWQWQ15,,,,,9.0
B08TWYW36K,,,151.0,,151.0
B08TWZSBR1,,,840.0,,840.0
B08TX71T18,,15.0,15.0,15.0,15.0
B08V18Q8M5,,,,,8.0
B08V1CLV8S,,,,,8.0
B08V1HHTKY,,102.0,102.0,,102.0
B08V1V2SLD,,,,,7.0
B08V1VCB9V,,,3.0,,
B08V1W8FQS,,,,,37.0
B08V1WDSZ6,,,,,16.0
B08V1WQ5XZ,,,,,1261.0
B08V1ZSH42,,,6.0,,
B08V2117NL,,,21.0,,21.0
B08V22G7W4,,,,32.0,32.0
B08V354DF3,251.0,,251.0,251.0,
B08V4Y2LJT,,224.0,,224.0,224.0
B08V52GVM3,,,,,4.0
B08V5884CK,,,,,28.0
B08V5CPGNS,,,,,12.0
B08V5NLQ1C,,,,,12.0
B08V5PMPRK,,,,,20.0
B08V8MS6SY,3815.0,3815.0,3815.0,3815.0,3815.0
B08V8T9W9D,,,,,18.0
B08V9F2VYT,,,,,1665.0
B08V9FX48R,,,,,122.0
B08V9GJ7SJ,,,,,122.0
B08VD9X7B7,380.0,380.0,,,380.0
B08VDKNC8B,,,,,55.0
B08VDX9ZG2,85.0,,85.0,,
B08VGN61KX,,,116.0,,116.0
B08VHBXNFZ,,,,,1.0
B08VJ2FJNS,2288.0,,,,
B08VJ956HW,,,,,14.0
B08VJK9881,,,,,59.0
B08VJKCJVY,,,,,45.0
B08VJKNS72,,,,,333.0
B08VN8BTVW,,,,,20947.0
B08VNLY3QT,,,,,56.0
B08VQ8QW3L,20947.0,,,,20947.0
B08VRFR6H2,,,,26.0,26.0
B08VRJ3F3R,,,,12.0,
B08VRMNZZH,334.0,,,,334.0
B08VRT131L,,,,,6.0
B08VW81MXT,,,,,60.0
B08VWDDBWM,,,,,60.0
B08VWK3LSW,,,,,21.0
B08W1MCYBN,,,,,13.0
B08W25HRNL,96.0,,,,96.0
B08W2CN6SZ,,,,1.0,
B08W2GWZVC,,,,,133.0
B08W317SKY,,,166.0,,166.0
B08W32Q8RR,,,,,166.0
B08W33CSZG,166.0,,,,166.0
B08W33LPRS,182.0,,,,
B08W33ZVX5,,,,,182.0
B08W3S7D7Z,,,,,13.0
B08W4S59GB,,,,,119.0
B08W4SLNJ1,,,,,34.0
B08W568RSB,,,,,29.0
B08W89Z3GY,,,4.0,,
B08W8GMLS4,2847.0,2847.0,2847.0,2847.0,2847.0
B08WC18BDT,,,,21.0,
B08WCDJLFF,,,,,25.0
B08WCHNSQB,,,,80.0,80.0
B08WD1DGXG,,96.0,,,
B08WDWPPX9,212.0,,212.0,,212.0
B08WJGGJ9J,,,,,16.0
B08WJHYGZQ,,,,,997.0
B08WKR67S5,115.0,,,,
B08WPCQKQB,,,,,102.0
B08WRQBY3X,,,,,15.0
B08WWXSF55,,80.0,,,80.0
B08WX6QQM2,,,,,2.0
B08WZ6T49V,62.0,62.0,,,62.0
B08X1MM1HT,,,,,399.0
B08X1NTSH4,,,,,12.0
B08X1T5YML,,,,,136.0
B08X1XZYV1,,,,,12.0
B08X23433Y,,399.0,,,399.0
B08X2NWG4Y,,,,781.0,781.0
B08X2TR2Z3,,11.0,,,
B08X39D7WW,,,,33.0,33.0
B08X3BX94C,,,,,33.0
B08X4268DR,,,370.0,370.0,370.0
B08X42WJ5N,,,,184.0,184.0
B08X44D83B,480.0,,480.0,,480.0
B08X4C7P3R,,,,,135.0
B08X68H2S7,523.0,523.0,523.0,523.0,523.0
B08X6PRSVQ,,,,,9.0
B08X6WH6W7,,,,50.0,50.0
B08X7JV35F,46052.0,,,,46052.0
B08X7KRBK6,,,46052.0,46052.0,46052.0
B08X8JGDX6,,,,,21.0
B08X8LJYFR,,,90.0,,90.0
B08X8WPKHW,,,,,11.0
B08X8ZJLVF,,,,27.0,
B08X95QQ69,,880.0,880.0,880.0,880.0
B08X9821GH,437.0,,,,437.0
B08XBDDW2K,,,475.0,475.0,475.0
B08XBJYX9G,206.0,,,,206.0
B08XBRL5MV,638.0,638.0,638.0,,638.0
B08XBZ22QY,7.0,,,,
B08XHZ8NVT,436.0,,436.0,,436.0
B08XJ12Q2T,,,374.0,,374.0
B08XJ457NM,,,,,217.0
B08XJLQTSC,,,217.0,,217.0
B08XJRDWDD,,,10.0,,
B08XK1WLXZ,,,,,38.0
B08XKDKGF5,,,22.0,,
B08XKH2P9G,,,1230.0,,1230.0
B08XLPNDBT,,,,,23.0
B08XLT3BM2,,,,,34.0
B08XMZD141,31.0,,,,
B08XMZWPCQ,,,,,31.0
B08XN9JKM4,,,,,312.0
B08XND3F3V,,,,,19.0
B08XND3LTG,,,,,123.0
B08XNF35L9,,,123.0,,123.0
B08XNF3WYT,,,,,123.0
B08XNFF5MM,,,,,7.0
B08XNL2BB9,,,,,50.0
B08XNR2LHP,,,,565.0,565.0
B08XNVFD9C,,,,,48.0
B08XNWRJH7,,,,749.0,749.0
B08XNXY7SR,1535.0,,1535.0,,1535.0
B08XP8SY5C,,,,,71.0
B08XQBB1W7,305.0,,,,305.0
B08XQGQXPN,19914.0,19914.0,19914.0,19914.0,19914.0
B08XSKK4F8,23.0,,,,
B08XTJ8FPS,347.0,,,,
B08XTMXYTR,,,,,7.0
B08XTPQ9WF,,,,,347.0
B08XTXCJP9,,,,,347.0
B08XTYR2CD,,,,,347.0
B08XTYVB11,,,,470.0,470.0
B08XV18RCH,347.0,,,,
B08XVQTZTZ,,,,,249.0
B08XVR3GYL,,,,,249.0
B08XVS3H78,,,,249.0,
B08XW43WT9,,445.0,,445.0,445.0
B08XWBXZD7,,,445.0,445.0,445.0
B08XWGC547,,,32.0,,
B08XWXVF85,,,,,20.0
B08XXP1WCW,,,,,49.0
B08XY9MRTB,,,,,24.0
B08XYNMNZT,,,,,4.0
B08XYX8KZQ,30.0,,30.0,,
B08XYZPD8G,,,,,125.0
B08XZ9KRJC,,39.0,,,39.0
B08XZPQVZF,4212.0,4212.0,4212.0,4212.0,4212.0
B08Y2LHXHV,,,,,71.0
B08Y2LM1MK,,,23.0,,23.0
B08Y2N74CY,71.0,71.0,71.0,71.0,71.0
B08Y56PJC6,,,,,22.0
B08Y5CCKSP,,,,,223.0
B08Y6BQWZ8,,,,,26.0
B08Y6HDYQ3,4.0,,4.0,4.0,4.0
B08Y6KYHK6,,,,,86.0
B08Y6LZBR3,,,,,98.0
B08Y8GY2RD,,,,,25.0
B08Y8HZGC2,,,25.0,,
B08Y8S9KBR,,,,,40.0
B08Y8WC2CD,,502.0,,,
B08Y8WHKY4,,,,502.0,502.0
B08Y9CGLS6,,,,,4.0
B08Y9CHH1Q,14.0,,,,14.0
B08Y9D8PJG,,,271.0,,271.0
B08YBSCSM9,,,,,14.0
B08YC6NKDY,,,,,23.0
B08YCP11CS,,,,,90.0
B08YCXQYF8,271.0,,,,
B08YDH8WX5,,36.0,,,36.0
B08YFF73M1,,,17.0,,17.0
B08YJV8XL4,,,,,48.0
B08YK3NYQK,,,10.0,,
B08YKCQX7S,,139.0,139.0,,
B08YLWN12P,,271.0,,,
B08YN31LCW,,,,,17.0
B08YN6849F,,,,,838.0
B08YN7D2QZ,,,,,223.0
B08YN9ZZG5,,,,,838.0
B08YNCWT1B,,,,838.0,838.0
B08YNNJN6Z,9.0,,,,
B08YNTQWN3,,,,3205.0,3205.0
B08YP1W6C8,177.0,177.0,177.0,177.0,
B08YP6YM7V,81.0,,,,81.0
B08YQXCRDS,,,,,293.0
B08YRN9X7J,,,,,24.0
B08YRNJMHP,,,,,557.0
B08YRP1B2B,,,,,11.0
B08YRVX99N,,,,,14.0
B08YRY8NYM,,,,,189.0
B08YRZLLZ2,,,189.0,,
B08YVKNKRQ,,,,,37.0
B08YWDYC64,,,,,128.0
B08YWVYDBT,68.0,,68.0,,68.0
B08YX3ZMDY,,,,,66.0
B08YYHKWCV,,,,,235.0
B08YYJZJKD,,,,22.0,
B08YYM5B1R,,30.0,,,
B08YZ4P7K4,276.0,,,276.0,276.0
B08YZ6CXT7,,,,,29.0
B08YZ7WKNP,,,,,104.0
B08YZBHF3Y,,355.0,,355.0,355.0
B08Z17SLYG,,,52.0,,52.0
B08Z2DTWD2,,,,,212.0
B08Z2HZ86M,,212.0,,,
B08Z34S93T,299.0,,,,299.0
B08Z38DZ5W,,,,,2405.0
B08Z393TXT,2405.0,,,,2405.0
B08Z39ZCLB,,,299.0,,
B08Z3B258W,,,299.0,,
B08Z3BHP3V,,,,,216.0
B08Z3DR21D,,,,,299.0
B08Z3JY3QQ,,,,,15.0
B08Z3WG3DN,,,,,31.0
B08Z3ZRJK4,167.0,,,,
B08Z4CZD3J,,,,,37.0
B08Z5MZ1NL,,1568.0,,,1568.0
B08Z6331J5,,,,,78.0
B08Z6Z7YNC,219.0,219.0,,,
B08Z742268,,,,,306.0
B08Z77GDHQ,311.0,,311.0,,311.0
B08Z78LJGF,,,,180.0,
B08Z79W5N1,,,,,21.0
B08Z7BNK65,,,,,118.0
B08Z7BTSVM,,,,,10.0
B08Z7CZ4D4,,,,,542.0
B08Z7HX3MK,,348.0,,348.0,348.0
B08Z7KQ7RQ,542.0,,,,542.0
B08Z7NVDBL,,,,,564.0
B08Z7SL51P,542.0,,,,542.0
B08Z7VJMXN,233.0,233.0,,,233.0
B08Z7YFQJF,93.0,,,,93.0
B08Z82X7JY,,,,,39.0
B08Z8JV3XZ,,,,,390.0
B08Z8K44MC,390.0,,,,390.0
B08Z8KC6PR,,,,,390.0
B08ZD2BVHT,,,,,22.0
B08ZDL822B,258.0,,,,258.0
B08ZHD49KP,,,,,10913.0
B08ZHFNJHP,,41.0,,,
B08ZJ1G619,,222.0,,222.0,222.0
B08ZJDN8M6,,2.0,,,
B08ZJG7JMD,,,,,12.0
B08ZJJL7QV,,,65.0,65.0,
B08ZJNHWCX,,,,1912.0,
B08ZJPZPX1,,,,88.0,
B08ZKM6X71,,,,44.0,44.0
B08ZKYR3BY,,,,7.0,7.0
B08ZMG9S5M,4063.0,,4063.0,,4063.0
B08ZMLPGKZ,,,,,16.0
B08ZMP9Q7P,,,,153.0,153.0
B08ZMQW4BG,153.0,,,,
B08ZMTWQJ4,,,,,16.0
B08ZMVC8QP,,,,,1547.0
B08ZMVMHZ5,,5.0,,,
B08ZMWFK28,1547.0,,,,1547.0
B08ZNFT989,,,,,32.0
B08ZNMHX7X,,,,,13.0
B08ZRYW3MW,158.0,158.0,,,158.0
B08ZS5S833,11.0,,,,
B08ZSD5TSQ,,,,,57.0
B08ZSD7R4V,,,,,21.0
B08ZSPTJF1,,53.0,53.0,53.0,53.0
B08ZT28JKY,,,10.0,,10.0
B08ZXH89N5,,,,,43.0
B08ZXK41NV,,,,,435.0
B08ZXXJK84,,,203.0,203.0,203.0
B08ZXZ7PP7,702.0,702.0,,,702.0
B08ZYPQDZ6,,,,,42.0
B0912822B1,,,,,31.0
B0912LKD47,,,,,25.0
B0912M72DG,,,58.0,,58.0
B0912S13X5,,,74.0,74.0,74.0
B0912T6WWG,,,,,59.0
B09137W82X,,,,,21.0
B0913HZFV2,,,50.0,50.0,
B0914XKR3N,,,,,102.0
B091554FZ5,,,,,10.0
B0915BRB2M,3053.0,3053.0,3053.0,3053.0,3053.0
B0915CCG44,,,,,88.0
B09168CNQW,1043.0,,,1043.0,1043.0
B0916LBVR4,,,,,101.0
B0916PS66P,,,,,29.0
B0916TWQZ3,,,,,9.0
B0916VRQB8,,14.0,,,
B0916ZDLHZ,,,8826.0,8826.0,8826.0
B09179ZMHG,171.0,,,,171.0
B0917GF3DL,,,902.0,,902.0
B0917H4XMD,,,902.0,,
B0917L44F7,,,,,57.0
B0919D1R13,132.0,132.0,132.0,,132.0
B0919LCTNT,,,,3.0,
B0919LDH1J,,,,,3.0
B0919LDTDN,,,,,155.0
B0919MQL9V,,,,,1.0
B0919SKF72,62.0,,,62.0,
B0919WYJQN,,57.0,57.0,57.0,57.0
B091B2LC8R,,18.0,,,18.0
B091BBVPQJ,,,,,139.0
B091BG4T1H,,,,,20.0
B091BVGYFW,1966.0,1966.0,1966.0,1966.0,1966.0
B091BWMMTP,138.0,,138.0,,138.0
B091C7Z9X7,,,,,187.0
B091C9VVM1,314.0,,314.0,,314.0
B091CFFNN8,,,253.0,,253.0
B091CG2455,,,,,6.0
B091D2S76W,,,,,903.0
B091DLMHFC,,,,,135.0
B091DRP8SS,,,747.0,,747.0
B091DSFYK2,,,,747.0,747.0
B091DSJ8V2,,,747.0,747.0,
B091DVN478,,,1022.0,1022.0,1022.0
B091F4GPPY,,7.0,,,
B091F8TX9M,,,,,79.0
B091F986GF,,,,21.0,
B091F9GWMJ,,,,,79.0
B091F9KTPV,,,187.0,,187.0
B091F9YW71,,22.0,,,22.0
B091FBJKGR,16.0,,,,
B091FBZR45,,,,,26.0
B091FF53GM,,,123.0,,
B091FNL8DD,,,,,11.0
B091FYLBGH,50.0,,,,
B091G3TY14,,,,,1.0
B091G9L86K,,,,,189.0
B091GLL7JT,793.0,,,793.0,793.0
B091GTJWHZ,,,,,36.0
B091HQKXZK,,,,,26.0
B091HXXPVH,,,,,390.0
B091HYJPD8,,,,,390.0
B091HZSG9D,,,,,390.0
B091J4LFRZ,,,,,33.0
B091JQVYGG,8.0,,,,
B091JTWDLJ,,,,49.0,
B091K162J5,,,,30.0,30.0
B091KNBZKH,,,,,153.0
B091KNZBC9,,327.0,,,327.0
B091KPZCGS,,,,,330.0
B091KSNW2X,,,22.0,,
B091KSY86W,,,,,153.0
B091MMN3CT,,,,,3.0
B091P1GNN9,,,304.0,,
B091P4GRF9,,,,16.0,
B091PS24BC,584.0,,,,
B091SHTBN4,116.0,,,,
B091SL321H,,,364.0,,364.0
B091SNT748,,,,,1696.0
B091SQWJHM,1696.0,,,,1696.0
B091SW27H1,,,,,180.0
B091T8YHCP,1696.0,,,,
B091T96TFB,23.0,,,,23.0
B091T9L2Z8,327.0,,,,
B091TC3ZFB,,364.0,,364.0,364.0
B091TV6PKW,,,,,32.0
B091WTMQCR,,,,,83.0
B091XMVM26,,,,,585.0
B091XXZYZX,,,75.0,,75.0
B091XY61KQ,,,,,57.0
B091Y1TNW2,,585.0,,,585.0
B091Y2M84R,,,,,109.0
B091Y35KCS,821.0,,821.0,,821.0
B091Y9LC2P,,,,,39.0
B091YCSYW1,,,,,821.0
B091YFN9ZR,,,,,34.0
B091YHM7JL,6.0,,,,
B091YST6RD,,,,,5.0
B091YVPLQY,4.0,,,,
B091ZDLBRB,155.0,,,,
B0921QT6LR,3.0,,,,
B0921TGFT9,,9.0,,,
B0921XCN4G,,1966.0,,,1966.0
B09225JLFQ,861.0,,,,861.0
B0922GJ3S1,,,,,17.0
B0922V8RXH,,,44.0,,44.0
B0922Z97GM,,,,,2.0
B0923HHC2D,67.0,,,,
B0923PMK24,,,62.0,,
B0923S27NG,,,,,27.0
B09244ZVMM,,,,,8.0
B09246J2PV,,,902.0,902.0,902.0
B09246LM35,,,,,26.0
B09254J1F6,,,,,1261.0
B0925Y8R6M,,,135.0,,135.0
B0926TXQ4Z,,,,4.0,
B092795JDB,,,,37.0,37.0
B0927PL87R,,,,54.0,
B0927Q4VXD,,,,,67.0
B0927R53MZ,,,1154.0,,1154.0
B0928W88HB,,,148.0,,148.0
B09296M6QY,881.0,,881.0,,881.0
B09296VQFH,,,,18.0,
B0929C689P,11341.0,11341.0,,11341.0,11341.0
B092D12QN4,,,,79.0,79.0
B092D4CW7G,,,,272.0,
B092D71SNH,,,,,272.0
B092DBL91Q,,,,,293.0
B092DF6R2Q,,,248.0,248.0,248.0
B092DGNF9N,,,,,53.0
B092DH8FC3,,,,650.0,650.0
B092DKXC9P,,,11.0,,
B092DRKB9C,,,,,427.0
B092HHJV9Z,,,,,6.0
B092HKPPY3,,,,102.0,102.0
B092HWQ3KL,,,265.0,265.0,265.0
B092HWWC3P,,,,,266.0
B092HXMRW9,,5.0,,,
B092HZNLZB,,,,,31.0
B092HZX1K6,,,,,10.0
B092J1H9DP,,,,,10.0
B092J4NMMH,,,,98.0,98.0
B092J5PLKC,,,,,56.0
B092J5RYFH,,,67.0,,67.0
B092J5YMFK,108.0,,,,108.0
B092J837MV,,,,,217.0
B092J94K3W,217.0,,,,
B092JB5WJ2,,,217.0,,217.0
B092JB776Q,,,,629.0,
B092JGRNQP,,,39.0,,39.0
B092JL26B6,,,,,44.0
B092KFNCRJ,,,,,14.0
B092KZ8PKH,,1125.0,1125.0,,1125.0
B092LRX9MB,,,,,10.0
B092LV4K6H,,,,,9876.0
B092LXR1VV,9876.0,9876.0,9876.0,9876.0,9876.0
B092M5R22B,,185.0,,,185.0
B092M8B7ML,,,,6.0,
B092P9CQBH,,,,,24.0
B092RCJLFT,491.0,,491.0,491.0,491.0
B092RDHZ4K,,,,8.0,
B092SD9VN8,,,,,1.0
B092T6QMDH,,,,,23.0
B092TGZ6P6,,,,,20.0
B092V4L142,,,,,8.0
B092V5ZLLW,,,,,1.0
B092V7ZJCZ,,,18.0,,
B092VG6P7X,,,,,61.0
B092VGNSNV,1205.0,1205.0,,1205.0,1205.0
B092VHL4YQ,,,154.0,,
B092VQZKQS,,,,103.0,
B092YLTG62,,,,314.0,314.0
B092YQMKBL,,,,,29.0
B092Z6QGLJ,450.0,,,,450.0
B092ZD15DM,,,,47.0,47.0
B092ZHS86H,,,49.0,,49.0
B092ZRX5FY,,,,263.0,263.0
B092ZZ6XNW,,,,,490.0
B09311PRQF,,,,,43.0
B0932GNFDB,,48.0,,,
B0932KRWSZ,,,,6.0,
B0932P43G7,,,,,39.0
B0932TQDQJ,376.0,376.0,,376.0,376.0
B09337XL6L,,,,,30.0
B09367QWJ6,,,,,64.0
B0937JX4JN,,,,,7.0
B0937LNVQH,1365.0,1365.0,1365.0,1365.0,1365.0
B09382CLDY,,,,,132.0
B0939VTP1V,,,,3.0,
B0939XSGR7,,,,,23.0
B093B7NQZN,186.0,186.0,186.0,,186.0
B093B8T97S,,,,,23.0
B093BNCN31,,,,,92.0
B093DWTPJL,,,,,88.0
B093F4G6L8,99.0,,,,
B093F5GZWW,99.0,,,,99.0
B093F8QZXQ,,,,,27.0
B093FKT6ZS,,,,,107.0
B093GDLL3M,,,,32.0,
B093GDZ9W9,,,62.0,62.0,62.0
B093GY6B9F,1487.0,1487.0,1487.0,1487.0,1487.0
B093GZSL28,,,17.0,,
B093JSL3XM,,,,,21.0
B093KBTBPM,,,,,39.0
B093KGPS92,,,,98.0,98.0
B093KT8XGQ,,,,,7.0
B093KXCJLT,,,,,125.0
B093LMM8KM,,,,,33.0
B093LMYX72,,,,,16.0
B093N3CDC9,,,,,87.0
B093N4WHS3,,,,474.0,474.0
B093NGR1F2,,,,,3.0
B093P61X58,,3.0,,,
B093PG2KFC,9.0,,,,
B093PTBB97,4.0,,,,
B093RQ8BBN,,,,,118.0
B093SLDX6C,,,,,120.0
B093SPTFWC,,,,74.0,74.0
B093TF38DB,,,,,749.0
B093VXPD63,,,,,5.0
B093W35CN3,,,119.0,,119.0
B093WCNJGL,,,,,32.0
B093Y7LRGR,,,,229.0,229.0
B093YHGRJC,,,,,78.0
B093YHZLCT,,,,,30.0
B093ZLXF85,,,161.0,,
B09411RF32,,,,,7.0
B094138GVN,,,,69.0,69.0
B0941TRY9Y,,1287.0,1287.0,1287.0,1287.0
B0941W4BR5,,,,,91.0
B09438VX1Y,,,,,422.0
B0945Q18GN,,458.0,,458.0,458.0
B0946BFHZD,,,,177.0,
B0946DRLLG,,,,,181.0
B0946MSB3T,,,,,50.0
B0946NMXJR,,,,302.0,302.0
B0946QCPD5,67.0,,,,
B0946Z4C75,,,,,203.0
B0947HMND8,,,,,13.0
B0948GHG4C,,,14.0,,
B0948HN6FS,,,,,204.0
B0948TD643,887.0,887.0,,887.0,887.0
B0948XXR6X,884.0,884.0,,884.0,884.0
B094955MPP,,,,,21.0
B0949L689B,,,,,177.0
B094B9WZTK,,,,,1568.0
B094CXXGMN,,,,120.0,120.0
B094CZ7LYZ,,,,,136.0
B094D517BF,,,,,88.0
B094D5DM76,,,,,158.0
B094DDDG5R,,,,,6.0
B094DKVLQ6,,,,,501.0
B094DYFHWR,65.0,65.0,65.0,65.0,
B094F4K6NN,,,,,165.0
B094FM5Z9F,14.0,,,,
B094GM645B,,,,,595.0
B094H15MXY,619.0,619.0,,,619.0
B094H98YD7,,,,,198.0
B094JFQV8F,,,,,4.0
B094JH75L6,,,,,13.0
B094JKHZL5,,,,,39.0
B094JMCT12,,,92.0,,92.0
B094JN4W84,,,,,105.0
B094JPXY5Z,,,,,16.0
B094JVXH6H,,,,,23.0
B094MPF8N1,,,,,24.0
B094MPPCCF,,308.0,,,
B094N4DPQK,,20.0,,,
B094PFH5VP,,,,,72.0
B094QN9VXK,,,,,22.0
B094QSWW91,,,,46.0,46.0
B094QVSRSY,,,,,96.0
B094SNPGNV,,,,,17.0
B094V69XFD,351.0,351.0,,351.0,351.0
B094V6KZJP,,,58.0,,
B094VB6GRD,,,,,20.0
B094VRX17R,79.0,,,,79.0
B094VX9WQB,231.0,,231.0,231.0,231.0
B094W4D9WX,,,,,1270.0
B094XFND1H,,,,211.0,211.0
B094XL3QPN,,,,,12.0
B094XTCDRD,,125.0,,,125.0
B094Y6QK1F,,,306.0,306.0,306.0
B094YBVY35,,,,,4.0
B094YMM5PW,,,,,36.0
B094YV6GGY,,,,19.0,
B094Z3VXKY,109.0,,,,109.0
B094Z9RFR7,,17.0,,,
B094ZQQWF4,,,,,1.0
B094ZS648V,,,,,127.0
B094ZT1CSS,,,,,18.0
B0951BBP1F,,,,,23.0
B0951XKW6H,40.0,,,,
B0952CZ9TB,,,,,7.0
B09531ZKPG,166.0,,,166.0,166.0
B0953ZQHSV,,,,,17.0
B0954Y7PYH,,123.0,123.0,123.0,123.0
B0955783T7,,603.0,,,603.0
B0957FGP6Y,2.0,,,,
B0957WN5W6,,,,,101.0
B0957ZLM1W,,,,101.0,101.0
B095B7YVNM,171.0,171.0,,171.0,171.0
B095BTQDXJ,,,,,56.0
B095DYJ5QP,,,,,69.0
B095GFWCG1,191.0,,191.0,191.0,191.0
B095GXQQN1,7.0,,,,7.0
B095H4J1MX,,,1616.0,,
B095H7SLNG,,,,1616.0,1616.0
B095H9SVGK,,,,,3587.0
B095HFLCRX,,,,,5.0
B095HQTHCS,,,,,211.0
B095HZ551D,,,,,61.0
B095JP1QXQ,,,,,271.0
B095K3SHWZ,,,,91.0,91.0
B095K3XLZG,,,,,34.0
B095K6MDD9,,,,,360.0
B095KYM7JV,850.0,,,850.0,850.0
B095LNV266,,,,,184.0
B095LNYP9V,,,,,46.0
B095LPJ1F3,,,45.0,45.0,45.0
B095LXRXYN,175.0,175.0,175.0,175.0,175.0
B095MTBKXB,55.0,,,,55.0
B095N7DSS8,,,,,42.0
B095PH8QRQ,673.0,673.0,673.0,673.0,673.0
B095PL4F5S,,,,,14.0
B095S4NQSX,,,,,21.0
B095T25LDL,,,,,6.0
B095VWWRFQ,,,,798.0,798.0
B095VX8NS6,,,,,6.0
B095W1YP53,19914.0,19914.0,,19914.0,19914.0
B095W26MM8,2578.0,,2578.0,2578.0,2578.0
B095WCLYYD,,,,,55.0
B095WCQX4Z,,,,58.0,
B095WDDCGJ,,,798.0,798.0,798.0
B095WJ3GPC,19.0,,,19.0,
B095WJ6JKW,,,,,400.0
B095WJH7M4,,,,,393.0
B095WK119Q,,,,,393.0
B095WK2WMS,,,,,393.0
B095WKS2ZP,,,,394.0,394.0
B095WL2ZBL,640.0,,,640.0,640.0
B095X4FT7W,,,,1511.0,1511.0
B095X5MNPQ,,,1511.0,1511.0,1511.0
B095X9J6YS,,,,,6.0
B095XCRQ85,,,,259.0,
B095XG5FQW,,,626.0,,626.0
B095Y1DJKY,50.0,,,,
B095YQDVJ5,,,,,8.0
B0962ZQ7RH,,23.0,23.0,,23.0
B0963F38FS,215.0,,215.0,215.0,215.0
B096475SWW,50.0,,,50.0,50.0
B0964YNDJD,,,,33.0,
B096688SFV,4.0,,,,
B0966KZ9ND,,,,,13.0
B09672NCWF,3353.0,,,,3353.0
B0967PCT7H,120.0,,,120.0,120.0
B0967RJQ2R,,,,,107.0
B0967Y87PR,75.0,,,,75.0
B09682W1GV,,,,,30.0
B09682ZKR9,,,,,20.0
B09684S7B5,,,,,25.0
B09691S3BG,,,,,91.0
B09694QTLT,,,,20.0,
B0969M99J8,565.0,,565.0,,565.0
B0969XNV8H,,,,126.0,126.0
B096BL2M54,,,,,18.0
B096BLQJ4V,,,,,544.0
B096BM24KK,,544.0,,544.0,544.0
B096BMMVHD,,,544.0,544.0,544.0
B096CGF41Y,,,,,4.0
B096F329XL,,,,295.0,
B096F32CQ4,,,,,295.0
B096F3V5QY,,,,,42.0
B096F3YHX5,,,,,295.0
B096F4B2J2,,,,,295.0
B096F98CG7,,,,,133.0
B096FCMX3F,,,,,507.0
B096FNMY61,,,,,38.0
B096FYBP9W,,,,,34.0
B096GWRKDM,,,,286.0,286.0
B096JQFH7Y,68.0,,,68.0,
B096JVM2M6,,,,2728.0,2728.0
B096JY4FGQ,,,,2728.0,
B096JZ273G,,,,,2.0
B096JZQLS5,,,,186.0,186.0
B096K5FTJH,60.0,,,,60.0
B096K8QWQB,,,,39.0,39.0
B096KG9BXF,,,,,6.0
B096KJTH9T,320.0,,,320.0,320.0
B096KP68K2,,,,,838.0
B096KQHLP6,,,,,838.0
B096KTWTJW,,,,,390.0
B096KWZ8CQ,,,,,499.0
B096L13VGR,,,,4.0,
B096L8NZZB,,30.0,,,
B096LJTH17,,243.0,243.0,,243.0
B096M2KH75,,,,33.0,
B096M2P2W7,,,,,70.0
B096MBP8GR,7.0,,,,
B096MDF8D5,,,,,12.0
B096NGLCX5,12.0,,,,
B096NGLGZH,,,,,146.0
B096NHD7QZ,22.0,,,,
B096NSH8D7,,,,,25.0
B096NVWDBC,,,3.0,,
B096PM6KTG,,,,,143.0
B096QKSQCN,,,,,183.0
B096QNNZ9J,,,183.0,,183.0
B096R956BZ,,,3135.0,,3135.0
B096RSV95B,,,,,14.0
B096S2JFYF,,,,,22.0
B096SQNJM9,,,,,35.0
B096SZWRVJ,,,,,4.0
B096TH2D3H,12.0,,,,
B096TMZHCV,,,,,6.0
B096TRH144,452.0,,452.0,452.0,452.0
B096TT6ZY5,,,,,76.0
B096TTQSH2,,,,,76.0
B096V4N3RZ,,,,,14.0
B096V5F3TH,,191.0,,,
B096X19LJH,,,,,64.0
B096X85SL8,,,,,223.0
B096X887P6,,,,,376.0
B096X98H37,1306.0,,1306.0,1306.0,1306.0
B096XDXCPG,,,299.0,,299.0
B096XJVJ1N,,,,,3.0
B096XTCT7G,61.0,,,,
B096Y1Z9X6,140.0,,,140.0,
B096Y5HBLV,,,,5.0,
B096Y5NYT5,311.0,,,311.0,311.0
B096Y7BGBF,311.0,311.0,,,311.0
B096YWTH3B,,,,,12.0
B096YZQ8RG,571.0,,571.0,,571.0
B096Z1BYTQ,,,,,46.0
B096Z2MHF4,,,,,52.0
B096Z54NG6,,,,1388.0,1388.0
B0971TDVJS,,,,,33.0
B0973B8TYS,,,,192.0,192.0
B09745WGTG,,434.0,,434.0,434.0
B097462CNW,,,,440.0,440.0
B09746DLGF,,,,,142.0
B0974QNX4H,,,,,53.0
B0976TDVLT,73.0,,,73.0,
B09774F7G6,,,,,2.0
B0977LTKHQ,332.0,,,,332.0
B0977M4D4B,,,162.0,,162.0
B0978PLRSY,,,,,45.0
B0978TTSY6,,,,,211.0
B0978V6TFR,76.0,,,,
B09794WWGH,,,769.0,,769.0
B09794YNGR,,,,4.0,
B0979QNHSM,,,,,99.0
B097B44S77,,,,,89.0
B097B6PTJS,454.0,,,,454.0
B097BSVH1L,,,,,19.0
B097C8RTYX,659.0,,659.0,659.0,659.0
B097CHTTKC,,,,138.0,
B097CY6NYS,93.0,,,93.0,93.0
B097DJ494Q,,,,,10.0
B097GWV7F3,,,,,179.0
B097GYXTDQ,,,,,179.0
B097GZN5MY,,,,,179.0
B097H1SRYJ,,,,,45.0
B097H66H4C,,,,,54.0
B097HC29DD,,,,,699.0
B097HCD6LJ,,,699.0,699.0,699.0
B097HDW5D8,,,,,699.0
B097HP4PNZ,,384.0,,384.0,384.0
B097KRBF7C,,,,,21.0
B097N7W135,,,,98.0,
B097N966F8,,,,,44.0
B097P2X5K3,,,,552.0,552.0
B097P3GZXJ,,,,,552.0
B097PHFHRG,,4.0,,,
B097R6GCW8,,,,,12.0
B097SFSXL3,412.0,,,412.0,412.0
B097T3MTKP,,,,,4.0
B097TQS342,381.0,,,,381.0
B097TS53WL,381.0,,381.0,,381.0
B097TWRFFD,8.0,,,,
B097XPJHC7,,12.0,,,
B097XPJSSQ,,,,,12.0
B097Y4BDKP,,,,,54.0
B097Y7G2Y9,,,,,902.0
B097YBBS1C,,,,,98.0
B097YP41M9,,,,,3295.0
B097YQ4NDV,,781.0,,781.0,781.0
B097YQ916R,,3295.0,3295.0,3295.0,3295.0
B097ZBLPZ3,,,,,435.0
B097ZCBXVS,,,,,435.0
B097ZFWGL7,,,,,39.0
B097ZK6P77,,,,,27.0
B097ZZHYCJ,,8.0,,,
B0981823QD,,,,,98.0
B0981SMGB7,,,,,68.0
B09832P2QM,,,278.0,,278.0
B09836Y7BX,,,,,15.0
B0983BHHP3,353.0,,,,353.0
B0983CZPH2,,,98.0,,
B0983G5DZC,,,353.0,,353.0
B0983WFN4C,,,,,109.0
B0983WW75K,660.0,,,660.0,660.0
B0984RHFYX,,,61.0,,
B0984SSMJZ,,,,,44.0
B0986QP88S,,,,,34.0
B0986T961R,,,,,34.0
B09888XVM1,,,13.0,,
B0988PJSYL,,,,,49.0
B09894N14R,,,,170.0,170.0
B0989RHP4X,,,,,68.0
B0989ZNK9W,7121.0,,7121.0,,7121.0
B098B9N2WK,,,,29.0,
B098BJPQ7F,,,,,122.0
B098BPH8QT,,,,,120.0
B098BPX6TS,,,,,23.0
B098BQ962K,120.0,,,,
B098CZCHGB,221.0,221.0,221.0,,221.0
B098JMR1FW,,,,92.0,92.0
B098JPTRY4,,,19.0,,
B098JX7WMH,,,24.0,,
B098JY1G54,,,,196.0,196.0
B098M4XQLK,,,,,56.0
B098MJB5MB,,,,178.0,178.0
B098NFVZST,,,,,23.0
B098NGB3XW,,,8.0,,8.0
B098NVQN2P,,,,,41.0
B098NWC7DV,687.0,,,687.0,687.0
B098P36VB2,,,,45.0,45.0
B098PXXXMV,877.0,,,877.0,877.0
B098PZQSQ7,,,,,877.0
B098QSDN6T,,191.0,191.0,,191.0
B098SYFSKL,11.0,,,,11.0
B098WT2HVH,,,166.0,,166.0
B098X33W52,,,,,96.0
B098X42Y4P,14.0,,,14.0,14.0
B098XGMJBY,,,,186.0,186.0
B098XNY11W,,,,,2.0
B098XRHTLL,,,164.0,164.0,164.0
B098YKGKM2,,,,22.0,
B098YTWY4W,,,,,11.0
B098Z6QLYX,,,11.0,,
B0991M34K3,,,,,2.0
B0991M9BL4,,,,,50.0
B09924NB2S,,,,58.0,
B09928Q3P4,,,,,148.0
B09954GYB9,229.0,,,,
B0995GMNFD,,,,,31.0
B0996TFP77,,,100.0,,100.0
B0996XH2BC,,138.0,,,138.0
B0998B9C95,,,,,4.0
B099DP6WW3,,,,,104.0
B099F37QNG,,,,,655.0
B099FGVVSL,,,,48.0,48.0
B099HX6YCY,,60.0,60.0,,
B099J3NKC3,2405.0,,,,
B099J7GDW4,,12.0,,,12.0
B099J9KQ6B,,,,,98.0
B099JKKR5V,,,,,2405.0
B099K672FS,,,,,40.0
B099KKPDBN,21.0,,,,
B099KRNP78,,228.0,,228.0,228.0
B099NQB9KX,,,,6.0,
B099NRH62J,,,126.0,,
B099NVZTCY,,,,126.0,126.0
B099NYCVKP,,,,,126.0
B099NYFDDQ,,,,,126.0
B099PND373,,,,,26.0
B099PYVW3Z,,,43.0,,
B099RMKQMD,,,,,350.0
B099RXCNJH,,,,,86.0
B099WGXF2G,,,55.0,,
B099WMTNMM,223.0,,,,223.0
B099X7N26J,,435.0,435.0,435.0,435.0
B099Z5KFVJ,,,,441.0,441.0
B09B12JPNV,342.0,,,,342.0
B09B168P37,33.0,,,,
B09B177Q35,,,,,62.0
B09B17Z5XV,,,,,721.0
B09B18DH5C,,,,,229.0
B09B19Q4NP,,,,,11.0
B09B1WM6G5,,,,364.0,364.0
B09B23PVXN,,150.0,,,150.0
B09B2443Z1,,199.0,,,199.0
B09B24J16S,,,,,199.0
B09B24PMM8,,,,56.0,56.0
B09B2G6Y9K,,,,,48.0
B09B2QC9ZC,565.0,565.0,,565.0,565.0
B09B2R43CC,565.0,,,,565.0
B09B2SZH53,,,,8.0,
B09B38CXXH,225.0,,,,225.0
B09B3QGS6F,,,60.0,,
B09B3V8HS1,,,,,4.0
B09B431Q1H,,129.0,,,129.0
B09B4F69DY,,,,,1568.0
B09B4VTK1H,,,,,243.0
B09B5R4XMC,,,,,58.0
B09B6LWXH1,23.0,,,,23.0
B09B6VNG2R,1395.0,,,1395.0,1395.0
B09B7TDXB8,,,,,22.0
B09B8S6C52,,,,81.0,81.0
B09BBM4ZY7,,,,15.0,
B09BBMVFMK,,1246.0,1246.0,1246.0,1246.0
B09BBNG432,,,,72.0,72.0
B09BBP22G2,,,,,15.0
B09BBP49QV,,,,38.0,38.0
B09BBP49QW,,,,,15.0
B09BBQ5BWC,,,,,15.0
B09BBQGPPW,,,,,50.0
B09BBRX6G9,,47.0,,,47.0
B09BBS643P,63.0,,,63.0,63.0
B09BC13ZXL,,,,,90.0
B09BCK7Q9X,46.0,,46.0,,
B09BCW3KGD,,2001.0,,,2001.0
B09BCWV2XD,,,2001.0,2001.0,2001.0
B09BDYC1LX,,,,,22.0
B09BDYXD7X,,,,,22.0
B09BDZKC4C,,,,,29.0
B09BF6WM4W,,,,43.0,
B09BF9MZQC,51.0,51.0,,51.0,51.0
B09BFH5535,,,,,72.0
B09BFJ8QMC,,,,,72.0
B09BFQL2RR,,,,,8.0
B09BFVH86G,,,,,6.0
B09BHMFHJZ,,,,,48.0
B09BJ22TKF,,,,89.0,89.0
B09BJY5QX5,,,,316.0,
B09BJYKPRR,316.0,,,,316.0
B09BK1CR39,,,28.0,,
B09BKN8NPL,,,,,124.0
B09BMS6YYF,,,,,7.0
B09BMY6CFN,280.0,280.0,,,280.0
B09BN1W33C,,,,34.0,34.0
B09BN388G8,,,,,453.0
B09BTD6KWM,83.0,,,,
B09BTPV79H,,,,,9538.0
B09BVCGV7M,,,,,1.0
B09BVFSJVH,,,,1270.0,
B09BZ2BC1J,,,19.0,,19.0
B09BZHWHQT,,,386.0,,386.0
B09BZK2Q9P,,,,,386.0
B09BZL77SM,690.0,,690.0,690.0,690.0
B09BZL9BYV,,,,,223.0
B09BZZBG86,,,,120.0,
B09C1CBGS4,,,,,1.0
B09C2259SQ,,7.0,,,
B09C257JF3,,,,,160.0
B09C2HXN2P,,,,,13.0
B09C324K7N,,,,,102.0
B09C3288HS,,,,,102.0
B09C33BJHM,,,102.0,,
B09C34NTJN,,,,,54.0
B09C34YGGD,,,,,54.0
B09C3KGP4G,,13.0,,,
B09C4LKPJR,294.0,,,,294.0
B09C4MDF7W,,,,,299.0
B09C5K4RDV,,,,115.0,115.0
B09C5RN52H,,,531.0,,531.0
B09C5TX48F,,,,,36.0
B09C745TC9,,,,,302.0
B09CCSN9ZS,,,,93.0,93.0
B09CD1XGR3,,,191.0,191.0,191.0
B09CDVFNPP,,,,6.0,
B09CH27XC3,10913.0,10913.0,10913.0,10913.0,10913.0
B09CH9C6XS,,,,,332.0
B09CH9W63K,,,,,332.0
B09CHB95VZ,,,,332.0,332.0
B09CHDNF89,,,,,738.0
B09CHKH8BF,,13.0,,,
B09CKGC6SX,,,,,1.0
B09CKW8T3Z,427.0,427.0,,427.0,427.0
B09CL17SQX,80.0,,,,80.0
B09CL58Q3G,,,,,687.0
B09CM9C7SK,,,,,781.0
B09CM9JQ4V,,,,,29.0
B09CNV27XG,,,,,130.0
B09CPHYZF4,,,,,30.0
B09CQG2WWH,,,,,208.0
B09CT18LCQ,112.0,112.0,,112.0,112.0
B09CT8RB6P,,,,,37.0
B09CTN1NNT,,,,,130.0
B09CTNCYK3,,,,70.0,70.0
B09CV3J68S,110.0,,110.0,110.0,110.0
B09CV5H1DJ,16.0,,,,
B09CV5HPRN,,110.0,,,110.0
B09CVXPB4S,102.0,102.0,102.0,,102.0
B09CW3549F,2092.0,2092.0,,2092.0,2092.0
B09CW7G8KH,,,,,2092.0
B09CWDLCP9,,,334.0,334.0,334.0
B09CWDYVJQ,,,,,102.0
B09CYBNBFJ,,,,,16.0
B09CYBV5J4,199.0,,,199.0,
B09CYC5DZX,,30.0,,,30.0
B09CYCL8LL,,,,,261.0
B09CYG473H,261.0,,,,
B09CYNBD16,261.0,,,,261.0
B09CYPYWFG,,,,119.0,119.0
B09CZ1PSYM,,,,2578.0,2578.0
B09CZ1ST2N,,,2578.0,2578.0,2578.0
B09CZ8G3GX,17.0,17.0,,,
B09D2J7V8W,,,,,14.0
B09D2NT1PN,,,,,1100.0
B09D2P66VW,,,,,27.0
B09D2R2BBJ,,353.0,,,
B09D2SQZTL,849.0,,,,849.0
B09D2ZG23M,,,,844.0,844.0
B09D32FVQX,306.0,,,306.0,306.0
B09D3FVMSX,,28.0,,,
B09D7D9QNF,,,,556.0,556.0
B09D9N1D22,,,,,547.0
B09DBKWNDG,35.0,,,,35.0
B09DBMX9PC,,,,,1.0
B09DC8D6JJ,,,,,604.0
B09DCWYYHM,638.0,,,,
B09DCZL9JZ,,,,,346.0
B09DG32SXZ,,63.0,,,
B09DGB1855,,,,,267.0
B09DGB6DS5,,,267.0,267.0,267.0
B09DGB8C9Y,,,,,38.0
B09DGBZMCD,,,38.0,,
B09DGCRSST,,,,,260.0
B09DGNQCW7,,,,,1927.0
B09DJQH34J,,,,,39.0
B09DJW3V97,67.0,,,67.0,
B09DKKRHLJ,,638.0,638.0,,
B09DL45835,,,,,4.0
B09DL5ZYVY,,,,,145.0
B09DNZ85F3,,142.0,,,
B09DP19LTJ,,,,847.0,847.0
B09DP62CDR,,,848.0,848.0,
B09DP7R2M3,838.0,,,,838.0
B09DP8YWKV,,,,1310.0,1310.0
B09DPF9MGD,847.0,,,,847.0
B09DPMG439,840.0,,,,
B09DPMPXST,,,,,115.0
B09DPVN1N2,224.0,,224.0,,
B09DQ87JQ9,,,,240.0,240.0
B09DQSRGQ3,,,,98.0,
B09DTF6QS2,,,,130.0,130.0
B09DW2LX9F,,,,10.0,
B09DY5R18F,,,,,11.0
B09DYHKDT8,64.0,,,64.0,64.0
B09DYKQW5K,215.0,,,,215.0
B09DYRTGXB,,,,,70.0
B09DYZ6T2T,,,,,40.0
B09DZ5TPY6,1576.0,1576.0,1576.0,1576.0,1576.0
B09DZV2VY4,1576.0,1576.0,1576.0,,1576.0
B09F12CLKN,,,,,1576.0
B09F1FJ2BF,,,,,4.0
B09F2RW9G2,,,9822.0,,
B09F2S6Z97,,,,9538.0,9538.0
B09F2XH9T6,,,,,9822.0
B09F3H9QM5,,,,,41.0
B09F3LKNKX,,,,,144.0
B09F3WY8BS,,,,369.0,369.0
B09F5ZR7VV,,,,,50.0
B09F67WWLR,,,,240.0,240.0
B09F692FKT,,16.0,,,
B09F6V54YN,124.0,,124.0,,124.0
B09F6WJWN8,,40.0,,,
B09F6XKW12,,,,,81.0
B09F71W4JM,,,157.0,157.0,157.0
B09F768RG2,,,,,11.0
B09F8S1358,342.0,342.0,,342.0,342.0
B09F96N4KK,,,,,37.0
B09F97MG1B,,,,,199.0
B09F9FVMFB,,,,88.0,88.0
B09F9KR5QH,15.0,,,,
B09F9Y2336,,,,,157.0
B09FDRZ9YP,,67.0,,,
B09FDWXH8X,,,,,135.0
B09FF7TNDN,3053.0,3053.0,3053.0,3053.0,3053.0
B09FFC94ZM,,,,,142.0
B09FFDGDBQ,301.0,301.0,,301.0,301.0
B09FG5GTFK,,144.0,144.0,144.0,144.0
B09FG6CF86,,,,,171.0
B09FG6GTLZ,,,,31.0,31.0
B09FG6TX5X,,,171.0,,
B09FGSNH2G,,,,2.0,
B09FHYK18C,2.0,,,,
B09FJ49YDC,,,,232.0,
B09FJB2R19,,,,,45.0
B09FJDFY86,213.0,,213.0,,213.0
B09FJL1DDN,,,,,118.0
B09FJSP41T,,673.0,673.0,,
B09FLBXLLZ,,,,,21.0
B09FLSBD5T,,,,,16.0
B09FLV1Z14,,,,,17.0
B09FM2JPCV,,,,1.0,
B09FM8QH63,,1027.0,1027.0,1027.0,1027.0
B09FPHNFMP,16.0,,,,
B09FPPWWB5,,,,,17.0
B09FPRYZTT,,895.0,,,
B09FR9SWTC,,,,197.0,197.0
B09FRWNSDC,,,,,20.0
B09FSJV87L,,,,,102.0
B09FSKF2YN,,,13.0,,
B09FSNDHFJ,,,,,25.0
B09FSVC5GM,,,,,34.0
B09FSWJWRW,,,,,34.0
B09FT42L4L,,,,,51.0
B09FT4GMSD,,,,,51.0
B09FT52M49,112.0,,,,
B09FV637ZZ,1237.0,1237.0,,,1237.0
B09FV876Y3,,,1237.0,,1237.0
B09FX7CCHN,,,,23.0,23.0
B09FXF2GZP,,,,,137.0
B09FXHM2G5,,,,,11.0
B09FXTLNP5,,,,30.0,
B09FY1GMBB,60.0,,,,60.0
B09FYWTNTX,,,,,49.0
B09FZ8MR95,,,,,1.0
B09FZSJ3SC,,,417.0,417.0,417.0
B09G2DCMC8,,,,,28.0
B09G2DFXVM,,,,,28.0
B09G2DJLCP,,,,86.0,86.0
B09G2DQWQ1,,,,,28.0
B09G2PDFSD,,,,,16.0
B09G2PPXVN,494.0,,494.0,,494.0
B09G3689YY,,,,,510.0
B09G57DLXB,,,,57.0,57.0
B09G6291W3,,,,,5.0
B09G6K8KHD,1555.0,,1555.0,,1555.0
B09G6N5WSF,1555.0,,,1555.0,1555.0
B09G7SXC12,,,,,956.0
B09GF5SZF5,24.0,,24.0,,24.0
B09GF84R6P,,,,13.0,13.0
B09GFRZFYQ,,24.0,,,
B09GFX9ZCT,,,,,23.0
B09GJNZZNJ,4.0,,4.0,,
B09GK8FC7Q,,,,,27.0
B09GKG18R9,,,,,33.0
B09GLVY3V9,1957.0,1957.0,1957.0,1957.0,1957.0
B09GM2SM47,3815.0,,3815.0,,3815.0
B09GM55DW3,884.0,884.0,,,884.0
B09GPMD5FB,74.0,,,74.0,74.0
B09GRG3YRZ,,,,,1665.0
B09GT33NB8,,,,,47.0
B09GV79C5N,,,1310.0,,
B09GV7MGQ6,,,,,1310.0
B09GVMWVPB,,,,,44.0
B09GVWQVTP,,,,,79.0
B09GW9ZT86,,2203.0,,,2203.0
B09GXQ8YG9,,,,,118.0
B09GXYDTDT,,,,136.0,
B09GYR8V2S,,,,143.0,
B09GZ9NDWD,,,,,15.0
B09H173H6K,,,,,18.0
B09H35Y4Y8,2.0,,,,
B09H3FFMC1,,,,82.0,
B09H516SZC,1665.0,,,,
B09H519XLG,,,40.0,40.0,40.0
B09H52F478,,1665.0,,,
B09H52SJYJ,1665.0,,,,
B09H52W5QC,,,,271.0,271.0
B09H5Q9VHX,138.0,,,,138.0
B09H5R5WC1,,,,,274.0
B09H5VX4HP,,,,,137.0
B09H5X7K9M,,,,,137.0
B09H5YXGR1,137.0,,,,137.0
B09H6PWCNQ,,,,,13.0
B09HC3YFZC,,,328.0,328.0,328.0
B09HC6QTQY,44.0,,44.0,44.0,44.0
B09HCB8F8R,,,,,21.0
B09HCK3W8V,,,,,102.0
B09HCKJ37T,,,,,102.0
B09HCN46D2,102.0,,,102.0,102.0
B09HGVBK6F,,,,129.0,129.0
B09HGZG6RN,,,,,43.0
B09HHB1S3Y,,,,,40.0
B09HJC3K5Q,,,,,23.0
B09HK61JJR,,,,,4.0
B09HKGNNR5,,,,,50.0
B09HNYV3VS,,,3.0,,
B09HQXKR3Y,,,,,47.0
B09HRJX1M6,13.0,,13.0,,13.0
B09HVBS319,,,,,37.0
B09HX882HH,8.0,,,,8.0
B09HXHY2D4,,560.0,560.0,560.0,560.0
B09HYKJSHB,,,,,169.0
B09HYNJBZ7,103.0,,103.0,103.0,103.0
B09J15HT1Y,,,,15.0,15.0
B09J2CG5C1,,,,,6.0
B09J2QWHC2,5055.0,5055.0,5055.0,5055.0,5055.0
B09J3GFGR2,,,33.0,,
B09J3S57TF,,,,,23.0
B09J4R589Z,,,783.0,783.0,783.0
B09J4S825J,,,,783.0,783.0
B09J4VJWLD,260.0,260.0,260.0,260.0,260.0
B09J5489J5,,,,,17.0
B09J73WD7T,,1261.0,,,
B09J7LYW6V,3.0,,,,
B09J7XQ646,,,,,10.0
B09J81ZH4P,,,,,162.0
B09J8F7JRX,,,,,59.0
B09J8HCC49,17.0,,,,17.0
B09J8LL5SN,,,,,232.0
B09J9324BN,,,,,16.0
B09JC2SQ3S,113.0,,,113.0,
B09JFHV7JF,,,,,6.0
B09JFW1BWT,,,,,4.0
B09JGG96X3,,,,,20.0
B09JGP17XK,,,,8.0,
B09JGQ3PJK,,,,,6.0
B09JLDVDQ8,,,,146.0,146.0
B09JLNT9TQ,1592.0,1592.0,1592.0,1592.0,1592.0
B09JLPHHR7,,,1592.0,1592.0,1592.0
B09JLPSMLC,,,,1565.0,
B09JM52N28,,,,442.0,442.0
B09JM5ZWN4,,,,442.0,
B09JN2J635,,,,,36.0
B09JNMHGFL,,,,745.0,745.0
B09JP36PLV,,69.0,69.0,,
B09JWFQSSB,,,,,133.0
B09JWJCSPR,,,,,146.0
B09JYS7TY7,,302.0,302.0,302.0,302.0
B09JYT26VT,,,,,24.0
B09JZ3PSYC,,43.0,,,
B09JZ69HDD,53.0,,53.0,,53.0
B09JZDMXQ5,339.0,,,339.0,339.0
B09JZGLDFL,,,,,95.0
B09JZPGQ5G,1.0,,,,
B09JZR56VP,,,,,32.0
B09K1CS4KR,,,,,2451.0
B09K36D2YX,,,,,395.0
B09K37Y7CB,,,,,46.0
B09K3JSLT5,,,,,44.0
B09K3K5YN3,,,,23.0,
B09K3XRXD2,,,,110.0,110.0
B09K5JZY41,673.0,673.0,673.0,,673.0
B09K5KF364,8.0,,,8.0,
B09K64XKND,,38.0,,,
B09K6B5X6J,473.0,,,473.0,473.0
B09K6CSYK6,,1166.0,,1166.0,1166.0
B09K7MTP7W,,,,173.0,173.0
B09K7PWMGW,,,,,1281.0
B09KB64DC4,,,,,316.0
B09KBMYSST,,,,,3.0
B09KBPJG2K,,,,,316.0
B09KDPMJTY,29.0,29.0,,29.0,29.0
B09KH8NLVC,,,,60.0,60.0
B09KKMN4BG,,,,,88.0
B09KL6SRY4,,,367.0,,
B09KLPTRGV,,,,,46.0
B09KLQJ9MN,46.0,,,,
B09KLXG3CW,42.0,,,,
B09KMGH2YG,181.0,,181.0,,181.0
B09KMRHWTS,,,,2001.0,2001.0
B09KMVN3P5,1850.0,,,1850.0,1850.0
B09KMWGF5Z,6.0,,,,
B09KMXQ2LR,13.0,,,,13.0
B09KN6X43M,,,,,73.0
B09KNFDH4Q,,,,,1096.0
B09KNGK72D,,,,,1096.0
B09KP6RXFP,,,,,150.0
B09KPMWBF2,,,,137.0,137.0
B09KQLDN2K,3.0,,,,
B09KRSH8CQ,,,,,87.0
B09KRXXJBC,,,213.0,213.0,213.0
B09KXC4JYK,,,,,446.0
B09KXJB336,,121.0,,121.0,121.0
B09KXYB9W4,,,,34.0,34.0
B09KZH36GY,,,,,126.0
B09L14KR8C,,,,,8.0
B09L16YS8P,,,,,123.0
B09L1MFV2Y,,,,,33.0
B09L4Q9N44,,,,,143.0
B09L5GKSK9,,,57.0,,57.0
B09L7MY1MX,50.0,,,,
B09L7P3F85,,,,,65.0
B09L7XXQD1,,,,,5.0
B09L8GTD1V,,,,,138.0
B09LBMB999,40.0,,,,40.0
B09LCZ23XJ,,,,,2.0
B09LD6ZX3X,,,,,293.0
B09LD75XNF,,,,,293.0
B09LD7D63Q,,,,293.0,
B09LD7QGSY,,,,,293.0
B09LD98SY1,,,,,404.0
B09LDC2B4Q,,,,,404.0
B09LDCCQYQ,,404.0,,,404.0
B09LDCVJ1R,,,,,404.0
B09LH2826S,,,,,19.0
B09LH2SK6J,,,,,99.0
B09LHFCQ79,,,,16.0,
B09LHM93JB,,,,,6.0
B09LHVVHCT,,,,,32.0
B09LLFJFWM,,,29.0,29.0,29.0
B09LLH394X,112.0,,,,112.0
B09LMHLCGV,,,,,36.0
B09LMTC32X,,,,,23.0
B09LTZD815,,,187.0,,
B09LTZNGH5,,,,,187.0
B09LTZPX13,,,,,76.0
B09LWMMZ2B,,16.0,16.0,,
B09LYJJ764,79.0,79.0,,,
B09LYKKDDN,,,,,145.0
B09LYRXDHM,,,,,15.0
B09LZ21Z95,,,50.0,50.0,50.0
B09M2NF3YB,,,,,2015.0
B09M2P8PBH,20.0,,,,
B09M2YLFKD,2015.0,,,,2015.0
B09M41PTDR,,,,,165.0
B09M42MHD9,,,,,165.0
B09M49MM27,90.0,,,,
B09M66VQSL,,,,,6.0
B09M67R5T5,,,,,113.0
B09M69556T,,,38.0,,38.0
B09M71TGXW,,,20.0,,
B09M7GW3LF,,,,16.0,16.0
B09M7J8QKQ,,,,,9.0
B09M7JGHHG,,,,8.0,8.0
B09M7VZHMK,,48.0,,,
B09M8HHLPF,564.0,,564.0,,564.0
B09M8JNXDQ,,,,,24.0
B09M8MQ61J,,,,,7.0
B09M8ZZ2B5,,,,5.0,
B09M92BNH7,,,96.0,,
B09M9W719B,,,,7.0,7.0
B09MB6VS5Y,,,,,74.0
B09MB76V4G,,,,,14.0
B09MB94YSD,,,,1.0,
B09MB9SBZY,,,,,12.0
B09MCJ5872,551.0,,551.0,,551.0
B09MCSZP5N,,,,556.0,556.0
B09MDRC5FF,,,,,3.0
B09MDTFM3H,,,,2.0,
B09MF33HYP,,,,,115.0
B09MF554WH,,,,,9.0
B09MF69Z8T,,224.0,224.0,,224.0
B09MFDXQ9M,,,,,53.0
B09MFKW5L7,,,,,179.0
B09MFMF6GR,,,179.0,179.0,179.0
B09MFQSRT7,,,,96.0,96.0
B09MFVCF2L,,,,,29.0
B09MGCG1KW,,,,2.0,
B09MH8LKXL,,,,,687.0
B09MHN4J5N,,,,,141.0
B09MHPF744,,,,,1.0
B09MJCSCHB,,,,,16.0
B09MJN426R,,,100.0,,100.0
B09MK46R8K,,,,,86.0
B09MKBK21P,,,,,211.0
B09MKY8C7N,,,,,821.0
B09MLTC7ZQ,304.0,,304.0,304.0,304.0
B09MLV8SQN,304.0,,,,304.0
B09MM3GDBY,,,,15.0,15.0
B09MMXN1ZK,,,,,184.0
B09MQJPJ9R,,14.0,,,14.0
B09MR45GXQ,,,,28.0,28.0
B09MT1KQD3,,,,,55.0
B09MT9BT6W,,,,,56.0
B09MTDJLM6,,,176.0,176.0,176.0
B09MV459M3,,,,,258.0
B09MW47FC2,7.0,,,,
B09N31QWZZ,,,,456.0,456.0
B09N323LQ7,,,,456.0,
B09N361ZPB,,,,,137.0
B09N3F1Q9N,94.0,,94.0,94.0,94.0
B09N3VXYQX,12.0,,,,
B09N4SVG1R,,,,27.0,27.0
B09N6QMRCJ,21.0,,,,
B09N6R9BGY,4.0,,,,
B09N74Q7MK,,,,,44.0
B09N8T1SZG,,,131.0,131.0,131.0
B09N8X1WFG,,50.0,,,
B09N931VC2,135.0,,,135.0,135.0
B09N9WMNR1,,70.0,,70.0,70.0
B09N9YB17H,,,,,88.0
B09NBQ1JT7,1929.0,1929.0,1929.0,1929.0,1929.0
B09NBSPLCH,127.0,,,,127.0
B09ND13TMN,,,,,71.0
B09ND7NPG3,1.0,,,,
B09NDPXRTD,,,,,27.0
B09NDTWF9X,,,,,8.0
B09NFRGR3Q,,,,41.0,
B09NHS2ZWX,,,1.0,,
B09NJ7V1Y9,22.0,,,,
B09NK8RVP5,,,30.0,,30.0
B09NL8MK3Q,,,,,6.0
B09NM4V4G8,,,,,2.0
B09NMCFNYY,191.0,191.0,,,
B09NMQSXMQ,,,,,16.0
B09NNGHQRF,,,,,1310.0
B09NNPBGR6,12.0,,,,
B09NPFLS82,,,,,26.0
B09NPHYRYS,19.0,,,,
B09NPJF5Q2,,,19.0,,19.0
B09NPNF3SX,,,107.0,,107.0
B09NPP7YWK,,,,119.0,
B09NPWL1MW,,,,,66.0
B09NPY624V,278.0,278.0,278.0,278.0,278.0
B09NQY5KJD,,,,,1310.0
B09NQYSTNB,,,,,1310.0
B09NR1XGM2,,,,,49.0
B09NR2Y11L,,,49.0,,49.0
B09NR5BWCB,,,,,95.0
B09NR898ND,,125.0,,125.0,125.0
B09NR98D7X,,,,,447.0
B09NRH7JZM,,,,82.0,82.0
B09NRHR1G5,,,,,35.0
B09NRL38RG,,,,,90.0
B09NRM8VZX,,,,90.0,90.0
B09NRQJ7CZ,,152.0,,152.0,152.0
B09NT368LC,,,,,7.0
B09NVPPDXY,,,,276.0,
B09NVSXXDZ,,,,,14.0
B09NW22PDF,228.0,,,228.0,228.0
B09NW25WJH,18.0,,,,
B09NW3YGXB,230.0,,,230.0,230.0
B09NWF5559,1.0,,,,
B09NWZQKMH,125.0,,125.0,125.0,125.0
B09NX7GMYR,,,,,28.0
B09NX8JNV2,,,,,195.0
B09NX8XDVX,13.0,,,,
B09NXLBH9X,,,,,51.0
B09NXLS9XT,,,,,67.0
B09NXMB31H,195.0,,195.0,,195.0
B09NXN17J1,,,,,28.0
B09NXSSNWX,,,,13.0,
B09NXTWB5X,,,182.0,,182.0
B09NXVJ25C,107.0,107.0,,107.0,107.0
B09NXXZ1RW,52.0,,,,
B09NXYY25T,,,,,208.0
B09NY3Q71Z,,,,79.0,79.0
B09NYH5RVG,,,,25.0,25.0
B09P16PBVS,,,,,11.0
B09P1DFF8W,,,30.0,30.0,30.0
B09P1FGHJZ,,,2.0,,
B09P2ZT72S,231.0,231.0,,231.0,231.0
B09P3HWSMZ,,,,29.0,29.0
B09P3QKMLD,,,258.0,,258.0
B09P42YT83,,,,,369.0
B09P4PV4X3,803.0,,,803.0,803.0
B09P52L4MJ,30.0,,,,
B09P53T9FH,,,,71.0,71.0
B09P654NZ2,,,,903.0,903.0
B09P67TPLY,,,,,29.0
B09P693NLL,,,,,52.0
B09P7765KL,,,,,8.0
B09P7858QC,,,,,14.0
B09P78CTPM,,,,,62.0
B09P7GCDLG,102.0,102.0,,,102.0
B09P7YD19F,,,,,453.0
B09P83HBJT,,,,15.0,
B09P86ZL9W,57.0,,,,
B09P8BPV4J,,,,301.0,301.0
B09P8GWP4Z,31.0,,,,31.0
B09P9VT7KP,,,,,36.0
B09PB268YY,,,,,17.0
B09PBDCDNM,,,,,14.0
B09PC4QXD4,,,,171.0,171.0
B09PD398DV,14.0,,,,
B09PF8CH3K,,,,105.0,105.0
B09PFNWXRB,,,26.0,,
B09PFRQ2D7,,,,28.0,
B09PFW2X4P,,67.0,,,
B09PHBFHH4,,1929.0,1929.0,,1929.0
B09PHCCQNG,,,,,1929.0
B09PHCK88S,1929.0,1929.0,1929.0,,1929.0
B09PHCRL72,,,,36.0,36.0
B09PHMT7Z3,54.0,,,,
B09PHMYN7N,54.0,,,,
B09PK8DPST,,,,,5.0
B09PL4T9T7,,,,,2.0
B09PMJDMT8,,,,,8.0
B09PMSSSXG,207.0,,,,207.0
B09PMW592R,,,,,176.0
B09PMWJM2G,,,43.0,,
B09PNBNVV4,,,,573.0,573.0
B09PQCF22S,,,,,54.0
B09PQGW2QF,,,,,75.0
B09PQMV8SG,,,,,75.0
B09PQS5N7Q,,,,42.0,42.0
B09PR65BJ7,,,,,208.0
B09PR8HW5W,,,,,34.0
B09PR9MLPX,,148.0,148.0,148.0,148.0
B09PRFCMTF,,,,,23.0
B09PRS3XCL,,,,,2.0
B09PTK64J7,,,,,35.0
B09PTT7BHW,,,,73.0,73.0
B09PVLLRFB,,1056.0,,,
B09PY2HDZ6,,,,,47.0
B09PY4GNL8,33.0,,,,
B09PYDHRB3,,,,47.0,47.0
B09PYJB5V6,,,,560.0,560.0
B09PYJR4DL,,1591.0,,1591.0,1591.0
B09PYSMBPL,,,,47.0,
B09PYWW3L8,,,,,699.0
B09PZDPPQ7,,,,,61.0
B09PZVWDSG,,,,,947.0
B09PZWJ2TD,1.0,,,,
B09Q115BCZ,,,,,42.0
B09Q22ZNMQ,,,10.0,,
B09Q26J48T,7.0,,,7.0,7.0
B09Q2SMPSH,,,,,253.0
B09Q2XK9FZ,81.0,,,,81.0
B09Q35C1BN,,,,26.0,
B09Q3Q4D5C,,,,12.0,
B09Q4F65XY,259.0,,,,
B09Q5FRKH9,,,,444.0,444.0
B09Q7G84VB,,,,30.0,30.0
B09Q7ZN4YL,,,,35.0,35.0
B09Q8C7NL7,,,35.0,35.0,
B09Q8MW1SQ,,,,,5.0
B09Q8P75RG,,,,,47.0
B09Q8XV2BG,,,261.0,,
B09Q8XXL1N,,,,,46.0
B09Q8XZNJL,,,,,121.0
B09Q8YWCHS,,,,,36.0
B09Q99QSH2,,,,136.0,
B09Q9B2ZK3,,,,,16.0
B09Q9BZLJD,,,402.0,,402.0
B09QBVPZ4L,,,,,50.0
B09QC37QX8,,,,,22.0
B09QC9NJ19,,,,,5.0
B09QFNH11X,,,,7.0,
B09QFPVNQ2,,,,,7.0
B09QFRYLD5,4.0,,,,
B09QFSHNSX,,,,,7.0
B09QG33GBL,,,,7.0,
B09QHFHN5T,,,,,140.0
B09QHL2NDS,,,,,36.0
B09QHRVSMS,,,37.0,37.0,37.0
B09QKHXFPZ,,,,,10.0
B09QKJRXY4,,,28.0,,
B09QKT5WL4,,,,,4.0
B09QLMN1DQ,,,71.0,,
B09QLYRX73,,,,,54.0
B09QMD3SY6,,,,113.0,113.0
B09QPKSWPB,,,,,195.0
B09QQP631J,,,,,71.0
B09QQRYGFY,30.0,,30.0,30.0,
B09QQSRTPC,,,,,52.0
B09QRVL9XT,,,,,49.0
B09QSJ6456,623.0,,,623.0,623.0
B09QSQDTWD,,,,,20.0
B09QW39BKS,16.0,,,,
B09QW4L1NM,,,,,16.0
B09QYDF7XN,,,30.0,,
B09QYMH9QJ,,51.0,,,51.0
B09QYW63XL,,,,,10.0
B09R2HVZQY,,,,,4.0
B09R4MNXN1,,,,,33.0
B09R4MP61P,,,,,36.0
B09R93KDH2,,,,,91.0
B09RBDF1TL,,,,,953.0
B09RBGQVJN,,,,,953.0
B09RG4VBYL,,,,117.0,
B09RGDBYMR,,,117.0,,
B09RK53BGD,,,,,24.0
B09RMX68R6,,396.0,396.0,396.0,396.0
B09RN942HL,85.0,,,,85.0
B09RQLZ1Q8,,,,,12.0
B09RTKHGXF,,,,,113.0
B09RTP2ZCC,6.0,,,,
B09RV7SJQL,,,,87.0,87.0
B09RWGMY4T,,,276.0,,
B09RWM798Z,,,,,28.0
B09RWM8XK6,,,,,28.0
B09RWM9X1D,,,,,339.0
B09RWMDWQW,,,,,339.0
B09RWMNZMH,,,,339.0,339.0
B09RZNH6D1,,,,,4.0
B09S2Y2891,,,367.0,,
B09S31W7QN,,,,51.0,
B09S3BW8TC,661.0,,661.0,661.0,661.0
B09S3NJBMZ,,,,,30.0
B09S5JPGPY,,,,,20.0
B09S5SZT29,25.0,,,,
B09S9Q9JBN,79.0,,,,
B09SB2FBWF,,,,,10.0
B09SB9TMLB,,214.0,,,214.0
B09SBRCFPY,,,,1287.0,1287.0
B09SCPND5T,,,24.0,,24.0
B09SCPV5ZH,,,,,19.0
B09SD8WF23,,,,91.0,91.0
B09SDC57JD,226.0,,,226.0,226.0
B09SDYRQ9H,,,,1511.0,1511.0
B09SF8KFLL,,,35.0,,
B09SFJ97ZV,,,,11.0,
B09SGDCN1K,343.0,,343.0,,343.0
B09SH5MYZ1,,,,,32.0
B09SHRRFZR,221.0,221.0,221.0,,
B09SHTHWQ2,,,,144.0,144.0
B09SHTSMGD,,,,,6.0
B09SHX5MCT,,17.0,17.0,,
B09SJ2T1P5,11.0,,,,
B09SKWG9VG,,,,,2.0
B09SKXM7ZY,,,12.0,,12.0
B09SL5XQ8D,,,,1.0,
B09SLNW55J,,,,,46.0
B09SLQQQWV,,,,59.0,
B09SNN9B4K,,,15.0,,
B09SP4X7N5,,,171.0,,171.0
B09SPDYVQ3,,,,,171.0
B09SPH1XVB,,,,,293.0
B09SPHHNDL,,,,,25.0
B09SQ117S7,191.0,,,,
B09SQ8W34M,69.0,,69.0,,69.0
B09SWTDB1H,,,,,261.0
B09SYHHWZ4,,,,,21.0
B09SYLSZ18,,,,,48.0
B09SYLV37Y,,,,,48.0
B09SYPF5T6,,,,,293.0
B09SYSGH4X,54.0,,,,
B09SYY8ZDV,,,,,20.0
B09SYYPKG7,,,,,21.0
B09SZBBWRB,,,,,887.0
B09T1TV8QW,,,,5.0,
B09T24PKNP,,,,,6.0
B09T2JHW45,,,,91.0,91.0
B09T3S5KKP,,,,,1.0
B09T6HK2VN,,,,67.0,
B09T71ZB14,,,,,32.0
B09T76TSHJ,,,,,494.0
B09T7GCZ2F,,,,,494.0
B09T9B5YHP,,,8.0,,8.0
B09T9DHP24,,,,,112.0
B09T9FHG1J,,,,,112.0
B09T9X7F31,,,,,195.0
B09T9Y21QZ,,,,,17.0
B09TDFZ8JM,,,51.0,,51.0
B09TF8V3YN,50.0,,,,50.0
B09TFC92HL,,,,,35.0
B09TGTSY3H,,,,,22.0
B09TGVYZSY,,,,971.0,
B09TGX8VK6,,,,,21.0
B09TGYHCV5,,,,,977.0
B09THS2BWR,,,,,2.0
B09TJT73X6,,,,,3678.0
B09TK4D273,,,,30.0,30.0
B09TKXZYNS,,,,,19.0
B09TKY2LYR,,19914.0,19914.0,19914.0,19914.0
B09TN4M7J1,,32.0,,,32.0
B09TN4VQVL,,,,,37.0
B09TNJ9SHG,,,,,261.0
B09TNNMNRX,,,18.0,,18.0
B09TNY51FN,,,,,135.0
B09TP45HB4,,,,,72.0
B09TP7LXDG,,,,,1.0
B09TPYBSXD,,,,,384.0
B09TQ4NFW5,,,8.0,,
B09TQBRP45,221.0,221.0,,,221.0
B09TQH8VPW,,,,,556.0
B09TQJ14M9,,,,34.0,34.0
B09TRWP864,,,,,18.0
B09TSS9D2C,,,,,15.0
B09TSTBF55,14.0,,,,14.0
B09TSVR57G,,,,13.0,13.0
B09TSZ2V5Q,289.0,,289.0,,289.0
B09TTRH9LV,,31.0,,,
B09TVVLS2Y,,,,,157.0
B09TXBD89W,,,,,21.0
B09TXJFW7K,,,63.0,,63.0
B09TXK9WHX,,,,,63.0
B09TXMGTQS,,,,,57.0
B09TZN7HTF,42.0,,,,42.0
B09TZNVHKY,,,,,60.0
B09V114D4V,,,,111.0,111.0
B09V1RVNPR,,,,6.0,
B09V286FR4,63.0,,,,
B09V286JD6,46.0,,,,46.0
B09V28HLLG,,,,,63.0
B09V29WYQK,,,,,86.0
B09V46QCS7,,,7.0,,7.0
B09V4FB8VN,57.0,,,57.0,57.0
B09V4WGTY7,49.0,,,,49.0
B09V4ZLY9Q,948.0,948.0,948.0,948.0,948.0
B09V5158SX,,,,,11.0
B09V5F7DJB,,,,,255.0
B09V6PD92R,,52.0,,,
B09V7DY1XH,,,,,79.0
B09V7FQDJB,,,,,58.0
B09V7L6J1V,,,,,15.0
B09V7NJSWP,,,,428.0,428.0
B09V7PRLKN,,,,,1.0
B09V7Q38HW,,,,,58.0
B09V7RXHDQ,58.0,,,,58.0
B09V7T5BJR,,,,,91.0
B09V7VLNQC,,,,,428.0
B09V7Z4422,,,,428.0,428.0
B09VB2HLLZ,,,,,5.0
B09VBCMQLH,,,,32.0,32.0
B09VBY5W48,,,,,16.0
B09VC64KP5,,,,,106.0
B09VC7W64Q,,,,,40.0
B09VD5BNCM,,,,,27.0
B09VD8G83L,,,,,40.0
B09VFCR72B,,,39.0,,39.0
B09VFN281F,,,,,798.0
B09VGCLLVC,,,,,490.0
B09VGMG2JZ,,,,,556.0
B09VGMG92B,,,,,556.0
B09VGRFVR5,215.0,,,,215.0
B09VGW311F,,359.0,359.0,359.0,359.0
B09VGXXM1R,14.0,,,,
B09VJJDD86,,,,,27.0
B09VKM31HK,,,7.0,,
B09VKQWXSR,,,,52.0,52.0
B09VKTDLKN,,,,,1.0
B09VKWFLCF,,,,36.0,36.0
B09VKWQX2D,,,,,59.0
B09VL1RCPV,82.0,,,,
B09VL5P9J7,,,,,29.0
B09VNQM339,,881.0,,,
B09VNQNHQF,,,,,125.0
B09VPMBLJ6,,,,,33.0
B09VT2W348,,,,,208.0
B09VT45ZRX,,,,,376.0
B09VT4LBBQ,,,,,376.0
B09VT4N4K7,,,,,3.0
B09VT55MN2,,,,,376.0
B09VT7N9CJ,,,,,60.0
B09VTJQHRP,7.0,,,,
B09VX3GKFZ,1358.0,,1358.0,1358.0,1358.0
B09VX7V73L,,,41.0,41.0,41.0
B09VX88QXY,,,,,62.0
B09VXQ5X7L,,,,,48.0
B09VXS6DLG,,,,,8.0
B09VXVF5RQ,16.0,,,,
B09VYDFHRZ,,,,63.0,63.0
B09VZFSBSC,,,,,699.0
B09W19YC4Z,,,3.0,,
B09W1Z3F9L,,,,56.0,
B09W22SQ3F,131.0,131.0,,131.0,131.0
B09W23S342,,,,58.0,58.0
B09W29S6QJ,,,,,98.0
B09W29Y25V,,,,95.0,95.0
B09W2B7K31,,,,,95.0
B09W2DQ188,,,,,95.0
B09W2KJNDC,,,,5290.0,5290.0
B09W35SD46,,,16458.0,,16458.0
B09W5JWN99,,,30.0,,
B09W5L7BHV,,,11.0,,
B09W5N27TB,,,,,103.0
B09W5PL79K,,,,,4.0
B09W65LXP3,,,,,51.0
B09W68FL87,,,,3804.0,
B09W8QBGQF,,,,208.0,208.0
B09W8VD1CG,,,,208.0,208.0
B09W99RDTZ,,,,,374.0
B09W9B6SXC,,,374.0,,374.0
B09W9DVWXQ,,,,,3.0
B09W9K5BG4,,,,,55.0
B09W9L4TV3,,,,,7.0
B09WCKYDNZ,,,21.0,,21.0
B09WD1JQWM,,,,,379.0
B09WD1Q9KF,77.0,,,,77.0
B09WDJVNFH,128.0,,,,128.0
B09WDMR273,,,,20.0,
B09WGZD4LY,,,75.0,,
B09WH97K4W,,,,,15.0
B09WHJ6BQH,,,1552.0,1552.0,1552.0
B09WHK8YG1,,,,166.0,166.0
B09WHWRXHY,,,,,224.0
B09WJ97PZD,,135.0,,,135.0
B09WJTNXY3,,,,,45.0
B09WJXJYC8,,56.0,,,
B09WJZFHZF,,,,,214.0
B09WLK74Z9,,,,,52.0
B09WMPPNZY,,,,,3.0
B09WMSDYLT,273.0,,,,
B09WMT2V8H,,,,,22.0
B09WN6HSFD,,,,,17.0
B09WPH4CRZ,,,,,9.0
B09WQM52QY,422.0,,,,422.0
B09WQQBS2P,101.0,,,101.0,101.0
B09WQZGKMW,,,,,5.0
B09WR3VH42,,,,,13.0
B09WR4B154,,,,,22.0
B09WR7T6TL,,,,,980.0
B09WR9GV5L,,,,,1004.0
B09WRBKD5Z,,,,,422.0
B09WRBQ8R6,,,,422.0,
B09WV15YM3,,,,,58.0
B09WV1MBLB,,,,,30.0
B09WV9KHZL,,,,,108.0
B09WXCTG48,,,,49.0,49.0
B09WXRGS71,,,,,9.0
B09WYVJGDW,,,,19.0,19.0
B09WZF2C9J,,,,,30.0
B09WZFS2DD,,,31.0,,
B09WZG8M9P,,,581.0,581.0,
B09WZGS1R4,581.0,,,,
B09WZH6NQF,,,26.0,,
B09WZJ87WN,,,,19.0,19.0
B09X153C3N,,,581.0,,581.0
B09X15VN1W,,,,,58.0
B09X1DNM62,,77.0,,,
B09X1WWLW6,,,,,52.0
B09X2RR2QH,,,,,1032.0
B09X2XH1KB,,,,,53.0
B09X36WP1Q,,,,6.0,6.0
B09X5FQTK4,,,,2.0,
B09X61LG7R,17.0,,,,
B09X6FJ91T,,,,49.0,49.0
B09X6FJLLR,,9.0,,,
B09X6FYL7M,,,,36.0,36.0
B09X6YPBGT,,,,,36.0
B09X73VGG1,,140.0,140.0,140.0,140.0
B09X77NM81,56.0,,,56.0,56.0
B09X7H6GH8,,139.0,139.0,,139.0
B09X9FDGXW,,,,,294.0
B09X9RPNWY,115.0,115.0,,115.0,115.0
B09X9Z8WQN,550.0,,,,550.0
B09XB3QBPB,,,,,79.0
B09XB3R3WK,,,56.0,,56.0
B09XB3SQPL,,,,,82.0
B09XB5WKVZ,,,,,39.0
B09XB951SV,24.0,,,,
B09XBBY2K5,,,,52.0,52.0
B09XFCZ6MF,,,,,30.0
B09XHGC9BG,,,,13.0,13.0
B09XJ2P3PH,,,902.0,,
B09XJ42LGT,,918.0,,,918.0
B09XJ88HSX,491.0,491.0,,,491.0
B09XJ9BR69,491.0,,491.0,,491.0
B09XKNPVYR,,,5.0,,
B09XL2ND2W,,,,19.0,19.0
B09XM7S231,,,,32.0,
B09XMHDQBH,,,,48.0,48.0
B09XMMZHMX,,,,,29.0
B09XN1DYL1,,,,,71.0
B09XQ6SPDB,,,,,78.0
B09XQBZFB8,19.0,,,,
B09XR3L34R,,,,,62.0
B09XR4SWY4,,,,,347.0
B09XR545GP,,,,,61.0
B09XRL76JK,,,,,6.0
B09XSD7P58,,,,,6.0
B09XSTG1Q1,,,,,6.0
B09XTXGHG5,,,,,26.0
B09XTZ783Y,,,,,5.0
B09XTZXC93,19914.0,19914.0,19914.0,19914.0,19914.0
B09XV64964,595.0,,,595.0,
B09XV8KMBX,,595.0,,,595.0
B09XWML5L4,167.0,,,167.0,167.0
B09Y1R1PP9,,,,,60.0
B09Y1WN8WD,39.0,,39.0,,
B09Y1Z41NK,50.0,,50.0,,50.0
B09Y43WH8W,,,,,2.0
B09Y4T9LYR,,,,,6.0
B09Y597DVG,,,2578.0,,
B09Y5L7QDK,,,,,22.0
B09Y5R6QFB,,,,,29.0
B09Y61V2WS,,,,,190.0
B09Y86NCT7,,,,,6.0
B09Y87V2BG,,,,,4.0
B09Y89S71G,,,,,58.0
B09Y8GD1LQ,,,,,17.0
B09Y8QHXHX,,,,,165.0
B09Y8WDFZS,,,,,96.0
B09Y8ZXFFH,19.0,,,,19.0
B09Y91NJLX,39.0,39.0,,39.0,39.0
B09Y92TBZS,,,,,412.0
B09Y9747H5,,,,,45.0
B09Y97JH15,,517.0,,517.0,517.0
B09Y9GG6RJ,,,,,442.0
B09Y9HFLFR,,,,,52.0
B09YB6SQ48,,,48.0,48.0,48.0
B09YCJ83V4,,302.0,302.0,302.0,302.0
B09YCWNR22,,432.0,,,
B09YD3KBSX,,,,,66.0
B09YDLKCWZ,3.0,,,,
B09YFRB3FG,,12.0,,,
B09YGJW679,,,,,75.0
B09YH4DZTT,,,,,373.0
B09YH9NMNW,,,,,30.0
B09YHD8M2Q,45.0,,45.0,,45.0
B09YL75N1S,,,,38.0,38.0
B09YL7QVR8,,69.0,69.0,69.0,69.0
B09YL9S6TL,,,,,890.0
B09YLHRZ76,,890.0,890.0,890.0,890.0
B09YLP72WP,,,,,410.0
B09YLZBD5T,,,,,100.0
B09YNBJJR8,,,,,20.0
B09YNH6R7P,,,,14.0,14.0
B09YQ7L4BS,,,860.0,860.0,860.0
B09YR3QJR5,,,,,15.0
B09YRB8GGP,,,,890.0,890.0
B09YRCRMKK,,,,,10.0
B09YRD96GQ,,,,,27.0
B09YRDB8K5,,,,,29.0
B09YRGVD3Q,,,,,223.0
B09YRHLVKY,,,,,66.0
B09YRJLVPP,,,,223.0,
B09YRKBZC7,,,,,66.0
B09YRKG8GV,,,,,66.0
B09YRKWW2D,,223.0,223.0,,
B09YRMH9T9,,,,3.0,
B09YRMQ9B7,,,,,66.0
B09YRNX2NR,,,,,79.0
B09YRPK5S5,,,,,79.0
B09YRPRR49,,,,,66.0
B09YRPYJBN,650.0,,,650.0,650.0
B09YS1GP1N,,,,,60.0
B09YSYCH66,,,,,3.0
B09YTCLSJC,,,,,6.0
B09YTHM3Y3,,,,,186.0
B09YTJH23G,,,,,111.0
B09YTPZ1CR,3.0,,,3.0,
B09YTVYRJS,,,,,96.0
B09YTW7BD6,,,,96.0,96.0
B09YTWT4N5,,57.0,57.0,,57.0
B09YTY3FPD,9727.0,,,,
B09YTY9PJB,,,,,9727.0
B09YTZ1G5Q,,,,,2.0
B09YV65NWD,,,616.0,616.0,616.0
B09YVD2QPL,,,,42.0,42.0
B09YXGSRB2,650.0,650.0,,,650.0
B09YXKZRTW,,,,59.0,59.0
B09YXS83FY,,,,32.0,
B09YYB8VQM,145.0,,145.0,,145.0
B09YYC979G,,,,,54.0
B09YYCP4JY,,,,,20947.0
B09YYCX585,,,,20947.0,
B09YYP4JHW,,,,,34.0
B09Z1VK41V,,,,,12.0
B09Z1VV27G,,,,,1.0
B09Z1Z19CK,,,15.0,,15.0
B09Z2DPX85,,,6.0,,
B09Z2DWWXN,,,,,13.0
B09Z2FRHS7,,,21.0,,
B09Z2GGXYG,,,,573.0,573.0
B09Z38FFSP,7.0,,,,
B09Z632TGM,623.0,,,623.0,
B09Z63KFV5,,,,,1591.0
B09Z6DSVYV,,,7.0,,7.0
B09Z6GZ1XR,,,,,18.0
B09Z6L9MX4,,,,,80.0
B09Z6M5YG1,,,,,80.0
B09Z7TQRF3,,,,46.0,
B09Z7V57QX,21.0,,21.0,,21.0
B09Z83784H,,,,,6.0
B09Z8TQPV2,,510.0,,510.0,
B09ZB6QRGD,30.0,,30.0,,30.0
B09ZH1NP8C,,,,,1591.0
B09ZH2H1WP,,,,,21.0
B09ZH547SX,,,,,1591.0
B09ZH78KQT,,,,46.0,46.0
B09ZH7DRFP,,31.0,,31.0,31.0
B09ZKYHQZH,,,,,38.0
B09ZKYQMVD,,,,,5055.0
B09ZL25BV5,51.0,,,,
B09ZLV9834,,123.0,,,
B09ZNT8T8H,,556.0,,,
B09ZP4ZK2P,,,,20.0,
B09ZP62V3D,,,,4.0,
B09ZP6FY48,,,,,88.0
B09ZP6SHZQ,,,,38.0,38.0
B09ZP6WY25,,,97.0,,
B09ZPCCTDM,,,,33.0,33.0
B09ZPT5GXV,5.0,,,,
B09ZQ742N1,,,,,18.0
B09ZQHS9P2,,,,,2113.0
B09ZQL6CMB,,,,40.0,
B09ZQLTS7B,,,,6.0,6.0
B09ZQP298W,,,,,68.0
B09ZSP2ZX6,,,,,80.0
B09ZSPXXP3,,,,,19.0
B09ZT5F4WS,,,,,19.0
B09ZTN26HJ,,,,64.0,64.0
B09ZTTGHW1,,,,,17.0
B09ZTX151Y,221.0,,,,
B09ZTX5687,,,37.0,37.0,37.0
B09ZV4R8Q7,,,,,41.0
B09ZY2LSJM,,,,,17.0
B09ZY3THWV,528.0,,528.0,,528.0
B09ZY7193K,46.0,,,,
B09ZY9ZLQQ,,,,,41.0
B09ZYB2CZP,,,,,13.0
B09ZYCFYP8,,,,,48.0
B09ZYRK88Z,,,,,12.0
B09ZYSYMPN,,,,,12.0
B0B11K7VBB,,,,,424.0
B0B11MF53Y,,,,424.0,
B0B11PV9FT,,,424.0,,424.0
B0B11R1DNW,,,,79.0,79.0
B0B11S3S46,,,,,424.0
B0B11ZGZ9B,,,,,424.0
B0B12WTT68,,,,,41.0
B0B135P2B8,,8.0,,,
B0B14M9V6F,58.0,,,,
B0B14NXG4T,,16.0,,,
B0B14QWXL6,,,,,11.0
B0B15561G8,,27.0,,27.0,27.0
B0B158K421,,,,8.0,8.0
B0B17F8BH5,,,,,8.0
B0B17KX39T,,,,,27.0
B0B17PJ6LH,76.0,,,,76.0
B0B185D8X9,49.0,,,49.0,
B0B187XMD7,14.0,,,,
B0B196TPSR,77.0,,,,
B0B19BSFJR,,,42.0,,42.0
B0B19X72NW,,,,2113.0,
B0B1B7X8XZ,,,7.0,,
B0B1C2KZ9Q,,,534.0,,
B0B1C2VVZY,,,,25.0,25.0
B0B1C461VZ,,,,,25.0
B0B1CHLCL6,,,39.0,39.0,39.0
B0B1CL9MQ4,,,,,6.0
B0B1CSZR1K,,,,,102.0
B0B1CTL3JK,321.0,,,321.0,321.0
B0B1CYWHSX,,,,,37.0
B0B1D7JPHM,,22.0,,,22.0
B0B1DGQX7K,534.0,,,534.0,
B0B1DGSQ1R,,,,534.0,
B0B1DQLYB9,,,,,39.0
B0B1F6HSFL,,,,27.0,27.0
B0B1HDWV6C,,,,,12.0
B0B1HH4L2S,5.0,,,,
B0B1HNF4LJ,,,,,556.0
B0B1HNGCMD,,,,,556.0
B0B1HPGVN6,,,,,556.0
B0B1LY7X8N,,,,,25.0
B0B1M2BPM4,,,,22.0,22.0
B0B1N17KRR,,,,,47.0
B0B1P6K83Y,,,38.0,38.0,38.0
B0B1PFNNPG,,,,,119.0
B0B1Q1V56S,,,,145.0,
B0B1Q2N2SK,,,,,145.0
B0B1Q3RP4B,,,,,59.0
B0B1QWD4H6,,,,,3231.0
B0B1TNSXG5,,,,,2.0
B0B1TS5KP6,,,7.0,,
B0B1V38PTN,6.0,,,,
B0B1V8JSRX,,,,,13.0
B0B1ZHRCFS,6.0,,,,
B0B1ZZXBGL,,8.0,,,
B0B213ZYVQ,,,,,12.0
B0B214GWNL,,,19914.0,19914.0,19914.0
B0B217TXPG,,,15.0,,
B0B21MSHLF,,,,,12.0
B0B23P6CH9,,,,,5.0
B0B24G2QKP,,,,289.0,289.0
B0B24S417F,,,,297.0,297.0
B0B24SF5HN,,,,7.0,
B0B24W77YD,,,,,35.0
B0B253JPLW,181.0,,181.0,181.0,181.0
B0B272MZVT,,,,11511.0,11511.0
B0B27MVGXB,,,,,51.0
B0B27RRK77,,,,,346.0
B0B282Z9W5,,,,50.0,50.0
B0B2842F23,,,,,10.0
B0B28T6JK9,,,,141.0,141.0
B0B28TL6G7,,,,,141.0
B0B28TS4VG,,,,,141.0
B0B28V32JK,,,,,141.0
B0B29HPKPW,,,,18.0,18.0
B0B2CWBW5L,,,33.0,33.0,33.0
B0B2DKWKYD,,,,42.0,42.0
B0B2F1FD9Z,,,354.0,,354.0
B0B2F1LTSN,354.0,,,,354.0
B0B2F3TDGS,,,,,354.0
B0B2GQCH7T,,,,21.0,
B0B2JKX1XG,,,,,4.0
B0B2P21X7J,,,4.0,,
B0B2P3LTFD,,,,,30.0
B0B2P3ZT1B,,,,38.0,38.0
B0B2P4TD22,,,,,16.0
B0B2P792M5,,,,29.0,
B0B2PF5VKW,,,,,3205.0
B0B2PXD4RT,,,,39.0,39.0
B0B2QXHZTD,145.0,,,,
B0B2R4KXXJ,,7.0,,,
B0B2RMY16D,,,5.0,,
B0B2S3XYPR,53.0,,,,53.0
B0B2TFH5QK,,,,,487.0
B0B2TT61J5,,,,,20.0
B0B2VLDJLD,279.0,,279.0,279.0,279.0
B0B2W4Q7WC,,,,119.0,
B0B2W8M2R5,,,,166.0,166.0
B0B2WBWHYM,,,,,1.0
B0B2WJXTY5,,33.0,33.0,,
B0B2WKZ4DF,,,,,33.0
B0B2WXM12N,,,1.0,,
B0B2ZS8QSX,,4.0,,,4.0
B0B316H5HS,,,,,37.0
B0B31C5WV6,,,,,71.0
B0B31D24HN,,,,152.0,152.0
B0B31FY1GH,,,152.0,,152.0
B0B347RXJ8,1.0,,,,
B0B35DHXQN,,,,26.0,26.0
B0B35G8VZQ,,,,,1.0
B0B386F4VV,,,57.0,57.0,57.0
B0B386KCTT,,,,,57.0
B0B38B75JN,,,,,5290.0
B0B38B9SDH,,,,71.0,71.0
B0B38CG13X,,,76.0,,
B0B38DM8M8,,,,,47.0
B0B38G77Q3,,,,,444.0
B0B38GHCVM,,,,,444.0
B0B38LY1LV,8.0,,,,
B0B3948Z1L,,,,,7.0
B0B39N5GJF,,,145.0,145.0,
B0B3BKFNFC,,,251.0,,
B0B3CDVFCV,,,,,18.0
B0B3CFQ5T6,,,,,27.0
B0B3CN6SZ1,354.0,,354.0,,354.0
B0B3DT2JVV,,1202.0,,,1202.0
B0B3DWFGSR,171.0,,,,171.0
B0B3DX9W8P,,,,171.0,171.0
B0B3DXCQHY,,,,171.0,171.0
B0B3DY13S7,,,,171.0,171.0
B0B3DYKYD7,,,,171.0,171.0
B0B3DZX284,,,,59.0,59.0
B0B3F1J78X,,,,59.0,
B0B3F1SPPN,,,59.0,,
B0B3G9F21B,79.0,,,,
B0B3GJKP7Y,117.0,,117.0,,117.0
B0B3GMVV1W,85.0,,85.0,85.0,85.0
B0B3J2KNS2,186.0,186.0,,,186.0
B0B3J81NK9,,,27.0,,
B0B3JCYFTD,,,,26.0,
B0B3M4JZ5R,,,,,4.0
B0B3QQF96Y,1.0,,,,
B0B3QSK2FD,,,,25.0,25.0
B0B3R5ZH3M,,,,,10.0
B0B3RGMZ1Q,,,,,25.0
B0B3RJGD9S,,,,46.0,46.0
B0B3RQZXPN,47.0,,,,47.0
B0B3SVL2CW,,,,,16.0
B0B3T65459,6.0,,,,
B0B3TD88HR,,8.0,,,8.0
B0B3TFQ1NJ,,,,,34.0
B0B3THY4J4,,,,,212.0
B0B3VM1ZMK,,,,,1621.0
B0B3VMXWCJ,,,,,1509.0
B0B3WTKCZL,23.0,,,,
B0B3XFJBL9,,,,,27.0
B0B41DNQQL,,,,,20.0
B0B41GRHK2,,675.0,675.0,675.0,675.0
B0B422JMC7,,51.0,,51.0,51.0
B0B422MHC8,,,,68.0,
B0B424LDQ9,,,,,51.0
B0B459N2KS,5.0,,,,
B0B45G9HQ5,,,,21.0,
B0B45JD9FW,,,,,106.0
B0B45R6K6H,,,30.0,,
B0B45VM75H,,,22.0,22.0,22.0
B0B45W8BWM,,,,,5.0
B0B49NGCSH,3.0,,,,
B0B49QDMWS,,,,8.0,8.0
B0B4B1F363,,,,53.0,53.0
B0B4BFH2V1,,,,,953.0
B0B4C8WTFS,,30.0,,,30.0
B0B4DCY17D,,,,,9.0
B0B4G3PWDG,,,,,847.0
B0B4G63CHL,,,,,79.0
B0B4G67F2S,,,,,79.0
B0B4G6KWSD,,,263.0,263.0,263.0
B0B4G71HJM,,,,,79.0
B0B4G91DZ6,,,,,78.0
B0B4JB7WMC,,,,,128.0
B0B4JMD39D,,,,40.0,40.0
B0B4KFZ4TX,,,37.0,37.0,37.0
B0B4KGDFGD,,,,,22.0
B0B4NCXFXQ,8.0,,,,
B0B4NF6XY5,,,,,116.0
B0B4P67J65,,,,106.0,106.0
B0B4PHNKQX,,,44.0,,44.0
B0B4PKPG78,29.0,,,,
B0B4PMQ7Z1,,,55.0,,
B0B4PNBZMD,,,,,55.0
B0B4PNQJHL,,,,,55.0
B0B4PNVG4V,,,,55.0,
B0B4PQF9NT,55.0,,,55.0,55.0
B0B4R6YP8S,,,,,11.0
B0B4SR6WKW,,,,,37.0
B0B4T2QYBT,,,,,35.0
B0B4VB6GBK,,,,42.0,42.0
B0B4WH38CH,,,26.0,,
B0B4Z7CNP4,,,,43.0,
B0B4ZTMHJZ,,,,,43.0
B0B4ZZY512,,,124.0,,
B0B5129TT6,,,,,124.0
B0B512JY71,,,,,142.0
B0B512SQ5Y,,,124.0,,124.0
B0B512TPCS,,,,,124.0
B0B5136HPS,,,,,124.0
B0B51422XX,,,,,142.0
B0B51438QZ,,,,142.0,142.0
B0B5144X19,,,,,124.0
B0B5156D65,,,,,142.0
B0B515H2T2,,,,,142.0
B0B515KQJL,,,,124.0,124.0
B0B51TR32J,,,,,82.0
B0B52WFV98,,,,27.0,27.0
B0B54VM7QL,,,,1358.0,1358.0
B0B5692H74,,,,,7.0
B0B56J9R2D,,,,,27.0
B0B56PJG4K,,,,24.0,24.0
B0B579V8SL,,,,96.0,
B0B587MWZ5,,,,,16.0
B0B59T7W5B,36.0,,,,
B0B5C4Y6B8,,,,,26.0
B0B5CD5M6R,,,,,11.0
B0B5CLGM27,,,,,20.0
B0B5CLK2SH,,,,,16.0
B0B5CQ2PH3,,,,21.0,
B0B5CQDNSV,,,,,21.0
B0B5CRR3VH,,,,,180.0
B0B5CTXPHC,,,,,21.0
B0B5CVV7RV,,,,,180.0
B0B5CWH2NJ,,,,,21.0
B0B5CXQYHG,,,,,77.0
B0B5CY5WBY,21.0,,,,
B0B5D26D5D,,,7.0,,7.0
B0B5D97BK5,,,,50.0,
B0B5DJ84LW,24.0,,,,
B0B5DR3GJ5,,,56.0,56.0,56.0
B0B5DS14Z8,,,16.0,16.0,16.0
B0B5H2LS6W,,,14.0,,
B0B5H3JP4Q,,,19.0,,19.0
B0B5HVVWJJ,,,33.0,,33.0
B0B5K762BM,,,,,472.0
B0B5KZX952,,,14.0,,
B0B5L1DMTF,,,,,4.0
B0B5LZ1F2M,279.0,,,279.0,279.0
B0B5MJ13JW,123.0,,123.0,,123.0
B0B5MKF1P3,,,,,123.0
B0B5MLDGNJ,,,,,123.0
B0B5NHF868,,,,7.0,7.0
B0B5Q57Y7H,,,,13.0,13.0
B0B5QWMGHR,,,,,195.0
B0B5R1VD8T,,,,,195.0
B0B5R5PHJT,,,,,1.0
B0B5SRF14P,,,,206.0,206.0
B0B5WVCC83,,,513.0,513.0,513.0
B0B5XRY2TQ,,,,87.0,87.0
B0B5YWYBKW,,205.0,,,205.0
B0B5YYJTND,,,,,68.0
B0B5Z1HNMC,,,,68.0,68.0
B0B5Z1SSV7,,,,,68.0
B0B5Z21L6P,,,68.0,,68.0
B0B5ZF5415,7.0,,7.0,,
B0B5ZKYLYY,,,,87.0,87.0
B0B615GX6N,,,,,92.0
B0B633QY5G,,,147.0,147.0,147.0
B0B63LLN6S,,,,91.0,91.0
B0B659C491,,,,,2.0
B0B65JQMMD,,,,,30.0
B0B672SX39,,,,62.0,62.0
B0B67JF4QP,,,763.0,,763.0
B0B6878PBT,,6.0,,,
B0B68PM2QH,,,,,47.0
B0B68V4RJC,,,47.0,47.0,47.0
B0B68VHGQL,1.0,,,,
B0B6927HH9,,,,,7.0
B0B6BW3489,,,,,152.0
B0B6FZSX2J,,,,,11.0
B0B6GNXCX1,,626.0,626.0,626.0,626.0
B0B6HWH3YS,,35.0,,,35.0
B0B6KPFKDL,,24.0,,,24.0
B0B6KTWKPN,,,,13.0,
B0B6L3556Y,,,,,24.0
B0B6L48G3H,,,,,13.0
B0B6L7YVG9,,,42.0,,
B0B6P46PJY,,,,,41.0
B0B6P5T8PT,,,,5.0,
B0B6P6WCZF,,,,75.0,75.0
B0B6PC3831,,,,84.0,
B0B6Q1LGSY,,,17.0,17.0,
B0B6Q1QJJ9,,,11.0,,
B0B6RJ4L5R,,,,,878.0
B0B6T7VL33,,,,,6.0
B0B6VF59XG,,,,,3.0
B0B6XZFK11,,10.0,10.0,,10.0
B0B6ZF3W2J,,,,,3.0
B0B6ZL3FF4,,,,,94.0
B0B72SX3FK,,,47.0,,47.0
B0B7448ZLW,,,51.0,51.0,51.0
B0B75NP7K4,,,,,35.0
B0B76Z1ZSX,,,,30.0,30.0
B0B771TN92,41.0,,,41.0,41.0
B0B7774ZBB,,,,,16.0
B0B77JCK9W,,723.0,,723.0,723.0
B0B77MC5XV,2.0,,,,
B0B789QKM2,,,,,581.0
B0B79LK1LK,,,,15.0,
B0B79Q61Y8,,,114.0,114.0,114.0
B0B79V33PH,,,,,12.0
B0B79WQFF4,,38.0,38.0,,38.0
B0B79ZC32Z,,,84.0,,84.0
B0B7B7GYMK,,,,,80.0
B0B7BB3JJ8,,,84.0,84.0,84.0
B0B7DCTV8D,,,,,428.0
B0B7DCV9MY,,,,,428.0
B0B7F8V1S1,,,,,29.0
B0B7HK9KDK,,,,,137.0
B0B7J54ZJD,,,,,49.0
B0B7L7R1Y8,,,,,10.0
B0B7MBDFFB,,,,,19.0
B0B7NHBWP6,,,,,60.0
B0B7NKQ2M2,,,,,351.0
B0B7R3L1SB,,,,1096.0,
B0B7RHKQ48,346.0,346.0,,346.0,346.0
B0B7SF6Y2H,,5.0,,,
B0B7VMMHQT,14.0,,,,
B0B7X9XDJD,,,267.0,267.0,267.0
B0B7ZWPMHB,,,69.0,,69.0
B0B819BZKP,,,,78.0,78.0
B0B81MGX63,,,,,5.0
B0B81Q6WSJ,,,,68.0,68.0
B0B81X3RG4,,,,,10.0
B0B822CJK9,,297.0,297.0,297.0,297.0
B0B82M8394,675.0,675.0,675.0,,675.0
B0B833HHWM,,,,,12.0
B0B83ZVD7Z,,,,,5.0
B0B84CRVJL,,,,,135.0
B0B84FGP7S,135.0,,,,
B0B84M5V4F,,,135.0,135.0,135.0
B0B85BSG35,,,,,1.0
B0B87G8VKM,5290.0,5290.0,,,5290.0
B0B87GQQQD,,,5290.0,5290.0,5290.0
B0B8C49S28,,,,,3.0
B0B8C7TSFK,,,,,7.0
B0B8GBW8KL,,,218.0,,
B0B8GNPBJQ,,,,,87.0
B0B8GRPWBH,5290.0,,,,
B0B8HDZKL8,,,,,57.0
B0B8HGJS49,20.0,,,,
B0B8JT3V58,,,,,86.0
B0B8JTXR4F,,,,,86.0
B0B8JYVKS9,,,,,86.0
B0B8PBDVW3,,,,,17.0
B0B8PFHJZ4,,,,51.0,51.0
B0B8RBJHF9,,,,41.0,41.0
B0B8S58WJD,,,,,687.0
B0B8S7XB26,,,,687.0,
B0B8VNN85R,,,308.0,308.0,308.0
B0B8VRM3LM,,421.0,,,421.0
B0B8XBCC6H,261.0,,,,
B0B8XMFY6L,,,,56.0,56.0
B0B8YF3W5S,,,,,2.0
B0B8YFF47L,462.0,,462.0,,462.0
B0B8YTT5PY,,,,,35.0
B0B8Z6LZRK,,,,,26.0
B0B8ZFTQZL,,,,,67.0
B0B91Q7CW1,21.0,,,,
B0B91ZTHFH,,,,,21.0
B0B92QLL57,147.0,,,147.0,147.0
B0B92XHW3S,,128.0,,,128.0
B0B933NSNB,410.0,,,,
B0B935PB1V,,,101.0,,101.0
B0B93FPPM9,,16.0,,,
B0B93VCFJG,,,,36.0,36.0
B0B93WG61X,,,,,26.0
B0B93XJ29J,,,,,29.0
B0B93ZX7YB,,,,29.0,29.0
B0B9856PYW,,,,,119.0
B0B98VKZJR,,,,20.0,20.0
B0B99BSV6F,3796.0,,,,3796.0
B0B99WN1PR,,,,,556.0
B0B9BX3K1G,,,65.0,65.0,65.0
B0B9C2SK87,,,,,71.0
B0B9FZ869S,,,,54.0,54.0
B0B9GG3RBK,,,,,250.0
B0B9GJGBY3,,,,,29.0
B0B9H39G37,,,,104.0,104.0
B0B9HMVKRJ,,,,,53.0
B0B9J4YDC8,,,,,74.0
B0B9JDWHCR,,,,,61.0
B0B9JF7L55,,,61.0,61.0,61.0
B0B9JMFFLB,,,,22.0,22.0
B0B9K86T15,,,,22.0,
B0B9K89MJN,,,,,22.0
B0B9K9644F,,,,,22.0
B0B9LFR2N1,,,,,102.0
B0B9LK55DW,,80.0,,80.0,80.0
B0B9MC3S6S,,,,,16.0
B0B9MCR6ZR,,35.0,,35.0,35.0
B0B9MJMQTV,,,,14.0,
B0B9MMDB1H,,,,,42.0
B0B9MMZTG3,,,,,39.0
B0B9MNXWLY,,,,,42.0
B0B9NBPR9L,,,,,26.0
B0B9NK4R5F,,,,,1.0
B0B9NTGGLN,10.0,,,,
B0B9SCW9G7,,,30.0,,30.0
B0B9SVHNSQ,,,,,125.0
B0B9XJZ8RT,,,,45.0,45.0
B0B9XMNDB1,,,,,243.0
B0B9XNQ465,30.0,,,,30.0
B0B9Y39V4H,263.0,263.0,,263.0,263.0
B0B9ZXZMQ6,,,,,34.0
B0BB1512FG,,,34.0,,
B0BB2RX5WF,,,,36.0,36.0
B0BB672VN7,,44.0,44.0,44.0,44.0
B0BB69YJ2J,,,189.0,,189.0
B0BB6D4TK7,,,,,189.0
B0BB6D5LLH,,,,,189.0
B0BB9PQLB5,22.0,,,,
B0BBCW6XQC,,,,,36.0
B0BBCXNXXV,,,,,36.0
B0BBFTLXHL,,,,85.0,85.0
B0BBG8JNXK,43.0,,,43.0,43.0
B0BBGDY8K6,,,107.0,,107.0
B0BBGZBGXG,,,,,7.0
B0BBH9BSHX,17.0,,,,
B0BBH9QRLH,17.0,,,17.0,17.0
B0BBLHGSJZ,,,,16.0,
B0BBLJZQ4S,,,,,8.0
B0BBLSMXV7,,,,,92.0
B0BBLX3T47,,,7.0,,
B0BBMBF6NH,48.0,48.0,48.0,,48.0
B0BBMLMLD9,,,,,13.0
B0BBMNFZZM,,,,,57.0
B0BBN9VP5X,,,,,63.0
B0BBNC6DNP,,,,37.0,37.0
B0BBQ643TQ,,,,1202.0,1202.0
B0BBQPLYQR,,,116.0,,116.0
B0BBQT927S,,,,,116.0
B0BBRG7PGG,,,87.0,,87.0
B0BBRZMJGW,,,,,33.0
B0BBSM85T1,,,,,29.0
B0BBSP5K4Y,,,25.0,,25.0
B0BBSPJS9X,,,29.0,29.0,29.0
B0BBTCVTH1,46.0,,46.0,,
B0BBTCYJ1B,,,,,46.0
B0BBTKWW3D,,,,,489.0
B0BBV8XKQF,,45.0,45.0,,
B0BBVRGGT9,,,58.0,58.0,
B0BBZK5B1C,,,,,58.0
B0BBZQX2WL,,,,,58.0
B0BC57JHLG,2.0,,,,
B0BC5H9DC7,,,,55.0,55.0
B0BC5HPVCJ,,,,55.0,
B0BC5K1VLN,,,,,55.0
B0BC8QY1PJ,,,,87.0,
B0BCDJPSXZ,,,,1358.0,1358.0
B0BCDV3B9Q,,,,1358.0,1358.0
B0BCF6K6TF,,,,,1358.0
B0BCFDVHH1,,,,,152.0
B0BCGWV483,,,,,1.0
B0BCGYC113,,,,,2.0
B0BCKR28WR,,21.0,,21.0,21.0
B0BCKVKC8D,,,,19.0,19.0
B0BCKVRVVL,,,75.0,,75.0
B0BCKWWYK2,70.0,,70.0,70.0,70.0
B0BCP66FK4,,,,9.0,9.0
B0BCPBLKF5,38.0,,,,
B0BCPC8PJD,,,,,8.0
B0BCPK9QQW,,,,213.0,213.0
B0BCR2Q8S3,,,,,22.0
B0BCR2ZJD1,,,,,24.0
B0BCR5PF55,,,,,79.0
B0BCWFBK2H,,,,1487.0,
B0BCWSY19N,,,,,346.0
B0BCX41TF1,,,,,53.0
B0BCX8SV3H,,,,,24.0
B0BCZDBJKC,,,219.0,219.0,219.0
B0BD1ZHJTV,,,,,41.0
B0BD22ZJ6M,,,,,200.0
B0BD3S9MD6,,,,38.0,
B0BD49B34J,,,,,143.0
B0BD4BR4TF,,,,,82.0
B0BD4BRB5X,,,,,143.0
B0BD4C5G5Q,,,,,27.0
B0BD4KPQHN,,,,,7.0
B0BD4KQN1B,,,,,6.0
B0BD4L5RCZ,,,,,4.0
B0BD4SNQ5H,,,,20.0,20.0
B0BD4V4796,,,,,16.0
B0BD4VHBDN,20.0,,,,
B0BD5CXVD2,,,,213.0,213.0
B0BD5JQBXC,6.0,,,,
B0BD7RCK2F,,,,115.0,
B0BD83XHCW,219.0,,,,219.0
B0BD86FZQC,,,,,77.0
B0BD8873G8,,,,60.0,60.0
B0BDFSP6WV,,,,20947.0,
B0BDFTDX9D,,,,,20947.0
B0BDGKKKXF,,,17.0,,17.0
B0BDLVCP5V,,,,675.0,675.0
B0BDMPWJ25,67.0,,,67.0,67.0
B0BDMVQPDP,,,,,1929.0
B0BDRJ1CCH,,25.0,,25.0,25.0
B0BDVDCLJP,,,,188.0,188.0
B0BF29FKKV,,,,58.0,58.0
B0BF3ZPQLH,,,,,62.0
B0BF4SDGPV,,253.0,,253.0,253.0
B0BF51KN9X,,,,,430.0
B0BF51LVQR,,,,,430.0
B0BF5XDNW5,,,,,43.0
B0BFBRFHQD,,,,22.0,22.0
B0BFBSSW9L,,,32.0,,32.0
B0BFBVFLWR,71.0,71.0,71.0,71.0,71.0
B0BFDR5YNZ,,,,,5.0
B0BFDVLL2C,,,,,5.0
B0BFG1RYZQ,,,,,30.0
B0BFGZLPKT,,,,35.0,35.0
B0BFHQKTSW,,,,550.0,550.0
B0BFQ4C2CS,,,,37.0,37.0
B0BFQ4Y2M5,,,,37.0,
B0BFQPXL16,328.0,,,,328.0
B0BFRBQK69,,,,,8.0
B0BFVFKGRT,,,,,19.0
B0BFVQQZ15,,,,,1177.0
B0BFVRHVXD,,,,,76.0
B0BFVTXDMN,,,,188.0,188.0
B0BFWC77JZ,,,,124.0,124.0
B0BFWCTBCT,,,,,102.0
B0BFWD2VML,,,1908.0,,1908.0
B0BFWDNKZZ,,,,,580.0
B0BFWKBLCL,,,,,124.0
B0BFXGFLDV,,,,64.0,64.0
B0BFXH13JZ,,,,,64.0
B0BFXLQSWX,,,,11511.0,11511.0
B0BG239MT4,,,,10.0,10.0
B0BG2NMCQP,,,,,1398.0
B0BG3R9XZM,,,1027.0,1027.0,1027.0
B0BG41VZBZ,,,,,64.0
B0BG4SPPK3,,,,,11.0
B0BG5BPRY6,,,,,71.0
B0BG5YVD3C,24.0,,,,
B0BG8V9RSL,70.0,,70.0,70.0,70.0
B0BGBM5MKK,,,,94.0,
B0BGBQFM4J,,,5.0,,
B0BGH6X6CT,,,,,46.0
B0BGHSZ1LH,,22.0,,,22.0
B0BGHV9CP9,,,49.0,49.0,49.0
B0BGK2ZX1B,,,,,19.0
B0BGKV6FJY,,,,,91.0
B0BGKW41B6,,,,91.0,91.0
B0BGMZBRFX,,,,113.0,113.0
B0BGN1YB75,,,,113.0,113.0
B0BGN2D6MW,,,113.0,113.0,113.0
B0BGN33HLN,,,,,113.0
B0BGNCTPCT,,,,,26.0
B0BGNNZ673,,,,,351.0
B0BGNQFRJD,,,,,351.0
B0BGNVRQNP,351.0,,,,351.0
B0BGNWMJS7,,,,,351.0
B0BGP8TVLV,,,,,4.0
B0BGPJ3XFB,,,29.0,,
B0BGPV5KCB,,,,,72.0
B0BGPX2R1J,,,,,72.0
B0BGQP7MRD,4.0,,,4.0,
B0BGRCB4MR,,,,104.0,104.0
B0BGRH35HV,,,,25.0,
B0BGS3TK73,,,,,106.0
B0BGS8M8G7,,,,64.0,
B0BGT6TBH1,,,,,46.0
B0BGT9TBZR,,,,55.0,55.0
B0BGTBHRDT,,,55.0,,55.0
B0BGXGBZ8Y,,,,,21.0
B0BGXMGB9T,,,47.0,,47.0
B0BH53YB1C,,,,,5.0
B0BH584MYX,,,,,55.0
B0BH6SRG5R,,,253.0,,253.0
B0BHBT6C57,,,,,253.0
B0BHC7NJP1,,,,253.0,253.0
B0BHCG5CQY,,,,,253.0
B0BHCPHY6R,,,29.0,29.0,29.0
B0BHDMDTHJ,21.0,,,,
B0BHGZ7LC8,,,,54.0,54.0
B0BHH3DTG7,,,,57.0,57.0
B0BHH3YV8N,,,,,90.0
B0BHH56NDK,,,,,80.0
B0BHH7457P,,,90.0,90.0,90.0
B0BHHMG676,,,,90.0,90.0
B0BHHNX6KH,,,,502.0,502.0
B0BHJ6PNWR,,,,13.0,13.0
B0BHJKB1HJ,,,,,9.0
B0BHKN28MX,,,,147.0,147.0
B0BHP3V8QQ,,,,,11.0
B0BHR9J5R5,,40.0,,,
B0BHT2BN8P,,,,63.0,63.0
B0BHT9PWYW,,,,,72.0
B0BHV9MLLS,,,,79.0,79.0
B0BHW41VFG,,34.0,34.0,34.0,34.0
B0BHW56V8N,,,,5.0,
B0BHY3LCSZ,,,31.0,31.0,31.0
B0BHY4HZHH,,,,83.0,83.0
B0BHY7VYYX,,,,27.0,27.0
B0BHY8JHR8,,,,32.0,32.0
B0BHYHGNVP,,,,37.0,37.0
B0BHYHWH1H,,83.0,83.0,83.0,83.0
B0BHYJ43BS,,,,30.0,30.0
B0BHYJCXT2,,,,83.0,83.0
B0BHYRSX8V,,,,,125.0
B0BHYZ5WVY,,,,35.0,35.0
B0BHZG9V32,,,186.0,186.0,186.0
B0BHZTHJ67,,78.0,,78.0,78.0
B0BHZWQ2GB,,,,,15.0
B0BJ1KFMR3,,,,25.0,25.0
B0BJ1MG6MV,,,29.0,29.0,29.0
B0BJ1MPFXQ,,,,29.0,29.0
B0BJ1NYDPQ,31.0,,31.0,31.0,31.0
B0BJ1PQM4H,,,30.0,30.0,30.0
B0BJ2DC7MB,,,,,71.0
B0BJ2K3PGV,31.0,31.0,31.0,31.0,
B0BJ2LNF6H,,27.0,,27.0,27.0
B0BJ34TCG3,2.0,,,,
B0BJ5YKSK3,,,,,3.0
B0BJ6TR6YC,,34.0,,34.0,34.0
B0BJ6XTZFS,,32.0,32.0,32.0,32.0
B0BJ7DSCWG,,128.0,128.0,128.0,128.0
B0BJ7VBQX4,,6.0,,,
B0BJ7YGLBL,,,,,27.0
B0BJ85LH7B,,,,28.0,28.0
B0BJ8X8N3X,,,,26.0,26.0
B0BJ9HHDWX,,,,27.0,27.0
B0BJD1T2MB,,,,,26.0
B0BJDN17GR,,,,25.0,25.0
B0BJDP7ZMP,,,,66.0,66.0
B0BJF2CB8X,,,,,66.0
B0BJJF25NB,,,,,46.0
B0BJJJ77XG,,,,25.0,25.0
B0BJKDG18Z,,,,25.0,
B0BJKJ9PCL,,,,66.0,66.0
B0BJKKJY42,,,,66.0,66.0
B0BJKLQ461,,,,,40.0
B0BJP48ZWL,,66.0,,66.0,66.0
B0BJP781GK,16.0,16.0,,16.0,
B0BJP8NJTK,,26.0,26.0,26.0,26.0
B0BJPFYMT7,,,,,17.0
B0BJPLL6RJ,24.0,24.0,,,24.0
B0BJPZHZ64,337.0,337.0,,,337.0
B0BJT8G6M9,,,,172.0,172.0
B0BJTDQWH9,,,,87.0,87.0
B0BJTLJSPZ,,,151.0,,
B0BJTVG53V,,151.0,151.0,,151.0
B0BJV1BDGM,,,,151.0,151.0
B0BJV1YCVN,,,,,243.0
B0BJVBYFT8,,,,30.0,30.0
B0BJVG1DN1,,27.0,,27.0,27.0
B0BJVK2R8Y,,,,29.0,29.0
B0BJZM6FRC,,,39.0,,39.0
B0BJZRRRMH,,,299.0,299.0,299.0
B0BJZT75QY,,,172.0,172.0,172.0
B0BJZZ46P2,,,,,27.0
B0BK3K1K4F,,,,4.0,
B0BK4J46RN,,,,,166.0
B0BK76V848,,,20.0,,
B0BK7VKQDT,,,,6.0,6.0
B0BK81ZRRS,,,,,58.0
B0BK86DS4D,266.0,,,,266.0
B0BK88FKQT,,266.0,,266.0,266.0
B0BK8HX41K,,,,,41.0
B0BK8JGJNF,,,,,41.0
B0BK8JSBJK,,,,,41.0
B0BK8JZQHH,,,,,41.0
B0BK8KPCY1,,,,,41.0
B0BK8KYRHD,,,,,41.0
B0BK93LB3F,,,,108.0,108.0
B0BK99T35P,,,,,108.0
B0BK9BLLW9,,,,,108.0
B0BK9CLJ3B,,,,,9.0
B0BK9D4W5K,,,,,108.0
B0BK9H5DZV,,,,,108.0
B0BKGDPVGC,,,,,267.0
B0BKH1974X,27892.0,27892.0,,,
B0BKH3TY4R,27892.0,,27892.0,,
B0BKKG1HHT,,,26.0,,
B0BKKLB3ZX,,,,,206.0
B0BKLT851P,,,,,14.0
B0BKP9BWJK,17.0,,,,
B0BKPBVQDB,,,,52.0,52.0
B0BKPW24NT,35.0,,,,
B0BKPWSB3R,,,,,16.0
B0BKQ3WTCL,,,,,12.0
B0BKR7SQ2V,,,,,8.0
B0BKRYFFZ9,,,56.0,,56.0
B0BKW3CWT7,,3.0,,,
B0BKY1TFZS,,,25.0,25.0,25.0
B0BKY1W7C9,,,,,37.0
B0BKYDX27R,,,,,107.0
B0BKZ6LV37,,,,17.0,
B0BKZXCWCW,,,,2.0,
B0BL165SC2,127.0,,,127.0,
B0BL2L69XK,,,104.0,104.0,104.0
B0BL3GG8XH,,,31.0,,31.0
B0BL7GHLP8,,,48.0,,48.0
B0BLH9PNF7,,,,,160.0
B0BLHBF7LD,,,,,160.0
B0BLHC9SLK,,,,,160.0
B0BLHDVSPY,,,,,160.0
B0BLNCDPSF,,,36.0,36.0,36.0
B0BLP5ZYTK,,,,,4.0
B0BLQD6DRJ,,,,,1.0
B0BLSN9SH5,,,,,64.0
B0BLSTBC3Y,,,,,34.0
B0BLT33SLW,212.0,,,,
B0BLVBLDD6,,,,61.0,61.0
B0BLXN6BVH,,,,40.0,
B0BLYFMXGG,,,,,12.0
B0BLYZ9YMH,,,,34.0,
B0BLZRQYG4,,,,,27892.0
B0BM3BQY56,,,,,38.0
B0BM3DX1Y9,,,,,38.0
B0BM3KSK1D,,,,,38.0
B0BM4K9Y8W,,,,27.0,27.0
B0BM4L8PHJ,,,,,27.0
B0BM4M38YM,,,,27.0,27.0
B0BM4MKZ2N,,,,,27.0
B0BM4MYGHW,,,,,27.0
B0BM4N95WW,,,,,27.0
B0BM5BWCLH,,,,,27.0
B0BM9N7MV6,,,,,747.0
B0BM9VTDDS,,,,,39.0
B0BM9YP881,,,,,39.0
B0BM9YY7CX,,,,,39.0
B0BMG4ZPSZ,,,,,8.0
B0BMMDSKQP,,,,,35189.0
B0BMMX99XJ,,,,,68.0
B0BMN364PW,,,,53.0,53.0
B0BMPKR8W1,,,,,43.0
B0BMQ44MZB,,,,,34.0
B0BMQX1CP3,,,,,56.0
B0BMTXLJZS,,,,23.0,23.0
B0BN274DY7,,,,40.0,40.0
B0BN2VH8B4,,,,50.0,50.0
B0BN2WLRP1,,,,,50.0
B0BN2YMT2X,,,,,50.0
B0BN37QFQY,,,58.0,58.0,58.0
B0BN3MSW61,,,,162.0,
B0BN3NQ63Z,,,,,162.0
B0BN3PXP34,,,,,162.0
B0BN3QJ1T5,,,,,162.0
B0BN3QWHS3,,,,,162.0
B0BN4PFF1B,,,,,1.0
B0BN63GY59,,,36.0,36.0,36.0
B0BN8V78DP,,,,,157.0
B0BNDFVY3R,,,,,278.0
B0BNDMXBN4,,,,,182.0
B0BNH5FWJH,,,,,31.0
B0BNHLY4DZ,,,,,36.0
B0BNJLSNBX,27.0,27.0,,27.0,27.0
B0BNJMJMWS,,,,106.0,106.0
B0BNMLHXTM,,,19.0,19.0,19.0
B0BNNCF36F,,,,,42.0
B0BNNHG84L,,,,,53.0
B0BNNKXSPX,,,31.0,31.0,
B0BNNL3PJG,31.0,,,31.0,
B0BNNL9JBC,,,,170.0,
B0BNP172JP,,,,30.0,30.0
B0BNPK1H95,,,,95.0,95.0
B0BNQKFRYS,,31.0,,,31.0
B0BNVBZDZL,,364.0,,,
B0BNVFW45D,,,,172.0,172.0
B0BNWVYNPT,,,,,12.0
B0BNZ65SRL,,2.0,,,
B0BNZZ79RD,,,,,401.0
B0BP1R9WRS,,,,87.0,87.0
B0BP64B164,107.0,,,,
B0BP6FNGH5,,,,,49.0
B0BP6G6F7F,,,,,49.0
B0BP6S8KYX,,,202.0,202.0,202.0
B0BP73V3Y4,,,,,49.0
B0BP78BW7B,,,36.0,,36.0
B0BP79FCH3,,,,36.0,
B0BP7C4L1V,,,,,36.0
B0BPBL3LXD,19.0,,,,
B0BPFFB477,,,,,47.0
B0BPHGPJQM,,,,,49.0
B0BPHLL352,,,,,49.0
B0BPKLP9M8,36.0,,,,36.0
B0BPLRYG8Z,,,,,125.0
B0BPLTPL6W,,,,47.0,47.0
B0BPLXZK15,,,125.0,,125.0
B0BPXL5CJC,,,,63.0,63.0
B0BPXLHHVR,,,,,43.0
B0BPXM5RDQ,,,,,43.0
B0BPXRDN5Q,,,,,63.0
B0BPXS1VKK,,,,,63.0
B0BPXV1YW1,,,,,63.0
B0BPXVWRT5,,,,,63.0
B0BPXY2MQR,,,147.0,147.0,147.0
B0BPY876T6,43.0,,,43.0,43.0
B0BQ211RTN,,,,27.0,27.0
B0BQ7H6M4Q,,,,,139.0
B0BQ7HB8YF,,,,,139.0
B0BQ7KCQ4X,,,,,139.0
B0BQB47B61,,140.0,,,140.0
B0BQB5HLFZ,,,,140.0,
B0BQF37NG9,,,,,27.0
B0BQF4S6R6,,,,47.0,47.0
B0BQHD9F1M,,,,83.0,83.0
B0BQHG6NZB,,,,,83.0
B0BQHG7TRS,,,,83.0,83.0
B0BQHTJM5S,,,,,49.0
B0BQJ9BH7H,,48.0,48.0,,48.0
B0BQM3YF8Z,,,,25.0,25.0
B0BQQNY8V3,,,29.0,29.0,
B0BQR144XN,,,,,29.0
B0BQRC7YKV,,,,53.0,53.0
B0BR15L7HR,,,,135.0,135.0
B0BR186HZ5,,,,,135.0
B0BR38PLB6,,31.0,,31.0,
B0BR5Q8SGB,,,,97.0,97.0
B0BRJSJM1T,,,,62.0,62.0
B0BRMJGZX5,,,1.0,,
B0BRMZ9B1K,,,,,15.0
B0BRNMTHJG,,,,,29.0
B0BRNXHVD8,,,,126.0,126.0
B0BRT8ZPR3,211.0,,,211.0,211.0
B0BRWBWGWZ,,,,33.0,33.0
B0BRWCSQDQ,,,,,33.0
B0BRWDG3P3,,,,,33.0
B0BRXNFHTB,,,,,28.0
B0BRXTC48F,,,,,3.0
B0BRZTGPGQ,,,,,17.0
B0BS1C7GQR,,,,,79.0
B0BS1DFNDW,,,,,79.0
B0BS385GCN,,,,75.0,75.0
B0BS39165P,,,,,75.0
B0BS3KKX1X,,,134.0,,134.0
B0BS3KQNPG,,,,,134.0
B0BS3NQPDJ,,,,,134.0
B0BS4DJMZ5,,,126.0,126.0,126.0
B0BS5WS4L5,7.0,,,,
B0BS6FZC69,22.0,,,,
B0BS6HSTYZ,,,2.0,,
B0BT7BNXCF,,,,,1246.0
B0BT87MHZ3,,,,16.0,16.0
B0BTD7KYHP,,,29.0,,
B0BTHY2912,,,,,31.0
B0BTP976M8,,,,,45.0
B0BTVRF1ZN,,,,306.0,
B0BTYVB221,9.0,,,,
B0BVB89WGW,,,,17.0,
B0BVB8HLZB,,,,,17.0
B0BVBGWDK7,,,,39.0,39.0
B0BVBHHWQG,,,,,39.0
B0BVG34483,,,,31.0,31.0
B0BVGCMN1W,,,,38.0,38.0
B0BVJ2VTM3,,,,206.0,206.0
B0BVTT2JQV,,,,23.0,23.0
B0BVTW8TNG,,,,23.0,
B0BVZQDHXR,,,,80.0,80.0
B0BVZQKMTV,,,,,33.0
B0BVZQLDJQ,,,,75.0,75.0
B0BVZS3QZ2,,,,,75.0
B0BVZS68FY,,,33.0,33.0,33.0
B0BVZTXDJR,,,,80.0,80.0
B0BW53PDSX,,,,27.0,27.0
B0BW5TRYNH,,,,63.0,
B0BXY4ZY44,,,,,6.0
